"Name","LLI Vessel Type","Built At","Built By","LLI NO","Status","Flag","Net Weight","Vessel Type and Size","DWT","Hull Type","Call Sign","Gross Tonnes","Yard Number","Length Overall (m)","Length Between Perpendicular (m)","Breadth Extreme (m)","Breadth Moulded (m)","Maximum Draught (m)","Freeboard (m)","Designed By","Port Of Registry","TEU Capacity","Beneficial Owner","Beneficial Owner Country/Region","Commercial Operator","Commercial Operator Country/Region","Registered Owner","Registered Owner Country/Region","Third Party Operator","Third Party Operator Country/Region","Nominal Owner","Nominal Owner Country/Region","IMO","MMSI","Depth (m)","Built","Scrubber installation type","Scrubber manufacturer","Scrubber operating arrangement","Scrubber type","Engine Built By","Engine Power (kW)","Engine Horsepower","Engine Designation","P & I Club","Class 1","Class 2","Class 3","Last docking survey date","Last intermediate survey date","Last special survey date","Last tailshaft survey date","Next Docking Survey Date","Next Special Survey Date","ISM Manager","ISM Manager Country/Region","Technical Manager","Technical Manager Country/Region","AIS Destination","Matched Destination","Latest AIS message type","Latest AIS message timestamp","AIS ETA","Company contact","Company contact Country/Region","Lat","Lng"
"Tong Yun","product tanker","Keelung","CSBC Corporation Taiwan","10013518","Live","Taiwan, China",9810,"MR 2, 35'-45'dwt",40000,"Double Hull","BHFC",28410,"982","182.00","174.00","-","32.20","11.00","6.30","Sulzer Turbomachinery Services","Kaohsiung","-","Government of Taiwan","Taiwan, China","CPC Corporation Taiwan","Taiwan, China","CPC Corporation Taiwan","Taiwan, China","-","-","-","-","9566356","416450000","17.30",2011,"-","-","-","-","HD Hyundai Heavy Industries Company Limited",9960,13533,"6RT-FLEX50","Britannia Steam Ship Insurance Association Ltd., The","Bureau Veritas","China Corporation of Shipping","-","2023-12-07T00:00:00","2023-12-07T00:00:00","2021-08-01T00:00:00","2021-08-27T00:00:00","2026-07-27T00:00:00","2026-07-27T00:00:00","CPC Corporation Taiwan","Taiwan, China","CPC Corporation Taiwan","Taiwan, China","TW SHA","-","A","25 Apr 2026 10:16:25 GMT","24 Apr 2026 11:00:00 GMT","CPC Corporation Taiwan","Taiwan, China","24° 14' 37"" N","120° 26' 24"" E"
"Hua Yun","product tanker","Keelung","CSBC Corporation Taiwan","10013519","Live","Taiwan, China",9810,"MR 2, 35'-45'dwt",40000,"Double Hull","BHFB",28410,"981","182.00","174.00","-","32.20","11.00","6.30","Sulzer Turbomachinery Services","Kaohsiung","-","Government of Taiwan","Taiwan, China","CPC Corporation Taiwan","Taiwan, China","CPC Corporation Taiwan","Taiwan, China","-","-","-","-","9566344","416449000","17.30",2011,"-","-","-","-","HD Hyundai Heavy Industries Company Limited",9960,13533,"6RTA50","Britannia Steam Ship Insurance Association Ltd., The","Bureau Veritas","China Corporation of Shipping","-","2023-11-07T00:00:00","2023-11-07T00:00:00","2021-05-01T00:00:00","2021-05-23T00:00:00","-","-","CPC Corporation Taiwan","Taiwan, China","CPC Corporation Taiwan","Taiwan, China","-","-","A","17 Apr 2026 04:25:09 GMT","-","CPC Corporation Taiwan","Taiwan, China","13° 4' 23"" N","100° 52' 52"" E"
"Xin Yida 28","product tanker","Wenling","Zhejiang Zhenxing Shiprepair & Building Company Limited","10015466","Live","Panama",5109,"General Purpose, 10'-25'dwt",17204,"Double Hull","3E5151",11656,"ZX011","150.00","140.40","23.24","23.00","8.80","3.70","Semt Pielstick SA","Panama","-","Unknown Owners","-","Unknown Owners","-","Rong Yi Da Shipping Private Limited","Republic of Singapore","-","-","-","-","9563500","352003492","12.50",2009,"-","-","-","-","Shaanxi Diesel Engine Factory",4400,5085,"8PC2-6/2L","British Marine (QBE Insurance Group Limited)","Bureau Veritas","Overseas Marine Certification Services","-","-","-","2024-10-01T00:00:00","-","-","-","Maxwell Ship Management Private Limited","Republic of Singapore","Maxwell Ship Management Private Limited","Republic of Singapore","PEBGB SG","-","A","25 Apr 2026 10:15:27 GMT","24 Apr 2026 00:30:00 GMT","Unknown Owners","-","1° 17' 17"" N","103° 57' 29"" E"
"Julfa","product tanker","Nizhniy Novgorod","Krasnoye Sormovo Shipbuilding","10015874","Live","Azerbaijan",3356,"General Purpose, 10'-25'dwt",13008,"Double Hull","4JNT",7834,"13","150.15","147.80","17.30","17.30","6.97","3.53","Wartsila China Limited","Baku","-","Azerbaijan Caspian Shipping Closed Joint Stock Company (ASCO)","Republic of Azerbaijan","Azerbaijan Caspian Shipping Closed Joint Stock Company (ASCO)","Republic of Azerbaijan","Azerbaijan Caspian Shipping Closed Joint Stock Company (ASCO)","Republic of Azerbaijan","-","-","-","-","9564633","423327100","10.50",2009,"-","-","-","-","-",1620,1872,"9L20","Hydor AS","Russian Register of Ships","-","-","-","-","2014-11-12T00:00:00","-","-","-","Azerbaijan Caspian Shipping Closed Joint Stock Company (ASCO)","Republic of Azerbaijan","Azerbaijan Caspian Shipping Closed Joint Stock Company (ASCO)","Republic of Azerbaijan","-","-","A","24 Apr 2026 23:38:27 GMT","-","Azerbaijan Caspian Shipping Closed Joint Stock Company (ASCO)","Republic of Azerbaijan","42° 0' 42"" N","50° 58' 60"" E"
"Sakura Advance","product tanker","Zhoushan","Zhejiang Peninsula","10045686","Live","Panama",7594,"MR 1, 25'-35'dwt",27000,"Double Hull","3FKN6",19349,"SNOBD001","170.00","161.00","-","26.80","10.10","5.00","Mitsubishi Heavy Industries Limited","Panama","-","Kokuka Sangyo Company Limited","Japan","Kokuka Sangyo Company Limited","Japan","Courageous & KSK (Panama) SA","Panama","-","-","-","-","9568495","371880000","15.60",2010,"-","-","-","-","Kobe Diesel Company Limited",7470,10149,"6UEC45LSE","Assuranceforeningen Skuld","Bureau Veritas","Overseas Marine Certification Services","-","2025-11-06T00:00:00","2022-12-09T00:00:00","2025-11-01T00:00:00","2020-11-07T00:00:00","-","-","Bernhard Schulte Shipmanagement (Singapore) Private Limited","-","Bernhard Schulte Shipmanagement (Singapore) Private Limited","-","US SRE","Saint Rose","A","25 Apr 2026 10:13:02 GMT","24 Apr 2026 11:00:00 GMT","Kokuka Sangyo Company Limited","Japan","29° 58' 8"" N","90° 15' 22"" W"
"Napht Al Yemen 3","product tanker","Trieste","Cantiere dell Alto Adriatico S.p.A.","100526","Live","North Korea",3467,"General Purpose, 10'-25'dwt",10709,"Single","HMXV9",6165,"206","142.40","133.80","18.02","18.00","7.66","2.10","Deutz AG","Wonsan","-","Overseas Shipping & Stevedoring Company (OSSCO)","Yemeni Republic","Overseas Shipping & Stevedoring Company (OSSCO)","Yemeni Republic","Black Sea Shipping & Trading","St. Vincent & Grenadines","-","-","-","-","7351654","-","9.76",1977,"-","-","-","-","Deutz AG",4027,5400,"RBV12M540","-","-","-","-","-","-","-","-","-","-","-","-","Overseas Shipping & Stevedoring Company (OSSCO)","Yemeni Republic","-","-","-","-","-","Overseas Shipping & Stevedoring Company (OSSCO)","Yemeni Republic","-","-"
"Chemroad Hope","product tanker","Hachinohe","Kitanihon Shipbuilding Company Limited","10094919","Live","Panama",9511,"MR 1, 25'-35'dwt",33552,"Double Hull","3FEK8",19984,"522","170.17","162.00","26.60","26.60","11.37","4.93","Mitsubishi Heavy Industries Limited","Panama","-","Iino Kaiun Kaisha Limited (Iino Lines)","Japan","Iino Kaiun Kaisha Limited (Iino Lines)","Japan","Hopeful Voyage Navigation S.A.","Panama","-","-","-","-","9565754","356050000","16.30",2011,"-","-","-","-","Akasaka Diesels Limited",7980,9222,"6UEC52LS","Japan Shipowners Mutual Protection & Indemnity Association","Nippon Kaiji Kyokai","-","-","2019-11-16T00:00:00","-","2016-11-13T00:00:00","-","-","-","Iino Marine Service Company Limited","Japan","Iino Marine Service Company Limited","Japan","SAGANOSEKI","-","A","25 Apr 2026 10:16:09 GMT","21 Apr 2026 20:00:00 GMT","Iino Kaiun Kaisha Limited (Iino Lines)","Japan","33° 15' 12"" N","131° 52' 12"" E"
"Enisey","product tanker","Wismar","Nordic Yards","10235609","Live","Russia",5209,"General Purpose, 10'-25'dwt",18902,"Double Hull","UBLH2",16110,"202","169.04","160.24","26.45","26.45","10.00","4.20","Unknown Engine Designer","Murmansk","-","Public Joint Stock Company Mining & Metallurgical Company Norilsk Nickel","Russian Federation","Public Joint Stock Company Mining & Metallurgical Company Norilsk Nickel","Russian Federation","Public Joint Stock Company Mining & Metallurgical Company Norilsk Nickel","Russian Federation","-","-","-","-","9585273","273357330","14.20",2011,"-","-","-","-","-",6000,8046,"12V32","-","Russian Register of Ships","-","-","-","-","2016-11-07T00:00:00","-","2026-09-30T00:00:00","2026-09-30T00:00:00","Norilsk Nickel-Murmansk","Russian Federation","Norilsk Nickel-Murmansk","Russian Federation","RU ARH","Arkhangelsk","A","25 Apr 2026 10:09:37 GMT","26 Apr 2026 11:00:00 GMT","Public Joint Stock Company Mining & Metallurgical Company Norilsk Nickel","Russian Federation","68° 53' 58"" N","43° 0' 21"" E"
"Valderice","product tanker","Ulsan","HD Hyundai Mipo Company Limited","10257914","Live","Italy",9919,"MR 2, 35'-45'dwt",37583,"Double Hull","IBHH",23261,"2312","184.33","176.00","-","27.40","11.50","5.71","B&W Diesel A/S","-","-","G.& A. Montanari & Company Soc. di Armamento per Azioni","Italy","Navigazione Montanari S.p.A.","Italy","Montanari Asset Management SpA","Italy","-","-","-","-","9587843","247429100","17.20",2011,"-","-","-","-","HD Hyundai Heavy Industries Company Limited",7860,10679,"6S46MC-C","Assuranceforeningen Gard","RINA Services S.p.A.","-","-","2015-12-17T00:00:00","2019-07-17T00:00:00","2021-04-01T00:00:00","2015-12-17T00:00:00","-","-","Navigazione Montanari S.p.A.","Italy","Navigazione Montanari S.p.A.","Italy","TR TUZ","-","A","25 Apr 2026 10:15:26 GMT","23 Apr 2026 15:00:00 GMT","Navigazione Montanari S.p.A.","Italy","40° 50' 25"" N","29° 16' 52"" E"
"Tuvaq","product tanker","Rendsburg","HDW Nobiskrug GmbH & Company KG","102652","Live","Unknown",4937,"General Purpose, 10'-25'dwt",15955,"Double Hull","-",11290,"R688","164.40","150.02","22.21","21.51","9.49","2.50","Mak Motoren GmbH & Company KG","-","-","Tesza Marine Incorporated","United States of America","Tesza Marine Incorporated","United States of America","Tesza Marine Incorporated","United States of America","-","-","-","-","7421966","-","11.99",1977,"-","-","-","-","Mak Motoren GmbH & Company KG",5816,7800,"12M551AK","-","-","-","-","-","-","2007-05-31T00:00:00","-","-","-","-","-","Tesza Marine Incorporated","United States of America","-","-","-","-","-","Tesza Marine Incorporated","United States of America","-","-"
"Yeni Yuzyil","product tanker","Nizhniy Novgorod","Krasnoye Sormovo Shipbuilding","10385419","Live","Turkiye",3356,"General Purpose, 10'-25'dwt",13477,"Double Hull","TCA7939",7852,"14","149.90","147.80","17.30","17.30","7.15","3.36","Wartsila China Limited","Istanbul","-","Unknown Owners","-","Unknown Owners","-","Perla Denizcilik Ticaret AS","Turkiye","-","-","-","-","9575929","271052100","10.50",2010,"-","-","-","-","-",1620,2172,"9L20","London Steamship Owners Mutual Insurance Association Ltd","RINA Services S.p.A.","-","-","-","-","2015-09-01T00:00:00","-","-","-","Perla Denizcilik Ticaret AS","Turkiye","Perla Denizcilik Ticaret AS","Turkiye","KALECIK","Kalecik","A","25 Apr 2026 10:10:07 GMT","26 Apr 2026 04:00:00 GMT","Unknown Owners","-","35° 52' 42"" N","32° 31' 50"" E"
"Pagerungan","product tanker","Surabaya","P.T. PAL Indonesia (PERSERO)","10526453","Live","Indonesia",4574,"General Purpose, 10'-25'dwt",18232,"Double Hull","JZXD",14458,"M000271","157.20","151.58","-","27.70","7.02","5.00","Unknown Engine Designer","Jakarta","-","PT Pertamina (Persero)","Indonesia","P.T. Pertamina Patra Niaga","Indonesia","P.T. Pertamina Patra Niaga","Indonesia","-","-","-","-","9601663","525008119","12.00",2014,"-","-","-","-","STX Engine Company Limited",4440,6037,"8N330-EN","NorthStandard","Nippon Kaiji Kyokai","Biro Klasifikasi Indonesia","-","2019-11-22T00:00:00","-","2019-11-22T00:00:00","-","-","-","-","-","P.T. Pertamina Patra Niaga","Indonesia","PANJANG","-","A","25 Apr 2026 10:12:00 GMT","22 Apr 2026 03:42:00 GMT","P.T. Pertamina Patra Niaga","Indonesia","5° 29' 50"" S","105° 17' 45"" E"
"Pangkalan Brandan","product tanker","Surabaya","P.T. PAL Indonesia (PERSERO)","10526687","Live","Indonesia",4574,"General Purpose, 10'-25'dwt",18832,"Double Hull","YHPH",14458,"M000272","157.20","149.50","-","27.70","7.02","4.98","Unknown Engine Designer","Jakarta","-","PT Pertamina (Persero)","Indonesia","P.T. Pertamina Patra Niaga","Indonesia","P.T. Pertamina Patra Niaga","Indonesia","-","-","-","-","9601675","525008095","12.00",2015,"-","-","-","-","STX Engine Company Limited",4440,6040,"8N330-EN","NorthStandard","Nippon Kaiji Kyokai","Biro Klasifikasi Indonesia","-","2020-04-02T00:00:00","-","2020-04-02T00:00:00","-","-","-","-","-","P.T. Pertamina Patra Niaga","Indonesia","SG SIN OJPT4","-","A","25 Apr 2026 10:17:13 GMT","24 Apr 2026 20:00:00 GMT","P.T. Pertamina Patra Niaga","Indonesia","1° 17' 53"" N","103° 42' 52"" E"
"HTM Samurai","product tanker","Ulsan","HD Hyundai Mipo Company Limited","10540101","Live","Malta",9919,"MR 2, 35'-45'dwt",37583,"Double Hull","9HA6379",23261,"2313","184.00","176.00","-","27.40","11.50","5.70","B&W Diesel A/S","Valletta","-","Unknown Owners","-","Unknown Owners","-","Hornbill Shipping Limited","Malta","Hercules Tanker Management Limited","Gibraltar","-","-","9595125","249765000","17.20",2011,"-","-","-","-","HD Hyundai Heavy Industries Company Limited",7860,10679,"6S46MC-C","-","Bureau Veritas","-","-","2021-07-26T00:00:00","2024-09-04T00:00:00","2025-08-01T00:00:00","2021-07-26T00:00:00","-","-","Optra Shipping Limited","Greece","Optra Shipping Limited","Greece","FOR ORDERS","-","A","25 Apr 2026 10:14:52 GMT","23 Apr 2026 01:00:00 GMT","Unknown Owners","-","22° 44' 17"" N","39° 0' 23"" E"
"Xin Run 19","product tanker","China","Penglai Zhongbai Jinglu Ship Industry Company Limited","10547649","Live","China",4137,"General Purpose, 10'-25'dwt",11810,"Double Hull","BTFA8",7389,"515","136.35","128.50","-","18.40","7.80","2.20","Daihatsu Infinearth Manufactoring Company Limited","Shidao",1700,"Rongcheng Xinrun Shipping Company Limited","People's Republic of China","Rongcheng Xinrun Shipping Company Limited","People's Republic of China","Rongcheng Xinrun Shipping Company Limited","People's Republic of China","-","-","-","-","9876543","413333520","10.00",2018,"-","-","-","-","Anqing Marine Diesel Engine Plant",2995,4016,"6DKM-36E","-","-","-","-","-","-","-","-","-","-","Rongcheng Xinrun Shipping Company Limited","People's Republic of China","Rongcheng Xinrun Shipping Company Limited","People's Republic of China","DONGYING","Dongying Port","A","25 Apr 2026 10:04:14 GMT","29 Apr 2026 03:00:00 GMT","Rongcheng Xinrun Shipping Company Limited","People's Republic of China","24° 5' 52"" N","118° 23' 27"" E"
"Hong Da Hai 12","product tanker","Ningbo","Ningbo Dongfang Shipyard Company Limited","10583547","Live","China",3693,"General Purpose, 10'-25'dwt",11879,"Double Hull","BQJP7",7524,"DFC09-091","134.50","126.00","-","20.00","7.87","2.34","Yanmar Diesel Engine Company Limited","Ningbo","-","Ningbo Hengxing Shipping Company Limited","People's Republic of China","Ningbo Hengxing Shipping Company Limited","People's Republic of China","Ningbo Hengxing Shipping Company Limited","People's Republic of China","-","-","-","-","9596961","413439910","10.20",2010,"-","-","-","-","Qingdao Zichai Boyang Diesel Engine Company Limited",3310,4439,"8N330-EN","-","China Classification","-","-","-","-","2020-09-21T00:00:00","-","-","-","Ningbo Hengxing Shipping Company Limited","People's Republic of China","Ningbo Hengxing Shipping Company Limited","People's Republic of China","QING DAO","Qingdao","A","25 Apr 2026 10:12:16 GMT","27 Apr 2026 01:00:00 GMT","Ningbo Hengxing Shipping Company Limited","People's Republic of China","31° 32' 31"" N","123° 0' 40"" E"
"Cendrawasih/Permina 3005","product tanker","Saiki","Usuki Shipyard Company Limited","106053","Live","Indonesia",12220,"MR 2, 35'-45'dwt",36504,"Single","YDMV",19653,"1195","179.00","170.00","26.82","26.82","11.75","4.05","Sulzer Turbomachinery Services","Jakarta","-","PT Pertamina (Persero)","Indonesia","P.T. Pertamina Patra Niaga","Indonesia","P.T. Pertamina Patra Niaga","Indonesia","-","-","-","-","7396238","525008022","15.80",1977,"-","-","-","-","Ishikawajima-Harima Heavy Industries Company Limited",8613,11550,"7RND68","NorthStandard","-","-","-","-","-","1996-03-01T00:00:00","-","-","-","-","-","P.T. Pertamina Patra Niaga","Indonesia","-","-","A","04 Dec 2025 18:34:50 GMT","-","P.T. Pertamina Patra Niaga","Indonesia","1° 4' 21"" N","104° 12' 47"" E"
"Ming Xiang","product tanker","China","Yangzhou Ryuwa Shipbuilding Company Limited","10644974","Live","China",5394,"General Purpose, 10'-25'dwt",17960,"Double Hull","BPGP2",11453,"LH-2009-05-01","150.60","142.00","-","22.60","8.88","3.62","Yanmar Diesel Engine Company Limited","Jiujiang","-","Yongxiu Shipping Company Limited","People's Republic of China","Yongxiu Shipping Company Limited","People's Republic of China","Yongxiu Shipping Company Limited","People's Republic of China","-","-","-","-","9591789","412570860","12.50",2010,"-","-","-","-","Qingdao Zichai Boyang Diesel Engine Company Limited",2942,3945,"8N330-UN","-","China Classification","-","-","-","-","2020-04-20T00:00:00","-","-","-","Yongxiu Shipping Company Limited","People's Republic of China","Yongxiu Shipping Company Limited","People's Republic of China","GUANG  ZHOU","-","A","25 Apr 2026 10:05:40 GMT","24 Apr 2026 21:00:00 GMT","Yongxiu Shipping Company Limited","People's Republic of China","22° 50' 6"" N","113° 33' 49"" E"
"Jiao Yun You 8","product tanker","China","Zhejiang Aotai Shipbuilding Company Limited","10670817","Live","China",5490,"General Purpose, 10'-25'dwt",14200,"Single","BIAG5",9805,"-","146.00","137.80","21.00","20.60","7.90","3.30","Unknown Engine Designer","Shanghai","-","Anhui Transportation Holding Group Company Limited","People's Republic of China","Wanjiang Financial Leasing Company Limited","People's Republic of China","Wanjiang Financial Leasing Company Limited","People's Republic of China","-","-","-","-","8555312","412377520","11.20",2011,"-","-","-","-","-","-","-","8N330-EN","-","-","-","-","-","-","-","-","-","-","Shanghai Shipping Company Limited","People's Republic of China","Shanghai Shipping Company Limited","People's Republic of China","QING DAO","Qingdao","A","25 Apr 2026 10:13:15 GMT","26 Apr 2026 03:00:00 GMT","Wanjiang Financial Leasing Company Limited","People's Republic of China","34° 37' 7"" N","121° 48' 59"" E"
"Histria Ambra","product tanker","Constantza","Santierul Naval Constanta S.A.","10686394","Live","Liberia",11369,"MR 2, 35'-45'dwt",40030,"Double Hull","D5DZ9",25949,"587","179.90","171.97","32.25","32.20","10.94","5.50","B&W Diesel A/S","Monrovia","-","Histria Shipmanagement S.r.l.","Romania","Histria Shipmanagement S.r.l.","Romania","Ambra Shipping Incorporated","Liberia","-","-","-","-","9607631","636016017","16.50",2013,"-","-","-","-","STX Heavy Industries",9480,12713,"6S50MC-C","U.K. Mutual Steam Ship Assurance Association (Bermuda) Ltd","DNV","-","-","-","-","2018-07-17T00:00:00","-","-","-","Histria Shipmanagement S.r.l.","Romania","Histria Shipmanagement S.r.l.","Romania","ITSPA","-","A","25 Apr 2026 10:17:18 GMT","19 Apr 2026 21:00:00 GMT","Histria Shipmanagement S.r.l.","Romania","37° 6' 58"" N","15° 16' 3"" E"
"Zefirea","product tanker","Constantza","Santierul Naval Constanta S.A.","10686457","Live","Italy",11246,"MR 2, 35'-45'dwt",40024,"Double Hull","ICSM",25923,"588","179.83","171.94","-","32.20","10.94","4.57","Sulzer Turbomachinery Services","Genoa","-","SO.FI.PA. - Societa' Finanziamenti Partecipazioni - S.p.A.","Italy","Carichi Liquidi Societa Armatoriale S.p.A. (CALISA)","Italy","Carichi Liquidi Societa Armatoriale S.p.A. (CALISA)","Italy","-","-","-","-","9607643","247322500","16.50",2012,"-","-","-","-","Wartsila Finland oy",9480,12713,"6RT-FLEX50","Assuranceforeningen Gard","RINA Services S.p.A.","-","-","-","-","2017-11-18T00:00:00","-","-","-","Ottavio Novella S.p.A","Italy","Ottavio Novella S.p.A","Italy","ITAUG","-","A","25 Apr 2026 10:15:10 GMT","25 Apr 2026 08:00:00 GMT","Carichi Liquidi Societa Armatoriale S.p.A. (CALISA)","Italy","37° 12' 29"" N","15° 11' 34"" E"
"Marivex","product tanker","Yueqing","Xinshun Shipyard Group Company Limited","1068658","Live","Unknown",4049,"General Purpose, 10'-25'dwt",12807,"Double Hull","T8A3376",8610,"XS-0602","134.85","126.83","22.00","22.00","7.50","3.10","Semt Pielstick SA","-","-","Unknown Owners","-","Unknown Owners","-","Unknown Owners","-","-","-","-","-","9464156","-","10.60",2009,"-","-","-","-","Shaanxi Diesel Engine Factory",4400,5982,"8PC2-6L","-","Indian Register","-","-","-","-","2014-01-14T00:00:00","-","-","-","-","-","Unknown Owners","-","AEKLF","Khor al Fakkan","A","25 Apr 2026 10:15:06 GMT","01 May 2026 17:17:00 GMT","Unknown Owners","-","15° 21' 56"" N","70° 45' 54"" E"
"New BL Dolphin","product tanker","China","-","10732978","Live","Panama",5555,"General Purpose, 10'-25'dwt",14795,"Double Hull","3E5903",9920,"-","146.00","-","21.00","20.60","8.20","-","B&W Diesel A/S","Panama","-","Shanghai Fengle Shipping Company Limited","People's Republic of China","Shanghai Fengle Shipping Company Limited","People's Republic of China","Shanghai Fengle Shipping Company Limited","People's Republic of China","-","-","-","-","8554875","352003815","-",2011,"-","-","-","-","STX Engine Company Limited",5180,6946,"7S35MC7","-","Overseas Marine Certification Services","-","-","-","-","-","-","-","-","Shanghai Fengle Shipping Company Limited","People's Republic of China","Shanghai Fengle Shipping Company Limited","People's Republic of China","BERTH OTK20","-","A","25 Apr 2026 10:15:39 GMT","24 Apr 2026 15:30:00 GMT","Shanghai Fengle Shipping Company Limited","People's Republic of China","1° 17' 23"" N","103° 43' 36"" E"
"Adelaide","product tanker","Imabari","Asakawa Shipbuilding Company Limited","10902778","Live","Singapore",6534,"General Purpose, 10'-25'dwt",21280,"Double Hull","9V9410",12196,"602","149.00","140.00","24.00","24.00","9.72","3.08","B&W Diesel A/S","Singapore","-","Wilmar International Limited","Republic of Singapore","Wilmar Ship Holdings Private Limited","Republic of Singapore","Halona Shipping Company Private Limited","Republic of Singapore","-","-","-","-","9597721","566018000","12.82",2011,"-","-","-","-","Hitachi Zosen Corporation",6150,8356,"6S42MC-MK6","NorthStandard","Bureau Veritas","-","-","2024-04-24T00:00:00","2024-04-24T00:00:00","2026-03-01T00:00:00","2016-04-29T00:00:00","-","-","Raffles Technical Services Private Limited","Republic of Singapore","Raffles Technical Services Private Limited","Republic of Singapore","CNSHG","Shanghai","A","25 Apr 2026 10:11:52 GMT","29 Apr 2026 06:00:00 GMT","Wilmar Ship Holdings Private Limited","Republic of Singapore","35° 23' 58"" N","123° 56' 31"" E"
"Dong Fang You 11","product tanker","China","-","10928912","Live","China",5232,"General Purpose, 10'-25'dwt",17183,"Double Hull","BYBK",11051,"WH0901","150.66","142.00","22.00","21.60","9.00","3.50","B&W Diesel A/S","Zhanjiang","-","Zhanjiang Economic and Technological Development DongFang Shipping Service Company Limited","People's Republic of China","Zhanjiang Economic and Technological Development DongFang Shipping Service Company Limited","People's Republic of China","Zhanjiang Economic and Technological Development DongFang Shipping Service Company Limited","People's Republic of China","-","-","-","-","9611113","413467580","12.50",2011,"-","-","-","-","Jiangsu Antai Power Machinery Co Ltd",4440,5954,"6S35MC-MK7","-","China Classification","-","-","-","-","2016-07-08T00:00:00","-","-","-","Zhanjiang Economic and Technological Development DongFang Shipping Service Company Limited","People's Republic of China","Zhanjiang Economic and Technological Development DongFang Shipping Service Company Limited","People's Republic of China","-","-","A","25 Apr 2026 10:17:16 GMT","-","Zhanjiang Economic and Technological Development DongFang Shipping Service Company Limited","People's Republic of China","21° 6' 11"" N","110° 31' 38"" E"
"Zhe Xing 169","product tanker","China","Zhejiang Hongsheng Ship Manufacturing Company Limited","10941433","Live","Panama",7143,"General Purpose, 10'-25'dwt",19996,"Double Hull","3EA5177",12755,"-","157.10","148.00","23.00","23.00","9.20","3.80","Unknown Engine Designer","Panama","-","Unknown Owners","-","Unknown Owners","-","Zhejiang Huasheng Shipping Company","People's Republic of China","-","-","-","-","8670875","352006406","13.00",2011,"-","-","-","-","-","-","-","6S42MC7","London Steamship Owners Mutual Insurance Association Ltd","-","-","-","-","-","-","-","-","-","Hongkong Kangshun Shipping Company Limited","Hong Kong, S.A.R., China","Hongkong Kangshun Shipping Company Limited","Hong Kong, S.A.R., China","C J K","Changjiangkou","A","25 Apr 2026 10:10:35 GMT","29 Apr 2026 08:30:00 GMT","Unknown Owners","-","20° 18' 47"" N","119° 44' 4"" E"
"Xin Xiang Tai","product tanker","Yueqing","Zhejiang Aotai Shipbuilding Company Limited","10966361","Live","China","-","General Purpose, 10'-25'dwt",15147,"Single","BPCX9",10104,"-","150.90","142.70","21.00","20.60","8.30","-","Unknown Engine Designer","-","-","Unknown Owners","-","Unknown Owners","-","Shanghai Xinxiangtai Shipping Co Ltd","People's Republic of China","-","-","-","-","9755115","412378820","-",2011,"-","-","-","-","-","-","-","6S42MC7","-","-","-","-","-","-","-","-","-","-","-","-","Unknown Owners","-","ZHOUSHAN","-","A","25 Apr 2026 09:56:26 GMT","22 Apr 2026 04:30:00 GMT","Unknown Owners","-","30° 16' 55"" N","121° 44' 22"" E"
"Lady Rina","product tanker","Guangzhou","CSSC Offshore & Marine Engineering Group Company Limited","10997494","Live","Italy",11471,"MR 2, 35'-45'dwt",39310,"Double Hull","IBUJ",24507,"11130009","183.20","176.00","27.43","27.40","11.60","5.11","B&W Diesel A/S","Catania","-","Amoretti Armatori Group","Italy","M.E. Marittima Emiliana S.p.A.","Italy","M.E. Marittima Emiliana S.p.A.","Italy","Maersk Tankers A/S","Denmark","-","-","9631383","247431600","16.80",2012,"-","-","-","-","Dalian Marine Diesel Company Limited",7180,9629,"6S50MC-C","NorthStandard","RINA Services S.p.A.","-","-","-","-","2020-02-21T00:00:00","-","-","-","M.E. Marittima Emiliana S.p.A.","Italy","M.E. Marittima Emiliana S.p.A.","Italy","ESTAR","-","A","25 Apr 2026 10:18:02 GMT","26 Apr 2026 06:00:00 GMT","M.E. Marittima Emiliana S.p.A.","Italy","37° 30' 53"" N","0° 56' 39"" W"
"Essien","product tanker","Yizheng","CSC Jiangsu Jinling Ships Company Limited","10998686","Live","Singapore",11335,"MR 2, 35'-45'dwt",42190,"Double Hull","9V8655",26827,"JLZ9100502","187.70","178.00","32.00","31.50","10.50","6.21","B&W Diesel A/S","Singapore","-","China Minsheng Bank Corporation Limited","People's Republic of China","Minsheng Blueocean Leasing Corporation Limited","Hong Kong, S.A.R., China","Ocean Ark Shipping Limited","Hong Kong, S.A.R., China","Stamford Shipping LLP","Republic of Singapore","-","-","9617454","563180400","16.71",2013,"-","-","-","-","-",8300,11130,"5S50MC-C8","NorthStandard","American Bureau","-","-","2018-02-06T00:00:00","-","2018-02-06T00:00:00","2018-02-06T00:00:00","-","-","Synergy Denmark A/S","Denmark","Synergy Denmark A/S","Denmark","-","-","A","25 Apr 2026 10:18:43 GMT","-","Minsheng Blueocean Leasing Corporation Limited","Hong Kong, S.A.R., China","33° 50' 18"" S","18° 27' 14"" E"
"Cech","product tanker","Yizheng","Jinling Shipyard","10998702","Live","Singapore",11335,"MR 2, 35'-45'dwt",42150,"Double Hull","9V8656",26827,"JLZ9100501","187.70","178.00","32.00","31.50","10.50","6.30","B&W Diesel A/S","Singapore","-","China Minsheng Bank Corporation Limited","People's Republic of China","Minsheng Blueocean Leasing Corporation Limited","Hong Kong, S.A.R., China","Ocean Beauty Shipping Limited","Panama","Stamford Shipping LLP","Republic of Singapore","-","-","9617442","563180500","16.80",2012,"-","-","-","-","-",8300,11130,"5S50MC-C8","NorthStandard","American Bureau","-","-","2017-12-14T00:00:00","-","2017-12-14T00:00:00","2017-12-14T00:00:00","-","-","Synergy Denmark A/S","Denmark","Synergy Denmark A/S","Denmark","IE WHI","Whitegate","A","25 Apr 2026 10:12:51 GMT","25 Apr 2026 12:00:00 GMT","Minsheng Blueocean Leasing Corporation Limited","Hong Kong, S.A.R., China","49° 19' 13"" N","9° 11' 4"" W"
"Maersk Aegean","product tanker","Ulsan","HD Hyundai Mipo Company Limited","11004366","Live","Denmark (Int. Register)",9919,"MR 2, 35'-45'dwt",37538,"Double Hull","OVQU2",23297,"2341","184.00","176.00","-","27.40","11.50","5.70","B&W Diesel A/S","-","-","AP Moller Holding AS","Denmark","Maersk Tankers A/S","Denmark","Maersk Tankers Singapore Private Limited","Republic of Singapore","-","-","-","-","9636644","219682000","17.20",2013,"-","-","-","-","-","-","-","6S50MC-C","Assuranceforeningen Gard","Lloyds Register","-","-","2023-07-27T00:00:00","-","2023-08-02T00:00:00","-","-","-","Synergy Denmark A/S","Denmark","Synergy Denmark A/S","Denmark","FR MRS","-","A","25 Apr 2026 10:17:24 GMT","20 Apr 2026 19:00:00 GMT","Maersk Tankers A/S","Denmark","43° 24' 14"" N","4° 56' 48"" E"
"Maersk Adriatic","product tanker","Ulsan","HD Hyundai Mipo Company Limited","11004367","Live","Denmark (Int. Register)",9919,"MR 2, 35'-45'dwt",37538,"Double Hull","OVTV2",23297,"2340","184.00","176.00","-","27.40","11.50","5.70","B&W Diesel A/S","-","-","AP Moller Holding AS","Denmark","Maersk Tankers A/S","Denmark","Maersk Tankers Singapore Private Limited","Republic of Singapore","Handytankers K/S","Denmark","-","-","9636632","219733000","17.20",2012,"-","-","-","-","HD Hyundai Heavy Industries Company Limited",9293,12462,"6S50MC-C","Assuranceforeningen Gard","Lloyds Register","-","-","2025-10-06T00:00:00","-","2023-03-21T00:00:00","-","-","-","Synergy Denmark A/S","Denmark","Synergy Denmark A/S","Denmark","TGLFW","Lome","A","25 Apr 2026 10:13:16 GMT","02 May 2026 22:00:00 GMT","Maersk Tankers A/S","Denmark","22° 55' 15"" N","18° 14' 49"" W"
"Hao Yuan 101","product tanker","Ningbo","Ningbo Dongfang Shipyard Company Limited","11004405","Live","China",3649,"General Purpose, 10'-25'dwt",11996,"Double Hull","BPXF3",7647,"DFC11-121","119.90","112.80","-","20.00","8.43","3.07","Yanmar Diesel Engine Company Limited","Shenzhen","-","Shenghang Haoyuan Shipping Company Limited","People's Republic of China","Shenghang Haoyuan Shipping Company Limited","People's Republic of China","Shenghang Haoyuan Shipping Company Limited","People's Republic of China","-","-","-","-","9635597","413485050","11.50",2012,"-","-","-","-","Qingdao Zichai Boyang Diesel Engine Company Limited",3310,4439,"8N330-EN","China Shipowners Mutual Assurance Association","China Classification","-","-","-","-","2017-06-24T00:00:00","-","-","-","Shenghang Haoyuan Shipping Company Limited","People's Republic of China","Shenghang Haoyuan Shipping Company Limited","People's Republic of China","HUI ZHOU","-","A","25 Apr 2026 10:15:01 GMT","26 Apr 2026 02:00:00 GMT","Shenghang Haoyuan Shipping Company Limited","People's Republic of China","22° 36' 59"" N","115° 51' 5"" E"
"Tian Sheng You 2","product tanker","Ningbo","Ningbo Dongfang Shipyard Company Limited","11004406","Live","China",3649,"General Purpose, 10'-25'dwt",11984,"Double Hull","BPDK9",7647,"DFC11120","119.90","112.80","-","20.00","8.43","3.08","Yanmar Diesel Engine Company Limited","Ningbo","-","Unknown Owners","-","Unknown Owners","-","Bluesky Logistics Company Limited","Marshall Islands","-","-","-","-","9635585","413444880","11.50",2012,"-","-","-","-","Qingdao Zichai Boyang Diesel Engine Company Limited",3310,4439,"8N330-EN","U.K. Mutual Steam Ship Assurance Association (Bermuda) Ltd","China Classification","Bureau Veritas","-","-","-","2017-05-01T00:00:00","-","-","-","-","-","Maxwell Logistic Company limited","Hong Kong, S.A.R., China","-","-","A","20 Apr 2026 20:03:47 GMT","-","Unknown Owners","-","29° 52' 19"" N","122° 14' 9"" E"
"Kun Lun You 205","product tanker","China","Yangzhou Kejin Shipyard Company Limited","11005167","Live","China",8556,"MR 1, 25'-35'dwt",30038,"Double Hull","BQSB",20563,"09091","177.21","168.00","29.00","29.00","9.50","4.50","B&W Diesel A/S","Dalian","-","China COSCO Shipping Corporation Limited (China Cosco Shipping Group) (COSCO Shipping) (COSCOCS)","People's Republic of China","COSCO Shipping Energy Transportation Company Limited (CSET)","People's Republic of China","Sino Ocean Shipping Company Limited","People's Republic of China","-","-","-","-","9622057","413630140","14.00",2012,"-","-","-","-","HD Hyundai Heavy Industries Company Limited",6480,8690,"6S42MC","China Shipowners Mutual Assurance Association","China Classification","-","-","-","-","2017-07-10T00:00:00","-","-","-","Sino Ocean Shipping Company Limited","People's Republic of China","Sino Ocean Shipping Company Limited","People's Republic of China","ZHU HAI","-","A","25 Apr 2026 10:16:28 GMT","21 Apr 2026 21:00:00 GMT","COSCO Shipping Energy Transportation Company Limited (CSET)","People's Republic of China","21° 49' 13"" N","113° 18' 9"" E"
"Hua Xin Zhou 28","product tanker","Ningbo","Ningbo Dongfang Shipyard Company Limited","11005388","Live","China",4043,"General Purpose, 10'-25'dwt",12637,"Double Hull","BKOG6",8344,"DFC10-118","131.60","123.00","-","20.80","8.20","3.00","MAN Diesel AS","Zhoushan","-","Unknown Owners","-","Unknown Owners","-","Unknown Owners","-","-","-","-","-","9621663","413446430","11.20",2012,"-","-","-","-","Guangzhou Diesel Engine Factory",4444,5959,"8G32","-","-","-","-","-","-","-","-","-","-","-","-","Unknown Owners","-","PANJIN","Panjin","A","25 Apr 2026 10:15:30 GMT","24 Apr 2026 01:30:00 GMT","Unknown Owners","-","40° 26' 7"" N","121° 51' 8"" E"
"Kun Lun You 201","product tanker","China","Yangzhou Kejin Shipyard Company Limited","11005426","Live","China",8556,"MR 1, 25'-35'dwt",30119,"Double Hull","BPLJ",20563,"KJ-09088","177.21","168.00","-","29.00","9.50","4.90","B&W Diesel A/S","Dalian","-","COSCO PetroChina Shipping Company Limited","People's Republic of China","COSCO PetroChina Shipping Company Limited","People's Republic of China","COSCO PetroChina Shipping Company Limited","People's Republic of China","Taizhou Petrochina Shipping Company Limited","People's Republic of China","-","-","9622021","413630110","14.40",2011,"-","-","-","-","HD Hyundai Heavy Industries Company Limited",6480,8690,"6S42MC","China Shipowners Mutual Assurance Association","China Classification","-","-","-","-","2016-10-11T00:00:00","-","-","-","Taizhou Petrochina Shipping Company Limited","People's Republic of China","Taizhou Petrochina Shipping Company Limited","People's Republic of China","C J K","Changjiangkou","A","25 Apr 2026 10:14:15 GMT","26 Apr 2026 14:30:00 GMT","COSCO PetroChina Shipping Company Limited","People's Republic of China","34° 22' 46"" N","123° 17' 5"" E"
"Kun Lun You 202","product tanker","Jiangdu","Yangzhou Kejin Shipyard Company Limited","11005430","Live","China",8556,"MR 1, 25'-35'dwt",30046,"Double Hull","BLFC4",20563,"09089","177.21","168.00","-","29.00","9.50","4.90","B&W Diesel A/S","Taizhou","-","Taizhou Petrochina Shipping Company Limited","People's Republic of China","Taizhou Petrochina Shipping Company Limited","People's Republic of China","Taizhou Petrochina Shipping Company Limited","People's Republic of China","-","-","-","-","9622033","413444510","14.40",2011,"-","-","-","-","HD Hyundai Heavy Industries Company Limited",6480,8690,"6S42MC","China Shipowners Mutual Assurance Association","China Classification","-","-","-","-","2016-11-30T00:00:00","-","-","-","Taizhou Petrochina Shipping Company Limited","People's Republic of China","Taizhou Petrochina Shipping Company Limited","People's Republic of China","JINZHOU","-","A","24 Apr 2026 16:46:59 GMT","23 Apr 2026 10:00:00 GMT","Taizhou Petrochina Shipping Company Limited","People's Republic of China","40° 48' 4"" N","121° 4' 10"" E"
"Hai Zhi Run 7","product tanker","Linhai","Taizhou Hongda Ship Industry Company Limited","11005485","Live","Panama",3911,"General Purpose, 10'-25'dwt",12692,"Double Hull","HOA3655",7984,"2008-06","141.70","133.20","-","20.00","7.80","2.40","Yanmar Diesel Engine Company Limited","Panama","-","Unknown Owners","-","Unknown Owners","-","Hong kong Sea Run Shipping Limited","Hong Kong, S.A.R., China","-","-","-","-","9621223","352004040","10.20",2011,"-","-","-","-","Qingdao Zichai Boyang Diesel Engine Company Limited",3310,4439,"8N330-EN","West of England Mutual Shipowners Protection & Indemnity Association (Luxemburg)","China Classification","-","-","-","-","2016-07-21T00:00:00","-","-","-","Hongkong Kangshun Shipping Company Limited","Hong Kong, S.A.R., China","Hongkong Kangshun Shipping Company Limited","Hong Kong, S.A.R., China","KAOHSIUNG TW","Kaohsiung","A","25 Apr 2026 08:53:23 GMT","21 Apr 2026 20:00:00 GMT","Unknown Owners","-","22° 52' 12"" N","118° 57' 18"" E"
"Kun Lun You 203","product tanker","China","Yangzhou Kejin Shipyard Company Limited","11007222","Live","China",8556,"MR 1, 25'-35'dwt",30032,"Double Hull","BQSA",20563,"KJ-09090","177.21","168.00","-","29.00","9.50","4.90","B&W Diesel A/S","Dalian","-","COSCO PetroChina Shipping Company Limited","People's Republic of China","COSCO PetroChina Shipping Company Limited","People's Republic of China","COSCO PetroChina Shipping Company Limited","People's Republic of China","Taizhou Petrochina Shipping Company Limited","People's Republic of China","-","-","9622045","413630120","14.40",2012,"-","-","-","-","HD Hyundai Heavy Industries Company Limited",6480,8690,"6S42MC","China Shipowners Mutual Assurance Association","China Classification","-","-","-","-","2017-06-02T00:00:00","-","-","-","Taizhou Petrochina Shipping Company Limited","People's Republic of China","Taizhou Petrochina Shipping Company Limited","People's Republic of China","DA LIAN","-","A","25 Apr 2026 09:37:46 GMT","24 Apr 2026 17:00:00 GMT","COSCO PetroChina Shipping Company Limited","People's Republic of China","38° 59' 2"" N","121° 53' 52"" E"
"Chem Amsterdam","product tanker","Hachinohe","Kitanihon Shipbuilding Company Limited","11025279","Live","Marshall Islands",6115,"General Purpose, 10'-25'dwt",19801,"Double Hull","V7BY2",11733,"565","141.00","133.00","-","24.20","9.71","3.55","Mitsubishi Heavy Industries Limited","Majuro","-","Kotani Shipping Company Limited","Cyprus","Ace Tankers CV","Netherlands","Chem Amsterdam S.A.","Marshall Islands","Ace Quantum Chemical Tankers CV","Netherlands","-","-","9640138","538005215","13.20",2013,"-","-","-","-","Akasaka Diesels Limited",6230,8355,"7UEC45LA","Assuranceforeningen Gard","Nippon Kaiji Kyokai","-","-","2018-11-04T00:00:00","-","2018-11-04T00:00:00","-","-","-","ASM Maritime B.V.","Netherlands","ASM Maritime B.V.","Netherlands","DEBRB","Brunsbuttel","A","25 Apr 2026 10:15:58 GMT","25 Apr 2026 20:00:00 GMT","Ace Tankers CV","Netherlands","52° 17' 54"" N","3° 21' 17"" E"
"Xing Tong Kai Yuan","product tanker","Hachinohe","Kitanihon Shipbuilding Company Limited","11025292","Live","China",6115,"General Purpose, 10'-25'dwt",19803,"Double Hull","BPMC7",11733,"562","141.00","133.00","-","24.20","9.71","3.52","Mitsubishi Heavy Industries Limited","Quanzhou","-","Xingtong Shipping Company Limited","People's Republic of China","Xingtong Shipping Company Limited","People's Republic of China","Xingtong Pioneer Shipping Company Limited","Hong Kong, S.A.R., China","-","-","-","-","9640126","413574740","13.20",2013,"-","-","-","-","Akasaka Diesels Limited",6230,8355,"7UEC45LA","China Shipowners Mutual Assurance Association","China Classification","-","-","2018-10-26T00:00:00","-","2018-10-26T00:00:00","-","-","-","Xingtong Shipping Company Limited","People's Republic of China","Xingtong Shipping Company Limited","People's Republic of China","KARACHI","-","A","25 Apr 2026 10:02:39 GMT","28 Apr 2026 08:00:00 GMT","Xingtong Shipping Company Limited","People's Republic of China","15° 53' 53"" N","54° 57' 45"" E"
"TG Leo","product tanker","Hachinohe","Kitanihon Shipbuilding Company Limited","11025300","Live","Liberia",6115,"General Purpose, 10'-25'dwt",19800,"Double Hull","5LTB7",11733,"538","141.00","133.00","-","24.20","9.71","3.49","Mitsubishi Heavy Industries Limited","Monrovia","-","Unknown Owners","-","Unknown Owners","-","Jade River Shipping Limited","Marshall Islands","-","-","-","-","9640097","636024536","13.20",2012,"-","-","-","-","Akasaka Diesels Limited",6230,8355,"7UEC45LA","West of England Mutual Shipowners Protection & Indemnity Association (Luxemburg)","Nippon Kaiji Kyokai","-","-","2020-06-11T00:00:00","-","2017-06-12T00:00:00","-","-","-","Tai Rong Shipping Limited","United Kingdom","Tai Rong Shipping Limited","United Kingdom","ESALG","-","A","25 Apr 2026 10:18:19 GMT","24 Apr 2026 23:00:00 GMT","Unknown Owners","-","36° 6' 19"" N","5° 24' 49"" W"
"Lady Mariella","product tanker","Guangzhou","CSSC Offshore & Marine Engineering Group Company Limited","11030693","Live","Italy",11470,"MR 2, 35'-45'dwt",39316,"Double Hull","IBEQ",24513,"11130010","183.20","176.00","27.43","27.40","11.60","5.11","B&W Diesel A/S","Catania","-","Amoretti Armatori Group","Italy","M.E. Marittima Emiliana S.p.A.","Italy","M.E. Marittima Emiliana S.p.A.","Italy","-","-","-","-","9644433","247430200","16.80",2013,"-","-","-","-","Dalian Marine Diesel Company Limited",7180,9629,"6S50MC-C","NorthStandard","RINA Services S.p.A.","-","-","-","-","2019-10-02T00:00:00","-","-","-","M.E. Marittima Emiliana S.p.A.","Italy","M.E. Marittima Emiliana S.p.A.","Italy","TRYLA","Yalova","A","25 Apr 2026 10:18:03 GMT","25 Apr 2026 17:00:00 GMT","M.E. Marittima Emiliana S.p.A.","Italy","40° 43' 30"" N","27° 55' 39"" E"
"Baraawe 1","product tanker","Zhoushan","Zhoushan Zhaobao Shipyard","11034988","Live","St. Kitts-Nevis",3852,"General Purpose, 10'-25'dwt",12476,"Double Hull","V4NF6",7544,"ZB1011","126.08","118.00","-","19.80","8.20","2.81","China Engine Builder","Basseterre","-","Unknown Owners","-","Unknown Owners","-","Abu Marine Company Limited","Marshall Islands","-","-","-","-","9646479","341987001","11.00",2012,"-","-","-","-","Ningbo C.S.I. Power & Machinery Group Company Limited",2970,3983,"GN8320ZC14B","-","China Classification","-","-","-","-","2017-05-20T00:00:00","-","-","-","Pacific Light Operation and Ship Management LLC","United Arab Emirates","Pacific Light Operation and Ship Management LLC","United Arab Emirates","MALE MALDIVES","-","A","25 Apr 2026 09:16:04 GMT","24 Apr 2026 20:20:00 GMT","Unknown Owners","-","7° 32' 48"" N","73° 43' 41"" E"
"Heng Shun You 68","product tanker","China","-","11037479","Live","China","-","General Purpose, 10'-25'dwt",15147,"Single","BHYF6",10104,"-","151.00","-","21.00","-","-","-","Unknown Engine Designer","-","-","Unknown Owners","-","Unknown Owners","-","Jiangsu Shengjiang Shipping Company Limited","People's Republic of China","-","-","-","-","8669838","413360780","-",2011,"-","-","-","-","-","-","-","6S42MC7","-","-","-","-","-","-","-","-","-","-","-","-","Unknown Owners","-","GUANG ZHOU","Qingdao","A","25 Apr 2026 10:16:47 GMT","30 Apr 2026 06:00:00 GMT","Unknown Owners","-","36° 4' 1"" N","120° 13' 2"" E"
"Xing Tong 759","product tanker","Qidong","Nantong Hongqiang Marine Heavy Industry Limited","11037988","Live","China",7773,"MR 1, 25'-35'dwt",27356,"Double Hull","BPNU8",18442,"HQ-018A","176.20","168.00","-","27.00","9.20","4.80","B&W Diesel A/S","Quanzhou","-","Xingtong Shipping Company Limited","People's Republic of China","Xingtong Shipping Company Limited","People's Republic of China","Xingtong Shipping Company Limited","People's Republic of China","-","-","-","-","9638264","413471840","14.00",2012,"-","-","-","-","STX Engine Company Limited",6480,8690,"6S42MC-MK7","Steamship Mutual Underwriting Association (Bermuda) Ltd","China Classification","-","-","-","-","2017-07-25T00:00:00","-","-","-","Xingtong Shipping Company Limited","People's Republic of China","Xingtong Shipping Company Limited","People's Republic of China","JIE YANG","-","A","25 Apr 2026 06:14:24 GMT","27 Apr 2026 02:00:00 GMT","Xingtong Shipping Company Limited","People's Republic of China","20° 10' 7"" N","109° 54' 17"" E"
"Sheng Hang 005","product tanker","China","Jiangsu Hongqiang Marine Heavy Industry Company Limited","11038028","Live","Liberia",7770,"MR 1, 25'-35'dwt",27212,"Double Hull","5LWO3",18497,"HQ-019A","176.20","168.00","-","27.00","9.20","5.00","B&W Diesel A/S","Monrovia","-","Nanjing Shenghang Shipping Company Limited","People's Republic of China","Nanjing Shenghang Shipping Company Limited","People's Republic of China","Nanjing Shenghang Shipping Company Limited","People's Republic of China","Shell International Trading & Shipping Company Limited (STASCO)","United Kingdom","-","-","9639402","636025256","14.00",2013,"-","-","-","-","STX Engine Company Limited",6480,8690,"6S42MC","U.K. Mutual Steam Ship Assurance Association (Bermuda) Ltd","China Classification","-","-","-","-","2018-10-08T00:00:00","-","-","-","Nanjing Shenghang Shipping Company Limited","People's Republic of China","Nanjing Shenghang Shipping Company Limited","People's Republic of China","NANJING CN","-","A","25 Apr 2026 10:17:18 GMT","26 Apr 2026 05:00:00 GMT","Nanjing Shenghang Shipping Company Limited","People's Republic of China","31° 23' 2"" N","121° 35' 54"" E"
"Min Feng You 1","product tanker","Fuzhou","Fuzhou Liya Shipping Engineering Company Limited","11044380","Live","China",5479,"General Purpose, 10'-25'dwt",17965,"Double Hull","BQAP6",11517,"-","150.59","142.00","23.00","22.60","8.95","3.55","B&W Diesel A/S","Pingtan","-","Fujian Minfeng Shipping Company Limited","People's Republic of China","Fujian Minfeng Shipping Company Limited","People's Republic of China","Fujian Minfeng Shipping Company Limited","People's Republic of China","-","-","-","-","9629251","413696250","12.50",2011,"-","-","-","-","-",4440,5954,"6S35MC-MK7","-","China Classification","-","-","-","-","2016-10-09T00:00:00","-","-","-","Fujian Minfeng Shipping Company Limited","People's Republic of China","Fujian Minfeng Shipping Company Limited","People's Republic of China","GUANG ZHOU","Guangzhou","A","25 Apr 2026 10:18:48 GMT","26 Apr 2026 23:00:00 GMT","Fujian Minfeng Shipping Company Limited","People's Republic of China","23° 50' 28"" N","117° 59' 42"" E"
"Guo Hong An Yang","product tanker","China","-","11048181","Live","China","-","General Purpose, 10'-25'dwt",11000,"Single","BPKB3",7132,"-","133.00","124.00","19.00","18.80","7.60","-","Unknown Engine Designer","-","-","Shanghai Guohe Shipping Group Company Limited","People's Republic of China","Shanghai Jianqiao International Shipping Company Limited","People's Republic of China","Shanghai Jianqiao International Shipping Company Limited","People's Republic of China","-","-","-","-","8538467","413376770","-",2012,"-","-","-","-","-","-","-","8N330-EN","-","-","-","-","-","-","-","-","-","-","-","-","Shanghai Jianqiao International Shipping Company Limited","People's Republic of China","ZHOU SHAN","Zhoushan Port","A","25 Apr 2026 10:16:05 GMT","23 Apr 2026 22:50:00 GMT","Shanghai Jianqiao International Shipping Company Limited","People's Republic of China","29° 55' 9"" N","122° 16' 8"" E"
"Glos Oro","product tanker","Zhoushan","Zhoushan Qifan Shipyard","11069371","Live","Panama",5978,"General Purpose, 10'-25'dwt",19909,"Double Hull","3E7872",13568,"QF19900-001","159.60","149.60","-","24.00","9.05","3.97","B&W Diesel A/S","Panama","-","-","-","-","-","Glos Methods Limited","Nigeria","-","-","-","-","9637624","352006273","13.00",2012,"-","-","-","-","STX Engine Company Limited",5180,6946,"7S35MC7","American Steamship Owners Mutual Protection & Indemnity Association","China Classification","Overseas Marine Certification Services","-","-","-","2019-09-24T00:00:00","-","-","-","Hong Kong Tian Cheng International Ship Management Company Limited","Hong Kong, S.A.R., China","Hong Kong Tian Cheng International Ship Management Company Limited","Hong Kong, S.A.R., China","-","-","A","25 Apr 2026 10:07:15 GMT","-","Glos Methods Limited","Nigeria","3° 53' 16"" N","9° 32' 14"" E"
"XIANG TAI 1","product tanker","China","-","11103729","Live","China","-","General Purpose, 10'-25'dwt",14851,"Single","BHHA",10113,"-","-","-","-","-","-","-","Unknown Engine Designer","-","-","Anhui Transportation Holding Group Company Limited","People's Republic of China","Wanjiang Financial Leasing Company Limited","People's Republic of China","Wanjiang Financial Leasing Company Limited","People's Republic of China","-","-","-","-","8669577","413361520","-",2012,"-","-","-","-","-","-","-","6S42MC7","-","-","-","-","-","-","-","-","-","-","-","-","Wanjiang Financial Leasing Company Limited","People's Republic of China","GUANGZHOU","Guangzhou","A","25 Apr 2026 10:09:45 GMT","27 Apr 2026 06:00:00 GMT","Wanjiang Financial Leasing Company Limited","People's Republic of China","25° 25' 18"" N","120° 11' 34"" E"
"Hua Shun 198","product tanker","Taiwan","-","11105492","Live","China",5479,"General Purpose, 10'-25'dwt",17966,"Double Hull","BUYB",11517,"LH1063","150.59","142.00","-","22.60","8.95","3.56","B&W Diesel A/S","Yangpu","-","Anhui Transportation Holding Group Company Limited","People's Republic of China","Wanjiang Financial Leasing Company Limited","People's Republic of China","Wanjiang Financial Leasing Company Limited","People's Republic of China","-","-","-","-","9658501","413228740","12.50",2012,"-","-","-","-","Jiangsu Antai Power Machinery Co Ltd",4440,5954,"6S35MC-MK7","London Steamship Owners Mutual Insurance Association Ltd","China Classification","-","-","-","-","2017-05-15T00:00:00","-","-","-","Wuhan Yidong Shipping Management Company Limited","People's Republic of China","Hainan Jianghai Hengtong Shipping Company Limited","People's Republic of China","WAYAME ID","-","A","25 Apr 2026 09:29:34 GMT","23 Apr 2026 09:00:00 GMT","Wanjiang Financial Leasing Company Limited","People's Republic of China","3° 39' 48"" S","128° 10' 24"" E"
"Jian Qiao 112","product tanker","China","-","11140114","Live","China","-","General Purpose, 10'-25'dwt",11000,"Single","BIAV9",7132,"-","133.00","-","19.00","-","-","-","Unknown Engine Designer","-","-","Unknown Owners","-","Unknown Owners","-","Unknown Owners","-","-","-","-","-","8538596","413377110","-",2012,"-","-","-","-","-","-","-","8N330-EN","-","-","-","-","-","-","-","-","-","-","-","-","Unknown Owners","-","HUI ZHOU","-","A","25 Apr 2026 10:15:56 GMT","25 Apr 2026 15:30:00 GMT","Unknown Owners","-","22° 43' 56"" N","114° 36' 52"" E"
"Chixun 169","product tanker","China","-","11141044","Live","China","-","General Purpose, 10'-25'dwt",11000,"Single","BFJD",7023,"-","133.00","-","19.00","-","8.00","-","Unknown Engine Designer","-","-","Tianjin Chixun Shipping Company Limited","People's Republic of China","Tianjin Chixun Shipping Company Limited","People's Republic of China","Tianjin Chixun Shipping Company Limited","People's Republic of China","-","-","-","-","8538522","413303450","-",2012,"-","-","-","-","-","-","-","8N330-EN","-","-","-","-","-","-","-","-","-","-","-","-","Tianjin Chixun Shipping Company Limited","People's Republic of China","GUANG ZHOU","Qingdao","A","25 Apr 2026 06:29:03 GMT","29 Apr 2026 21:00:00 GMT","Tianjin Chixun Shipping Company Limited","People's Republic of China","34° 1' 0"" N","122° 10' 13"" E"
"Kun Lun You 206","product tanker","Jiangdu","Yangzhou Kejin Shipyard Company Limited","11145148","Live","China",8556,"MR 1, 25'-35'dwt",30052,"Double Hull","BQSC",20563,"09087","177.21","168.00","-","29.00","9.50","4.50","B&W Diesel A/S","Dalian","-","COSCO PetroChina Shipping Company Limited","People's Republic of China","COSCO PetroChina Shipping Company Limited","People's Republic of China","COSCO PetroChina Shipping Company Limited","People's Republic of China","-","-","-","-","9657442","413630150","14.00",2012,"-","-","-","-","HD Hyundai Heavy Industries Company Limited",6480,8690,"6S42MC","China Shipowners Mutual Assurance Association","China Classification","-","-","-","-","2017-08-31T00:00:00","-","-","-","Sino Ocean Shipping Company Limited","People's Republic of China","Sino Ocean Shipping Company Limited","People's Republic of China","BA YU QUAN","-","A","25 Apr 2026 10:15:30 GMT","25 Apr 2026 01:00:00 GMT","COSCO PetroChina Shipping Company Limited","People's Republic of China","40° 17' 56"" N","122° 4' 39"" E"
"Ls Mercury","product tanker","China","Taizhou Hongda Ship Industry Company Limited","11145159","Live","Panama",4081,"General Purpose, 10'-25'dwt",12793,"Double Hull","3E6673",8344,"HDCCS2011-","131.60","123.00","-","20.80","8.20","3.01","MAN Energy Solutions SE","Panama","-","Legendsea Company Limited","Vietnam","Legendsea Company Limited","Vietnam","Legendsea Company Limited","Vietnam","-","-","-","-","9657507","352004357","11.20",2013,"-","-","-","-","ZGPT Diesel Heavy Industry Company Limited",2975,3990,"7L32/40","Swedish Club (Sverige Angfartygs Assurans Forening)","Korean Register","-","-","-","-","2018-10-30T00:00:00","-","-","-","Allsea Management Joint Stock Company","Vietnam","Allsea Management Joint Stock Company","Vietnam","MY PGD","Johor, Pasir Gudang","A","25 Apr 2026 09:28:27 GMT","02 May 2026 21:00:00 GMT","Legendsea Company Limited","Vietnam","19° 36' 7"" N","117° 27' 16"" E"
"Xing Hang 22","product tanker","Taizhou(Jiangsu)","Taizhou Zhongzhou Shipbuilding Company Limited","11145164","Live","China",3617,"General Purpose, 10'-25'dwt",11975,"Double Hull","BOGV6",7525,"ZZSY-15","134.50","126.00","-","20.00","7.87","2.33","MAN Energy Solutions SE","Wenzhou","-","Shanghai Chuangli Group Company Limited","People's Republic of China","Zhejiang Chuangli Finance Leasing Company Limited","People's Republic of China","Zhejiang Chuangli Finance Leasing Company Limited","People's Republic of China","-","-","-","-","9658018","413228180","10.20",2020,"-","-","-","-","-",3500,4694,"7L32/40","-","-","-","-","-","-","-","-","-","-","Zhejiang Xinghang Shipping Company Limited","People's Republic of China","Zhejiang Xinghang Shipping Company Limited","People's Republic of China","DA LIAN","Nantong Port","A","25 Apr 2026 10:17:20 GMT","27 Apr 2026 23:00:00 GMT","Zhejiang Chuangli Finance Leasing Company Limited","People's Republic of China","31° 7' 50"" N","121° 54' 43"" E"
"Da Hai You 17","product tanker","Taizhou(Jiangsu)","Taizhou Zhongzhou Shipbuilding Company Limited","11145202","Live","China",3617,"General Purpose, 10'-25'dwt",11958,"Double Hull","-",7525,"ZZSY-16","134.50","126.00","-","20.00","7.87","2.33","MAN Energy Solutions SE","Ningbo","-","Unknown Owners","-","Unknown Owners","-","Ningbo Yiding Shipping Company Limited","People's Republic of China","-","-","-","-","9658020","413227650","10.20",2020,"-","-","-","-","-",3500,4694,"7L32/40","-","-","-","-","-","-","-","-","-","-","Ningbo Yiding Shipping Company Limited","People's Republic of China","Ningbo Yiding Shipping Company Limited","People's Republic of China","SHANG HAI","Shanghai","A","25 Apr 2026 10:05:41 GMT","27 Apr 2026 22:00:00 GMT","Unknown Owners","-","38° 41' 56"" N","120° 50' 7"" E"
"Volta","product tanker","Setoda","Naikai Zosen Shipbuilding Corporation","11230077","Live","Singapore",5100,"General Purpose, 10'-25'dwt",19000,"Double Hull","9V8158",13201,"762","160.00","152.00","-","27.90","7.14","4.09","B&W Diesel A/S","Singapore","-","Global Energy (Asia) Private Limited","Republic of Singapore","Global Energy Trading Private Limited","Republic of Singapore","GEA-Victor Private Limited","Republic of Singapore","-","-","-","-","9667277","563164600","11.20",2013,"-","-","-","-","Hitachi Zosen Corporation",4900,6571,"7S35MC","NorthStandard","China Classification","-","-","2020-07-16T00:00:00","-","2017-07-17T00:00:00","-","-","-","Stellar Shipmanagement Services Private Limited","Republic of Singapore","Stellar Shipmanagement Services Private Limited","Republic of Singapore","SG,PEBGC","-","A","25 Apr 2026 10:06:46 GMT","29 Apr 2026 10:00:00 GMT","Global Energy Trading Private Limited","Republic of Singapore","3° 35' 49"" S","116° 40' 33"" E"
"Raina","product tanker","Yangzhou","Sainty Shipbuilding Corporation Limited","11230369","Live","Singapore",4382,"General Purpose, 10'-25'dwt",17813,"Double Hull","9V2214",14320,"SAM 11002O","155.90","148.80","-","27.00","7.00","5.00","MAN Energy Solutions SE","Singapore","-","Unknown Owners","-","Unknown Owners","-","Rhea Tankers Private Limited","Republic of Singapore","Ampol Shipping & Logistics Private Limited","Republic of Singapore","-","-","9665308","563413000","12.00",2013,"-","-","-","-","-",4500,6035,"9L32/40","NorthStandard","American Bureau","-","-","2021-06-24T00:00:00","2021-07-23T00:00:00","2018-08-23T00:00:00","2018-08-23T00:00:00","-","-","Bernhard Schulte Shipmanagement (Singapore) Private Limited","-","Bernhard Schulte Shipmanagement (Singapore) Private Limited","-","SGSIN","-","A","25 Apr 2026 10:09:26 GMT","04 May 2026 08:00:00 GMT","Unknown Owners","-","0° 56' 52"" N","135° 59' 13"" E"
"Onyx Orca","product tanker","Yangzhou","Sainty Shipbuilding Corporation Limited","11230909","Live","Nigeria",4383,"General Purpose, 10'-25'dwt",17803,"Double Hull","5NYW4",14320,"SAM110010","155.90","148.80","-","27.00","7.00","5.00","MAN Energy Solutions SE","Lagos","-","Plus Petroleum Limited","Nigeria","Plus Petroleum Limited","Nigeria","Plus Petroleum Limited","Nigeria","Unitankers Naviera S.A.","Argentina","-","-","9665293","657182000","12.00",2014,"-","-","-","-","ZGPT Diesel Heavy Industry Company Limited",4500,6114,"9L32/40","American Steamship Owners Mutual Protection & Indemnity Association","Bureau Veritas","-","-","2025-07-26T00:00:00","2023-02-16T00:00:00","2025-07-01T00:00:00","2025-07-26T00:00:00","-","-","Hellespont Ship Management GmbH & Company KG","Germany","Hellespont Ship Management GmbH & Company KG","Germany","-","-","A","25 Apr 2026 10:13:52 GMT","-","Plus Petroleum Limited","Nigeria","6° 2' 58"" N","1° 16' 34"" E"
"Bagheera","product tanker","Guangzhou","CSSC Offshore & Marine Engineering Group Company Limited","11253488","Live","Marshall Islands",11191,"MR 2, 35'-45'dwt",39999,"Double Hull","V7A5927",25028,"12130014","183.30","178.70","30.99","30.99","10.97","5.03","B&W Diesel A/S","Majuro","-","Mavroleon Family","Greece","Niovis Shipping Company S.A.","Greece","Vulcan Navigation Limited","Marshall Islands","Norden D/S A/S","Norway","-","-","9670949","538010350","16.00",2014,"Retrofit","Unknown Scrubber Manufacturer","Unknown","Unknown","-",8433,11309,"6S50MC-C","Britannia Steam Ship Insurance Association Ltd., The","Lloyds Register","-","-","2024-10-04T00:00:00","-","2024-10-10T00:00:00","-","-","-","Ishima Private Limited","Republic of Singapore","Ishima Private Limited","Republic of Singapore","CA SOR","-","A","25 Apr 2026 10:15:44 GMT","24 Apr 2026 19:00:00 GMT","Niovis Shipping Company S.A.","Greece","47° 33' 56"" N","70° 8' 30"" W"
"Maria Del Carmen IX","product tanker","Guangzhou","CSSC Offshore & Marine Engineering Group Company Limited","11323229","Live","Ecuador",11195,"MR 2, 35'-45'dwt",39826,"Double Hull","HC6390",25026,"12130013","183.00","178.70","30.99","30.99","10.95","5.06","B&W Diesel A/S","Guayaquil","-","Vepamil SA (Vepamil Group)","Ecuador","Oceanbat S.A.","Ecuador","Oceanbat S.A.","Ecuador","-","-","-","-","9670937","735059991","13.00",2014,"Retrofit","Unknown Scrubber Manufacturer","Unknown","Unknown","Hudong Heavy Machinery Company Limited",7211,9670,"6S50ME-B9","West of England Mutual Shipowners Protection & Indemnity Association (Luxemburg)","Overseas Marine Certification Services","RINA Services S.p.A.","-","-","-","2019-12-04T00:00:00","-","-","-","Oceanbat S.A.","Ecuador","Oceanbat S.A.","Ecuador","-","-","A","25 Apr 2026 10:15:01 GMT","-","Oceanbat S.A.","Ecuador","2° 9' 59"" S","80° 53' 48"" W"
"Lian Hai 101","product tanker","Indonesia","-","11384857","Live","Panama",6745,"General Purpose, 10'-25'dwt",16438,"Double Hull","3E7259",12045,"2011-HC-005","152.00","142.80","23.00","-","5.00","8.00","Unknown Engine Designer","Panama","-","Unknown Owners","-","Unknown Owners","-","Unknown Owners","-","-","-","-","-","9755139","352005056","13.00",2012,"-","-","-","-","-","-","-","8N330-EN","London Steamship Owners Mutual Insurance Association Ltd","Overseas Marine Certification Services","-","-","-","-","-","-","-","-","-","-","Unknown Owners","-","PH MNL","Manila","A","25 Apr 2026 10:07:17 GMT","27 Apr 2026 06:00:00 GMT","Unknown Owners","-","7° 42' 48"" N","120° 11' 54"" E"
"AO TAI 2","product tanker","Unknown","-","11568405","Live","China","-","General Purpose, 10'-25'dwt",10528,"Single","BKMG",7195,"-","132.00","-","19.00","-","-","-","Unknown Engine Designer","-","-","Unknown Owners","-","Unknown Owners","-","Unknown Owners","-","-","-","-","-","8671025","413449160","-",2012,"-","-","-","-","-","-","-","8N330-EN","-","-","-","-","-","-","-","-","-","-","-","-","Unknown Owners","-","ZHA PU","-","A","25 Apr 2026 09:03:13 GMT","25 Apr 2026 04:00:00 GMT","Unknown Owners","-","30° 34' 44"" N","121° 3' 48"" E"
"Lucky Sea 1","product tanker","China","-","11593900","Live","Panama",4160,"General Purpose, 10'-25'dwt",10746,"Double Hull","3E8653",7430,"HF1101","125.00","117.00","19.00","-","7.80","3.20","Unknown Engine Designer","Panama","-","Thailaemthong Supply and Services Company Limited","Thailand","Thailaemthong Supply and Services Company Limited","Thailand","Thailaemthong Supply and Services Company Limited","Thailand","-","-","-","-","8674986","374980000","11.00",2013,"-","-","-","-","-","-","-","8N330-EN","-","-","-","-","-","-","-","-","-","-","-","-","Thailaemthong Supply and Services Company Limited","Thailand","SRIRACHA","-","A","25 Apr 2026 10:15:49 GMT","03 Dec 2026 10:00:00 GMT","Thailaemthong Supply and Services Company Limited","Thailand","13° 10' 35"" N","100° 53' 53"" E"
"Yu Yi","product tanker","Taizhou(Jiangsu)","Taizhou Maple Leaf Shipbuilding Company Limited","11595728","Live","Hong Kong, S.A.R., China",5653,"General Purpose, 10'-25'dwt",17974,"Double Hull","VRNF4",11553,"MLPT18000008","150.59","142.00","-","22.60","12.50","0.00","B&W Diesel A/S","Hong Kong","-","Maple Leaf Shipping Company Limited","People's Republic of China","Maple Leaf Shipping Company Limited","People's Republic of China","Yu Yi Shipping Limited","Hong Kong, S.A.R., China","-","-","Minsheng Financial Leasing Company Limited","People's Republic of China","9675925","477300900","12.50",2013,"-","-","-","-","STX Engine Company Limited",4440,6033,"6S35MC","U.K. Mutual Steam Ship Assurance Association (Bermuda) Ltd","Bureau Veritas","-","-","2023-03-01T00:00:00","2026-03-03T00:00:00","2023-03-01T00:00:00","2017-05-23T00:00:00","-","-","Maple Leaf Shipping Company Limited","People's Republic of China","Maple Leaf Shipping Company Limited","People's Republic of China","-","-","A","25 Apr 2026 06:59:00 GMT","-","Maple Leaf Shipping Company Limited","People's Republic of China","16° 40' 21"" N","96° 14' 30"" E"
"Arrow Star 1","product tanker","Nizhniy Novgorod","Krasnoye Sormovo Shipbuilding","1171387","Live","Malta",3356,"General Purpose, 10'-25'dwt",13030,"Double Hull","9HCP9",7833,"19619-7","149.86","145.00","17.30","17.30","6.97","3.54","Wartsila China Limited","Valletta","-","Arrow Star Holding Limited","Malta","Arrow Star Holding Limited","Malta","Arrow Star Trading Company Limited","Malta","-","-","-","-","9435313","256791000","10.50",2007,"-","-","-","-","Wartsila Finland oy",1620,2201,"9L20","West of England Mutual Shipowners Protection & Indemnity Association (Luxemburg)","RINA Services S.p.A.","-","-","2020-09-15T00:00:00","2020-09-15T00:00:00","2019-03-01T00:00:00","-","-","-","Arrowstar Trading Petrol ve Denizcilik Anonim Sirketi","Turkiye","Arrowstar Trading Petrol ve Denizcilik Anonim Sirketi","Turkiye","SA JED > TR MER","-","A","25 Apr 2026 10:16:08 GMT","24 Apr 2026 13:00:00 GMT","Arrow Star Holding Limited","Malta","36° 43' 27"" N","34° 43' 28"" E"
"DM Bea","product tanker","Imabari","Asakawa Shipbuilding Company Limited","11821168","Live","Panama",7993,"MR 1, 25'-35'dwt",25932,"Double Hull","3E5901",14750,"610","156.53","148.00","-","25.00","10.51","3.48","Mitsubishi Heavy Industries Limited","Panama","-","DM Shipping Company Limited","Republic of Korea","DM Shipping Company Limited","Republic of Korea","DM Beatrice SA","Panama","-","-","-","-","9674763","352003811","13.99",2013,"-","-","-","-","Akasaka Diesels Limited",6480,8690,"6UEC45LSE","London Steamship Owners Mutual Insurance Association Ltd","Nippon Kaiji Kyokai","Korean Register","-","2018-12-10T00:00:00","-","2018-12-10T00:00:00","-","-","-","Taikun Shipping Company Limited","Republic of Korea","Taikun Shipping Company Limited","Republic of Korea","ID BPN","-","A","25 Apr 2026 10:12:03 GMT","25 Apr 2026 02:30:00 GMT","DM Shipping Company Limited","Republic of Korea","1° 10' 58"" S","116° 47' 2"" E"
"Prabhu Mihikaa","product tanker","Imabari","Asakawa Shipbuilding Company Limited","11821408","Live","Singapore",7993,"MR 1, 25'-35'dwt",25926,"Double Hull","9V6273",14750,"611","156.53","148.00","-","25.00","10.51","3.49","Mitsubishi Heavy Industries Limited","Singapore","-","Tolani Shipping Company Limited","India","TSCL Holdings Private Limited","Republic of Singapore","Tolani PMH Private Limited","Republic of Singapore","Womar Logistics Private Limited (Womar Tanker Pools)","Republic of Singapore","-","-","9674775","563276600","14.00",2014,"-","-","-","-","Akasaka Diesels Limited",6480,8690,"6UEC45LSE","NorthStandard","Nippon Kaiji Kyokai","-","-","2019-02-26T00:00:00","-","2019-02-26T00:00:00","-","-","-","T-Erudite Ship Managers Private Limited","India","T-Erudite Ship Managers Private Limited","India","TBC","-","A","25 Apr 2026 10:15:48 GMT","25 Apr 2026 08:00:00 GMT","TSCL Holdings Private Limited","Republic of Singapore","52° 7' 25"" N","3° 42' 13"" E"
"Xin Ao Tai 161","product tanker","China","-","11869249","Live","China","-","General Purpose, 10'-25'dwt",17991,"Single","BKLL",12147,"-","157.00","-","22.00","-","-","-","Unknown Engine Designer","-","-","Yueqing Lida Shipping Company Limited","People's Republic of China","Yueqing Lida Shipping Company Limited","People's Republic of China","Yueqing Lida Shipping Company Limited","People's Republic of China","-","-","-","-","8671075","413451240","-",2013,"-","-","-","-","-","-","-","6S42MC7","-","-","-","-","-","-","-","-","-","-","-","-","Yueqing Lida Shipping Company Limited","People's Republic of China","JIANGYIN","Jiangyin Port","A","25 Apr 2026 10:14:12 GMT","26 Apr 2026 04:00:00 GMT","Yueqing Lida Shipping Company Limited","People's Republic of China","31° 55' 38"" N","120° 52' 13"" E"
"Ardmore Dauntless","product tanker","Mipo","HD Hyundai Mipo Company Limited","12077662","Live","Marshall Islands",9985,"MR 2, 35'-45'dwt",37764,"Double Hull","V7JI3",23702,"2480","184.06","176.00","27.44","27.40","11.55","5.65","B&W Diesel A/S","Majuro","-","Ardmore Shipping Corporation","Marshall Islands","Ardmore Maritime Services (Asia) Private Limited","Republic of Singapore","Wight Shipco LLC","Marshall Islands","Ardmore MR Pool LLC","Republic of Ireland","-","-","9707388","538006053","17.20",2015,"-","-","-","-","-","-","-","6S50ME-B9","West of England Mutual Shipowners Protection & Indemnity Association (Luxemburg)","LR (provisional)"," (provisional)"," (provisional)","2025-04-04T00:00:00","-","2025-04-09T00:00:00","-","-","-","Anglo Ardmore Ship Management Private Limited","Republic of Singapore","Anglo Ardmore Ship Management Private Limited","Republic of Singapore","USSFO","San Francisco","A","25 Apr 2026 09:35:27 GMT","03 May 2026 16:00:00 GMT","Ardmore Maritime Services (Asia) Private Limited","Republic of Singapore","9° 32' 5"" N","87° 11' 3"" W"
"Ardmore Defender","product tanker","Mipo","HD Hyundai Mipo Company Limited","12077760","Live","Marshall Islands",9985,"MR 2, 35'-45'dwt",37764,"Double Hull","V7HS5",23702,"2481","184.06","176.00","27.44","27.44","11.20","6.00","B&W Diesel A/S","Majuro","-","Ardmore Shipping Corporation","Marshall Islands","Ardmore Maritime Services (Asia) Private Limited","Republic of Singapore","Lundy Shipco LLC","Marshall Islands","Ardmore MR Pool LLC","Republic of Ireland","-","-","9707390","538005869","17.20",2015,"-","-","-","-","-","-","-","6S50ME-B9","West of England Mutual Shipowners Protection & Indemnity Association (Luxemburg)","American Bureau","-","-","-","-","-","-","-","-","Anglo Ardmore Ship Management Private Limited","Republic of Singapore","Anglo Ardmore Ship Management Private Limited","Republic of Singapore","JHCHB","Chiba","A","25 Apr 2026 10:08:03 GMT","03 May 2026 02:00:00 GMT","Ardmore Maritime Services (Asia) Private Limited","Republic of Singapore","10° 51' 26"" N","110° 42' 29"" E"
"STI Hammersmith","product tanker","Mipo","HD Hyundai Mipo Company Limited","12088025","Live","Marshall Islands",10458,"MR 2, 35'-45'dwt",38734,"Double Hull","V7DP3",24230,"2499","184.00","176.00","27.40","27.30","11.92","5.68","Unknown Engine Designer","Majuro","-","Scorpio Group","Monaco","Scorpio Tankers Incorporated","Monaco","STI Hammersmith Shipping Company Limited","Marshall Islands","Scorpio Handymax Tanker Pool Limited","Monaco","-","-","9706463","538005410","17.60",2015,"-","-","-","-","-","-","-","6S50MC-C8","Steamship Mutual Underwriting Association (Bermuda) Ltd","DNV","-","-","-","-","2020-01-09T00:00:00","-","-","-","Scorpio Ship Management S.A.M.","Monaco","Scorpio Ship Management S.A.M.","Monaco","SEBRO","-","A","25 Apr 2026 10:15:52 GMT","24 Apr 2026 14:30:00 GMT","Scorpio Tankers Incorporated","Monaco","58° 21' 15"" N","11° 26' 11"" E"
"Ardmore Chippewa","product tanker","Fukuoka","Fukuoka Shipbuilding Company Limited","12096571","Live","Marshall Islands",7232,"MR 1, 25'-35'dwt",25217,"Double Hull","V7HS4",15591,"2067","158.90","149.30","26.63","26.60","9.65","16.98","B&W Diesel A/S","Majuro","-","Ardmore Shipping Corporation","Marshall Islands","Ardmore Maritime Services (Asia) Private Limited","Republic of Singapore","Humber Shipco LLC","Marshall Islands","Ardmore MR Pool LLC","Republic of Ireland","-","-","9707871","538005868","26.63",2015,"-","-","-","-","Makita Corporation",6000,8046,"6S46ME-B8","West of England Mutual Shipowners Protection & Indemnity Association (Luxemburg)","American Bureau","-","-","2018-11-09T00:00:00","-","-","-","-","-","Anglo Ardmore Ship Management Private Limited","Republic of Singapore","Anglo Ardmore Ship Management Private Limited","Republic of Singapore","PH GES","-","A","25 Apr 2026 09:23:22 GMT","24 Apr 2026 11:00:00 GMT","Ardmore Maritime Services (Asia) Private Limited","Republic of Singapore","6° 1' 30"" N","125° 8' 36"" E"
"African Coral","product tanker","Dalian","COSCO (Dalian) Shipyard Company Limited","12117411","Live","Panama",6127,"General Purpose, 10'-25'dwt",24205,"Double Hull","3E3824",20421,"N575","155.04","149.80","-","36.00","6.82","5.68","MAN Energy Solutions SE","Panama","-","Unknown Owners","-","Unknown Owners","-","Sinoi Shipping Incorporated","Liberia","-","-","-","-","9709362","352002150","12.50",2015,"-","-","-","-","Shaanxi Diesel Engine Factory",3150,4224,"7L32/40","West of England Mutual Shipowners Protection & Indemnity Association (Luxemburg)","NK (provisional)"," (provisional)"," (provisional)","2020-04-30T00:00:00","-","2020-07-25T00:00:00","-","-","-","Smart Tankers Incorporated","Greece","Smart Tankers Incorporated","Greece","TG LFW","-","A","25 Apr 2026 10:17:09 GMT","23 Apr 2026 20:00:00 GMT","Unknown Owners","-","6° 1' 44"" N","1° 13' 48"" E"
"Hafnia Aronaldo","product tanker","Ulsan","HD Hyundai Mipo Company Limited","12169567","Live","Marshall Islands",10252,"MR 2, 35'-45'dwt",38506,"Double Hull","V7GW8",23676,"2517","184.06","176.00","-","27.40","11.52","5.68","B&W Diesel A/S","Majuro","-","BW Group Limited","Bermuda","Hafnia Limited","Republic of Singapore","Hafnia Chem Shipholding Private Limited","Republic of Singapore","Hafnia Pools Private Limited","Republic of Singapore","-","-","9711561","538005776","17.20",2015,"-","-","-","-","-","-","-","6S50ME-B9","U.K. Mutual Steam Ship Assurance Association (Bermuda) Ltd","American Bureau","-","-","-","-","-","-","-","-","Thome Croatia doo","Republic of Croatia","Thome Croatia doo","Republic of Croatia","LIANYUNGANG","Lianyungang","A","25 Apr 2026 10:16:59 GMT","29 Apr 2026 20:00:00 GMT","Hafnia Limited","Republic of Singapore","16° 12' 2"" N","117° 52' 56"" E"
"Spas Tiga","product tanker","Setoda","Naikai Zosen Shipbuilding Corporation","12218229","Live","Singapore",5115,"General Purpose, 10'-25'dwt",19000,"Double Hull","9V8506",13221,"773","160.00","152.00","-","27.90","7.15","4.05","B&W Diesel A/S","Singapore","-","Unknown Owners","-","Unknown Owners","-","Java Maritime I Private Limited","Republic of Singapore","BTS Tankers Private Limited","Republic of Singapore","-","-","9711688","563176500","11.20",2014,"-","-","-","-","Hitachi Zosen Corporation",4900,6571,"7S35MC","Assuranceforeningen Gard","Korean Register","-","-","2019-10-05T00:00:00","-","2019-10-05T00:00:00","-","-","-","Atlantas Ship Management Limited","United Kingdom","Atlantas Ship Management Limited","United Kingdom","NG LOS","-","A","25 Apr 2026 10:15:46 GMT","06 May 2026 12:00:00 GMT","Unknown Owners","-","34° 34' 51"" S","25° 19' 42"" E"
"Golden Orion","product tanker","Japan","Kitanihon Shipbuilding Company Limited","12218247","Live","Panama",3594,"General Purpose, 10'-25'dwt",11693,"Double Hull","3FEW",7561,"581","119.50","112.50","-","20.78","7.96","2.74","Mitsubishi Heavy Industries Limited","Panama","-","Nippon Yusen Kabushiki Kaisha (NYK Line) (Nippon Yusen Kaisha)","Japan","ENEOS Ocean Corporation","Japan","Golden Jupiter Navigation S.A.","Panama","-","-","-","-","9712333","351885000","10.70",2014,"-","-","-","-","Akasaka Diesels Limited",3400,4559,"6UEC33LSE","Japan Shipowners Mutual Protection & Indemnity Association","Nippon Kaiji Kyokai","-","-","2019-10-25T00:00:00","-","2019-10-25T00:00:00","-","-","-","NYK Energy Ocean Shipmanagement Private Limited","Republic of Singapore","NYK Energy Ocean Shipmanagement Private Limited","Republic of Singapore","ID BPN","-","A","25 Apr 2026 10:12:35 GMT","28 Apr 2026 21:00:00 GMT","ENEOS Ocean Corporation","Japan","0° 46' 43"" N","105° 46' 3"" E"
"Berners","product tanker","Setoda","Naikai Zosen Shipbuilding Corporation","12218283","Live","Liberia",5150,"General Purpose, 10'-25'dwt",19000,"Double Hull","5LGT5",13222,"774","160.00","152.00","-","27.90","7.17","4.03","B&W Diesel A/S","Monrovia","-","Union Maritime Limited","United Kingdom","Union Maritime Limited","United Kingdom","UML Berners Limited","United Kingdom","-","-","-","-","9711690","636022011","11.20",2016,"-","-","-","-","Hitachi Zosen Corporation",4900,6571,"7S35MC7.1","Assuranceforeningen Gard","Nippon Kaiji Kyokai","-","-","2021-01-22T00:00:00","-","2021-01-22T00:00:00","-","-","-","Atlantas Ship Management Limited","United Kingdom","Atlantas Ship Management Limited","United Kingdom","BOFFA_","Boffa Anchorage","A","25 Apr 2026 10:18:33 GMT","26 Apr 2026 04:00:00 GMT","Union Maritime Limited","United Kingdom","8° 17' 6"" N","14° 19' 36"" W"
"Sheng Jiang 66","product tanker","China","-","12231491","Live","China","-","General Purpose, 10'-25'dwt",10493,"Single","BHYS3",7195,"-","133.00","-","19.00","-","1.00","-","Unknown Engine Designer","-","-","Unknown Owners","-","Unknown Owners","-","Jiangsu Shengjiang Shipping Company Limited","People's Republic of China","-","-","-","-","9746293","413363880","-",2014,"-","-","-","-","-","-","-","8N330-EN","-","-","-","-","-","-","-","-","-","-","-","-","Unknown Owners","-","GUANG ZHOU","-","A","25 Apr 2026 10:15:21 GMT","25 Apr 2026 15:00:00 GMT","Unknown Owners","-","22° 40' 57"" N","113° 42' 28"" E"
"TG Libra","product tanker","Usuki","Usuki Shipyard Company Limited","12237177","Live","Liberia",6073,"General Purpose, 10'-25'dwt",19822,"Double Hull","5LXJ3",11729,"1751","145.50","137.00","-","23.70","9.70","3.65","Fuji Diesel Company Limited","Monrovia","-","Taihua Ship Management (Shanghai) Limited","People's Republic of China","Taihua Ship Management (Shanghai) Limited","People's Republic of China","Murray River Shipping Limited","Marshall Islands","-","-","-","-","9724099","636025420","13.35",2016,"-","-","-","-","Hitachi Shipbuilding Corporation (Innoshima)",5700,7745,"6S40ME-B9.3","West of England Mutual Shipowners Protection & Indemnity Association (Luxemburg)","Bureau Veritas","-","-","2026-02-14T00:00:00","2023-10-27T00:00:00","2026-02-01T00:00:00","2021-01-20T00:00:00","-","-","Tai Rong Shipping Limited","United Kingdom","Tai Rong Shipping Limited","United Kingdom","BIN QASIM,PAKISTAN","Muhammad Bin Qasim/Karachi","A","25 Apr 2026 09:46:53 GMT","13 May 2026 10:00:00 GMT","Taihua Ship Management (Shanghai) Limited","People's Republic of China","22° 41' 27"" S","7° 58' 44"" E"
"Ruico Sapphire","product tanker","Usuki","Usuki Shipyard Company Limited","12237235","Live","Hong Kong, S.A.R., China",6073,"General Purpose, 10'-25'dwt",19862,"Double Hull","VRWB3",11729,"1750","145.50","137.00","-","23.70","9.60","3.75","Fuji Diesel Company Limited","Hong Kong","-","Foshan Haisheng Financial Leasing Company Limited","People's Republic of China","Foshan Haisheng Financial Leasing Company Limited","People's Republic of China","Tianjin Dongjiang Comprehensive Bonded Zone Haisheng No 8 Leasing Company Limited","People's Republic of China","Ruico (Guangdong) Shipping & Logistics Company Limited","People's Republic of China","-","-","9724063","477949200","13.35",2015,"-","-","-","-","Hitachi Shipbuilding Corporation (Saikai)",5700,7745,"6S40ME-B9.3","China Shipowners Mutual Assurance Association","China Classification","-","-","2021-04-06T00:00:00","2018-06-19T00:00:00","2023-04-01T00:00:00","2021-04-06T00:00:00","-","-","Ruico (Guangdong) Shipping & Logistics Company Limited","People's Republic of China","Ruigao Shipping (HK) Company Limited","Hong Kong, S.A.R., China","-","-","A","25 Apr 2026 10:14:38 GMT","-","Foshan Haisheng Financial Leasing Company Limited","People's Republic of China","23° 4' 50"" N","113° 29' 8"" E"
"Malacca","product tanker","Ulsan","HD Hyundai Mipo Company Limited","12237683","Live","Marshall Islands",10359,"MR 2, 35'-45'dwt",39067,"Double Hull","V7B2906",24120,"2529","184.26","176.00","-","27.00","12.00","5.60","B&W Diesel A/S","Majuro","-","Pareto A/S","Norway","Pareto Business Management AS","Norway","Investorprosjekt 462 AS","Norway","-","-","-","-","9725627","538012475","17.60",2015,"-","KangRim Industries Company Limited","Unknown","Unknown","-","-","-","6S50ME-B9","Assuranceforeningen Skuld","LR (provisional)"," (provisional)"," (provisional)","2025-08-08T00:00:00","-","2025-08-13T00:00:00","-","-","-","Interunity Management Corporation S.A.","Greece","Interunity Management Corporation S.A.","Greece","IT FAX","-","A","25 Apr 2026 10:16:51 GMT","25 Apr 2026 09:00:00 GMT","Pareto Business Management AS","Norway","39° 3' 40"" N","9° 3' 34"" E"
"Hafnia Soya","product tanker","Ulsan","HD Hyundai Mipo Company Limited","12238937","Live","Singapore",10359,"MR 2, 35'-45'dwt",39067,"Double Hull","9V3282",24120,"2573","184.26","176.00","27.39","27.00","12.00","5.60","B&W Diesel A/S","Singapore","-","BW Group Limited","Bermuda","Hafnia Limited","Republic of Singapore","BW Aldrich Private Limited","Republic of Singapore","Scorpio Tankers Incorporated","Monaco","-","-","9729271","566583000","17.60",2015,"-","KangRim Industries Company Limited","Unknown","Unknown","-","-","-","6S50ME-B9","Assuranceforeningen Skuld","LR (provisional)"," (provisional)"," (provisional)","2025-11-22T00:00:00","-","2025-11-22T00:00:00","-","-","-","Thome Croatia doo","Republic of Croatia","Thome Croatia doo","Republic of Croatia","ZA RCB","Singapore","A","25 Apr 2026 10:12:03 GMT","25 Apr 2026 04:00:00 GMT","Hafnia Limited","Republic of Singapore","28° 48' 28"" S","32° 3' 21"" E"
"Torres","product tanker","Ulsan","HD Hyundai Mipo Company Limited","12238944","Live","Marshall Islands",10359,"MR 2, 35'-45'dwt",39067,"Double Hull","V7B2905",24120,"2574","184.26","176.00","-","27.40","11.90","5.70","B&W Diesel A/S","Majuro","-","Pareto A/S","Norway","Pareto Business Management AS","Norway","Investorprosjekt 472 AS","Norway","-","-","-","-","9729283","538012474","17.60",2016,"-","KangRim Industries Company Limited","Unknown","Unknown","-","-","-","6S50ME-B9","Assuranceforeningen Skuld","LR (provisional)"," (provisional)"," (provisional)","2024-02-02T00:00:00","-","2021-04-24T00:00:00","-","-","-","Interunity Management Corporation S.A.","Greece","Interunity Management Corporation S.A.","Greece","WILHELMSHAVEN","Rotterdam","A","25 Apr 2026 10:15:28 GMT","27 Apr 2026 01:00:00 GMT","Pareto Business Management AS","Norway","50° 28' 48"" N","0° 46' 3"" W"
"Serui","crude oil tanker","Jiangsu","New Times Shipbuilding Company Limited","12254721","Live","Indonesia",11023,"MR 2, 35'-45'dwt",40648,"Double Hull","YBJR2",27286,"305003","183.00","175.50","-","32.50","11.00","6.11","MAN Diesel AS","Jakarta","-","PT Pertamina (Persero)","Indonesia","PT Pertamina International Shipping (PIS)","Indonesia","PT Damanusa Bahtera Laju Abadi","Indonesia","Heidmar Incorporated","Greece","-","-","9746073","525008097","17.10",2015,"-","-","-","-","STX Heavy Industries",8500,11549,"6G50ME-B","Assuranceforeningen Gard","BV (provisional)"," (provisional)"," (provisional)","2026-02-16T00:00:00","2023-05-12T00:00:00","2026-02-01T00:00:00","2026-02-16T00:00:00","-","-","PT Pertamina International Shipping (PIS)","Indonesia","PT Pertamina International Shipping (PIS)","Indonesia","BUNYU","Bunyu","A","25 Apr 2026 10:16:00 GMT","25 Apr 2026 22:00:00 GMT","PT Pertamina International Shipping (PIS)","Indonesia","1° 45' 18"" N","119° 8' 23"" E"
"Sanana","crude oil tanker","Jiangsu","New Times Shipbuilding Company Limited","12254760","Live","Indonesia",11023,"MR 2, 35'-45'dwt",40627,"Double Hull","YBJO2",27286,"305002","183.00","175.50","-","32.50","11.00","6.11","MAN Diesel AS","Jakarta","-","PT Pertamina (Persero)","Indonesia","PT Pertamina International Shipping (PIS)","Indonesia","PT Damar Bahtera Laju Abadi","Indonesia","-","-","-","-","9746061","525008131","17.10",2015,"-","-","-","-","STX Heavy Industries",8500,11549,"6G50ME-B","Assuranceforeningen Gard","BV (provisional)"," (provisional)"," (provisional)","2026-02-04T00:00:00","2024-07-09T00:00:00","2026-02-01T00:00:00","2026-02-04T00:00:00","-","-","Bernhard Schulte Shipping (Singapore) Private Limited","Republic of Singapore","Bernhard Schulte Shipping (Singapore) Private Limited","Republic of Singapore","SGSIN","-","A","25 Apr 2026 10:15:56 GMT","25 Apr 2026 08:00:00 GMT","PT Pertamina International Shipping (PIS)","Indonesia","1° 13' 49"" N","103° 48' 13"" E"
"Sanggau","crude oil tanker","Jiangsu","New Times Shipbuilding Company Limited","12255839","Live","Indonesia",11023,"MR 2, 35'-45'dwt",40648,"Double Hull","YBIF2",27286,"305001","183.00","175.50","-","32.50","11.00","6.11","MAN Diesel AS","Jakarta","-","PT Pertamina (Persero)","Indonesia","PT Pertamina International Shipping (PIS)","Indonesia","PT Brass Bahtera Laju Abadi","Indonesia","Petronas Trading Corporation Sendirian Berhad (PETCO)","Malaysia","-","-","9746059","525008130","17.10",2016,"-","-","-","-","STX Heavy Industries",8500,11549,"6G50ME-B","NorthStandard","Bureau Veritas","-","-","2025-12-22T00:00:00","2023-05-30T00:00:00","2025-12-01T00:00:00","2025-12-22T00:00:00","-","-","PT Pertamina International Shipping (PIS)","Indonesia","PT Pertamina International Shipping (PIS)","Indonesia","CILACAP","-","A","25 Apr 2026 10:07:18 GMT","25 Apr 2026 23:00:00 GMT","PT Pertamina International Shipping (PIS)","Indonesia","7° 49' 26"" S","109° 13' 22"" E"
"Shturman Ovtsyn","crude oil tanker","South Korea","Samsung Shipbuilding & Heavy Industries Company Limited","12264024","Live","Russia",13306,"MR 2, 35'-45'dwt",41551,"Double Hull","UBEP3",44354,"2134","248.92","232.00","-","34.00","9.50","5.50","HD Hyundai Heavy Industries Company Limited","St. Petersburg","-","PAO Sovcomflot  (PJSC 'Modern Commercial Fleet')","Russian Federation","Sovcomflot Varandey Company Limited","Russian Federation","Yssar Shipping Company Limited","Cyprus","Gazprom Neft Shelf LLC","Russian Federation","-","-","9752101","273391790","15.00",2016,"-","-","-","-","-","-","-","14H32/40V","-","Russian Register of Ships","-","-","-","-","2021-11-22T00:00:00","-","2026-12-08T00:00:00","2026-12-08T00:00:00","SCF TM Limited","Russian Federation","SCF TM Limited","Russian Federation","RUMMK>>RUSAB#3","-","A","25 Apr 2026 10:11:38 GMT","24 Apr 2026 07:00:00 GMT","Sovcomflot Varandey Company Limited","Russian Federation","68° 53' 47"" N","73° 38' 40"" E"
"Shturman Malygin","crude oil tanker","South Korea","Samsung Shipbuilding & Heavy Industries Company Limited","12264026","Live","Russia",13306,"MR 2, 35'-45'dwt",41542,"Double Hull","UHBP",44354,"2133","248.92","232.00","34.00","34.00","9.50","5.50","HD Hyundai Heavy Industries Company Limited","St. Petersburg","-","PAO Sovcomflot  (PJSC 'Modern Commercial Fleet')","Russian Federation","Sovcomflot (UK) Limited","United Kingdom","Aizar Shipping Company Limited","Cyprus","Gazprom Neft Shelf LLC","Russian Federation","-","-","9752096","273398780","15.00",2016,"-","-","-","-","-","-","-","14H32/40V","-","RS (provisional)"," (provisional)"," (provisional)","-","-","2021-08-01T00:00:00","-","2026-10-07T00:00:00","2026-10-07T00:00:00","SCF TM Limited","Russian Federation","SUN Ship Management (D) Limited","United Arab Emirates","RU MMK > RU SAB#2","-","A","25 Apr 2026 10:11:01 GMT","28 Apr 2026 09:00:00 GMT","Sovcomflot (UK) Limited","United Kingdom","77° 17' 4"" N","67° 53' 16"" E"
"Shturman Albanov","crude oil tanker","South Korea","Samsung Shipbuilding & Heavy Industries Company Limited","12264043","Live","Russia",13306,"MR 2, 35'-45'dwt",41455,"Double Hull","UBXO2",44354,"2132","248.92","232.00","-","34.00","9.50","5.50","HD Hyundai Heavy Industries Company Limited","St. Petersburg","-","PAO Sovcomflot  (PJSC 'Modern Commercial Fleet')","Russian Federation","Sovcomflot (UK) Limited","United Kingdom","Tempio Shipping Company Limited","Cyprus","Gazprom Neft Shelf LLC","Russian Federation","-","-","9752084","273397870","15.00",2016,"-","-","-","-","-","-","-","14H32/40V","-","Russian Register of Ships","-","-","-","-","-","-","-","-","SCF TM Limited","Russian Federation","SUN Ship Management (D) Limited","United Arab Emirates","RU MMK >> RU SAB","-","A","25 Apr 2026 10:11:55 GMT","27 Apr 2026 09:00:00 GMT","Sovcomflot (UK) Limited","United Kingdom","72° 9' 16"" N","73° 9' 21"" E"
"Global Flora","product tanker","Japan","Higaki Shipbuilding Company Limited","12265218","Live","Panama",4056,"General Purpose, 10'-25'dwt",12841,"Double Hull","3ETQ2",7494,"692","127.68","119.80","-","19.60","8.72","2.83","B&W Diesel A/S","Panama","-","Global Marine Service Company Limited","Japan","Global Marine Service Company Limited","Japan","Hatchonya S.A.","Panama","-","-","-","-","9750452","356896000","11.55",2015,"-","-","-","-","The Hanshin Diesel Works Limited",4200,5632,"6S35MC","Japan Shipowners Mutual Protection & Indemnity Association","Nippon Kaiji Kyokai","-","-","2020-01-15T00:00:00","-","2020-01-15T00:00:00","-","-","-","GLB Shipping Busan Company Limited","Republic of Korea","GLB Shipping Busan Company Limited","Republic of Korea","CN ZAP","Zhapu Port","A","25 Apr 2026 10:17:51 GMT","02 May 2026 22:00:00 GMT","Global Marine Service Company Limited","Japan","0° 41' 20"" S","118° 20' 24"" E"
"OC Grande","product tanker","Ulsan","HD Hyundai Mipo Company Limited","12265223","Live","Marshall Islands",3848,"General Purpose, 10'-25'dwt",12999,"Double Hull","V7EX8",8627,"2470","129.98","123.51","-","20.40","8.57","3.23","Unknown Engine Designer","Majuro","-","Hyundai Glovis Company Limited","Republic of Korea","Hyundai Glovis Company Limited","Republic of Korea","Grande Limited","Republic of Korea","-","-","-","-","9749104","538006909","11.80",2016,"-","-","-","-","-",4716,6324,"6S35MC","NorthStandard","Korean Register","-","-","-","-","2021-05-28T00:00:00","-","2026-05-12T00:00:00","2026-05-12T00:00:00","STX Ocean Service Corporation","Republic of Korea","STX Ocean Service Corporation","Republic of Korea","CN ZOS","-","A","25 Apr 2026 10:16:26 GMT","25 Apr 2026 00:00:00 GMT","Hyundai Glovis Company Limited","Republic of Korea","29° 43' 55"" N","123° 3' 58"" E"
"Hai Xin You 618","product tanker","China","Zhejiang Haicheng Shipbuilding Company Limited","12266297","Live","China",6745,"General Purpose, 10'-25'dwt",17527,"Double Hull","BPLF5",12045,"-","151.80","142.80","23.40","23.40","8.60","4.00","B&W Diesel A/S","Ningbo","-","China National Aviation Fuel Group Corporation Limited (CNAF)","People's Republic of China","China National Aviation Fuel Supply Company Limited","People's Republic of China","China National Aviation Fuel Haixin Shipping Corporation","People's Republic of China","-","-","-","-","8536500","413454640","12.60",2014,"-","-","-","-","MAN B&W Diesel SE",4050,5500,"5S35MC","West of England Mutual Shipowners Protection & Indemnity Association (Luxemburg)","-","-","-","-","-","2014-09-01T00:00:00","-","-","-","China National Aviation Fuel Haixin Shipping Corporation","People's Republic of China","China National Aviation Fuel Haixin Shipping Corporation","People's Republic of China","SHANG HAI PU HANG","-","A","25 Apr 2026 10:12:58 GMT","27 Apr 2026 10:15:00 GMT","China National Aviation Fuel Supply Company Limited","People's Republic of China","30° 57' 47"" N","122° 28' 36"" E"
"Heng Yu 93","product tanker","Unknown","-","12266407","Live","China","-","General Purpose, 10'-25'dwt",11816,"Single","BYKK",7811,"-","126.00","-","21.00","21.00","10.50","-","MAN Diesel AS","Foshan","-","Unknown Owners","-","Unknown Owners","-","Foshan Haiboshun Coastal Cargo Transportation Company Limited","People's Republic of China","-","-","-","-","9780823","413479290","-",2014,"-","-","-","-","-",2978,3994,"8G32E","Assuranceforeningen Skuld","-","-","-","-","-","-","-","-","-","-","-","Unknown Owners","-","MAOMING","-","A","25 Apr 2026 10:16:34 GMT","24 Apr 2026 08:03:00 GMT","Unknown Owners","-","21° 22' 59"" N","111° 8' 13"" E"
"Shturman Skuratov","product tanker","South Korea","Samsung Shipbuilding & Heavy Industries Company Limited","12312421","Live","Russia",13306,"MR 2, 35'-45'dwt",41401,"Double Hull","UBFP4",44354,"2135","248.92","232.00","-","34.00","9.50","5.50","B&W Diesel A/S","St. Petersburg","-","PAO Gazprom (PJSC)","Russian Federation","Gazpromneft Marine Bunker Limited","Russian Federation","Shturman Skuratov LLC","Russian Federation","-","-","-","-","9759915","273392990","15.00",2017,"-","-","-","-","STX Engine Company Limited","-","-","18V32/40","-","RS (provisional)"," (provisional)"," (provisional)","-","-","2017-02-16T00:00:00","-","-","-","Gazpromneft Shipping LLC","Russian Federation","Gazpromneft Shipping LLC","Russian Federation","RU SAB >> RU MMK","-","A","25 Apr 2026 06:49:24 GMT","25 Apr 2026 06:30:00 GMT","Gazpromneft Marine Bunker Limited","Russian Federation","69° 3' 44"" N","33° 16' 10"" E"
"Shturman Koshelev","product tanker","South Korea","Samsung Shipbuilding & Heavy Industries Company Limited","12313346","Live","Russia",13306,"MR 2, 35'-45'dwt",41458,"Double Hull","UCMR",44354,"2137","248.92","232.00","-","34.00","9.50","5.50","MAN Diesel AS","St. Petersburg","-","PAO Gazprom (PJSC)","Russian Federation","Gazpromneft Marine Bunker Limited","Russian Federation","Shturman Koshelev LLC","Russian Federation","Gazprom Neft Shelf LLC","Russian Federation","-","-","9759939","273391160","15.00",2017,"-","-","-","-","-","-","-","14V32/40","-","RS (provisional)"," (provisional)"," (provisional)","-","-","2017-11-28T00:00:00","-","-","-","Gazpromneft Shipping LLC","Russian Federation","Gazpromneft Shipping LLC","Russian Federation","RUSAB-RUMMK","-","A","24 Apr 2026 23:54:15 GMT","24 Apr 2026 06:00:00 GMT","Gazpromneft Marine Bunker Limited","Russian Federation","69° 6' 18"" N","33° 31' 60"" E"
"Shturman Shcherbinin","product tanker","South Korea","Samsung Shipbuilding & Heavy Industries Company Limited","12313347","Live","Russia",13306,"MR 2, 35'-45'dwt",41421,"Double Hull","UEXZ",44354,"2136","248.92","232.00","-","34.00","9.50","5.50","B&W Diesel A/S","St. Petersburg","-","PAO Gazprom (PJSC)","Russian Federation","Gazpromneft Marine Bunker Limited","Russian Federation","Shturman Scherbinin LLC","Russian Federation","Gazprom Neft Shelf LLC","Russian Federation","-","-","9759927","273385570","15.00",2017,"-","-","-","-","-","-","-","18V32/40","-","RS (provisional)"," (provisional)"," (provisional)","-","-","2017-12-04T00:00:00","-","-","-","Gazpromneft Shipping LLC","Russian Federation","Gazpromneft Shipping LLC","Russian Federation","RUSAB>RUMMK","Murmansk","A","25 Apr 2026 10:12:10 GMT","26 Apr 2026 13:00:00 GMT","Gazpromneft Marine Bunker Limited","Russian Federation","71° 27' 41"" N","41° 22' 55"" E"
"Bow Victory","product tanker","Japan","Asakawa Shipbuilding Company Limited","12452388","Live","Panama",6485,"General Purpose, 10'-25'dwt",21193,"Double Hull","3FUW3",12247,"616","149.03","140.00","-","24.00","9.72","3.08","Fuji Diesel Company Limited","Panama","-","Meiho Kaiun K.K (Meiho Kaiun Company Limited)","Japan","Meiho Kaiun K.K (Meiho Kaiun Company Limited)","Japan","Asian Shipping S.A.","Panama","Odfjell Tankers AS","Norway","-","-","9773179","372240000","12.80",2016,"-","-","-","-","Hitachi Zosen Corporation",5430,7282,"6S40ME-B9","Assuranceforeningen Gard","NK (provisional)"," (provisional)"," (provisional)","2019-06-21T00:00:00","-","2016-09-13T00:00:00","-","-","-","Synergy Pacific Private Limited","India","Synergy Pacific Private Limited","India","-","-","A","25 Apr 2026 10:15:30 GMT","-","Meiho Kaiun K.K (Meiho Kaiun Company Limited)","Japan","25° 31' 58"" N","54° 57' 25"" E"
"Golden Vega","product tanker","Japan","Asakawa Shipbuilding Company Limited","12452393","Live","Panama",3625,"General Purpose, 10'-25'dwt",11656,"Double Hull","3FRP8",7301,"615","119.62","113.00","-","20.80","7.99","2.86","Unknown Engine Designer","Panama","-","Nippon Yusen Kabushiki Kaisha (NYK Line) (Nippon Yusen Kaisha)","Japan","ENEOS Ocean Corporation","Japan","Betty Mild Maritime S.A.","Panama","Stolt NYK Asia Pacific Services Incorporated (SNAPS)","Republic of Singapore","-","-","9773167","374945000","10.85",2016,"-","-","-","-","Hitachi Zosen Corporation",4000,5364,"6L35MC","Japan Shipowners Mutual Protection & Indemnity Association","NK (provisional)"," (provisional)"," (provisional)","2018-11-23T00:00:00","-","2016-06-14T00:00:00","-","-","-","NYK Energy Ocean Shipmanagement Private Limited","Republic of Singapore","NYK Energy Ocean Shipmanagement Private Limited","Republic of Singapore","CNTXG","Tianjin Xingang Port","A","25 Apr 2026 10:10:03 GMT","25 Apr 2026 23:00:00 GMT","ENEOS Ocean Corporation","Japan","38° 28' 44"" N","121° 12' 53"" E"
"Kafur Mamedov","product tanker","Astrakhan","Astrakhan Shipyards JSC","124557","Live","Unknown",3734,"General Purpose, 10'-25'dwt",12334,"Single","-",7807,"1202","147.03","138.60","17.43","17.40","8.00","3.20","Skodaexport, a.s.","-","-","Azerbaijan Caspian Shipping Closed Joint Stock Company (ASCO)","Republic of Azerbaijan","Azerbaijan Caspian Shipping Closed Joint Stock Company (ASCO)","Republic of Azerbaijan","Azerbaijan Caspian Shipping Closed Joint Stock Company (ASCO)","Republic of Azerbaijan","-","-","-","-","7235496","-","11.20",1972,"-","-","-","-","CKD Praha DIZ a.s.",1839,2500,"6L525IIPS","-","-","-","-","-","-","2007-06-29T00:00:00","-","-","-","Azerbaijan Caspian Shipping Closed Joint Stock Company (ASCO)","Republic of Azerbaijan","Azerbaijan Caspian Shipping Closed Joint Stock Company (ASCO)","Republic of Azerbaijan","-","-","A","-","-","Azerbaijan Caspian Shipping Closed Joint Stock Company (ASCO)","Republic of Azerbaijan","-","-"
"Banglar Agragoti","product tanker","China","Jiangsu New Yangzijiang Shipbuilding Company Limited","12574779","Live","Bangladesh",11512,"MR 2, 35'-45'dwt",38927,"Double Hull","S2AI3",24167,"YZJ2014-1241CHB025","185.00","182.00","-","28.00","13.32","3.28","B&W Diesel A/S","Chittagong","-","Government of The People's Republic of Bangladesh","Bangladesh","Bangladesh Shipping Corporation","Bangladesh","Bangladesh Shipping Corporation","Bangladesh","AS Network Chartering","Norway","-","-","9793870","405000239","16.60",2019,"-","KangRim Industries Company Limited","Unknown","Unknown","-",10680,14322,"6S50MC-C","Assuranceforeningen Skuld","LR (provisional)"," (provisional)"," (provisional)","2024-06-18T00:00:00","-","2024-06-25T00:00:00","-","-","-","Bangladesh Shipping Corporation","Bangladesh","Bangladesh Shipping Corporation","Bangladesh","ANTWRP","-","A","25 Apr 2026 10:16:06 GMT","22 Apr 2026 00:09:00 GMT","Bangladesh Shipping Corporation","Bangladesh","51° 19' 35"" N","4° 19' 5"" E"
"Banglar Agrajatra","product tanker","China","Jiangsu New Yangzijiang Shipbuilding Company Limited","12574923","Live","Bangladesh",11515,"MR 2, 35'-45'dwt",38867,"Double Hull","S2AI4",24167,"YZJ2014-1239CHB023","185.00","182.00","-","28.00","11.70","4.90","B&W Diesel A/S","-","-","Government of The People's Republic of Bangladesh","Bangladesh","Bangladesh Shipping Corporation","Bangladesh","Bangladesh Shipping Corporation","Bangladesh","Trafigura Beheer B.V.","Netherlands","-","-","9793856","405000237","16.60",2019,"-","KangRim Industries Company Limited","Unknown","Unknown","-",10680,14322,"6S50MC-C","Assuranceforeningen Skuld","LR (provisional)"," (provisional)"," (provisional)","2023-11-22T00:00:00","-","2023-11-23T00:00:00","-","-","-","Bangladesh Shipping Corporation","Bangladesh","Bangladesh Shipping Corporation","Bangladesh","EVYAP TURKEY","-","A","25 Apr 2026 09:58:39 GMT","16 May 2026 18:00:00 GMT","Bangladesh Shipping Corporation","Bangladesh","30° 30' 28"" S","13° 40' 11"" E"
"Banglar Agradoot","product tanker","China","Jiangsu New Yangzijiang Shipbuilding Company Limited","12574958","Live","Bangladesh",11520,"MR 2, 35'-45'dwt",38919,"Double Hull","S2AI2",24167,"YZJ2014-1240CHB024","185.00","182.00","-","28.00","11.70","4.90","B&W Diesel A/S","Chittagong","-","Government of The People's Republic of Bangladesh","Bangladesh","Bangladesh Shipping Corporation","Bangladesh","Bangladesh Shipping Corporation","Bangladesh","PT Pertamina (Persero)","Indonesia","-","-","9793868","405000238","16.60",2019,"-","KangRim Industries Company Limited","Unknown","Unknown","-",10680,14322,"6S50MC-C","Assuranceforeningen Skuld","LR (provisional)"," (provisional)"," (provisional)","2024-04-28T00:00:00","-","2024-04-28T00:00:00","-","-","-","Bangladesh Shipping Corporation","Bangladesh","Bangladesh Shipping Corporation","Bangladesh","ARZAE","-","A","25 Apr 2026 10:09:55 GMT","11 May 2026 00:01:00 GMT","Bangladesh Shipping Corporation","Bangladesh","26° 42' 32"" N","15° 53' 14"" W"
"Southern Quokka","product tanker","Imabari","Asakawa Shipbuilding Company Limited","12577744","Live","Liberia",8108,"MR 1, 25'-35'dwt",26077,"Double Hull","D5MN2",14965,"618","156.50","149.00","25.00","25.00","10.50","3.50","B&W Diesel A/S","Monrovia","-","Sansho Kaiun Company Limited","Japan","Sansho Kaiun Company Limited","Japan","Southern Dragon Chemical S.A.","Panama","Odfjell Tankers AS","Norway","-","-","9792010","636017742","14.00",2017,"-","-","-","-","Hitachi Zosen Corporation",5640,7563,"6S46ME-B8","NorthStandard","Nippon Kaiji Kyokai","-","-","2019-06-12T00:00:00","-","2017-03-22T00:00:00","-","-","-","Sansho Korea Company Limited","Republic of Korea","Sansho Korea Company Limited","Republic of Korea","KR ULSN","Ulsan","A","25 Apr 2026 10:16:23 GMT","29 Apr 2026 04:00:00 GMT","Sansho Kaiun Company Limited","Japan","19° 26' 52"" N","118° 47' 59"" E"
"Southern Puma","product tanker","Imabari","Asakawa Shipbuilding Company Limited","12577903","Live","Liberia",8108,"MR 1, 25'-35'dwt",26071,"Double Hull","D5MM9",14965,"617","156.50","149.00","-","25.00","10.50","3.50","B&W Diesel A/S","Monrovia","-","Sansho Kaiun Company Limited","Japan","Sansho Kaiun Company Limited","Japan","Southern Dragon Chemical S.A.","Panama","Odfjell Tankers AS","Norway","-","-","9792008","636017741","14.00",2016,"-","-","-","-","Hitachi Zosen Corporation",5640,7563,"6S46ME-B8","NorthStandard","NK (provisional)"," (provisional)"," (provisional)","2019-11-25T00:00:00","-","2016-12-20T00:00:00","-","-","-","Sansho Korea Company Limited","Republic of Korea","Sansho Korea Company Limited","Republic of Korea","BR ARB","-","A","25 Apr 2026 10:13:10 GMT","23 Apr 2026 01:00:00 GMT","Sansho Kaiun Company Limited","Japan","12° 46' 59"" S","38° 29' 60"" W"
"Savanna","product tanker","Dalian","COSCO Dalian Marine Engineering Company Limited","12587651","Live","Panama",6127,"General Purpose, 10'-25'dwt",24202,"Double Hull","3E2476",20421,"N576","155.00","149.80","-","36.00","6.80","5.70","MAN Energy Solutions SE","Panama","-","Smart Tankers Incorporated","Greece","Smart Tankers Incorporated","Greece","Monza Oceanway SA","Liberia","-","-","-","-","9798296","352001455","12.50",2017,"-","-","-","-","Shaanxi Diesel Engine Factory",6300,8448,"7L32/40","West of England Mutual Shipowners Protection & Indemnity Association (Luxemburg)","NK (provisional)"," (provisional)"," (provisional)","2019-08-31T00:00:00","-","2017-03-08T00:00:00","-","-","-","Smart Tankers Incorporated","Greece","Smart Tankers Incorporated","Greece","CALABAR NIGERIA","-","A","25 Apr 2026 09:23:18 GMT","23 Apr 2026 16:00:00 GMT","Smart Tankers Incorporated","Greece","5° 0' 18"" N","8° 18' 54"" E"
"Panderman","product tanker","Jakarta","P.T. Daya Radar Utama","12589069","Live","Indonesia",4583,"General Purpose, 10'-25'dwt",17500,"Double Hull","YBVE2",14749,"H288","157.50","149.50","-","27.70","7.50","4.50","B&W Diesel A/S","Jakarta","-","PT Pertamina (Persero)","Indonesia","PT Pertamina International Shipping (PIS)","Indonesia","PT Pertamina International Shipping (PIS)","Indonesia","-","-","-","-","9793454","525108004","12.00",2014,"-","-","-","-","STX Engine Company Limited",4440,6033,"6S35MC-MK7","Steamship Mutual Underwriting Association (Bermuda) Ltd","Bureau Veritas","Biro Klasifikasi Indonesia","-","2022-10-21T00:00:00","2024-06-11T00:00:00","2024-06-01T00:00:00","2022-10-21T00:00:00","-","-","PT Pertamina (Persero)","Indonesia","PT Pertamina (Persero)","Indonesia","BINTUNI","Sungai Pakning, Sumatra","A","25 Apr 2026 10:18:09 GMT","03 May 2026 09:00:00 GMT","PT Pertamina International Shipping (PIS)","Indonesia","1° 13' 43"" N","103° 19' 51"" E"
"Pangalengan","product tanker","Indonesia","P.T. Daya Radar Utama","12589241","Live","Indonesia",4583,"General Purpose, 10'-25'dwt",17803,"Double Hull","YCXH2",14960,"H349","157.50","149.50","-","27.70","7.50","4.50","B&W Diesel A/S","Jakarta","-","PT Pertamina (Persero)","Indonesia","PT Pertamina International Shipping (PIS)","Indonesia","PT Pertamina International Shipping (PIS)","Indonesia","-","-","-","-","9793478","525108015","12.00",2019,"-","-","-","-","STX Engine Company Limited",4440,6033,"6S35MC","Steamship Mutual Underwriting Association (Bermuda) Ltd","BV (provisional)"," (provisional)"," (provisional)","2024-11-04T00:00:00","2023-02-04T00:00:00","2024-11-01T00:00:00","2024-11-04T00:00:00","-","-","PT Pertamina International Shipping (PIS)","Indonesia","PT Pertamina International Shipping (PIS)","Indonesia","-","-","A","25 Apr 2026 10:11:25 GMT","-","PT Pertamina International Shipping (PIS)","Indonesia","1° 15' 31"" S","116° 48' 46"" E"
"Parigi P1030","product tanker","Indonesia","P.T. Anggrek Hitam","12589259","Live","Indonesia",4744,"General Purpose, 10'-25'dwt",17665,"Double Hull","YBZV2",14749,"AH-038","157.50","149.50","-","27.70","7.00","5.00","B&W Diesel A/S","Jakarta","-","PT Pertamina (Persero)","Indonesia","PT Pertamina International Shipping (PIS)","Indonesia","PT Pertamina International Shipping (PIS)","Indonesia","-","-","-","-","9755634","525108006","12.00",2017,"-","-","-","-","STX Engine Company Limited",4440,5954,"6S35MC","Steamship Mutual Underwriting Association (Bermuda) Ltd","Nippon Kaiji Kyokai","-","-","2020-10-28T00:00:00","-","2017-10-31T00:00:00","-","-","-","PT Pertamina International Shipping (PIS)","Indonesia","PT Pertamina International Shipping (PIS)","Indonesia","ID TPP","-","A","25 Apr 2026 10:16:01 GMT","25 Apr 2026 07:05:00 GMT","PT Pertamina International Shipping (PIS)","Indonesia","5° 59' 34"" S","106° 53' 42"" E"
"Maritim Cakrawala","product tanker","Indonesia","P.T. Anggrek Hitam","12589260","Live","Indonesia",4576,"General Purpose, 10'-25'dwt",17630,"Double Hull","YDCV3",14654,"AH-037","157.50","149.50","28.00","27.70","7.00","5.02","B&W Diesel A/S","Jakarta","-","P.T. Pancaran Samudera Transport (Pancaran Group)","Indonesia","PT Pancaran Maritim Transportindo","Indonesia","PT Destinasi Maritim Indonesia","Indonesia","-","-","-","-","9755517","525121054","12.00",2023,"-","-","-","-","-",5190,6960,"6S35MC7","Hydor AS","Nippon Kaiji Kyokai","China Classification","-","-","-","-","-","-","-","PT Destinasi Maritim Indonesia","Indonesia","PT Destinasi Maritim Indonesia","Indonesia","-","-","A","25 Apr 2026 10:14:18 GMT","-","PT Pancaran Maritim Transportindo","Indonesia","1° 21' 56"" S","116° 56' 5"" E"
"Pasaman","product tanker","Indonesia","PT Multi Ocean Shipyard","12589291","Live","Indonesia",7873,"General Purpose, 10'-25'dwt",17948,"Double Hull","YCHE2",14596,"H-7008","157.50","149.51","-","27.70","7.02","4.98","B&W Diesel A/S","Jakarta","-","PT Pertamina (Persero)","Indonesia","PT Pertamina International Shipping (PIS)","Indonesia","PT Pertamina International Shipping (PIS)","Indonesia","-","-","-","-","9787895","525108007","12.00",2017,"-","-","-","-","Akasaka Diesels Limited",4440,5954,"6S35MC","Steamship Mutual Underwriting Association (Bermuda) Ltd","Nippon Kaiji Kyokai","-","-","2021-04-08T00:00:00","-","2018-04-06T00:00:00","-","-","-","PT Pertamina International Shipping (PIS)","Indonesia","PT Pertamina International Shipping (PIS)","Indonesia","ID TG.UBAN","-","A","25 Apr 2026 10:17:53 GMT","24 Apr 2026 05:12:00 GMT","PT Pertamina International Shipping (PIS)","Indonesia","1° 4' 20"" N","104° 12' 42"" E"
"Papandayan","product tanker","Indonesia","P.T. Daya Radar Utama","12589304","Live","Indonesia",4583,"General Purpose, 10'-25'dwt",17713,"Double Hull","YCOY2",14750,"H311","157.50","149.50","-","27.70","7.00","5.00","B&W Diesel A/S","Jakarta","-","PT Pertamina (Persero)","Indonesia","P.T. Pertamina Patra Niaga","Indonesia","P.T. Pertamina Patra Niaga","Indonesia","-","-","-","-","9793466","525108008","12.00",2019,"-","-","-","-","STX Engine Company Limited",4440,6033,"6S35MC-MK7","NorthStandard","Bureau Veritas","-","-","2024-01-10T00:00:00","2022-03-09T00:00:00","2024-01-01T00:00:00","2024-01-10T00:00:00","-","-","-","-","P.T. Pertamina Patra Niaga","Indonesia","PLAJU","-","A","25 Apr 2026 10:08:46 GMT","24 Apr 2026 19:00:00 GMT","P.T. Pertamina Patra Niaga","Indonesia","2° 9' 19"" S","104° 59' 12"" E"
"Golden Leader","product tanker","Japan","Kurinoura Dockyard K.K.","12604602","Live","Panama",3881,"General Purpose, 10'-25'dwt",12495,"Double Hull","3FGL9",7243,"443","124.00","116.00","-","20.00","8.77","2.43","B&W Diesel A/S","Panama","-","Yawatahama Shosen K.K.","Japan","Yawatahama Shosen K.K.","Japan","Chie Shipping S.A.","Panama","Dorval SC Tankers Incorporated","Japan","-","-","9805130","351385000","11.20",2017,"-","Unknown Scrubber Manufacturer","Unknown","Unknown","Makita Corporation",3900,5230,"6L35MC","Japan Shipowners Mutual Protection & Indemnity Association","Nippon Kaiji Kyokai","-","-","2020-07-09T00:00:00","-","2017-06-16T00:00:00","-","-","-","Dorval Ship Management K.K.","Japan","Dorval Ship Management K.K.","Japan","TH MAT","-","A","25 Apr 2026 10:16:25 GMT","24 Apr 2026 11:00:00 GMT","Yawatahama Shosen K.K.","Japan","12° 35' 26"" N","101° 13' 20"" E"
"BA FANG YUAN 7","product tanker","China","Zhejiang Fangyuan Ship Industry Company Limited","12618277","Live","China","-","General Purpose, 10'-25'dwt",19247,"Single","BKWA6",11698,"-","156.52","141.40","-","22.00","9.60","-","Unknown Engine Designer","-","-","Zhejiang Yizhou Shipping Company Limited","People's Republic of China","Zhejiang Yizhou Shipping Company Limited","People's Republic of China","Zhejiang Yizhou Shipping Company Limited","People's Republic of China","-","-","-","-","8530386","413458330","-",2016,"-","-","-","-","-","-","-","6S42MC7","-","-","-","-","-","-","-","-","-","-","-","-","Zhejiang Yizhou Shipping Company Limited","People's Republic of China","ZHOUSHAN","Zhoushan Port","A","25 Apr 2026 10:14:05 GMT","26 Apr 2026 22:00:00 GMT","Zhejiang Yizhou Shipping Company Limited","People's Republic of China","33° 33' 7"" N","122° 56' 23"" E"
"Balham","product tanker","Zhoushan","PaxOcean Engineering Private Limited","12698245","Live","Liberia",4715,"General Purpose, 10'-25'dwt",17962,"Double Hull","5LLM7",14876,"H1019","157.50","149.50","27.73","27.70","7.00","5.00","Akasaka Diesels Limited","Monrovia","-","Unknown Owners","-","Unknown Owners","-","Balham Shipping Limited","United Kingdom","-","-","-","-","9808479","636023007","12.00",2018,"-","-","-","-","STX Engine Company Limited",4440,5954,"6S35ME-B9","Assuranceforeningen Gard","Bureau Veritas","-","-","2021-02-23T00:00:00","-","2024-07-01T00:00:00","-","-","-","Atlantas Ship Management Limited","United Kingdom","Atlantas Ship Management Limited","United Kingdom","BONNY","-","A","25 Apr 2026 10:16:03 GMT","22 Apr 2026 08:00:00 GMT","Unknown Owners","-","4° 27' 7"" N","7° 9' 8"" E"
"Bedford","product tanker","Zhoushan","PaxOcean Engineering Private Limited","12698246","Live","Nigeria",4715,"General Purpose, 10'-25'dwt",17988,"Double Hull","5N2479",14876,"H1018","157.50","149.50","27.73","27.70","12.00","0.53","Akasaka Diesels Limited","-","-","Union Maritime Limited","United Kingdom","Union Maritime Limited","United Kingdom","UML Bedford Limited","United Kingdom","Atlantas Ship Management Limited","United Kingdom","-","-","9808467","657309200","12.53",2018,"-","-","-","-","STX Engine Company Limited",4440,5954,"6S35ME-B9","Assuranceforeningen Gard","Bureau Veritas","-","-","2020-12-27T00:00:00","-","2025-09-01T00:00:00","-","-","-","Atlantas Ship Management Limited","United Kingdom","Atlantas Ship Management Limited","United Kingdom","-","-","A","25 Apr 2026 06:37:37 GMT","-","Union Maritime Limited","United Kingdom","4° 12' 5"" N","7° 48' 37"" E"
"Dionne","product tanker","Yawatahama","Kurinoura Dockyard K.K.","12757267","Live","Panama",3859,"General Purpose, 10'-25'dwt",12384,"Double Hull","3EQN4",7430,"445","124.00","116.00","-","20.00","8.77","2.43","B&W Diesel A/S","Panama","-","Koyo Kaiun Company Limited","Japan","Koyo Kaiun Company Limited","Japan","K.N.D. Line S.A.","Panama","-","-","-","-","9814909","354996000","11.20",2018,"-","Unknown Scrubber Manufacturer","Unknown","Unknown","Makita Corporation",3900,5230,"6L35MC","Japan Shipowners Mutual Protection & Indemnity Association","Nippon Kaiji Kyokai","-","-","2021-04-14T00:00:00","-","2018-06-29T00:00:00","-","-","-","Green Wave Shipping Private Limited","Republic of Singapore","Green Wave Shipping Private Limited","Republic of Singapore","IN SIK","-","A","25 Apr 2026 10:17:43 GMT","24 Apr 2026 20:30:00 GMT","Koyo Kaiun Company Limited","Japan","22° 27' 26"" N","69° 47' 51"" E"
"Amyla","product tanker","Innoshima","Naikai Zosen Shipbuilding Corporation","12768988","Live","Singapore",4963,"General Purpose, 10'-25'dwt",18769,"Double Hull","9V8504",13136,"796","157.98","149.98","-","27.90","7.22","3.98","B&W Diesel A/S","Singapore","-","Prive Holding Anonim Sirket","Turkiye","Prive Overseas Marine LLC","United Arab Emirates","Nolan Maritime 2024 Designated Activity Company","Republic of Ireland","BTS Tankers Private Limited","Republic of Singapore","-","-","9820714","563174600","11.20",2018,"-","-","-","-","Hitachi Zosen Corporation",4900,6571,"7S35MC","West of England Mutual Shipowners Protection & Indemnity Association (Luxemburg)","Korean Register","-","-","2018-12-26T00:00:00","-","2018-12-26T00:00:00","-","-","-","Atlantas Ship Management Limited","United Kingdom","Atlantas Ship Management Limited","United Kingdom","LOMEOFFSHORE","-","A","25 Apr 2026 10:17:31 GMT","23 Apr 2026 16:00:00 GMT","Prive Overseas Marine LLC","United Arab Emirates","6° 3' 55"" N","1° 14' 46"" E"
"T Adalyn","product tanker","Tuzla","RMK Marine Shipyard","12792833","Live","Turkiye",3685,"General Purpose, 10'-25'dwt",14954,"Double Hull","TC5311",12539,"113","153.90","144.00","22.20","22.00","8.51","3.99","B&W Diesel A/S","Istanbul","-","Koc Holding AS (KOC)","Turkiye","(TUPRAS) Turkiye Petrol Rafinerileri A.S. (Turkish Petroleum Refineries Corporation)","Turkiye","Pendik Tankercilik AS","Turkiye","Ditas Deniz Isletmeciligi ve Tankerciligi A.S.","Turkiye","-","-","9830305","271046486","12.50",2019,"-","Unknown Scrubber Manufacturer","Unknown","Unknown","-","-","-","7S35MC","Assuranceforeningen Skuld","DNV","-","-","-","-","-","-","-","-","Ditas Deniz Isletmeciligi ve Tankerciligi A.S.","Turkiye","Ditas Deniz Isletmeciligi ve Tankerciligi A.S.","Turkiye","FOR ORDER","-","A","25 Apr 2026 10:17:45 GMT","23 Apr 2026 19:51:00 GMT","(TUPRAS) Turkiye Petrol Rafinerileri A.S. (Turkish Petroleum Refineries Corporation)","Turkiye","47° 9' 4"" N","4° 15' 6"" W"
"Kirana Nawa","product tanker","Innoshima","Naikai Zosen Shipbuilding Corporation","12827220","Live","Singapore",5044,"General Purpose, 10'-25'dwt",18991,"Double Hull","9V6100",13136,"800","157.98","149.98","-","27.90","7.28","3.96","B&W Diesel A/S","Singapore","-","Unknown Owners","-","Unknown Owners","-","Luludia Shipping Private Limited","Republic of Singapore","Global Marine Logistics Private Limited","Republic of Singapore","-","-","9832377","563067500","11.20",2019,"-","-","-","-","Hitachi Shipbuilding Corporation (Innoshima)",4900,6571,"7S35MC","Japan Shipowners Mutual Protection & Indemnity Association","Nippon Kaiji Kyokai","-","-","-","-","2019-03-20T00:00:00","-","-","-","NYK Energy Ocean Shipmanagement Private Limited","Republic of Singapore","NYK Energy Ocean Shipmanagement Private Limited","Republic of Singapore","NGHI SON-VTNM","-","A","25 Apr 2026 10:07:55 GMT","28 Apr 2026 01:00:00 GMT","Unknown Owners","-","9° 6' 34"" N","108° 39' 2"" E"
"Mikhail Lazarev","product tanker","Goeje Is.","Samsung Shipbuilding & Heavy Industries Company Limited","12845027","Live","Russia",13337,"MR 2, 35'-45'dwt",41012,"Double Hull","UBZS8",44457,"2245","248.95","232.00","40.00","34.00","9.50","5.50","B&W Diesel A/S","St. Petersburg","-","PAO Sovcomflot  (PJSC 'Modern Commercial Fleet')","Russian Federation","SCF TM Limited","Russian Federation","Balenia Shipping Company Limited","Russian Federation","Gazprom Neft Shelf LLC","Russian Federation","-","-","9837547","273212310","15.00",2019,"-","-","-","-","STX Engine Company Limited","-","-","18V32/40","-","Russian Register of Ships","-","-","-","-","-","-","-","-","SCF TM Limited","Russian Federation","SCF TM Limited","Russian Federation","RU MMK>>RU SAB","-","A","25 Apr 2026 10:10:22 GMT","30 Apr 2026 17:00:00 GMT","SCF TM Limited","Russian Federation","70° 24' 56"" N","38° 12' 16"" E"
"Hai Zhi Run 17","product tanker","Taizhou(Jiangsu)","Taizhou Maple Leaf Shipbuilding Company Limited","12873357","Live","China",9638,"MR 1, 25'-35'dwt",34589,"Double Hull","BQYJ",23708,"MLPT30000-001","181.08","173.15","30.50","30.50","10.33","5.27","Fuji Diesel Company Limited","Zhoushan","-","Zhejiang Haizhirun Shipping Company Limited","People's Republic of China","Zhejiang Haizhirun Shipping Company Limited","People's Republic of China","Zhejiang Haizhirun Shipping Company Limited","People's Republic of China","-","-","-","-","9824473","412767870","15.60",2017,"-","-","-","-","CSSC Marine Power Company Limited",6340,8502,"6S40ME-B9.5","West of England Mutual Shipowners Protection & Indemnity Association (Luxemburg)","China Classification","-","-","-","-","-","-","-","-","Zhejiang Haizhirun Shipping Company Limited","People's Republic of China","Zhejiang Haizhirun Shipping Company Limited","People's Republic of China","HUANG ZE SHAN","-","A","25 Apr 2026 09:54:42 GMT","25 Apr 2026 06:30:00 GMT","Zhejiang Haizhirun Shipping Company Limited","People's Republic of China","30° 30' 39"" N","122° 18' 41"" E"
"Hua Shun 298","product tanker","China","Jiangsu Haitong Offshore Engineering Equipment Company Limited","12881718","Live","China",5014,"General Purpose, 10'-25'dwt",13074,"Single","BUID",8954,"-","140.00","131.00","21.00","20.80","7.93","3.28","MAN Diesel AS","Wuhan","-","China Aerospace Science And Industry Corporation Limited (46.5%) + Honghua Group Limited (53.5%)","People's Republic of China","Aerospace Science & Industry Financial Leasing Company Limited","People's Republic of China","Aerospace Science & Industry Financial Leasing Company Limited","People's Republic of China","-","-","-","-","8525757","413593680","11.20",2017,"-","-","-","-","-","-","-","8G32","-","-","-","-","-","-","-","-","2027-12-10T00:00:00","2027-12-10T00:00:00","-","-","Hainan Jianghai Hengtong Shipping Company Limited","People's Republic of China","FUZHOU","-","A","25 Apr 2026 10:12:02 GMT","21 Apr 2026 12:10:00 GMT","Aerospace Science & Industry Financial Leasing Company Limited","People's Republic of China","26° 12' 6"" N","119° 48' 47"" E"
"Hai Xin You 619","product tanker","Mawei","Fujian Mawei Shipbuilding Limited","12884995","Live","China",5100,"General Purpose, 10'-25'dwt",16493,"Double Hull","BRHW",11956,"MW510-1","149.10","143.50","-","23.00","8.46","4.14","Akasaka Diesels Limited","Ningbo","-","China National Aviation Fuel Group Corporation Limited (CNAF)","People's Republic of China","China National Aviation Fuel Supply Company Limited","People's Republic of China","China National Aviation Fuel Haixin Shipping Corporation","People's Republic of China","-","-","-","-","9838591","413210920","12.60",2019,"-","-","-","-","Yichang Marine Diesel Engine Plant",4300,5766,"6S35ME-B9.5","China Shipowners Mutual Assurance Association","China Classification","-","-","-","-","-","-","-","-","China National Aviation Fuel Haixin Shipping Corporation","People's Republic of China","China National Aviation Fuel Haixin Shipping Corporation","People's Republic of China","SGP EOPL","-","A","25 Apr 2026 10:15:14 GMT","25 Apr 2026 12:30:00 GMT","China National Aviation Fuel Supply Company Limited","People's Republic of China","1° 39' 22"" N","104° 42' 22"" E"
"Hai Gang Zhi Yuan","bunkering tanker","Mawei","Fujian Mawei Shipbuilding Limited","12887052","Live","China",4425,"General Purpose, 10'-25'dwt",13397,"Double Hull","BOTT5",8981,"MW511-5","139.98","-","20.23","20.20","7.20","3.02","Wartsila Corporation","Shanghai","-","Shanghai International Port Group Logistics Company Limited (SIPG)","People's Republic of China","Shanghai SIPG Energy Service Company Limited (SSES)","People's Republic of China","Shanghai SIPG Energy Service Company Limited (SSES)","People's Republic of China","-","-","-","-","9843663","413298930","11.20",2021,"-","-","-","-","-",4350,5833,"5X35-B","London Steamship Owners Mutual Insurance Association Ltd","CS (provisional)"," (provisional)"," (provisional)","-","-","-","-","2026-09-28T00:00:00","2026-09-28T00:00:00","Wah Kwong Ship Management (Shenzhen) Limited","People's Republic of China","Wah Kwong Ship Management (Shenzhen) Limited","People's Republic of China","YANGSHAN","Yangshan","A","25 Apr 2026 10:15:41 GMT","25 Apr 2026 10:00:00 GMT","Shanghai SIPG Energy Service Company Limited (SSES)","People's Republic of China","30° 35' 3"" N","121° 58' 37"" E"
"Fu Zhen","product tanker","-","-","12889264","Live","China",4333,"General Purpose, 10'-25'dwt",11826,"Single","-",7738,"-","128.10","120.30","-","20.00","7.80","3.51","Unknown Engine Designer","Zhoushan","-","Unknown Owners","-","Unknown Owners","-","Unknown Owners","-","-","-","-","-","9857602","413620730","11.00",2018,"-","-","-","-","-","-","-","8N330-EN","-","-","-","-","-","-","-","-","2028-01-15T00:00:00","2028-01-15T00:00:00","-","-","Unknown Owners","-","WAILINGDING","Wailingding Island Anchorage","A","25 Apr 2026 10:12:42 GMT","25 Apr 2026 16:58:00 GMT","Unknown Owners","-","22° 5' 39"" N","114° 1' 3"" E"
"Yu Hai","product tanker","Taizhou(Jiangsu)","Taizhou Maple Leaf Shipbuilding Company Limited","12903414","Live","Hong Kong, S.A.R., China",5396,"General Purpose, 10'-25'dwt",19999,"Double Hull","VRSF9",14681,"MLPT19900-002","146.90","142.00","-","30.00","7.87","4.63","Akasaka Diesels Limited","Hong Kong","-","Maple Leaf Shipping Company Limited","People's Republic of China","Maple Leaf Shipping Company Limited","People's Republic of China","Yu Hai Maritime Limited","Hong Kong, S.A.R., China","-","-","-","-","9846378","477232100","12.50",2018,"-","-","-","-","CSSC Marine Power Company Limited",4205,5639,"6S35ME-B9","U.K. Mutual Steam Ship Assurance Association (Bermuda) Ltd","China Classification","-","-","-","-","2018-10-24T00:00:00","-","-","-","Maple Leaf Shipping Company Limited","People's Republic of China","Maple Leaf Shipping Company Limited","People's Republic of China","YANGON","Yangon","A","25 Apr 2026 10:09:07 GMT","23 Apr 2026 23:00:00 GMT","Maple Leaf Shipping Company Limited","People's Republic of China","16° 3' 6"" N","96° 18' 29"" E"
"Yu Dong","product tanker","Taizhou(Jiangsu)","Taizhou Maple Leaf Shipbuilding Company Limited","12903416","Live","Hong Kong, S.A.R., China",5396,"General Purpose, 10'-25'dwt",19999,"Double Hull","VRRW3",14681,"MLPT19900-001","146.90","142.00","-","30.00","7.87","4.63","Akasaka Diesels Limited","Hong Kong","-","Maple Leaf Shipping Company Limited","People's Republic of China","Maple Leaf Shipping Company Limited","People's Republic of China","Yu Dong Maritime Limited","Hong Kong, S.A.R., China","-","-","-","-","9846366","477176500","12.50",2018,"-","-","-","-","CSSC Marine Power Company Limited",4205,5639,"6S35ME-B9","U.K. Mutual Steam Ship Assurance Association (Bermuda) Ltd","China Classification","-","-","-","-","2018-06-19T00:00:00","-","-","-","Maple Leaf Shipping Company Limited","People's Republic of China","Maple Leaf Shipping Company Limited","People's Republic of China","YANGON","-","A","25 Apr 2026 10:04:47 GMT","25 Apr 2026 04:30:00 GMT","Maple Leaf Shipping Company Limited","People's Republic of China","16° 38' 52"" N","96° 15' 48"" E"
"CHANG FENG YOU 18","product tanker","-","Nanjing Chenglang Shipbuilding Industry Company Limited","12904569","Live","China",4278,"General Purpose, 10'-25'dwt",11974,"Single","BQBI6",7641,"-","136.35","128.50","19.00","18.40","7.90","2.10","Unknown Engine Designer","Zhoushan","-","China Zheshang Bank Company Limited (CZBank)","People's Republic of China","Zhejiang Zheyin Financial Leasing Company Limited","People's Republic of China","Zhejiang Zheyin Financial Leasing Company Limited","People's Republic of China","-","-","-","-","9857559","413332230","10.00",2018,"-","-","-","-","-","-","-","8N330-EN","-","-","-","-","-","-","-","-","2028-02-05T00:00:00","2028-02-05T00:00:00","-","-","Zhejiang Fengyu Shipping Company Limited","People's Republic of China","CHANG JIANG KOU","Changjiangkou","A","25 Apr 2026 10:14:22 GMT","26 Apr 2026 18:00:00 GMT","Zhejiang Zheyin Financial Leasing Company Limited","People's Republic of China","34° 46' 58"" N","122° 46' 23"" E"
"Southern Vulture","product tanker","Imabari","Asakawa Shipbuilding Company Limited","12915911","Live","Liberia",5764,"General Purpose, 10'-25'dwt",17402,"Double Hull","D5TJ3",9995,"631","134.93","128.00","-","23.20","9.46","3.09","Unknown Engine Designer","Monrovia","-","Sansho Kaiun Company Limited","Japan","Sansho Kaiun Company Limited","Japan","Sansho Line S.A.","Panama","-","-","-","-","9852274","636019191","12.55",2019,"-","-","-","-","-",4620,6196,"6L35MC","Swedish Club (Sverige Angfartygs Assurans Forening)","NK (provisional)"," (provisional)"," (provisional)","-","-","2019-04-15T00:00:00","-","-","-","NCCI Marine Incorporated","Philippines","NCCI Marine Incorporated","Philippines","PHSUG","-","A","25 Apr 2026 10:12:46 GMT","29 Apr 2026 14:00:00 GMT","Sansho Kaiun Company Limited","Japan","27° 46' 32"" N","129° 18' 58"" E"
"T. Elinor","product tanker","Tuzla","RMK Marine Shipyard","12917514","Live","Turkiye",5084,"General Purpose, 10'-25'dwt",15976,"Double Hull","TCA5646",12274,"114","153.63","144.00","-","22.00","8.60","3.10","B&W Diesel A/S","Istanbul","-","Koc Holding AS (KOC)","Turkiye","(TUPRAS) Turkiye Petrol Rafinerileri A.S. (Turkish Petroleum Refineries Corporation)","Turkiye","Tuzla Tankercilik AS","Turkiye","Ditas Deniz Isletmeciligi ve Tankerciligi A.S.","Turkiye","-","-","9838993","271047046","11.70",2019,"-","Unknown Scrubber Manufacturer","Unknown","Unknown","-","-","-","7S35MC","Assuranceforeningen Skuld","DN (provisional)"," (provisional)"," (provisional)","-","-","-","-","-","-","Ditas Deniz Isletmeciligi ve Tankerciligi A.S.","Turkiye","Ditas Deniz Isletmeciligi ve Tankerciligi A.S.","Turkiye","TRMER","-","A","25 Apr 2026 10:17:45 GMT","26 Apr 2026 15:00:00 GMT","(TUPRAS) Turkiye Petrol Rafinerileri A.S. (Turkish Petroleum Refineries Corporation)","Turkiye","35° 40' 2"" N","27° 59' 20"" E"
"XIN MING DA 26","product tanker","-","Jiangsu Haitong Offshore Engineering Equipment Company Limited","12920254","Live","China",5029,"General Purpose, 10'-25'dwt",13777,"Single","-",8981,"-","140.00","131.00","21.00","20.80","8.20","2.41","Unknown Engine Designer","Zhoushan","-","China COSCO Shipping Corporation Limited (China Cosco Shipping Group) (COSCO Shipping) (COSCOCS)","People's Republic of China","Zhejiang Xinmingda Shipping Company Limited","People's Republic of China","Zhejiang Xinmingda Shipping Company Limited","People's Republic of China","-","-","-","-","9858955","414402270","11.00",2018,"-","-","-","-","-","-","-","8N330-EN","-","-","-","-","-","-","-","-","2028-04-18T00:00:00","2028-04-18T00:00:00","Zhejiang Xinmingda Shipping Company Limited","People's Republic of China","Zhejiang Xinmingda Shipping Company Limited","People's Republic of China","NING BO","Ningbo Port","A","25 Apr 2026 10:08:50 GMT","25 Apr 2026 12:30:00 GMT","Zhejiang Xinmingda Shipping Company Limited","People's Republic of China","29° 57' 58"" N","121° 47' 58"" E"
"Jian Qiao 116","product tanker","China","Qidong Jisheng Shipbuilding Company Limited","12927426","Live","China",4471,"General Purpose, 10'-25'dwt",11997,"Single","-",7985,"-","137.00","129.90","19.00","18.80","8.10","2.70","Unknown Engine Designer","Zhoushan","-","Shanghai Industrial Investment (Holdings) Company Limited","Hong Kong, S.A.R., China","SIIC Financial Services Holdings Limited","People's Republic of China","Shanghai Guojin Financial Leasing Company Limited","People's Republic of China","-","-","-","-","9863077","414402130","10.80",2018,"-","-","-","-","-","-","-","8N330-EN","West of England Mutual Shipowners Protection & Indemnity Association (Luxemburg)","-","-","-","-","-","-","-","-","-","Zhoushan Jianqiao Shipping Company Limited","People's Republic of China","Zhoushan Jianqiao Shipping Company Limited","People's Republic of China","NAN JING","-","A","25 Apr 2026 10:13:46 GMT","26 Apr 2026 12:00:00 GMT","SIIC Financial Services Holdings Limited","People's Republic of China","31° 38' 50"" N","121° 13' 59"" E"
"Jiao Yun You 169","product tanker","China","Nanjing Chenglang Shipbuilding Industry Company Limited","12935356","Live","China","-","General Purpose, 10'-25'dwt",11954,"Single","BSIA3",7979,"-","137.00","129.90","19.00","18.80","6.00","4.80","Unknown Engine Designer","Shanghai","-","Shanghai Industrial Investment (Holdings) Company Limited","Hong Kong, S.A.R., China","SIIC Financial Services Holdings Limited","People's Republic of China","Shanghai Guojin Financial Leasing Company Limited","People's Republic of China","-","-","-","-","9859064","413381070","10.80",2018,"-","-","-","-","-","-","-","8N330-EN","-","-","-","-","-","-","-","-","2028-04-18T00:00:00","2028-04-18T00:00:00","-","-","Shanghai Jiaoshang Shipping Company Limited","-","ZHOUSHAN","-","A","25 Apr 2026 10:11:51 GMT","24 Apr 2026 11:30:00 GMT","SIIC Financial Services Holdings Limited","People's Republic of China","30° 0' 9"" N","122° 4' 21"" E"
"In Ecker","product tanker","Ulsan","HD Hyundai Mipo Company Limited","12944143","Live","Algeria",10176,"MR 2, 35'-45'dwt",39971,"Double Hull","7TQM",26371,"2691","183.06","174.00","-","32.20","10.50","5.80","B&W Diesel A/S","Oran","-","Sonatrach SpA","Algeria","Hyproc Shipping Company","Algeria","Hyproc Shipping Company","Algeria","-","-","-","-","9861483","605176020","16.30",2019,"-","-","-","-","HD Hyundai Heavy Industries Company Limited",8596,11679,"6S50ME-C9.5 Tier III","Assuranceforeningen Gard","Bureau Veritas","-","-","2025-06-05T00:00:00","2023-01-15T00:00:00","2025-06-01T00:00:00","-","-","-","Hyproc Shipping Company","Algeria","Hyproc Shipping Company","Algeria","DZALG","-","A","25 Apr 2026 10:17:24 GMT","22 Apr 2026 01:00:00 GMT","Hyproc Shipping Company","Algeria","36° 45' 41"" N","3° 4' 31"" E"
"DONG FANG YOU 13","product tanker","China","Qidong Jisheng Shipbuilding Company Limited","12949274","Live","China",4471,"General Purpose, 10'-25'dwt",11997,"Single","-",7985,"-","137.00","129.90","19.00","18.80","8.10","2.90","MAN Energy Solutions SE","Zhanjiang","-","Zhanjiang Economic and Technological Development DongFang Shipping Service Company Limited","People's Republic of China","Zhanjiang Economic and Technological Development DongFang Shipping Service Company Limited","People's Republic of China","Zhanjiang Economic and Technological Development DongFang Shipping Service Company Limited","People's Republic of China","-","-","-","-","9868493","413495550","11.00",2018,"-","-","-","-","Shaanxi Diesel Engine Factory","-","-","7L32/40","-","-","-","-","-","-","-","-","2028-08-09T00:00:00","2028-08-09T00:00:00","-","-","Zhanjiang Economic and Technological Development DongFang Shipping Service Company Limited","People's Republic of China","JIANG YIN","Nantong Port","A","25 Apr 2026 10:15:05 GMT","20 Apr 2026 19:12:00 GMT","Zhanjiang Economic and Technological Development DongFang Shipping Service Company Limited","People's Republic of China","31° 12' 22"" N","122° 39' 46"" E"
"Thriving","product tanker","Spain","-","12960751","Live","Sierra Leone",3555,"General Purpose, 10'-25'dwt",10628,"Single","9LS2167",7090,"CH9916","134.00","125.67","19.00","-","5.40","5.25","Unknown Engine Designer","Freetown","-","Unknown Owners","-","Unknown Owners","-","Goldenline Marine Company Limited","Hong Kong, S.A.R., China","-","-","-","-","8335243","667002464","10.65",2000,"-","-","-","-","-",4250,3525,"UNKNOWN","-","-","-","-","-","-","-","-","-","-","Yangzhou Xinrun Shipping Company Limited","People's Republic of China","Yangzhou Xinrun Shipping Company Limited","People's Republic of China","KHAWRFFAKAN","Khor al Fakkan","A","25 Apr 2026 10:13:25 GMT","10 May 2026 23:00:00 GMT","Unknown Owners","-","4° 8' 50"" N","99° 38' 38"" E"
"Hua Sheng366","product tanker","China","-","12961913","Live","China",4471,"General Purpose, 10'-25'dwt",11998,"Single","-",7985,"-","137.00","129.90","19.00","18.80","8.10","2.90","Unknown Engine Designer","Zhoushan","-","Unknown Owners","-","Unknown Owners","-","Wenzhou Huashun Shipping Company Limited","People's Republic of China","-","-","-","-","9868285","414403440","11.00",2018,"-","-","-","-","-","-","-","8N330-EN","-","-","-","-","-","-","-","-","-","-","-","-","Unknown Owners","-","PAN JIN","-","A","25 Apr 2026 10:15:59 GMT","28 Apr 2026 08:00:00 GMT","Unknown Owners","-","30° 31' 30"" N","123° 1' 1"" E"
"Crane Uranus","product tanker","Japan","-","12971021","Live","Panama",3893,"General Purpose, 10'-25'dwt",12677,"Single","3FMN5",7910,"638","126.76","119.60","20.80","20.80","8.10","2.85","Unknown Engine Designer","Panama","-","Tsurumi Sunmarine Company Limited (Tsurumi Sunmarine KK)","Japan","Tsurumi Sunmarine Company Limited (Tsurumi Sunmarine KK)","Japan","Hakushin Panama/Murahide","Panama","-","-","-","-","9843998","355493000","10.95",2018,"-","-","-","-","Hitachi Zosen Corporation",3900,5230,"6L35MC","NorthStandard","NK (provisional)"," (provisional)"," (provisional)","-","-","-","-","-","-","GSM Company Limited","Republic of Korea","GSM Company Limited","Republic of Korea",">TW TPE","Taipei","A","25 Apr 2026 10:15:39 GMT","25 Apr 2026 22:00:00 GMT","Tsurumi Sunmarine Company Limited (Tsurumi Sunmarine KK)","Japan","26° 39' 17"" N","122° 59' 17"" E"
"Bow Prosper","Tanker (unspecified)","Nagasaki","Fukuoka Shipbuilding Company Limited","12976462","Live","Norway (Int. Register)",10102,"MR 2, 35'-45'dwt",36222,"Double Hull","LAKA8",22446,"2091","182.90","174.00","-","28.30","11.30","4.90","Unknown Engine Designer","Bergen","-","Quantum Pacific Group","Monaco","Eastern Pacific Shipping Private Limited","Republic of Singapore","Friend Shine Shipping S.A.","Panama","Odfjell Tankers AS","Norway","-","-","9866770","257569000","16.20",2020,"-","-","-","-","-",7298,7298,"UNKNOWN","Assuranceforeningen Gard","DNV","-","-","-","-","-","-","-","-","Odfjell Management AS","Norway","Odfjell Management AS","Norway","USPOA","-","A","25 Apr 2026 10:17:52 GMT","22 Apr 2026 13:00:00 GMT","Eastern Pacific Shipping Private Limited","Republic of Singapore","29° 50' 45"" N","93° 58' 7"" W"
"HUA SHUN 398","product tanker","-","-","12987825","Live","China",5014,"General Purpose, 10'-25'dwt",13737,"Single","BPEA6",8954,"-","140.00","131.00","21.00","20.80","8.20","2.41","Unknown Engine Designer","Yangpu","-","Unknown Owners","-","Unknown Owners","-","Unknown Owners","-","-","-","-","-","9885477","413206830","11.00",2018,"-","-","-","-","-","-","-","8N330-EN","-","-","-","-","-","-","-","-","2028-12-20T00:00:00","2028-12-20T00:00:00","-","-","Unknown Owners","-","GUANG ZHOU","Guangzhou","A","25 Apr 2026 10:17:10 GMT","25 Apr 2026 01:15:00 GMT","Unknown Owners","-","22° 3' 44"" N","114° 3' 14"" E"
"Heng Xing Fen Jing","product tanker","Jiangsu","Jiangsu Haitong Offshore Engineering Equipment Company Limited","13000864","Live","China",5054,"General Purpose, 10'-25'dwt",13102,"Single","BRDS",9024,"-","140.21","131.00","20.80","20.80","7.99","2.41","MAN Diesel AS","Ningbo","-","Ningbo Hengxing Shipping Company Limited","People's Republic of China","Ningbo Hengxing Shipping Company Limited","People's Republic of China","Ningbo Hengxing Shipping Company Limited","People's Republic of China","-","-","-","-","9877547","413206990","11.20",2019,"-","-","-","-","Guangzhou Diesel Engine Factory",3552,4763,"8G32","-","-","-","-","-","-","-","-","-","-","Ningbo Hengxing Shipping Company Limited","People's Republic of China","Ningbo Hengxing Shipping Company Limited","People's Republic of China","QINGDAO","-","A","25 Apr 2026 10:16:48 GMT","25 Apr 2026 11:00:00 GMT","Ningbo Hengxing Shipping Company Limited","People's Republic of China","36° 4' 3"" N","120° 12' 47"" E"
"Gang Ning","product tanker","China","Fujian Southeast Shipyard","13023177","Live","China",3468,"General Purpose, 10'-25'dwt",10225,"Double Hull","BQOY",6194,"DN10000-1","115.36","107.37","-","19.00","7.90","2.80","MAN Diesel AS","Fuzhou","-","Fujian Gangxiang Shipping Company Limited","People's Republic of China","Fujian Gangxiang Shipping Company Limited","People's Republic of China","Fujian Gangxiang Shipping Company Limited","People's Republic of China","-","-","-","-","9857779","413705550","10.70",2018,"-","-","-","-","CSSC Marine Power Company Limited",2720,3648,"8L27/38","-","-","-","-","-","-","-","-","-","-","Fujian Gangxiang Shipping Company Limited","People's Republic of China","Fujian Gangxiang Shipping Company Limited","People's Republic of China","MAOMING","-","A","25 Apr 2026 09:55:15 GMT","27 Apr 2026 03:00:00 GMT","Fujian Gangxiang Shipping Company Limited","People's Republic of China","23° 22' 18"" N","117° 20' 38"" E"
"Jin Shun You 19","product tanker","Jiangsu","Jiangsu Haitong Offshore Engineering Equipment Company Limited","13041429","Live","China","-","General Purpose, 10'-25'dwt",13241,"Single","BOAJ4",9024,"-","139.75","-","20.80","20.80","8.20","3.00","MAN Diesel AS","Shanghai","-","China National Petroleum Corporation (CNPC)","People's Republic of China","PetroChina Company Limited","People's Republic of China","Shanghai Jinxing Shipping Company Limited","People's Republic of China","-","-","-","-","9896438","413214420","11.20",2019,"-","-","-","-","-",3552,4763,"8G32","-","-","-","-","-","-","-","-","-","-","Shanghai Jinxing Shipping Company Limited","People's Republic of China","Shanghai Jinxing Shipping Company Limited","People's Republic of China","NAN JING","Nanjing","A","25 Apr 2026 10:15:49 GMT","25 Apr 2026 02:00:00 GMT","PetroChina Company Limited","People's Republic of China","31° 0' 55"" N","122° 39' 42"" E"
"Golden Prelude","product tanker","Japan","Kurinoura Dockyard K.K.","13055343","Live","Liberia",3881,"General Purpose, 10'-25'dwt",12400,"Double Hull","5LAI8",7251,"451","124.00","116.00","-","20.00","8.77","2.43","Unknown Engine Designer","Monrovia","-","Sinochem Corporation","People's Republic of China","Dorval SC Tankers Incorporated","Japan","Blue Rock Carrier Incorporated","Liberia","-","-","-","-","9881079","636020715","11.20",2021,"-","-","-","-","-","-","-","6L35MC","Japan Shipowners Mutual Protection & Indemnity Association","Nippon Kaiji Kyokai","-","-","-","-","-","-","-","-","Dorval Ship Management K.K.","Japan","Dorval Ship Management K.K.","Japan","SG SIN PGBG","Singapore East Anchorage","A","25 Apr 2026 10:09:57 GMT","03 May 2026 00:00:00 GMT","Dorval SC Tankers Incorporated","Japan","27° 16' 29"" S","112° 51' 52"" E"
"Golden Mind","product tanker","Japan","Kurinoura Dockyard K.K.","13055361","Live","Panama",3881,"General Purpose, 10'-25'dwt",12488,"Double Hull","H9FW",7251,"446","124.00","116.00","-","20.00","8.77","2.43","B&W Diesel A/S","Panama","-","Koyo Kaiun Company Limited","Japan","Koyo Kaiun Company Limited","Japan","Honai Shipping S.A.","Panama","Dorval SC Tankers Incorporated","Japan","-","-","9881067","357843000","11.20",2020,"-","-","-","-","-","-","-","6L35MC","Japan Shipowners Mutual Protection & Indemnity Association","Nippon Kaiji Kyokai","-","-","-","-","-","-","-","-","Dorval Ship Management K.K.","Japan","Dorval Ship Management K.K.","Japan","HK HKG","Hong Kong","A","25 Apr 2026 09:57:10 GMT","26 Apr 2026 00:00:00 GMT","Koyo Kaiun Company Limited","Japan","19° 45' 40"" N","114° 20' 4"" E"
"Marex Mom","product tanker","Japan","Kurinoura Dockyard K.K.","13055362","Live","Singapore",3724,"General Purpose, 10'-25'dwt",11500,"Double Hull","9V6817",7144,"454","119.70","113.25","-","20.00","8.72","2.48","B&W Diesel A/S","Singapore","-","Marex Maritime Private Limited","Republic of Singapore","Marex Maritime Private Limited","Republic of Singapore","Marex Maritime Private Limited","Republic of Singapore","MOL Chemical Tankers Private Limited","Republic of Singapore","-","-","9890082","563119700","11.20",2020,"-","-","-","-","-","-","-","6L35MC","NorthStandard","Nippon Kaiji Kyokai","-","-","2020-12-21T00:00:00","-","-","-","-","-","Green Maritime Company Limited","Republic of Korea","Green Maritime Company Limited","Republic of Korea","MY LDU","-","A","25 Apr 2026 10:10:56 GMT","27 Apr 2026 00:01:00 GMT","Marex Maritime Private Limited","Republic of Singapore","11° 47' 13"" N","121° 46' 13"" E"
"Southern Yaffle","product tanker","Japan","Shitanoe Shipbuilding","13057271","Live","Liberia",5647,"General Purpose, 10'-25'dwt",17301,"Double Hull","D5ZS4",9997,"1355","134.99","129.00","-","23.20","9.47","3.25","Fuji Diesel Company Limited","Monrovia","-","Sansho Kaiun Company Limited","Japan","Sansho Kaiun Company Limited","Japan","Southern Chemical Carriers S.A.","Panama","Tatsumi Marine (S) Private Limited","Republic of Singapore","-","-","9891206","636020551","12.72",2021,"-","-","-","-","Hitachi Zosen Corporation",4620,6196,"6S40ME-B9","Swedish Club (Sverige Angfartygs Assurans Forening)","Nippon Kaiji Kyokai","-","-","2021-03-30T00:00:00","-","-","-","-","-","NCCI Marine Incorporated","Philippines","NCCI Marine Incorporated","Philippines","JP IHA","-","A","25 Apr 2026 10:16:35 GMT","25 Apr 2026 04:15:00 GMT","Sansho Kaiun Company Limited","Japan","33° 59' 44"" N","133° 17' 11"" E"
"Panjang","product tanker","Indonesia","PT Multi Ocean Shipyard","13057496","Live","Indonesia",4576,"General Purpose, 10'-25'dwt",17951,"Double Hull","YCYB2",14960,"H7009","157.50","149.51","32.00","27.70","7.02","4.98","Unknown Engine Designer","Jakarta","-","PT Pertamina (Persero)","Indonesia","PT Pertamina International Shipping (PIS)","Indonesia","PT Pertamina International Shipping (PIS)","Indonesia","-","-","-","-","9857195","525108017","12.00",2019,"-","-","-","-","-","-","-","8N330-EN","Steamship Mutual Underwriting Association (Bermuda) Ltd","Nippon Kaiji Kyokai","-","-","-","-","-","-","-","-","PT Pertamina International Shipping (PIS)","Indonesia","PT Pertamina International Shipping (PIS)","Indonesia","-","-","A","25 Apr 2026 10:15:41 GMT","-","PT Pertamina International Shipping (PIS)","Indonesia","1° 16' 12"" N","103° 35' 6"" E"
"Pangrango P1034","product tanker","Indonesia","PT Multi Ocean Shipyard","13059093","Live","Indonesia",4576,"General Purpose, 10'-25'dwt",17684,"Double Hull","YCYD2",14657,"7010","157.50","150.59","-","27.70","7.02","4.98","Unknown Engine Designer","Jakarta","-","PT Pertamina (Persero)","Indonesia","PT Pertamina International Shipping (PIS)","Indonesia","PT Pertamina International Shipping (PIS)","Indonesia","-","-","-","-","9857200","525108016","12.00",2019,"-","-","-","-","-","-","-","8N330-EN","Steamship Mutual Underwriting Association (Bermuda) Ltd","Nippon Kaiji Kyokai","-","-","-","-","-","-","-","-","PT Pertamina International Shipping (PIS)","Indonesia","PT Pertamina International Shipping (PIS)","Indonesia","LALANG","-","A","25 Apr 2026 10:10:53 GMT","24 Apr 2026 08:00:00 GMT","PT Pertamina International Shipping (PIS)","Indonesia","1° 21' 20"" N","102° 9' 59"" E"
"Southern Xantis","product tanker","Japan","Asakawa Shipbuilding Company Limited","13301754","Live","Liberia",8108,"MR 1, 25'-35'dwt",25887,"Double Hull","D5WZ6",14938,"640","156.53","149.00","25.00","25.00","10.50","3.50","B&W Diesel A/S","Monrovia","-","Sansho Kaiun Company Limited","Japan","Sansho Kaiun Company Limited","Japan","Southern Dragon Chemical S.A.","Panama","-","-","-","-","9883493","636019962","14.00",2020,"-","-","-","-","-","-","-","6S46ME-B8","NorthStandard","Nippon Kaiji Kyokai","-","-","-","-","-","-","-","-","Sansho Korea Company Limited","Republic of Korea","Sansho Korea Company Limited","Republic of Korea","SG SIN PGBG","Singapore","A","25 Apr 2026 10:17:32 GMT","25 Apr 2026 21:00:00 GMT","Sansho Kaiun Company Limited","Japan","2° 38' 6"" N","104° 52' 30"" E"
"Tima Antonia","crude oil tanker","Tongyeong","Samho Shipbuilding Company Limited","1334087","Live","Liberia",5265,"General Purpose, 10'-25'dwt",17604,"Double Hull","A8DL9",11259,"SH1207","147.50","140.00","22.60","22.40","9.75","2.85","B&W Diesel A/S","Monrovia","-","Blystad Family Group of Companies","Norway","Songa Tankers AS","Norway","Songa Tankers I AS","Norway","-","-","-","-","9473925","636026010","12.60",2009,"-","CR Ocean Engineering","Unknown","Unknown","STX Engine Company Limited",5600,6472,"8S35MC","American Steamship Owners Mutual Protection & Indemnity Association","Bureau Veritas","-","-","-","-","-","-","-","-","-","-","Songa Tankers AS","Norway","-","-","A","25 Apr 2026 10:17:31 GMT","-","Songa Tankers AS","Norway","6° 1' 50"" N","1° 17' 42"" E"
"Chang Li 16","Tanker (unspecified)","-","-","13348028","Live","China","-","General Purpose, 10'-25'dwt",11999,"Single","-",8166,"-","137.00","129.90","19.00","18.80","8.00","2.73","Unknown Engine Designer","Maoming","-","Chen Guangzhi","People's Republic of China","Maoming Changli Marine Logistics Company Limited","People's Republic of China","Maoming Changli Marine Logistics Company Limited","People's Republic of China","-","-","-","-","9904778","413226370","10.80",2019,"-","-","-","-","-","-","-","8N330-EN","-","-","-","-","-","-","-","-","2029-12-25T00:00:00","2029-12-25T00:00:00","Maoming Changli Marine Logistics Company Limited","People's Republic of China","Maoming Changli Marine Logistics Company Limited","People's Republic of China","-","-","A","25 Apr 2026 00:46:27 GMT","-","Maoming Changli Marine Logistics Company Limited","People's Republic of China","19° 42' 54"" N","109° 8' 12"" E"
"Orkim Emerald","product tanker","China","Fujian Southeast Shipyard","13356949","Live","Malaysia",4604,"General Purpose, 10'-25'dwt",14932,"Double Hull","9M2381",9970,"DN14500-2","139.90","132.00","22.24","22.00","8.50","3.10","Unknown Engine Designer","Port Klang","-","Permodalan Nasional Berhad","Malaysia","Orkim Ship Management Sendirian Berhad","Malaysia","Orkim Emerald Sendirian Berhad","Malaysia","-","-","-","-","9900265","533132083","11.60",2020,"-","-","-","-","-","-","-","8N330-EN","-","American Bureau","-","-","-","-","-","-","2026-07-11T00:00:00","2026-07-11T00:00:00","Orkim Ship Management Sendirian Berhad","Malaysia","Orkim Ship Management Sendirian Berhad","Malaysia","ID_BIT","-","A","25 Apr 2026 10:15:59 GMT","24 Apr 2026 18:00:00 GMT","Orkim Ship Management Sendirian Berhad","Malaysia","1° 26' 15"" N","125° 9' 14"" E"
"Orkim Diamond","product tanker","China","Fujian Southeast Shipyard","13356982","Live","Malaysia",4604,"General Purpose, 10'-25'dwt",14914,"Double Hull","9M2239",9970,"DN14500-1","139.90","132.00","22.24","22.00","8.50","3.10","Unknown Engine Designer","Port Klang","-","Permodalan Nasional Berhad","Malaysia","Orkim Ship Management Sendirian Berhad","Malaysia","Orkim Diamond Sendirian Berhad","Malaysia","-","-","-","-","9900253","533132046","11.60",2020,"-","-","-","-","-","-","-","8N330-EN","-","American Bureau","-","-","-","-","-","-","-","-","Orkim Ship Management Sendirian Berhad","Malaysia","Orkim Ship Management Sendirian Berhad","Malaysia","MY PGU","-","A","16 Apr 2026 04:49:11 GMT","13 Apr 2026 20:30:00 GMT","Orkim Ship Management Sendirian Berhad","Malaysia","1° 27' 32"" N","103° 52' 18"" E"
"MAO HUA 6","Tanker (unspecified)","-","-","13369013","Live","China",3641,"General Purpose, 10'-25'dwt",10345,"Single","-",6502,"-","134.00","125.80","-","18.00","7.50","2.50","Unknown Engine Designer","Shanghai","-","Shanghai Maoguang Shipping Company Limited","-","Shanghai Maoguang Shipping Company Limited","-","Shanghai Maoguang Shipping Company Limited","-","-","-","-","-","9902495","413215880","10.00",2019,"-","-","-","-","-","-","-","8N330-EN","-","-","-","-","-","-","-","-","2029-06-18T00:00:00","2029-06-18T00:00:00","-","-","Shanghai Maoguang Shipping Company Limited","-","FU ZHOU","-","A","25 Apr 2026 10:14:42 GMT","23 Apr 2026 08:15:00 GMT","Shanghai Maoguang Shipping Company Limited","-","26° 17' 15"" N","119° 51' 47"" E"
"CHANG XIANG ZHOU","crude oil tanker","China","Wuchang Shipbuilding Industry Company Limited","13369594","Live","China",9163,"General Purpose, 10'-25'dwt",24379,"Single","BOYN6",16363,"AG0011AL","152.80","149.90","27.00","27.00","8.50","5.20","Unknown Engine Designer","Nanjing","-","China Merchants Group Limited","Hong Kong, S.A.R., China","Nanjing Tanker Corporation","People's Republic of China","Nanjing Tanker Corporation","People's Republic of China","-","-","-","-","9903530","413343740","13.70",2023,"-","-","-","-","-","-","-","8N330-UN","U.K. Mutual Steam Ship Assurance Association (Bermuda) Ltd","-","-","-","-","-","-","-","-","-","Nanjing Tanker Corporation","People's Republic of China","Nanjing Tanker Corporation","People's Republic of China","NAN JING","Zhoushan Port","A","25 Apr 2026 10:18:28 GMT","27 Apr 2026 12:00:00 GMT","Nanjing Tanker Corporation","People's Republic of China","30° 3' 25"" N","122° 38' 14"" E"
"Chang Ji Zhou","crude oil tanker","China","Wuchang Shipbuilding Industry Company Limited","13369677","Live","China",9163,"MR 1, 25'-35'dwt",25044,"Double Hull","BOXA2",16363,"AG0010AL","152.80","149.90","27.00","27.00","8.50","5.20","Wartsila Corporation","Nanjing","-","China Merchants Group Limited","Hong Kong, S.A.R., China","Nanjing Tanker Corporation","People's Republic of China","Nanjing Tanker Corporation","People's Republic of China","-","-","-","-","9903528","413335410","13.70",2022,"-","-","-","-","-",620,831,"6X40-B","U.K. Mutual Steam Ship Assurance Association (Bermuda) Ltd","-","-","-","-","-","-","-","2027-12-28T00:00:00","2027-12-28T00:00:00","Nanjing Tanker Corporation","People's Republic of China","Nanjing Tanker Corporation","People's Republic of China","ZHOU SHAN","-","A","25 Apr 2026 10:16:05 GMT","25 Apr 2026 10:00:00 GMT","Nanjing Tanker Corporation","People's Republic of China","29° 55' 1"" N","122° 12' 50"" E"
"XIN FU YUAN 11","Tanker (unspecified)","-","-","13369998","Live","China","-","General Purpose, 10'-25'dwt",11998,"Single","BOAO6",7858,"-","138.16","-","-","19.00","-","-","Unknown Engine Designer","Zhoushan","-","ZhouShan FuYuan Shipping Company Limited","People's Republic of China","ZhouShan FuYuan Shipping Company Limited","People's Republic of China","ZhouShan FuYuan Shipping Company Limited","People's Republic of China","-","-","-","-","9896050","413215630","-","-","-","-","-","-","-","-","-","UNKNOWN","-","-","-","-","-","-","-","-","-","-","ZhouShan FuYuan Shipping Company Limited","People's Republic of China","ZhouShan FuYuan Shipping Company Limited","People's Republic of China","QINGDAO","-","A","25 Apr 2026 10:14:46 GMT","25 Apr 2026 16:20:00 GMT","ZhouShan FuYuan Shipping Company Limited","People's Republic of China","36° 4' 7"" N","120° 13' 27"" E"
"YI CHENG 16","Tanker (unspecified)","-","-","13370611","Live","China","-","General Purpose, 10'-25'dwt",11800,"Single","BOAH4",7641,"-","138.39","-","-","18.00","-","-","MAN Diesel AS","Zhoushan","-","Zhoushan Liancheng Shipping Company Limited","People's Republic of China","Zhoushan Liancheng Shipping Company Limited","People's Republic of China","Zhoushan Liancheng Shipping Company Limited","People's Republic of China","-","-","-","-","9896476","413214110","-","-","-","-","-","-","Guangzhou Diesel Engine Factory",2930,3929,"6G32A","-","-","-","-","-","-","-","-","-","-","Zhoushan Liancheng Shipping Company Limited","People's Republic of China","Zhoushan Liancheng Shipping Company Limited","People's Republic of China","GUANG ZHOU","Guangzhou","A","25 Apr 2026 10:16:27 GMT","20 Apr 2026 16:40:00 GMT","Zhoushan Liancheng Shipping Company Limited","People's Republic of China","22° 5' 29"" N","114° 0' 5"" E"
"Eastern Roselle","product tanker","China","Fujian Southeast Shipyard","13406241","Live","Liberia",3630,"General Purpose, 10'-25'dwt",11502,"Double Hull","5LIC6",7783,"DN9700-1","133.90","-","-","19.20","10.46","0.00","Unknown Engine Designer","Monrovia","-","China Huarong Asset Management Company Limited","People's Republic of China","Huarong Leasing Management Hong Kong Company Limited","Hong Kong, S.A.R., China","Dragon 6 Holding Limited","Hong Kong, S.A.R., China","EGPN Bulk Carrier Company Limited","Hong Kong, S.A.R., China","-","-","9909742","636022300","10.46",2021,"-","-","-","-","-","-","-","8N330-EN","Assuranceforeningen Gard","Lloyds Register","-","-","2024-10-04T00:00:00","-","-","-","-","-","Synergy Denmark A/S","Denmark","Synergy Denmark A/S","Denmark","MYTBI","-","A","25 Apr 2026 10:17:29 GMT","24 Apr 2026 09:00:00 GMT","Huarong Leasing Management Hong Kong Company Limited","Hong Kong, S.A.R., China","1° 15' 55"" N","103° 34' 37"" E"
"Eastern Spiraea","product tanker","China","Fujian Southeast Shipyard","13406242","Live","Liberia",3630,"General Purpose, 10'-25'dwt",11531,"Double Hull","5LII3",7783,"DN9700-2","133.90","-","-","19.20","10.46","0.00","Unknown Engine Designer","Monrovia","-","China Huarong Asset Management Company Limited","People's Republic of China","China Huarong Financial Leasing Company Limited","People's Republic of China","Dragon 7 Holding Limited","Hong Kong, S.A.R., China","EGPN Bulk Carrier Company Limited","Hong Kong, S.A.R., China","-","-","9909754","636022343","10.46",2022,"-","-","-","-","-","-","-","8N330-EN","Assuranceforeningen Gard","Lloyds Register","-","-","2024-12-31T00:00:00","-","-","-","2027-01-06T00:00:00","2027-01-06T00:00:00","Synergy Denmark A/S","Denmark","Synergy Denmark A/S","Denmark","GBSOW","-","A","25 Apr 2026 09:56:11 GMT","23 Apr 2026 23:30:00 GMT","China Huarong Financial Leasing Company Limited","People's Republic of China","53° 17' 17"" N","2° 51' 50"" W"
"Bei Hai Xin XI Wang","crude oil tanker","China","COSCO (Qidong) Offshore Company Limited","13407915","Live","China",4432,"General Purpose, 10'-25'dwt",16500,"Double Hull","BOPO3",11524,"N886","137.00","134.60","-","22.80","8.70","3.80","Akasaka Diesels Limited","Shanghai","-","China COSCO Shipping Corporation Limited (40%), CNOOC Petrochemicals (30%), Silverbond Overseas Limited (20%), China Ocean Oilfields Services (10%)","People's Republic of China","Shanghai NorthSea Shipping Company Limited","People's Republic of China","Shanghai NorthSea Shipping Company Limited","People's Republic of China","-","-","-","-","9910521","413279130","12.50",2021,"-","-","-","-","-","-","-","6S35ME-B9","West of England Mutual Shipowners Protection & Indemnity Association (Luxemburg)","-","-","-","-","-","-","-","-","-","-","-","Shanghai NorthSea Shipping Company Limited","People's Republic of China","SANYA","-","A","25 Apr 2026 09:18:52 GMT","20 Apr 2026 09:00:00 GMT","Shanghai NorthSea Shipping Company Limited","People's Republic of China","18° 14' 48"" N","109° 28' 18"" E"
"Xu Yang 19","product tanker","China","Zhejiang Donghong Shipyard Company","13413488","Live","China","-","MR 1, 25'-35'dwt",33000,"Double Hull","BOFB3",20309,"-","175.00","-","-","29.00","10.40","4.10","MAN Energy Solutions SE","Ningbo","-","Ningbo Xuyang Shipping Company Limited","People's Republic of China","Ningbo Xuyang Shipping Company Limited","People's Republic of China","Ningbo Xuyang Shipping Company Limited","People's Republic of China","-","-","-","-","9909948","413227360","14.50",2020,"-","-","-","-","-",6340,8502,"6S40MC-C9.2","-","-","-","-","-","-","-","-","-","-","Ningbo Xuyang Shipping Company Limited","People's Republic of China","Ningbo Xuyang Shipping Company Limited","People's Republic of China","DA LIAN","-","A","25 Apr 2026 10:08:42 GMT","25 Apr 2026 10:00:00 GMT","Ningbo Xuyang Shipping Company Limited","People's Republic of China","38° 58' 40"" N","121° 54' 9"" E"
"Hao Yuan 102","product tanker","China","Jiangsu Haitong Offshore Engineering Equipment Company Limited","13421894","Live","China",5023,"General Purpose, 10'-25'dwt",14050,"Double Hull","BOFT2",8971,"JSHT095","129.93","123.90","-","20.80","-","-","Unknown Engine Designer","-","-","Shenghang Haoyuan Shipping Company Limited","People's Republic of China","Shenghang Haoyuan Shipping Company Limited","People's Republic of China","Shenghang Haoyuan Shipping Company Limited","People's Republic of China","-","-","-","-","9909895","413231040","12.10",2020,"-","-","-","-","-","-","-","8N330-EN","China Shipowners Mutual Assurance Association","-","-","-","-","-","-","-","-","-","Shenghang Haoyuan Shipping Company Limited","People's Republic of China","Shenghang Haoyuan Shipping Company Limited","People's Republic of China","GU LEI","Leith","A","25 Apr 2026 09:58:13 GMT","25 Apr 2026 12:12:00 GMT","Shenghang Haoyuan Shipping Company Limited","People's Republic of China","23° 42' 31"" N","117° 32' 42"" E"
"John Lewis","product tanker","San Diego","National Steel & Shipbuilding Company (NASSCO)","13425093","Live","U.S.A.",13376,"MR 1, 25'-35'dwt",32342,"Double Hull","NJLH",44589,"571","225.90","216.42","-","32.40","11.00","6.00","MAN Energy Solutions SE","-","-","Government of the United States of America","United States of America","United States Govt Military Sealift Command","United States of America","United States Govt Military Sealift Command","United States of America","-","-","-","-","9812626","368926485","17.00",2022,"-","-","-","-","-","-","-","12V48/60CR","-","AB (provisional)"," (provisional)"," (provisional)","-","-","-","-","-","-","-","-","United States Govt Military Sealift Command","United States of America","INDIAN OCEAN","-","A","04 Apr 2026 21:56:30 GMT","16 May 2026 21:00:00 GMT","United States Govt Military Sealift Command","United States of America","4° 42' 48"" N","99° 17' 27"" E"
"Southern Anoa","product tanker","Japan","Usuki Shipyard Company Limited","13426245","Live","Liberia",6104,"General Purpose, 10'-25'dwt",19700,"Single","5LEA6",11863,"1784","145.50","137.00","-","23.70","9.70","3.65","Unknown Engine Designer","Monrovia","-","Sansho Kaiun Company Limited","Japan","Sansho Kaiun Company Limited","Japan","Southern Dragon Chemical S.A.","Panama","Tatsumi Marine (S) Private Limited","Republic of Singapore","-","-","9914254","636021460","13.35",2022,"-","-","-","-","-","-","-","6S42MC","Swedish Club (Sverige Angfartygs Assurans Forening)","Nippon Kaiji Kyokai","-","-","-","-","-","-","-","-","Bernhard Schulte Shipmanagement (Singapore) Private Limited","-","Bernhard Schulte Shipmanagement (Singapore) Private Limited","-","PK BQM","-","A","25 Apr 2026 10:09:35 GMT","25 Apr 2026 06:00:00 GMT","Sansho Kaiun Company Limited","Japan","24° 31' 49"" N","66° 58' 43"" E"
"NING SHEN HAI YOU 5","product tanker","-","-","13429394","Live","China",4840,"General Purpose, 10'-25'dwt",12872,"Single","BOHX7",8643,"-","135.20","-","-","20.80","8.10","3.11","Unknown Engine Designer","Zhoushan","-","SHANGHAI NINGSHEN SHIPPING COMPANY LIMITED","-","SHANGHAI NINGSHEN SHIPPING COMPANY LIMITED","-","SHANGHAI NINGSHEN SHIPPING COMPANY LIMITED","-","-","-","-","-","9917335","413240650","11.20",2020,"-","-","-","-","-","-","-","8N330-EN","-","-","-","-","-","-","-","-","-","-","-","-","SHANGHAI NINGSHEN SHIPPING COMPANY LIMITED","-","DONGGUAN","Zhoushan Port","A","25 Apr 2026 10:09:51 GMT","27 Apr 2026 13:00:00 GMT","SHANGHAI NINGSHEN SHIPPING COMPANY LIMITED","-","26° 30' 45"" N","120° 27' 36"" E"
"Hua Hang 366","product tanker","China","Qidong Jisheng Shipbuilding Company Limited","13445703","Live","China","-","General Purpose, 10'-25'dwt",11998,"Single","BOAI9",7858,"-","138.16","130.50","-","19.00","-","-","Unknown Engine Designer","Zhoushan","-","Unknown Owners","-","Unknown Owners","-","Rizhao Gangji Ocean Shipping Company Limited","People's Republic of China","-","-","-","-","9896359","413214390","10.70",2019,"-","-","-","-","-","-","-","8N330-EN","-","China Classification","-","-","-","-","-","-","2029-07-16T00:00:00","2029-07-16T00:00:00","Rizhao Gangji Ocean Shipping Company Limited","People's Republic of China","Rizhao Gangji Ocean Shipping Company Limited","People's Republic of China","SHI DAO","-","A","25 Apr 2026 10:16:46 GMT","29 Apr 2026 05:00:00 GMT","Unknown Owners","-","22° 10' 29"" N","114° 29' 52"" E"
"Xin Ming Da 68","product tanker","China","Jiangsu Haitong Offshore Engineering Equipment Company Limited","13448421","Live","China",5025,"General Purpose, 10'-25'dwt",11490,"Double Hull","-",8974,"JSHT159","137.00","127.80","-","20.80","7.50","3.71","Unknown Engine Designer","Zhoushan","-","China COSCO Shipping Corporation Limited (China Cosco Shipping Group) (COSCO Shipping) (COSCOCS)","People's Republic of China","Zhejiang Xinmingda Shipping Company Limited","People's Republic of China","Zhejiang Xinmingda Shipping Company Limited","People's Republic of China","-","-","-","-","9916745","413275410","11.20",2021,"-","-","-","-","-","-","-","8N330-EN","-","-","-","-","-","-","-","-","-","-","-","-","Zhejiang Xinmingda Shipping Company Limited","People's Republic of China","FU ZHOU HUANG QI","-","A","25 Apr 2026 10:13:55 GMT","25 Apr 2026 18:00:00 GMT","Zhejiang Xinmingda Shipping Company Limited","People's Republic of China","26° 16' 47"" N","119° 52' 16"" E"
"Eva Manila","product tanker","Usuki","Usuki Shipyard Company Limited","13474178","Live","Philippines",6073,"General Purpose, 10'-25'dwt",19860,"Double Hull","DYHT",11773,"1777","145.53","137.00","-","23.70","9.70","3.65","Unknown Engine Designer","Manila","-","Nisshin Shipping Company Limited (Nisshin Kaiun KK)","Japan","Nisshin Shipping Company Limited (Nisshin Kaiun KK)","Japan","Sagana Shipping Incorporated","Philippines","Hansa Tankers AS","Norway","-","-","9918602","548705000","13.35",2021,"-","-","-","-","-","-","-","6S42MC","Assuranceforeningen Skuld","BV (provisional)"," (provisional)"," (provisional)","2024-06-19T00:00:00","2024-06-19T00:00:00","-","-","2026-11-17T00:00:00","2026-11-17T00:00:00","Victoria Ship Management Incorporated -PHI","Philippines","Victoria Ship Management Incorporated -PHI","Philippines","ESLPA","-","A","25 Apr 2026 10:09:47 GMT","26 Apr 2026 16:00:00 GMT","Nisshin Shipping Company Limited (Nisshin Kaiun KK)","Japan","32° 9' 21"" N","9° 35' 8"" W"
"HE Shun 17","product tanker","Nanjing","-","13478020","Live","China",4160,"General Purpose, 10'-25'dwt",11981,"Double Hull","-",7430,"CLCY-2018003","136.35","128.50","-","18.40","7.85","2.15","Unknown Engine Designer","Shidao","-","Rongcheng Xinde Technology Company Limited","People's Republic of China","Rongcheng Heshun Group Company Limited","People's Republic of China","Rongcheng Heshun Shipping Company Limited","People's Republic of China","-","-","-","-","9912268","413228140","10.00",2020,"-","-","-","-","Qingdao Zichai Boyang Diesel Engine Company Limited","-","-","8N330-EN","-","-","-","-","-","-","-","-","-","-","Rongcheng Heshun Shipping Company Limited","People's Republic of China","Rongcheng Heshun Shipping Company Limited","People's Republic of China","RI ZHAO","-","-","02 Jul 2020 16:35:04 GMT","03 Jul 2020 17:00:00 GMT","Rongcheng Heshun Group Company Limited","People's Republic of China","36° 50' 24"" N","122° 24' 19"" E"
"Xing Tong 739","Tanker (unspecified)","China","Taizhou Maple Leaf Shipbuilding Company Limited","13479859","Live","China",3626,"General Purpose, 10'-25'dwt",11495,"Single","BONL4",7760,"T11500-001","138.80","131.30","19.00","-","7.60","3.00","Unknown Engine Designer","Quanzhou","-","Xingtong Shipping Company Limited","People's Republic of China","Xingtong Shipping Company Limited","People's Republic of China","Xingtong Shipping Company Limited","People's Republic of China","-","-","-","-","9906207","413265240","10.60",2021,"-","-","-","-","-","-","-","8N330-EN","Steamship Mutual Underwriting Association (Bermuda) Ltd","CS (provisional)"," (provisional)"," (provisional)","-","-","-","-","-","-","Xingtong Shipping Company Limited","People's Republic of China","Xingtong Shipping Company Limited","People's Republic of China","JIA XING","-","A","25 Apr 2026 10:03:52 GMT","27 Apr 2026 16:00:00 GMT","Xingtong Shipping Company Limited","People's Republic of China","24° 22' 7"" N","118° 43' 32"" E"
"Chang Feng You 11","product tanker","-","-","13484183","Live","China",3645,"General Purpose, 10'-25'dwt",10971,"Single","BBFW",6509,"-","134.35","125.80","-","17.80","7.80","2.20","Unknown Engine Designer","Yantai","-","Unknown Owners","-","Changdao Changfeng Tanker Transport Company Limited","People's Republic of China","Changdao Changfeng Tanker Transport Company Limited","People's Republic of China","-","-","-","-","8531718","413330120","10.00",2015,"-","-","-","-","-","-","-","8N330-EN","-","-","-","-","-","-","-","-","-","-","-","-","Changdao Changfeng Tanker Transport Company Limited","People's Republic of China","DALIAN","Dalian","A","25 Apr 2026 09:59:50 GMT","26 Apr 2026 22:00:00 GMT","Changdao Changfeng Tanker Transport Company Limited","People's Republic of China","35° 30' 30"" N","122° 54' 4"" E"
"Ning Shen Hai You 3","product tanker","China","Jiangsu Haitong Offshore Engineering Equipment Company Limited","13492722","Live","China",4840,"General Purpose, 10'-25'dwt",12911,"Double Hull","BOIT7",8643,"JSHT130","135.20","126.20","-","20.80","8.10","3.10","Unknown Engine Designer","Wuhu","-","Anhui Ningshen Shipping Company Limited","People's Republic of China","Anhui Ningshen Shipping Company Limited","People's Republic of China","Anhui Ningshen Shipping Company Limited","People's Republic of China","-","-","-","-","9917347","413241420","11.20",2020,"-","-","-","-","-","-","-","8N330-EN","-","-","-","-","-","-","-","-","-","-","-","-","Anhui Ningshen Shipping Company Limited","People's Republic of China","LIAN YUN GANG","Lianyungang","A","25 Apr 2026 10:11:11 GMT","26 Apr 2026 03:00:00 GMT","Anhui Ningshen Shipping Company Limited","People's Republic of China","34° 27' 54"" N","120° 43' 37"" E"
"Jin Shun You 29","product tanker","China","Jiangsu Haitong Offshore Engineering Equipment Company Limited","13494983","Live","China",5025,"General Purpose, 10'-25'dwt",11295,"Double Hull","BOPX5",8974,"JSHT160","137.00","-","-","20.80","7.50","3.70","Unknown Engine Designer","Shanghai","-","China National Petroleum Corporation (CNPC)","People's Republic of China","PetroChina Company Limited","People's Republic of China","Shanghai Jinxing Shipping Company Limited","People's Republic of China","-","-","-","-","9921398","413280720","11.20",2021,"-","-","-","-","-","-","-","8N330-EN","-","-","-","-","-","-","-","-","-","-","Shanghai Jinxing Shipping Company Limited","People's Republic of China","Shanghai Jinxing Shipping Company Limited","People's Republic of China","NANJING","-","A","25 Apr 2026 09:58:57 GMT","25 Apr 2026 16:30:00 GMT","PetroChina Company Limited","People's Republic of China","32° 13' 56"" N","119° 11' 11"" E"
"Oriental Gerbera","product tanker","Japan","Usuki Shipyard Company Limited","13545833","Live","Panama",5000,"General Purpose, 10'-25'dwt",16000,"Double Hull","3E4034",9443,"1785","142.02","134.00","22.00","22.00","9.10","2.70","B&W Diesel A/S","Panama","-","Daitoh Trading Company Limited","Japan","Serromah Shipping B.V.","Netherlands","Emerald Transporte S.A.","Panama","-","-","-","-","9924716","352001292","11.80",2022,"-","-","-","-","-","-","-","6S35MC-C9","Japan Shipowners Mutual Protection & Indemnity Association","Nippon Kaiji Kyokai","-","-","-","-","-","-","-","-","New Shipping Kaisha Limited","Japan","New Shipping Kaisha Limited","Japan","-","-","A","25 Apr 2026 10:14:03 GMT","-","Serromah Shipping B.V.","Netherlands","27° 22' 55"" N","50° 23' 58"" E"
"Paluh Tabuan/Pertamina 1019","product tanker","Toyohashi","Kanasashi Shipbuilding Company Limited","135512","Live","Indonesia",3563,"General Purpose, 10'-25'dwt",15521,"Single","YDXV",11586,"1291","149.00","140.01","24.60","24.60","7.00","4.80","B&W Diesel A/S","Jakarta","-","PT Pertamina (Persero)","Indonesia","PT Pertamina International Shipping (PIS)","Indonesia","PT Pertamina International Shipping (PIS)","Indonesia","-","-","-","-","7900168","525008013","11.80",1979,"-","-","-","-","Hitachi Zosen Corporation",4594,6160,"7L45GFC","-","-","-","-","-","-","1998-11-01T00:00:00","-","-","-","PT Pertamina International Shipping (PIS)","Indonesia","PT Pertamina International Shipping (PIS)","Indonesia","-","-","A","26 Mar 2026 22:37:24 GMT","-","PT Pertamina International Shipping (PIS)","Indonesia","0° 0' 3"" N","104° 10' 51"" E"
"Feng Pei 161","product tanker","China","Nanjing Chenglang Shipbuilding Industry Company Limited","13561904","Live","China",6350,"General Purpose, 10'-25'dwt",16492,"Single","-",11340,"-","150.00","143.20","22.00","22.00","8.90","3.21","Unknown Engine Designer","Zhoushan","-","Unknown Owners","-","Unknown Owners","-","Zhejiang Fengyu Shipping Company Limited","People's Republic of China","-","-","-","-","9936094","413265180","12.10",2021,"-","-","-","-","-","-","-","6S42MC7","-","-","-","-","-","-","-","-","-","-","Zhejiang Fengyu Shipping Company Limited","People's Republic of China","Zhejiang Fengyu Shipping Company Limited","People's Republic of China","SHIDAO","Shidao Port","A","25 Apr 2026 10:14:42 GMT","25 Apr 2026 04:00:00 GMT","Unknown Owners","-","38° 30' 31"" N","121° 1' 3"" E"
"Dong Cheng You 616","product tanker","China","Zhejiang Chengzhou Shipbuilding Company Limited","13569447","Live","China","-","General Purpose, 10'-25'dwt",13130,"Single","BOKX8",8664,"CZ1901","135.20","126.20","-","20.80","8.10","-","Unknown Engine Designer","Shanghai","-","Shanghai Donghai Shipping Company Limited","People's Republic of China","Shanghai Donghai Shipping Company Limited","People's Republic of China","Shanghai Donghai Shipping Company Limited","People's Republic of China","-","-","-","-","9927079","413234570","-",2021,"-","-","-","-","-","-","-","8N330-EN","-","-","-","-","-","-","-","-","-","-","Shanghai Donghai Shipping Company Limited","People's Republic of China","Shanghai Donghai Shipping Company Limited","People's Republic of China","TAI CANG","-","A","25 Apr 2026 10:12:13 GMT","23 Apr 2026 23:00:00 GMT","Shanghai Donghai Shipping Company Limited","People's Republic of China","31° 34' 46"" N","121° 17' 29"" E"
"Sheng You 251","product tanker","China","Jiangsu Haitong Offshore Engineering Equipment Company Limited","13602287","Live","China",5023,"General Purpose, 10'-25'dwt",13180,"Double Hull","BOUG6",8971,"JSHT171","130.00","123.90","21.00","20.80","8.20","3.00","Unknown Engine Designer","-","-","Unknown Owners","-","Unknown Owners","-","Shenghang Haoyuan Shipping Company Limited","People's Republic of China","-","-","-","-","9931745","413307920","11.20",2021,"-","-","-","-","-","-","-","8N330-EN","China Shipowners Mutual Assurance Association","-","-","-","-","-","-","-","-","-","-","-","Unknown Owners","-","NING BO","-","A","25 Apr 2026 10:16:22 GMT","24 Apr 2026 02:42:00 GMT","Unknown Owners","-","29° 44' 2"" N","123° 1' 56"" E"
"Pematang/Pertamina 1021","product tanker","Innoshima","Hitachi Shipbuilding Corporation (Innoshima)","136071","Live","Indonesia",6192,"General Purpose, 10'-25'dwt",17990,"Single","YDXW",12450,"4627","157.00","151.36","25.80","25.80","7.00","3.80","B&W Diesel A/S","Jakarta","-","PT Pertamina (Persero)","Indonesia","PT Pertamina International Shipping (PIS)","Indonesia","PT Pertamina International Shipping (PIS)","Indonesia","-","-","-","-","7825758","525008015","10.80",1979,"-","-","-","-","Hitachi Zosen Corporation",4594,6160,"6L45GFC","-","-","-","-","-","-","1999-05-01T00:00:00","-","-","-","PT Pertamina International Shipping (PIS)","Indonesia","PT Pertamina International Shipping (PIS)","Indonesia","NG LOS","-","A","24 Apr 2026 10:46:26 GMT","24 Apr 2026 16:30:00 GMT","PT Pertamina International Shipping (PIS)","Indonesia","6° 17' 11"" N","3° 20' 50"" E"
"Hong Fu 32","crude oil tanker","China","-","13620010","Live","China",5234,"General Purpose, 10'-25'dwt",19900,"Double Hull","BOSY6",14037,"XYF155","156.90","147.20","-","24.00","8.45","4.80","Halliburton Productos Limitada","Foshan","-","Foshan Hongfu Shipping Company Limited","People's Republic of China","Foshan Hongfu Shipping Company Limited","People's Republic of China","Foshan Hongfu Shipping Company Limited","People's Republic of China","-","-","-","-","9925291","413295260","13.25",2022,"-","-","-","-","-",1470,"-","8320ZCD-2","London Steamship Owners Mutual Insurance Association Ltd","CS (provisional)"," (provisional)"," (provisional)","-","-","-","-","-","-","Foshan Hongfu Shipping Company Limited","People's Republic of China","Foshan Hongfu Shipping Company Limited","People's Republic of China","SINGAPORE","-","A","25 Apr 2026 10:15:25 GMT","25 Apr 2026 05:35:00 GMT","Foshan Hongfu Shipping Company Limited","People's Republic of China","1° 14' 20"" N","103° 48' 41"" E"
"Theanoula","product tanker","Vietnam","Hyundai Vietnam Shipbuilding Company Limited - Duplicate","13640214","Live","Luxembourg",9847,"MR 2, 35'-45'dwt",39855,"Double Hull","LXAW2",27452,"S495","183.00","174.00","-","32.20","16.80","0.00","MAN Diesel AS","Luxembourg","-","Tomasos family","Greece","Super-Eco Tankers Management Incorporated","Greece","Phoenix Seacarriers Limited","Marshall Islands","-","-","-","-","9935557","253000181","16.80",2022,"-","-","-","-","HD Hyundai Heavy Industries Company Limited","-","-","6S50ME-C9","U.K. Mutual Steam Ship Assurance Association (Bermuda) Ltd","LR (provisional)"," (provisional)"," (provisional)","2025-05-28T00:00:00","-","-","-","-","-","Super-Eco Tankers Management Incorporated","Greece","Super-Eco Tankers Management Incorporated","Greece","GIBRALTAR FOR ORDERS","-","A","25 Apr 2026 10:15:52 GMT","29 Apr 2026 21:00:00 GMT","Super-Eco Tankers Management Incorporated","Greece","36° 25' 47"" N","21° 25' 41"" E"
"Qing Hai You 66","product tanker","China","Linhai Huajie Shipbuilding Company Limited","13662328","Live","China","-","General Purpose, 10'-25'dwt",10978,"Single","BOPD4",7963,"-","138.16","130.50","19.00","19.00","7.20","3.51","Unknown Engine Designer","Zhoushan","-","Unknown Owners","-","Unknown Owners","-","Zhoushan Qinghai Shipping Company Limited","People's Republic of China","-","-","-","-","9944613","413276720","10.70",2021,"-","-","-","-","-","-","-","8N330-EN","London Steamship Owners Mutual Insurance Association Ltd","-","-","-","-","-","-","-","-","-","-","-","Unknown Owners","-","DA LIAN","Dalian","A","25 Apr 2026 10:11:28 GMT","27 Apr 2026 00:00:00 GMT","Unknown Owners","-","33° 8' 41"" N","122° 49' 31"" E"
"Kun He You 77","product tanker","China","Jiangsu Haitong Offshore Engineering Equipment Company Limited","13677265","Live","China",5080,"General Purpose, 10'-25'dwt",13509,"Single","-",9073,"-","140.21","131.00","20.80","20.80","8.15","3.06","Unknown Engine Designer","Weihai","-","Unknown Owners","-","Unknown Owners","-","Weihai Zhenxun Shipping Company Limited","People's Republic of China","-","-","-","-","9923889","413283320","11.20",2021,"-","-","-","-","-","-","-","8N330-EN","-","-","-","-","-","-","-","-","-","-","-","-","Unknown Owners","-","RONG CHENG WAN","-","A","25 Apr 2026 10:07:35 GMT","25 Apr 2026 01:00:00 GMT","Unknown Owners","-","37° 25' 20"" N","122° 39' 37"" E"
"New Bl Cod","product tanker","China","-","13690928","Live","Panama",5181,"General Purpose, 10'-25'dwt",13934,"Double Hull","3E7751",9252,"2009-YB7","145.65","136.00","-","20.70","8.01","2.99","Unknown Engine Designer","Panama","-","Shanghai Fengle Shipping Company Limited","People's Republic of China","Shanghai Fengle Shipping Company Limited","People's Republic of China","Shanghai Fengle Shipping Company Limited","People's Republic of China","-","-","-","-","8797659","352004267","11.00",2011,"-","-","-","-","-","-","-","8N330-EN","-","Overseas Marine Certification Services","-","-","-","-","-","-","-","-","-","-","Shanghai Fengle Shipping Company Limited","People's Republic of China","BATU LICIN.ID","Batulicin","A","25 Apr 2026 09:59:15 GMT","28 Apr 2026 15:00:00 GMT","Shanghai Fengle Shipping Company Limited","People's Republic of China","2° 29' 29"" S","109° 13' 51"" E"
"Akuada","product tanker","Tokyo","Shin Kurushima Dockyard Company Limited","137563","Live","Panama",6383,"General Purpose, 10'-25'dwt",19999,"Single","3ECU7",12654,"2105","159.50","149.99","27.21","27.21","7.45","3.35","Sulzer Turbomachinery Services","Panama","-","Maritime Management Synergy S.A.","Greece","Maritime Management Synergy S.A.","Greece","Mabueno International Incorporated","Panama","-","-","-","-","7903316","371468000","10.80",1980,"-","-","-","-","Sumitomo Heavy Industries, Limited",4996,6700,"5RLA56","-","-","-","-","-","-","2003-07-01T00:00:00","-","-","-","-","-","Maritime Management Synergy S.A.","Greece","-","-","-","-","-","Maritime Management Synergy S.A.","Greece","-","-"
"Sumer","product tanker","France","Penglai Zhongbai Jinglu Ship Industry Company Limited","13800806","Live","Iraq",8553,"MR 1, 25'-35'dwt",30839,"Double Hull","HNSU",22449,"JL0266T","184.00","178.60","-","30.80","9.00","4.82","B&W Diesel A/S","Basrah","-","Government of Iraq","Iraq","Iraqi Oil Tankers Company","Iraq","Iraqi Oil Tankers Company","Iraq","-","-","-","-","9948968","425000019","13.82",2023,"-","-","-","-","-","-","-","6S46MC-C8","West of England Mutual Shipowners Protection & Indemnity Association (Luxemburg)","Bureau Veritas","-","-","-","2025-12-02T00:00:00","-","-","-","-","Iraqi Oil Tankers Company","Iraq","Iraqi Oil Tankers Company","Iraq","-","-","A","25 Apr 2026 10:17:04 GMT","-","Iraqi Oil Tankers Company","Iraq","29° 40' 20"" N","48° 45' 29"" E"
"Akkad","product tanker","China","Penglai Zhongbai Jinglu Ship Industry Company Limited","13800807","Live","Iraq",8553,"MR 1, 25'-35'dwt",30830,"Double Hull","HNAK",22449,"JL0267T","184.00","178.60","30.80","30.80","9.00","4.82","B&W Diesel A/S","Basrah","-","Government of Iraq","Iraq","Iraqi Oil Tankers Company","Iraq","Iraqi Oil Tankers Company","Iraq","-","-","-","-","9948970","425000020","13.82",2023,"-","-","-","-","-","-","-","6S46MC-C8","West of England Mutual Shipowners Protection & Indemnity Association (Luxemburg)","Bureau Veritas","-","-","-","-","-","-","-","-","Iraqi Oil Tankers Company","Iraq","Iraqi Oil Tankers Company","Iraq","UMM QASR  PORT","-","A","25 Apr 2026 10:16:28 GMT","18 Apr 2026 16:00:00 GMT","Iraqi Oil Tankers Company","Iraq","29° 39' 58"" N","48° 43' 23"" E"
"Sheng You 239","product tanker","China","Jiangsu Haitong Offshore Engineering Equipment Company Limited","13801698","Live","China",5023,"General Purpose, 10'-25'dwt",13098,"Double Hull","BOTI2",8971,"JSHT170","129.93","123.90","-","20.80","8.23","3.87","Unknown Engine Designer","Shenzhen","-","Shenghang Haoyuan Shipping Company Limited","People's Republic of China","Shenghang Haoyuan Shipping Company Limited","People's Republic of China","Shenghang Haoyuan Shipping Company Limited","People's Republic of China","-","-","-","-","9931733","413296060","12.10",2021,"-","-","-","-","-","-","-","8N330-EN","China Shipowners Mutual Assurance Association","-","-","-","-","-","-","-","2026-10-11T00:00:00","2026-10-11T00:00:00","Shenghang Haoyuan Shipping Company Limited","People's Republic of China","Shenghang Haoyuan Shipping Company Limited","People's Republic of China","DA LIAN","Dalian","A","25 Apr 2026 10:06:24 GMT","25 Apr 2026 21:00:00 GMT","Shenghang Haoyuan Shipping Company Limited","People's Republic of China","38° 29' 45"" N","122° 6' 13"" E"
"Guo Hong 17","product tanker","China","Zhejiang Hongsheng Ship Manufacturing Company Limited","13813319","Live","China",3932,"General Purpose, 10'-25'dwt",10307,"Single","BOOC3",7023,"-","133.00","124.00","19.00","18.80","7.50","2.50","Unknown Engine Designer","Shanghai","-","Shanghai Huayi Shipping Company Limited","People's Republic of China","Shanghai Huayi Shipping Company Limited","People's Republic of China","Shanghai Huayi Shipping Company Limited","People's Republic of China","-","-","-","-","8560185","412379260","10.00",2011,"-","-","-","-","-","-","-","8N330-EN","-","-","-","-","-","-","-","-","-","-","Shanghai Huayi Shipping Company Limited","People's Republic of China","Shanghai Huayi Shipping Company Limited","People's Republic of China","DA LIAN","-","A","25 Apr 2026 10:16:30 GMT","23 Apr 2026 14:00:00 GMT","Shanghai Huayi Shipping Company Limited","People's Republic of China","39° 24' 35"" N","121° 12' 16"" E"
"Ji Shun 168","product tanker","China","Qidong Jisheng Shipbuilding Company Limited","13815173","Live","China",4584,"General Purpose, 10'-25'dwt",12117,"Single","BOTC4",8187,"-","138.00","130.50","19.00","19.00","7.80","3.20","Unknown Engine Designer","Zhoushan","-","Unknown Owners","-","Unknown Owners","-","Zhousan Jishun Shipping Company Limited","People's Republic of China","-","-","-","-","9960057","413295630","11.00",2021,"-","-","-","-","-","-","-","8N330-EN","-","-","-","-","-","-","-","-","-","-","-","-","Unknown Owners","-","DONG YING","-","A","25 Apr 2026 10:13:06 GMT","23 Apr 2026 18:00:00 GMT","Unknown Owners","-","38° 11' 6"" N","119° 13' 14"" E"
"Bochem Houston","product tanker","China","China Merchants Jinling Shipyard (Nanjing) Company Limited","13820667","Live","Madeira",8208,"MR 1, 25'-35'dwt",26611,"Double Hull","CQ2047",17019,"CMYZ0101","158.98","149.90","-","27.00","10.20","4.00","B&W Diesel A/S","Madeira","-","Belgische Scheepvaartmaatschappij-Compagnie Maritime Belge (CMB NV)","Belgium","CMB.Tech NV","Belgium","CMB Tech Netherlands BV","Netherlands","-","-","-","-","9955428","255915589","14.20",2023,"-","-","-","-","-","-","-","5S50ME-C9","West of England Mutual Shipowners Protection & Indemnity Association (Luxemburg)","American Bureau","-","-","-","-","-","-","-","-","Anglo-Eastern Shipmanagement (Singapore) Private Limited","Republic of Singapore","Anglo-Eastern Shipmanagement (Singapore) Private Limited","Republic of Singapore","SN DKR","-","A","25 Apr 2026 10:14:48 GMT","23 Apr 2026 11:00:00 GMT","CMB.Tech NV","Belgium","14° 42' 31"" N","17° 21' 25"" W"
"Lu Tai 11","product tanker","China","Jiangsu Haitong Offshore Engineering Equipment Company Limited","13820671","Live","China",5433,"General Purpose, 10'-25'dwt",13993,"Double Hull","-",9703,"JSHT176","149.00","-","-","20.80","8.23","2.77","Unknown Engine Designer","Shidao","-","Xiao Zhongmo","People's Republic of China","Rongcheng Lutai Shipping Company Limited","People's Republic of China","Rongcheng Lutai Shipping Company Limited","People's Republic of China","-","-","-","-","9955301","413313270","11.00",2022,"-","-","-","-","-","-","-","8N330-EN","-","-","-","-","-","-","-","-","-","-","Rongcheng Lutai Shipping Company Limited","People's Republic of China","Rongcheng Lutai Shipping Company Limited","People's Republic of China","FUZHOU","-","A","25 Apr 2026 10:13:43 GMT","27 Apr 2026 18:00:00 GMT","Rongcheng Lutai Shipping Company Limited","People's Republic of China","34° 24' 9"" N","122° 53' 1"" E"
"Hao Lai Ji Xiang","product tanker","China","Zhoushan Ningshing Ship Building & Repairing Company Limited","13824129","Live","China","-","General Purpose, 10'-25'dwt",12279,"Single","BOTK3",8017,"-","138.16","-","-","19.00","-","-","Unknown Engine Designer","Zhoushan","-","Zhejiang Gaoyu Shipping Limited","People's Republic of China","Zhejiang Gaoyu Shipping Limited","People's Republic of China","Zhejiang Gaoyu Shipping Limited","People's Republic of China","-","-","-","-","9962861","413296490","-",2021,"-","-","-","-","-","-","-","8N330-EN","-","-","-","-","-","-","-","-","2026-12-02T00:00:00","2026-12-02T00:00:00","-","-","Zhejiang Gaoyu Shipping Limited","People's Republic of China","DA LIAN","-","A","25 Apr 2026 10:14:19 GMT","26 Apr 2026 16:00:00 GMT","Zhejiang Gaoyu Shipping Limited","People's Republic of China","36° 48' 3"" N","122° 30' 32"" E"
"Hua Fu You 3","product tanker","China","Yangzhou Ryuwa Shipbuilding Company Limited","13826080","Live","China",4397,"General Purpose, 10'-25'dwt",12495,"Single","BOTK4",7852,"-","128.00","120.30","20.00","20.00","8.15","2.85","Unknown Engine Designer","Fuzhou","-","Fuzhou Wuyang Refined Oil Trade Company Limited","People's Republic of China","Fuzhou Wuyang Refined Oil Trade Company Limited","People's Republic of China","Fuzhou Wuyang Refined Oil Trade Company Limited","People's Republic of China","-","-","-","-","9963097","413296510","11.00",2021,"-","-","-","-","-","-","-","8N330-EN","-","-","-","-","-","-","-","-","-","-","Fuzhou Wuyang Refined Oil Trade Company Limited","People's Republic of China","Fuzhou Wuyang Refined Oil Trade Company Limited","People's Republic of China","DA LIAN","Dalian","A","25 Apr 2026 10:09:20 GMT","26 Apr 2026 12:00:00 GMT","Fuzhou Wuyang Refined Oil Trade Company Limited","People's Republic of China","35° 26' 2"" N","123° 2' 42"" E"
"Bochem Shanghai","product tanker","China","China Merchants Jinling Shipyard (Nanjing) Company Limited","13826521","Live","Portugal",8208,"MR 1, 25'-35'dwt",26618,"Double Hull","CQ2252",17023,"CMYZ0112","158.98","149.90","-","27.00","10.20","4.00","B&W Diesel A/S","Madeira","-","Belgische Scheepvaartmaatschappij-Compagnie Maritime Belge (CMB NV)","Belgium","CMB.Tech NV","Belgium","CMB Tech Netherlands BV","Netherlands","-","-","-","-","9956422","255915794","14.20",2024,"-","-","-","-","-","-","-","5S50ME-C9","West of England Mutual Shipowners Protection & Indemnity Association (Luxemburg)","American Bureau","-","-","-","-","-","-","-","-","-","-","CMB.Tech NV","Belgium","BRSUA","Suape","A","25 Apr 2026 09:45:02 GMT","01 May 2026 17:00:00 GMT","CMB.Tech NV","Belgium","14° 23' 13"" N","56° 38' 11"" W"
"Jian Qiao 211","product tanker","-","-","13830633","Live","China","-","General Purpose, 10'-25'dwt",19992,"Single","BIBQ5",13429,"-","158.80","-","-","23.00","-","-","Unknown Engine Designer","Shanghai","-","Shanghai Guohe Shipping Group Company Limited","People's Republic of China","Shanghai Jianqiao International Shipping Company Limited","People's Republic of China","Shanghai Jianqiao International Shipping Company Limited","People's Republic of China","-","-","-","-","8535702","413378260","-","-","-","-","-","-","-","-","-","UNKNOWN","-","-","-","-","-","-","-","-","-","-","Shanghai Jianqiao International Shipping Company Limited","People's Republic of China","Shanghai Jianqiao International Shipping Company Limited","People's Republic of China","CJK","Changjiangkou","A","25 Apr 2026 10:17:59 GMT","26 Apr 2026 12:00:00 GMT","Shanghai Jianqiao International Shipping Company Limited","People's Republic of China","28° 11' 44"" N","121° 51' 31"" E"
"Hai Sheng 22","product tanker","-","-","13848053","Live","China",4572,"General Purpose, 10'-25'dwt",11966,"Single","-",8166,"-","137.00","129.90","19.00","18.80","8.10","2.71","Unknown Engine Designer","Zhanjiang","-","AIS Unknown","-","AIS Unknown","-","AIS Unknown","-","-","-","-","-","9962897","413308490","11.00",2021,"-","-","-","-","-","-","-","8N330-EN","-","-","-","-","-","-","-","-","-","-","-","-","AIS Unknown","-","HUI LAI","-","A","25 Apr 2026 09:58:03 GMT","20 Apr 2026 10:18:00 GMT","AIS Unknown","-","22° 51' 46"" N","116° 14' 7"" E"
"Ning Shen Hai You 1","product tanker","China","-","13849091","Live","China","-","General Purpose, 10'-25'dwt",19990,"Single","BEDC8",13332,"-","-","-","-","-","-","-","Unknown Engine Designer","-","-","Unknown Owners","-","Unknown Owners","-","Unknown Owners","-","-","-","-","-","8671130","413554120","-",2012,"-","-","-","-","-","-","-","6S42MC7","-","-","-","-","-","-","-","-","-","-","-","-","Unknown Owners","-","SHANGHAI","-","A","25 Apr 2026 10:16:29 GMT","24 Apr 2026 07:30:00 GMT","Unknown Owners","-","31° 20' 20"" N","121° 33' 9"" E"
"Heng Tai","Tanker (unspecified)","China","-","13851137","Live","China","-","General Purpose, 10'-25'dwt",11916,"Single","BOXE3",7463,"-","136.00","-","18.00","-","-","-","Unknown Engine Designer","Nanjing","-","Unknown Owners","-","Unknown Owners","-","Zhejiang Xiangyi Financial Leasing Company Limitted","People's Republic of China","-","-","-","-","9969302","413311380","-",2022,"-","-","-","-","-","-","-","8N330-EN","-","-","-","-","-","-","-","-","-","-","Nanjing Hengye Oil Transportation Company Limited","People's Republic of China","Nanjing Hengye Oil Transportation Company Limited","People's Republic of China","NAN TONG","-","A","25 Apr 2026 08:09:04 GMT","25 Apr 2026 13:51:00 GMT","Unknown Owners","-","31° 50' 5"" N","120° 56' 16"" E"
"Zhen Xing You 56","product tanker","-","-","13853500","Live","China","-","General Purpose, 10'-25'dwt",15147,"Single","BEGJ",10104,"-","-","-","-","-","-","-","Unknown Engine Designer","-","-","Unknown Owners","-","Unknown Owners","-","Jiujiang Zhenxing Shipping Company Limited","People's Republic of China","-","-","-","-","8670837","413570510","-",2011,"-","-","-","-","-","-","-","6S42MC7","-","-","-","-","-","-","-","-","-","-","-","-","Unknown Owners","-","-","-","A","25 Apr 2026 10:14:27 GMT","-","Unknown Owners","-","29° 56' 35"" N","122° 14' 50"" E"
"Heng Fa 18","product tanker","Yangzhou","Yangzhou Ryuwa Shipbuilding Company Limited","13853550","Live","China","-","General Purpose, 10'-25'dwt",13194,"Single","BOUF8",8847,"-","139.00","131.00","21.00","20.80","8.00","3.00","Unknown Engine Designer","Yangzhou","-","Jiangsu Hengfa Shipping Company Limited","People's Republic of China","Jiangsu Hengfa Shipping Company Limited","People's Republic of China","Jiangsu Hengfa Shipping Company Limited","People's Republic of China","-","-","-","-","9963114","413281890","11.00",2021,"-","-","-","-","-","-","-","8N330-EN","-","-","-","-","-","-","-","-","-","-","-","-","Jiangsu Hengfa Shipping Company Limited","People's Republic of China","DONGYING","Dongying Port","A","25 Apr 2026 10:18:42 GMT","26 Apr 2026 07:00:00 GMT","Jiangsu Hengfa Shipping Company Limited","People's Republic of China","37° 42' 7"" N","122° 17' 42"" E"
"Fure Vanguard","product tanker","Indonesia","China Merchants Jinling Shipyard (Yangzhou) Dingheng Company Limited","13858853","Live","Isle of Man",5838,"General Purpose, 10'-25'dwt",17942,"Double Hull","MRMU4",12763,"CMYZ0081","149.90","146.64","-","22.80","9.36","2.74","Wartsila Corporation","Douglas","-","FureBear AB","Sweden","FureBear AB","Sweden","FureBear AB","Sweden","Gothia Tanker Alliance","Sweden","-","-","9963360","232058998","12.10",2024,"-","-","-","-","-","-","-","9L34DF","Swedish Club (Sverige Angfartygs Assurans Forening)","BV (provisional)"," (provisional)"," (provisional)","-","-","2025-06-01T00:00:00","-","-","-","Furetank Rederi A/B","Sweden","Furetank Rederi A/B","Sweden","GBGOS","Gosport","A","25 Apr 2026 10:16:00 GMT","24 Apr 2026 10:00:00 GMT","FureBear AB","Sweden","50° 42' 28"" N","1° 2' 60"" W"
"SFL Bonaire","product tanker","Nantong","Nantong Xiangyu Shipbuilding & Offshore Engineering","13875074","Live","Marshall Islands",10107,"MR 1, 25'-35'dwt",33338,"Double Hull","V7A6842",22467,"XY052","179.99","177.00","28.00","28.00","9.50","5.50","Sulzer Turbomachinery Services","Majuro","-","SFL Corporation Limited","Bermuda","SFL Corporation Limited","Bermuda","SFL Chemical Tanker IV Incorporation","Marshall Islands","Stolt Tankers B.V.","Netherlands","-","-","9919773","538011239","15.00",2023,"-","-","-","-","-","-","-","6RT-Flex50DF","Steamship Mutual Underwriting Association (Bermuda) Ltd","DNV","-","-","-","-","-","-","-","-","Fleet Management Limited","Hong Kong, S.A.R., China","Fleet Management Limited","Hong Kong, S.A.R., China","SOHAR","Sohar","A","25 Apr 2026 10:19:05 GMT","01 May 2026 16:00:00 GMT","SFL Corporation Limited","Bermuda","22° 12' 15"" N","66° 8' 6"" E"
"Zhong Chuan 189","product tanker","China","Qidong Jisheng Shipbuilding Company Limited","13882200","Live","China",7343,"General Purpose, 10'-25'dwt",18900,"Single","BOWO3",13114,"-","160.50","-","23.00","23.00","8.60","4.40","Unknown Engine Designer","Guangzhou","-","China Zheshang Bank Company Limited (CZBank)","People's Republic of China","Zhejiang Zheyin Financial Leasing Company Limited","People's Republic of China","Zhejiang Zheyin Financial Leasing Company Limited","People's Republic of China","-","-","-","-","9974448","413319740","13.00",2022,"-","-","-","-","-","-","-","6S42MC7","-","-","-","-","-","-","-","-","-","-","Guangzhou Sinoshipping Company Limited","People's Republic of China","Guangzhou Sinoshipping Company Limited","People's Republic of China","QINGDAO","-","A","25 Apr 2026 10:17:35 GMT","24 Apr 2026 10:00:00 GMT","Zhejiang Zheyin Financial Leasing Company Limited","People's Republic of China","35° 52' 35"" N","120° 53' 9"" E"
"Hanyu Freesia","product tanker","Japan","Kitanihon Shipbuilding Company Limited","13886517","Live","Liberia",4158,"General Purpose, 10'-25'dwt",12615,"Double Hull","5LPG3",8239,"707","126.00","118.00","-","20.50","8.60","2.90","B&W Diesel A/S","Monrovia","-","Daio Kaiun Company Limited","Japan","Misuga Kaiun Company Limited","Japan","Rising Sun Navigation S.A.","Netherlands","-","-","-","-","9965007","636023755","11.50",2024,"-","-","-","-","Makita Corporation","-","-","6S35MC-C9","U.K. Mutual Steam Ship Assurance Association (Bermuda) Ltd","Nippon Kaiji Kyokai","-","-","-","-","-","-","-","-","-","-","Misuga Kaiun Company Limited","Japan","KR MOK","-","A","24 Apr 2026 07:38:19 GMT","22 Apr 2026 07:00:00 GMT","Misuga Kaiun Company Limited","Japan","34° 46' 31"" N","126° 24' 37"" E"
"Chemical Frontier","product tanker","Japan","Kitanihon Shipbuilding Company Limited","13886518","Live","Marshall Islands",4555,"General Purpose, 10'-25'dwt",14521,"Double Hull","V7A5820",9670,"687","132.00","128.00","-","21.00","8.70","3.30","Unknown Engine Designer","Majuro","-","Kowa Kaiun Company Limited","Japan","Kowa Kaiun Company Limited","Japan","TACK Shipping S.A.","Marshall Islands","Bryggen Shipping International AS","Norway","-","-","9940734","538010262","12.00",2022,"-","-","-","-","-","-","-","6L35MC","Assuranceforeningen Gard","NK (provisional)"," (provisional)"," (provisional)","-","-","-","-","-","-","Fleet Management Limited","Hong Kong, S.A.R., China","Fleet Management Limited","Hong Kong, S.A.R., China","IL ASH","Ashdod","A","25 Apr 2026 10:18:12 GMT","26 Apr 2026 05:00:00 GMT","Kowa Kaiun Company Limited","Japan","32° 8' 55"" N","32° 48' 41"" E"
"Dong Gui 20","product tanker","China","Taizhou Wuzhou Shipbuilding Limited Company","13886529","Live","China",3475,"General Purpose, 10'-25'dwt",10227,"Single","BPLL8",7626,"WZ2201","119.90","117.50","19.50","19.50","7.70","3.01","Unknown Engine Designer","Wuzhou","-","Guangxi Wuzhou Tongzhou Shipping Transportation Company Limited","People's Republic of China","Guangxi Wuzhou Tongzhou Shipping Transportation Company Limited","People's Republic of China","Guangxi Wuzhou Tongzhou Shipping Transportation Company Limited","People's Republic of China","-","-","-","-","9967768","413572060","11.00",2024,"-","-","-","-","-","-","-","8N330-EN","China Shipowners Mutual Assurance Association","CS (provisional)"," (provisional)"," (provisional)","-","-","-","-","-","-","Guangxi Wuzhou Tongzhou Shipping Transportation Company Limited","People's Republic of China","Guangxi Wuzhou Tongzhou Shipping Transportation Company Limited","People's Republic of China","SINGAPORE","-","A","25 Apr 2026 10:18:51 GMT","24 Apr 2026 14:24:00 GMT","Guangxi Wuzhou Tongzhou Shipping Transportation Company Limited","People's Republic of China","1° 10' 52"" N","103° 45' 2"" E"
"Xin Ao Tai 166","product tanker","China","Zhejiang Tianshi Shipbuilding Company Limited","13894462","Live","China","-","General Purpose, 10'-25'dwt",16482,"Single","BOOA5",12898,"-","158.80","149.80","23.00","23.00","8.12","4.59","Unknown Engine Designer","Wenzhou","-","Shanghai Industrial Investment (Holdings) Company Limited","Hong Kong, S.A.R., China","SIIC Financial Services Holdings Limited","People's Republic of China","Shanghai Guojin Financial Leasing Company Limited","People's Republic of China","-","-","-","-","9928499","413254790","12.80",2020,"-","-","-","-","-","-","-","6S42MC7","-","-","-","-","-","-","-","-","-","-","Yueqing Lida Shipping Company Limited","People's Republic of China","Yueqing Lida Shipping Company Limited","People's Republic of China","BA YU QUAN","Dalian","A","25 Apr 2026 10:16:30 GMT","26 Apr 2026 15:00:00 GMT","SIIC Financial Services Holdings Limited","People's Republic of China","36° 50' 50"" N","122° 53' 2"" E"
"Hang Hai You 21","product tanker","China","Taizhou Kouan Shipbuilding Company Limited","13894765","Live","China",6861,"General Purpose, 10'-25'dwt",18447,"Single","BOWN8",12253,"-","146.08","137.30","23.00","23.00","9.50","3.52","Unknown Engine Designer","Ningbo","-","Ningbo Yongwang Shipping Company Limited","People's Republic of China","Ningbo Yongwang Shipping Company Limited","People's Republic of China","Ningbo Yongwang Shipping Company Limited","People's Republic of China","-","-","-","-","-","413319690","13.00",2022,"-","-","-","-","-","-","-","6S42MC7","-","-","-","-","-","-","-","-","-","-","-","-","Ningbo Yongwang Shipping Company Limited","People's Republic of China","NAN TONG","Nantong Port","A","25 Apr 2026 10:16:19 GMT","25 Apr 2026 18:00:00 GMT","Ningbo Yongwang Shipping Company Limited","People's Republic of China","32° 3' 28"" N","120° 32' 33"" E"
"Bow Cheetah","product tanker","Japan","Asakawa Shipbuilding Company Limited","13912117","Live","Panama",8108,"MR 1, 25'-35'dwt",26029,"Double Hull","3E2724",14927,"645","156.50","149.00","25.00","25.00","10.59","3.41","B&W Diesel A/S","Panama","-","Murakami Sekiyu Company Limited","Japan","Murakami Sekiyu Company Limited","Japan","Murakami Sekiyu Company Limited (99.0%) & Tradewind Navigation S.A. (1.0%)","Japan","Odfjell Tankers AS","Norway","-","-","9952141","352001705","14.00",2022,"-","-","-","-","-","-","-","6S46ME-B8","Japan Shipowners Mutual Protection & Indemnity Association","Nippon Kaiji Kyokai","-","-","-","-","-","-","-","-","Synergy Navis Marine Private Limited","India","Synergy Navis Marine Private Limited","India","US FPO","-","A","25 Apr 2026 10:14:39 GMT","26 Apr 2026 12:00:00 GMT","Murakami Sekiyu Company Limited","Japan","24° 14' 29"" N","86° 17' 19"" W"
"Bow Panther","product tanker","Japan","Asakawa Shipbuilding Company Limited","13912118","Live","Panama",8108,"MR 1, 25'-35'dwt",26001,"Double Hull","3E2190",14927,"646","156.50","149.00","25.00","25.00","10.59","3.41","Unknown Engine Designer","Panama","-","Meiho Kaiun K.K (Meiho Kaiun Company Limited)","Japan","Meiho Kaiun K.K (Meiho Kaiun Company Limited)","Japan","Meiho Kaiun Company Limited(99%) & Asian Shipping S.A.(1%)","Panama","Odfjell SE","Norway","-","-","9952153","352002025","14.00",2022,"-","-","-","-","-","-","-","6S42MC","Assuranceforeningen Gard","Nippon Kaiji Kyokai","-","-","-","-","-","-","-","-","Synergy Pacific Private Limited","India","Synergy Pacific Private Limited","India","MA SFI","-","A","25 Apr 2026 10:14:41 GMT","26 Apr 2026 07:00:00 GMT","Meiho Kaiun K.K (Meiho Kaiun Company Limited)","Japan","35° 41' 19"" N","6° 20' 19"" W"
"Bow Lion","product tanker","Japan","Asakawa Shipbuilding Company Limited","13912121","Live","Singapore",8108,"MR 1, 25'-35'dwt",26021,"Double Hull","9V7742",14927,"648","156.50","149.00","25.00","25.00","10.59","3.41","Unknown Engine Designer","Singapore","-","Singa Star Private Limited","Republic of Singapore","Singa Star Private Limited","Republic of Singapore","Singa Star Private Limited","Republic of Singapore","Odfjell Tankers AS","Norway","-","-","9952177","563180300","14.00",2023,"-","-","-","-","-","-","-","6S42MC","Britannia Steam Ship Insurance Association Ltd., The","Nippon Kaiji Kyokai","-","-","-","-","-","-","-","-","Synergy Navis Marine Private Limited","India","Synergy Navis Marine Private Limited","India","JEBEL ALI","-","A","25 Apr 2026 10:18:30 GMT","24 Apr 2026 07:50:00 GMT","Singa Star Private Limited","Republic of Singapore","25° 31' 46"" N","54° 58' 58"" E"
"Yong Bo","product tanker","China","Guangzhou Shipyard International Company Limited","13912286","Live","China",14592,"MR 2, 35'-45'dwt",44999,"Double Hull","BPFA2",29233,"20110022","183.00","179.60","32.00","32.00","11.00","5.02","Winterthur Gas & Diesel Limited (WinGD)","Nanjing","-","China Merchants Group Limited","Hong Kong, S.A.R., China","Nanjing Tanker Corporation","People's Republic of China","Nanjing Tanker Corporation","People's Republic of China","-","-","-","-","9952098","413513510","18.30",2023,"-","-","-","-","-",10860,14563,"6X52","Britannia Steam Ship Insurance Association Ltd., The","CS (provisional)"," (provisional)"," (provisional)","-","-","-","-","-","-","Nanjing Tanker Corporation","People's Republic of China","Nanjing Tanker Corporation","People's Republic of China","US HNL","-","A","25 Apr 2026 10:18:20 GMT","19 Apr 2026 22:30:00 GMT","Nanjing Tanker Corporation","People's Republic of China","21° 6' 24"" N","157° 51' 26"" W"
"Yida 8","product tanker","Fuzhou","Fujian Mawei Shipbuilding Limited","13912397","Live","Liberia",6935,"General Purpose, 10'-25'dwt",23688,"Double Hull","5LKQ8",17279,"MW515-1","159.80","149.80","26.20","26.20","9.70","5.17","Fuji Diesel Company Limited","Monrovia","-","Unknown Owners","-","Unknown Owners","-","Reach Glory Limited","Hong Kong, S.A.R., China","-","-","-","-","9936941","636022829","14.85",2023,"-","-","-","-","-","-","-","6S40ME-B9","Japan Shipowners Mutual Protection & Indemnity Association","CS (provisional)"," (provisional)"," (provisional)","-","-","-","-","-","-","Mascot Ocean Limited","People's Republic of China","Rong Yi Da Shipping Limited","People's Republic of China","SINGAPORE","-","A","25 Apr 2026 10:13:31 GMT","28 Apr 2026 06:00:00 GMT","Unknown Owners","-","1° 49' 44"" N","105° 59' 59"" E"
"Scarlet Robin","product tanker","Japan","Fukuoka Shipbuilding Company Limited","13912591","Live","Marshall Islands",6281,"General Purpose, 10'-25'dwt",19993,"Double Hull","V7A5842",12065,"1342","146.50","138.00","24.00","24.00","9.70","3.40","Unknown Engine Designer","Majuro","-","Shintoku Kaiun Company Limited","Japan","Shintoku Kaiun Company Limited","Japan","Shintoku Panama S.A.","Panama","Ultratank Shipping Incorporated","Chile","-","-","9958004","538010282","13.10",2023,"-","-","-","-","-","-","-","6S42MC","Britannia Steam Ship Insurance Association Ltd., The","NK (provisional)"," (provisional)"," (provisional)","-","-","-","-","-","-","Fleet Management Limited","Hong Kong, S.A.R., China","Fleet Management Limited","Hong Kong, S.A.R., China","HOUSTON","-","A","25 Apr 2026 10:17:14 GMT","24 Apr 2026 14:00:00 GMT","Shintoku Kaiun Company Limited","Japan","29° 36' 32"" N","95° 1' 24"" W"
"Fure Valo","product tanker","Jiangsu","China Merchants Jinling Shipyard (Yangzhou) Dingheng Company Limited","13914308","Live","Sweden",5837,"General Purpose, 10'-25'dwt",17949,"Double Hull","SBCO",12763,"CMYZ0123","149.90","146.64","-","22.80","9.36","2.74","Unknown Engine Designer","-","-","FureBear AB","Sweden","FureBear AB","Sweden","FureBear AB","Sweden","-","-","-","-","9983097","265063000","12.10",2025,"-","-","-","-","-","-","-","6S42MC7","Swedish Club (Sverige Angfartygs Assurans Forening)","BV (provisional)"," (provisional)"," (provisional)","-","-","2025-06-01T00:00:00","-","-","-","Furetank Rederi A/B","Sweden","Furetank Rederi A/B","Sweden","PL GDY","-","A","25 Apr 2026 10:19:12 GMT","27 Apr 2026 04:00:00 GMT","FureBear AB","Sweden","52° 46' 49"" N","3° 20' 19"" E"
"Hong Zhi 88","product tanker","China","-","13915643","Live","China",4335,"General Purpose, 10'-25'dwt",11864,"Single","BQKH",7742,"-","128.10","120.30","-","20.00","7.80","3.20","Unknown Engine Designer","Shanghai","-","Shanghai Fengle Shipping Company Limited","People's Republic of China","Shanghai Fengle Shipping Company Limited","People's Republic of China","Shanghai Fengle Shipping Company Limited","People's Republic of China","-","-","-","-","8525642","412705520","11.00",2017,"-","-","-","-","-","-","-","8N330-EN","-","-","-","-","-","-","-","-","-","-","Shanghai Fengle Shipping Company Limited","People's Republic of China","Shanghai Fengle Shipping Company Limited","People's Republic of China","PAN JIN","-","A","25 Apr 2026 10:07:27 GMT","25 Apr 2026 06:45:00 GMT","Shanghai Fengle Shipping Company Limited","People's Republic of China","40° 44' 24"" N","121° 59' 23"" E"
"You Pin 1","product tanker","China","-","13916031","Live","China","-","General Purpose, 10'-25'dwt",10768,"Single","BREE",6542,"-","134.30","-","-","18.00","-","-","-","Zhoushan","-","Chen Yiyue","People's Republic of China","Zhejiang Kaishun Shipping Company Limited","Hong Kong, S.A.R., China","Zhejiang Kaishun Shipping Company Limited","Hong Kong, S.A.R., China","-","-","-","-","9890006","413207680","-",2019,"-","-","-","-","-","-","-","8N330-EN","-","-","-","-","-","-","-","-","-","-","Zhejiang Kaishun Shipping Company Limited","Hong Kong, S.A.R., China","Zhejiang Kaishun Shipping Company Limited","Hong Kong, S.A.R., China","SHI DAO","Shidao Port","A","25 Apr 2026 10:14:48 GMT","25 Apr 2026 17:30:00 GMT","Zhejiang Kaishun Shipping Company Limited","Hong Kong, S.A.R., China","36° 46' 37"" N","122° 29' 12"" E"
"Fure VYL","product tanker","Yangzhou","China Merchants Jinling Shipyard (Yangzhou) Dingheng Company Limited","13937618","Live","Sweden",5837,"General Purpose, 10'-25'dwt",17952,"Double Hull","SBMI",12763,"CMYZ0095","149.90","146.64","-","22.80","9.36","2.74","Unknown Engine Designer","-","-","FureBear AB","Sweden","FureBear AB","Sweden","FureBear AB","Sweden","-","-","-","-","9983956","265059000","12.10",2024,"-","-","-","-","-","-","-","6S42MC7","Swedish Club (Sverige Angfartygs Assurans Forening)","BV (provisional)"," (provisional)"," (provisional)","-","-","2024-12-01T00:00:00","-","-","-","Furetank Rederi A/B","Sweden","Furetank Rederi A/B","Sweden","FR DON","-","A","25 Apr 2026 10:16:02 GMT","21 Apr 2026 19:00:00 GMT","FureBear AB","Sweden","47° 6' 51"" N","2° 25' 52"" W"
"Yi Cheng 19","Tanker (unspecified)","China","Linhai Huajie Shipbuilding Company Limited","13945700","Live","China","-","General Purpose, 10'-25'dwt",11719,"Single","BOXJ8",7963,"-","137.33","130.50","19.00","19.00","7.55","3.16","Unknown Engine Designer","Zhoushan","-","Zhoushan Liancheng Shipping Company Limited","People's Republic of China","Zhoushan Liancheng Shipping Company Limited","People's Republic of China","Zhoushan Liancheng Shipping Company Limited","People's Republic of China","-","-","-","-","9978183","413337060","10.70",2022,"-","-","-","-","-","-","-","8N330-EN","-","-","-","-","-","-","-","-","-","-","-","-","Zhoushan Liancheng Shipping Company Limited","People's Republic of China","ZH0U SHAN","-","A","25 Apr 2026 10:17:12 GMT","21 Apr 2026 12:30:00 GMT","Zhoushan Liancheng Shipping Company Limited","People's Republic of China","29° 59' 54"" N","122° 2' 42"" E"
"Bao De 1116","Tanker (unspecified)","China","Zhejiang Jiaoshan ShipBuilding & Repairing Factory","13948287","Live","China",4874,"General Purpose, 10'-25'dwt",13582,"Single","BYDH",8705,"-","137.76","129.50","20.80","20.80","8.10","2.70","Unknown Engine Designer","Shenzhen","-","Shenzhen Baode Ocean Shipping Company","People's Republic of China","Shenzhen Baode Ocean Shipping Company","People's Republic of China","Shenzhen Baode Ocean Shipping Company","People's Republic of China","-","-","-","-","1026738","413465160","10.80",2010,"-","-","-","-","-","-","-","8N330-EN","-","-","-","-","-","-","-","-","-","-","-","-","Shenzhen Baode Ocean Shipping Company","People's Republic of China","DALIAN","Dalian","A","25 Apr 2026 10:15:32 GMT","26 Apr 2026 04:00:00 GMT","Shenzhen Baode Ocean Shipping Company","People's Republic of China","37° 23' 33"" N","122° 51' 56"" E"
"Heng Xing Kun Peng","product tanker","China","Taizhou Maple Leaf Shipbuilding Company Limited","13948492","Live","China","-","General Purpose, 10'-25'dwt",15528,"Single","BOZC4",11822,"-","145.84","137.30","23.00","23.00","8.40","3.91","Unknown Engine Designer","Ningbo","-","Ningbo Hengxing Shipping Company Limited","People's Republic of China","Ningbo Hengxing Shipping Company Limited","People's Republic of China","Ningbo Hengxing Shipping Company Limited","People's Republic of China","-","-","-","-","9985447","413346240","12.30",2022,"-","-","-","-","-","-","-","6S42MC7","-","-","-","-","-","-","-","-","-","-","Ningbo Hengxing Shipping Company Limited","People's Republic of China","Ningbo Hengxing Shipping Company Limited","People's Republic of China","TIAN JIN","-","A","25 Apr 2026 10:14:12 GMT","24 Apr 2026 23:30:00 GMT","Ningbo Hengxing Shipping Company Limited","People's Republic of China","38° 58' 17"" N","117° 45' 59"" E"
"Hua Ying 366","product tanker","China","-","13948760","Live","China","-","General Purpose, 10'-25'dwt",11544,"Single","BOXJ9",8628,"-","134.00","126.20","21.00","20.80","7.50","3.72","Unknown Engine Designer","Zhoushan","-","Ma Kaikai","People's Republic of China","Zhejiang Changsheng Shipping Company Limited","People's Republic of China","Zhejiang Changsheng Shipping Company Limited","People's Republic of China","-","-","-","-","9978200","413337070","11.00",2022,"-","-","-","-","-","-","-","8N330-EN","-","-","-","-","-","-","-","-","-","-","Zhejiang Changsheng Shipping Company Limited","People's Republic of China","Zhejiang Changsheng Shipping Company Limited","People's Republic of China","SHIDAO","-","A","25 Apr 2026 10:18:04 GMT","26 Apr 2026 01:30:00 GMT","Zhejiang Changsheng Shipping Company Limited","People's Republic of China","37° 37' 50"" N","122° 20' 14"" E"
"Chang Li 28","product tanker","China","-","13948819","Live","China",4572,"General Purpose, 10'-25'dwt",11953,"Single","BOYZ4",8166,"-","137.00","129.00","19.00","18.80","8.10","2.71","Unknown Engine Designer","Maoming","-","Chen Guangzhi","People's Republic of China","Maoming Changli Marine Logistics Company Limited","People's Republic of China","Maoming Changli Marine Logistics Company Limited","People's Republic of China","-","-","-","-","9984936","413345850","11.00",2022,"-","-","-","-","-","-","-","8N330-EN","-","-","-","-","-","-","-","-","-","-","-","-","Maoming Changli Marine Logistics Company Limited","People's Republic of China","QIN ZHOU","-","A","25 Apr 2026 10:11:41 GMT","24 Apr 2026 16:00:00 GMT","Maoming Changli Marine Logistics Company Limited","People's Republic of China","21° 42' 17"" N","108° 35' 58"" E"
"Zheng Xin 2022","product tanker","China","-","13955092","Live","China","-","General Purpose, 10'-25'dwt",10755,"Single","BOYI4",7966,"-","138.00","130.50","19.00","19.00","7.10","3.61","Unknown Engine Designer","Nanjing","-","Unknown Owners","-","Unknown Owners","-","Nanjing Changtai Oil Transport Company Limited","People's Republic of China","-","-","-","-","9980215","413343590","11.00",2022,"-","-","-","-","-","-","-","8N330-EN","-","-","-","-","-","-","-","-","-","-","-","-","Unknown Owners","-","QING DAO","-","A","25 Apr 2026 10:13:13 GMT","24 Apr 2026 11:00:00 GMT","Unknown Owners","-","36° 5' 35"" N","120° 19' 25"" E"
"Min You Shi Hua","product tanker","China","Qidong Jisheng Shipbuilding Company Limited","13960195","Live","China",4959,"General Purpose, 10'-25'dwt",12496,"Single","BOYC9",8857,"-","138.63","130.50","20.00","20.00","7.70","3.50","Unknown Engine Designer","Fuzhou","-","Fujian Province Petroleum Company","People's Republic of China","Fujian Province Petroleum Company","People's Republic of China","Fujian Shihua Shipping Company Limited","People's Republic of China","-","-","-","-","9980241","413341670","11.20",2022,"-","-","-","-","-","-","-","8N330-EN","-","-","-","-","-","-","-","-","-","-","Fujian Shihua Shipping Company Limited","People's Republic of China","Fujian Shihua Shipping Company Limited","People's Republic of China","GUANG ZHOU","Guangzhou","A","25 Apr 2026 10:11:30 GMT","22 Apr 2026 08:00:00 GMT","Fujian Province Petroleum Company","People's Republic of China","22° 4' 24"" N","114° 2' 46"" E"
"He Lian You 29","product tanker","China","Wanlong Shipbuilding Heavy Industry Company Limited","13962048","Live","China","-","General Purpose, 10'-25'dwt",22952,"Single","BPAJ4",16516,"-","159.34","149.80","25.00","25.00","9.40","5.60","Unknown Engine Designer","Wenzhou","-","Zhejiang Helian Shipping Company Limited","People's Republic of China","Zhejiang Helian Shipping Company Limited","People's Republic of China","Zhejiang Helian Shipping Company Limited","People's Republic of China","-","-","-","-","9987122","413341860","15.00",2022,"-","-","-","-","-","-","-","6S42MC7","Assuranceforeningen Skuld","-","-","-","-","-","-","-","-","-","Ruico (Guangdong) Shipping & Logistics Company Limited","People's Republic of China","Ruico (Guangdong) Shipping & Logistics Company Limited","People's Republic of China","HONG KONG","-","A","25 Apr 2026 10:15:55 GMT","25 Apr 2026 06:00:00 GMT","Zhejiang Helian Shipping Company Limited","People's Republic of China","22° 21' 45"" N","113° 55' 40"" E"
"Cheng Lang 166","product tanker","China","Nanjing Chenglang Shipbuilding Industry Company Limited","13965451","Live","China",6350,"General Purpose, 10'-25'dwt",15397,"Single","-",11340,"-","149.90","143.20","22.00","22.00","8.52","3.59","Unknown Engine Designer","Nanning","-","Guangxi Yuhang Shipping Company Limited","People's Republic of China","Guangxi Yuhang Shipping Company Limited","People's Republic of China","Guangxi Yuhang Shipping Company Limited","People's Republic of China","-","-","-","-","9959644","413288330","12.10",2021,"-","-","-","-","-","-","-","6S42MC7","-","-","-","-","-","-","-","-","-","-","Guangxi Yuhang Shipping Company Limited","People's Republic of China","Guangxi Yuhang Shipping Company Limited","People's Republic of China","LONG KOU","Longkou Port","A","25 Apr 2026 10:13:08 GMT","29 Apr 2026 04:00:00 GMT","Guangxi Yuhang Shipping Company Limited","People's Republic of China","24° 54' 7"" N","119° 27' 49"" E"
"Fairchem Pinnacle","product tanker","Japan","Fukuoka Shipbuilding Company Limited","13967181","Live","Marshall Islands",8000,"MR 1, 25'-35'dwt",26300,"Double Hull","V7A7109",17490,"2115","158.42","149.60","-","27.40","9.00","5.00","Sulzer Turbomachinery Services","Majuro","-","Mitsui O.S.K. Lines Limited (MOL)","Japan","Fairfield Chemical Carriers Incorporated","United States of America","Tarinus Line S.A.","Panama","MOL Chemical Tankers Private Limited","Republic of Singapore","-","-","9984273","538011421","14.00",2025,"-","-","-","-","Japan Marine United Corporation (JMU)","-","-","6RT-Flex50DF","Japan Shipowners Mutual Protection & Indemnity Association","-","-","-","-","-","-","-","-","-","Anglo-Eastern Shipmanagement (Singapore) Private Limited","Republic of Singapore","Anglo-Eastern Shipmanagement (Singapore) Private Limited","Republic of Singapore","BR PNG","-","A","25 Apr 2026 09:39:49 GMT","09 May 2026 20:00:00 GMT","Fairfield Chemical Carriers Incorporated","United States of America","30° 24' 59"" N","17° 28' 23"" W"
"Fairchem Prestige","product tanker","Japan","Fukuoka Shipbuilding Company Limited","13967182","Live","Marshall Islands",8033,"MR 1, 25'-35'dwt",26328,"Double Hull","V7A6831",17490,"2114","158.42","149.60","-","27.40","9.00","5.00","Sulzer Turbomachinery Services","Majuro","-","Fukuoka Shipbuilding Company Limited","Japan","Fernus Line S.A.","Panama","Fernus Line S.A.","Panama","MOL Chemical Tankers Private Limited","Republic of Singapore","-","-","9984261","538011231","14.00",2024,"-","-","-","-","Japan Marine United Corporation (JMU)","-","-","6RT-Flex50DF","U.K. Mutual Steam Ship Assurance Association (Bermuda) Ltd","American Bureau","-","-","-","-","-","-","-","-","Anglo-Eastern Shipmanagement (Singapore) Private Limited","Republic of Singapore","Anglo-Eastern Shipmanagement (Singapore) Private Limited","Republic of Singapore","MAGELLANS STRAIT","-","A","25 Apr 2026 10:17:53 GMT","25 Apr 2026 20:00:00 GMT","Fernus Line S.A.","Panama","52° 25' 13"" S","67° 42' 51"" W"
"MH Shogun","product tanker","Japan","Usuki Shipyard Company Limited","13976884","Live","Marshall Islands",6004,"General Purpose, 10'-25'dwt",19769,"Double Hull","V7A7128",12190,"1796","143.00","140.00","-","23.70","9.70","3.30","Unknown Engine Designer","Majuro","-","Kowa Kaiun Company Limited","Japan","Kowa Kaiun Company Limited","Japan","TACK Shipping S.A.","Marshall Islands","IceChem Tankers ApS","Denmark","-","-","9986013","538011432","13.00",2025,"-","-","-","-","-","-","-","6S42MC","Steamship Mutual Underwriting Association (Bermuda) Ltd","DN (provisional)"," (provisional)"," (provisional)","-","-","-","-","-","-","Diamond Ship Management Private Limited","Republic of Singapore","Diamond Ship Management Private Limited","Republic of Singapore","NLRTM","Rotterdam","A","25 Apr 2026 10:18:56 GMT","26 Apr 2026 10:00:00 GMT","Kowa Kaiun Company Limited","Japan","52° 24' 8"" N","2° 39' 37"" E"
"Eva Trust","product tanker","Usuki","Usuki Shipyard Company Limited","13976886","Live","Philippines",6080,"General Purpose, 10'-25'dwt",19913,"Double Hull","DYPL",11792,"1798","145.50","137.00","-","23.70","9.70","3.65","Unknown Engine Designer","Manila","-","Nisshin Shipping Company Limited (Nisshin Kaiun KK)","Japan","Nisshin Shipping Company Limited (Nisshin Kaiun KK)","Japan","Sea Queen Shipping Corporation","Philippines","-","-","-","-","9986037","548989000","13.35",2025,"-","-","-","-","-","-","-","6S42MC","U.K. Mutual Steam Ship Assurance Association (Bermuda) Ltd","BV (provisional)"," (provisional)"," (provisional)","-","-","2025-07-01T00:00:00","-","-","-","Victoria Ship Management Incorporated -PHI","Philippines","Victoria Ship Management Incorporated -PHI","Philippines","INBOM","Mumbai (ex Bombay)","A","25 Apr 2026 10:18:12 GMT","22 Apr 2026 06:30:00 GMT","Nisshin Shipping Company Limited (Nisshin Kaiun KK)","Japan","18° 56' 27"" N","72° 22' 51"" E"
"Pheasant","product tanker","Japan","Usuki Shipyard Company Limited","13976887","Live","Singapore",6250,"General Purpose, 10'-25'dwt",20600,"Double Hull","9VAQ4",12137,"1799","143.00","140.00","-","23.70","9.70","3.30","Unknown Engine Designer","Singapore","-","Tamba Kisen K.K.","Japan","Tamba Kisen K.K.","Japan","Aldebaran Maritime Private Limited","Republic of Singapore","-","-","-","-","9986049","563243100","13.00",2024,"-","-","-","-","-","-","-","6S42MC","U.K. Mutual Steam Ship Assurance Association (Bermuda) Ltd","-","-","-","-","-","-","-","-","-","Apollo Ship Management Private Limited","Republic of Singapore","Apollo Ship Management Private Limited","Republic of Singapore","US HOU","-","A","25 Apr 2026 10:18:37 GMT","24 Apr 2026 14:00:00 GMT","Tamba Kisen K.K.","Japan","29° 44' 41"" N","95° 5' 51"" W"
"Guo Hong 19","product tanker","China","Linhai Huajie Shipbuilding Company Limited","13983359","Live","China","-","General Purpose, 10'-25'dwt",12734,"Single","-",8787,"-","138.00","130.50","20.00","20.00","7.80","3.31","Unknown Engine Designer","Shanghai","-","Shanghai Huayi Shipping Company Limited","People's Republic of China","Shanghai Huayi Shipping Company Limited","People's Republic of China","Shanghai Huayi Shipping Company Limited","People's Republic of China","-","-","-","-","9991678","413385670","11.10",2022,"-","-","-","-","-","-","-","8N330-EN","-","-","-","-","-","-","-","-","-","-","Shanghai Huayi Shipping Company Limited","People's Republic of China","Shanghai Huayi Shipping Company Limited","People's Republic of China","JINZHOU","-","A","25 Apr 2026 10:16:36 GMT","25 Apr 2026 11:00:00 GMT","Shanghai Huayi Shipping Company Limited","People's Republic of China","40° 32' 19"" N","121° 26' 4"" E"
"Dong Cheng You 61","product tanker","Unknown","-","13991421","Live","China","-","General Purpose, 10'-25'dwt",14849,"Single","BIAL8",10113,"-","151.00","-","21.00","-","-","-","Unknown Engine Designer","-","-","Shanghai Donghai Shipping Company Limited","People's Republic of China","Shanghai Donghai Shipping Company Limited","People's Republic of China","Shanghai Donghai Shipping Company Limited","People's Republic of China","-","-","-","-","9755141","412378880","-",2012,"-","-","-","-","-","-","-","6S42MC7","-","-","-","-","-","-","-","-","-","-","-","-","Shanghai Donghai Shipping Company Limited","People's Republic of China","DALIAN","Dalian","A","25 Apr 2026 10:12:47 GMT","27 Apr 2026 06:00:00 GMT","Shanghai Donghai Shipping Company Limited","People's Republic of China","33° 17' 44"" N","123° 0' 53"" E"
"Yi Cheng 18","product tanker","China","Qidong Jisheng Shipbuilding Company Limited","13995598","Live","China",4584,"General Purpose, 10'-25'dwt",12185,"Single","BORD5",8187,"-","138.00","130.50","19.00","19.00","7.80","3.10","Unknown Engine Designer","Zhoushan","-","Zhoushan Liancheng Shipping Company Limited","People's Republic of China","Zhoushan Liancheng Shipping Company Limited","People's Republic of China","Zhoushan Liancheng Shipping Company Limited","People's Republic of China","-","-","-","-","9953016","413286590","10.90",2021,"-","-","-","-","-","-","-","8N330-EN","-","-","-","-","-","-","-","-","-","-","-","-","Zhoushan Liancheng Shipping Company Limited","People's Republic of China","DONG  GUAN","Dongguan Port","A","25 Apr 2026 10:18:34 GMT","25 Apr 2026 23:43:00 GMT","Zhoushan Liancheng Shipping Company Limited","People's Republic of China","22° 18' 7"" N","114° 41' 29"" E"
"Neng Yuan 12","product tanker","China","Nanjing Chenglang Vessel Comapny Limited","14002957","Live","Panama","-","General Purpose, 10'-25'dwt",13152,"Double Hull","3E2236",8985,"CLCY-2018002","140.00","131.00","21.00","20.80","7.99","-","Unknown Engine Designer","-","-","Shanghai Nengyuan Shipping Company Limited","People's Republic of China","Shanghai Nengyuan Shipping Company Limited","People's Republic of China","Shanghai Nengyuan Shipping Company Limited","People's Republic of China","-","-","-","-","9902471","352002250","-",2019,"-","-","-","-","-","-","-","8N330-EN","American Steamship Owners Mutual Protection & Indemnity Association","Panama Maritime Documentation Services","Overseas Marine Certification Services","-","-","-","-","-","-","-","Shanghai Anduo Ship Management Company Limited","People's Republic of China","Shanghai Anduo Ship Management Company Limited","People's Republic of China","-","-","A","25 Apr 2026 10:11:32 GMT","-","Shanghai Nengyuan Shipping Company Limited","People's Republic of China","16° 9' 30"" N","96° 15' 56"" E"
"Zheng Xin 2021","product tanker","China","Linhai Huajie Shipbuilding Company Limited","14008955","Live","China","-","General Purpose, 10'-25'dwt",10548,"Single","BOSU7",7963,"-","138.16","130.67","19.00","19.00","7.00","3.71","Unknown Engine Designer","Nanjing","-","Unknown Owners","-","Unknown Owners","-","Nanjing Changtai Oil Transport Company Limited","People's Republic of China","-","-","-","-","9953195","413294340","10.70",2021,"-","-","-","-","-","-","-","8N330-EN","-","-","-","-","-","-","-","-","-","-","-","-","Unknown Owners","-","NAN JING","-","A","25 Apr 2026 10:17:40 GMT","26 Apr 2026 20:25:00 GMT","Unknown Owners","-","31° 4' 31"" N","122° 45' 24"" E"
"Komodo Park","product tanker","Japan","Fukuoka Shipbuilding Company Limited","14015148","Live","Liberia",6300,"General Purpose, 10'-25'dwt",19900,"Double Hull","5LND9",12221,"1354","146.50","138.75","-","24.00","9.70","3.40","Unknown Engine Designer","Monrovia","-","Zodiac Group Monaco SAM","Monaco","Zodiac Maritime Limited","United Kingdom","Calthorpe Shipping Incorporation","Liberia","-","-","-","-","9981465","636023327","13.10",2024,"-","-","-","-","Makita Corporation","-","-","6S42MC","Steamship Mutual Underwriting Association (Bermuda) Ltd","-","-","-","-","-","-","-","-","-","Zodiac Maritime Limited","United Kingdom","Zodiac Maritime Limited","United Kingdom","IDGRE","-","A","25 Apr 2026 10:18:19 GMT","22 Apr 2026 03:00:00 GMT","Zodiac Maritime Limited","United Kingdom","7° 10' 29"" S","112° 40' 34"" E"
"Wuhu W2322","product tanker","China","Wuhu Shipyard Company Limited","14038290","Live","Liberia",5997,"General Purpose, 10'-25'dwt",18500,"Double Hull","-",11861,"W2322","149.80","140.80","-","22.80","8.50","4.20","Unknown Engine Designer","Monrovia","-","Front Line Capital Group","People's Republic of China","Front Line Capital Group","People's Republic of China","Channel 3 Holding Limited","Hong Kong, S.A.R., China","-","-","-","-","1036214","-","12.70",2026,"-","-","-","-","-","-","-","UNKNOWN","Swedish Club (Sverige Angfartygs Assurans Forening)","-","-","-","-","-","-","-","-","-","-","-","Front Line Capital Group","People's Republic of China","SEA TRIAL","-","A","25 Apr 2026 10:16:01 GMT","23 Apr 2026 20:00:00 GMT","Front Line Capital Group","People's Republic of China","31° 34' 25"" N","123° 48' 37"" E"
"Algoma Acadian","product tanker","South Korea","HD Hyundai Mipo Company Limited","14067472","Live","Canada",9900,"MR 2, 35'-45'dwt",37242,"Double Hull","VAAS",20000,"2901","184.00","176.10","-","27.40","11.30","5.90","Unknown Engine Designer","Saint John","-","Algoma Central Corporation","Canada","Algoma Central Corporation","Canada","Fundy Tankers Limited","Bermuda","ADMIC","United Arab Emirates","-","-","1022081","316018880","17.20",2025,"-","-","-","-","-","-","-","6S50MC-C8","U.K. Mutual Steam Ship Assurance Association (Bermuda) Ltd","American Bureau","-","-","-","-","-","-","-","-","Norbulk Shipping UK Limited","United Kingdom","Norbulk Shipping UK Limited","United Kingdom","CACHA","Charlottetown","A","25 Apr 2026 10:18:03 GMT","26 Apr 2026 11:00:00 GMT","Algoma Central Corporation","Canada","45° 25' 11"" N","60° 19' 47"" W"
"Amadeus","Tanker (unspecified)","South Korea","HD Hyundai Mipo Company Limited","14121466","Live","Marshall Islands","-","MR 1, 25'-35'dwt",27926,"Double Hull","V7A6901",21422,"8399","159.90","154.00","-","27.40","-","-","Unknown Engine Designer","-","-","Marinakis Group of Companies","Greece","Capital Clean Energy Carriers Corpoation","Greece","Aspara Holdings Limited","Guernsey","Capital Gas Ship Management Corporation","Greece","-","-","1029986","-","17.80",2026,"-","-","-","-","-","-","-","UNKNOWN","West of England Mutual Shipowners Protection & Indemnity Association (Luxemburg)","-","-","-","-","-","-","-","-","-","-","-","Capital Clean Energy Carriers Corpoation","Greece","-","-","A","25 Apr 2026 10:15:15 GMT","-","Capital Clean Energy Carriers Corpoation","Greece","35° 30' 29"" N","129° 23' 50"" E"
"Lettie PG","product tanker","China","China Merchants Jinling Shipyard (Yangzhou) Dingheng Company Limited","14147795","Live","Unknown",3214,"General Purpose, 10'-25'dwt",10810,"Double Hull","MRJT6",7928,"CMYZ0136","126.90","122.56","-","22.00","6.80","2.20","Wartsila Corporation","-","-","Mifuku Kaiun Y.K.","Japan","Mifuku Kaiun Y.K.","Japan","Mifuku Kaiun Company Limited & Mifuku Shipping Company Limited","Marshall Islands","Pritchard-Gordon Tankers Limited","United Kingdom","-","-","1018846","-","9.00",2025,"-","-","-","-","Wartsila Deutschland GmbH",3480,4667,"6L32","U.K. Mutual Steam Ship Assurance Association (Bermuda) Ltd","-","-","-","-","-","-","-","-","-","Pritchard-Gordon Tankers Limited","United Kingdom","Pritchard-Gordon Tankers Limited","United Kingdom","BM SGE","Pointe-a-Pitre","A","23 Feb 2026 17:18:04 GMT","23 Feb 2026 15:00:00 GMT","Mifuku Kaiun Y.K.","Japan","32° 19' 20"" N","64° 50' 11"" W"
"Agnes PG","product tanker","China","China Merchants Jinling Shipyard (Yangzhou) Dingheng Company Limited","14147796","Live","Isle of Man",3229,"General Purpose, 10'-25'dwt",10600,"Double Hull","MRQF8",7966,"CMYZ0137","126.90","122.56","-","22.00","6.80","2.20","Wartsila Corporation","Douglas","-","Toshin K.K.","Japan","Alpha Vessel Limited","Belgium","Alpha Vessel Limited","Belgium","Pritchard-Gordon Tankers Limited","United Kingdom","-","-","1018858","-","9.00",2025,"-","-","-","-","Wartsila Deutschland GmbH",3480,4667,"6L32","U.K. Mutual Steam Ship Assurance Association (Bermuda) Ltd","-","-","-","-","-","-","-","-","-","Pritchard-Gordon Tankers Limited","United Kingdom","Pritchard-Gordon Tankers Limited","United Kingdom","GY GEO","-","A","25 Apr 2026 10:17:01 GMT","23 Apr 2026 13:00:00 GMT","Alpha Vessel Limited","Belgium","6° 45' 16"" N","58° 11' 12"" W"
"Saehan Olivia","product tanker","Japan","Usuki Shipyard Company Limited","14177701","Live","Panama",6004,"General Purpose, 10'-25'dwt",19765,"Double Hull","3E8973",12190,"U-1803","143.00","140.00","-","23.70","9.70","3.65","Unknown Engine Designer","Panama","-","Unknown Owners","-","Unknown Owners","-","SMC OLIVIA S.A.","Republic of Korea","Saehan Marine Service Company Limited","Republic of Korea","-","-","1016290","352005775","13.35",2025,"-","-","-","-","-","-","-","6S42MC","London Steamship Owners Mutual Insurance Association Ltd","Korean Register","-","-","-","-","-","-","-","-","SM Management Company Limited","Republic of Korea","SM Management Company Limited","Republic of Korea","IN BOM","Mumbai (ex Bombay)","A","25 Apr 2026 10:11:27 GMT","29 Apr 2026 07:00:00 GMT","Unknown Owners","-","5° 22' 26"" N","85° 8' 45"" E"
"MH Borga","product tanker","Japan","Usuki Shipyard Company Limited","14177702","Live","Marshall Islands",6004,"General Purpose, 10'-25'dwt",19700,"Double Hull","V7A3676",12190,"1804","143.00","140.00","-","23.70","9.70","3.65","Unknown Engine Designer","Majuro","-","Hinode Kaiun K.K. (Hinode Shipping Company Limited)","Japan","Hinode (Hiroshima) Kaiun K.K. (Hinode Shipping Company Limited)","Japan","Hinode Kaiun KK & Rising Sun Navigation SA","Panama","A/S J. Ludwig Mowinckels Rederi","Norway","-","-","1016305","538011923","13.35",2025,"-","-","-","-","-","-","-","6S42MC","Assuranceforeningen Skuld","Nippon Kaiji Kyokai","-","-","-","-","-","-","-","-","Diamond Ship Management Private Limited","Republic of Singapore","Diamond Ship Management Private Limited","Republic of Singapore","CAVAN","Kashima, Ibaraki","A","25 Apr 2026 10:17:35 GMT","22 Apr 2026 09:00:00 GMT","Hinode (Hiroshima) Kaiun K.K. (Hinode Shipping Company Limited)","Japan","49° 17' 22"" N","123° 4' 12"" W"
"Tianashuen","Tanker (unspecified)","Malaysia","-","14189906","Live","Panama","-","General Purpose, 10'-25'dwt",11021,"Single","3E7487",6397,"-","124.00","-","18.00","-","-","-","Unknown Engine Designer","Panama","-","Unknown Owners","-","Unknown Owners","-","Haiwo Shipping Company - FZE","United Arab Emirates","-","-","-","-","1037517","352003330","-",2013,"-","-","-","-","-","-","-","UNKNOWN","-","-","-","-","-","-","-","-","-","-","38 Marine & Offshore Private Limited","Republic of Singapore","38 Marine & Offshore Private Limited","Republic of Singapore","AE KFL","-","A","25 Apr 2026 10:00:06 GMT","25 Apr 2026 03:00:00 GMT","Unknown Owners","-","25° 21' 43"" N","56° 29' 4"" E"
"Maple Ocean","product tanker","China","Taizhou Maple Leaf Shipbuilding Company Limited","14202067","Live","Liberia",4242,"General Purpose, 10'-25'dwt",13221,"Double Hull","5LRB9",9235,"MLCT13000-002","133.23","130.43","-","21.50","8.50","3.11","Unknown Engine Designer","Monrovia","-","Ocean Harvest Maritime Limited","Hong Kong, S.A.R., China","Ocean Harvest Maritime Limited","Hong Kong, S.A.R., China","Ocean Harvest Maritime Limited","Hong Kong, S.A.R., China","-","-","-","-","1043011","636024122","11.60",2024,"-","-","-","-","-","-","-","8N330-EN","U.K. Mutual Steam Ship Assurance Association (Bermuda) Ltd","CS (provisional)"," (provisional)"," (provisional)","-","-","-","-","-","-","Maple Leaf Shipping Company Limited","People's Republic of China","Maple Leaf Shipping Company Limited","People's Republic of China","OM SOH","-","A","25 Apr 2026 10:18:36 GMT","25 Apr 2026 07:30:00 GMT","Ocean Harvest Maritime Limited","Hong Kong, S.A.R., China","24° 34' 56"" N","56° 38' 18"" E"
"XT Exploration","product tanker","China","Taizhou Maple Leaf Shipbuilding Company Limited","14202068","Live","Malta",4240,"General Purpose, 10'-25'dwt",13109,"Double Hull","9HA6167",9233,"MLCT13000-003","133.23","130.43","-","21.50","8.50","3.11","Unknown Engine Designer","Valletta","-","Xingtong Shipping Company Limited","People's Republic of China","Xingtong Shipping Company Limited","People's Republic of China","Xingtong Exploration Shipping Company Limited","Hong Kong, S.A.R., China","-","-","-","-","1043023","249207000","11.60",2024,"-","-","-","-","-","-","-","8N330-EN","China Shipowners Mutual Assurance Association","CS (provisional)"," (provisional)"," (provisional)","-","-","-","-","-","-","IMC Ship Management Private Limited","Republic of Singapore","IMC Ship Management Private Limited","Republic of Singapore","FRLAV","-","A","25 Apr 2026 10:16:10 GMT","22 Apr 2026 08:00:00 GMT","Xingtong Shipping Company Limited","People's Republic of China","43° 23' 58"" N","4° 56' 24"" E"
"Chemroad Kaia","product tanker","Onishi","Shin Kurushima Dockyard Company Limited","14203830","Live","Liberia",9096,"MR 2, 35'-45'dwt",35400,"Double Hull","5LXH6",23500,"6258","172.95","165.50","-","28.20","11.40","5.80","Mitsubishi Heavy Industries Limited","Monrovia","-","Iino Kaiun Kaisha Limited (Iino Lines)","Japan","Iino Kaiun Kaisha Limited (Iino Lines)","Japan","Opera Shipholding SA","Panama","-","-","-","-","1037684","636025408","17.20",2025,"-","-","-","-","MITSUBISHI HEAVY INDUSTRIES, LTD.",10680,14322,"6UEC50LSH-Eco-C3","NorthStandard","-","-","-","-","-","-","-","-","-","Iino Marine Service Company Limited","Japan","Iino Marine Service Company Limited","Japan","PA BLB","Balboa","A","25 Apr 2026 10:09:05 GMT","12 May 2026 18:00:00 GMT","Iino Kaiun Kaisha Limited (Iino Lines)","Japan","35° 38' 22"" N","162° 27' 10"" W"
"Eagle Aquamarine","product tanker","Japan","Higaki Shipbuilding Company Limited","14203861","Live","Singapore",3100,"General Purpose, 10'-25'dwt",12000,"Double Hull","9V9616",9280,"807","124.90","117.00","-","21.40","8.00","4.00","B&W Diesel A/S","-","-","Eagle Asia Asset Management Limited","British Virgin Islands","VLK Traders Singapore Private Limited","Republic of Singapore","RJG 03 Singapore Private Limited","Republic of Singapore","-","-","-","-","1050313","563276900","12.00",2025,"-","-","-","-","MAN B&W Diesel Limited",5220,7000,"6S35MC-C9","Japan Shipowners Mutual Protection & Indemnity Association","Nippon Kaiji Kyokai","-","-","-","-","-","-","-","-","-","-","VLK Traders Singapore Private Limited","Republic of Singapore","ASSPU","-","A","25 Apr 2026 10:15:39 GMT","25 Apr 2026 03:00:00 GMT","VLK Traders Singapore Private Limited","Republic of Singapore","1° 11' 39"" N","103° 41' 35"" E"
"Hua Chen 128","product tanker","-","Zhejiang Hongsheng Ship Manufacturing Company Limited","14300540","Live","China","-","General Purpose, 10'-25'dwt",11998,"Single","-",7499,"-","136.00","128.50","19.00","18.40","7.96","2.06","Unknown Engine Designer","Wenzhou","-","Yueqing Huayuan Shipping Company Limited","People's Republic of China","Yueqing Huayuan Shipping Company Limited","People's Republic of China","Yueqing Huayuan Shipping Company Limited","People's Republic of China","-","-","-","-","1106382","413595890","10.00",2024,"-","-","-","-","-","-","-","8N330-EN","-","-","-","-","-","-","-","-","-","-","-","-","Yueqing Huayuan Shipping Company Limited","People's Republic of China","SHIDAO","Dalian","A","25 Apr 2026 10:16:26 GMT","30 Apr 2026 05:40:00 GMT","Yueqing Huayuan Shipping Company Limited","People's Republic of China","36° 45' 59"" N","122° 29' 16"" E"
"GUO YANG XIN RONG","Tanker (unspecified)","China","-","14318646","Live","China","-","General Purpose, 10'-25'dwt",11136,"Single","-",8860,"-","138.00","130.50","20.00","20.00","7.25","3.86","Unknown Engine Designer","Zhoushan","-","Unknown Owners","-","Unknown Owners","-","Zhejiang Guo Yang Shipping Company Limited","People's Republic of China","-","-","-","-","1090301","413587420","11.00","-","-","-","-","-","-","-","-","UNKNOWN","London Steamship Owners Mutual Insurance Association Ltd","-","-","-","-","-","-","-","-","-","-","-","Unknown Owners","-","ZHANG ZHOU","Zhangzhou Port","A","24 Apr 2026 22:18:07 GMT","25 Apr 2026 02:00:00 GMT","Unknown Owners","-","23° 42' 55"" N","117° 33' 56"" E"
"Yuan Xiang You 168","product tanker","China","Linhai Huajie Shipbuilding Company Limited","14347535","Live","China","-","General Purpose, 10'-25'dwt",10451,"Single","-",8028,"-","138.00","-","19.00","-","-","-","Unknown Engine Designer","-","-","Zhoushan Yuanxiang Shipping Company Limited","People's Republic of China","Zhoushan Yuanxiang Shipping Company Limited","People's Republic of China","Zhoushan Yuanxiang Shipping Company Limited","People's Republic of China","-","-","-","-","1106344","413597730","-",2024,"-","-","-","-","-","-","-","8N330-EN","-","-","-","-","-","-","-","-","2029-09-02T00:00:00","2029-09-02T00:00:00","-","-","Zhoushan Yuanxiang Shipping Company Limited","People's Republic of China","DONG YING","-","A","25 Apr 2026 10:13:17 GMT","24 Apr 2026 20:40:00 GMT","Zhoushan Yuanxiang Shipping Company Limited","People's Republic of China","38° 10' 34"" N","119° 12' 13"" E"
"Pelita","product tanker","Maizuru","Hitachi Shipbuilding Corporation (Maizuru)","143624","Live","Indonesia",6192,"General Purpose, 10'-25'dwt",18065,"Single","YDXK",12450,"4675","154.00","150.02","25.81","25.81","7.02","3.90","B&W Diesel A/S","Jakarta","-","PT Pertamina (Persero)","Indonesia","PT Pertamina International Shipping (PIS)","Indonesia","PT Pertamina International Shipping (PIS)","Indonesia","-","-","-","-","8001426","525008017","10.92",1981,"-","-","-","-","Hitachi Zosen Corporation",4594,5600,"7L45GFC","-","Biro Klasifikasi Indonesia","-","-","-","-","1996-09-01T00:00:00","-","-","-","P.T. Pertamina Trans Kontinental","Indonesia","P.T. Pertamina Trans Kontinental","Indonesia","-","-","A","04 Mar 2024 04:18:40 GMT","-","PT Pertamina International Shipping (PIS)","Indonesia","6° 0' 27"" S","106° 56' 28"" E"
"Yuan Xiang You 1","product tanker","-","-","14369147","Live","China","-","General Purpose, 10'-25'dwt",10178,"Single","-",7997,"-","138.00","130.50","19.00","19.00","7.00","3.71","Unknown Engine Designer","Zhoushan","-","Zhoushan Yuanxiang Shipping Company Limited","People's Republic of China","Zhoushan Yuanxiang Shipping Company Limited","People's Republic of China","Zhoushan Yuanxiang Shipping Company Limited","People's Republic of China","-","-","-","-","1106655","413594720","11.00",2024,"-","-","-","-","-","-","-","8N330-EN","-","-","-","-","-","-","-","-","2029-07-22T00:00:00","2029-07-22T00:00:00","-","-","Zhoushan Yuanxiang Shipping Company Limited","People's Republic of China","DONG YING","-","A","25 Apr 2026 10:16:11 GMT","24 Apr 2026 20:56:00 GMT","Zhoushan Yuanxiang Shipping Company Limited","People's Republic of China","38° 5' 60"" N","118° 58' 39"" E"
"Dong Hai 217","product tanker","China","Zhejiang Mingfei Shipbuilding Company Limited","14374152","Live","China","-","General Purpose, 10'-25'dwt",22405,"Single","BPVV7",16224,"-","154.37","148.00","26.00","26.00","9.22","4.89","Unknown Engine Designer","Ningbo","-","Ningbo Donghai Shipping Company Limited","People's Republic of China","Ningbo Donghai Shipping Company Limited","People's Republic of China","Ningbo Donghai Shipping Company Limited","People's Republic of China","-","-","-","-","1078951","413581760","14.00",2024,"-","-","-","-","-","-","-","6S42MC7","West of England Mutual Shipowners Protection & Indemnity Association (Luxemburg)","-","-","-","-","-","-","-","2029-06-11T00:00:00","2029-06-11T00:00:00","-","-","Ningbo Donghai Shipping Company Limited","People's Republic of China","-","-","A","25 Apr 2026 03:06:33 GMT","-","Ningbo Donghai Shipping Company Limited","People's Republic of China","29° 2' 42"" N","121° 37' 60"" E"
"Hang Hai You 22","product tanker","Taizhou","Taizhou Zhonghang Shipping Co., Ltd","14386567","Live","China",4367,"General Purpose, 10'-25'dwt",13786,"Double Hull","BPPU2",9839,"TK2306","145.40","135.80","-","20.80","8.10","3.12","Daihatsu Infinearth Manufactoring Company Limited","Ningbo","-","Ningbo Yongwang Shipping Company Limited","People's Republic of China","Ningbo Yongwang Shipping Company Limited","People's Republic of China","Ningbo Yongwang Shipping Company Limited","People's Republic of China","-","-","-","-","1062445","413605150","11.00",2024,"-","-","-","-","Anqing CSSC Diesel Engine Company Limited",2908,3900,"8DKM-36","-","China Classification","-","-","-","-","-","-","-","-","-","-","Ningbo Yongwang Shipping Company Limited","People's Republic of China","NINGBO","Ningbo Port","A","25 Apr 2026 10:18:09 GMT","25 Apr 2026 18:00:00 GMT","Ningbo Yongwang Shipping Company Limited","People's Republic of China","29° 55' 52"" N","121° 59' 13"" E"
"Yong Sheng 39","Tanker (unspecified)","China","Taizhou Haibin Shipbuilding Company","14389704","Live","China",4401,"General Purpose, 10'-25'dwt",13550,"Double Hull","BPVI5",9045,"HBTD202303","139.00","130.50","20.00","20.00","8.40","3.01","Unknown Engine Designer","Zhoushan","-","China Zheshang Bank Company Limited (CZBank)","People's Republic of China","Zhejiang Zheyin Financial Leasing Company Limited","People's Republic of China","Zhejiang Zheyin Financial Leasing Company Limited","People's Republic of China","-","-","-","-","1044261","413603590","11.00",2024,"-","-","-","-","-","-","-","8N330-EN","Assuranceforeningen Skuld","China Classification","-","-","-","-","-","-","-","-","-","-","Zhejiang Zheyin Financial Leasing Company Limited","People's Republic of China","TAIXING.CN","-","A","25 Apr 2026 10:16:29 GMT","24 Apr 2026 10:30:00 GMT","Zhejiang Zheyin Financial Leasing Company Limited","People's Republic of China","31° 27' 23"" N","121° 28' 11"" E"
"Jose Aiub","product tanker","Rio de Janeiro","IVI Industrias Verolme-Ishibras S.A. Shipbuilding","144011","Live","Brazil",4145,"General Purpose, 10'-25'dwt",17812,"Single","PPVH",13474,"94","161.00","153.00","23.41","23.40","7.94","4.86","Sulzer Turbomachinery Services","Manaus","-","Navemazonia Navegacao Limitada","Brazil","Navemazonia Navegacao Limitada","Brazil","Navemazonia Navegacao Limitada","Brazil","-","-","-","-","7801738","710251000","12.80",1981,"-","-","-","-","Ishikawajima do Brasil Estaleiros S.A.",4717,6325,"5RLA56","-","American Bureau","-","-","2019-12-13T00:00:00","2019-12-13T00:00:00","2016-08-27T00:00:00","2016-08-27T00:00:00","-","-","-","-","Navemazonia Navegacao Limitada","Brazil","-","-","A","15 Sep 2025 17:49:38 GMT","-","Navemazonia Navegacao Limitada","Brazil","3° 9' 19"" S","59° 57' 48"" W"
"YUAN XIANG YOU 7","product tanker","-","-","14404351","Live","China","-","General Purpose, 10'-25'dwt",11134,"Single","-",8919,"-","138.00","130.50","20.00","20.00","7.15","3.96","Unknown Engine Designer","Zhoushan","-","Unknown Owners","-","Unknown Owners","-","Unknown Owners","-","-","-","-","-","1109499","413608410","11.00",2024,"-","-","-","-","-","-","-","8N330-EN","-","-","-","-","-","-","-","-","-","-","-","-","Unknown Owners","-","DONG YING","-","A","25 Apr 2026 10:18:07 GMT","24 Apr 2026 23:45:00 GMT","Unknown Owners","-","38° 6' 5"" N","118° 58' 51"" E"
"Jin Wang You 19","product tanker","-","-","14404382","Live","China","-","General Purpose, 10'-25'dwt",13271,"Single","-",9311,"-","140.00","131.90","20.00","20.00","8.00","3.21","Unknown Engine Designer","Zhoushan","-","Unknown Owners","-","Unknown Owners","-","Zhoushan Jinhaian Shipping Company Limited","People's Republic of China","-","-","-","-","1106356","413608390","11.00",2024,"-","-","-","-","-","-","-","8N330-EN","-","-","-","-","-","-","-","-","2029-12-23T00:00:00","2029-12-23T00:00:00","-","-","Zhoushan Jinhaian Shipping Company Limited","People's Republic of China","ZHU HAI","-","A","25 Apr 2026 10:17:45 GMT","25 Apr 2026 12:36:00 GMT","Unknown Owners","-","21° 53' 20"" N","113° 13' 55"" E"
"Da Hai You 27","product tanker","China","Taizhou Haibin Shipbuilding Company","14421614","Live","China","-","General Purpose, 10'-25'dwt",20488,"Single","BPGS9",15945,"-","159.00","149.80","25.00","24.80","9.20","5.02","Unknown Engine Designer","Ningbo","-","Unknown Owners","-","Unknown Owners","-","Ningbo Yi Ding Shipping Company Limited","People's Republic of China","-","-","-","-","1053511","413532270","14.00",2023,"-","-","-","-","-","-","-","6S42MC7","-","-","-","-","-","-","-","-","2028-07-10T00:00:00","2028-07-10T00:00:00","Ningbo Yi Ding Shipping Company Limited","People's Republic of China","Ningbo Yi Ding Shipping Company Limited","People's Republic of China","JINZHOU","Jinzhou Port","A","25 Apr 2026 10:18:02 GMT","27 Apr 2026 05:00:00 GMT","Unknown Owners","-","34° 0' 12"" N","122° 49' 35"" E"
"Nan Hai 901","product tanker","China","Zhejiang Xinzhou Shipbuilding Company Limited","14434282","Live","China","-","General Purpose, 10'-25'dwt",12187,"Single","BPYI7",9828,"-","140.00","136.94","21.00","21.00","7.35","4.16","Unknown Engine Designer","Guangzhou","-","Anhui Transportation Holding Group Company Limited","People's Republic of China","Wanjiang Financial Leasing Company Limited","People's Republic of China","Wanjiang Financial Leasing Company Limited","People's Republic of China","-","-","-","-","1106318","413607830","12.00",2024,"-","-","-","-","-","-","-","8N330-EN","-","-","-","-","-","-","-","-","-","-","-","-","Wanjiang Financial Leasing Company Limited","People's Republic of China","NAN TONG","-","A","25 Apr 2026 10:16:20 GMT","25 Apr 2026 18:00:00 GMT","Wanjiang Financial Leasing Company Limited","People's Republic of China","31° 4' 3"" N","122° 42' 38"" E"
"Hua Shun You 598","product tanker","China","Zhejiang Xinzhou Shipbuilding Company Limited","14435829","Live","China","-","General Purpose, 10'-25'dwt",13167,"Single","BQAA2",9597,"-","140.00","131.90","20.00","20.00","8.00","3.81","Unknown Engine Designer","Yangpu","-","Anhui Transportation Holding Group Company Limited","People's Republic of China","Wanjiang Financial Leasing Company Limited","People's Republic of China","Wanjiang Financial Leasing Company Limited","People's Republic of China","-","-","-","-","1116911","413614960","12.00",2025,"-","-","-","-","-","-","-","8N330-EN","-","-","-","-","-","-","-","-","-","-","Hainan Jianghai Hengtong Shipping Company Limited","People's Republic of China","Hainan Jianghai Hengtong Shipping Company Limited","People's Republic of China","DONG YING","-","A","25 Apr 2026 10:16:49 GMT","23 Apr 2026 09:25:00 GMT","Wanjiang Financial Leasing Company Limited","People's Republic of China","38° 9' 55"" N","119° 11' 2"" E"
"Kai Shun You 11","product tanker","China","Zhejiang Mingfei Shipbuilding Company Limited","14446228","Live","China","-","General Purpose, 10'-25'dwt",10914,"Single","-",7008,"-","136.00","128.50","18.00","18.00","7.80","2.21","Unknown Engine Designer","Zhoushan","-","Chen Yiyue","People's Republic of China","Zhejiang Kaishun Shipping Company Limited","Hong Kong, S.A.R., China","Zhejiang Kaishun Shipping Company Limited","Hong Kong, S.A.R., China","-","-","-","-","1109504","413613470","10.00",2025,"-","-","-","-","-","-","-","8N330-EN","-","-","-","-","-","-","-","-","2030-01-14T00:00:00","2030-01-14T00:00:00","Zhejiang Kaishun Shipping Company Limited","Hong Kong, S.A.R., China","Zhejiang Kaishun Shipping Company Limited","Hong Kong, S.A.R., China","MAO MING","-","A","25 Apr 2026 10:13:04 GMT","26 Apr 2026 08:00:00 GMT","Zhejiang Kaishun Shipping Company Limited","Hong Kong, S.A.R., China","21° 45' 47"" N","114° 16' 39"" E"
"Hai Xin You 617","product tanker","-","-","14454094","Live","China","-","General Purpose, 10'-25'dwt",14055,"Single","BPZU2",10772,"-","139.00","136.00","22.00","-","7.80","4.11","Unknown Engine Designer","Ningbo","-","China National Aviation Fuel Group Corporation Limited (CNAF)","People's Republic of China","China National Aviation Fuel Supply Company Limited","People's Republic of China","China National Aviation Fuel Haixin Shipping Corporation","People's Republic of China","-","-","-","-","1116856","413610730","12.00",2025,"-","-","-","-","-","-","-","6S42MC7","-","-","-","-","-","-","-","-","-","-","China National Aviation Fuel Haixin Shipping Corporation","People's Republic of China","China National Aviation Fuel Haixin Shipping Corporation","People's Republic of China","MEIZHOUWAN","-","A","25 Apr 2026 10:18:02 GMT","27 Apr 2026 07:00:00 GMT","China National Aviation Fuel Supply Company Limited","People's Republic of China","30° 22' 15"" N","122° 36' 24"" E"
"Zhe Ji 1","product tanker","-","-","14502382","Live","China","-","General Purpose, 10'-25'dwt",22967,"Single","-",16873,"-","153.00","149.80","27.00","26.90","9.25","4.66","Unknown Engine Designer","Ningbo","-","Unknown Owners","-","Unknown Owners","-","Ningbo Yinzhou Changshun Shipping Company Limited","People's Republic of China","-","-","-","-","1131583","413617270","14.00",2025,"-","-","-","-","-","-","-","6S42MC7","-","-","-","-","-","-","-","-","-","-","Ningbo Yinzhou Changshun Shipping Company Limited","People's Republic of China","Ningbo Yinzhou Changshun Shipping Company Limited","People's Republic of China","YI ZHENG","-","A","25 Apr 2026 10:14:04 GMT","25 Apr 2026 14:30:00 GMT","Unknown Owners","-","32° 15' 6"" N","119° 8' 13"" E"
"Fatima","bunkering tanker","Yawatahama","Kurinoura Dockyard K.K.","145104","Live","Panama",3947,"General Purpose, 10'-25'dwt",10597,"Double Hull","-",6482,"160","124.01","116.01","18.30","18.30","8.06","2.61","Mitsubishi Heavy Industries Limited","Panama","-","Aceria del Ecuador CA (ADELCA)","Ecuador","Aceria del Ecuador CA (ADELCA)","Ecuador","Aceria del Ecuador CA (ADELCA)","Ecuador","-","-","-","-","8014186","-","10.67",1980,"-","-","-","-","Akasaka Diesels Limited",6200,6200,"6UEC52/105D","-","-","-","-","-","-","2007-12-04T00:00:00","-","-","-","-","-","Aceria del Ecuador CA (ADELCA)","Ecuador","-","-","A","19 May 2023 14:57:19 GMT","-","Aceria del Ecuador CA (ADELCA)","Ecuador","24° 5' 40"" S","57° 12' 35"" W"
"Nan Hai 902","product tanker","-","-","14539157","Live","China","-","General Purpose, 10'-25'dwt",12746,"Single","BQIT5",9992,"-","140.00","136.94","-","21.00","7.60","4.06","Unknown Engine Designer","Guangzhou","-","Unknown Owners","-","Unknown Owners","-","Unknown Owners","-","-","-","-","-","1150785","412200030","11.65",2025,"-","-","-","-","-","-","-","8N330-EN","-","-","-","-","-","-","-","-","2030-08-14T00:00:00","2030-08-14T00:00:00","-","-","Unknown Owners","-","LIAN YUN GANG","-","A","25 Apr 2026 10:07:12 GMT","24 Apr 2026 18:50:00 GMT","Unknown Owners","-","34° 38' 40"" N","119° 38' 1"" E"
"XIN HUA YANG 9","product tanker","-","-","14544286","Live","China","-","General Purpose, 10'-25'dwt",17463,"Single","-",12232,"-","149.16","141.20","-","23.00","9.08","3.83","Unknown Engine Designer","Ningbo","-","Unknown Owners","-","Unknown Owners","-","Unknown Owners","-","-","-","-","-","1149736","412050970","12.90",2025,"-","-","-","-","-","-","-","6S42MC7","-","-","-","-","-","-","-","-","2030-07-20T00:00:00","2030-07-20T00:00:00","-","-","Unknown Owners","-","ZHOU SHAN","-","A","25 Apr 2026 10:10:33 GMT","20 Apr 2026 08:00:00 GMT","Unknown Owners","-","29° 56' 47"" N","122° 14' 15"" E"
"Makivka","product tanker","St. Petersburg","Admiralty Shipyards","145455","Live","Ukraine",5498,"General Purpose, 10'-25'dwt",15010,"Single","-",11575,"-","-","-","-","-","-","-","Unknown Engine Designer","-","-","Government of the Republic of Ukraine","Ukraine","Government of the Republic of Ukraine","Ukraine","Government of the Republic of Ukraine","Ukraine","-","-","-","-","-","-","-",1971,"-","-","-","-","-",4698,6300,"6-74VT2BF-160","-","-","-","-","-","-","-","-","-","-","-","-","Government of the Republic of Ukraine","Ukraine","-","-","-","-","-","Government of the Republic of Ukraine","Ukraine","-","-"
"Zhong Tuo Fei Cui","product tanker","China","Haidong Shipyard","14567466","Live","China",4468,"General Purpose, 10'-25'dwt",13993,"Double Hull","BQHS4",9621,"HDBD2024-001","129.90","127.20","22.00","22.00","8.50","3.11","Unknown Engine Designer","Zhoushan","-","Zhoushan Zhongtuo Shipping Company Limited","People's Republic of China","Zhoushan Zhongtuo Shipping Company Limited","People's Republic of China","Zhoushan Zhongtuo Shipping Company Limited","People's Republic of China","-","-","-","-","1099137","412351280","12.00",2025,"-","-","-","-","-","-","-","8N330-EN","U.K. Mutual Steam Ship Assurance Association (Bermuda) Ltd","CS (provisional)"," (provisional)"," (provisional)","-","-","-","-","-","-","Genesis Global Tanker Ship Management Hongkong Limited","Hong Kong, S.A.R., China","Genesis Global Tanker Ship Management Hongkong Limited","Hong Kong, S.A.R., China","CHANG SHU CHINA","Changshu Port","A","25 Apr 2026 10:18:57 GMT","29 Apr 2026 13:00:00 GMT","Zhoushan Zhongtuo Shipping Company Limited","People's Republic of China","17° 1' 27"" N","113° 30' 39"" E"
"WANG SHENG 18","product tanker","-","-","14570541","Live","China","-","MR 2, 35'-45'dwt",35000,"Single","-",20168,"-","-","-","-","-","-","-","Unknown Engine Designer","-","-","Unknown Owners","-","Unknown Owners","-","Zhoushan Wangsheng Shipping Company Limited","People's Republic of China","-","-","-","-","8539241","-","-",1998,"-","-","-","-","-","-","-","-","-","-","-","-","-","-","-","-","-","-","-","-","Unknown Owners","-","-","-","-","-","-","Unknown Owners","-","-","-"
"Golden Calypso","product tanker","Japan","Asakawa Shipbuilding Company Limited","14576683","Live","Panama",8108,"MR 1, 25'-35'dwt",25700,"Double Hull","3E8544",15065,"668","156.53","149.00","-","25.00","-","-","Unknown Engine Designer","Panama","-","Nissen Kaiun Company Limited (Nissen Kaiun KK)","Japan","Nissen Kaiun Company Limited (Nissen Kaiun KK)","Japan","Southern Route Maritime S.A.","Panama","-","-","-","-","1037713","352006081","-",2025,"-","-","-","-","-","-","-","6S42MC","NorthStandard","Nippon Kaiji Kyokai","-","-","-","-","-","-","-","-","-","-","Nissen Kaiun Company Limited (Nissen Kaiun KK)","Japan","GBFAW","-","A","25 Apr 2026 10:16:00 GMT","24 Apr 2026 01:00:00 GMT","Nissen Kaiun Company Limited (Nissen Kaiun KK)","Japan","50° 50' 26"" N","1° 19' 51"" W"
"Athenian Horizon","Tanker (unspecified)","China","Wuchang Shipbuilding Industry Company Limited","14581093","Live","Portugal",5932,"General Purpose, 10'-25'dwt",18500,"Double Hull","CQ2538",11865,"AA017M","149.80","140.80","23.00","22.80","12.70","0.30","Unknown Engine Designer","-","-","Athenian Group","Greece","Athenian Sea Carriers Limited","Greece","Oceanic Opportunities Corporation","Liberia","-","-","-","-","1026635","255916109","13.00",2025,"-","-","-","-","-","-","-","8N330-EN","Assuranceforeningen Gard","Lloyds Register","-","-","-","-","-","-","2028-09-29T00:00:00","2028-09-29T00:00:00","OSM Ship Management AS","Norway","OSM Ship Management AS","Norway","FRPJE","Port Jerome","A","25 Apr 2026 10:18:42 GMT","25 Apr 2026 11:00:00 GMT","Athenian Sea Carriers Limited","Greece","49° 30' 12"" N","0° 13' 31"" W"
"Di Hai Fu Tai","product tanker","China","Yangzhou Ryuwa Shipbuilding Company Limited","14583362","Live","China",4468,"General Purpose, 10'-25'dwt",13500,"Double Hull","BQBV9",9019,"2024-XC017","138.73","130.50","-","20.00","8.40","3.01","Unknown Engine Designer","-","-","Unknown Owners","-","Unknown Owners","-","Xinqihang (Shanghai) Ship Leasing Co Ltd","People's Republic of China","-","-","-","-","1121447","412200020","11.00",2025,"-","-","-","-","-","-","-","8N330-EN","Swedish Club (Sverige Angfartygs Assurans Forening)","China Classification","-","-","-","-","-","-","-","-","-","-","Shanghai Dihai Logistics Company Limited","People's Republic of China","TAI ZHOU","-","A","25 Apr 2026 10:17:13 GMT","25 Apr 2026 11:00:00 GMT","Unknown Owners","-","31° 52' 55"" N","120° 54' 1"" E"
"BAI YANG 268","product tanker","-","-","14621265","Live","China","-","General Purpose, 10'-25'dwt",11229,"Single","-",9031,"-","139.43","131.90","-","20.00","7.25","3.96","Unknown Engine Designer","Ningbo","-","Unknown Owners","-","Unknown Owners","-","Unknown Owners","-","-","-","-","-","1150759","412322290","11.20",2025,"-","-","-","-","-","-","-","8N330-EN","-","-","-","-","-","-","-","-","-","-","-","-","Unknown Owners","-","SHI DAO","Shidao Port","A","25 Apr 2026 10:17:05 GMT","26 Apr 2026 00:00:00 GMT","Unknown Owners","-","35° 42' 4"" N","122° 43' 38"" E"
"Yi Shun 12","product tanker","China","Zhoushan Qifan Shipyard","14623988","Live","China",4231,"General Purpose, 10'-25'dwt",12316,"Double Hull","BQJE9",8789,"QF2024-04-2","129.86","-","8.80","-","8.37","3.09","Unknown Engine Designer","Zhoushan","-","Unknown Owners","-","Unknown Owners","-","Zhejiang Yishun Marine Company Limited","People's Republic of China","-","-","-","-","1095844","412373110","11.00",2026,"-","-","-","-","-","-","-","8N330-EN","West of England Mutual Shipowners Protection & Indemnity Association (Luxemburg)","CS (provisional)"," (provisional)"," (provisional)","-","-","-","-","-","-","Zhejiang Yishun Marine Company Limited","People's Republic of China","Zhejiang Yishun Marine Company Limited","People's Republic of China","SHANGHAI","-","A","25 Apr 2026 10:18:43 GMT","24 Apr 2026 12:00:00 GMT","Unknown Owners","-","31° 16' 44"" N","121° 51' 48"" E"
"Jiang Hai Run Fa","product tanker","China","Jiangxi Huadong Shipbuilding Company Limited","14651731","Live","China",4494,"General Purpose, 10'-25'dwt",10495,"Single","BQJS7",8026,"-","138.00","130.50","19.00","19.00","7.05","3.66","Unknown Engine Designer","Nanjing","-","Unknown Owners","-","Unknown Owners","-","Unknown Owners","-","-","-","-","-","-","412400680","11.00",2026,"-","-","-","-","-","-","-","8N330-EN","-","-","-","-","-","-","-","-","-","-","-","-","Unknown Owners","-","RU_GAO","Rugao Port","A","25 Apr 2026 10:16:29 GMT","26 Apr 2026 00:30:00 GMT","Unknown Owners","-","31° 24' 42"" N","121° 32' 5"" E"
"Hao Jin You","Tanker (unspecified)","-","-","14669271","Live","China",5648,"General Purpose, 10'-25'dwt",13006,"Single","BQJY7",10087,"-","145.00","137.57","21.00","-","7.95","3.66","Unknown Engine Designer","Yangzhou","-","Unknown Owners","-","Unknown Owners","-","Unknown Owners","-","-","-","-","-","-","412404520","12.00",2023,"-","-","-","-","-","-","-","UNKNOWN","-","-","-","-","-","-","-","-","-","-","-","-","Unknown Owners","-","SHI DAO","-","A","25 Apr 2026 10:17:00 GMT","29 Apr 2026 12:00:00 GMT","Unknown Owners","-","22° 13' 47"" N","114° 39' 11"" E"
"Chukotka Plus","product tanker","Helsinki","STX Finland OY - SEE NOW AS Arctech Helsinki Shipyard Incorporated","153353","Live","Russia",3279,"General Purpose, 10'-25'dwt",11548,"Double Hull","UBUO5",8806,"307","140.80","132.80","21.21","21.20","7.30","3.40","Wartsila Corporation","Anadyr","-","Chukotka Trading Company Joint Stock Company","Russian Federation","Chukotka Trading Company Joint Stock Company","Russian Federation","Chukotka Trading Company Joint Stock Company","Russian Federation","-","-","-","-","7927960","273389070","10.70",1982,"-","-","-","-","Wartsila Finland oy",2780,3780,"9R32","-","Russian Register of Ships","-","-","-","-","2017-05-29T00:00:00","-","-","-","Oil-Compact Company Limited","Russian Federation","Oil-Compact Company Limited","Russian Federation","-","-","A","25 Apr 2026 02:13:02 GMT","-","Chukotka Trading Company Joint Stock Company","Russian Federation","43° 5' 14"" N","132° 1' 58"" E"
"Yuan Feng Er","product tanker","Shimonoseki","Evergreen Heavy Industry Company","153530","Live","China",7737,"General Purpose, 10'-25'dwt",19989,"Single","BROK",11780,"1252","158.00","149.00","22.01","22.01","9.20","3.00","Sulzer Turbomachinery Services","-","-","Yuanfeng Shipping Company Limited","People's Republic of China","Yuanfeng Shipping Company Limited","People's Republic of China","Yuanfeng Shipping Company Limited","People's Republic of China","-","-","-","-","8108896","412367000","12.20",1982,"-","-","-","-","Ishikawajima-Harima Heavy Industries Company Limited",5660,7590,"6RLA56","-","-","-","-","-","-","2004-05-27T00:00:00","-","-","-","COSCO Shipping Tanker (Dalian) Company Limited","People's Republic of China","COSCO Shipping Tanker (Dalian) Company Limited","People's Republic of China","-","-","A","25 Apr 2026 10:19:04 GMT","-","Yuanfeng Shipping Company Limited","People's Republic of China","22° 14' 10"" N","121° 21' 47"" E"
"Sengeti","product tanker","Onomichi","Onomichi Shipbuilding Company Limited","156567","Live","Indonesia",7541,"MR 1, 25'-35'dwt",29952,"Single","YDXX",21747,"303","180.02","171.00","30.03","30.03","9.00","6.00","Sulzer Turbomachinery Services","Jakarta","-","PT Pertamina (Persero)","Indonesia","PT Pertamina International Shipping (PIS)","Indonesia","PT Pertamina International Shipping (PIS)","Indonesia","-","-","-","-","8103420","525008024","15.00",1982,"-","-","-","-","Ishikawajima-Harima Heavy Industries Company Limited",8277,11100,"6RLB66","-","Biro Klasifikasi Indonesia","-","-","-","-","2001-12-01T00:00:00","-","-","-","P.T. Pertamina Trans Kontinental","Indonesia","P.T. Pertamina Trans Kontinental","Indonesia","-","-","A","18 Nov 2025 06:00:00 GMT","-","PT Pertamina International Shipping (PIS)","Indonesia","1° 19' 48"" S","116° 56' 54"" E"
"Olympic Pride","product tanker","Lauzon","Davie Yards Inc","157243","Live","Nigeria",4327,"General Purpose, 10'-25'dwt",11626,"Single","5NLL",7086,"704","135.52","127.00","19.51","19.51","7.84","2.17","MAN Energy Solutions SE","-","-","Progress Maritime Limited","Nigeria","Progress Maritime Limited","Nigeria","Progress Maritime Limited","Nigeria","-","-","-","-","8009131","-","10.01",1982,"-","-","-","-","Kawasaki Shipbuilding Corporation",4474,6000,"K5SZ52/105","-","-","-","-","-","-","2001-05-03T00:00:00","-","-","-","-","-","Progress Maritime Limited","Nigeria","-","-","-","-","-","Progress Maritime Limited","Nigeria","-","-"
"Sepinggan/Pertamina 3008","product tanker","Onomichi","Onomichi Shipbuilding Company Limited","157661","Live","Indonesia",7541,"MR 1, 25'-35'dwt",29941,"Single","YDXT",21715,"304","180.00","171.00","30.03","30.03","9.00","6.00","Sulzer Turbomachinery Services","Jakarta","-","PT Pertamina (Persero)","Indonesia","P.T. Pertamina Patra Niaga","Indonesia","P.T. Pertamina Patra Niaga","Indonesia","-","-","-","-","8103432","525008025","15.00",1982,"-","-","-","-","Ishikawajima-Harima Heavy Industries Company Limited",8277,11100,"6RLB66","NorthStandard","-","-","-","-","-","2002-06-01T00:00:00","-","-","-","-","-","P.T. Pertamina Patra Niaga","Indonesia","-","-","A","12 Jun 2024 11:19:23 GMT","-","P.T. Pertamina Patra Niaga","Indonesia","3° 12' 5"" S","116° 23' 23"" E"
"Rose","product tanker","Setoda","Naikai Zosen Shipbuilding Corporation","157665","Live","Tanzania",4917,"General Purpose, 10'-25'dwt",18127,"Single","5IM927",12666,"472","157.99","149.99","25.81","25.81","7.00","3.80","B&W Diesel A/S","-","-","Swirling Maritime Corporation S.A.","Panama","Swirling Maritime Corporation S.A.","Panama","Swirling Maritime Corporation S.A.","Panama","-","-","-","-","8106795","677082700","10.80",1982,"-","-","-","-","Hitachi Zosen Corporation",4410,5914,"6L45GFCA","-","-","-","-","-","-","2004-02-01T00:00:00","-","-","-","Swirling Maritime Corporation S.A.","Panama","Swirling Maritime Corporation S.A.","Panama","-","-","A","02 Apr 2026 18:56:23 GMT","-","Swirling Maritime Corporation S.A.","Panama","4° 28' 14"" N","7° 10' 29"" E"
"Sanga-Sanga/Pertamina 3009","product tanker","Onomichi","Onomichi Shipbuilding Company Limited","160210","Live","Indonesia",7524,"MR 1, 25'-35'dwt",29944,"Single","YDXZ",21747,"307","186.00","171.00","30.00","30.00","9.00","6.00","Sulzer Turbomachinery Services","Jakarta","-","PT Pertamina (Persero)","Indonesia","P.T. Pertamina Patra Niaga","Indonesia","P.T. Pertamina Patra Niaga","Indonesia","-","-","-","-","8117093","525008026","15.00",1983,"-","-","-","-","Ishikawajima-Harima Heavy Industries Company Limited",8277,11100,"6RLB66","NorthStandard","Biro Klasifikasi Indonesia","-","-","-","-","2008-02-01T00:00:00","-","-","-","-","-","P.T. Pertamina Patra Niaga","Indonesia","ID BPN","-","A","20 Apr 2026 04:37:09 GMT","02 Dec 2026 02:00:00 GMT","P.T. Pertamina Patra Niaga","Indonesia","1° 19' 46"" S","116° 58' 6"" E"
"Sindang/Pertamina 3010","product tanker","Busan","HJ Shipbuilding & Construction Company Limited","160371","Live","Indonesia",11477,"MR 1, 25'-35'dwt",29996,"Single","YDXQ",22156,"2009","179.00","171.10","30.03","30.03","9.00","6.00","Sulzer Turbomachinery Services","Jakarta","-","PT Pertamina (Persero)","Indonesia","P.T. Pertamina Patra Niaga","Indonesia","P.T. Pertamina Patra Niaga","Indonesia","-","-","-","-","8121161","525008027","15.00",1982,"-","-","-","-","Mitsubishi Heavy Industries Limited",8277,11100,"6RLB66","NorthStandard","-","-","-","-","-","2002-11-01T00:00:00","-","-","-","-","-","P.T. Pertamina Patra Niaga","Indonesia","BALIKPAPAN","-","A","27 Apr 2024 07:45:36 GMT","14 Dec 2024 00:00:00 GMT","P.T. Pertamina Patra Niaga","Indonesia","1° 20' 29"" S","116° 57' 14"" E"
"Asteris","product tanker","Okpo","Hanwha Ocean Company Limited","160477","Live","Unknown",4969,"General Purpose, 10'-25'dwt",17879,"Single","-",12691,"5002","157.99","149.99","25.84","25.80","7.02","3.78","B&W Diesel A/S","-","-","Seacrown Maritime S.A.","Panama","Seacrown Maritime S.A.","Panama","Seacrown Maritime S.A.","Panama","-","-","-","-","8110655","-","10.80",1982,"-","-","-","-","Hitachi Shipbuilding Corporation (Innoshima)",4350,5914,"6L45GFCA","-","-","-","-","-","-","1997-05-01T00:00:00","-","-","-","Seacrown Maritime S.A.","Panama","Seacrown Maritime S.A.","Panama","-","-","-","10 Mar 2017 12:33:10 GMT","-","Seacrown Maritime S.A.","Panama","6° 17' 44"" N","2° 30' 55"" E"
"Royal Priesthood","product tanker","Appledore","Babcock Marine","161447","Live","Nigeria",3945,"General Purpose, 10'-25'dwt",11227,"Double Bottom","5NKP2",6892,"AS135","141.40","134.70","19.20","19.20","7.20","2.90","Mirrlees Blackstone Limited","Lagos","-","Anchor Ocean Limited","Nigeria","Anchor Ocean Limited","Nigeria","SR Fuel Trading Limited","Nigeria","-","-","-","-","8116611","657285000","10.10",1983,"-","-","-","-","Mirrlees Blackstone Limited",3303,4430,"12MB275","-","-","-","-","-","-","2003-03-01T00:00:00","-","-","-","-","-","Anchor Ocean Limited","Nigeria","-","-","A","25 Apr 2026 08:49:32 GMT","-","Anchor Ocean Limited","Nigeria","5° 32' 54"" N","5° 42' 33"" E"
"Mar Tirreno","product tanker","Buenos Aires","Astilleros Alianza S.A.","161556","Live","Argentina",6754,"General Purpose, 10'-25'dwt",17960,"Single","LQAK",10713,"43","155.20","146.00","23.53","23.50","8.20","2.70","Sulzer Turbomachinery Services","Buenos Aires","-","Unknown Owners","-","Unknown Owners","-","Tirreno Trading Company","Liberia","-","-","-","-","8115461","701060000","10.90",1983,"-","-","-","-","Mitsubishi Heavy Industries Limited",5500,7473,"4RND68M","-","-","-","-","-","-","-","-","-","-","-","-","-","-","-","-","-","-","-","Unknown Owners","-","-","-"
"Serang Jaya/Pertamina 3011","product tanker","Busan","HJ Shipbuilding & Construction Company Limited","163311","Live","Indonesia",11363,"MR 1, 25'-35'dwt",29990,"Single","YDXS",22227,"2010","179.97","171.10","30.03","30.03","9.00","6.00","Sulzer Turbomachinery Services","Jakarta","-","PT Pertamina (Persero)","Indonesia","P.T. Pertamina Patra Niaga","Indonesia","P.T. Pertamina Patra Niaga","Indonesia","-","-","-","-","8121173","525008028","15.00",1983,"-","-","-","-","Mitsubishi Heavy Industries Limited",8277,11100,"6RLB66","NorthStandard","Biro Klasifikasi Indonesia","-","-","-","-","2003-03-01T00:00:00","-","-","-","-","-","P.T. Pertamina Patra Niaga","Indonesia","ID BPN","-","A","20 Jul 2025 22:08:02 GMT","09 Aug 2025 05:00:00 GMT","P.T. Pertamina Patra Niaga","Indonesia","1° 19' 3"" S","116° 57' 53"" E"
"African Star","product tanker","Nizhniy Novgorod","Krasnoye Sormovo Shipbuilding","1648945","Live","Nigeria",3356,"General Purpose, 10'-25'dwt",13030,"Double Hull","5N2480",7833,"8","149.90","147.60","17.30","17.30","7.12","3.38","Wartsila Corporation","Lagos","-","Ship & Shore Services Limited","Nigeria","Ship & Shore Services Limited","Nigeria","Ship & Shore Services Limited","Nigeria","-","-","-","-","9435325","657309300","10.50",2007,"-","-","-","-","-",1620,1872,"6R32","American Steamship Owners Mutual Protection & Indemnity Association","Bureau Veritas","-","-","2022-12-06T00:00:00","2021-01-24T00:00:00","2025-06-01T00:00:00","-","-","-","Ship & Shore Services Limited","Nigeria","Ship & Shore Services Limited","Nigeria","INDA PLATFORM","-","A","25 Apr 2026 10:18:20 GMT","24 Apr 2026 17:30:00 GMT","Ship & Shore Services Limited","Nigeria","4° 16' 17"" N","6° 45' 0"" E"
"Tampa","product tanker","Split","Brodogradiliste Brodosplit Shipbuilding","170706","Live","Panama",5887,"General Purpose, 10'-25'dwt",17550,"Double Bottom","3FYW4",10937,"327","151.30","142.94","22.43","22.39","9.44","2.71","MAN Energy Solutions SE","Panama","-","Overseas Shipping & Stevedoring Company (OSSCO)","Yemeni Republic","Overseas Shipping & Stevedoring Company (OSSCO)","Yemeni Republic","Smy Shipping & Trading Company Limited","St. Vincent & Grenadines","-","-","-","-","8207020","352195000","12.15",1984,"-","-","-","-","Brodogradiliste Brodosplit Shipbuilding",5369,7200,"K6SZ52/105CL","-","-","-","-","-","-","1995-07-01T00:00:00","-","-","-","-","-","Overseas Shipping & Stevedoring Company (OSSCO)","Yemeni Republic","-","-","-","-","-","Overseas Shipping & Stevedoring Company (OSSCO)","Yemeni Republic","-","-"
"Setubal I","product tanker","Kudamatsu","Shin Kasado Dockyard Company Limited","170777","Live","Panama",8316,"MR 1, 25'-35'dwt",29997,"Single","3EJA2",17913,"345","176.05","165.85","26.60","26.60","9.96","4.55","B&W Diesel A/S","Panama","-","Maritime Management Synergy S.A.","Greece","Maritime Management Synergy S.A.","Greece","Southgate Navigation Limited S.A.","Panama","-","-","-","-","8303800","372452000","14.50",1984,"-","-","-","-","Mitsui Engineering & Shipbuilding Company Limited (Tamano)",4994,6697,"6L60MCE","-","-","-","-","-","-","2004-07-01T00:00:00","-","-","-","-","-","Maritime Management Synergy S.A.","Greece","-","-","-","-","-","Maritime Management Synergy S.A.","Greece","-","-"
"Argent Iris","product tanker","Onishi","Shin Kurushima Dockyard Company Limited","1912331","Live","Marshall Islands",9843,"MR 1, 25'-35'dwt",34862,"Double Hull","V7VN7",20334,"5542","174.43","167.00","27.70","27.70","11.41","4.59","Mitsubishi Heavy Industries Limited","Majuro","-","Mitsui O.S.K. Lines Limited (MOL)","Japan","MOL Chemical Tankers Private Limited","Republic of Singapore","MOL Chemical Tankers Private Limited","Republic of Singapore","-","-","-","-","9459280","538004167","16.00",2011,"-","-","-","-","Kobe Diesel Company Limited",8670,11627,"6UEC60LS","Britannia Steam Ship Insurance Association Ltd., The","Nippon Kaiji Kyokai","-","-","2021-03-27T00:00:00","-","2021-03-27T00:00:00","-","-","-","Unix Line Private Limited","Republic of Singapore","Unix Line Private Limited","Republic of Singapore","CN YAT","-","A","25 Apr 2026 10:16:56 GMT","30 Apr 2026 16:30:00 GMT","MOL Chemical Tankers Private Limited","Republic of Singapore","16° 13' 6"" N","115° 39' 8"" E"
"Jipro Neftis","product tanker","Onishi","Shin Kurushima Dockyard Company Limited","1912492","Live","Panama",9843,"MR 1, 25'-35'dwt",34858,"Double Hull","3EWC8",20333,"5543","174.40","167.00","27.70","27.70","11.41","4.59","B&W Diesel A/S","Panama","-","Fuyo Kaiun Company Limited","Japan","Fuyo Kaiun Company Limited","Japan","Turtle Corporation","Panama","-","-","-","-","9459292","370328000","16.00",2011,"-","-","-","-","Kobe Diesel Company Limited",8670,11627,"6S50MC-C","Japan Shipowners Mutual Protection & Indemnity Association","Nippon Kaiji Kyokai","-","-","2021-04-15T00:00:00","-","2021-04-15T00:00:00","-","2026-05-09T00:00:00","2026-05-09T00:00:00","-","-","Fuyo Kaiun Company Limited","Japan","CN ZOS","Zhoushan Port","A","25 Apr 2026 10:12:36 GMT","28 Apr 2026 10:30:00 GMT","Fuyo Kaiun Company Limited","Japan","16° 41' 56"" N","115° 53' 56"" E"
"Melilli","product tanker","Usuki","Minami-Nippon Shipbuilding Company Limited","202123","Live","Panama",5377,"General Purpose, 10'-25'dwt",19991,"Single","3EIZ4",12811,"576","155.00","145.00","25.02","25.00","8.62","4.38","Mitsubishi Heavy Industries Limited","Panama","-","Maritime Management Synergy S.A.","Greece","Maritime Management Synergy S.A.","Greece","Maritime Management Synergy S.A.","Greece","-","-","-","-","8501634","351441000","13.00",1985,"-","-","-","-","Kobe Diesel Company Limited",3617,4850,"6UEC45L","-","-","-","-","-","-","2000-04-01T00:00:00","-","-","-","Maritime Management Synergy S.A.","Greece","Maritime Management Synergy S.A.","Greece","NGLOS","-","A","31 Jul 2025 16:13:34 GMT","31 Jul 2025 22:30:00 GMT","Maritime Management Synergy S.A.","Greece","6° 19' 41"" N","3° 23' 58"" E"
"Nwabisa","product tanker","Uddevalla","Uddevallavarvet AB","202270","Live","Nigeria",6881,"General Purpose, 10'-25'dwt",23050,"Double Hull","5NGH6",14937,"333","158.30","149.50","26.50","26.00","10.02","3.68","B&W Diesel A/S","Lagos","-","Sophus Maritime Services Limited","Nigeria","Sophus Maritime Services Limited","Nigeria","Sophus Maritime Services Limited","Nigeria","-","-","-","-","8409068","657581000","13.70",1986,"-","-","-","-","Uddevallavarvet AB",5578,7480,"5L60MC","-","-","-","-","-","-","2010-07-01T00:00:00","-","-","-","-","-","Sophus Maritime Services Limited","Nigeria","-","-","A","26 Sep 2025 20:08:03 GMT","-","Sophus Maritime Services Limited","Nigeria","6° 16' 19"" N","3° 25' 44"" E"
"Ilona I","product tanker","Uddevalla","Uddevallavarvet AB","204354","Live","Panama",6881,"General Purpose, 10'-25'dwt",23050,"Double Hull","3EVQ8",14937,"334","158.25","149.50","26.03","26.00","10.02","3.68","B&W Diesel A/S","Panama","-","Val Oil Trading S.A.","Greece","Val Oil Trading S.A.","Greece","Ilona Marine Limited","Liberia","-","-","-","-","8409082","373848000","13.72",1986,"-","-","-","-","B&W Diesel A/S",5578,7480,"5L60MC","-","-","-","-","-","-","1996-06-30T00:00:00","-","-","-","Val Oil Trading S.A.","Greece","Val Oil Trading S.A.","Greece","NG LOS","-","A","16 Dec 2025 10:39:35 GMT","17 Dec 2025 12:15:00 GMT","Val Oil Trading S.A.","Greece","6° 8' 21"" N","3° 39' 8"" E"
"Francisco J.Mugica","product tanker","Heusden","Verolme Scheepswerf Heusden B.V. - NO LONGER BUILDERS, NOW SEE SCHEEPSWERF DE HOOP HEUSDEN B.V.","21041","Live","Mexico",8208,"General Purpose, 10'-25'dwt",21705,"Single","XCFJ",13694,"866","170.00","164.01","22.05","22.05","9.48","3.48","Sulzer Turbomachinery Services","-","-","Government of Mexico","Mexico","PEMEX Logistica, Gerencia de Transporte Maritimo","Mexico","PEMEX Logistica, Gerencia de Transporte Maritimo","Mexico","-","-","-","-","7315284","345030008","12.96",1973,"-","-","-","-","Sulzer Mitsubishi",6711,9000,"6RND68","-","-","-","-","-","-","2002-09-01T00:00:00","-","-","-","PEMEX Logistica, Gerencia de Transporte Maritimo","Mexico","PEMEX Logistica, Gerencia de Transporte Maritimo","Mexico","-","-","-","-","-","PEMEX Logistica, Gerencia de Transporte Maritimo","Mexico","-","-"
"Shamkhor","product tanker","Astrakhan","Astrakhan Shipyards JSC","211747","Live","Azerbaijan",3612,"General Purpose, 10'-25'dwt",11832,"Single","4JGD",7807,"1205","147.02","138.60","17.43","17.40","8.00","3.20","Skodaexport, a.s.","Baku","-","Azerbaijan Caspian Shipping Closed Joint Stock Company (ASCO)","Republic of Azerbaijan","Azerbaijan Caspian Shipping Closed Joint Stock Company (ASCO)","Republic of Azerbaijan","Azerbaijan Caspian Shipping Closed Joint Stock Company (ASCO)","Republic of Azerbaijan","-","-","-","-","7610971","423062100","11.20",1975,"-","-","-","-","CKD Praha DIZ a.s.",1839,2500,"6L525IIPS","-","-","-","-","-","-","2009-12-05T00:00:00","-","-","-","Azerbaijan Caspian Shipping Closed Joint Stock Company (ASCO)","Republic of Azerbaijan","Azerbaijan Caspian Shipping Closed Joint Stock Company (ASCO)","Republic of Azerbaijan","NG LOS","-","A","10 Jan 2025 11:03:01 GMT","10 Jan 2025 14:15:00 GMT","Azerbaijan Caspian Shipping Closed Joint Stock Company (ASCO)","Republic of Azerbaijan","6° 8' 28"" N","3° 19' 54"" E"
"Igbinosa","product tanker","Goeje Is.","Samsung Shipbuilding & Heavy Industries Company Limited","214075","Live","St. Kitts-Nevis",8643,"MR 2, 35'-45'dwt",35644,"Double Hull","V4TH2",26351,"1056","182.88","173.79","-","32.20","9.77","6.73","B&W Diesel A/S","-","-","Ocean Marine Tankers Limited","Nigeria","Ocean Marine Tankers Limited","Nigeria","Marine & Ocean Infinity Nig Limited","Nigeria","-","-","-","-","8619429","341109000","16.50",1988,"-","-","-","-","Doosan Engine Company Limited",6808,9130,"5L60MC","-","-","-","-","-","-","2003-08-01T00:00:00","-","-","-","-","-","Ocean Marine Tankers Limited","Nigeria","-","-","A","23 Mar 2026 18:04:24 GMT","-","Ocean Marine Tankers Limited","Nigeria","40° 46' 52"" N","28° 55' 13"" E"
"Hai Lang","product tanker","Dalian","Dalian Shipyard Industrial Development General Corporation","214671","Live","China",3971,"General Purpose, 10'-25'dwt",14788,"Single","-",11672,"11672","168.50","157.00","21.80","21.80","9.40","2.60","B&W Diesel A/S","Dalian","-","Government of China, (The People's Republic of)","People's Republic of China","China Ocean Aviation Corporation","People's Republic of China","China Ocean Aviation Corporation","People's Republic of China","-","-","-","-","8632495","412660020","12.00",1980,"-","-","-","-","B&W Diesel A/S",11335,15200,"8K74EF","-","-","-","-","-","-","2001-11-29T00:00:00","-","-","-","-","-","Aspac Maritime Management Company Limited","Hong Kong, S.A.R., China","-","-","A","15 Sep 2024 08:32:05 GMT","-","China Ocean Aviation Corporation","People's Republic of China","58° 6' 53"" N","46° 45' 6"" E"
"Abiola","product tanker","Goeje Is.","Samsung Shipbuilding & Heavy Industries Company Limited","215214","Live","Nigeria",8643,"MR 2, 35'-45'dwt",35644,"Double Hull","5NXG2",26356,"1057","182.88","173.00","32.23","32.20","9.75","6.75","B&W Diesel A/S","-","-","Ocean Marine Tankers Limited","Nigeria","Ocean Marine Tankers Limited","Nigeria","Royal Oak & Hydrocarbon Limited","Nigeria","-","-","-","-","8619431","657995000","16.50",1988,"-","-","-","-","B&W Diesel A/S",6808,9130,"5L60MC","-","-","-","-","-","-","2008-08-01T00:00:00","-","-","-","White Dove Shipping Company Limited","Nigeria","White Dove Shipping Company Limited","Nigeria","LAGOS","-","A","25 Apr 2026 09:40:43 GMT","22 Oct 2026 09:00:00 GMT","Ocean Marine Tankers Limited","Nigeria","5° 28' 36"" N","5° 26' 29"" E"
"Cetus I","product tanker","Incheon","HD Hyundai Samho Company Limited","216733","Live","Panama",5309,"General Purpose, 10'-25'dwt",14402,"Double Hull","3E3355",7973,"S151","143.00","134.96","18.00","18.00","9.02","2.38","MAN Diesel AS","Panama","-","Unknown Owners","-","Unknown Owners","-","Unknown Owners","-","-","-","-","-","8705333","352978242","11.40",1988,"-","-","-","-","Wartsila Finland oy",3659,4975,"12V32BC","-","-","-","-","2018-11-09T00:00:00","-","2018-11-09T00:00:00","-","-","-","-","-","Unknown Owners","-","-","-","A","17 Apr 2026 21:00:41 GMT","-","Unknown Owners","-","20° 37' 24"" N","72° 18' 60"" E"
"Rukhulla Akhundov","product tanker","Astrakhan","Astrakhan Shipyards JSC","217016","Live","Unknown",3734,"General Purpose, 10'-25'dwt",12334,"Single","-",7807,"1203","147.00","138.61","17.39","17.39","8.00","3.23","Skodaexport, a.s.","-","-","Nigerspan Limited","Vanuatu","Nigerspan Limited","Vanuatu","Nigerspan Limited","Vanuatu","-","-","-","-","7335935","-","11.23",1973,"-","-","-","-","CKD Praha DIZ a.s.",1864,2500,"6L525IIPS","-","-","-","-","-","-","-","-","-","-","-","-","Nigerspan Limited","Vanuatu","-","-","-","-","-","Nigerspan Limited","Vanuatu","-","-"
"Remi","product tanker","Trogir","Hrvatska Brodogradnja Trogir d.o.o. (Trogir Shipyard)","223020","Live","Nigeria",11801,"MR 2, 35'-45'dwt",39869,"Double Hull","5NYZ",22607,"199","175.79","169.21","32.00","31.99","15.08","0.00","B&W Diesel A/S","Lagos","-","Ocean Marine Tankers Limited","Nigeria","Ocean Marine Tankers Limited","Nigeria","Ocean Marine Tankers Limited","Nigeria","-","-","-","-","8805470","657116100","15.08",1990,"-","-","-","-","Uljanik Brodogradiliste d.d.",7650,10401,"5L60MC","-","-","-","-","-","-","2015-07-01T00:00:00","-","-","-","Ocean Marine Tankers Limited","Nigeria","Ocean Marine Tankers Limited","Nigeria","I""!#(%- )""!&/- 4!.+","-","A","12 Sep 2025 09:57:11 GMT","12 Sep 2025 09:55:00 GMT","Ocean Marine Tankers Limited","Nigeria","6° 25' 53"" N","3° 19' 54"" E"
"Interim","crude oil tanker","Tokyo","Shin Kurushima Dockyard Company Limited","235241","Live","Panama",11125,"MR 2, 35'-45'dwt",39990,"Double Bottom","3FBB7",25060,"2727","176.00","168.00","32.20","32.20","10.75","6.25","Mitsubishi Heavy Industries Limited","Panama","-","World Carrier Corporation S.A.","Greece","World Carrier Corporation S.A.","Greece","Prime Energy Corporation","Marshall Islands","-","-","-","-","9039121","351695000","17.00",1991,"-","-","-","-","Mitsubishi Heavy Industries Limited",6279,8420,"5UEC60LS","-","-","-","-","-","-","2020-12-07T00:00:00","-","-","-","World Carrier Shipmanagement Incorporated","Greece","World Carrier Shipmanagement Incorporated","Greece","-","-","A","17 Apr 2026 14:12:39 GMT","-","World Carrier Corporation S.A.","Greece","2° 21' 54"" N","101° 56' 7"" E"
"Ocean Ace","product tanker","Taiwan","CSBC Corporation Taiwan","235724","Live","Panama",12583,"MR 2, 35'-45'dwt",43363,"Double Hull","3E6659",27072,"527","191.50","182.00","32.20","32.20","11.51","4.49","Sulzer Turbomachinery Services","Panama","-","Unknown Owners","-","Unknown Owners","-","Neon Cave Limited","British Virgin Islands","-","-","-","-","9014339","352004339","16.00",1992,"-","-","-","-","Taiwan Machinery Mfg. Corporation",6911,9268,"7RTA72","American Steamship Owners Mutual Protection & Indemnity Association","-","Isthmus Bureau of Shipping","-","-","-","2007-06-30T00:00:00","-","-","-","Jie Sheng Ship Management Limited","Taiwan, China","Jie Sheng Ship Management Limited","Taiwan, China","HIGH SEA","-","A","25 Apr 2026 09:56:53 GMT","21 Dec 2026 16:00:00 GMT","Unknown Owners","-","0° 16' 45"" N","118° 3' 38"" W"
"Enduro","product tanker","Trogir","Hrvatska Brodogradnja Trogir d.o.o. (Trogir Shipyard)","237221","Live","Indonesia",13115,"MR 2, 35'-45'dwt",40374,"Double Bottom","PMHP",22606,"201","175.00","169.09","31.97","31.97","13.78","1.29","B&W Diesel A/S","Jakarta","-","PT Pertamina (Persero)","Indonesia","P.T. Pertamina Patra Niaga","Indonesia","P.T. Pertamina Patra Niaga","Indonesia","-","-","-","-","8808513","525008051","15.07",1992,"-","-","-","-","Uljanik d.d.",7755,10000,"5L60MC","NorthStandard","Biro Klasifikasi Indonesia","-","-","-","-","2007-02-01T00:00:00","-","-","-","-","-","P.T. Pertamina Patra Niaga","Indonesia","TGPRIOK.","-","A","06 May 2025 04:00:21 GMT","20 Dec 2025 15:36:00 GMT","P.T. Pertamina Patra Niaga","Indonesia","6° 1' 54"" S","106° 55' 48"" E"
"Sama 2","product tanker","Wismar","Wadan Yards MTW GmbH","240375","Live","Comoros",3282,"General Purpose, 10'-25'dwt",10926,"Double Hull","D6A3068",6441,"121","127.20","121.10","17.92","17.70","8.32","2.28","B&W Diesel A/S","Moroni","-","Unknown Owners","-","Unknown Owners","-","Unknown Owners","-","-","-","-","-","9035826","620999062","10.60",1992,"-","-","-","-","MAN B&W Diesel AS, Alpha Diesel",3844,5155,"6L35MC","-","-","-","-","-","-","2017-06-05T00:00:00","-","-","-","-","-","Unknown Owners","-","DJIBOUTI","Djibouti","A","25 Apr 2026 10:12:53 GMT","26 Apr 2026 23:00:00 GMT","Unknown Owners","-","23° 19' 11"" N","59° 20' 2"" E"
"Morning Glory","crude oil tanker","Toyohashi","Kanasashi Shipbuilding Company Limited","242456","Live","Unknown",9208,"MR 2, 35'-45'dwt",35583,"Double Side","-",21804,"3300","179.93","172.63","28.00","28.00","11.02","5.58","B&W Diesel A/S","-","-","FAL Group","United Arab Emirates","FAL Shipping Company Limited","United Arab Emirates","Sea Pride Shipping Incorporated","Liberia","Saud Shipping DMCC","United Arab Emirates","-","-","9044504","445798000","16.60",1993,"-","-","-","-","Mitsui Engineering & Shipbuilding Company Limited",7855,9610,"6S50MC","-","Veritas Register of Shipping Limited","-","-","-","-","2011-02-16T00:00:00","-","-","-","-","-","-","-","-","-","A","13 Feb 2026 22:47:26 GMT","-","FAL Shipping Company Limited","United Arab Emirates","38° 15' 11"" N","124° 26' 13"" E"
"Zaabeel","product tanker","South Korea","-","247172","Live","United Arab Emirates",3683,"General Purpose, 10'-25'dwt",10898,"Double Bottom","A6E2936",6402,"1022","130.60","122.85","20.00","20.00","7.51","2.51","B&W Diesel A/S","-","-","FAL Group","United Arab Emirates","FAL Shipping Company Limited","United Arab Emirates","FAL Shipping Company Limited","United Arab Emirates","-","-","-","-","9058957","470743000","10.00",1993,"-","-","-","-","Makita Corporation",3042,4080,"6L35MC","-","-","-","-","-","-","2008-01-01T00:00:00","-","-","-","FAL Shipping Company Limited","United Arab Emirates","FAL Shipping Company Limited","United Arab Emirates","-","-","A","20 Sep 2024 10:28:42 GMT","-","FAL Shipping Company Limited","United Arab Emirates","25° 35' 57"" N","55° 34' 58"" E"
"Amelia","product tanker","Nantong","Nantong Tongshun Shipbuilding & Repair Company Limited","2489403","Live","Malta",4290,"General Purpose, 10'-25'dwt",13904,"Double Hull","9HA4696",8609,"TS 060818","129.86","122.00","-","20.40","8.80","2.71","B&W Diesel A/S","Valletta","-","Warm Seas Development & Trading Company L.L.C.","United Arab Emirates","Warm Seas Development & Trading Company L.L.C.","United Arab Emirates","Tiberius Shipping Corporation","Panama","-","-","-","-","9427263","248538000","11.50",2008,"-","-","-","-","STX Engine Company Limited",4440,5984,"6S35MC-MK7","Assuranceforeningen Skuld","RINA Services S.p.A.","-","-","-","-","2018-01-22T00:00:00","-","-","-","Victoriam Ship Management LLC","United Arab Emirates","Victoriam Ship Management LLC","United Arab Emirates","DUBAI","-","A","25 Apr 2026 10:17:14 GMT","20 Apr 2026 14:00:00 GMT","Warm Seas Development & Trading Company L.L.C.","United Arab Emirates","25° 15' 2"" N","55° 16' 6"" E"
"Barwasa 1","product tanker","Leghorn","Cantieri Navali Fratelli Orlando S.c.r.l.","251667","Live","Nigeria",2945,"General Purpose, 10'-25'dwt",11404,"Double Hull","5NFH3",8744,"5930","135.22","126.00","20.40","20.13","6.90","4.11","Sulzer Turbomachinery Services","-","-","Ship & Shore Services Limited","Nigeria","Ship & Shore Services Limited","Nigeria","Ship & Shore Services Limited","Nigeria","-","-","-","-","9030711","657154100","11.00",1993,"-","-","-","-","Fincantieri-Cantieri Navali Italiani S.p.A.",3649,4894,"6ZA40S","American Steamship Owners Mutual Protection & Indemnity Association","-","-","-","-","-","2009-04-04T00:00:00","-","-","-","Ship & Shore Services Limited","Nigeria","Ship & Shore Services Limited","Nigeria","OML - 18","-","A","25 Apr 2026 10:14:00 GMT","27 Nov 2026 15:00:00 GMT","Ship & Shore Services Limited","Nigeria","4° 32' 45"" N","6° 59' 43"" E"
"Taurus","product tanker","Leirvik","Havyard Ship Technology","251722","Live","Russia",3468,"General Purpose, 10'-25'dwt",10908,"Double Hull","UBKJ6",6534,"254","129.05","122.46","18.00","18.00","8.10","2.30","Mak Motoren GmbH & Company KG","St. Petersburg","-","Unknown Owners","-","Unknown Owners","-","Unknown Owners","-","JSC Rosnefteflot","Russian Federation","-","-","9038969","273350980","10.40",1993,"-","-","-","-","Fried. Krupp AG Hoesch-Krupp",3345,4486,"9M453C","-","Russian Register of Ships","-","-","-","-","2017-12-08T00:00:00","-","-","-","OOO Prime Shipping (LLC)","Russian Federation","OOO Prime Shipping (LLC)","Russian Federation","RU SKA","-","A","24 Apr 2026 11:44:10 GMT","19 Apr 2026 11:00:00 GMT","Unknown Owners","-","42° 52' 60"" N","131° 24' 42"" E"
"Joinville 1","product tanker","Singapore","Sembawang Bethlehem Private Limited","252214","Live","Iran",4024,"General Purpose, 10'-25'dwt",12981,"Double Hull","EPXN8",8039,"209","129.99","123.00","21.80","21.80","8.20","2.51","Sulzer Turbomachinery Services","-","-","Elegant Ship Management & Consultancy Services Private Limited","India","Elegant Ship Management & Consultancy Services Private Limited","India","Unique Fidelity Limited","Hong Kong, S.A.R., China","-","-","-","-","9046071","422541300","10.70",1993,"-","-","-","-","Zaklady Urzadzen Technicznych Zgoda",4320,5873,"6ZA40S","MS Amlin","-","-","-","2017-07-16T00:00:00","-","2017-07-16T00:00:00","-","-","-","Marian Ship Management & Consultancy Services Private Limited","India","Marian Ship Management & Consultancy Services Private Limited","India","-","-","A","26 Aug 2024 10:51:47 GMT","-","Elegant Ship Management & Consultancy Services Private Limited","India","27° 5' 31"" N","56° 15' 14"" E"
"Oluwaseun","product tanker","Kaohsiung","Ching Fu Shipbuilding Company Limited","256740","Live","Nigeria",3885,"General Purpose, 10'-25'dwt",13941,"Double Hull","5NMC6",10012,"H-006","150.00","146.08","21.00","21.00","7.51","4.39","Wartsila Corporation","Lagos","-","Azimuth Shipping Lines Limited","Nigeria","Azimuth Shipping Lines Limited","Nigeria","Azimuth Shipping Lines Limited","Nigeria","-","-","-","-","9035266","657111700","11.90",1994,"-","-","-","-","Wartsila Finland oy",2220,3016,"6R32","-","-","-","-","2020-03-24T00:00:00","2018-02-15T00:00:00","2020-03-01T00:00:00","2020-03-24T00:00:00","-","-","Azimuth Shipping Lines Limited","Nigeria","Azimuth Shipping Lines Limited","Nigeria","LAGOS","-","A","14 Jun 2022 12:58:59 GMT","25 Dec 2022 06:00:00 GMT","Azimuth Shipping Lines Limited","Nigeria","4° 46' 14"" N","7° 3' 38"" E"
"Anointing","product tanker","Leghorn","Cantieri Navali Fratelli Orlando S.c.r.l.","257116","Live","Nigeria",2904,"General Purpose, 10'-25'dwt",12300,"Double Hull","-",8744,"5940","135.00","126.00","20.40","20.40","6.91","4.09","Sulzer Turbomachinery Services","Lagos","-","Delta Marine Shipping Company Limited","Nigeria","Delmar Petroleum Company Limited","Nigeria","Delmar Petroleum Company Limited","Nigeria","-","-","-","-","9063304","-","11.00",1994,"-","-","-","-","Fincantieri-Cantieri Navali Italiani S.p.A.",3654,4900,"6ZA40S","-","Phoenix Register of Shipping","Phoenix Register of Shipping","-","-","-","2009-09-30T00:00:00","-","-","-","Delta Marine Shipping Company Limited","Nigeria","Delta Marine Shipping Company Limited","Nigeria","-","-","-","12 Oct 2016 09:09:13 GMT","-","Delmar Petroleum Company Limited","Nigeria","6° 25' 37"" N","3° 21' 19"" E"
"Lyra","product tanker","Singapore","Siong Huat Shipyard (Private) Limited","257121","Live","Comoros",4788,"General Purpose, 10'-25'dwt",14972,"Double Hull","D6A3158",9382,"8632","145.00","136.00","22.66","22.50","8.32","2.48","MAN Diesel AS","Moroni","-","Unknown Owners","-","Unknown Owners","-","Al Safa Shipping Limited","Marshall Islands","-","-","-","-","8914829","620999154","10.80",1994,"-","-","-","-","Wartsila Finland oy",4860,6603,"12V32E","-","-","-","-","2019-12-23T00:00:00","2017-11-15T00:00:00","2015-05-01T00:00:00","2014-11-14T00:00:00","-","-","Seaart Maritime Private Limited","India","Seaart Maritime Private Limited","India","BY ORDER","-","A","25 Apr 2026 10:09:02 GMT","20 Apr 2026 03:00:00 GMT","Unknown Owners","-","20° 29' 60"" N","38° 20' 0"" E"
"Cuei Zhu","product tanker","Ruichang","Jiangzhou Union Shipbuilding Company Limited","257212","Live","China","-","General Purpose, 10'-25'dwt",16000,"Single","-",9223,"A422","136.20","-","-","22.00","9.10","2.90","Alpha Diesels A/S","-","-","Nanjing Oil Shipping Company","People's Republic of China","Nanjing Oil Shipping Company","People's Republic of China","Nanjing Oil Shipping Company","People's Republic of China","-","-","-","-","9045027","-","12.00",1993,"-","-","-","-","MAN B&W Diesel AS, Alpha Diesel",895,1200,"8L23/30","-","-","-","-","-","-","-","-","-","-","-","-","Nanjing Oil Shipping Company","People's Republic of China","-","-","-","-","-","Nanjing Oil Shipping Company","People's Republic of China","-","-"
"Dragon Satu","product tanker","Singapore","Keppel Hitachi Zosen Limited","260777","Live","Malaysia",3067,"General Purpose, 10'-25'dwt",12418,"Double Hull","9MRR4",7354,"NB010","119.98","111.60","19.00","19.00","9.02","3.08","Akasaka Diesels Limited","Port Klang","-","Alam Group","Malaysia","Alamgala Resources Sendirian Berhad","Malaysia","Alam Armada International Sendirian Berhad","Malaysia","-","-","-","-","9075412","533150039","12.10",1994,"-","-","-","-","Akasaka Diesels Limited",1103,1500,"DM30R","-","-","-","-","-","-","2009-10-27T00:00:00","-","-","-","G Ocean Trading Private Limited","Republic of Singapore","G Ocean Trading Private Limited","Republic of Singapore","MY PTP","-","A","25 Apr 2026 10:17:03 GMT","25 Apr 2026 02:30:00 GMT","Alamgala Resources Sendirian Berhad","Malaysia","1° 14' 46"" N","103° 34' 7"" E"
"Tristan","product tanker","Masan","HJ Shipbuilding & Construction Company Limited","261650","Live","Benin",2670,"General Purpose, 10'-25'dwt",10597,"Double Hull","TYG11",5914,"SB-10514","119.82","110.40","19.00","19.00","8.38","1.94","B&W Diesel A/S","-","-","Unknown Owners","-","Unknown Owners","-","Unknown Owners","-","-","-","-","-","9082398","610107411","10.30",1994,"-","-","-","-","STX Engine Company Limited",2330,3124,"7S28LU","-","-","-","-","-","-","2009-04-17T00:00:00","-","-","-","-","-","Unknown Owners","-","SHINAS","-","A","16 Apr 2026 10:58:10 GMT","16 Apr 2026 23:00:00 GMT","Unknown Owners","-","25° 29' 7"" N","55° 6' 60"" E"
"Leo","product tanker","Lodose","Lodose Varv AB","26366","Live","Unknown",4371,"General Purpose, 10'-25'dwt",12812,"Double Bottom","-",7686,"165","142.47","136.58","17.83","17.77","8.62","2.48","Sulzer Turbomachinery Services","-","-","Vegas Investments S.a.r.l.","Lebanon","Vegas Investments S.a.r.l.","Lebanon","Vegas Investments S.a.r.l.","Lebanon","-","-","-","-","7389168","-","11.10",1975,"-","-","-","-","Zaklady Urzadzen Technicznych Zgoda",4266,5800,"8ZL40/48","-","-","-","-","-","-","1995-07-01T00:00:00","-","-","-","-","-","Vegas Investments S.a.r.l.","Lebanon","-","-","-","-","-","Vegas Investments S.a.r.l.","Lebanon","-","-"
"Cougar Satu","product tanker","Singapore","Keppel Hitachi Zosen Limited","264617","Live","Malaysia",3067,"General Purpose, 10'-25'dwt",12210,"Double Hull","9M2058",7358,"011","120.00","111.60","19.00","19.00","9.02","3.08","Akasaka Diesels Limited","Port Klang","-","Alam Group","Malaysia","Alamgala Resources Sendirian Berhad","Malaysia","Alam Armada International Sendirian Berhad","Malaysia","-","-","-","-","9075424","533150044","12.10",1994,"-","-","-","-","Akasaka Diesels Limited",1103,1500,"DM30R","British Marine (QBE Insurance Group Limited)","-","-","-","-","-","2010-04-29T00:00:00","-","-","-","G Ocean Trading Private Limited","Republic of Singapore","G Ocean Trading Private Limited","Republic of Singapore","MY PKL","-","A","25 Apr 2026 10:18:08 GMT","22 Apr 2026 05:30:00 GMT","Alamgala Resources Sendirian Berhad","Malaysia","2° 48' 33"" N","101° 18' 59"" E"
"Alisa","product tanker","Singapore","Dry Docks World Singapore Private Limited","264677","Live","Comoros",3410,"General Purpose, 10'-25'dwt",11980,"Double Hull","D6A3096",7134,"112","120.80","120.80","21.00","21.00","7.86","2.54","Mitsubishi Heavy Industries Limited","Moroni","-","Unknown Owners","-","Unknown Owners","-","Alisa Maritime Company SA","Panama","Trans Gulf Energy LLC","Sultanate of Oman","-","-","9113135","620999091","10.40",1995,"-","-","-","-","Akasaka Diesels Limited",4118,4758,"8UEC37LA","-","International Naval Surveys Bureau","-","-","-","-","2010-02-11T00:00:00","-","-","-","Alisa Maritime Company SA","Panama","Alisa Maritime Company SA","Panama","SUEZ","-","A","25 Apr 2026 10:10:45 GMT","28 Apr 2026 12:00:00 GMT","Unknown Owners","-","20° 53' 15"" N","38° 30' 9"" E"
"Mor Prosperity","product tanker","Ulsan","HD Hyundai Heavy Industries Company Limited","264742","Live","Nigeria",5070,"General Purpose, 10'-25'dwt",18130,"Single","5NGH4",12994,"867","159.94","152.78","25.80","25.80","6.98","3.82","B&W Diesel A/S","-","-","Morlap Shipping Company Limited","Nigeria","Morlap Shipping Company Limited","Nigeria","Morlap Shipping Company Limited","Nigeria","-","-","-","-","9073749","657518000","10.80",1994,"-","-","-","-","HD Hyundai Heavy Industries Company Limited",4771,6398,"5L42MC","-","-","-","-","-","-","2004-11-01T00:00:00","-","-","-","Morlap Shipping Company Limited","Nigeria","Morlap Shipping Company Limited","Nigeria","-","-","-","-","-","Morlap Shipping Company Limited","Nigeria","-","-"
"Bata I","product tanker","Rijeka","3 Maj Brodogradiliste d.d.","26564","Live","Nigeria",5365,"General Purpose, 10'-25'dwt",14785,"Double Bottom","-",8878,"535","143.11","134.02","22.60","22.60","7.36","2.64","Sulzer Turbomachinery Services","-","-","Tiptree Intertrade Limited Anstalt","Spain","Tiptree Intertrade Limited Anstalt","Spain","Zuprani Limited Incorporated","Panama","-","-","-","-","7048192","-","10.00",1971,"-","-","-","-","3 Maj Brodogradiliste d.d.",4084,5503,"6RND56","-","-","-","-","-","-","-","-","-","-","-","-","Tiptree Intertrade Limited Anstalt","Spain","-","-","-","-","-","Tiptree Intertrade Limited Anstalt","Spain","-","-"
"Lynx Satu","product tanker","Singapore","Keppel Hitachi Zosen Limited","270683","Live","Malaysia",3067,"General Purpose, 10'-25'dwt",12057,"Double Hull","9MRR3",7354,"NB012","119.98","111.60","19.00","19.00","9.02","3.08","Akasaka Diesels Limited","Port Klang","-","Tulus Perintis Sdn Bhd","Malaysia","Tulus Perintis Sdn Bhd","Malaysia","Tulus Perintis Sdn Bhd","Malaysia","-","-","-","-","9075395","533150045","12.10",1995,"-","-","-","-","Akasaka Diesels Limited",1103,1500,"DM30R","British Marine (QBE Insurance Group Limited)","-","-","-","-","-","2010-10-17T00:00:00","-","-","-","G Ocean Trading Private Limited","Republic of Singapore","G Ocean Trading Private Limited","Republic of Singapore","MYEIK MYANMAR","-","A","25 Apr 2026 10:14:18 GMT","23 Apr 2026 22:30:00 GMT","Tulus Perintis Sdn Bhd","Malaysia","12° 30' 50"" N","98° 32' 57"" E"
"MK Energy Dua","product tanker","Singapore","Keppel Hitachi Zosen Limited","272584","Live","Malaysia",3067,"General Purpose, 10'-25'dwt",12085,"Double Hull","9M2092",7354,"N-013","119.98","111.60","23.50","19.00","9.02","3.08","Akasaka Diesels Limited","Port Klang","-","Fultonn Petroleum Sendirian Berhad","Malaysia","Fultonn Petroleum Sendirian Berhad","Malaysia","Fultonn Marine Sendirian Berhad","Malaysia","-","-","-","-","9075400","533150061","12.10",1995,"-","-","-","-","Akasaka Diesels Limited",1103,1500,"DM30R","-","-","-","-","-","-","2011-02-01T00:00:00","-","-","-","Fultonn Petroleum Sendirian Berhad","Malaysia","Fultonn Petroleum Sendirian Berhad","Malaysia","TJ PELEPAS PTP","-","A","25 Apr 2026 10:18:13 GMT","25 Apr 2026 23:00:00 GMT","Fultonn Petroleum Sendirian Berhad","Malaysia","1° 25' 8"" N","103° 15' 34"" E"
"SC Cutta","product tanker","Galatz","Damen Shipyards Galatz S.A.","273258","Live","Cameroon",11704,"MR 2, 35'-45'dwt",38615,"Double Hull","TJM065",24252,"825","190.00","180.00","28.00","28.00","12.00","4.82","B&W Diesel A/S","-","-","Unknown Owners","-","Unknown Owners","-","Unknown Owners","-","-","-","-","-","9037123","613471041","16.80",2010,"-","-","-","-","Bryansk Engineering Work",8380,11400,"6DKRN60/195","-","-","-","-","-","-","2019-12-24T00:00:00","-","-","-","-","-","Unknown Owners","-","VANINO RUS","-","A","25 Apr 2026 10:08:57 GMT","25 Apr 2026 02:00:00 GMT","Unknown Owners","-","49° 5' 21"" N","140° 17' 54"" E"
"Ray","product tanker","Maizuru","Hitachi Shipbuilding Corporation (Maizuru)","273305","Live","Belize",4680,"General Purpose, 10'-25'dwt",13500,"Single","V3UD",7463,"4885","119.98","112.90","21.90","21.90","7.91","2.39","Wartsila Corporation","Belize City","-","Unknown Owners","-","Unknown Owners","-","Unknown Owners","-","-","-","-","-","9123879","312447000","10.30",1996,"-","-","-","-","Wartsila Finland oy",3280,4459,"8R32","-","Overseas Marine Certification Services","-","-","-","-","2011-03-28T00:00:00","-","-","-","-","-","Unknown Owners","-","-","-","A","25 Apr 2026 10:11:35 GMT","-","Unknown Owners","-","1° 53' 43"" N","104° 48' 10"" E"
"Fly Gurnard","product tanker","Maizuru","Hitachi Shipbuilding Corporation (Maizuru)","273330","Live","Sao Tome & Principe",3484,"General Purpose, 10'-25'dwt",12743,"Single","S9A3138",7463,"4886","119.98","112.90","21.90","21.90","7.93","2.37","Wartsila Corporation","-","-","Golden Star Marine Private Limited","Republic of Singapore","Golden Star Marine Private Limited","Republic of Singapore","Golden Star Marine Private Limited","Republic of Singapore","-","-","-","-","9123881","668116338","10.30",1996,"-","-","-","-","Wartsila Finland oy",3280,4459,"8R32","Hydor AS","American Bureau","-","-","2020-02-17T00:00:00","2020-02-17T00:00:00","2011-05-16T00:00:00","-","-","-","Sinar Cemerlang Marine Sendirian Berhad","Malaysia","Sinar Cemerlang Marine Sendirian Berhad","Malaysia","EOPL","-","A","25 Apr 2026 10:17:51 GMT","24 Apr 2026 05:00:00 GMT","Golden Star Marine Private Limited","Republic of Singapore","1° 57' 58"" N","104° 47' 10"" E"
"Global Peak","product tanker","Singapore","Keppel Hitachi Zosen Limited","273628","Live","Gambia",3067,"General Purpose, 10'-25'dwt",12083,"Double Bottom","C5J482",7354,"N-017","119.98","111.60","19.00","19.00","9.02","2.98","Wartsila Corporation","-","-","Unknown Owners","-","Unknown Owners","-","Unknown Owners","-","-","-","-","-","9125712","629009470","12.00",1996,"-","-","-","-","Wartsila Finland oy",2460,3010,"6R32","-","-","-","-","-","-","2016-04-30T00:00:00","-","-","-","-","-","Unknown Owners","-","-","-","A","25 Apr 2026 10:18:09 GMT","-","Unknown Owners","-","24° 29' 50"" N","57° 38' 36"" E"
"Fly Marlin","product tanker","Singapore","President Marine Private Limited","274143","Live","Dominica",3484,"General Purpose, 10'-25'dwt",12823,"Double Hull","J7CL2",7463,"NB-096","119.98","112.90","21.90","21.90","7.93","2.37","Wartsila Corporation","Portsmouth","-","Q-Energy Holdings Private Limited","Republic of Singapore","Q-Energy Holdings Private Limited","Republic of Singapore","Q-Energy Holdings Private Limited","Republic of Singapore","-","-","-","-","9126895","325606000","10.30",1996,"-","-","-","-","Wartsila Finland oy",3280,4459,"8R46","British Marine (QBE Insurance Group Limited)","China Classification","China Classification","-","2019-08-11T00:00:00","2019-08-11T00:00:00","2011-07-27T00:00:00","-","-","-","-","-","Q-Energy Holdings Private Limited","Republic of Singapore","RGN MM","Nea Moudhania","A","25 Apr 2026 10:17:04 GMT","29 Apr 2026 01:30:00 GMT","Q-Energy Holdings Private Limited","Republic of Singapore","7° 25' 10"" N","97° 8' 28"" E"
"Blooming Dale","product tanker","Singapore","Keppel Hitachi Zosen Limited","274927","Live","Unknown",3067,"General Purpose, 10'-25'dwt",12083,"Double Bottom","P4RF8",7354,"N-018","119.98","111.60","19.00","19.00","9.02","3.08","Wartsila Corporation","-","-","Glory International FZ-LLC","United Arab Emirates","Glory International FZ-LLC","United Arab Emirates","Global Everest Shipping Lines Incorporated","Panama","-","-","-","-","9125724","-","12.10",2008,"-","-","-","-","Wartsila Finland oy",2460,3010,"6R32","-","-","-","-","-","-","2011-07-15T00:00:00","-","-","-","Glory International FZ-LLC","United Arab Emirates","Glory International FZ-LLC","United Arab Emirates","KFK UAE","-","A","15 Apr 2026 09:08:17 GMT","30 Dec 2026 01:00:00 GMT","Glory International FZ-LLC","United Arab Emirates","27° 6' 35"" N","56° 4' 50"" E"
"Andia","product tanker","Leirvik","Havyard Ship Technology","275338","Live","Palau",3481,"General Purpose, 10'-25'dwt",10877,"Double Hull","T8A3872",6534,"255","129.22","123.13","18.30","18.30","8.11","2.29","Mak Motoren GmbH & Company KG","Malakal Harbor","-","Topaz Tankers Shipmanagement Incorporated","United Arab Emirates","Topaz Tankers Shipmanagement Incorporated","United Arab Emirates","Oriental Ocean Shipping Incorporated","Liberia","-","-","-","-","9121699","511100684","10.40",1996,"-","-","-","-","Fried. Krupp AG Hoesch-Krupp",3960,5384,"9M32","-","-","-","-","-","-","2016-06-08T00:00:00","-","-","-","Topaz Tankers Shipmanagement Incorporated","United Arab Emirates","Topaz Tankers Shipmanagement Incorporated","United Arab Emirates","KFK OPL","-","A","25 Apr 2026 10:17:34 GMT","19 Apr 2026 13:00:00 GMT","Topaz Tankers Shipmanagement Incorporated","United Arab Emirates","25° 38' 49"" N","56° 57' 60"" E"
"Palusipat","product tanker","Surabaya","P.T. PAL Indonesia (PERSERO)","275606","Live","Indonesia",4517,"General Purpose, 10'-25'dwt",17957,"Double Hull","YHKS",13964,"132","160.00","154.00","26.80","26.80","7.00","4.50","B&W Diesel A/S","Jakarta","-","PT Pertamina (Persero)","Indonesia","PT Pertamina International Shipping (PIS)","Indonesia","PT Pertamina International Shipping (PIS)","Indonesia","-","-","-","-","9106651","525004010","11.50",2000,"-","-","-","-","Mitsui Engineering & Shipbuilding Company Limited",4968,6650,"7S35MC","Assuranceforeningen Gard","Biro Klasifikasi Indonesia","-","-","-","-","2020-03-13T00:00:00","-","-","-","P.T. Pertamina Trans Kontinental","Indonesia","P.T. Pertamina Trans Kontinental","Indonesia","BALIKPAPAN","-","A","25 Apr 2026 10:16:48 GMT","20 Apr 2026 20:00:00 GMT","PT Pertamina International Shipping (PIS)","Indonesia","1° 19' 45"" S","116° 57' 17"" E"
"Sea Rock","product tanker","Imabari","Shin Kurushima Dockyard Company Limited","276223","Live","Unknown",4515,"General Purpose, 10'-25'dwt",15313,"Double Hull","T8A4507",9553,"2905","138.62","130.60","21.80","21.80","8.77","3.36","B&W Diesel A/S","-","-","Unknown Owners","-","Unknown Owners","-","Qatrat Alnada Almasi Ship Management LLC","United Arab Emirates","-","-","-","-","9140451","-","12.10",1996,"-","-","-","-","Makita Corporation",4530,6160,"7L35MC","-","Indian Register","-","-","-","-","2023-01-16T00:00:00","-","-","-","Qatrat Alnada Almasi Ship Management LLC","United Arab Emirates","Qatrat Alnada Almasi Ship Management LLC","United Arab Emirates","-","Port Sudan","A","20 Apr 2026 09:31:07 GMT","-","Unknown Owners","-","15° 8' 7"" N","42° 29' 24"" E"
"Simba V","crude oil tanker","Singapore","Jurong SML Private Limited","277355","Live","Unknown",3484,"General Purpose, 10'-25'dwt",13527,"Double Hull","J7CK8",7463,"H1018","119.98","112.90","21.90","21.90","7.93","2.37","Wartsila Corporation","-","-","Unknown Owners","-","Unknown Owners","-","Unknown Owners","-","-","-","-","-","9113094","-","10.30",1996,"-","-","-","-","Wartsila Finland oy",3280,4460,"8R32","-","-","-","-","2019-06-30T00:00:00","2019-06-30T00:00:00","2011-07-11T00:00:00","-","-","-","-","-","Unknown Owners","-","SHINAS","-","A","25 Apr 2026 10:16:15 GMT","22 Apr 2026 06:00:00 GMT","Unknown Owners","-","24° 31' 15"" N","57° 52' 4"" E"
"Princess Kayla","product tanker","Leghorn","Cantieri Navali Fratelli Orlando S.c.r.l.","277378","Live","Panama",4657,"General Purpose, 10'-25'dwt",14204,"Double Hull","3FFG3",9356,"161","135.22","126.00","20.40","20.40","8.10","2.90","Wartsila Corporation","Panama","-","Davnotch Nigeria Limited","Nigeria","Davnotch Nigeria Limited","Nigeria","Davnotch Nigeria Limited","Nigeria","-","-","-","-","9146546","356965000","11.00",1997,"-","-","-","-","Wartsila Nederland BV",5280,7178,"8L38","-","-","-","-","-","-","2012-07-01T00:00:00","-","-","-","Seaport Global Services Limited","Nigeria","Seaport Global Services Limited","Nigeria","-","-","-","-","-","Davnotch Nigeria Limited","Nigeria","-","-"
"Kathy Mckeil","product tanker","Mobile","Alabama Shipyard Incorporated","278250","Live","Canada",4891,"General Purpose, 10'-25'dwt",21334,"Double Hull","VDAN",15366,"47","179.33","133.80","23.28","23.00","8.70","3.70","Wartsila Corporation","Hamilton","-","Astatine Investment Partners","United States of America","McKeil Marine Limited","Canada","McKeil Marine Limited","Canada","-","-","-","-","9127198","316006868","12.40",1998,"-","-","-","-","Wartsila Finland oy",4866,4800,"6R46A","-","Lloyds Register","-","-","2024-12-23T00:00:00","-","2018-11-16T00:00:00","-","-","-","McKeil Marine Limited","Canada","McKeil Marine Limited","Canada","WINDSOR","-","A","25 Apr 2026 09:38:01 GMT","25 Apr 2026 22:00:00 GMT","McKeil Marine Limited","Canada","45° 19' 49"" N","83° 5' 51"" W"
"Hai Gong You 309","product tanker","Sovik","Soviknes Verft AS","278313","Live","Liberia",4188,"General Purpose, 10'-25'dwt",12924,"Double Hull","D5ZX9",8930,"115","136.70","128.00","21.50","21.50","7.40","3.10","Wartsila Corporation","Monrovia","-","China National Agricultural Development Group Company Limited","People's Republic of China","China National Fisheries Corporation","People's Republic of China","Pacific Venture Development Limited","People's Republic of China","-","-","-","-","9153214","636020596","10.50",1998,"-","-","-","-","Wartsila Nederland BV",5280,7341,"8L38","West of England Mutual Shipowners Protection & Indemnity Association (Luxemburg)","China Classification","-","-","-","-","2018-09-25T00:00:00","-","-","-","Wuhan Yidong Shipping Management Company Limited","People's Republic of China","Wuhan Yidong Shipping Management Company Limited","People's Republic of China","BALBOA PANAMA","-","A","25 Apr 2026 10:17:56 GMT","21 Apr 2026 07:10:00 GMT","China National Fisheries Corporation","People's Republic of China","8° 51' 19"" N","79° 31' 38"" W"
"Frachtis","product tanker","Wismar","Wadan Yards MTW GmbH","278670","Live","Comoros",5057,"General Purpose, 10'-25'dwt",15885,"Double Hull","D6A2076",10298,"273","144.53","135.94","22.54","22.50","8.70","2.55","B&W Diesel A/S","Moroni","-","Etihad Group","United Arab Emirates","Etihad Engineering & Marine Services FZC","United Arab Emirates","Etihad Engineering & Marine Services FZC","United Arab Emirates","-","-","-","-","9156486","620076000","11.25",1997,"-","-","-","-","MAN B&W Diesel AS, Alpha Diesel",5373,7205,"8S35MC","-","-","-","-","-","-","2018-05-20T00:00:00","-","-","-","Etihad Engineering & Marine Services FZC","United Arab Emirates","Etihad Engineering & Marine Services FZC","United Arab Emirates","LMS CY","-","A","05 Mar 2026 18:16:43 GMT","07 Mar 2026 00:00:00 GMT","Etihad Engineering & Marine Services FZC","United Arab Emirates","32° 58' 15"" N","34° 30' 57"" E"
"Hari Akash","product tanker","Fukuoka","Fukuoka Shipbuilding Company Limited","278718","Live","India",3549,"General Purpose, 10'-25'dwt",11553,"Double Hull","VTJA",6415,"F-1199","117.27","110.00","22.02","20.00","8.76","2.44","B&W Diesel A/S","Mumbai","-","Ind-Aust Maritime Private Limited","India","Ind-Aust Maritime Private Limited","India","Castle Ships Private Limited","India","-","-","-","-","9156553","419001601","11.20",1998,"-","-","-","-","Makita Corporation",3883,5275,"6L35MC","NorthStandard","Indian Register","-","-","2021-01-31T00:00:00","-","2023-03-04T00:00:00","-","-","-","Castle Ships Private Limited","India","Castle Ships Private Limited","India","HALDIA","-","A","25 Apr 2026 10:15:27 GMT","25 Apr 2026 05:30:00 GMT","Ind-Aust Maritime Private Limited","India","21° 1' 58"" N","87° 57' 52"" E"
"Success Pegasus XXXVI","crude oil tanker","Dalian","Dalian Shipyard Industrial Development General Corporation","278932","Live","Indonesia",11959,"MR 2, 35'-45'dwt",43760,"Double Hull","JZDI",23781,"HPC440-1","182.00","174.00","30.00","30.00","10.16","7.10","B&W Diesel A/S","Jakarta","-","P.T. Soechi Group","Indonesia","PT Soechi Lines Tbk","Indonesia","PT Sukses Maritime Line","Indonesia","PT Pertamina (Persero)","Indonesia","-","-","9164536","525007290","17.25",1999,"-","-","-","-","Dalian Marine Diesel Company Limited",7859,10684,"6S50MC","NorthStandard","RI (provisional)"," (provisional)"," (provisional)","-","-","2015-03-23T00:00:00","-","-","-","P.T. Equator Maritime","Indonesia","P.T. Equator Maritime","Indonesia","-","-","A","25 Apr 2026 10:12:21 GMT","-","PT Soechi Lines Tbk","Indonesia","6° 52' 60"" S","110° 23' 44"" E"
"Eternal Oil II","product tanker","Jingjiang","New Century Shipbuilding Company Limited","279298","Live","Indonesia",4881,"General Purpose, 10'-25'dwt",18220,"Double Hull","PMWZ",13641,"96-008","158.00","151.25","27.00","27.00","7.00","4.50","B&W Diesel A/S","Jakarta","-","PT Bahtera Pasific Lines","Indonesia","PT Bahtera Pasific Lines","Indonesia","PT Bahtera Pasific Lines","Indonesia","-","-","-","-","9159828","525017100","11.50",1998,"-","-","-","-","Yichang Marine Diesel Engine Plant",4968,6662,"7S35MC","NorthStandard","Biro Klasifikasi Indonesia","-","-","-","-","2013-08-30T00:00:00","-","-","-","P.T. Tanker Armada Nusantara","Indonesia","P.T. Tanker Armada Nusantara","Indonesia","PLAJU","-","A","25 Apr 2026 10:15:38 GMT","24 Apr 2026 03:00:00 GMT","PT Bahtera Pasific Lines","Indonesia","2° 59' 27"" S","104° 49' 49"" E"
"Eternal Oil I","product tanker","Singapore","Dry Docks World Singapore Private Limited","279509","Live","Indonesia",4626,"General Purpose, 10'-25'dwt",18277,"Double Hull","PMNW",14474,"6119","158.00","152.48","27.00","27.00","7.02","4.68","B&W Diesel A/S","Jakarta","-","PT Bahtera Pasific Lines","Indonesia","PT Bahtera Pasific Lines","Indonesia","PT Bahtera Pasific Lines","Indonesia","-","-","-","-","9160839","525017094","11.70",1998,"-","-","-","-","MAN Energy Solutions SE",4959,6662,"7S35MC","NorthStandard","Biro Klasifikasi Indonesia","-","-","-","-","2008-04-30T00:00:00","-","-","-","PT Bahtera Pasific Lines","Indonesia","PT Bahtera Pasific Lines","Indonesia","ID MLI","Malili, Sulawesi","A","25 Apr 2026 09:20:11 GMT","28 Apr 2026 14:30:00 GMT","PT Bahtera Pasific Lines","Indonesia","8° 38' 18"" S","113° 39' 30"" E"
"Sharon","product tanker","Singapore","PaxOcean Engineering Private Limited","279510","Live","Indonesia",4626,"General Purpose, 10'-25'dwt",18294,"Double Hull","PNFU",14492,"6120","158.00","151.80","27.00","27.00","7.02","4.68","B&W Diesel A/S","Jakarta","-","P.T. Segara Gloria Anugrah Marine","Indonesia","P.T. Segara Gloria Anugrah Marine","Indonesia","P.T. Segara Gloria Anugrah Marine","Indonesia","-","-","-","-","9160841","525015695","11.70",1998,"-","-","-","-","Akasaka Diesels Limited",5677,6666,"7S35MC","-","-","-","-","-","-","2008-05-31T00:00:00","-","-","-","PACC Ship Managers Private Limited","Republic of Singapore","PACC Ship Managers Private Limited","Republic of Singapore","J2A","-","A","16 Apr 2025 08:17:05 GMT","07 Nov 2026 09:30:00 GMT","P.T. Segara Gloria Anugrah Marine","Indonesia","1° 8' 50"" N","103° 44' 15"" E"
"Arno Babajanyan","product tanker","Shanghai","Qiuxin Shipyard","280177","Live","Russia",4430,"General Purpose, 10'-25'dwt",14369,"Double Hull","UBSU3",8850,"1256","120.00","114.23","21.00","21.00","9.51","2.79","B&W Diesel A/S","Petropavlovsk-Kamchatskiy","-","AO Universal Leasing Company (JSC)","Russian Federation","AO Universal Leasing Company (JSC)","Russian Federation","AO Universal Leasing Company (JSC)","Russian Federation","Kamchatka Lines Company Limited","Russian Federation","-","-","9163764","273210470","12.30",1999,"-","-","-","-","Hudong Heavy Machinery Company Limited",6150,8361,"6S42MC","-","Russian Register of Ships","-","-","2019-08-30T00:00:00","-","2019-08-30T00:00:00","-","-","-","LLC Morskoy Standart-Bunker","Russian Federation","LLC Morskoy Standart-Bunker","Russian Federation","RU PKC","Petropavlovsk-Kamchatskiy","A","25 Apr 2026 10:07:19 GMT","25 Apr 2026 06:00:00 GMT","AO Universal Leasing Company (JSC)","Russian Federation","50° 9' 59"" N","158° 23' 18"" E"
"John Caine 2","product tanker","Busan","HJ Shipbuilding & Construction Company Limited","280405","Live","Indonesia",4374,"General Purpose, 10'-25'dwt",17998,"Double Hull","PMYY",13210,"N-052","158.00","152.00","26.80","26.80","6.85","4.68","B&W Diesel A/S","Jakarta","-","PT  Atamimi Group of Companies","Indonesia","PT  Atamimi Group of Companies","Indonesia","PT  Atamimi Group of Companies","Indonesia","-","-","-","-","9164873","525006010","11.50",1997,"-","-","-","-","MAN B&W Diesel SE",4549,6100,"7S35MC","NorthStandard","Biro Klasifikasi Indonesia","-","-","-","-","2008-06-05T00:00:00","-","-","-","PT. Adnyana","Indonesia","PT. Adnyana","Indonesia","MUNTOK","-","A","25 Apr 2026 10:18:19 GMT","22 Apr 2026 20:26:00 GMT","PT  Atamimi Group of Companies","Indonesia","2° 9' 25"" S","105° 0' 9"" E"
"Layar Arthawibawa","crude oil tanker","Busan","HJ Shipbuilding & Construction Company Limited","280406","Live","Indonesia",4502,"General Purpose, 10'-25'dwt",17998,"Double Hull","PNLS",13207,"N-053","158.00","152.57","26.80","26.80","6.85","4.68","B&W Diesel A/S","Jakarta","-","P.T. Bina Usaha Maritim Indonesia (B.U.M.I. Shipmanagement (Bumi Laut Group))","Indonesia","P.T. Bina Usaha Maritim Indonesia (B.U.M.I. Shipmanagement (Bumi Laut Group))","Indonesia","P.T. Layar Sentosa Shipping Corporation","Indonesia","-","-","-","-","9164885","525014061","11.50",1998,"-","-","-","-","The Hanshin Diesel Works Limited",4549,6100,"7S35MC","British Marine (QBE Insurance Group Limited)","Biro Klasifikasi Indonesia","-","-","-","-","2013-10-07T00:00:00","-","-","-","P.T. Bina Usaha Maritim Indonesia (B.U.M.I. Shipmanagement (Bumi Laut Group))","Indonesia","P.T. Bina Usaha Maritim Indonesia (B.U.M.I. Shipmanagement (Bumi Laut Group))","Indonesia","JAKARTA","-","A","25 Apr 2026 10:05:28 GMT","25 Apr 2026 17:00:00 GMT","P.T. Bina Usaha Maritim Indonesia (B.U.M.I. Shipmanagement (Bumi Laut Group))","Indonesia","5° 26' 4"" S","106° 56' 30"" E"
"Avior","product tanker","Shanghai","Jiangnan Shipyard (Group) Company Limited","281220","Live","Russia",4173,"General Purpose, 10'-25'dwt",13786,"Double Hull","UHFR",8829,"H2237","134.30","127.00","20.79","20.79","8.60","2.40","B&W Diesel A/S","St. Petersburg","-","PAO NK LUKoil (LUKoil PJSC)","Russian Federation","OOO LUKoil-Marinebunker (LUKoil-Marinebunker LLC)","Russian Federation","OOO LUKoil-Marinebunker (LUKoil-Marinebunker LLC)","Russian Federation","-","-","-","-","9164512","273415140","11.00",1999,"-","-","-","-","Hudong Heavy Machinery Company Limited",5300,7205,"6S42MC","-","RS (provisional)"," (provisional)"," (provisional)","-","-","2019-04-02T00:00:00","-","-","-","-","-","OOO Sea Engineering Limited (OOO 'Si Inzhenering')","Russian Federation","RU  UST-LUGA","Ust-Luga","A","24 Apr 2026 20:49:23 GMT","20 Apr 2026 18:00:00 GMT","OOO LUKoil-Marinebunker (LUKoil-Marinebunker LLC)","Russian Federation","59° 54' 47"" N","28° 42' 24"" E"
"Capt. Gregory","product tanker","Ulsan","HD Hyundai Heavy Industries Company Limited","281558","Live","Nigeria",7341,"MR 1, 25'-35'dwt",31259,"Double Hull","5OYH",23386,"1070","179.82","171.00","31.00","31.00","8.98","6.82","B&W Diesel A/S","Lagos","-","Unibros Shipping Corporation","Greece","Unibros Shipping Corporation","Greece","Harma Maritime Incorporated","Liberia","-","-","-","-","9165176","657250100","15.80",1998,"-","-","-","-","HD Hyundai Heavy Industries Company Limited",7134,9693,"5S50MC","American Steamship Owners Mutual Protection & Indemnity Association","Bureau Veritas","-","-","2023-07-10T00:00:00","2021-10-14T00:00:00","2023-07-01T00:00:00","2023-07-10T00:00:00","-","-","Unibros Shipping Corporation","Greece","Unibros Shipping Corporation","Greece","-","-","A","25 Apr 2026 10:17:40 GMT","-","Unibros Shipping Corporation","Greece","6° 20' 6"" N","3° 19' 24"" E"
"Griya Ambon","product tanker","Jingjiang","Jingjiang Shipyard","282158","Live","Indonesia",4601,"General Purpose, 10'-25'dwt",18144,"Double Hull","PNFZ",14580,"97009","158.00","152.48","27.00","27.00","6.98","4.72","B&W Diesel A/S","Jakarta","-","P.T. Humpuss Intermoda Transportasi Tbk","Indonesia","PT Humpuss Maritim International","Indonesia","PT Hutama Trans Kencana","Indonesia","-","-","-","-","9170614","525114001","11.70",1998,"-","-","-","-","Yichang Marine Diesel Engine Plant",4968,6662,"7S35MC","NorthStandard","Biro Klasifikasi Indonesia","-","-","2019-02-23T00:00:00","-","2014-06-22T00:00:00","-","-","-","P.T. Humpuss Transportasi Kimia","Indonesia","P.T. Humpuss Transportasi Kimia","Indonesia","PLAJU","-","A","25 Apr 2026 10:17:57 GMT","21 Apr 2026 04:00:00 GMT","PT Humpuss Maritim International","Indonesia","2° 59' 8"" S","104° 50' 36"" E"
"Cilicia","product tanker","St. Petersburg","Admiralty Shipyards","282561","Live","Russia",6326,"General Purpose, 10'-25'dwt",19740,"Double Hull","UENV",13846,"2730","157.40","148.60","24.50","24.50","9.77","3.63","B&W Diesel A/S","St. Petersburg","-","Ruspetrol LLC","Russian Federation","RP-Shipping LLC","Russian Federation","RP-Shipping LLC","Russian Federation","-","-","-","-","9171175","273436640","13.40",2000,"-","-","-","-","MAN B&W Diesel AS, Alpha Diesel",8580,11665,"6S50MC-C","-","Russian Register of Ships","-","-","-","-","2020-03-05T00:00:00","-","-","-","RP-Shipping LLC","Russian Federation","RP-Shipping LLC","Russian Federation","-","-","A","25 Apr 2026 04:58:30 GMT","-","RP-Shipping LLC","Russian Federation","43° 9' 1"" N","131° 51' 43"" E"
"Angel 38","product tanker","Imabari","Asakawa Shipbuilding Company Limited","283559","Live","Panama",3253,"General Purpose, 10'-25'dwt",10300,"Double Hull","3E2437",5994,"402","125.00","117.02","18.80","18.80","7.76","2.14","B&W Diesel A/S","Panama","-","Ultra Choice International Limited","British Virgin Islands","Jie Sheng Ship Management Limited","Taiwan, China","EagerWay Limited","Marshall Islands","-","-","-","-","9175743","352978208","9.90",1998,"-","-","-","-","Imex Company Limited",3883,4750,"6S35MC","American Steamship Owners Mutual Protection & Indemnity Association","Isthmus Bureau of Shipping","-","-","2020-07-28T00:00:00","-","2018-02-21T00:00:00","-","-","-","Jie Sheng Ship Management Limited","Taiwan, China","Jie Sheng Ship Management Limited","Taiwan, China","-","-","A","25 Apr 2026 09:51:50 GMT","-","Jie Sheng Ship Management Limited","Taiwan, China","1° 51' 55"" N","170° 16' 10"" E"
"Joaquino Eliezer","product tanker","Imabari","Asakawa Shipbuilding Company Limited","283560","Live","Indonesia",3254,"General Purpose, 10'-25'dwt",10308,"Double Hull","-",5997,"403","124.90","117.00","18.80","18.80","7.76","2.14","B&W Diesel A/S","-","-","P.T. Margo Indonesia Service Tama (Margo Indonesia Group)","Indonesia","P.T. Margo Indonesia Service Tama (Margo Indonesia Group)","Indonesia","P.T. Margo Indonesia Service Tama (Margo Indonesia Group)","Indonesia","-","-","-","-","9175755","525501513","9.90",1998,"-","-","-","-","Hitachi Zosen Corporation",3883,5280,"6L35MC","-","KI (provisional)"," (provisional)"," (provisional)","-","-","2013-04-01T00:00:00","-","-","-","P.T. Margo Indonesia Service Tama (Margo Indonesia Group)","Indonesia","P.T. Margo Indonesia Service Tama (Margo Indonesia Group)","Indonesia","ID AMQ","-","A","25 Apr 2026 10:08:33 GMT","21 Apr 2026 13:54:00 GMT","P.T. Margo Indonesia Service Tama (Margo Indonesia Group)","Indonesia","3° 40' 41"" S","128° 8' 40"" E"
"Virgo I","product tanker","Sasebo","Sasebo Heavy Industries Company Limited","283746","Live","Panama",4243,"General Purpose, 10'-25'dwt",17781,"Double Hull","3FYA7",14142,"433","158.00","150.00","27.70","27.70","6.88","5.12","B&W Diesel A/S","Panama","-","Swiss Carriers SA","Greece","Swiss Carriers SA","Greece","Anemolia Maritime Co SA","Panama","-","-","-","-","9176412","351792000","12.00",1997,"-","-","-","-","Mitsui Engineering & Shipbuilding Company Limited",4192,5700,"6S35MC","West of England Mutual Shipowners Protection & Indemnity Association (Luxemburg)","Nippon Kaiji Kyokai","-","-","2017-06-29T00:00:00","-","2017-12-08T00:00:00","-","-","-","Adriatic Tankers Shipping Company S.A.","Greece","Adriatic Tankers Shipping Company S.A.","Greece","OFFSHORE LAGOS","-","A","25 Apr 2026 10:17:54 GMT","22 Apr 2026 11:36:00 GMT","Swiss Carriers SA","Greece","6° 20' 52"" N","3° 18' 44"" E"
"Astrid 1","product tanker","Ulsan","HD Hyundai Heavy Industries Company Limited","283941","Live","Unknown",8330,"MR 1, 25'-35'dwt",32950,"Double Hull","P4AG0",21827,"1104","172.95","165.00","25.87","25.87","11.30","6.20","B&W Diesel A/S","-","-","Unknown Owners","-","Unknown Owners","-","Elite Ship Management Incorporated","Panama","-","-","-","-","9176656","-","17.50",1999,"-","-","-","-","HD Hyundai Heavy Industries Company Limited",6624,9000,"5S50MC6","-","-","-","-","-","-","2019-03-11T00:00:00","-","-","-","Glory International FZ-LLC","United Arab Emirates","Glory International FZ-LLC","United Arab Emirates","KHORFAKKAN","Khor al Fakkan","A","25 Apr 2026 10:18:37 GMT","28 Apr 2026 10:00:00 GMT","Unknown Owners","-","17° 33' 51"" N","66° 25' 55"" E"
"Dawn Haridwar","product tanker","Guangzhou","CSSC Offshore & Marine Engineering Group Company Limited","284015","Live","India",9498,"MR 2, 35'-45'dwt",35024,"Double Hull","AWJD",22181,"713000","171.19","162.00","27.40","27.40","11.81","5.49","B&W Diesel A/S","Mumbai","-","Arya Group","India","Arya Tankers Private Limited","India","Arya Tankers Private Limited","India","-","-","-","-","9167136","419000961","17.30",1999,"-","-","-","-","Dalian Marine Diesel Company Limited",7248,9720,"5S50MC","West of England Mutual Shipowners Protection & Indemnity Association (Luxemburg)","Indian Register","-","-","-","-","2019-06-26T00:00:00","-","-","-","Dawn Shipping Private Limited","India","Dawn Shipping Private Limited","India","JNPT","-","A","25 Apr 2026 10:19:03 GMT","18 Apr 2026 19:30:00 GMT","Arya Tankers Private Limited","India","18° 56' 33"" N","72° 55' 20"" E"
"Jaguar","product tanker","Guangzhou","CSSC Offshore & Marine Engineering Group Company Limited","284016","Live","Iran",7648,"MR 1, 25'-35'dwt",34987,"Double Hull","EPVI3",22181,"7130004","171.20","162.00","27.40","27.40","10.59","6.71","B&W Diesel A/S","-","-","Unknown Owners","-","Unknown Owners","-","Unknown Owners","-","-","-","-","-","9167148","422489500","17.30",1999,"-","Alfa Laval Aalborg A/S","Unknown","Unknown","Dalian Marine Diesel Company Limited",7248,9720,"5S50MC","-","-","-","-","-","-","-","-","-","-","-","-","Unknown Owners","-","-","-","A","16 Apr 2026 10:56:01 GMT","-","Unknown Owners","-","31° 34' 27"" N","32° 14' 3"" E"
"Oasis II","product tanker","Guangzhou","CSSC Offshore & Marine Engineering Group Company Limited","284017","Live","Panama",7648,"MR 1, 25'-35'dwt",34985,"Double Hull","3EIZ8",22181,"7130005","171.20","162.00","27.40","27.40","11.81","5.52","B&W Diesel A/S","Panama","-","Unknown Owners","-","Unknown Owners","-","Eagle Sky Navigation Enterprises SA","Panama","-","-","-","-","9167150","371744000","17.33",2000,"-","-","-","-","Dalian Marine Diesel Company Limited",7248,9720,"5S50MC","West of England Mutual Shipowners Protection & Indemnity Association (Luxemburg)","Hrvatski Register","-","-","2008-01-08T00:00:00","-","2015-01-12T00:00:00","-","2026-05-14T00:00:00","2026-05-14T00:00:00","Swiss Carriers SA","Greece","Swiss Carriers SA","Greece","CSSIISK","-","A","25 Apr 2026 10:11:21 GMT","24 Apr 2026 07:00:00 GMT","Unknown Owners","-","43° 12' 53"" N","36° 48' 15"" E"
"Griya Enim","product tanker","Yangzhou","Jiangdu Shipyard","284349","Live","Indonesia",4722,"General Purpose, 10'-25'dwt",18010,"Double Hull","PNMR",13960,"JD17500-01","160.00","153.00","27.00","27.00","7.02","4.68","B&W Diesel A/S","Jakarta","-","P.T. Humpuss Intermoda Transportasi Tbk","Indonesia","PT Humpuss Maritim International","Indonesia","PT Hutama Trans Kencana","Indonesia","-","-","-","-","9178238","525114041","11.70",2000,"-","-","-","-","Yichang Marine Diesel Engine Plant",4968,6662,"7S35MC","-","KI (provisional)"," (provisional)"," (provisional)","-","-","2015-06-01T00:00:00","-","-","-","P.T. Humpuss Transportasi Kimia","Indonesia","P.T. Humpuss Transportasi Kimia","Indonesia","PLAJU","-","A","25 Apr 2026 10:18:43 GMT","24 Apr 2026 12:06:00 GMT","PT Humpuss Maritim International","Indonesia","2° 58' 50"" S","104° 50' 48"" E"
"Semar 77","product tanker","China","Jiangdu Yahai Shipbuilding Company Limited","284350","Live","Indonesia",4722,"General Purpose, 10'-25'dwt",18010,"Double Hull","PNTC",13960,"JD17500-00","160.00","153.00","27.00","27.00","7.02","4.68","B&W Diesel A/S","Jakarta","-","P.T. Humpuss Intermoda Transportasi Tbk","Indonesia","PT Humpuss Maritim International","Indonesia","PT Hutama Trans Kencana","Indonesia","-","-","-","-","9178240","525009064","11.70",2001,"-","-","-","-","Yichang Marine Diesel Engine Plant",4968,6350,"7S35MC","-","Biro Klasifikasi Indonesia","-","-","-","-","2006-01-19T00:00:00","-","-","-","PT Hutama Trans Kencana","Indonesia","PT Hutama Trans Kencana","Indonesia","-","Merak, Java","A","27 Feb 2026 07:10:35 GMT","-","PT Humpuss Maritim International","Indonesia","6° 45' 32"" S","112° 47' 56"" E"
"Pegaden/Pertamina 1024","crude oil tanker","Sasebo","Sasebo Heavy Industries Company Limited","285189","Live","Indonesia",4063,"General Purpose, 10'-25'dwt",17781,"Double Hull","YCJI",14142,"439","158.00","150.00","27.70","27.00","7.00","5.00","B&W Diesel A/S","Jakarta","-","PT Pertamina (Persero)","Indonesia","P.T. Pertamina Patra Niaga","Indonesia","P.T. Pertamina Patra Niaga","Indonesia","-","-","-","-","9181883","525008044","12.00",1998,"-","-","-","-","Mitsui Engineering & Shipbuilding Company Limited",3825,5700,"6S35MC","NorthStandard","Biro Klasifikasi Indonesia","-","-","2018-09-17T00:00:00","-","2018-09-17T00:00:00","-","-","-","-","-","P.T. Pertamina Patra Niaga","Indonesia","PANJANG","-","A","25 Apr 2026 10:17:47 GMT","25 Apr 2026 07:54:00 GMT","P.T. Pertamina Patra Niaga","Indonesia","5° 31' 26"" S","105° 17' 49"" E"
"Stenstraum","product tanker","Yangzhou","Jiangyang Shipbuilding","286768","Live","Liberia",4593,"General Purpose, 10'-25'dwt",13677,"Double Hull","D5YF5",8882,"JY97125","145.20","133.60","20.90","20.90","8.45","2.75","B&W Diesel A/S","Monrovia","-","Shanghai Dingheng Investment Holding Group Company Limited (Dingheng Group)","People's Republic of China","Shanghai Dingheng Shipping Technology Company Limited","People's Republic of China","Focus Shipping Company Limited","People's Republic of China","-","-","-","-","9187394","636024183","11.20",2001,"-","-","-","-","MAN Energy Solutions SE",5566,7464,"6S42MC","China Shipowners Mutual Assurance Association","BV (provisional)"," (provisional)"," (provisional)","2024-08-29T00:00:00","2024-08-29T00:00:00","2022-01-01T00:00:00","-","2026-10-31T00:00:00","2026-10-31T00:00:00","Shanghai Dingheng Ship Management Company Limited","People's Republic of China","Shanghai Dingheng Ship Management Company Limited","People's Republic of China","BANGKOK","Bangkok","A","25 Apr 2026 10:11:55 GMT","27 Apr 2026 18:00:00 GMT","Shanghai Dingheng Shipping Technology Company Limited","People's Republic of China","4° 7' 36"" N","104° 9' 1"" E"
"Riana","product tanker","Guangzhou","CSSC Offshore & Marine Engineering Group Company Limited","286932","Live","Panama",7640,"MR 1, 25'-35'dwt",34860,"Double Hull","3E3321",22181,"7130007","171.20","162.00","27.40","27.40","11.80","5.50","B&W Diesel A/S","Panama","-","Unknown Owners","-","Unknown Owners","-","Riana SA","Liberia","-","-","-","-","9167174","352002510","17.30",2000,"-","Alfa Laval Aalborg A/S","Unknown","Unknown","Dalian Marine Diesel Company Limited",6162,8263,"5S50MC","West of England Mutual Shipowners Protection & Indemnity Association (Luxemburg)","Hrvatski Register","-","-","2018-05-13T00:00:00","-","2015-12-02T00:00:00","-","-","-","Asia Charm Limited FZE","United Arab Emirates","Asia Charm Limited FZE","United Arab Emirates","VE AMY","-","A","25 Apr 2026 10:13:51 GMT","21 Apr 2026 03:30:00 GMT","Unknown Owners","-","11° 44' 50"" N","70° 12' 59"" W"
"Obieze","product tanker","Okpo","Hanwha Ocean Company Limited","287703","Live","St. Kitts-Nevis",9242,"MR 2, 35'-45'dwt",35407,"Double Hull","V4FY6",22848,"5143","184.60","176.00","27.43","27.43","10.87","6.13","B&W Diesel A/S","-","-","White Dove Shipping Company Limited","Nigeria","White Dove Shipping Company Limited","Nigeria","White Dove Shipping Company Limited","Nigeria","-","-","-","-","9188764","341798001","17.00",1999,"-","-","-","-","Doosan Engine Company Limited",8559,11629,"6S50MC-C","-","-","-","-","2019-07-31T00:00:00","2017-09-17T00:00:00","2024-07-01T00:00:00","2019-07-31T00:00:00","-","-","-","-","White Dove Shipping Company Limited","Nigeria","ESCRAVOS OFFSHORE","-","A","25 Apr 2026 10:09:52 GMT","24 Apr 2026 15:30:00 GMT","White Dove Shipping Company Limited","Nigeria","5° 36' 56"" N","5° 14' 14"" E"
"Dawn Mansarovar","product tanker","Geoje","Hanwha Ocean Company Limited","287704","Live","India",9242,"MR 2, 35'-45'dwt",35437,"Double Hull","AWGZ",22848,"5144","184.60","176.00","27.48","27.40","11.02","5.98","B&W Diesel A/S","Mumbai","-","Arya Group","India","Arya Tankers Private Limited","India","Arya Tankers Private Limited","India","-","-","-","-","9188776","419000905","17.00",1999,"-","-","-","-","MAN Energy Solutions SE",8559,11640,"6S50MC","West of England Mutual Shipowners Protection & Indemnity Association (Luxemburg)","Indian Register","-","-","-","-","2019-09-10T00:00:00","-","-","-","Dawn Shipping Private Limited","India","Dawn Shipping Private Limited","India","KANDLA","Kandla/Deendayal","A","25 Apr 2026 10:06:32 GMT","28 Apr 2026 18:00:00 GMT","Arya Tankers Private Limited","India","13° 14' 4"" N","73° 10' 48"" E"
"Petrolimex 15","product tanker","Ulsan","HD Hyundai Mipo Company Limited","288432","Live","Vietnam",4785,"General Purpose, 10'-25'dwt",17961,"Double Hull","XVYW",13468,"9708","159.99","154.00","26.80","26.80","7.02","4.51","B&W Diesel A/S","Haiphong","-","Vietnam National Petroleum Group (Tong Cong Ty Xang Dau) (PETROLIMEX)","Vietnam","Petrolimex Joint Stock Tanker Company (PJTACO)","Vietnam","Vietnam Petroleum Transport Joint Stock Company (VIPCO)","Vietnam","-","-","-","-","9191759","574913000","11.50",1999,"-","-","-","-","HD Hyundai Heavy Industries Company Limited",4463,5985,"7S35MC","London Steamship Owners Mutual Insurance Association Ltd","Vietnam","-","-","2019-04-23T00:00:00","2017-04-17T00:00:00","2019-04-23T00:00:00","2019-04-23T00:00:00","-","-","Vietnam Petroleum Transport Joint Stock Company (VIPCO)","Vietnam","Vietnam Petroleum Transport Joint Stock Company (VIPCO)","Vietnam","NGHI SON PS","-","A","25 Apr 2026 10:17:50 GMT","25 Apr 2026 04:00:00 GMT","Petrolimex Joint Stock Tanker Company (PJTACO)","Vietnam","19° 21' 50"" N","105° 47' 41"" E"
"Natig Aliyev","product tanker","St. Petersburg","Admiralty Shipyards","289470","Live","St. Kitts-Nevis",6436,"General Purpose, 10'-25'dwt",19800,"Double Hull","V4SR5",13815,"02733","157.42","147.20","24.50","24.50","9.80","3.60","B&W Diesel A/S","Basseterre","-","Palmali Group of Companies","Turkiye","Palmali Shipping Services & Agency Company Limited (Palmali Gemicilik ve  Acentelik AS)","Turkiye","MG Shipping 7 Company Limited","Liberia","-","-","-","-","9194000","341453001","13.40",2002,"-","-","-","-","Bryansk Engineering Work",8699,11665,"6S50MC-C","American Steamship Owners Mutual Protection & Indemnity Association","-","-","-","-","-","2018-10-18T00:00:00","-","-","-","Palmali Shipping Services & Agency Company Limited (Palmali Gemicilik ve  Acentelik AS)","Turkiye","Palmali Shipping Services & Agency Company Limited (Palmali Gemicilik ve  Acentelik AS)","Turkiye","TRIST","-","A","25 Apr 2026 10:12:06 GMT","28 Apr 2026 12:00:00 GMT","Palmali Shipping Services & Agency Company Limited (Palmali Gemicilik ve  Acentelik AS)","Turkiye","36° 14' 55"" N","18° 6' 9"" E"
"Sea Citrine VI","product tanker","Kinoe","Sasaki Shipbuilding Company Limited","291790","Live","Palau",3852,"General Purpose, 10'-25'dwt",12633,"Double Hull","T8A4765",7678,"620","125.70","118.70","21.50","12.80","8.00","3.00","B&W Diesel A/S","-","-","Unknown Owners","-","Unknown Owners","-","Wilson Shipping Incorporated","Marshall Islands","Anwar Al Furat Petroleum Product Tr LLC","United Arab Emirates","-","-","9207273","511101409","11.00",1999,"-","-","-","-","The Hanshin Diesel Works Limited",4192,5700,"6S35MC","-","-","-","-","-","-","2019-06-11T00:00:00","-","-","-","Qatrat Alnada Almasi Ship Management LLC","United Arab Emirates","Qatrat Alnada Almasi Ship Management LLC","United Arab Emirates","-","-","A","20 Feb 2026 12:49:00 GMT","-","Unknown Owners","-","17° 42' 40"" N","57° 11' 7"" E"
"Seaturbo","crude oil tanker","Kiel","Lindenau GmbH, Schiffswerft & Maschinenfabrik","294850","Live","Unknown",8389,"MR 1, 25'-35'dwt",32230,"Double Hull","-",21353,"241","177.69","168.00","28.00","28.00","11.00","5.80","MAN Energy Solutions SE","-","-","Unknown Owners","-","Unknown Owners","-","Unknown Owners","-","-","-","-","-","9204764","-","16.80",2000,"-","-","-","-","MAN Energy Solutions SE",8455,11338,"6L58/64","-","-","-","-","-","-","2015-07-11T00:00:00","-","-","-","-","-","Unknown Owners","-","ABC","-","A","24 Aug 2025 08:45:19 GMT","09 Oct 2026 22:00:00 GMT","Unknown Owners","-","20° 44' 16"" N","61° 15' 5"" E"
"Seamull","product tanker","Kiel","Lindenau GmbH, Schiffswerft & Maschinenfabrik","294851","Live","Unknown",8389,"MR 1, 25'-35'dwt",32238,"Double Hull","T8A3433",21353,"242","177.90","168.00","28.00","28.00","11.00","5.80","MAN Energy Solutions SE","-","-","Unknown Owners","-","Unknown Owners","-","Unknown Owners","-","-","-","-","-","9204776","-","16.80",2001,"-","-","-","-","MAN Energy Solutions SE",8340,11338,"6L58/64","-","-","-","-","-","-","2016-05-11T00:00:00","-","-","-","-","-","Unknown Owners","-","SHINAS","-","A","22 Apr 2026 08:08:03 GMT","22 Apr 2026 08:00:00 GMT","Unknown Owners","-","24° 41' 55"" N","56° 40' 21"" E"
"Silver Phoenix","product tanker","Guangzhou","CSSC Offshore & Marine Engineering Group Company Limited","302340","Live","Indonesia",9438,"MR 2, 35'-45'dwt",43727,"Double Hull","YBLC2",22184,"9130007","171.20","162.00","27.43","27.40","9.75","5.51","B&W Diesel A/S","Jakarta","-","PT Buana Lintas Lautan Tbk","Indonesia","PT Buana Lintas Lautan Tbk","Indonesia","P.T. Nusa Bhakti Jayaraya","Indonesia","P.T. Gemilang Bina Lintas Tirta","Indonesia","-","-","9214757","525007413","17.30",2001,"-","-","-","-","Dalian Marine Diesel Company Limited",7150,9720,"5S50MC","London Steamship Owners Mutual Insurance Association Ltd","RINA Services S.p.A.","-","-","-","-","2022-01-21T00:00:00","-","2026-09-04T00:00:00","2026-09-04T00:00:00","P.T. Gemilang Bina Lintas Tirta","Indonesia","P.T. Gemilang Bina Lintas Tirta","Indonesia","KR YEOSU  .","-","A","25 Apr 2026 10:15:38 GMT","22 Apr 2026 03:00:00 GMT","PT Buana Lintas Lautan Tbk","Indonesia","34° 11' 4"" N","128° 17' 28"" E"
"Evana","product tanker","Guangzhou","CSSC Offshore & Marine Engineering Group Company Limited","302341","Live","Comoros",9438,"MR 1, 25'-35'dwt",34985,"Double Hull","D6A4138",22184,"9130006","171.20","162.00","27.40","27.40","11.80","5.52","B&W Diesel A/S","Moroni","-","Unknown Owners","-","Unknown Owners","-","Evana Shipping SA","Liberia","-","-","-","-","9214745","620800138","17.32",2001,"-","Alfa Laval Aalborg A/S","Unknown","Unknown","Dalian Marine Diesel Company Limited",7248,9720,"5S50MC","West of England Mutual Shipowners Protection & Indemnity Association (Luxemburg)","Hrvatski Register","-","-","2019-03-05T00:00:00","-","2016-05-21T00:00:00","-","-","-","-","-","Unknown Owners","-","ELPALITO","-","A","25 Apr 2026 10:13:34 GMT","20 Apr 2026 22:00:00 GMT","Unknown Owners","-","10° 29' 57"" N","68° 7' 46"" W"
"Green Stars","product tanker","Jinhae","K Shipbuilding Company Limited","303281","Live","Indonesia",8834,"MR 2, 35'-45'dwt",36038,"Double Hull","PKPE",23703,"1054","183.00","175.17","27.40","27.40","9.80","7.80","Sulzer Turbomachinery Services","Belawan","-","Waruna Group","Indonesia","PT Waruna Nusa Sentana","Indonesia","PT Waruna Nusa Sentana","Indonesia","-","-","-","-","9217448","525023310","17.60",2001,"-","Permea Maritime Protection, Air Products N.V.","Unknown","Unknown","HD Hyundai Heavy Industries Company Limited",8273,11100,"6RTA48T","Assuranceforeningen Skuld","Biro Klasifikasi Indonesia","-","-","2019-11-21T00:00:00","-","2016-02-28T00:00:00","-","-","-","PT Waruna Nusa Sentana","Indonesia","PT Waruna Nusa Sentana","Indonesia","ID TWI","Manggis","A","25 Apr 2026 09:27:10 GMT","22 Apr 2026 17:54:00 GMT","PT Waruna Nusa Sentana","Indonesia","7° 58' 60"" S","114° 27' 36"" E"
"Hua Hai 5","product tanker","Guangzhou","CSSC Offshore & Marine Engineering Group Company Limited","306782","Live","China",10793,"MR 2, 35'-45'dwt",40643,"Double Hull","BPRL",26262,"9130010","187.80","178.00","30.50","30.50","11.30","5.70","B&W Diesel A/S","Shanghai","-","China COSCO Shipping Corporation Limited (China Cosco Shipping Group) (COSCO Shipping) (COSCOCS)","People's Republic of China","COSCO Shipping Energy Transportation Company Limited (CSET)","People's Republic of China","Hua Hai Petroleum Transport & Marketing Company Limited","People's Republic of China","-","-","-","-","9222376","413290810","17.00",2001,"-","-","-","-","Dalian Marine Diesel Company Limited",8580,11482,"6S50MC","China Shipowners Mutual Assurance Association","China Classification","-","-","-","-","2016-09-02T00:00:00","-","-","-","Hua Hai Petroleum Transport & Marketing Company Limited","People's Republic of China","Hua Hai Petroleum Transport & Marketing Company Limited","People's Republic of China","ZHAN JIANG","Zhanjiang Port","A","25 Apr 2026 10:11:26 GMT","28 Apr 2026 20:00:00 GMT","COSCO Shipping Energy Transportation Company Limited (CSET)","People's Republic of China","28° 34' 24"" N","122° 11' 56"" E"
"Prima Tangguh LVI","product tanker","Guangzhou","CSSC Offshore & Marine Engineering Group Company Limited","306902","Live","Indonesia",10657,"MR 2, 35'-45'dwt",37823,"Double Hull","YBUW2",24910,"9130008","170.36","160.00","29.00","29.00","12.30","6.11","B&W Diesel A/S","Jakarta","-","P.T. Soechi Group","Indonesia","PT Soechi Lines Tbk","Indonesia","P.T. Lintas Samudra Maritim","Indonesia","-","-","-","-","9223253","525119038","18.40",2002,"-","-","-","-","Hudong Heavy Machinery Company Limited",7860,7075,"6S46MC-C","NorthStandard","RI (provisional)"," (provisional)"," (provisional)","-","-","2012-04-13T00:00:00","-","-","-","PT  Sukses Inkor Maritim","Indonesia","PT  Sukses Inkor Maritim","Indonesia","ID BAU","-","A","25 Apr 2026 10:16:24 GMT","21 Apr 2026 03:00:00 GMT","PT Soechi Lines Tbk","Indonesia","5° 26' 14"" S","122° 34' 25"" E"
"SC Express LV","crude oil tanker","Ulsan","HD Hyundai Mipo Company Limited","310518","Live","Indonesia",10113,"MR 2, 35'-45'dwt",37270,"Double Hull","YBQB2",23217,"0010","182.55","175.00","27.38","27.34","11.22","6.03","B&W Diesel A/S","Jakarta","-","P.T. Soechi Group","Indonesia","PT Soechi Lines Tbk","Indonesia","P.T. Putra Utama Line","Indonesia","PT Pertamina (Persero)","Indonesia","-","-","9228849","525119014","16.70",2001,"-","-","-","-","HD Hyundai Heavy Industries Company Limited",9480,12888,"6S50MC-C","NorthStandard","RINA Services S.p.A.","-","-","-","-","2016-06-05T00:00:00","-","-","-","PT  Sukses Inkor Maritim","Indonesia","PT  Sukses Inkor Maritim","Indonesia","ID BLW","-","A","25 Apr 2026 10:16:29 GMT","24 Apr 2026 23:30:00 GMT","PT Soechi Lines Tbk","Indonesia","1° 3' 58"" S","100° 24' 32"" E"
"Matrix Pride","product tanker","Ulsan","HD Hyundai Mipo Company Limited","310521","Live","Nigeria",8269,"MR 2, 35'-45'dwt",42616,"Double Hull","5NUY3",24997,"5","176.00","168.00","31.00","31.00","10.00","7.00","B&W Diesel A/S","Lagos","-","Matrix Energy Limited","Nigeria","Matrix Energy Limited","Nigeria","Matrix Shipping Limited","Liberia","-","-","-","-","9228796","657146700","17.00",2002,"-","-","-","-","HD Hyundai Heavy Industries Company Limited",8580,12871,"6S50MC","American Steamship Owners Mutual Protection & Indemnity Association","Bureau Veritas","-","-","2025-10-21T00:00:00","2025-10-21T00:00:00","2022-12-01T00:00:00","2022-12-31T00:00:00","-","-","Matrix Energy Limited","Nigeria","Matrix Energy Limited","Nigeria","-","-","A","25 Apr 2026 10:12:33 GMT","-","Matrix Energy Limited","Nigeria","6° 20' 1"" N","3° 24' 5"" E"
"Ambermar","product tanker","Jinhae","K Shipbuilding Company Limited","312504","Live","Indonesia",8827,"MR 2, 35'-45'dwt",35970,"Double Hull","YCCV2",23849,"1071","183.00","174.50","27.40","27.40","11.02","6.58","B&W Diesel A/S","Belawan","-","Waruna Group","Indonesia","PT Waruna Nusa Sentana","Indonesia","PT Waruna Nusa Sentana","Indonesia","-","-","-","-","9231626","525119068","17.60",2002,"-","-","-","-","HD Hyundai Heavy Industries Company Limited",7986,10710,"6S46MC-C","London Steamship Owners Mutual Insurance Association Ltd","American Bureau","-","-","2020-09-20T00:00:00","2020-09-20T00:00:00","2007-02-28T00:00:00","-","-","-","PT Waruna Nusa Sentana","Indonesia","PT Waruna Nusa Sentana","Indonesia","BALIKPAPAN","Balikpapan","A","25 Apr 2026 09:37:12 GMT","28 Apr 2026 02:30:00 GMT","PT Waruna Nusa Sentana","Indonesia","5° 36' 35"" S","110° 14' 18"" E"
"Levanto","product tanker","Viana do Castelo","Estaleiros Navais de Viana do Castelo S.A.","312511","Live","Nigeria",5573,"General Purpose, 10'-25'dwt",19117,"Double Hull","5OXZ5",11118,"211","140.00","134.95","23.00","23.00","9.50","2.90","Mak Motoren GmbH & Company KG","Lagos","-","Unibros Shipping Corporation","Greece","Unibros Shipping Corporation","Greece","Apnea Navigation Incorporated","Liberia","-","-","-","-","9231602","657248800","12.40",2002,"-","-","-","-","Caterpillar Motoren Rostock GmbH",6300,8560,"7M43","American Steamship Owners Mutual Protection & Indemnity Association","Bureau Veritas","-","-","2024-03-02T00:00:00","2024-03-02T00:00:00","2022-04-01T00:00:00","2021-06-14T00:00:00","-","-","Unibros Shipping Corporation","Greece","Unibros Shipping Corporation","Greece","ARMED GUARDS ONBOARD","-","A","25 Apr 2026 10:18:55 GMT","03 Nov 2026 15:00:00 GMT","Unibros Shipping Corporation","Greece","6° 25' 36"" N","3° 20' 26"" E"
"Da Qing 451","product tanker","Dalian","Dalian Shipyard Industrial Development General Corporation","313242","Live","China",12122,"MR 2, 35'-45'dwt",44999,"Double Hull","BUSS",29288,"PT460-1","192.90","184.00","32.20","32.20","10.20","7.00","Sulzer Turbomachinery Services","Nanjing","-","China Merchants Group Limited","Hong Kong, S.A.R., China","Nanjing Tanker Corporation","People's Republic of China","Nanjing Tanker Corporation","People's Republic of China","-","-","-","-","9232709","412623000","17.20",2001,"-","-","-","-","Dalian Marine Diesel Company Limited",8520,11587,"6RTA52U","NorthStandard","China Classification","-","-","-","-","2016-10-18T00:00:00","-","-","-","Nanjing Tanker Corporation","People's Republic of China","Nanjing Tanker Corporation","People's Republic of China","YINGKOU","-","A","25 Apr 2026 10:15:30 GMT","25 Apr 2026 18:00:00 GMT","Nanjing Tanker Corporation","People's Republic of China","40° 11' 21"" N","121° 39' 32"" E"
"Da Qing 452","product tanker","Dalian","Dalian Shipyard Industrial Development General Corporation","313243","Live","China",12122,"MR 2, 35'-45'dwt",44999,"Double Hull","BUST",29288,"PT460-2","192.90","184.00","32.20","32.20","11.40","5.80","Sulzer Turbomachinery Services","Nanjing","-","China Merchants Group Limited","Hong Kong, S.A.R., China","Nanjing Tanker Corporation","People's Republic of China","Nanjing Tanker Corporation","People's Republic of China","-","-","-","-","9232711","412651000","17.20",2001,"-","-","-","-","Dalian Marine Diesel Company Limited",8520,11583,"6RTA52U","NorthStandard","China Classification","-","-","-","-","2016-11-15T00:00:00","-","-","-","Nanjing Tanker Corporation","People's Republic of China","Nanjing Tanker Corporation","People's Republic of China","YANGZHOU","-","A","25 Apr 2026 10:11:52 GMT","27 Apr 2026 13:00:00 GMT","Nanjing Tanker Corporation","People's Republic of China","38° 10' 52"" N","119° 34' 4"" E"
"GSM","product tanker","Tuzla","Yardimci Tersanesi A.S.","313473","Live","Cook Islands",3195,"General Purpose, 10'-25'dwt",10018,"Double Hull","E5U5168",6516,"25","118.37","112.06","19.03","19.00","8.24","1.86","B&W Diesel A/S","Avatiu","-","Las Group of Companies","United Arab Emirates","Las Oil Trading","United Arab Emirates","Las Oil Trading","United Arab Emirates","-","-","-","-","9232967","518999187","10.10",2002,"-","-","-","-","B&W Diesel A/S",4440,6050,"6S35MC","American Steamship Owners Mutual Protection & Indemnity Association","Lloyds Register","-","-","2017-05-25T00:00:00","-","2017-04-01T00:00:00","-","2027-05-18T00:00:00","2027-05-18T00:00:00","Mariam Shipping SA","United Arab Emirates","Mariam Shipping SA","United Arab Emirates","-","-","Both","25 Apr 2026 10:09:01 GMT","-","Las Oil Trading","United Arab Emirates","25° 23' 35"" N","55° 4' 48"" E"
"Sredina","product tanker","Guangzhou","CSSC Offshore & Marine Engineering Group Company Limited","316282","Live","Panama",9438,"MR 1, 25'-35'dwt",34801,"Double Hull","HPOW",22184,"130001","171.20","162.00","27.43","27.40","11.82","5.48","B&W Diesel A/S","Panama","-","Unknown Owners","-","Unknown Owners","-","Continental Maritime Limited","Marshall Islands","-","-","-","-","9236975","357263000","17.30",2002,"-","Alfa Laval Aalborg A/S","Unknown","Unknown","Dalian Marine Diesel Company Limited",6162,8264,"5S50MC","West of England Mutual Shipowners Protection & Indemnity Association (Luxemburg)","Lloyds Register","Overseas Marine Certification Services","-","2025-12-12T00:00:00","-","2023-05-03T00:00:00","-","-","-","Srediste Shipping Gemi Isletmeciligi AS","Turkiye","Srediste Shipping Gemi Isletmeciligi AS","Turkiye","TR MER","-","A","25 Apr 2026 10:16:08 GMT","23 Apr 2026 00:01:00 GMT","Unknown Owners","-","36° 46' 27"" N","34° 40' 30"" E"
"Al Nabila 6","product tanker","Guangzhou","CSSC Offshore & Marine Engineering Group Company Limited","316283","Live","Egypt",9438,"MR 1, 25'-35'dwt",34810,"Double Hull","6BCH",22184,"130002","171.20","162.00","27.40","27.40","11.82","5.48","B&W Diesel A/S","-","-","Chandris Family","Greece","Pyramid Navigation Company E.S.A.","Marshall Islands","Pyramid Navigation Company E.S.A.","Marshall Islands","-","-","-","-","9236987","622120927","17.30",2003,"-","Alfa Laval Aalborg A/S","Unknown","Unknown","Dalian Marine Diesel Company Limited",7150,9700,"5S50MC","Steamship Mutual Underwriting Association (Bermuda) Ltd","Lloyds Register","-","-","2025-11-01T00:00:00","-","2022-11-25T00:00:00","-","-","-","International Marine Management Company Incorporated","Greece","International Marine Management Company Incorporated","Greece","EGSAD","-","A","25 Apr 2026 10:08:22 GMT","24 Apr 2026 17:00:00 GMT","Pyramid Navigation Company E.S.A.","Marshall Islands","29° 45' 32"" N","32° 27' 1"" E"
"Grand Power","product tanker","Guangzhou","CSSC Offshore & Marine Engineering Group Company Limited","316284","Live","Indonesia",9438,"MR 1, 25'-35'dwt",34807,"Double Hull","YDEV3",22184,"130003","171.20","162.00","27.43","27.40","11.82","5.48","B&W Diesel A/S","-","-","Waruna Group","Indonesia","PT Waruna Nusa Sentana","Indonesia","PT Tanker Total Pasifik","Indonesia","-","-","-","-","9236999","525103007","17.30",2003,"-","Alfa Laval Aalborg A/S","Unknown","Unknown","Dalian Marine Diesel Company Limited",7150,9720,"5S50MC","Assuranceforeningen Skuld","Lloyds Register","-","-","2023-10-07T00:00:00","-","2023-11-01T00:00:00","-","-","-","PT Waruna Ship Management","Indonesia","PT Waruna Ship Management","Indonesia","ID BPN","-","A","25 Apr 2026 10:15:21 GMT","27 Apr 2026 05:00:00 GMT","PT Waruna Nusa Sentana","Indonesia","7° 21' 47"" S","116° 5' 11"" E"
"Roberta","product tanker","Guangzhou","CSSC Offshore & Marine Engineering Group Company Limited","316302","Live","Hong Kong, S.A.R., China",9438,"MR 1, 25'-35'dwt",34801,"Double Hull","VRX04",22181,"130004","171.20","162.00","27.43","27.40","11.82","5.48","B&W Diesel A/S","Hong Kong","-","Unknown Owners","-","Unknown Owners","-","Panarea Marine Limited","Hong Kong, S.A.R., China","-","-","-","-","9237008","477236600","17.30",2003,"-","Alfa Laval Aalborg A/S","Unknown","Unknown","Dalian Marine Diesel Company Limited",7150,9700,"5S50MC","Assuranceforeningen Skuld","-","-","-","2018-08-18T00:00:00","-","2018-10-08T00:00:00","-","-","-","Babylon Navigation DMCC","United Arab Emirates","Babylon Navigation DMCC","United Arab Emirates","IRAQI OWNER","Khor al Zubair","A","25 Apr 2026 10:16:51 GMT","09 Sep 2026 21:00:00 GMT","Unknown Owners","-","29° 23' 13"" N","48° 54' 47"" E"
"Caral","product tanker","Ulsan","HD Hyundai Mipo Company Limited","317662","Live","Peru",10113,"MR 2, 35'-45'dwt",39480,"Double Hull","OA2212",23236,"H0018","182.55","175.00","27.40","27.34","11.71","4.99","B&W Diesel A/S","Callao","-","Bertling-Transgas Tankers S.A.C.","Peru","Bertling-Transgas Tankers S.A.C.","Peru","Bertling-Transgas Tankers S.A.C.","Peru","Transgas Shipping Lines SAC","Peru","-","-","9247479","760003610","16.70",2002,"-","-","-","-","HD Hyundai Heavy Industries Company Limited",9597,12870,"6S50MC-C","Assuranceforeningen Skuld","Bureau Veritas","-","-","2026-01-11T00:00:00","2025-08-29T00:00:00","2023-09-01T00:00:00","-","-","-","Transgas Shipping Lines SAC","Peru","Transgas Shipping Lines SAC","Peru","CALLAO","-","A","25 Apr 2026 10:12:56 GMT","25 Apr 2026 01:30:00 GMT","Bertling-Transgas Tankers S.A.C.","Peru","12° 0' 38"" S","77° 12' 9"" W"
"Chavin","product tanker","Ulsan","HD Hyundai Mipo Company Limited","317683","Live","Peru",11046,"MR 2, 35'-45'dwt",39441,"Double Hull","OA2211",23236,"29","182.55","175.00","27.34","27.34","11.72","4.98","B&W Diesel A/S","Callao","-","Transgas Shipping Lines SAC","Peru","Transgas Shipping Lines SAC","Peru","Transgas Shipping Lines SAC","Peru","-","-","-","-","9247481","760000740","16.70",2002,"-","-","-","-","HD Hyundai Heavy Industries Company Limited",8169,10955,"6S50MC-C","Assuranceforeningen Skuld","DNV","-","-","-","-","2016-10-21T00:00:00","-","-","-","Transgas Shipping Lines SAC","Peru","Transgas Shipping Lines SAC","Peru","CARDON-VENEZUELA","-","A","25 Apr 2026 10:09:44 GMT","21 Apr 2026 21:00:00 GMT","Transgas Shipping Lines SAC","Peru","11° 38' 24"" N","70° 16' 27"" W"
"Seahaker","product tanker","Kiel","Lindenau GmbH, Schiffswerft & Maschinenfabrik","319248","Live","Unknown",8387,"MR 1, 25'-35'dwt",32463,"Double Hull","-",21329,"251","177.72","168.00","28.00","28.00","11.00","5.80","MAN Energy Solutions SE","-","-","Unknown Owners","-","Unknown Owners","-","Unknown Owners","-","-","-","-","-","9255488","-","16.80",2003,"-","-","-","-","MAN Energy Solutions SE",8455,11338,"6L58/64","-","-","-","-","-","-","2013-10-02T00:00:00","-","-","-","Etihad Engineering & Marine Services FZC","United Arab Emirates","Etihad Engineering & Marine Services FZC","United Arab Emirates","-","-","A","16 Aug 2025 12:50:02 GMT","-","Unknown Owners","-","25° 39' 8"" N","55° 6' 57"" E"
"St Zeezee","product tanker","Tongyeong","ShinaSB Yard Company Limited","320603","Live","Nigeria",9980,"MR 2, 35'-45'dwt",40081,"Double Hull","5OAQ3",25382,"418","175.95","168.00","31.00","31.00","9.00","8.20","B&W Diesel A/S","Lagos","-","Oceanic Shipping Services Private Limited","India","Oceanic Shipping Services Private Limited","India","Sea Navigation International Limited","Nigeria","Sea Transport Services Nigeria Limited","Nigeria","-","-","9241815","657164300","17.20",2003,"-","-","-","-","MAN B&W Diesel Limited",8561,11632,"6S50MC","West of England Mutual Shipowners Protection & Indemnity Association (Luxemburg)","BV (provisional)"," (provisional)"," (provisional)","2023-12-07T00:00:00","2022-03-14T00:00:00","2023-12-01T00:00:00","2023-12-07T00:00:00","-","-","STS Marine Management Private Limited","India","STS Marine Management Private Limited","India","NGBON","-","A","25 Apr 2026 10:17:14 GMT","24 Apr 2026 13:00:00 GMT","Oceanic Shipping Services Private Limited","India","4° 29' 10"" N","7° 10' 58"" E"
"Miraan","product tanker","Ulsan","HD Hyundai Mipo Company Limited","321227","Live","Comoros",10129,"MR 2, 35'-45'dwt",37296,"Double Hull","D6A4322",23235,"26","182.55","176.08","27.40","27.34","11.22","5.85","B&W Diesel A/S","Moroni","-","Unknown Owners","-","Unknown Owners","-","Sharda Shipping Incorporated","Marshall Islands","-","-","-","-","9242481","620800322","16.70",2002,"-","-","-","-","HD Hyundai Heavy Industries Company Limited",8158,10940,"6S50MC-C","Hydor AS","Indian Register","-","-","2017-09-01T00:00:00","2015-08-25T00:00:00","2023-06-15T00:00:00","2017-09-01T00:00:00","-","-","S A Marine Services","India","S A Marine Services","India","-","-","A","25 Apr 2026 10:15:30 GMT","-","Unknown Owners","-","25° 31' 30"" N","55° 15' 49"" E"
"Da Qing 453","product tanker","Jinxi","Bohai Shipbuilding Heavy Industry Company Limited","322362","Live","China",12122,"MR 2, 35'-45'dwt",44999,"Double Hull","BUSU",29288,"BH507-1","192.90","184.00","32.20","32.20","11.40","5.96","Sulzer Turbomachinery Services","Nanjing","-","China Merchants Group Limited","Hong Kong, S.A.R., China","Nanjing Tanker Corporation","People's Republic of China","Nanjing Tanker Corporation","People's Republic of China","Nanjing Petroleum Transportation Company Limited","People's Republic of China","-","-","9245691","412674000","17.20",2002,"-","-","-","-","Yichang Marine Diesel Engine Plant",8520,11583,"6RTA52U","NorthStandard","China Classification","-","-","-","-","2017-01-21T00:00:00","-","-","-","Nanjing Tanker Corporation","People's Republic of China","Nanjing Tanker Corporation","People's Republic of China","DONGJIAKOU","Nanjing","A","25 Apr 2026 10:15:40 GMT","27 Apr 2026 17:30:00 GMT","Nanjing Tanker Corporation","People's Republic of China","32° 19' 32"" N","119° 46' 33"" E"
"Da Qing 454","product tanker","Huludao","Bohai Shipbuilding Heavy Industry Company Limited","322363","Live","China",12122,"MR 2, 35'-45'dwt",44999,"Double Hull","BUSV",29288,"BH507-2","192.90","184.00","32.20","32.20","11.40","5.80","Sulzer Turbomachinery Services","Nanjing","-","China Merchants Group Limited","Hong Kong, S.A.R., China","Nanjing Tanker Corporation","People's Republic of China","Nanjing Tanker Corporation","People's Republic of China","-","-","-","-","9245706","412673000","17.20",2002,"-","-","-","-","Yichang Marine Diesel Engine Plant",8520,11583,"6RTA52U","Steamship Mutual Underwriting Association (Bermuda) Ltd","China Classification","-","-","-","-","2017-09-19T00:00:00","-","-","-","Shandong Port Shipping Tanker Company Limited","People's Republic of China","Shandong Port Shipping Tanker Company Limited","People's Republic of China","DONG YING","Dongying Port","A","25 Apr 2026 10:02:46 GMT","26 Apr 2026 07:00:00 GMT","Nanjing Tanker Corporation","People's Republic of China","37° 51' 29"" N","121° 37' 14"" E"
"Siri Knutsen","product tanker","Gijon","Naval Gijon S.A.","323853","Live","Norway (Int. Register)",10125,"MR 2, 35'-45'dwt",37494,"Double Hull","LAKD8",24829,"604","185.25","174.00","27.40","27.40","12.14","4.76","B&W Diesel A/S","Haugesund","-","TS Shipping Invest AS","Norway","Knutsen OAS Shipping AS","Norway","Knutsen Shuttle Tankers 3 AS","Norway","-","-","Santander Central Hispano Lease S.A.","Spain","9247168","257562000","16.90",2004,"-","-","-","-","MAN B&W Diesel AS (Holeby Diesel)",8680,11640,"6S50MC","Assuranceforeningen Skuld","DNV","-","-","-","-","2014-06-20T00:00:00","-","-","-","KNOT Management AS","Norway","KNOT Management AS","Norway","NL RTM","-","A","25 Apr 2026 10:18:58 GMT","21 Apr 2026 05:00:00 GMT","Knutsen OAS Shipping AS","Norway","51° 57' 11"" N","4° 7' 53"" E"
"Iron Wave","product tanker","Ulsan","HD Hyundai Mipo Company Limited","324615","Live","Cameroon",10185,"MR 2, 35'-45'dwt",39975,"Double Hull","TJMOW6",25287,"101","175.93","168.00","31.00","31.00","11.10","5.90","B&W Diesel A/S","-","-","Unknown Owners","-","Unknown Owners","-","Iron Maritime Services & Trading Incorporated","St. Kitts-Nevis","Alcor Holding Group AG","Switzerland","-","-","9248796","613271330","17.00",2003,"-","-","-","-","HD Hyundai Heavy Industries Company Limited",7378,9894,"6S50MC","-","American Bureau","Russian Register of Ships","-","-","-","2017-09-10T00:00:00","-","-","-","EMT Gemi Isletmeciligi AS","Turkiye","EMT Gemi Isletmeciligi AS","Turkiye","PORT SAID EGY","-","A","25 Apr 2026 10:13:25 GMT","20 Apr 2026 14:00:00 GMT","Unknown Owners","-","31° 31' 41"" N","32° 15' 47"" E"
"Ascendant","product tanker","Ulsan","HD Hyundai Mipo Company Limited","324616","Live","Cameroon",10185,"MR 2, 35'-45'dwt",40039,"Double Hull","TJMV3C",25287,"102","175.93","168.00","31.00","31.00","11.12","5.88","B&W Diesel A/S","-","-","Unknown Owners","-","Unknown Owners","-","Unknown Owners","-","-","-","-","-","9248801","613419802","17.00",2003,"-","-","-","-","HD Hyundai Heavy Industries Company Limited",8580,15826,"6S50MC","-","Indian Register","Overseas Marine Certification Services","-","-","-","2023-07-11T00:00:00","-","-","-","-","-","Unknown Owners","-","ZHOU SHAN","Zhoushan Port","A","25 Apr 2026 10:16:26 GMT","24 Apr 2026 07:30:00 GMT","Unknown Owners","-","29° 46' 60"" N","123° 2' 51"" E"
"Prima XP","product tanker","Ulsan","HD Hyundai Mipo Company Limited","325085","Live","Indonesia",10195,"MR 2, 35'-45'dwt",40094,"Double Hull","YDCG2",25118,"109","175.86","168.00","31.27","31.00","9.00","8.00","B&W Diesel A/S","Jakarta","-","PT Pertamina (Persero)","Indonesia","PT Pertamina International Shipping (PIS)","Indonesia","PT Bepondi Bahtera Laju Abadi","Indonesia","-","-","-","-","9250153","525108023","17.00",2002,"-","-","-","-","HD Hyundai Heavy Industries Company Limited",8580,11640,"6S50MC","Assuranceforeningen Gard","Biro Klasifikasi Indonesia","-","-","2017-09-27T00:00:00","2015-11-05T00:00:00","2017-09-27T00:00:00","2017-09-27T00:00:00","-","-","PT Pertamina International Shipping (PIS)","Indonesia","PT Pertamina International Shipping (PIS)","Indonesia","DUMAI","Dumai, Sumatra","A","25 Apr 2026 09:44:50 GMT","28 Apr 2026 18:00:00 GMT","PT Pertamina International Shipping (PIS)","Indonesia","4° 35' 57"" S","111° 8' 45"" E"
"Silver Lotus","product tanker","Guangzhou","CSSC Offshore & Marine Engineering Group Company Limited","325306","Live","Indonesia",9503,"MR 1, 25'-35'dwt",34807,"Double Hull","YDHQ3",22184,"130005","171.20","162.00","-","27.43","11.82","5.48","B&W Diesel A/S","Belawan","-","Waruna Group","Indonesia","PT Waruna Nusa Sentana","Indonesia","PT Tanker Total Pasifik","Indonesia","-","-","-","-","9251406","525103010","17.30",2003,"-","Alfa Laval Aalborg A/S","Unknown","Unknown","Dalian Marine Diesel Company Limited",7150,9700,"5S50MC","Swedish Club (Sverige Angfartygs Assurans Forening)","Lloyds Register","-","-","2024-02-12T00:00:00","-","2024-03-01T00:00:00","-","-","-","PT Waruna Ship Management","Indonesia","PT Waruna Ship Management","Indonesia","SG SIN","-","A","25 Apr 2026 10:17:33 GMT","25 Apr 2026 08:18:00 GMT","PT Waruna Nusa Sentana","Indonesia","1° 13' 45"" N","103° 47' 48"" E"
"Ping Chi","product tanker","Guangzhou","CSSC Offshore & Marine Engineering Group Company Limited","325307","Live","China",11280,"MR 2, 35'-45'dwt",42196,"Double Hull","BPCS",27155,"130009","187.80","178.00","31.50","31.50","10.50","6.30","B&W Diesel A/S","Shanghai","-","China COSCO Shipping Corporation Limited (China Cosco Shipping Group) (COSCO Shipping) (COSCOCS)","People's Republic of China","COSCO Shipping Energy Transportation Company Limited (CSET)","People's Republic of China","COSCO Shipping Energy Transportation Company Limited (CSET)","People's Republic of China","-","-","-","-","9251418","412558000","16.80",2003,"-","-","-","-","Dalian Marine Diesel Company Limited",8580,11640,"6S50MC","China Shipowners Mutual Assurance Association","China Classification","-","-","-","-","2018-03-02T00:00:00","-","-","-","COSCO Shipping Energy Transportation Company Limited (CSET)","People's Republic of China","COSCO Shipping Energy Transportation Company Limited (CSET)","People's Republic of China","YIZHENG","-","A","25 Apr 2026 10:12:23 GMT","26 Apr 2026 15:00:00 GMT","COSCO Shipping Energy Transportation Company Limited (CSET)","People's Republic of China","31° 11' 20"" N","122° 9' 48"" E"
"An Chi","product tanker","Guangzhou","CSSC Offshore & Marine Engineering Group Company Limited","325308","Live","China",11280,"MR 2, 35'-45'dwt",42196,"Double Hull","BPCT",27155,"130010","187.80","178.00","31.50","31.50","10.50","6.30","B&W Diesel A/S","Shanghai","-","China COSCO Shipping Corporation Limited (China Cosco Shipping Group) (COSCO Shipping) (COSCOCS)","People's Republic of China","COSCO Shipping Energy Transportation Company Limited (CSET)","People's Republic of China","COSCO Shipping Energy Transportation Company Limited (CSET)","People's Republic of China","COSCO Shipping Tanker (Dalian) Company Limited","People's Republic of China","-","-","9251420","413399560","16.80",2003,"-","-","-","-","Dalian Marine Diesel Company Limited",8580,11640,"6S50MC","U.K. Mutual Steam Ship Assurance Association (Bermuda) Ltd","China Classification","-","-","-","-","2018-06-08T00:00:00","-","-","-","COSCO Shipping Energy Transportation Company Limited (CSET)","People's Republic of China","COSCO Shipping Energy Transportation Company Limited (CSET)","People's Republic of China","PANJIN","-","A","25 Apr 2026 10:11:35 GMT","24 Apr 2026 17:54:00 GMT","COSCO Shipping Energy Transportation Company Limited (CSET)","People's Republic of China","40° 44' 9"" N","121° 59' 52"" E"
"Chang Chi","product tanker","Guangzhou","CSSC Offshore & Marine Engineering Group Company Limited","325309","Live","China",11280,"MR 2, 35'-45'dwt",42196,"Double Hull","BPCU",27155,"130011","187.80","178.00","31.53","31.53","11.30","5.52","B&W Diesel A/S","Shanghai","-","China COSCO Shipping Corporation Limited (China Cosco Shipping Group) (COSCO Shipping) (COSCOCS)","People's Republic of China","COSCO Shipping Energy Transportation Company Limited (CSET)","People's Republic of China","COSCO Shipping Tanker (Shanghai) Company Limited","People's Republic of China","COSCO Shipping Tanker (Dalian) Company Limited","People's Republic of China","-","-","9251432","413288110","16.80",2003,"-","-","-","-","Dalian Marine Diesel Company Limited",8580,11665,"6S50MC","China Shipowners Mutual Assurance Association","China Classification","-","-","-","-","2018-10-09T00:00:00","-","-","-","COSCO Shipping Energy Transportation Company Limited (CSET)","People's Republic of China","COSCO Shipping Energy Transportation Company Limited (CSET)","People's Republic of China","QIN HUANG DAO","-","A","25 Apr 2026 10:18:06 GMT","24 Apr 2026 00:00:00 GMT","COSCO Shipping Energy Transportation Company Limited (CSET)","People's Republic of China","39° 55' 20"" N","119° 39' 18"" E"
"Sheng Chi","product tanker","Guangzhou","CSSC Offshore & Marine Engineering Group Company Limited","325310","Live","China",11280,"MR 2, 35'-45'dwt",42147,"Double Hull","BPCV",27155,"130012","187.80","178.00","31.50","31.50","10.50","5.93","B&W Diesel A/S","Shanghai","-","China COSCO Shipping Corporation Limited (China Cosco Shipping Group) (COSCO Shipping) (COSCOCS)","People's Republic of China","COSCO Shipping Energy Transportation Company Limited (CSET)","People's Republic of China","COSCO Shipping Energy Transportation Company Limited (CSET)","People's Republic of China","-","-","-","-","9251444","413293550","16.80",2003,"-","-","-","-","Dalian Marine Diesel Company Limited",8580,11640,"5S50MC","U.K. Mutual Steam Ship Assurance Association (Bermuda) Ltd","China Classification","-","-","-","-","2018-12-23T00:00:00","-","-","-","COSCO Shipping Energy Transportation Company Limited (CSET)","People's Republic of China","COSCO Shipping Energy Transportation Company Limited (CSET)","People's Republic of China","QIN ZHOU","Qinzhou Port","A","25 Apr 2026 10:10:11 GMT","24 Apr 2026 21:36:00 GMT","COSCO Shipping Energy Transportation Company Limited (CSET)","People's Republic of China","21° 25' 41"" N","108° 42' 5"" E"
"Asphalt Star","product tanker","Wenling","Zhejiang Yueqing Changhong Shipbuilding Company Limited","3255683","Live","Unknown",5131,"General Purpose, 10'-25'dwt",16820,"Double Hull","-",10797,"CH0505","142.50","134.50","-","23.00","8.95","3.66","Semt Pielstick SA","-","-","Unknown Owners","-","Unknown Owners","-","Global Star Shipping Lines Incorporated","Panama","-","-","-","-","9463528","-","12.60",2007,"-","-","-","-","Shaanxi Diesel Engine Factory",4403,5978,"8PC2-6/2L","-","Vietnam","-","-","2020-01-11T00:00:00","2020-01-11T00:00:00","2024-05-01T00:00:00","2020-01-11T00:00:00","-","-","Glory International FZ-LLC","United Arab Emirates","Glory International FZ-LLC","United Arab Emirates","-","-","A","25 Apr 2026 05:20:04 GMT","-","Unknown Owners","-","19° 5' 50"" N","72° 33' 36"" E"
"SC Explorer LIII","product tanker","Ulsan","HD Hyundai Mipo Company Limited","325768","Live","Indonesia",10129,"MR 2, 35'-45'dwt",37321,"Double Hull","YBRI2",23235,"105","182.55","175.00","27.40","27.34","10.71","6.01","B&W Diesel A/S","Jakarta","-","P.T. Soechi Group","Indonesia","PT Soechi Lines Tbk","Indonesia","P.T. Armada Maritime Offshore","Indonesia","PT Pertamina (Persero)","Indonesia","-","-","9251561","525119029","16.70",2002,"-","-","-","-","HD Hyundai Heavy Industries Company Limited",9480,12870,"6S50MC-C MKVII","NorthStandard","RINA Services S.p.A.","-","-","-","-","2018-06-10T00:00:00","-","-","-","PT  Sukses Inkor Maritim","Indonesia","PT  Sukses Inkor Maritim","Indonesia","EOPL","-","A","25 Apr 2026 10:10:30 GMT","25 Apr 2026 13:00:00 GMT","PT Soechi Lines Tbk","Indonesia","1° 31' 10"" N","104° 51' 8"" E"
"SC Esteem LII","product tanker","Ulsan","HD Hyundai Mipo Company Limited","325769","Live","Indonesia",10129,"MR 2, 35'-45'dwt",37220,"Double Hull","YBPZ2",23235,"106","182.55","175.00","27.74","27.34","10.85","6.01","B&W Diesel A/S","Jakarta","-","P.T. Soechi Group","Indonesia","PT Soechi Lines Tbk","Indonesia","P.T. Putra Utama Line","Indonesia","-","-","-","-","9251573","525119021","16.70",2003,"-","-","-","-","HD Hyundai Heavy Industries Company Limited",9480,12870,"6S50MC-C","-","RINA Services S.p.A.","-","-","-","-","2018-03-23T00:00:00","-","-","-","PT  Sukses Inkor Maritim","Indonesia","PT  Sukses Inkor Maritim","Indonesia","PEBGC SGP","-","A","25 Apr 2026 10:15:55 GMT","23 Apr 2026 05:30:00 GMT","PT Soechi Lines Tbk","Indonesia","1° 14' 18"" N","103° 41' 30"" E"
"VS Remlin","product tanker","Dalian","Dalian Shipyard Industrial Development General Corporation","326258","Live","Isle of Man",9438,"MR 1, 25'-35'dwt",34557,"Double Hull","MGYO8",22184,"PC350-2","171.23","163.68","27.40","27.40","11.81","5.49","B&W Diesel A/S","Douglas","-","Valloeby Shipholding Limited","Malta","Valloeby Shipping Limited","Malta","Valloeby Remlin Limited","Isle of Man","Hafnia Handy Pool Management ApS","Denmark","-","-","9252307","232026709","17.30",2003,"-","Alfa Laval Aalborg A/S","Unknown","Unknown","Dalian Marine Diesel Company Limited",7249,9721,"5S50MC","Assuranceforeningen Gard","Lloyds Register","-","-","2023-12-12T00:00:00","-","2023-12-27T00:00:00","-","-","-","V. Ships (Germany) GmbH","Germany","V. Ships (Germany) GmbH","Germany","TH SRI","-","A","25 Apr 2026 10:15:49 GMT","24 Apr 2026 18:00:00 GMT","Valloeby Shipping Limited","Malta","13° 6' 18"" N","100° 52' 1"" E"
"Searay","product tanker","Kiel","Lindenau GmbH, Schiffswerft & Maschinenfabrik","328159","Live","Germany",8381,"MR 1, 25'-35'dwt",32310,"Double Hull","DEEV",21329,"S254","177.69","168.00","28.00","28.00","11.00","5.80","MAN Energy Solutions SE","Bremen","-","German Tanker Shipping GmbH & Company KG","Germany","German Tanker Shipping GmbH & Company KG","Germany","German Tanker Shipping GmbH & Company KG","Germany","-","-","-","-","9255490","211422510","16.80",2004,"-","-","-","-","MAN Energy Solutions SE",8455,11338,"6L58/64","Assuranceforeningen Skuld","DNV","-","-","-","-","2014-05-14T00:00:00","-","-","-","German Tanker Shipping GmbH & Company KG","Germany","German Tanker Shipping GmbH & Company KG","Germany","KUNAK","Kunak, Sabah","A","24 Apr 2026 14:36:38 GMT","23 Apr 2026 16:00:00 GMT","German Tanker Shipping GmbH & Company KG","Germany","4° 43' 15"" N","118° 17' 9"" E"
"Genrich Gasanov","product tanker","St. Petersburg","Admiralty Shipyards","332018","Live","Russia",5498,"General Purpose, 10'-25'dwt",15010,"Single","-",11575,"-","162.00","-","-","21.40","8.90","2.30","Unknown Engine Designer","-","-","Government of the Russian Federation","Russian Federation","Government of the Russian Federation","Russian Federation","Government of the Russian Federation","Russian Federation","-","-","-","-","-","-","11.20",1977,"-","-","-","-","-","-","-","6-74VT2BF-160","-","-","-","-","-","-","-","-","-","-","-","-","Government of the Russian Federation","Russian Federation","-","-","-","-","-","Government of the Russian Federation","Russian Federation","-","-"
"Ivan Bubanov","product tanker","St. Petersburg","Admiralty Shipyards","332023","Live","Russia",5498,"General Purpose, 10'-25'dwt",15010,"Single","RCJG",11575,"-","162.00","-","-","21.40","8.90","2.30","Unknown Engine Designer","-","-","Government of the Russian Federation","Russian Federation","Government of the Russian Federation","Russian Federation","Government of the Russian Federation","Russian Federation","-","-","-","-","-","-","11.20",1975,"-","-","-","-","-","-","-","6-74VT2BF-160","-","-","-","-","-","-","-","-","-","-","-","-","Government of the Russian Federation","Russian Federation","-","-","-","-","-","Government of the Russian Federation","Russian Federation","-","-"
"Segey Osipov","product tanker","St. Petersburg","Admiralty Shipyards","332030","Live","Russia",5498,"General Purpose, 10'-25'dwt",15010,"Single","-",11575,"-","162.00","-","-","21.40","8.90","2.30","Unknown Engine Designer","-","-","Government of the Russian Federation","Russian Federation","Government of the Russian Federation","Russian Federation","Government of the Russian Federation","Russian Federation","-","-","-","-","-","-","11.20",1973,"-","-","-","-","-","-","-","6-74VT2BF-160","-","-","-","-","-","-","-","-","-","-","-","-","Government of the Russian Federation","Russian Federation","-","-","-","-","-","Government of the Russian Federation","Russian Federation","-","-"
"Da Qing 455","product tanker","Jinxi","Bohai Shipbuilding Heavy Industry Company Limited","332142","Live","China",12122,"MR 2, 35'-45'dwt",44999,"Double Hull","BUSW",29288,"BH507-3","192.90","184.00","32.20","32.20","11.40","5.80","Sulzer Turbomachinery Services","Nanjing","-","China Merchants Group Limited","Hong Kong, S.A.R., China","Nanjing Tanker Corporation","People's Republic of China","Nanjing Tanker Corporation","People's Republic of China","-","-","-","-","9259757","412675000","17.20",2002,"-","-","-","-","Yichang Marine Diesel Engine Plant",8520,11583,"6RTA52U","NorthStandard","China Classification","-","-","-","-","2017-11-29T00:00:00","-","-","-","Nanjing Tanker Corporation","People's Republic of China","Nanjing Tanker Corporation","People's Republic of China","NAN JING","Zhoushan Port","A","25 Apr 2026 10:16:57 GMT","27 Apr 2026 14:00:00 GMT","Nanjing Tanker Corporation","People's Republic of China","30° 52' 43"" N","122° 36' 36"" E"
"Da Qing 456","product tanker","Jinxi","Bohai Shipbuilding Heavy Industry Company Limited","332144","Live","China",12122,"MR 2, 35'-45'dwt",44999,"Double Hull","BUSX",29288,"BH507-4","192.90","184.00","32.20","32.20","11.40","5.80","Sulzer Turbomachinery Services","Nanjing","-","China Merchants Group Limited","Hong Kong, S.A.R., China","Nanjing Tanker Corporation","People's Republic of China","Nanjing Tanker Corporation","People's Republic of China","Nanjing Petroleum Transportation Company Limited","People's Republic of China","-","-","9259769","412676000","17.20",2003,"-","-","-","-","Yichang Marine Diesel Engine Plant",8520,11583,"6RTA52U","NorthStandard","China Classification","-","-","-","-","2018-04-24T00:00:00","-","-","-","Nanjing Tanker Corporation","People's Republic of China","Nanjing Tanker Corporation","People's Republic of China","BIN ZHOU","-","A","25 Apr 2026 10:15:39 GMT","27 Apr 2026 06:00:00 GMT","Nanjing Tanker Corporation","People's Republic of China","35° 18' 36"" N","120° 37' 7"" E"
"Bro Combo","product tanker","Shimonoseki","Kyokuyo Shipyard Corporation (KSC)","332185","Live","Indonesia",5296,"General Purpose, 10'-25'dwt",16597,"Double Hull","YBTS2",9882,"442","143.52","136.00","22.53","22.50","8.70","3.13","B&W Diesel A/S","Belawan","-","Waruna Group","Indonesia","PT Waruna Nusa Sentana","Indonesia","PT Waruna Nusa Sentana","Indonesia","-","-","-","-","9259719","525119033","11.83",2003,"-","-","-","-","MAN B&W (Japan) Limited",4959,6650,"7S35MC","London Steamship Owners Mutual Insurance Association Ltd","Biro Klasifikasi Indonesia","-","-","-","-","2008-01-14T00:00:00","-","-","-","-","-","PT Waruna Nusa Sentana","Indonesia","PONTIANAK","-","A","25 Apr 2026 10:05:34 GMT","19 Apr 2026 18:06:00 GMT","PT Waruna Nusa Sentana","Indonesia","0° 3' 4"" N","109° 2' 10"" E"
"Durga","product tanker","Ulsan","HD Hyundai Mipo Company Limited","332451","Live","Tuvalu",10129,"MR 2, 35'-45'dwt",39634,"Double Hull","T2HO6",23265,"122","182.55","175.00","27.74","27.34","11.20","5.50","B&W Diesel A/S","Funafuti","-","Unknown Owners","-","Unknown Owners","-","Durga Shipping Corporation Limited","Marshall Islands","-","-","-","-","9260005","572861220","16.70",2003,"-","-","-","-","HD Hyundai Heavy Industries Company Limited",9480,10956,"6S50MC-C","West of England Mutual Shipowners Protection & Indemnity Association (Luxemburg)","Hrvatski Register","Indian Register","-","-","-","2023-06-12T00:00:00","-","-","-","Lea Shipping Corporation Limited","Turkiye","Lea Shipping Corporation Limited","Turkiye","-","-","A","25 Apr 2026 10:17:23 GMT","-","Unknown Owners","-","41° 0' 31"" N","28° 4' 5"" E"
"Mustang","product tanker","Ulsan","HD Hyundai Mipo Company Limited","332456","Live","Indonesia",10110,"MR 2, 35'-45'dwt",37330,"Double Hull","YCRB2",23240,"138","182.55","175.11","27.34","27.34","10.85","5.85","B&W Diesel A/S","Jakarta","-","PT Buana Lintas Lautan Tbk","Indonesia","PT Buana Lintas Lautan Tbk","Indonesia","P.T. Pearl Maritime","Indonesia","-","-","-","-","9260043","525107011","16.70",2004,"-","-","-","-","HD Hyundai Heavy Industries Company Limited",8170,10956,"6S50MC-C","London Steamship Owners Mutual Insurance Association Ltd","Nippon Kaiji Kyokai","-","-","-","-","2019-06-25T00:00:00","-","-","-","P.T. Gemilang Bina Lintas Tirta","Indonesia","P.T. Gemilang Bina Lintas Tirta","Indonesia","RU TAM","Taman'","A","25 Apr 2026 10:08:00 GMT","24 Apr 2026 18:00:00 GMT","PT Buana Lintas Lautan Tbk","Indonesia","44° 41' 59"" N","36° 54' 18"" E"
"Supreme Star","product tanker","Guangzhou","CSSC Offshore & Marine Engineering Group Company Limited","337398","Live","Indonesia",9438,"MR 1, 25'-35'dwt",34999,"Double Hull","YDCJ2",22184,"130006","171.18","162.00","27.43","27.40","11.82","5.48","B&W Diesel A/S","-","-","Waruna Group","Indonesia","PT Waruna Nusa Sentana","Indonesia","PT Tanker Total Pasifik","Indonesia","-","-","-","-","9265407","525121016","17.30",2004,"-","Alfa Laval Aalborg A/S","Unknown","Unknown","B&W Diesel A/S",7150,8263,"5S50MC","London Steamship Owners Mutual Insurance Association Ltd","Lloyds Register","-","-","2024-07-03T00:00:00","-","2024-07-05T00:00:00","-","-","-","PT Waruna Nusa Sentana","Indonesia","PT Tanker Total Pasifik","Indonesia","ID TUBAN","-","A","25 Apr 2026 10:15:05 GMT","21 Apr 2026 04:00:00 GMT","PT Waruna Nusa Sentana","Indonesia","6° 42' 47"" S","111° 53' 22"" E"
"Danube","product tanker","Onishi","Shin Kurushima Dockyard Company Limited","337691","Live","Guinea",11637,"MR 2, 35'-45'dwt",44993,"Double Hull","3X2136",28144,"5155","179.90","172.00","32.20","32.20","11.80","6.90","B&W Diesel A/S","-","-","Unknown Owners","-","Unknown Owners","-","Unknown Owners","-","-","-","-","-","9267948","632001164","18.70",2003,"-","-","-","-","MAN Energy Solutions SE",9466,12870,"6S50MC-C","Hydor AS","-","-","-","-","-","2008-01-22T00:00:00","-","-","-","-","-","Unknown Owners","-","KAZ FOR ORDERS","-","A","14 Apr 2026 13:42:33 GMT","17 Apr 2026 22:30:00 GMT","Unknown Owners","-","25° 0' 42"" N","58° 5' 53"" E"
"Hua Hai 6","product tanker","Guangzhou","CSSC Offshore & Marine Engineering Group Company Limited","339572","Live","China",10793,"MR 2, 35'-45'dwt",40560,"Double Hull","BPRM",26262,"9130011","187.80","178.00","31.50","30.50","11.30","5.72","B&W Diesel A/S","Shanghai","-","China COSCO Shipping Corporation Limited (China Cosco Shipping Group) (COSCO Shipping) (COSCOCS)","People's Republic of China","COSCO Shipping Energy Transportation Company Limited (CSET)","People's Republic of China","Hua Hai Petroleum Transport & Marketing Company Limited","People's Republic of China","-","-","-","-","9270294","413293540","17.00",2002,"-","-","-","-","Dalian Marine Diesel Company Limited",8580,11640,"5S50MC","China Shipowners Mutual Assurance Association","China Classification","-","-","-","-","2017-06-12T00:00:00","-","-","-","Hua Hai Petroleum Transport & Marketing Company Limited","People's Republic of China","Hua Hai Petroleum Transport & Marketing Company Limited","People's Republic of China","GUI SHAN","-","A","25 Apr 2026 10:14:21 GMT","24 Apr 2026 22:05:00 GMT","COSCO Shipping Energy Transportation Company Limited (CSET)","People's Republic of China","21° 57' 58"" N","113° 57' 43"" E"
"Anwaar Afriqya","product tanker","Dalian","Dalian Shipyard Industrial Development General Corporation","340647","Live","Libya",9503,"MR 1, 25'-35'dwt",34656,"Double Hull","5AMU",22184,"PC350-4","171.20","163.00","27.40","27.40","9.75","7.55","B&W Diesel A/S","-","-","Government of Libya","State of Libya","General National Maritime Transport Company (GNMTC)","State of Libya","Libyan Product Carrier Limited","Isle of Man","National Oil Corporation (NOC)","State of Libya","-","-","9275268","642167061","17.30",2004,"-","Alfa Laval Aalborg A/S","Unknown","Unknown","B&W Diesel A/S",7150,8263,"5S50MC","West of England Mutual Shipowners Protection & Indemnity Association (Luxemburg)","Lloyds Register","-","-","2024-11-15T00:00:00","-","2024-09-10T00:00:00","-","-","-","General National Maritime Transport Company (GNMTC)","State of Libya","General National Maritime Transport Company (GNMTC)","State of Libya","TR- MER","-","A","25 Apr 2026 10:16:08 GMT","24 Apr 2026 03:30:00 GMT","General National Maritime Transport Company (GNMTC)","State of Libya","36° 46' 38"" N","34° 41' 26"" E"
"Siya Ram","product tanker","Dalian","Dalian Shipyard Industrial Development General Corporation","340649","Live","Antigua & Barbuda",9434,"MR 1, 25'-35'dwt",34656,"Double Hull","V2YM6",22184,"CP350-3","171.20","162.00","27.40","27.39","11.82","5.48","B&W Diesel A/S","St. John's","-","Unknown Owners","-","Unknown Owners","-","HPJ Holdings Limited","Marshall Islands","-","-","-","-","9275256","304857000","17.30",2004,"-","Alfa Laval Aalborg A/S","Unknown","Unknown","B&W Diesel A/S",7150,8263,"5S50MC","West of England Mutual Shipowners Protection & Indemnity Association (Luxemburg)","Bureau Veritas","-","-","2024-08-01T00:00:00","-","2024-12-01T00:00:00","2024-08-01T00:00:00","-","-","Peonies Shipmanagement - FZE","United Arab Emirates","Peonies Shipmanagement - FZE","United Arab Emirates","AQABA/JORDA","-","A","25 Apr 2026 10:01:11 GMT","25 Apr 2026 00:30:00 GMT","Unknown Owners","-","29° 22' 56"" N","34° 57' 47"" E"
"Rose 25","product tanker","Iwagi","Iwagi Shipbuilding Company Limited","340931","Live","Palau",13358,"MR 2, 35'-45'dwt",44998,"Double Hull","T8A5075",28822,"215","179.99","172.00","32.20","32.20","11.02","7.18","B&W Diesel A/S","Malakal Harbor","-","Unknown Owners","-","Unknown Owners","-","Wave Shipmanagement SA","Marshall Islands","-","-","-","-","9275983","511101620","19.05",2003,"-","Misuzu Machinery Company, Limited","Unknown","Unknown","Mitsui Engineering & Shipbuilding Company Limited",9480,12899,"6S50MC-C","Hydor AS","China Classification","Overseas Marine Certification Services","-","2018-08-12T00:00:00","-","2018-08-12T00:00:00","-","-","-","Star Capital Shipping Services LLP","India","Star Capital Shipping Services LLP","India","SHARJAH, UAE","-","A","25 Apr 2026 10:18:02 GMT","26 Apr 2026 04:00:00 GMT","Unknown Owners","-","26° 14' 5"" N","54° 19' 40"" E"
"Mocha","product tanker","Onishi","Shin Kurushima Dockyard Company Limited","344144","Live","Cameroon",11043,"MR 2, 35'-45'dwt",38875,"Double Hull","TJMOW7",25530,"5230","179.90","172.00","32.20","32.20","10.90","7.80","Mitsubishi Heavy Industries Limited","-","-","Unknown Owners","-","Unknown Owners","-","Virgo Shipowner Incorporated","Liberia","-","-","-","-","9271951","613271309","18.70",2004,"-","-","-","-","Mitsubishi Heavy Industries Limited",7986,12600,"6UEC60LA","-","Overseas Marine Certification Services","-","-","-","-","2014-07-24T00:00:00","-","-","-","Oceanic Steamships Limited","Hong Kong, S.A.R., China","Oceanic Steamships Limited","Hong Kong, S.A.R., China","-","-","A","25 Apr 2026 09:52:35 GMT","-","Unknown Owners","-","45° 17' 14"" N","36° 58' 24"" E"
"Kirana Dwitya","product tanker","Setoda","Naikai Zosen Shipbuilding Corporation","344238","Live","Indonesia",5044,"General Purpose, 10'-25'dwt",18773,"Double Hull","JZGQ",13350,"681","160.00","152.85","27.90","27.90","7.02","4.18","B&W Diesel A/S","Jakarta","-","PT SMU Transliner","Indonesia","PT SMU Transliner","Indonesia","PT SMU Transliner","Indonesia","-","-","-","-","9279666","525023188","11.20",2004,"-","-","-","-","Hitachi Zosen Corporation",4900,6662,"7S35MC","-","Nippon Kaiji Kyokai","-","-","2019-02-09T00:00:00","-","2019-02-09T00:00:00","-","-","-","Thome Ship Management Private Limited","Republic of Singapore","Thome Ship Management Private Limited","Republic of Singapore","ID MERAK","-","A","25 Apr 2026 10:18:52 GMT","24 Apr 2026 23:00:00 GMT","PT SMU Transliner","Indonesia","5° 53' 1"" S","105° 59' 60"" E"
"Kirana Tritya","product tanker","Setoda","Naikai Zosen Shipbuilding Corporation","344239","Live","Indonesia",5066,"General Purpose, 10'-25'dwt",18774,"Double Hull","YCMA2",13310,"682","160.00","152.00","27.90","27.90","7.02","4.18","B&W Diesel A/S","Jakarta","-","P.T. Sillo Maritime Perdana","Republic of Singapore","PT. Aerosea Nirwana Indonesia","Indonesia","PT. Aerosea Nirwana Indonesia","Indonesia","P.T. Suasa Benua Sukses","Indonesia","-","-","9279678","525119099","11.20",2004,"-","-","-","-","Imex Company Limited",4900,6009,"7S35MC","-","Nippon Kaiji Kyokai","-","-","2019-02-28T00:00:00","-","2019-02-28T00:00:00","-","-","-","Thome Ship Management Private Limited","Republic of Singapore","Thome Ship Management Private Limited","Republic of Singapore","ID PLAJU","-","A","25 Apr 2026 10:16:34 GMT","24 Apr 2026 13:00:00 GMT","PT. Aerosea Nirwana Indonesia","Indonesia","2° 59' 27"" S","104° 49' 55"" E"
"Griya Cirebon","product tanker","Iwagi","Iwagi Shipbuilding Company Limited","344669","Live","Indonesia",12952,"MR 2, 35'-45'dwt",44995,"Double Hull","YBNG2",28828,"220","179.99","172.00","-","32.20","11.91","7.14","B&W Diesel A/S","Jakarta","-","P.T. Humpuss Intermoda Transportasi Tbk","Indonesia","PT Humpuss Maritim International","Indonesia","PT Hutama Trans Kencana","Indonesia","-","-","-","-","9279587","525100126","19.05",2003,"-","-","-","-","Hitachi Zosen Corporation",9480,12889,"6S50MC-C","-","Biro Klasifikasi Indonesia","RINA Services S.p.A.","-","-","-","2013-11-14T00:00:00","-","-","-","PT Synergy Marine Indonesia","Indonesia","PT Synergy Marine Indonesia","Indonesia","BALIKPAPAN ID","-","A","25 Apr 2026 10:13:52 GMT","10 May 2026 01:30:00 GMT","PT Humpuss Maritim International","Indonesia","1° 18' 40"" S","116° 59' 12"" E"
"Monjasa Rover","product tanker","Shanghai","Shanghai Edward Shipbuilding Company Limited","345644","Live","Liberia",5553,"General Purpose, 10'-25'dwt",17653,"Double Hull","5LPQ4",11548,"H129","144.00","135.75","21.79","21.50","9.14","3.36","Mak Motoren GmbH & Company KG","Monrovia","-","Monjasa Holding A/S","Denmark","Monjasa DMCC","United Arab Emirates","Monjasa Chartering III DMCC","United Arab Emirates","-","-","-","-","9271884","636023832","12.50",2004,"-","-","-","-","-",6300,8560,"7M43","Assuranceforeningen Skuld","Bureau Veritas","-","-","2024-05-16T00:00:00","2022-08-29T00:00:00","2024-05-01T00:00:00","2024-05-16T00:00:00","-","-","Montec Ship Management DMCC","United Arab Emirates","Montec Ship Management DMCC","United Arab Emirates","TG LFW","Lome","A","25 Apr 2026 10:19:04 GMT","25 Apr 2026 12:00:00 GMT","Monjasa DMCC","United Arab Emirates","5° 50' 5"" N","1° 16' 24"" E"
"Arkos","product tanker","Shanghai","Jiangnan Shipyard (Group) Company Limited","347138","Live","Portugal",4173,"General Purpose, 10'-25'dwt",13700,"Double Hull","CQ2348",8829,"2295","134.71","127.00","20.83","20.79","8.60","2.40","B&W Diesel A/S","-","-","-","-","MGJ Carriers Maritime SA","Greece","Plutonas Marine SA","Liberia","-","-","-","-","9286827","255915890","11.00",2004,"-","-","-","-","Hudong Heavy Machinery Company Limited",5300,8810,"6S42MC","Swedish Club (Sverige Angfartygs Assurans Forening)","DNV","-","-","-","-","2014-04-19T00:00:00","-","-","-","MGJ Carriers Maritime SA","Greece","MGJ Carriers Maritime SA","Greece","GEPTI","-","A","25 Apr 2026 10:13:28 GMT","27 Apr 2026 12:00:00 GMT","MGJ Carriers Maritime SA","Greece","42° 20' 14"" N","31° 8' 6"" E"
"Dorin","product tanker","Ulsan","HD Hyundai Mipo Company Limited","348045","Live","Cameroon",10195,"MR 2, 35'-45'dwt",37252,"Double Hull","TJMA63",23298,"327","182.55","175.00","-","27.38","11.20","6.01","B&W Diesel A/S","-","-","Unknown Owners","-","Unknown Owners","-","Venkateswara Maritime Incorporated","Seychelles","-","-","-","-","9290828","613414203","16.70",2005,"-","-","-","-","HD Hyundai Heavy Industries Company Limited",9460,12853,"6S50MC-C","-","-","-","-","2020-11-02T00:00:00","2018-02-16T00:00:00","2025-03-01T00:00:00","2020-11-02T00:00:00","-","-","Jin Gang Shan Shipmanagement Company Limited","Hong Kong, S.A.R., China","Jin Gang Shan Shipmanagement Company Limited","Hong Kong, S.A.R., China","-","-","A","25 Apr 2026 10:17:04 GMT","-","Unknown Owners","-","31° 37' 31"" N","32° 21' 20"" E"
"Hazar","product tanker","Ulsan","HD Hyundai Mipo Company Limited","348046","Live","Panama",10195,"MR 2, 35'-45'dwt",37270,"Double Hull","3E6098",23298,"328","182.55","175.00","27.40","27.34","11.22","5.52","B&W Diesel A/S","Panama","-","Besiktas Group of Companies","Turkiye","Besiktas Likid Tasimacilik Denizcilik Ticaret A.S.","Turkiye","Hazar Shipping Limited","Liberia","Besiktas Denizcilik ve Tasimacilik Sanayi ve Ticaret A.S.","Turkiye","-","-","9290830","352003849","16.70",2005,"-","KangRim Industries Company Limited","Unknown","Unknown","HD Hyundai Heavy Industries Company Limited",9480,10940,"6S50MC-C","West of England Mutual Shipowners Protection & Indemnity Association (Luxemburg)","RINA Services S.p.A.","-","-","2020-07-11T00:00:00","-","2020-08-27T00:00:00","-","-","-","Besiktas Likid Tasimacilik Denizcilik Ticaret A.S.","Turkiye","Besiktas Likid Tasimacilik Denizcilik Ticaret A.S.","Turkiye","LYTIP","-","A","25 Apr 2026 10:18:24 GMT","21 Apr 2026 03:00:00 GMT","Besiktas Likid Tasimacilik Denizcilik Ticaret A.S.","Turkiye","32° 54' 12"" N","13° 11' 22"" E"
"Fortune","product tanker","Ulsan","HD Hyundai Mipo Company Limited","348953","Live","Iran",8277,"MR 2, 35'-45'dwt",35155,"Double Hull","9BAC",25214,"H0225","175.95","168.00","-","31.00","10.04","6.96","B&W Diesel A/S","Bushire","-","Ministry of Petroleum of the Islamic Republic of Iran","Iran","National Iranian Tanker Company (N.I.T.C.)","Iran","Worldwide Shipping & Transportation Limited","Belize","-","-","-","-","9283746","422303000","17.00",2004,"-","-","-","-","HMM Company Limited",8680,11640,"6S50MC-C","-","PR (provisional)"," (provisional)"," (provisional)","2019-11-19T00:00:00","-","2019-11-24T00:00:00","-","-","-","National Iranian Tanker Company (N.I.T.C.)","Iran","National Iranian Tanker Company (N.I.T.C.)","Iran","FOR ORDER","-","A","14 Oct 2025 16:44:48 GMT","06 Jan 2026 17:30:00 GMT","National Iranian Tanker Company (N.I.T.C.)","Iran","26° 57' 57"" N","56° 22' 36"" E"
"Faxon","product tanker","Ulsan","HD Hyundai Mipo Company Limited","348955","Live","Iran",8277,"MR 2, 35'-45'dwt",35118,"Double Hull","9BAD",25214,"0225","175.95","168.00","-","31.00","10.04","6.96","B&W Diesel A/S","-","-","Ministry of Petroleum of the Islamic Republic of Iran","Iran","National Iranian Tanker Company (N.I.T.C.)","Iran","Landlord Shipping Limited","Belize","-","-","-","-","9283758","422304000","17.00",2004,"-","-","-","-","HD Hyundai Heavy Industries Company Limited",8680,11640,"6S50MC-C","-","Polski Rejestr Statkow","-","-","2019-10-16T00:00:00","-","2019-10-21T00:00:00","-","-","-","National Iranian Tanker Company (N.I.T.C.)","Iran","National Iranian Tanker Company (N.I.T.C.)","Iran","KHARK","-","A","18 Apr 2026 18:04:41 GMT","21 Apr 2026 04:00:00 GMT","National Iranian Tanker Company (N.I.T.C.)","Iran","26° 21' 34"" N","55° 28' 24"" E"
"YM Jupiter","product tanker","Yarimca","Marmara Transport Shipbuilding & Construction Incorporated","349436","Live","Malta",5261,"General Purpose, 10'-25'dwt",15995,"Double Hull","9HTF8",10917,"69","148.00","139.45","-","21.60","8.60","2.70","Mak Motoren GmbH & Company KG","Valletta","-","Yildirim Holding AS (Yildirim Group)","Turkiye","Solar Chartering Limited","Turkiye","YM Jupiter Tankers Limited","Malta","-","-","-","-","9291597","256398000","11.30",2007,"-","-","-","-","Caterpillar Motoren GmbH & Company KG",5400,7337,"6M43","Assuranceforeningen Gard","Bureau Veritas","-","-","2024-10-08T00:00:00","2024-10-08T00:00:00","2021-09-01T00:00:00","2007-01-18T00:00:00","2026-06-27T00:00:00","2026-06-27T00:00:00","-","-","Solar Chartering Limited","Turkiye","GBLON > BEANR","-","A","25 Apr 2026 10:17:38 GMT","23 Apr 2026 20:00:00 GMT","Solar Chartering Limited","Turkiye","51° 14' 55"" N","4° 22' 22"" E"
"Chira","product tanker","Ulsan","HD Hyundai Mipo Company Limited","349531","Live","Indonesia",10195,"MR 2, 35'-45'dwt",37269,"Double Hull","YDJQ4",23298,"355","182.55","176.08","-","27.38","11.20","6.01","B&W Diesel A/S","Belawan","-","Unknown Owners","-","Unknown Owners","-","Unknown Owners","-","-","-","-","-","9293210","525103022","16.70",2005,"-","KangRim Industries Company Limited","Unknown","Unknown","HD Hyundai Heavy Industries Company Limited",9611,12889,"6S50ME-C","-","Lloyds Register","China Classification","-","2025-11-13T00:00:00","-","2025-12-09T00:00:00","-","-","-","-","-","Unknown Owners","-","-","-","A","25 Apr 2026 10:13:56 GMT","-","Unknown Owners","-","3° 52' 8"" N","98° 46' 42"" E"
"Lucky Lady","product tanker","Ulsan","HD Hyundai Mipo Company Limited","349829","Live","Malta",9118,"MR 2, 35'-45'dwt",37432,"Double Hull","9HA2958",25124,"339","175.97","168.00","31.03","31.00","10.52","6.50","B&W Diesel A/S","Valletta","-","Thanassis Martinos group of companies","Greece","Eastern Mediterranean Maritime Limited (EASTMED)","Greece","Ladies Shipping Limited","Greece","-","-","-","-","9288796","256901000","17.00",2005,"-","Alfa Laval Aalborg A/S","Unknown","Unknown","HD Hyundai Heavy Industries Company Limited",7378,9894,"6S50MC","Britannia Steam Ship Insurance Association Ltd., The","Lloyds Register","-","-","2023-08-04T00:00:00","-","2023-08-06T00:00:00","-","-","-","Eastern Mediterranean Maritime Limited (EASTMED)","Greece","Eastern Mediterranean Maritime Limited (EASTMED)","Greece","-","-","A","25 Apr 2026 10:15:32 GMT","-","Eastern Mediterranean Maritime Limited (EASTMED)","Greece","31° 14' 4"" N","29° 41' 40"" E"
"Duos","product tanker","Tongyeong","ShinaSB Yard Company Limited","349838","Live","Cameroon",10019,"MR 2, 35'-45'dwt",40158,"Double Hull","TJME6",25431,"S439","175.98","168.00","31.00","31.00","11.10","6.11","B&W Diesel A/S","Limbe","-","Unknown Owners","-","Unknown Owners","-","Unknown Owners","-","-","-","-","-","9293959","613902601","17.20",2006,"-","-","-","-","K Shipbuilding Company Limited",11060,13545,"7S50MC-C","-","Nippon Kaiji Kyokai","Russian Register of Ships","-","2018-05-26T00:00:00","2019-04-25T00:00:00","2016-05-29T00:00:00","-","2026-05-31T00:00:00","2026-05-31T00:00:00","-","-","Unknown Owners","-","-","Novorossiysk","A","25 Apr 2026 10:09:07 GMT","-","Unknown Owners","-","44° 15' 17"" N","37° 47' 55"" E"
"Hanuman","product tanker","Dalian","Dalian Shipyard Industrial Development General Corporation","349965","Live","Sierra Leone",7648,"MR 1, 25'-35'dwt",34620,"Double Hull","9LS2204",22184,"PC 350--5","171.22","161.99","-","27.42","11.81","5.49","B&W Diesel A/S","Freetown","-","Unknown Owners","-","Unknown Owners","-","SKHP Logistics Limited","Marshall Islands","-","-","-","-","9295048","667002501","17.30",2004,"-","-","-","-","Dalian New Shipbuilding Heavy Industry Company Limited",6115,8200,"5S50MC","West of England Mutual Shipowners Protection & Indemnity Association (Luxemburg)","-","-","-","-","-","2024-06-21T00:00:00","-","-","-","Croma Shipping & Logistics Limited","United Arab Emirates","Croma Shipping & Logistics Limited","United Arab Emirates","-","Novorossiysk","A","17 Apr 2026 16:01:15 GMT","-","Unknown Owners","-","44° 26' 23"" N","37° 58' 13"" E"
"Wildebeest","product tanker","Dalian","Dalian Shipyard Industrial Development General Corporation","349967","Live","Indonesia",9343,"MR 1, 25'-35'dwt",34583,"Double Hull","YDBJ2",22184,"PC350-6","171.25","162.00","-","27.39","11.82","5.47","B&W Diesel A/S","Jakarta","-","PT Buana Lintas Lautan Tbk","Indonesia","PT Buana Lintas Lautan Tbk","Indonesia","PT Naga Sinar Maritim","Indonesia","-","-","-","-","9295050","525121013","17.29",2005,"-","-","-","-","Dalian Marine Diesel Company Limited",6115,8200,"5S50MC","London Steamship Owners Mutual Insurance Association Ltd","NK (provisional)"," (provisional)"," (provisional)","2015-03-07T00:00:00","-","2015-03-08T00:00:00","-","-","-","P.T. Gemilang Bina Lintas Tirta","Indonesia","P.T. Gemilang Bina Lintas Tirta","Indonesia","KR PUS","-","A","25 Apr 2026 10:15:38 GMT","23 Apr 2026 22:00:00 GMT","PT Buana Lintas Lautan Tbk","Indonesia","35° 2' 38"" N","129° 3' 19"" E"
"Xing Chi","product tanker","Guangzhou","CSSC Offshore & Marine Engineering Group Company Limited","350431","Live","China",11381,"MR 2, 35'-45'dwt",42017,"Double Hull","BPCW",26955,"02-13001","187.80","178.00","31.50","31.50","11.30","5.50","B&W Diesel A/S","Shanghai","-","China COSCO Shipping Corporation Limited (China Cosco Shipping Group) (COSCO Shipping) (COSCOCS)","People's Republic of China","COSCO Shipping Energy Transportation Company Limited (CSET)","People's Republic of China","COSCO Shipping Energy Transportation Company Limited (CSET)","People's Republic of China","COSCO Shipping Tanker (Dalian) Company Limited","People's Republic of China","-","-","9283514","413294850","16.80",2004,"-","-","-","-","Dalian Marine Diesel Company Limited",8580,11665,"6S50MC","China Shipowners Mutual Assurance Association","China Classification","-","-","-","-","2019-04-09T00:00:00","-","-","-","COSCO Shipping Energy Transportation Company Limited (CSET)","People's Republic of China","COSCO Shipping Energy Transportation Company Limited (CSET)","People's Republic of China","SHANGHAI WAI0","-","A","25 Apr 2026 10:16:29 GMT","24 Apr 2026 22:36:00 GMT","COSCO Shipping Energy Transportation Company Limited (CSET)","People's Republic of China","31° 22' 59"" N","121° 33' 22"" E"
"Wang Chi","product tanker","Guangzhou","CSSC Offshore & Marine Engineering Group Company Limited","350432","Live","China",11381,"MR 2, 35'-45'dwt",42003,"Double Hull","BPCX",26955,"02130002","187.80","178.00","31.50","31.50","11.30","5.52","B&W Diesel A/S","Shanghai","-","China COSCO Shipping Corporation Limited (China Cosco Shipping Group) (COSCO Shipping) (COSCOCS)","People's Republic of China","COSCO Shipping Energy Transportation Company Limited (CSET)","People's Republic of China","COSCO Shipping Energy Transportation Company Limited (CSET)","People's Republic of China","COSCO Shipping Tanker (Dalian) Company Limited","People's Republic of China","-","-","9283526","413287270","16.80",2004,"-","-","-","-","Dalian Marine Diesel Company Limited",8580,11665,"6S50MC","China Shipowners Mutual Assurance Association","China Classification","-","-","-","-","2019-05-24T00:00:00","-","-","-","COSCO Shipping Energy Transportation Company Limited (CSET)","People's Republic of China","COSCO Shipping Energy Transportation Company Limited (CSET)","People's Republic of China","ZHOUSHAN","Zhoushan Port","A","25 Apr 2026 10:12:35 GMT","26 Apr 2026 22:00:00 GMT","COSCO Shipping Energy Transportation Company Limited (CSET)","People's Republic of China","26° 7' 50"" N","120° 45' 23"" E"
"Seashark","product tanker","Kiel","Lindenau GmbH, Schiffswerft & Maschinenfabrik","350790","Live","Germany",8370,"MR 1, 25'-35'dwt",32302,"Double Hull","DEIG",21329,"S 270","177.78","168.00","28.10","28.00","11.00","5.80","MAN Energy Solutions SE","Bremen","-","German Tanker Shipping GmbH & Company KG","Germany","German Tanker Shipping GmbH & Company KG","Germany","TMS Seashark GmbH & Company KG","Germany","-","-","-","-","9298193","211135000","16.80",2004,"-","-","-","-","MAN Energy Solutions SE",8455,11339,"6L58/64","Assuranceforeningen Skuld","DNV","-","-","-","-","2014-11-10T00:00:00","-","-","-","German Tanker Shipping GmbH & Company KG","Germany","German Tanker Shipping GmbH & Company KG","Germany","GBFAW","Fawley","A","25 Apr 2026 10:18:33 GMT","25 Apr 2026 15:00:00 GMT","German Tanker Shipping GmbH & Company KG","Germany","50° 37' 15"" N","0° 34' 52"" E"
"Bastos I","product tanker","Guangzhou","CSSC Offshore & Marine Engineering Group Company Limited","351152","Live","Brazil",11086,"MR 2, 35'-45'dwt",38471,"Double Hull","PU9821",24048,"2130010","182.86","174.50","-","27.40","9.55","7.25","B&W Diesel A/S","-","-","Navigator Holdings Limited","United Kingdom","Naviera Ultranav Limitada","Chile","Naviera Ultranav Chile Limitada","Chile","-","-","-","-","9299367","710033660","16.80",2005,"-","-","-","-","Dalian Marine Diesel Company Limited",9480,10956,"6S50MC-C","Britannia Steam Ship Insurance Association Ltd., The","Lloyds Register","-","-","2025-07-23T00:00:00","-","2025-07-23T00:00:00","-","-","-","Ultranav Navegacao Limitada","Brazil","Administradora de Naves Humboldt Limitada","Chile","PIER 202","-","A","25 Apr 2026 10:16:30 GMT","24 Apr 2026 05:00:00 GMT","Naviera Ultranav Limitada","Chile","3° 39' 26"" S","38° 25' 33"" W"
"EAN Spir","product tanker","Guangzhou","CSSC Offshore & Marine Engineering Group Company Limited","351176","Live","Comoros",7675,"MR 2, 35'-45'dwt",35187,"Double Hull","D6A8927",22184,"031300001","171.20","162.00","-","27.40","11.95","5.35","B&W Diesel A/S","Moroni","-","Unknown Owners","-","Unknown Owners","-","Unknown Owners","-","-","-","-","-","9298818","620927000","17.30",2003,"-","Alfa Laval Aalborg A/S","Unknown","Unknown","B&W Diesel A/S",6162,8264,"5S50MC","Assuranceforeningen Gard","-","-","-","2020-04-01T00:00:00","-","2020-07-15T00:00:00","-","-","-","-","-","Unknown Owners","-","FOR ORDER","-","A","25 Apr 2026 10:15:11 GMT","26 Apr 2026 16:00:00 GMT","Unknown Owners","-","24° 48' 5"" N","56° 36' 22"" E"
"Feather","product tanker","Guangzhou","CSSC Offshore & Marine Engineering Group Company Limited","351177","Live","India",9677,"MR 2, 35'-45'dwt",35199,"Double Hull","VTEF",22184,"03130002","171.26","162.00","27.44","27.41","11.95","5.35","B&W Diesel A/S","Mumbai","-","Seven Islands Shipping Limited","India","Seven Islands Shipping Limited","India","Seven Islands Shipping Limited","India","-","-","-","-","9298820","419001485","17.30",2004,"-","-","-","-","Dalian Marine Diesel Company Limited",7150,8264,"5S50MC","West of England Mutual Shipowners Protection & Indemnity Association (Luxemburg)","Indian Register","-","-","2014-11-07T00:00:00","-","2019-11-08T00:00:00","-","-","-","Seven Islands Shipping Limited","India","Seven Islands Shipping Limited","India","MUMBAI","Mumbai (ex Bombay)","A","25 Apr 2026 10:19:06 GMT","25 Apr 2026 13:00:00 GMT","Seven Islands Shipping Limited","India","18° 48' 20"" N","72° 34' 36"" E"
"Gijon Knutsen","product tanker","Kerch","JSC Zaliv Shipyard","352227","Live","Denmark (Int. Register)",11276,"MR 2, 35'-45'dwt",38150,"Double Hull","OYOR2",24242,"610","183.20","174.00","27.44","27.40","11.50","5.40","B&W Diesel A/S","Copenhagen","-","TS Shipping Invest AS","Norway","Knutsen OAS Shipping AS","Norway","Knutsen Shuttle Tankers 3 AS","Norway","-","-","-","-","9313527","219309000","16.90",2006,"-","-","-","-","MAN Diesel AS",8680,11640,"6S50MC","Assuranceforeningen Skuld","DNV","-","-","-","-","2013-09-12T00:00:00","-","-","-","KNOT Management AS","Norway","KNOT Management AS","Norway","NL SCE","-","A","25 Apr 2026 10:15:58 GMT","23 Apr 2026 01:00:00 GMT","Knutsen OAS Shipping AS","Norway","52° 10' 54"" N","4° 12' 46"" E"
"Fairway","product tanker","Guangzhou","CSSC Offshore & Marine Engineering Group Company Limited","352768","Live","India",9677,"MR 2, 35'-45'dwt",35190,"Double Hull","VTNM",22184,"03130004","171.26","162.00","27.44","27.42","11.97","5.36","B&W Diesel A/S","Mumbai","-","Seven Islands Shipping Limited","India","Seven Islands Shipping Limited","India","Seven Islands Shipping Limited","India","-","-","-","-","9306938","419001699","17.30",2005,"-","Alfa Laval Aalborg A/S","Unknown","Unknown","Dalian Marine Diesel Company Limited",7150,9721,"5S50MC","West of England Mutual Shipowners Protection & Indemnity Association (Luxemburg)","Indian Register","-","-","2019-11-25T00:00:00","-","2019-12-01T00:00:00","-","-","-","Seven Islands Shipping Limited","India","Seven Islands Shipping Limited","India","HALDIA","-","A","25 Apr 2026 10:15:27 GMT","24 Apr 2026 05:30:00 GMT","Seven Islands Shipping Limited","India","21° 2' 56"" N","87° 55' 45"" E"
"Ruby Dragon","product tanker","Guangzhou","CSSC Offshore & Marine Engineering Group Company Limited","352769","Live","Indonesia",9899,"MR 2, 35'-45'dwt",35191,"Double Hull","YDVK3",22188,"3130005","171.13","162.00","-","27.43","11.95","5.35","B&W Diesel A/S","-","-","Waruna Group","Indonesia","PT Waruna Nusa Sentana","Indonesia","PT Global Maritim Industri","Indonesia","-","-","-","-","9306940","525103014","17.30",2005,"-","Alfa Laval Aalborg A/S","Unknown","Unknown","Dalian Marine Diesel Company Limited",7150,9721,"5S50MC","Swedish Club (Sverige Angfartygs Assurans Forening)","Lloyds Register","-","-","2025-01-14T00:00:00","-","2025-01-31T00:00:00","-","-","-","PT Waruna Nusa Sentana","Indonesia","PT Waruna Nusa Sentana","Indonesia","CILACAP_ID","-","A","25 Apr 2026 10:15:32 GMT","21 Apr 2026 18:30:00 GMT","PT Waruna Nusa Sentana","Indonesia","7° 46' 7"" S","109° 4' 52"" E"
"Global Angel","product tanker","Fu'an","PLA 4807 Shipyard","354662","Live","Unknown",3910,"General Purpose, 10'-25'dwt",10000,"Double Hull","-",6983,"4807","133.32","132.52","19.52","19.50","6.87","2.92","China Engine Builder","-","-","Glory International FZ-LLC","United Arab Emirates","Glory International FZ-LLC","United Arab Emirates","Global Lady Shipping Lines Incoporation","Panama","-","-","-","-","9311309","-","9.78",2003,"-","-","-","-","Wuxi Shipyard Company Limited",1470,1997,"G8300ZC6BH","-","VN (provisional)"," (provisional)"," (provisional)","2018-07-06T00:00:00","2016-07-12T00:00:00","2018-07-07T00:00:00","2016-07-11T00:00:00","-","-","Glory International FZ-LLC","United Arab Emirates","Glory International FZ-LLC","United Arab Emirates","-","-","A","23 Dec 2025 23:51:10 GMT","-","Glory International FZ-LLC","United Arab Emirates","5° 4' 24"" N","5° 8' 34"" E"
"Metro Maritim VIII","product tanker","Goeje Is.","Nokbong Shipbuilding Company Limited (NBS)","355993","Live","Indonesia",3430,"General Purpose, 10'-25'dwt",10813,"Double Hull","YDEW3",7064,"NBS0398","121.40","113.40","19.20","19.20","8.31","2.51","B&W Diesel A/S","Batam","-","PT Metro Maritim Intitama","Indonesia","PT Metro Maritim Intitama","Indonesia","PT Metro Maritim Intitama","Indonesia","-","-","-","-","9316555","525601219","10.80",2005,"-","-","-","-","STX Engine Company Limited",4519,6060,"6S35MC","-","RINA Services S.p.A.","-","-","2021-01-18T00:00:00","-","2021-01-18T00:00:00","-","-","-","PT Lintas Maritim Indonesia","Indonesia","PT Lintas Maritim Indonesia","Indonesia","BONTANG","Bontang, Kl","A","25 Apr 2026 10:08:32 GMT","26 Apr 2026 01:00:00 GMT","PT Metro Maritim Intitama","Indonesia","1° 53' 34"" S","118° 17' 42"" E"
"Da Chi","product tanker","Guangzhou","CSSC Offshore & Marine Engineering Group Company Limited","356351","Live","China",11381,"MR 2, 35'-45'dwt",42047,"Double Hull","BPCZ",26955,"02-130015","187.80","178.00","31.50","31.50","11.30","5.50","B&W Diesel A/S","Shanghai","-","China COSCO Shipping Corporation Limited (China Cosco Shipping Group) (COSCO Shipping) (COSCOCS)","People's Republic of China","COSCO Shipping Energy Transportation Company Limited (CSET)","People's Republic of China","COSCO Shipping Energy Transportation Company Limited (CSET)","People's Republic of China","COSCO Shipping Tanker (Dalian) Company Limited","People's Republic of China","-","-","9306732","413139000","16.80",2005,"-","-","-","-","Dalian Marine Diesel Company Limited",8580,11665,"6S50MC","China Shipowners Mutual Assurance Association","China Classification","-","-","-","-","2020-09-28T00:00:00","-","-","-","COSCO Shipping Energy Transportation Company Limited (CSET)","People's Republic of China","COSCO Shipping Energy Transportation Company Limited (CSET)","People's Republic of China","DONG YING","-","A","25 Apr 2026 10:16:41 GMT","25 Apr 2026 02:24:00 GMT","COSCO Shipping Energy Transportation Company Limited (CSET)","People's Republic of China","38° 8' 16"" N","119° 2' 38"" E"
"Teng Chi","product tanker","Guangzhou","CSSC Offshore & Marine Engineering Group Company Limited","356352","Live","China",11381,"MR 2, 35'-45'dwt",42047,"Double Hull","BPCY",26955,"02-140014","187.80","178.00","-","31.50","11.30","5.50","B&W Diesel A/S","Shanghai","-","China COSCO Shipping Corporation Limited (China Cosco Shipping Group) (COSCO Shipping) (COSCOCS)","People's Republic of China","COSCO Shipping Energy Transportation Company Limited (CSET)","People's Republic of China","COSCO Shipping Energy Transportation Company Limited (CSET)","People's Republic of China","COSCO Shipping Tanker (Dalian) Company Limited","People's Republic of China","-","-","9306720","413389720","16.80",2005,"-","-","-","-","Dalian Marine Diesel Company Limited",8580,11665,"6S50MC","China Shipowners Mutual Assurance Association","China Classification","-","-","-","-","2019-12-03T00:00:00","-","-","-","COSCO Shipping Energy Transportation Company Limited (CSET)","People's Republic of China","COSCO Shipping Energy Transportation Company Limited (CSET)","People's Republic of China","SZ CHANG","Suizhong","A","25 Apr 2026 10:08:13 GMT","27 Apr 2026 07:00:00 GMT","COSCO Shipping Energy Transportation Company Limited (CSET)","People's Republic of China","33° 25' 37"" N","123° 20' 8"" E"
"Chiron 5","product tanker","Dalian","Dalian New Shipbuilding Heavy Industry Company Limited","356356","Live","Comoros",9440,"MR 1, 25'-35'dwt",34603,"Double Hull","D6A2827",22184,"PC350-7","171.22","161.97","27.45","27.44","9.75","5.41","B&W Diesel A/S","Moroni","-","Unknown Owners","-","Unknown Owners","-","Trade Bridge Global Incorporated","Marshall Islands","-","-","-","-","9306665","620827000","17.29",2005,"-","-","-","-","Dalian Marine Diesel Company Limited",7150,8264,"5S50MC","-","-","-","-","2018-11-06T00:00:00","-","2015-11-29T00:00:00","-","-","-","Eternal Ship Management Private Limited","India","Eternal Ship Management Private Limited","India","MUSCAT","-","A","13 Feb 2026 11:46:15 GMT","13 Feb 2026 23:00:00 GMT","Unknown Owners","-","25° 12' 18"" N","57° 29' 1"" E"
"Sloman Thetis","product tanker","Dalian","Dalian Shipyard Industrial Development General Corporation","356357","Live","Antigua & Barbuda",9434,"MR 1, 25'-35'dwt",34645,"Double Hull","V2HJ9",22184,"PC350-10","171.20","162.00","27.40","27.39","11.80","5.50","B&W Diesel A/S","St. John's","-","Sloman Neptun Schiffahrts-Aktiengesellschaft","Germany","Sloman Neptun Schiffahrts-Aktiengesellschaft","Germany","mt 'Sloman Thetis' Schiffahrtsgesellschaft mbH & Company KG","Germany","Handytankers K/S","Denmark","-","-","9306653","305496000","17.30",2006,"-","Alfa Laval Aalborg A/S","Unknown","Unknown","Dalian Marine Diesel Company Limited",7134,9700,"5S50MC","Assuranceforeningen Gard","DNV","Korean Register","-","2019-12-06T00:00:00","-","2016-12-22T00:00:00","-","-","-","Sloman Neptun Schiffahrts-Aktiengesellschaft","Germany","Sloman Neptun Schiffahrts-Aktiengesellschaft","Germany","SGSIN >MY LGI","-","A","25 Apr 2026 10:17:53 GMT","25 Apr 2026 11:00:00 GMT","Sloman Neptun Schiffahrts-Aktiengesellschaft","Germany","2° 11' 45"" N","102° 2' 22"" E"
"VS Leia","product tanker","Guangzhou","CSSC Offshore & Marine Engineering Group Company Limited","356393","Live","Isle of Man",11085,"MR 2, 35'-45'dwt",38461,"Double Hull","MEIE8",24048,"2130013","182.78","176.00","27.43","27.38","11.60","5.21","B&W Diesel A/S","Douglas","-","Valloeby Shipholding Limited","Malta","Valloeby Shipping Limited","Malta","Valloeby Leia Limited - IOM","Isle of Man","Hafnia Handy Pool Management ApS","Denmark","-","-","9303730","232019341","16.81",2006,"-","-","-","-","Dalian Marine Diesel Company Limited",9480,12889,"6S46MC-C","Assuranceforeningen Gard","Lloyds Register","-","-","2024-07-29T00:00:00","-","2021-08-18T00:00:00","-","-","-","V. Ships (Germany) GmbH","Germany","V. Ships (Germany) GmbH","Germany","-","-","A","25 Apr 2026 10:17:44 GMT","-","Valloeby Shipping Limited","Malta","1° 5' 30"" N","103° 53' 19"" E"
"Chrysopigi","product tanker","Guangzhou","CSSC Offshore & Marine Engineering Group Company Limited","356395","Live","Malta",11102,"MR 2, 35'-45'dwt",38554,"Double Hull","9HA4454",24048,"2130012","182.78","176.21","27.43","27.38","16.80","0.01","B&W Diesel A/S","Valletta","-","Unknown Owners","-","Unknown Owners","-","Teal Seaways Limited","Liberia","-","-","-","-","9303728","249971000","16.81",2006,"-","-","-","-","-",9480,10563,"6S46MC-C","-","Lloyds Register","-","-","2023-10-16T00:00:00","-","2020-10-17T00:00:00","-","-","-","An Tankers Limited","Greece","An Tankers Limited","Greece","-","-","A","25 Apr 2026 04:26:20 GMT","-","Unknown Owners","-","3° 46' 55"" N","98° 42' 7"" E"
"Chara","product tanker","Guangzhou","CSSC Offshore & Marine Engineering Group Company Limited","356458","Live","Marshall Islands",11098,"MR 2, 35'-45'dwt",38492,"Double Hull","V7B2970",24048,"3130017","182.86","176.20","27.40","27.40","11.60","5.20","B&W Diesel A/S","Majuro","-","Valloeby Shipholding Limited","Malta","Valloeby Shipping Limited","Malta","Valloeby Lisbeth Limited","Isle of Man","Hafnia Handy Pool Management ApS","Denmark","-","-","9309978","538012518","16.80",2006,"-","-","-","-","Dalian Marine Diesel Company Limited",9480,10955,"6S50MC-C","Assuranceforeningen Gard","Lloyds Register","-","-","2024-12-05T00:00:00","-","2021-12-21T00:00:00","-","-","-","V. Ships (Germany) GmbH","Germany","V. Ships (Germany) GmbH","Germany","GB GYS","-","A","25 Apr 2026 10:15:33 GMT","24 Apr 2026 18:00:00 GMT","Valloeby Shipping Limited","Malta","51° 28' 17"" N","0° 18' 10"" E"
"Merengue","product tanker","Guangzhou","CSSC Offshore & Marine Engineering Group Company Limited","356463","Live","Liberia",11089,"MR 2, 35'-45'dwt",38431,"Double Hull","5LAH2",24048,"3130018","182.85","174.52","27.43","27.40","16.80","0.01","B&W Diesel A/S","Monrovia","-","Spring Marine Group","Greece","Spring Marine Management S.A.","Greece","Merengue Shipping Company","Marshall Islands","-","-","-","-","9309980","636022648","16.81",2007,"Retrofit","Unknown Scrubber Manufacturer","Unknown","Unknown","Hudong Heavy Machinery Company Limited",9480,10955,"6S46MC-C","Assuranceforeningen Gard","Lloyds Register","-","-","2025-08-17T00:00:00","-","2022-08-23T00:00:00","-","-","-","Spring Marine Management S.A.","Greece","Spring Marine Management S.A.","Greece","ESALG","-","A","25 Apr 2026 10:17:14 GMT","22 Apr 2026 06:00:00 GMT","Spring Marine Management S.A.","Greece","36° 9' 15"" N","5° 2' 60"" W"
"Shatt Al Arab","product tanker","Tongyeong","21st Century Shipbuilding Company Limited","357374","Live","Iraq",4117,"General Purpose, 10'-25'dwt",13050,"Double Hull","HNSA",8539,"CSN209","128.60","120.40","20.40","20.40","8.70","2.81","B&W Diesel A/S","Basrah","-","Government of Iraq","Iraq","Iraqi Oil Tankers Company","Iraq","Iraqi Oil Tankers Company","Iraq","-","-","-","-","9322140","425000003","11.50",2006,"-","-","-","-","STX Engine Company Limited",4440,6033,"6S35MC-MK7","West of England Mutual Shipowners Protection & Indemnity Association (Luxemburg)","DNV","-","-","2020-01-29T00:00:00","2019-05-28T00:00:00","2021-01-01T00:00:00","2020-01-29T00:00:00","-","-","Iraqi Oil Tankers Company","Iraq","Iraqi Oil Tankers Company","Iraq","-","-","A","25 Apr 2026 10:15:21 GMT","-","Iraqi Oil Tankers Company","Iraq","29° 41' 34"" N","48° 39' 52"" E"
"Skansen","product tanker","Shanghai","PLA 4807 Shipyard","357402","Live","Norway (Int. Register)",3950,"General Purpose, 10'-25'dwt",12973,"Double Hull","-",8149,"214","134.85","126.00","22.00","22.00","7.80","2.80","B&W Diesel A/S","-","-","Bryggen Shipping & Trading AS","Norway","Bryggen Shipping & Trading AS","Norway","Bryggen Shipping & Trading AS","Norway","-","-","-","-","9321366","-","10.60",2005,"-","-","-","-","Yichang Marine Diesel Engine Plant",4519,6060,"6S35MC","-","-","-","-","-","-","-","-","-","-","-","-","Bryggen Shipping & Trading AS","Norway","-","-","-","-","-","Bryggen Shipping & Trading AS","Norway","-","-"
"Shah Ismayil Khatai","product tanker","Nizhniy Novgorod","Krasnoye Sormovo Shipbuilding","357776","Live","Azerbaijan",3521,"General Purpose, 10'-25'dwt",13470,"Double Hull","4JMW",7833,"3","149.90","143.11","17.30","17.30","7.14","3.36","Wartsila China Limited","Baku","-","Azerbaijan Caspian Shipping Closed Joint Stock Company (ASCO)","Republic of Azerbaijan","Azerbaijan Caspian Shipping Closed Joint Stock Company (ASCO)","Republic of Azerbaijan","Azerbaijan Caspian Shipping Closed Joint Stock Company (ASCO)","Republic of Azerbaijan","-","-","-","-","9284116","423205100","10.50",2005,"-","-","-","-","Wartsila Deutschland GmbH",1620,1971,"9L20","Hydor AS","Russian Register of Ships","-","-","-","-","2015-12-14T00:00:00","-","-","-","Azerbaijan Caspian Shipping Closed Joint Stock Company (ASCO)","Republic of Azerbaijan","Azerbaijan Caspian Shipping Closed Joint Stock Company (ASCO)","Republic of Azerbaijan","-","-","A","25 Apr 2026 06:27:55 GMT","-","Azerbaijan Caspian Shipping Closed Joint Stock Company (ASCO)","Republic of Azerbaijan","43° 2' 18"" N","47° 41' 48"" E"
"Prezident Heydar Aliyev","product tanker","Nizhniy Novgorod","Krasnoye Sormovo Shipbuilding","357780","Live","Azerbaijan",3521,"General Purpose, 10'-25'dwt",13470,"Double Hull","4JMP",7833,"19619/1","149.90","143.11","17.30","17.30","7.14","3.36","Wartsila China Limited","Baku","-","Azerbaijan Caspian Shipping Closed Joint Stock Company (ASCO)","Republic of Azerbaijan","Azerbaijan Caspian Shipping Closed Joint Stock Company (ASCO)","Republic of Azerbaijan","Azerbaijan Caspian Shipping Closed Joint Stock Company (ASCO)","Republic of Azerbaijan","-","-","-","-","9284128","423128100","10.50",2004,"-","-","-","-","Wartsila Deutschland GmbH",1620,4174,"9L20","Hydor AS","Russian Register of Ships","-","-","-","-","2020-09-22T00:00:00","-","-","-","Azerbaijan Caspian Shipping Closed Joint Stock Company (ASCO)","Republic of Azerbaijan","Azerbaijan Caspian Shipping Closed Joint Stock Company (ASCO)","Republic of Azerbaijan","-","-","A","25 Apr 2026 06:10:53 GMT","-","Azerbaijan Caspian Shipping Closed Joint Stock Company (ASCO)","Republic of Azerbaijan","43° 36' 9"" N","51° 12' 52"" E"
"Babek","product tanker","Nizhniy Novgorod","Krasnoye Sormovo Shipbuilding","357786","Live","Azerbaijan",3521,"General Purpose, 10'-25'dwt",13470,"Double Hull","4JMR",7853,"2","149.90","143.11","17.30","17.30","7.14","3.36","Wartsila China Limited","Baku","-","Azerbaijan Caspian Shipping Closed Joint Stock Company (ASCO)","Republic of Azerbaijan","Azerbaijan Caspian Shipping Closed Joint Stock Company (ASCO)","Republic of Azerbaijan","Azerbaijan Caspian Shipping Closed Joint Stock Company (ASCO)","Republic of Azerbaijan","-","-","-","-","9284130","423155100","10.50",2004,"-","-","-","-","Wartsila Deutschland GmbH",1620,1971,"9L20","Hydor AS","Russian Register of Ships","-","-","-","-","2015-03-19T00:00:00","-","-","-","Azerbaijan Caspian Shipping Closed Joint Stock Company (ASCO)","Republic of Azerbaijan","Azerbaijan Caspian Shipping Closed Joint Stock Company (ASCO)","Republic of Azerbaijan","-","-","A","29 Jan 2026 01:15:29 GMT","-","Azerbaijan Caspian Shipping Closed Joint Stock Company (ASCO)","Republic of Azerbaijan","40° 12' 12"" N","50° 32' 6"" E"
"Seasprat","product tanker","Kiel","Lindenau GmbH, Schiffswerft & Maschinenfabrik","357870","Live","Germany",10304,"MR 2, 35'-45'dwt",40598,"Double Hull","DDSJ",26548,"S 274","188.18","179.50","32.20","32.20","11.00","6.05","MAN Energy Solutions SE","Bremen","-","German Tanker Shipping GmbH & Company KG","Germany","German Tanker Shipping GmbH & Company KG","Germany","TMS Seasprat GmbH & Company KG","Germany","-","-","-","-","9380477","218057000","17.05",2007,"-","-","-","-","MAN Energy Solutions SE",11200,11338,"8L58/64CD","Assuranceforeningen Skuld","DNV","-","-","-","-","2017-04-06T00:00:00","-","-","-","German Tanker Shipping GmbH & Company KG","Germany","German Tanker Shipping GmbH & Company KG","Germany","SANTA PANAGIA","-","A","25 Apr 2026 10:15:10 GMT","23 Apr 2026 08:00:00 GMT","German Tanker Shipping GmbH & Company KG","Germany","37° 7' 59"" N","15° 15' 38"" E"
"Fei Chi","product tanker","Guangzhou","CSSC Offshore & Marine Engineering Group Company Limited","357910","Live","Hong Kong, S.A.R., China",11381,"MR 2, 35'-45'dwt",42036,"Double Hull","VRBO3",26967,"04130005","187.80","178.00","31.50","31.50","10.50","5.52","B&W Diesel A/S","Hong Kong","-","China COSCO Shipping Corporation Limited (China Cosco Shipping Group) (COSCO Shipping) (COSCOCS)","People's Republic of China","COSCO Shipping Energy Transportation Company Limited (CSET)","People's Republic of China","Fei Chi Shipping S.A.","Panama","COSCO Shipping Tanker (Dalian) Company Limited","People's Republic of China","-","-","9322449","477089300","16.80",2005,"-","-","-","-","Dalian Marine Diesel Company Limited",8580,11665,"6S50MC","China Shipowners Mutual Assurance Association","China Classification","-","-","-","-","2015-10-26T00:00:00","-","-","-","COSCO Shipping Energy Transportation Company Limited (CSET)","People's Republic of China","COSCO Shipping Energy Transportation Company Limited (CSET)","People's Republic of China","-","-","A","25 Apr 2026 10:15:04 GMT","-","COSCO Shipping Energy Transportation Company Limited (CSET)","People's Republic of China","21° 34' 60"" N","113° 55' 22"" E"
"Yue Chi","product tanker","Guangzhou","CSSC Offshore & Marine Engineering Group Company Limited","357911","Live","Hong Kong, S.A.R., China",11381,"MR 2, 35'-45'dwt",42054,"Double Hull","VRBS2",26967,"04130006","187.80","178.00","31.50","31.50","11.54","5.26","B&W Diesel A/S","Hong Kong","-","China COSCO Shipping Corporation Limited (China Cosco Shipping Group) (COSCO Shipping) (COSCOCS)","People's Republic of China","COSCO Shipping Energy Transportation Company Limited (CSET)","People's Republic of China","Yue Chi Shipping S.A.","People's Republic of China","-","-","-","-","9322451","477105700","16.80",2006,"-","-","-","-","Dalian Marine Diesel Company Limited",8580,11665,"6S50MC","NorthStandard","China Classification","-","-","-","-","2021-04-12T00:00:00","-","-","-","COSCO Shipping Energy Transportation Company Limited (CSET)","People's Republic of China","COSCO Shipping Energy Transportation Company Limited (CSET)","People's Republic of China","GUANG ZHOU OPL","Guangzhou","A","25 Apr 2026 10:11:13 GMT","23 Jun 2026 12:00:00 GMT","COSCO Shipping Energy Transportation Company Limited (CSET)","People's Republic of China","21° 32' 56"" N","113° 45' 57"" E"
"Astana","product tanker","Vyborg","Vyborg Shipyard JSC","357944","Live","Kazakhstan",3517,"General Purpose, 10'-25'dwt",12368,"Double Hull","UNJL",7224,"210","149.35","143.15","17.33","17.33","7.00","3.10","B&W Diesel A/S","Aktau","-","National Company KazMunayGas JSC","Republic of Kazakhstan","""NMSC"" ""Kazmortransflot"" LLP","Republic of Kazakhstan","""NMSC"" ""Kazmortransflot"" LLP","Republic of Kazakhstan","-","-","-","-","9323091","436000393","10.10",2005,"-","-","-","-","Bryansk Engineering Work",2301,3128,"6S26MC","West of England Mutual Shipowners Protection & Indemnity Association (Luxemburg)","Bureau Veritas","-","-","2025-07-10T00:00:00","-","2025-07-01T00:00:00","-","-","-","""NMSC"" ""Kazmortransflot"" LLP","Republic of Kazakhstan","""NMSC"" ""Kazmortransflot"" LLP","Republic of Kazakhstan","-","-","A","25 Apr 2026 03:06:04 GMT","-","""NMSC"" ""Kazmortransflot"" LLP","Republic of Kazakhstan","40° 12' 1"" N","49° 46' 44"" E"
"Almaty","product tanker","Vyborg","Vyborg Shipyard JSC","357945","Live","Kazakhstan",3514,"General Purpose, 10'-25'dwt",12368,"Double Hull","UOF",7224,"211","149.35","142.79","17.33","17.33","7.00","3.10","B&W Diesel A/S","Aktau","-","National Company KazMunayGas JSC","Republic of Kazakhstan","""NMSC"" ""Kazmortransflot"" LLP","Republic of Kazakhstan","""NMSC"" ""Kazmortransflot"" LLP","Republic of Kazakhstan","-","-","-","-","9323106","436000032","10.10",2005,"-","-","-","-","Bryansk Engineering Work",2301,3128,"6S26MC","West of England Mutual Shipowners Protection & Indemnity Association (Luxemburg)","Bureau Veritas","-","-","2025-09-11T00:00:00","-","2025-09-01T00:00:00","-","-","-","""NMSC"" ""Kazmortransflot"" LLP","Republic of Kazakhstan","""NMSC"" ""Kazmortransflot"" LLP","Republic of Kazakhstan","BAKU=>AKTAU","-","A","16 Sep 2025 23:04:40 GMT","18 Sep 2025 01:30:00 GMT","""NMSC"" ""Kazmortransflot"" LLP","Republic of Kazakhstan","40° 35' 14"" N","50° 46' 11"" E"
"Kazakhstan","product tanker","Vyborg","Vyborg Shipyard JSC","357947","Live","Kazakhstan",2167,"General Purpose, 10'-25'dwt",12365,"Double Hull","UOH",7224,"212","149.35","149.35","17.33","17.33","7.00","3.11","Wartsila Corporation","Aktau","-","Unknown Owners","-","Unknown Owners","-","Mobilex KZ LLP","Republic of Kazakhstan","-","-","-","-","9323118","436000034","10.10",2005,"-","-","-","-","-",1824,2480,"8L26A","West of England Mutual Shipowners Protection & Indemnity Association (Luxemburg)","Bureau Veritas","-","-","-","-","2024-11-01T00:00:00","-","-","-","Caspiy Shipping LLC","Republic of Kazakhstan","Caspiy Shipping LLC","Republic of Kazakhstan","-","-","A","22 Apr 2026 11:52:53 GMT","-","Unknown Owners","-","40° 10' 54"" N","49° 36' 47"" E"
"Great Ocean","product tanker","Haiphong","Bach Dang Shipbuilding Industry Corporation","358238","Live","Vietnam",4616,"General Purpose, 10'-25'dwt",13886,"Double Hull","3WME",8753,"T209","145.30","136.60","20.80","20.80","8.45","2.76","B&W Diesel A/S","Haiphong","-","Seagull Marine Petroleum Corporation","Vietnam","Seagull Marine Petroleum Corporation","Vietnam","Seagull Marine Petroleum Corporation","Vietnam","-","-","-","-","9306536","574379000","11.20",2007,"-","-","-","-","STX Engine Company Limited",5180,7000,"7S35MC","West of England Mutual Shipowners Protection & Indemnity Association (Luxemburg)","Nippon Kaiji Kyokai","Vietnam","-","2020-05-25T00:00:00","-","2017-05-02T00:00:00","-","-","-","Seagull Marine Petroleum Corporation","Vietnam","Seagull Marine Petroleum Corporation","Vietnam","SUBIC PHILIPPINE","Subic Bay","A","25 Apr 2026 10:17:14 GMT","29 Apr 2026 14:00:00 GMT","Seagull Marine Petroleum Corporation","Vietnam","4° 14' 55"" N","106° 4' 39"" E"
"Iver Ability","product tanker","Istanbul","Yardimci Tersanesi A.S.","359698","Live","Gibraltar",2824,"General Purpose, 10'-25'dwt",12496,"Double Hull","ZDPD8",9416,"40","129.00","123.90","22.00","22.00","8.20","4.50","Mak Motoren GmbH & Company KG","Gibraltar","-","Vroon Group B.V.","Netherlands","Iver Ships B.V.","Netherlands","HB Tankship IX B.V.","Netherlands","-","-","-","-","9327504","236662000","12.70",2006,"-","-","-","-","Caterpillar Motoren Rostock GmbH",5400,6240,"6M43","Steamship Mutual Underwriting Association (Bermuda) Ltd","Lloyds Register","-","-","2026-02-24T00:00:00","-","2026-03-03T00:00:00","-","-","-","Iver Ships B.V.","Netherlands","Iver Ships B.V.","Netherlands","USCRP","-","A","25 Apr 2026 10:13:37 GMT","13 May 2026 00:01:00 GMT","Iver Ships B.V.","Netherlands","42° 52' 35"" N","25° 25' 3"" W"
"Fastron","product tanker","Surabaya","P.T. PAL Indonesia (PERSERO)","361209","Live","Indonesia",7829,"MR 1, 25'-35'dwt",30770,"Double Hull","YDZH",22481,"M000208","180.00","173.00","30.50","30.50","8.98","6.62","B&W Diesel A/S","Jakarta","-","PT Pertamina (Persero)","Indonesia","PT Pertamina International Shipping (PIS)","Indonesia","PT Pertamina International Shipping (PIS)","Indonesia","-","-","-","-","9329318","525008117","15.60",2005,"-","Kashiwa Trading Company Limited","Unknown","Unknown","STX Engine Company Limited",5919,8810,"6S42MC","Assuranceforeningen Gard","Biro Klasifikasi Indonesia","-","-","2020-09-06T00:00:00","-","2020-09-06T00:00:00","-","-","-","PT Pertamina International Shipping (PIS)","Indonesia","PT Pertamina International Shipping (PIS)","Indonesia","-","-","A","25 Apr 2026 10:05:09 GMT","-","PT Pertamina International Shipping (PIS)","Indonesia","6° 18' 24"" S","113° 0' 20"" E"
"Tulip","bunkering tanker","Tuzla","Deniz Endustrisi A.S. (Cicek Shipyard)","361437","Live","Liberia",5223,"General Purpose, 10'-25'dwt",15551,"Double Hull","5LLZ2",10955,"38","148.00","139.50","-","21.60","8.50","2.80","Rolls-Royce Marine A/S","Monrovia","-","Haci Ismail Kaptanoglu Group of Companies","Turkiye","K Tankering & Ship Management Company (K Tankercilik ve Gemi Isletmeciligi AS)","Turkiye","Bellatrix Maritime Limited","Malta","-","-","-","-","9330434","636093192","11.30",2007,"-","-","-","-","Rolls-Royce Marine A/S",7200,9782,"B3240L6P","London Steamship Owners Mutual Insurance Association Ltd","Bureau Veritas","-","-","2024-01-31T00:00:00","2023-12-29T00:00:00","2024-01-01T00:00:00","2021-02-07T00:00:00","-","-","KPT Shipmanagement Company Limited Sti Merkezi Malta Istanbul Merkez Subesi","Turkiye","KPT Shipmanagement Company Limited Sti Merkezi Malta Istanbul Merkez Subesi","Turkiye","C C","-","A","25 Apr 2026 10:17:27 GMT","18 Sep 2026 08:00:00 GMT","K Tankering & Ship Management Company (K Tankercilik ve Gemi Isletmeciligi AS)","Turkiye","20° 8' 20"" S","57° 28' 51"" E"
"Spessart","Tanker (unspecified)","Rendsburg","Kroeger Werft GmbH & Company KG","362058","Live","Germany",3957,"General Purpose, 10'-25'dwt",10950,"Single","DRKN",6209,"1385","130.40","120.00","-","19.30","-","-","Unknown Engine Designer","Kiel","-","Government of The Federal Republic of Germany","Germany","Bundesministerium der Verteidigung","Germany","Bundesministerium der Verteidigung","Germany","-","-","-","-","7362079","211211850","-",1975,"-","-","-","-","Mak Motoren GmbH & Company KG","-","-","5-62VT2BF-140","-","-","-","-","-","-","-","-","-","-","-","-","Deutsche Marine Trogeschwader Kommandeur","Germany","-","-","A","13 Apr 2026 10:40:27 GMT","-","Bundesministerium der Verteidigung","Germany","54° 21' 12"" N","10° 8' 51"" E"
"Abai","product tanker","Vyborg","Vyborg Shipyard JSC","362262","Live","Kazakhstan",3517,"General Purpose, 10'-25'dwt",12365,"Double Hull","UNAS",7224,"213","149.35","149.35","17.33","17.33","7.00","3.10","Wartsila Corporation","Aktau","-","Unknown Owners","-","Unknown Owners","-","KazMaritime LLP","Republic of Kazakhstan","-","-","-","-","9334600","436000162","10.10",2005,"-","-","-","-","-",2480,3326,"8L26A","West of England Mutual Shipowners Protection & Indemnity Association (Luxemburg)","Bureau Veritas","-","-","2025-07-05T00:00:00","-","2025-07-01T00:00:00","-","-","-","Caspiy Shipping LLC","Republic of Kazakhstan","Caspiy Shipping LLC","Republic of Kazakhstan","-","-","A","21 Apr 2026 22:20:32 GMT","-","Unknown Owners","-","43° 33' 43"" N","51° 8' 31"" E"
"ATA Beket","product tanker","Vyborg","Vyborg Shipyard JSC","362264","Live","St. Vincent & Grenadines",3517,"General Purpose, 10'-25'dwt",12358,"Double Hull","J8B3578",7224,"214","149.35","117.50","17.33","17.33","7.00","3.11","Wartsila Corporation","Kingstown","-","Unknown Owners","-","Unknown Owners","-","Alatau Maritime Limited","Mauritius","-","-","-","-","9334612","376516000","10.10",2007,"-","-","-","-","Wartsila Deutschland GmbH",2480,3372,"8L26A","Assuranceforeningen Skuld","Bureau Veritas","-","-","-","-","2017-04-07T00:00:00","-","-","-","Caspiy Shipping LLC","Republic of Kazakhstan","Caspiy Shipping LLC","Republic of Kazakhstan","-","-","A","25 Apr 2026 10:16:40 GMT","-","Unknown Owners","-","25° 31' 24"" N","55° 23' 34"" E"
"VS Spirit","product tanker","Dalian","Dalian Shipbuilding Industry Company Limited","363205","Live","Isle of Man",7648,"MR 1, 25'-35'dwt",34671,"Double Hull","MGYF2",22184,"PC350-12","171.20","162.00","27.40","27.40","11.80","5.51","B&W Diesel A/S","Douglas","-","Valloeby Shipholding Limited","Malta","Valloeby Shipping Limited","Malta","Valloeby Spirit Limited","Isle of Man","Hafnia Handy Pool Management ApS","Denmark","-","-","9339636","232026670","17.31",2007,"-","Alfa Laval Aalborg A/S","Unknown","Unknown","Dalian Marine Diesel Company Limited",7150,8264,"5S50MC","Assuranceforeningen Gard","Lloyds Register","-","-","2025-06-05T00:00:00","-","2022-07-20T00:00:00","-","-","-","V. Ships (Germany) GmbH","Germany","V. Ships (Germany) GmbH","Germany","LYTIP","Tripoli","A","25 Apr 2026 09:37:14 GMT","25 Apr 2026 22:00:00 GMT","Valloeby Shipping Limited","Malta","34° 14' 21"" N","13° 12' 25"" E"
"Nikolaos C","product tanker","Dalian","Dalian Shipbuilding Industry Company Limited","363207","Live","Liberia",9431,"MR 1, 25'-35'dwt",34671,"Double Hull","5LQI8",22184,"PC350-14","171.20","162.00","27.42","27.39","11.82","5.49","B&W Diesel A/S","Monrovia","-","Unknown Owners","-","Unknown Owners","-","Aquamarine Properties Corporation","Liberia","Aegean Shipping Enterprises MC","Greece","-","-","9339650","636023975","17.31",2007,"-","-","-","-","Dalian Marine Diesel Company Limited",7150,9715,"5S50MC","Assuranceforeningen Skuld","Phoenix Register of Shipping","-","-","-","2021-01-15T00:00:00","2024-04-01T00:00:00","-","-","-","Sera Shipping Company","Greece","Sera Shipping Company","Greece","LYBEN","-","A","25 Apr 2026 10:15:19 GMT","26 Apr 2026 20:00:00 GMT","Unknown Owners","-","32° 48' 47"" N","12° 39' 40"" E"
"M Brigit","product tanker","Guangzhou","CSSC Offshore & Marine Engineering Group Company Limited","363493","Live","Singapore",8010,"MR 1, 25'-35'dwt",29017,"Double Hull","9V3565",19758,"3130011","175.24","167.00","29.20","29.18","9.52","4.33","B&W Diesel A/S","Singapore","-","Unknown Owners","-","Unknown Owners","-","Vereesa Shipping Private Limited","Republic of Singapore","-","-","-","-","9340582","563237200","13.85",2006,"-","Alfa Laval Aalborg A/S","Unknown","Unknown","Dalian Marine Diesel Company Limited",7150,8264,"5S50MC","West of England Mutual Shipowners Protection & Indemnity Association (Luxemburg)","Lloyds Register","-","-","2025-11-29T00:00:00","-","2025-12-01T00:00:00","-","-","-","Seacon Tankers Shipmanage Private Limited","Republic of Singapore","Seacon Tankers Shipmanage Private Limited","Republic of Singapore","AE FJR","Fujairah","A","25 Apr 2026 10:10:13 GMT","28 Apr 2026 08:00:00 GMT","Unknown Owners","-","11° 38' 36"" N","60° 39' 5"" E"
"Elcano","product tanker","Guangzhou","CSSC Offshore & Marine Engineering Group Company Limited","363932","Live","Guyana",11050,"MR 2, 35'-45'dwt",38877,"Double Hull","8RAP11",25507,"03130014","173.96","163.60","29.00","29.00","12.30","6.10","B&W Diesel A/S","Guyana","-","Unknown Owners","-","Unknown Owners","-","Unknown Owners","-","-","-","-","-","9341512","750804000","18.40",2006,"-","-","-","-","Hudong Heavy Machinery Company Limited",7860,10686,"6S46MC-C","-","-","-","-","-","-","2015-11-16T00:00:00","-","-","-","-","-","Unknown Owners","-","KFK OPL","Khor al Fakkan Anchorage","A","25 Apr 2026 05:38:38 GMT","21 Apr 2026 08:00:00 GMT","Unknown Owners","-","25° 47' 24"" N","56° 57' 47"" E"
"Super Hero","product tanker","Braila","Vard RO Offshore Braila SA","363953","Live","Panama",4082,"General Purpose, 10'-25'dwt",14926,"Double Hull","3FEB9",10549,"NB1092","149.60","141.07","-","22.00","8.52","4.43","MAN Energy Solutions SE","Panama","-","Harim Holdings Company Limited","Republic of Korea","Pan Ocean Company Limited","Republic of Korea","POS Maritime TC SA","Panama","-","-","-","-","9341330","370755000","12.95",2009,"-","-","-","-","MAN Energy Solutions SE",4896,6657,"8L40/54","Britannia Steam Ship Insurance Association Ltd., The","Korean Register","-","-","-","-","-","-","-","-","POS SM Company Limited","Republic of Korea","POS SM Company Limited","Republic of Korea","BATAAN-PH","Bataan, Mariveles","A","25 Apr 2026 09:18:52 GMT","28 Apr 2026 23:00:00 GMT","Pan Ocean Company Limited","Republic of Korea","6° 25' 30"" N","109° 22' 42"" E"
"Seaconger","product tanker","Kiel","Lindenau GmbH, Schiffswerft & Maschinenfabrik","365093","Live","Germany",8429,"MR 1, 25'-35'dwt",32200,"Double Hull","DEJY",21329,"S 271","177.75","168.00","28.00","28.00","11.00","5.80","MAN Energy Solutions SE","Bremen","-","German Tanker Shipping GmbH & Company KG","Germany","German Tanker Shipping GmbH & Company KG","Germany","TMS Seaconger GmbH & Company KG","Germany","Clearlake Shipping Limited","Republic of Singapore","-","-","9352298","211822000","16.80",2005,"-","-","-","-","MAN Energy Solutions SE",8455,11339,"6L58/64","Assuranceforeningen Skuld","DNV","-","-","-","-","2015-12-22T00:00:00","-","-","-","German Tanker Shipping GmbH & Company KG","Germany","German Tanker Shipping GmbH & Company KG","Germany","IDPUT","-","A","25 Apr 2026 10:08:30 GMT","22 Apr 2026 05:00:00 GMT","German Tanker Shipping GmbH & Company KG","Germany","3° 15' 54"" S","116° 11' 7"" E"
"El Zorro","product tanker","Tongyeong","21st Century Shipbuilding Company Limited","365410","Live","Marshall Islands",4117,"General Purpose, 10'-25'dwt",13086,"Double Hull","V7LV7",8539,"CSN218","128.60","120.40","20.40","20.40","8.70","3.55","B&W Diesel A/S","Majuro","-","Nicolas Moundreas Group of Companies","Greece","NGM Energy S.A.","Greece","Dominion Glory S.A.","Marshall Islands","-","-","-","-","9344801","538002815","12.25",2007,"-","-","-","-","STX Engine Company Limited",4440,5950,"6S35MC-MK7","U.K. Mutual Steam Ship Assurance Association (Bermuda) Ltd","American Bureau","-","-","2019-11-07T00:00:00","2020-04-24T00:00:00","2017-03-12T00:00:00","2017-01-15T00:00:00","-","-","International Tanker Management (ITM) Limited","United Arab Emirates","International Tanker Management (ITM) Limited","United Arab Emirates","MR NKC > MR NDB","-","A","25 Apr 2026 10:08:38 GMT","24 Apr 2026 09:00:00 GMT","NGM Energy S.A.","Greece","20° 49' 43"" N","17° 1' 49"" W"
"Baghdad","product tanker","Tongyeong","21st Century Shipbuilding Company Limited","365412","Live","Iraq",4117,"General Purpose, 10'-25'dwt",13059,"Double Hull","HNBD",8539,"CSN221","128.60","120.40","20.40","20.40","8.70","2.80","B&W Diesel A/S","Basrah","-","Government of Iraq","Iraq","Iraqi Oil Tankers Company","Iraq","Iraqi Oil Tankers Company","Iraq","-","-","-","-","9345221","425000004","11.50",2007,"-","-","-","-","STX Engine Company Limited",4440,6033,"6S35MC","West of England Mutual Shipowners Protection & Indemnity Association (Luxemburg)","Bureau Veritas","-","-","2025-10-19T00:00:00","2025-10-19T00:00:00","2025-10-01T00:00:00","2023-01-07T00:00:00","-","-","Iraqi Oil Tankers Company","Iraq","Iraqi Oil Tankers Company","Iraq","UMM QASR ANCHORAGE","-","A","25 Apr 2026 10:17:09 GMT","20 Apr 2026 08:24:00 GMT","Iraqi Oil Tankers Company","Iraq","29° 40' 20"" N","48° 44' 2"" E"
"Bai Chi","product tanker","Guangzhou","CSSC Offshore & Marine Engineering Group Company Limited","365536","Live","China",11381,"MR 2, 35'-45'dwt",41983,"Double Hull","BPGA",26992,"06130007","187.80","178.00","31.50","31.50","10.50","6.30","B&W Diesel A/S","Shanghai","-","China COSCO Shipping Corporation Limited (China Cosco Shipping Group) (COSCO Shipping) (COSCOCS)","People's Republic of China","COSCO Shipping Energy Transportation Company Limited (CSET)","People's Republic of China","COSCO Shipping Energy Transportation Company Limited (CSET)","People's Republic of China","COSCO Shipping Tanker (Dalian) Company Limited","People's Republic of China","-","-","9342073","413349030","16.80",2007,"-","-","-","-","Dalian Marine Diesel Company Limited",8580,11665,"6S50MC","China Shipowners Mutual Assurance Association","China Classification","-","-","-","-","2017-07-25T00:00:00","-","-","-","COSCO Shipping Energy Transportation Company Limited (CSET)","People's Republic of China","COSCO Shipping Energy Transportation Company Limited (CSET)","People's Republic of China","DONG YING","-","A","25 Apr 2026 10:17:31 GMT","22 Apr 2026 23:54:00 GMT","COSCO Shipping Energy Transportation Company Limited (CSET)","People's Republic of China","38° 11' 41"" N","119° 15' 42"" E"
"Nian Chi","product tanker","Guangzhou","CSSC Offshore & Marine Engineering Group Company Limited","365538","Live","China",11381,"MR 2, 35'-45'dwt",41956,"Double Hull","BPGB",26992,"06130008","187.80","178.00","31.50","31.50","10.50","6.30","B&W Diesel A/S","Shanghai","-","China COSCO Shipping Corporation Limited (China Cosco Shipping Group) (COSCO Shipping) (COSCOCS)","People's Republic of China","COSCO Shipping Energy Transportation Company Limited (CSET)","People's Republic of China","COSCO Shipping Energy Transportation Company Limited (CSET)","People's Republic of China","COSCO Shipping Tanker (Dalian) Company Limited","People's Republic of China","-","-","9342085","413293240","16.80",2008,"-","-","-","-","Dalian Marine Diesel Company Limited",8580,11665,"6S50MC","China Shipowners Mutual Assurance Association","China Classification","-","-","-","-","2018-11-11T00:00:00","-","-","-","COSCO Shipping Energy Transportation Company Limited (CSET)","People's Republic of China","COSCO Shipping Energy Transportation Company Limited (CSET)","People's Republic of China","DONGYING","Dongying Port","A","25 Apr 2026 10:13:00 GMT","26 Apr 2026 11:00:00 GMT","COSCO Shipping Energy Transportation Company Limited (CSET)","People's Republic of China","38° 28' 45"" N","121° 9' 48"" E"
"Zhong Chi","product tanker","Guangzhou","CSSC Offshore & Marine Engineering Group Company Limited","365539","Live","Hong Kong, S.A.R., China",11381,"MR 2, 35'-45'dwt",41968,"Double Hull","VRFA6",26992,"06130009","187.80","178.00","31.50","31.50","10.50","6.30","B&W Diesel A/S","Hong Kong","-","China COSCO Shipping Corporation Limited (China Cosco Shipping Group) (COSCO Shipping) (COSCOCS)","People's Republic of China","COSCO Shipping Energy Transportation Company Limited (CSET)","People's Republic of China","Zhong Chi Shipping S.A.","Panama","-","-","-","-","9342097","477201800","16.80",2009,"-","-","-","-","Dalian Marine Diesel Company Limited",8580,11665,"6S50MC","China Shipowners Mutual Assurance Association","China Classification","-","-","-","-","2019-03-21T00:00:00","-","-","-","COSCO Shipping Energy Transportation Company Limited (CSET)","People's Republic of China","COSCO Shipping Energy Transportation Company Limited (CSET)","People's Republic of China","TH MAT","-","A","25 Apr 2026 10:08:23 GMT","24 Apr 2026 05:00:00 GMT","COSCO Shipping Energy Transportation Company Limited (CSET)","People's Republic of China","12° 39' 34"" N","101° 9' 2"" E"
"N.Wind of Grace","product tanker","Fuzhou","PLA 4807 Shipyard","365712","Live","Nigeria",4005,"General Purpose, 10'-25'dwt",11800,"Double Hull","5NVD",8549,"213","134.85","126.00","-","22.02","7.46","3.14","B&W Diesel A/S","-","-","Polmaz Limited","Nigeria","Polmaz Limited","Nigeria","Polmaz Limited","Nigeria","-","-","-","-","9340843","657828000","10.60",2005,"-","-","-","-","Yichang Marine Diesel Engine Plant",4461,5982,"6S35MC","-","-","-","-","-","-","2014-12-24T00:00:00","-","-","-","Transocean Shipping Ventures Private Limited","India","Transocean Shipping Ventures Private Limited","India","-","-","-","-","-","Polmaz Limited","Nigeria","-","-"
"TK Aktau","product tanker","Vyborg","Vyborg Shipyard JSC","365752","Live","Kazakhstan",3517,"General Purpose, 10'-25'dwt",12368,"Double Hull","UPJ",7224,"215","149.35","143.15","17.33","17.33","7.00","3.10","Wartsila Corporation","Aktau","-","National Company KazMunayGas JSC","Republic of Kazakhstan","""NMSC"" ""Kazmortransflot"" LLP","Republic of Kazakhstan","""NMSC"" ""Kazmortransflot"" LLP","Republic of Kazakhstan","-","-","-","-","9344459","436000062","10.10",2006,"-","-","-","-","Wartsila Deutschland GmbH",2600,3004,"8L26A","West of England Mutual Shipowners Protection & Indemnity Association (Luxemburg)","Bureau Veritas","-","-","2024-12-28T00:00:00","2024-12-28T00:00:00","2024-12-01T00:00:00","-","-","-","-","-","""NMSC"" ""Kazmortransflot"" LLP","Republic of Kazakhstan","-","-","A","18 Apr 2026 22:32:09 GMT","-","""NMSC"" ""Kazmortransflot"" LLP","Republic of Kazakhstan","43° 25' 41"" N","48° 43' 20"" E"
"Koroglu","product tanker","Nizhniy Novgorod","Krasnoye Sormovo Shipbuilding","366403","Live","Azerbaijan",3356,"General Purpose, 10'-25'dwt",13030,"Double Hull","4JNC",7833,"19619/4","150.23","143.11","17.30","17.30","6.97","3.53","Wartsila China Limited","Baku","-","Azerbaijan Caspian Shipping Closed Joint Stock Company (ASCO)","Republic of Azerbaijan","Azerbaijan Caspian Shipping Closed Joint Stock Company (ASCO)","Republic of Azerbaijan","Azerbaijan Caspian Shipping Closed Joint Stock Company (ASCO)","Republic of Azerbaijan","-","-","-","-","9347231","423242100","10.50",2006,"-","-","-","-","Wartsila Deutschland GmbH",1620,2203,"9L20","Hydor AS","Russian Register of Ships","-","-","-","-","2017-06-08T00:00:00","-","-","-","Azerbaijan Caspian Shipping Closed Joint Stock Company (ASCO)","Republic of Azerbaijan","Azerbaijan Caspian Shipping Closed Joint Stock Company (ASCO)","Republic of Azerbaijan","-","-","A","25 Apr 2026 09:04:39 GMT","-","Azerbaijan Caspian Shipping Closed Joint Stock Company (ASCO)","Republic of Azerbaijan","40° 14' 54"" N","49° 53' 30"" E"
"Dede Gorgud","product tanker","Nizhniy Novgorod","Krasnoye Sormovo Shipbuilding","366404","Live","Azerbaijan",3356,"General Purpose, 10'-25'dwt",13030,"Double Hull","4JND",7833,"5","150.23","147.80","17.30","17.30","6.97","3.53","Wartsila China Limited","Baku","-","Azerbaijan Caspian Shipping Closed Joint Stock Company (ASCO)","Republic of Azerbaijan","Azerbaijan Caspian Shipping Closed Joint Stock Company (ASCO)","Republic of Azerbaijan","Azerbaijan Caspian Shipping Closed Joint Stock Company (ASCO)","Republic of Azerbaijan","-","-","-","-","9347243","423207100","10.50",2006,"-","-","-","-","Wartsila Deutschland GmbH",1620,2203,"9L20","Hydor AS","Russian Register of Ships","-","-","-","-","2017-02-27T00:00:00","-","-","-","Azerbaijan Caspian Shipping Closed Joint Stock Company (ASCO)","Republic of Azerbaijan","Azerbaijan Caspian Shipping Closed Joint Stock Company (ASCO)","Republic of Azerbaijan","-","-","A","07 Apr 2026 06:23:28 GMT","-","Azerbaijan Caspian Shipping Closed Joint Stock Company (ASCO)","Republic of Azerbaijan","40° 16' 57"" N","50° 9' 23"" E"
"Seatrout","product tanker","Kiel","Lindenau GmbH, Schiffswerft & Maschinenfabrik","367552","Live","Germany",10288,"MR 2, 35'-45'dwt",40600,"Double Hull","DDPN",26548,"S 272","188.18","179.50","32.23","32.20","11.00","6.05","MAN Energy Solutions SE","Bremen","-","German Tanker Shipping GmbH & Company KG","Germany","German Tanker Shipping GmbH & Company KG","Germany","TMS Seatrout GmbH & Company KG","Germany","-","-","-","-","9352303","211881000","17.05",2006,"-","-","-","-","MAN Energy Solutions SE",9582,12850,"8L58/64CD","Assuranceforeningen Skuld","DNV","-","-","-","-","2016-05-29T00:00:00","-","-","-","German Tanker Shipping GmbH & Company KG","Germany","German Tanker Shipping GmbH & Company KG","Germany","-","-","A","25 Apr 2026 10:16:23 GMT","-","German Tanker Shipping GmbH & Company KG","Germany","37° 53' 9"" N","8° 52' 8"" W"
"Seacod","product tanker","Kiel","Lindenau GmbH, Schiffswerft & Maschinenfabrik","368186","Live","Germany",10288,"MR 2, 35'-45'dwt",40559,"Double Hull","DDPW",26548,"S 273","188.18","179.50","32.23","32.20","11.00","6.05","MAN Energy Solutions SE","Bremen","-","German Tanker Shipping GmbH & Company KG","Germany","German Tanker Shipping GmbH & Company KG","Germany","TMS Seacod GmbH & Company KG","Germany","-","-","-","-","9352315","218019000","17.05",2006,"-","-","-","-","MAN Energy Solutions SE",11200,15228,"8L58/64CD","Assuranceforeningen Skuld","DNV","-","-","-","-","2016-11-14T00:00:00","-","-","-","German Tanker Shipping GmbH & Company KG","Germany","German Tanker Shipping GmbH & Company KG","Germany","CAMTR","Montreal","A","25 Apr 2026 04:41:21 GMT","28 Apr 2026 23:00:00 GMT","German Tanker Shipping GmbH & Company KG","Germany","49° 24' 31"" N","47° 53' 47"" W"
"Baldo","product tanker","Fuzhou","Shanghai Huali Ship Engineering Company Limited","368366","Live","Panama",3722,"General Purpose, 10'-25'dwt",11998,"Double Hull","3E2350",8482,"4807","134.85","126.00","22.02","22.00","7.51","3.09","B&W Diesel A/S","Panama","-","Royalmar Denizcilik ve Gemi Isletmeciligi Limited Sirketi","Turkiye","Royalmar Denizcilik ve Gemi Isletmeciligi Limited Sirketi","Turkiye","Royce Trading SA","Marshall Islands","Mukan Denizcilik ve Ticaret Limited Sirketi","Turkiye","-","-","9351749","352002573","10.60",2005,"-","-","-","-","Yichang Marine Diesel Engine Plant",4440,6037,"6S35MC","American Steamship Owners Mutual Protection & Indemnity Association","Bureau Veritas","Overseas Marine Certification Services","-","2025-08-02T00:00:00","2022-10-31T00:00:00","2025-08-01T00:00:00","2022-10-31T00:00:00","-","-","Mukan Denizcilik ve Ticaret Limited Sirketi","Turkiye","Mukan Denizcilik ve Ticaret Limited Sirketi","Turkiye","-","-","A","25 Apr 2026 10:15:23 GMT","-","Royalmar Denizcilik ve Gemi Isletmeciligi Limited Sirketi","Turkiye","8° 43' 48"" S","13° 17' 26"" E"
"Rosetta","product tanker","Ulsan","HD Hyundai Mipo Company Limited","368689","Live","Panama",3868,"General Purpose, 10'-25'dwt",13146,"Double Hull","3E8812",8473,"2005","127.57","119.50","20.40","20.40","8.61","3.09","Mak Motoren GmbH & Company KG","Panama","-","Unknown Owners","-","Unknown Owners","-","Remarkable Marine Inc","Marshall Islands","Navitas Continental Merchants FZCO","United Arab Emirates","-","-","9353888","352005570","11.70",2006,"-","-","-","-","-",4500,6035,"9M32","-","Bureau Veritas","-","-","-","-","2025-09-01T00:00:00","-","-","-","Remarkable Ship Management Inc","Liberia","Remarkable Ship Management Inc","Liberia","KFK UAE.","-","A","25 Apr 2026 10:17:18 GMT","18 Apr 2026 22:00:00 GMT","Unknown Owners","-","25° 23' 32"" N","56° 28' 48"" E"
"Kirana Quartya","product tanker","Innoshima","Naikai Zosen Shipbuilding Corporation","368926","Live","Singapore",5086,"General Purpose, 10'-25'dwt",19000,"Double Hull","9VJC3",13202,"701","160.00","152.00","-","27.90","7.13","4.07","B&W Diesel A/S","Singapore","-","Unknown Owners","-","Unknown Owners","-","GEA-X-Ray Private Limited","Republic of Singapore","Global Marine Logistics Private Limited","Republic of Singapore","-","-","9354545","565112000","11.20",2006,"-","-","-","-","Imex Company Limited",4900,6660,"7S35MC","NorthStandard","Nippon Kaiji Kyokai","-","-","2018-10-06T00:00:00","-","2016-03-28T00:00:00","-","-","-","NYK Energy Ocean Shipmanagement Private Limited","Republic of Singapore","NYK Energy Ocean Shipmanagement Private Limited","Republic of Singapore","-","-","A","25 Apr 2026 10:00:18 GMT","-","Unknown Owners","-","23° 5' 18"" N","113° 24' 49"" E"
"Ekfjord","Tanker (unspecified)","Tuzla","Celik Tekne Shipyard","369930","Live","Norway (Int. Register)",5491,"General Purpose, 10'-25'dwt",17006,"Double Hull","LAJX7",12162,"65","144.00","133.80","23.00","23.00","9.00","3.40","MAN Energy Solutions SE","Arendal","-","Ektank A/B","Sweden","Ektank A/B","Sweden","Ekships AB","Sweden","IceChem Tankers ApS","Denmark","-","-","9356622","257555000","12.40",2009,"-","-","-","-","MAN Energy Solutions SE",6300,8565,"6L48/60B","Swedish Club (Sverige Angfartygs Assurans Forening)","DNV","-","-","-","-","2018-10-19T00:00:00","-","-","-","OSM Ship Management AS","Norway","OSM Ship Management AS","Norway","PL GDN","-","A","25 Apr 2026 10:18:02 GMT","24 Apr 2026 12:00:00 GMT","Ektank A/B","Sweden","54° 27' 37"" N","18° 53' 26"" E"
"Indus 1","product tanker","Saiki","Saiki Heavy Industries Shipbuilding","370241","Live","Equatorial Guinea",11314,"MR 2, 35'-45'dwt",39981,"Double Hull","3CAN3",22535,"1157","181.78","173.00","27.45","27.42","11.97","4.93","Mitsubishi Heavy Industries Limited","-","-","Unknown Owners","-","Unknown Owners","-","Tigwa Shipping Incorporation","Mauritius","-","-","-","-","9360415","631010099","16.90",2007,"-","-","-","-","Akasaka Diesels Limited",7980,9720,"6UEC52LS","-","Nippon Kaiji Kyokai","Indian Register","Overseas Marine Certification Services","2020-01-21T00:00:00","2020-03-05T00:00:00","2017-02-17T00:00:00","2017-02-17T00:00:00","-","-","Tuluvai Shipping Private Limited","India","Tuluvai Shipping Private Limited","India","-","-","A","25 Apr 2026 10:18:16 GMT","-","Unknown Owners","-","31° 30' 44"" N","32° 19' 0"" E"
"Silva","product tanker","Taizhou(Jiangsu)","Haidong Shipyard","370663","Live","Panama",2997,"General Purpose, 10'-25'dwt",11028,"Double Hull","3FVU2",8251,"7","129.60","123.00","-","20.00","7.60","3.90","China Engine Builder","Panama","-","Akron Trade & Transport FZE","United Arab Emirates","Akron Trade & Transport FZE","United Arab Emirates","Silvan S.A.","Liberia","-","-","-","-","9357573","371502000","11.50",2009,"-","-","-","-","Ningbo C.S.I. Power & Machinery Group Company Limited",2000,2682,"G8300ZC16B-1","NorthStandard","China Classification","-","-","-","-","2019-05-02T00:00:00","-","-","-","Akron Trade & Transport FZE","United Arab Emirates","Akron Trade & Transport FZE","United Arab Emirates","FUJAIRAH  UAE","-","A","25 Apr 2026 02:12:26 GMT","26 Apr 2026 21:18:00 GMT","Akron Trade & Transport FZE","United Arab Emirates","25° 8' 37"" N","56° 30' 35"" E"
"Sorrelle","product tanker","Taizhou(Jiangsu)","Haidong Shipyard","370667","Live","Panama",2997,"General Purpose, 10'-25'dwt",11003,"Double Hull","3FUB",8251,"DBD-2005-031","129.60","123.00","20.20","20.00","7.61","3.90","China Engine Builder","Panama","-","Akron Trade & Transport FZE","United Arab Emirates","Akron Trade & Transport FZE","United Arab Emirates","Sorrelle S.A.","Liberia","-","-","-","-","9357626","352949000","11.50",2010,"-","-","-","-","Ningbo Zhonghua",2000,2719,"G8300ZC16B-1","West of England Mutual Shipowners Protection & Indemnity Association (Luxemburg)","DNV","-","-","-","-","2020-02-09T00:00:00","-","-","-","Akron Trade & Transport FZE","United Arab Emirates","Akron Trade & Transport FZE","United Arab Emirates","FUJAIRAH UAE","-","A","24 Apr 2026 23:19:10 GMT","24 Apr 2026 04:00:00 GMT","Akron Trade & Transport FZE","United Arab Emirates","25° 9' 9"" N","56° 29' 57"" E"
"African Pearl","product tanker","Taizhou(Jiangsu)","Haidong Shipyard","370668","Live","Panama",2997,"General Purpose, 10'-25'dwt",11051,"Double Hull","HPCU",8251,"DBD-2005-033","129.60","123.00","20.20","20.00","7.61","3.89","Unknown Engine Designer","Panama","-","Unknown Owners","-","Unknown Owners","-","Lorelle Marine Corporation","Liberia","Smart Tankers Incorporated","Greece","-","-","9357638","355088000","11.50",2011,"-","-","-","-","-","-","-","8N330-EN","West of England Mutual Shipowners Protection & Indemnity Association (Luxemburg)","DNV","-","-","-","-","2016-04-27T00:00:00","-","-","-","Smart Tankers Incorporated","Greece","Smart Tankers Incorporated","Greece","TG LFW","-","A","25 Apr 2026 10:13:13 GMT","24 Apr 2026 11:00:00 GMT","Unknown Owners","-","6° 3' 4"" N","1° 18' 16"" E"
"Siene","product tanker","Taizhou(Jiangsu)","Haidong Shipyard","370669","Live","Panama",2997,"General Purpose, 10'-25'dwt",11020,"Double Hull","3FKN4",8251,"11","129.60","123.00","20.20","20.00","7.61","3.91","China Engine Builder","Panama","-","Akron Trade & Transport FZE","United Arab Emirates","Akron Trade & Transport FZE","United Arab Emirates","Siene S.A.","Liberia","-","-","-","-","9357640","355958000","11.50",2010,"-","-","-","-","Ningbo C.S.I. Power & Machinery Group Company Limited",2000,2682,"G8300ZC17B-1","West of England Mutual Shipowners Protection & Indemnity Association (Luxemburg)","China Classification","China Classification","-","-","-","2018-01-28T00:00:00","-","-","-","Akron Trade & Transport FZE","United Arab Emirates","Akron Trade & Transport FZE","United Arab Emirates","-","-","A","24 Apr 2026 23:36:05 GMT","-","Akron Trade & Transport FZE","United Arab Emirates","25° 9' 19"" N","56° 32' 27"" E"
"Al Shaffiah","product tanker","Fukuoka","Fukuoka Shipbuilding Company Limited","371055","Live","Saudi Arabia",6138,"General Purpose, 10'-25'dwt",19908,"Double Hull","HZOV",11678,"1259","146.60","138.00","23.70","23.70","9.62","3.38","B&W Diesel A/S","-","-","A K Al Bakri & Sons Holding Company(Bakri Group)","Saudi Arabia","Bihar International Company Limited","Saudi Arabia","Al Mukhtarah International Trading Company Limited","Saudi Arabia","-","-","-","-","9358620","403004000","13.00",2006,"-","-","-","-","Imex Company Limited",6150,8362,"6S42MC","NorthStandard","Lloyds Register","-","-","2024-08-09T00:00:00","-","2024-08-30T00:00:00","-","-","-","Red Sea Marine Services LLC (DMCC)","United Arab Emirates","Red Sea Marine Services LLC (DMCC)","United Arab Emirates","SA JUBAIL","-","A","25 Apr 2026 10:17:58 GMT","18 Apr 2026 16:00:00 GMT","Bihar International Company Limited","Saudi Arabia","27° 20' 46"" N","50° 14' 49"" E"
"Caribbean Alliance","product tanker","Fu'an","PLA 4807 Shipyard","371193","Live","Panama",5450,"General Purpose, 10'-25'dwt",17000,"Double Hull","3EPA7",11487,"221","151.75","142.60","-","22.40","9.00","3.61","Semt Pielstick SA","Panama","-","Grid Shipping and Capital Limited","Greece","Grid Shipping and Capital Limited","Greece","Kappa Shipholding Incorporated","Marshall Islands","-","-","DVB Bank SE","Germany","9359923","357644000","12.60",2006,"-","-","-","-","Shaanxi Diesel Engine Factory",3824,5199,"8PC2-5L-400","NorthStandard","Bureau Veritas","-","-","2025-06-24T00:00:00","2025-03-21T00:00:00","2025-06-01T00:00:00","2016-12-05T00:00:00","-","-","G.M.A. Maritime S.A.","Greece","G.M.A. Maritime S.A.","Greece","MATANZAS","-","A","25 Apr 2026 10:07:03 GMT","26 Apr 2026 10:00:00 GMT","Grid Shipping and Capital Limited","Greece","22° 11' 42"" N","77° 28' 17"" W"
"Intan Glory","product tanker","Indonesia","-","371237","Live","Panama",3481,"General Purpose, 10'-25'dwt",11404,"Double Hull","3E2195",8025,"802","137.00","129.00","-","18.80","7.80","3.00","Mak Motoren GmbH & Company KG","Panama","-","Unknown Owners","-","Unknown Owners","-","Intan Glory Limited","Marshall Islands","-","-","-","-","9358814","352002032","10.80",2010,"-","Alfa Laval Aalborg A/S","Unknown","Unknown","Caterpillar Incorporated",5100,6934,"6M43","West of England Mutual Shipowners Protection & Indemnity Association (Luxemburg)","Lloyds Register","-","-","2026-02-24T00:00:00","-","2026-02-24T00:00:00","-","-","-","Seaknotiq Ship Management LLC","United Arab Emirates","Seaknotiq Ship Management LLC","United Arab Emirates","-","-","A","25 Apr 2026 10:11:28 GMT","-","Unknown Owners","-","29° 39' 33"" N","48° 45' 48"" E"
"Godshand","product tanker","Fu'an","Fujian Ningde Baimashun Shipbuilding Company Limited","374433","Live","Nigeria",3754,"General Purpose, 10'-25'dwt",12000,"Double Hull","5NIV4",8482,"08","134.85","126.00","22.00","22.00","7.50","3.10","B&W Diesel A/S","Lagos","-","Divine Marine Shipping Nigeria Limited","Nigeria","Divine Marine Shipping Nigeria Limited","Nigeria","Divine Marine Shipping Nigeria Limited","Nigeria","-","-","-","-","9368091","657916000","10.60",2006,"-","-","-","-","Yichang Marine Diesel Engine Plant",4440,6037,"6S35MC","-","-","-","-","-","-","2011-09-11T00:00:00","-","-","-","VVS Ship Management Private Limited","Republic of Singapore","VVS Ship Management Private Limited","Republic of Singapore","LAGOS","-","-","20 Jun 2019 10:27:19 GMT","20 Feb 2020 03:00:00 GMT","Divine Marine Shipping Nigeria Limited","Nigeria","6° 21' 11"" N","3° 22' 57"" E"
"USNS Joshua Humphreys","product tanker","Avondale","Avondale Industries Incorporated","380759","Live","U.S.A.",8992,"MR 1, 25'-35'dwt",28115,"Single","NNJH",25742,"2341","206.50","198.12","30.00","29.72","10.97","4.42","Semt Pielstick SA","-","-","Government of the United States of America","United States of America","United States Govt Military Sealift Command","United States of America","United States Govt Military Sealift Command","United States of America","-","-","-","-","8302428","367862000","15.39",1987,"-","-","-","-","-",12304,16500,"10PC4-2V-570","-","American Bureau","-","-","2019-06-06T00:00:00","2018-09-20T00:00:00","2019-06-06T00:00:00","2019-06-06T00:00:00","-","-","-","-","United States Govt Military Sealift Command","United States of America","-","-","A","25 Apr 2026 10:13:22 GMT","-","United States Govt Military Sealift Command","United States of America","30° 40' 50"" N","88° 2' 4"" W"
"Atria","product tanker","Nizhniy Novgorod","Krasnoye Sormovo Shipbuilding","3834010","Live","Liberia",3356,"General Purpose, 10'-25'dwt",13005,"Double Hull","5LNR8",7852,"06012","149.86","147.80","17.30","17.30","6.96","3.54","Wartsila China Limited","Monrovia","-","Unknown Owners","-","Unknown Owners","-","Rhea Marine Limited","Hong Kong, S.A.R., China","-","-","-","-","9492842","636023432","10.50",2010,"-","-","-","-","-",1620,1872,"9L20","West of England Mutual Shipowners Protection & Indemnity Association (Luxemburg)","RINA Services S.p.A.","-","-","-","-","2020-10-08T00:00:00","-","-","-","Arrowstar Trading Petrol ve Denizcilik Anonim Sirketi","Turkiye","Arrowstar Trading Petrol ve Denizcilik Anonim Sirketi","Turkiye","RO SUL","Sulina (Port et Zone Franche)","A","25 Apr 2026 10:18:56 GMT","28 Apr 2026 11:00:00 GMT","Unknown Owners","-","36° 44' 8"" N","26° 29' 41"" E"
"Zagatala","product tanker","Nizhniy Novgorod","Krasnoye Sormovo Shipbuilding","3835452","Live","Azerbaijan",3356,"General Purpose, 10'-25'dwt",13054,"Double Hull","4JNP",7834,"10","150.15","147.80","17.30","17.30","6.97","3.53","Wartsila China Limited","Baku","-","Azerbaijan Caspian Shipping Closed Joint Stock Company (ASCO)","Republic of Azerbaijan","Azerbaijan Caspian Shipping Closed Joint Stock Company (ASCO)","Republic of Azerbaijan","Azerbaijan Caspian Shipping Closed Joint Stock Company (ASCO)","Republic of Azerbaijan","-","-","-","-","9498171","423306100","10.50",2008,"-","-","-","-","-",1620,2203,"9L20","-","Russian Register of Ships","-","-","-","-","2019-03-15T00:00:00","-","-","-","Azerbaijan Caspian Shipping Closed Joint Stock Company (ASCO)","Republic of Azerbaijan","Azerbaijan Caspian Shipping Closed Joint Stock Company (ASCO)","Republic of Azerbaijan","-","-","A","23 Mar 2026 04:27:06 GMT","-","Azerbaijan Caspian Shipping Closed Joint Stock Company (ASCO)","Republic of Azerbaijan","40° 21' 42"" N","49° 55' 54"" E"
"UM Balwa","product tanker","Tongyeong","ShinaSB Yard Company Limited","388236","Live","Liberia",9851,"MR 2, 35'-45'dwt",40960,"Double Hull","5LFG5",27987,"482","178.00","170.50","31.53","31.50","11.10","7.54","B&W Diesel A/S","Monrovia","-","-","-","-","-","Lilac Seaways Ltd","Liberia","Stamford Shipping LLP","Republic of Singapore","-","-","9379038","636021696","18.63",2009,"-","-","-","-","Doosan Engine Company Limited",8580,10965,"6S50MC","London Steamship Owners Mutual Insurance Association Ltd","RINA Services S.p.A.","-","-","2022-03-21T00:00:00","2022-04-17T00:00:00","2019-04-21T00:00:00","2021-02-18T00:00:00","-","-","STS Marine Management Private Limited","India","STS Marine Management Private Limited","India","-","-","A","25 Apr 2026 10:15:07 GMT","-","Lilac Seaways Ltd","Liberia","8° 46' 50"" S","13° 16' 42"" E"
"Eastern Quince","product tanker","Tongyeong","ShinaSB Yard Company Limited","388239","Live","Panama",9851,"MR 2, 35'-45'dwt",41397,"Double Hull","3E4632",27987,"S483","178.50","170.50","31.53","31.50","11.10","7.54","B&W Diesel A/S","Panama","-","Ms. Le Thi Mai","Vietnam","Asia Pacific Shipping Company Limited","Vietnam","Asia Pacific Shipping Company Limited","Vietnam","-","-","-","-","9379040","352002851","18.63",2009,"-","-","-","-","Doosan Engine Company Limited",8580,10965,"6S50MC-C","U.K. Mutual Steam Ship Assurance Association (Bermuda) Ltd","RINA Services S.p.A.","-","-","2019-06-13T00:00:00","2017-06-10T00:00:00","2019-06-13T00:00:00","2019-06-13T00:00:00","-","-","Anglo-Eastern Tanker Management (Hong Kong) Limited","Hong Kong, S.A.R., China","Anglo-Eastern Tanker Management (Hong Kong) Limited","Hong Kong, S.A.R., China","INVTZ-INSIK","Sikka","A","25 Apr 2026 09:29:58 GMT","28 Apr 2026 11:30:00 GMT","Asia Pacific Shipping Company Limited","Vietnam","8° 58' 28"" N","75° 36' 13"" E"
"Golden Jasmine","product tanker","Taizhou(Jiangsu)","Taizhou Sanfu Ship Engineering Company Limited","3886042","Live","Marshall Islands",4884,"General Purpose, 10'-25'dwt",16768,"Double Hull","V7BH3",11294,"SF050212","144.00","134.00","-","23.00","8.80","3.72","B&W Diesel A/S","Majuro","-","Seacon Shipping Group Limited","People's Republic of China","Seacon Shipping Group Limited","People's Republic of China","CIMC Solar Limited","Hong Kong, S.A.R., China","Shell International Trading & Shipping Company Limited (STASCO)","United Kingdom","-","-","9475430","538005140","12.50",2012,"-","-","-","-","STX Engine Company Limited",4440,6033,"6S35MC-MK7","London Steamship Owners Mutual Insurance Association Ltd","Bureau Veritas","-","-","2022-11-20T00:00:00","2025-05-24T00:00:00","2023-12-01T00:00:00","2022-11-20T00:00:00","-","-","Seacon Ships Management (Europe) SA","Greece","Seacon Ships Management (Europe) SA","Greece","BATA","-","A","25 Apr 2026 09:19:51 GMT","24 Apr 2026 05:00:00 GMT","Seacon Shipping Group Limited","People's Republic of China","1° 48' 54"" N","9° 44' 18"" E"
"TRIDENT II","product tanker","Wenzhou","Taizhou Huangyan Jixia","389817","Live","Unknown",3854,"General Purpose, 10'-25'dwt",10000,"Double Hull","P46Z9",6883,"28","132.52","129.00","19.59","19.50","6.85","2.96","China Engine Builder","-","-","Prime Tankers LLC","United Arab Emirates","Prime Tankers LLC","United Arab Emirates","Global Emerald Shipping Lines Incorporated","Panama","-","-","-","-","8982888","-","9.78",2003,"-","-","-","-","Wuxi Antai Power Machinery Company",1491,1999,"8300ZC6BH","-","Vietnam","-","-","-","-","2016-04-14T00:00:00","-","-","-","Glory International FZ-LLC","United Arab Emirates","Glory International FZ-LLC","United Arab Emirates","-","-","A","25 Apr 2026 05:53:43 GMT","-","Prime Tankers LLC","United Arab Emirates","25° 24' 19"" N","56° 28' 58"" E"
"Seamarlin","product tanker","Kiel","Lindenau GmbH, Schiffswerft & Maschinenfabrik","390851","Live","Germany",10304,"MR 2, 35'-45'dwt",40550,"Double Hull","DDSL",26548,"S 275","188.18","179.50","32.20","32.20","11.00","6.05","MAN Energy Solutions SE","Bremen","-","German Tanker Shipping GmbH & Company KG","Germany","German Tanker Shipping GmbH & Company KG","Germany","German Tanker Shipping GmbH & Company KG","Germany","Trafigura Beheer B.V.","Netherlands","-","-","9380489","218085000","17.05",2007,"-","-","-","-","MAN Energy Solutions SE",8340,11338,"8L58/64CD","Assuranceforeningen Skuld","DNV","-","-","-","-","2012-07-18T00:00:00","-","-","-","German Tanker Shipping GmbH & Company KG","Germany","German Tanker Shipping GmbH & Company KG","Germany","BEANR","-","A","25 Apr 2026 10:18:22 GMT","22 Apr 2026 17:00:00 GMT","German Tanker Shipping GmbH & Company KG","Germany","51° 47' 39"" N","3° 20' 40"" E"
"Kei","product tanker","Taizhou(Jiangsu)","Taizhou Sanfu Ship Engineering Company Limited","390975","Live","Indonesia",4986,"General Purpose, 10'-25'dwt",16500,"Double Hull","YBBC2",11360,"SF050207","144.00","135.60","23.00","23.00","8.82","3.68","Unknown Engine Designer","Belawan","-","Waruna Group","Indonesia","PT Waruna Nusa Sentana","Indonesia","PT Global Maritim Industri","Indonesia","-","-","-","-","9475387","525020372","12.50",2010,"-","-","-","-","-",4378,5952,"6S42MC7","London Steamship Owners Mutual Insurance Association Ltd","Biro Klasifikasi Indonesia","-","-","-","-","2017-05-10T00:00:00","-","-","-","PT Waruna Ship Management","Indonesia","PT Waruna Ship Management","Indonesia","TG WANGI","-","A","25 Apr 2026 09:25:48 GMT","24 Apr 2026 16:06:00 GMT","PT Waruna Nusa Sentana","Indonesia","7° 59' 24"" S","114° 28' 24"" E"
"USNS John Lenthall","Tanker (unspecified)","Avondale","Avondale Industries Incorporated","391295","Live","U.S.A.",8992,"MR 1, 25'-35'dwt",28115,"Single","NJLN",25742,"2347","206.50","198.12","-","29.72","10.97","4.42","Semt Pielstick SA","-","-","Government of the United States of America","United States of America","United States Govt Military Sealift Command","United States of America","United States Govt Military Sealift Command","United States of America","-","-","-","-","8325547","367932000","15.39",1987,"-","-","-","-","-",12346,16556,"10PC4-2V-570","-","American Bureau","-","-","2020-07-01T00:00:00","2020-07-01T00:00:00","2017-07-17T00:00:00","2017-07-17T00:00:00","-","-","-","-","United States Govt Military Sealift Command","United States of America","-","-","A","19 Apr 2026 02:49:08 GMT","-","United States Govt Military Sealift Command","United States of America","36° 26' 35"" N","4° 11' 6"" W"
"Melody","product tanker","Guangzhou","CSSC Offshore & Marine Engineering Group Company Limited","3998460","Live","Marshall Islands",11100,"MR 2, 35'-45'dwt",38435,"Double Hull","V7OM3",24066,"06131014","183.00","174.50","27.40","27.40","11.62","5.18","B&W Diesel A/S","Majuro","-","Krontiras Group of Companies","Greece","Roxana Shipping S.A.","Greece","MLD Empressa Maritima Incorporated","Marshall Islands","ARAMCO Trading Company (ATC)","Saudi Arabia","-","-","9476135","538003113","16.80",2008,"-","-","-","-","Dalian Marine Diesel Company Limited",9480,10955,"6S50MC-C","NorthStandard","Nippon Kaiji Kyokai","-","-","2021-03-02T00:00:00","-","2018-05-13T00:00:00","-","-","-","Roxana Shipping S.A.","Greece","Roxana Shipping S.A.","Greece","YANBU","-","A","25 Apr 2026 10:13:54 GMT","23 Apr 2026 07:00:00 GMT","Roxana Shipping S.A.","Greece","23° 54' 58"" N","38° 16' 52"" E"
"Yuan Chi","product tanker","Guangzhou","CSSC Offshore & Marine Engineering Group Company Limited","406861","Live","China",11381,"MR 2, 35'-45'dwt",42005,"Double Hull","BOBN9",26992,"06130010","187.80","178.00","31.50","31.50","10.50","6.30","B&W Diesel A/S","Shanghai","-","China COSCO Shipping Corporation Limited (China Cosco Shipping Group) (COSCO Shipping) (COSCOCS)","People's Republic of China","COSCO Shipping Energy Transportation Company Limited (CSET)","People's Republic of China","COSCO Shipping Tanker (Shanghai) Company Limited","People's Republic of China","-","-","-","-","9390721","413219090","16.80",2009,"-","-","-","-","Dalian Marine Diesel Company Limited",8580,11506,"6S50MC","China Shipowners Mutual Assurance Association","China Classification","-","-","-","-","2019-07-30T00:00:00","-","-","-","COSCO Shipping Energy Transportation Company Limited (CSET)","People's Republic of China","COSCO Shipping Energy Transportation Company Limited (CSET)","People's Republic of China","SUI ZHONG","-","A","25 Apr 2026 10:07:25 GMT","24 Apr 2026 23:42:00 GMT","COSCO Shipping Energy Transportation Company Limited (CSET)","People's Republic of China","40° 4' 1"" N","120° 2' 51"" E"
"Jabbar Hashimov","product tanker","Zelenodolsk","Zelenodolsk Shipyard","426078","Live","Azerbaijan",3517,"General Purpose, 10'-25'dwt",12361,"Double Hull","4JNO",7226,"261","149.35","141.77","17.30","17.30","7.00","3.10","Wartsila Corporation","Baku","-","Azerbaijan Caspian Shipping Closed Joint Stock Company (ASCO)","Republic of Azerbaijan","Azerbaijan Caspian Shipping Closed Joint Stock Company (ASCO)","Republic of Azerbaijan","Azerbaijan Caspian Shipping Closed Joint Stock Company (ASCO)","Republic of Azerbaijan","-","-","-","-","9394064","423303100","10.10",2008,"-","-","-","-","Wartsila Finland oy",2760,3670,"6L32","Hydor AS","Russian Register of Ships","-","-","-","-","2018-10-01T00:00:00","-","-","-","Azerbaijan Caspian Shipping Closed Joint Stock Company (ASCO)","Republic of Azerbaijan","Azerbaijan Caspian Shipping Closed Joint Stock Company (ASCO)","Republic of Azerbaijan","-","-","A","25 Apr 2026 06:25:20 GMT","-","Azerbaijan Caspian Shipping Closed Joint Stock Company (ASCO)","Republic of Azerbaijan","40° 21' 6"" N","49° 54' 42"" E"
"Princess Maya","product tanker","Nantong","Nantong Tongshun Shipbuilding & Repair Company Limited","426986","Live","Palau",3270,"General Purpose, 10'-25'dwt",11479,"Double Hull","T8A2499",6601,"TS050518","123.35","116.12","19.40","19.40","8.30","2.41","B&W Diesel A/S","Malakal Harbor","-","Princess Maya Shipping Incorporated","Marshall Islands","Princess Maya Shipping Incorporated","Marshall Islands","Princess Maya Shipping Incorporated","Marshall Islands","-","-","-","-","9394466","511422000","10.70",2006,"-","-","-","-","STX Engine Company Limited",3900,5302,"6L35MC","Hydor AS","Indian Register","-","-","-","-","2011-10-15T00:00:00","-","-","-","Orbit Ship Management Services","India","Orbit Ship Management Services","India","SINGAPORE","-","A","25 Apr 2026 10:14:35 GMT","30 Apr 2026 12:00:00 GMT","Princess Maya Shipping Incorporated","Marshall Islands","5° 55' 55"" N","88° 49' 21"" E"
"Evie P.G.","product tanker","Foxhol","De Hoop","430655","Live","Malta",2869,"General Purpose, 10'-25'dwt",10600,"Double Hull","9HA5555",6688,"602","126.95","121.40","19.60","19.60","6.51","2.84","Mak Motoren GmbH & Company KG","Valletta","-","G.W. Pritchard-Gordon (Shipowning) Limited","United Kingdom","Pritchard-Gordon Tankers Limited","United Kingdom","Pritchard-Gordon Tankers Limited","United Kingdom","-","-","-","-","9396359","229683000","9.35",2007,"-","-","-","-","Mak Motoren GmbH & Company KG",3840,5220,"8M32","U.K. Mutual Steam Ship Assurance Association (Bermuda) Ltd","Lloyds Register","-","-","2025-08-05T00:00:00","-","2022-08-09T00:00:00","-","-","-","Pritchard-Gordon Tankers Limited","United Kingdom","Pritchard-Gordon Tankers Limited","United Kingdom","MQ FDF","-","A","25 Apr 2026 10:15:42 GMT","23 Apr 2026 19:00:00 GMT","Pritchard-Gordon Tankers Limited","United Kingdom","14° 34' 21"" N","61° 5' 30"" W"
"Celestial Sea","product tanker","Nantong","Nantong Tongshun Shipbuilding & Repair Company Limited","433224","Live","Iran",3270,"General Purpose, 10'-25'dwt",11479,"Double Hull","EPA6281",6601,"TS051116","123.37","116.00","19.40","19.40","8.31","2.30","B&W Diesel A/S","-","-","Unknown Owners","-","Unknown Owners","-","Infinity 1 Shipping Incorporated","United Arab Emirates","-","-","-","-","9397030","422995400","10.70",2007,"-","-","-","-","STX Engine Company Limited",3900,5226,"6L35MCMK6","-","Phoenix Register of Shipping","Indian Register","-","-","-","2017-06-29T00:00:00","-","-","-","Glory International FZ-LLC","United Arab Emirates","Glory International FZ-LLC","United Arab Emirates","GALLE,SRILANKA","Galle","A","25 Apr 2026 10:16:26 GMT","29 Apr 2026 07:00:00 GMT","Unknown Owners","-","6° 4' 58"" N","90° 38' 29"" E"
"General Skobelev","product tanker","Nizhniy Novgorod","Krasnoye Sormovo Shipbuilding","4389018","Live","Russia",3356,"General Purpose, 10'-25'dwt",13030,"Double Hull","UBKF8",7833,"9","150.15","147.80","17.30","17.30","6.97","3.53","Wartsila China Limited","Taganrog","-","Unknown Owners","-","Unknown Owners","-","'Eneya' LLC","Russian Federation","-","-","-","-","9503304","273335920","10.50",2008,"-","-","-","-","Wartsila Corporation",1620,2172,"9L20","-","Russian Register of Ships","-","-","-","-","2018-07-16T00:00:00","-","-","-","'Eneya' LLC","Russian Federation","'Eneya' LLC","Russian Federation","EGPSD","Port Said","A","25 Apr 2026 10:16:51 GMT","07 May 2026 18:00:00 GMT","Unknown Owners","-","46° 32' 35"" N","8° 5' 52"" W"
"Nasimi","product tanker","Nizhniy Novgorod","Krasnoye Sormovo Shipbuilding","465620","Live","Azerbaijan",3356,"General Purpose, 10'-25'dwt",13030,"Double Hull","4JQB",7833,"6","150.15","147.80","17.30","17.30","6.97","3.53","Unknown Engine Designer","Baku","-","Azerbaijan Caspian Shipping Closed Joint Stock Company (ASCO)","Republic of Azerbaijan","Azerbaijan Caspian Shipping Closed Joint Stock Company (ASCO)","Republic of Azerbaijan","Olympus International Shipping Limited","Republic of Azerbaijan","-","-","-","-","9397676","423046100","10.50",2006,"-","-","-","-","MAN Diesel AS",3240,2339,"9L20","Hydor AS","Russian Register of Ships","-","-","-","-","2017-01-16T00:00:00","-","-","-","Azerbaijan Caspian Shipping Closed Joint Stock Company (ASCO)","Republic of Azerbaijan","Azerbaijan Caspian Shipping Closed Joint Stock Company (ASCO)","Republic of Azerbaijan","-","-","A","25 Apr 2026 08:06:02 GMT","-","Azerbaijan Caspian Shipping Closed Joint Stock Company (ASCO)","Republic of Azerbaijan","40° 26' 30"" N","50° 16' 60"" E"
"Kirana Quintya","product tanker","Setoda","Naikai Zosen Shipbuilding Corporation","470117","Live","Singapore",5100,"General Purpose, 10'-25'dwt",19000,"Double Hull","9VHR8",13202,"715","160.00","152.00","28.00","27.90","7.14","4.06","B&W Diesel A/S","Singapore","-","Nippon Yusen Kabushiki Kaisha (NYK Line) (Nippon Yusen Kaisha)","Japan","NYK Energy Ocean Corporation","Japan","NYK Energy Ocean Asia Private Limited","Republic of Singapore","-","-","-","-","9400796","565897000","11.20",2008,"-","-","-","-","Imex Company Limited",4900,5662,"7S35MC","Japan Shipowners Mutual Protection & Indemnity Association","Nippon Kaiji Kyokai","-","-","2021-03-16T00:00:00","-","2018-06-01T00:00:00","-","-","-","NYK Energy Ocean Shipmanagement Private Limited","Republic of Singapore","NYK Energy Ocean Shipmanagement Private Limited","Republic of Singapore","-","-","A","25 Apr 2026 10:17:10 GMT","-","NYK Energy Ocean Corporation","Japan","1° 17' 5"" S","116° 47' 21"" E"
"SG Pegasus","product tanker","Saiki","K.K. Miura Zosensho","4726992","Live","Panama",4001,"General Purpose, 10'-25'dwt",13086,"Double Hull","3FZE",8195,"1358","132.07","123.25","-","20.00","8.66","2.90","B&W Diesel A/S","Panama","-","Shosei Kisen (KK) Company Limited","Japan","Shosei Kisen (KK) Company Limited","Japan","SG Line S.A.","Panama","Marida Tankers Incorporated","Republic of Singapore","-","-","9494876","357201000","11.40",2011,"-","-","-","-","The Hanshin Diesel Works Limited",4200,5710,"6S35MC","Swedish Club (Sverige Angfartygs Assurans Forening)","Nippon Kaiji Kyokai","-","-","2021-03-25T00:00:00","-","2021-03-25T00:00:00","-","-","-","Anglo-Eastern Shipmanagement (Singapore) Private Limited","Republic of Singapore","Anglo-Eastern Shipmanagement (Singapore) Private Limited","Republic of Singapore","AEPRA","Port Rashid","A","25 Apr 2026 10:16:12 GMT","21 Apr 2026 15:00:00 GMT","Shosei Kisen (KK) Company Limited","Japan","25° 30' 28"" N","54° 52' 5"" E"
"Dynamic Ocean 15","product tanker","Haiphong","Nam Trieu Shipbuilding Industry Corporation(NASICO)","5471258","Live","Vietnam",4544,"General Purpose, 10'-25'dwt",13997,"Double Hull","3WHY7",8888,"T210","145.30","136.60","-","20.80","8.45","2.75","Unknown Engine Designer","Haiphong","-","Hoang Hung Shipping Joint Stock Company","Vietnam","Hoang Hung Shipping Joint Stock Company","Vietnam","Quyet Tam Shipping Company Limited","Vietnam","-","-","-","-","9430674","574013717","11.20",2017,"-","-","-","-","STX Engine Company Limited",5180,7043,"A45S","West of England Mutual Shipowners Protection & Indemnity Association (Luxemburg)","Vietnam","-","-","-","-","-","-","-","-","Quyet Tam Shipping Company Limited","Vietnam","Quyet Tam Shipping Company Limited","Vietnam","SGP","-","A","25 Apr 2026 10:15:52 GMT","24 Apr 2026 03:30:00 GMT","Hoang Hung Shipping Joint Stock Company","Vietnam","1° 50' 10"" N","104° 43' 20"" E"
"Astrea","product tanker","Tuzla","Torgem Shipbuilding Industry & Trade Company Incorporated","6014747","Live","Sweden",3589,"General Purpose, 10'-25'dwt",11215,"Double Hull","SBDA",7366,"90","129.50","122.70","-","19.80","8.15","2.25","The Hanshin Diesel Works Limited","Donso","-","Rederi A/B Veritas Tankers","Sweden","Rederi A/B Veritas Tankers","Sweden","Rederi A/B Veritas Tankers","Sweden","Sirius Rederi AB","Denmark","-","-","9488839","266466000","10.40",2010,"-","-","-","-","The Hanshin Diesel Works Limited",3309,4496,"LH46LA","Swedish Club (Sverige Angfartygs Assurans Forening)","Bureau Veritas","-","-","2025-05-29T00:00:00","2022-07-30T00:00:00","2025-10-01T00:00:00","2025-05-29T00:00:00","-","-","Rederi A/B Veritas Tankers","Sweden","Rederi A/B Veritas Tankers","Sweden","SEGVX","Gavle","A","25 Apr 2026 10:19:12 GMT","25 Apr 2026 16:30:00 GMT","Rederi A/B Veritas Tankers","Sweden","60° 24' 26"" N","19° 1' 50"" E"
"Flores","product tanker","Niigata","Niigata Shipbuilding & Repair Incorporated","625042","Live","Singapore",3236,"General Purpose, 10'-25'dwt",11652,"Double Hull","9VPC5",7120,"N-0017","119.02","114.00","-","21.00","7.52","2.58","Niigata Shipbuilding & Repair Incorporated","Singapore","-","Global Energy (Asia) Private Limited","Republic of Singapore","Global Energy Overseas Private Limited","Republic of Singapore","GEA-Foxtrot Private Limited","Republic of Singapore","-","-","-","-","9412892","565606000","10.10",2007,"-","-","-","-","Niigata Power Systems Company Limited - Niigata Diesel Engine Company Limited",1581,2150,"6MG28HX","NorthStandard","Nippon Kaiji Kyokai","-","-","2020-10-20T00:00:00","-","2017-12-03T00:00:00","-","-","-","Stellar Shipmanagement Services Private Limited","Republic of Singapore","Stellar Shipmanagement Services Private Limited","Republic of Singapore","SALALAH_OM","-","A","25 Apr 2026 10:14:44 GMT","25 Apr 2026 04:00:00 GMT","Global Energy Overseas Private Limited","Republic of Singapore","16° 55' 2"" N","54° 1' 40"" E"
"TG Virgo","product tanker","Fukuoka","Fukuoka Shipbuilding Company Limited","625190","Live","Liberia",6295,"General Purpose, 10'-25'dwt",19954,"Double Hull","5LUW3",11773,"F-1276","144.09","136.46","24.19","24.19","9.63","3.27","Mitsubishi Heavy Industries Limited","Monrovia","-","Unknown Owners","-","Unknown Owners","-","Thetis Shipping Limited","Marshall Islands","-","-","-","-","9416109","636024907","12.90",2009,"-","Unknown Scrubber Manufacturer","Unknown","Unknown","Akasaka Diesels Limited",6230,8470,"7UEC45LA","West of England Mutual Shipowners Protection & Indemnity Association (Luxemburg)","Korean Register","-","-","-","-","-","-","-","-","Tai Rong Shipping Limited","United Kingdom","Tai Rong Shipping Limited","United Kingdom","OM SOH","Sohar","A","25 Apr 2026 10:17:37 GMT","26 Apr 2026 20:30:00 GMT","Unknown Owners","-","17° 14' 20"" N","70° 0' 6"" E"
"Cygni","product tanker","Tuzla","Celik Tekne Shipyard","6301090","Live","Malta",4523,"General Purpose, 10'-25'dwt",14374,"Double Hull","9HA2302",8995,"72","142.98","134.00","21.70","21.70","8.69","2.41","B&W Diesel A/S","Valletta","-","State Oil Company of the Azerbaijan Republic (SOCAR)","Republic of Azerbaijan","SOCAR Logistics DMCC","United Arab Emirates","Thrace Shipping Limited","Malta","-","-","-","-","9427990","248288000","11.10",2010,"-","-","-","-","MAN B&W Diesel AS, Alpha Diesel",4440,6037,"6S35MC","NorthStandard","American Bureau","-","-","2020-03-26T00:00:00","2017-07-10T00:00:00","2020-03-26T00:00:00","2020-03-26T00:00:00","-","-","CSM Denizcilik Limited Sirketi (Chemfleet)","Turkiye","CSM Denizcilik Limited Sirketi (Chemfleet)","Turkiye","SNDKR","-","A","25 Apr 2026 10:18:58 GMT","05 May 2026 20:00:00 GMT","SOCAR Logistics DMCC","United Arab Emirates","55° 31' 21"" N","6° 8' 31"" E"
"Dokken","product tanker","Hachinohe","Kitanihon Shipbuilding Company Limited","6542425","Live","Norway","-","MR 1, 25'-35'dwt",25200,"Double Hull","LG8114",16000,"141","13.00","-","-","26.40","9.85","-","Unknown Engine Designer","Bergen","-","-","-","-","-","-","-","-","-","-","-","9512769","-","-",2014,"-","-","-","-","-","-","-","-","-","-","-","-","-","-","-","-","-","-","-","-","-","-","-","-","-","-","-","Bryggen","-","-","-"
"Stolt Bobcat","product tanker","Yawatahama","Kurinoura Dockyard K.K.","7288542","Live","Liberia",7143,"General Purpose, 10'-25'dwt",23432,"Double Hull","A8XZ9",13526,"396","155.00","145.00","-","24.80","10.22","3.13","Mitsubishi Heavy Industries Limited","Monrovia","-","Stolt-Nielsen Limited","United Kingdom","Stolt Tankers B.V.","Netherlands","Stolt Bobcat B.V.","Cayman Islands","-","-","-","-","9511167","636015004","13.35",2009,"-","-","-","-","Akasaka Diesels Limited",7980,10850,"6UEC52LS","Assuranceforeningen Gard","Lloyds Register","-","-","2024-08-03T00:00:00","-","2024-08-04T00:00:00","-","-","-","Stolt Tankers B.V.","Netherlands","Stolt Tankers B.V.","Netherlands","US HOU","Houston","A","25 Apr 2026 10:12:46 GMT","25 Apr 2026 21:01:00 GMT","Stolt Tankers B.V.","Netherlands","27° 49' 44"" N","92° 56' 54"" W"
"ES Jewel","product tanker","Linhai","Taizhou Maple Leaf Shipbuilding Company Limited","7288543","Live","Singapore",4272,"General Purpose, 10'-25'dwt",13655,"Double Hull","9V5391",8580,"SDG 588","137.76","129.50","21.00","20.80","8.11","2.69","Halliburton Productos Limitada","Singapore","-","ES Group (Holdings) Limited","Republic of Singapore","ES Group (Holdings) Limited","Republic of Singapore","ES Jewel Private Limited","Republic of Singapore","-","-","-","-","9507166","563127800","10.80",2008,"-","-","-","-","Guangzhou Diesel Engine Factory",2060,2380,"8320ZCD-6","-","Vietnam","Korean Register","-","-","-","2018-08-03T00:00:00","-","-","-","OHC Shipmanagement Private Limited","Republic of Singapore","OHC Shipmanagement Private Limited","Republic of Singapore","-","-","A","25 Apr 2026 10:13:19 GMT","-","ES Group (Holdings) Limited","Republic of Singapore","1° 14' 53"" N","103° 48' 26"" E"
"Sea Queen","product tanker","Kochi(JPN)","Imai Zosen K.K.","7350","Live","Moldova",5742,"General Purpose, 10'-25'dwt",15000,"Single","ERMB7",9101,"326","144.00","135.01","19.80","19.79","9.88","2.14","Mitsubishi Heavy Industries Limited","-","-","-","-","-","-","-","-","-","-","-","-","7352531","214111127","12.02",1974,"-","-","-","-","Akasaka Diesels Limited",5966,8000,"8UEC52/105D","-","-","-","-","-","-","1998-07-01T00:00:00","-","-","-","-","-","-","-","-","-","-","-","-","Overseas Shipping","-","-","-"
"UOG Kyma","product tanker","Onomichi","Onomichi Shipbuilding Company Limited","738563","Live","Cyprus",14372,"MR 2, 35'-45'dwt",44995,"Double Hull","5BRR6",28465,"559","182.50","175.00","-","32.20","18.40","0.00","B&W Diesel A/S","-","-","Peter Georgiopoulos & Partners","United States of America","United Overseas Management (Hellas) Limited","Greece","UOG Kyma LLC","Marshall Islands","-","-","-","-","9433810","212623000","18.40",2011,"-","-","-","-","-",8580,11506,"6S50MC6","NorthStandard","Lloyds Register","-","-","2024-02-25T00:00:00","-","2016-01-10T00:00:00","-","-","-","General Ship Management Private Limited","Greece","General Ship Management Private Limited","Greece","US TXT","-","A","25 Apr 2026 10:15:21 GMT","20 Apr 2026 02:00:00 GMT","United Overseas Management (Hellas) Limited","Greece","29° 21' 58"" N","94° 53' 29"" W"
"DS Cougar","product tanker","Usuki","Shitanoe Shipbuilding","7453894","Live","South Korea",3962,"General Purpose, 10'-25'dwt",12584,"Double Hull","D7UK",7411,"1280","126.50","118.00","-","20.30","8.85","2.65","B&W Diesel A/S","Jeju","-","Ji Hoon Shin","Republic of Korea","DS Shipping Company Limited","Republic of Korea","DS Shipping Company Limited","Republic of Korea","-","-","-","-","9515292","441243000","11.50",2009,"-","-","-","-","Hitachi Shipbuilding Corporation (Innoshima)",4440,5710,"6S35MC","Japan Shipowners Mutual Protection & Indemnity Association","Korean Register","-","-","-","-","2019-10-10T00:00:00","-","-","-","Taikun Shipping Company Limited","Republic of Korea","Taikun Shipping Company Limited","Republic of Korea","SG SIN(PWBGA)","Singapore East Anchorage","A","25 Apr 2026 10:17:50 GMT","26 Apr 2026 00:01:00 GMT","DS Shipping Company Limited","Republic of Korea","2° 13' 31"" N","101° 50' 12"" E"
"Glory Blue","product tanker","Fuzhou","Fujian Shenglong Shipbuilding Company Limited","749590","Live","Panama",4626,"General Purpose, 10'-25'dwt",14000,"Double Hull","3FVB5",9366,"SL701","146.00","137.20","22.00","22.00","7.94","2.86","B&W Diesel A/S","Panama","-","Khai Hoan Marine Corporation","Vietnam","Khai Hoan Marine Corporation","Vietnam","Khai Hoan Marine Corporation","Vietnam","-","-","-","-","9430686","373367000","10.80",2012,"-","-","-","-","Yichang Marine Diesel Engine Plant",4440,6033,"6S35MC","West of England Mutual Shipowners Protection & Indemnity Association (Luxemburg)","-","Bureau Veritas","-","2019-12-15T00:00:00","2019-12-15T00:00:00","2026-03-01T00:00:00","2017-07-07T00:00:00","2027-06-29T00:00:00","2027-06-29T00:00:00","Khai Hoan Marine Corporation","Vietnam","Khai Hoan Marine Corporation","Vietnam","MY PGG","-","A","25 Apr 2026 10:13:41 GMT","23 Apr 2026 07:00:00 GMT","Khai Hoan Marine Corporation","Vietnam","1° 19' 0"" N","104° 7' 31"" E"
"Sriwangi III","product tanker","Yizheng","Fujian Shenglong Shipbuilding Company Limited","749593","Live","Singapore",4626,"General Purpose, 10'-25'dwt",13954,"Double Hull","9V9707",9366,"SL706","146.00","137.20","-","22.00","7.80","3.00","B&W Diesel A/S","Singapore","-","Kalianda Permata Transport Private Limited","Republic of Singapore","Kalianda Permata Transport Private Limited","Republic of Singapore","Kalianda Permata Transport Private Limited","Republic of Singapore","-","-","-","-","9430739","563223700","10.80",2015,"-","-","-","-","Yichang Marine Diesel Engine Plant",4440,6033,"6S35MC","-","American Bureau","-","-","2019-12-13T00:00:00","2017-11-27T00:00:00","2024-04-01T00:00:00","2019-12-13T00:00:00","-","-","Bernhard Schulte Shipmanagement (Singapore) Private Limited","-","Bernhard Schulte Shipmanagement (Singapore) Private Limited","-","CILACAP","Colombo","A","25 Apr 2026 10:16:25 GMT","02 May 2026 14:00:00 GMT","Kalianda Permata Transport Private Limited","Republic of Singapore","6° 56' 21"" N","79° 44' 4"" E"
"Seapike","product tanker","Kiel","Lindenau GmbH, Schiffswerft & Maschinenfabrik","750241","Live","Germany",11293,"MR 2, 35'-45'dwt",43550,"Double Hull","DEHR",28449,"S 280","199.60","190.70","32.25","32.20","11.00","6.05","MAN Energy Solutions SE","Bremen","-","German Tanker Shipping GmbH & Company KG","Germany","German Tanker Shipping GmbH & Company KG","Germany","TMS Seapike GmbH & Company KG","Germany","Clearlake Shipping Limited","Republic of Singapore","-","-","9423449","218292000","17.05",2009,"-","-","-","-","MAN Energy Solutions SE",9452,12851,"8L58/64","Assuranceforeningen Skuld","DNV","-","-","-","-","2019-06-21T00:00:00","-","-","-","German Tanker Shipping GmbH & Company KG","Germany","German Tanker Shipping GmbH & Company KG","Germany","HNPCR","Puerto Cortes","A","25 Apr 2026 09:18:26 GMT","29 Apr 2026 00:00:00 GMT","German Tanker Shipping GmbH & Company KG","Germany","27° 43' 44"" N","66° 3' 14"" W"
"Storholmen","product tanker","Mokpo","Sekwang Shipbuilding Company Limited","750341","Live","Marshall Islands",4965,"General Purpose, 10'-25'dwt",16848,"Double Hull","V7RU6",11551,"118","144.00","136.00","-","22.60","9.02","3.78","B&W Diesel A/S","Majuro","-","Oaktree Capital Management LP","United States of America","Oaktree Capital Management LP","United States of America","OCM Tuna Storholmen LLC","Marshall Islands","Alliance Maritime","Netherlands","-","-","9436408","538005554","12.80",2009,"-","-","-","-","STX Engine Company Limited",5920,8080,"8S35MC","U.K. Mutual Steam Ship Assurance Association (Bermuda) Ltd","American Bureau","-","-","2020-04-27T00:00:00","2017-11-07T00:00:00","2015-04-28T00:00:00","2015-01-06T00:00:00","-","-","Norbulk Shipping UK Limited","United Kingdom","Norbulk Shipping UK Limited","United Kingdom","GALV.FW ANCH.","-","A","25 Apr 2026 10:15:25 GMT","24 Apr 2026 14:30:00 GMT","Oaktree Capital Management LP","United States of America","29° 10' 29"" N","94° 37' 23"" W"
"Emantha","product tanker","Sanmen","Zhejiang Friendship Shipyard Company Limited","7513151","Live","Panama",5037,"General Purpose, 10'-25'dwt",16500,"Double Hull","3FSS7",11438,"HY-003","144.00","135.60","23.00","23.00","8.80","3.72","B&W Diesel A/S","Panama","-","Atlantic Management S.A.","Greece","Golden Trust Carriers S.A.","Greece","Top Leader Shipping Incorporated","Marshall Islands","-","-","-","-","9469455","353339000","12.50",2010,"-","-","-","-","STX Engine Company Limited",4440,6033,"6S35MC-MK7","-","-","-","-","2020-07-30T00:00:00","2017-09-09T00:00:00","2024-01-01T00:00:00","2020-07-30T00:00:00","-","-","Atlantic Management S.A.","Greece","Golden Trust Carriers S.A.","Greece","-","-","A","22 Apr 2026 09:13:22 GMT","-","Golden Trust Carriers S.A.","Greece","4° 30' 21"" N","7° 11' 39"" E"
"Bintang Samudra T","product tanker","Sanmen","Zhejiang Friendship Shipyard Company Limited","7516392","Live","Indonesia",5037,"General Purpose, 10'-25'dwt",16872,"Double Hull","YCHU2",11438,"HY 002","144.71","135.60","-","23.00","8.80","3.72","B&W Diesel A/S","Jakarta","-","P.T. Soechi Group","Indonesia","PT Soechi Lines Tbk","Indonesia","P.T. Putra Utama Line","Indonesia","-","-","Bank of Communications Pacific (Shanghai) Ship Chartering Company Limited","People's Republic of China","9495856","525119080","12.50",2006,"-","-","-","-","STX Engine Company Limited",4440,4853,"6S35MC","NorthStandard","RI (provisional)"," (provisional)"," (provisional)","-","-","2018-07-13T00:00:00","-","-","-","PT  Sukses Inkor Maritim","Indonesia","PT  Sukses Inkor Maritim","Indonesia","ID DUMAI","-","A","25 Apr 2026 10:11:24 GMT","25 Apr 2026 00:00:00 GMT","PT Soechi Lines Tbk","Indonesia","1° 42' 47"" N","101° 28' 12"" E"
"Dijlah","product tanker","Taizhou(Jiangsu)","Taizhou Maple Leaf Shipbuilding Company Limited","756993","Live","Iraq",4527,"General Purpose, 10'-25'dwt",13451,"Double Hull","HNAD",8706,"MLPT12600002","137.76","129.50","21.00","20.80","8.10","2.71","Semt Pielstick SA","Basrah","-","Government of Iraq","Iraq","Iraqi Oil Tankers Company","Iraq","Iraqi Oil Tankers Company","Iraq","-","-","-","-","9424285","425000001","10.80",2007,"-","-","-","-","Shaanxi Diesel Engine Factory",3824,5196,"8PC25L","West of England Mutual Shipowners Protection & Indemnity Association (Luxemburg)","Bureau Veritas","-","-","2025-02-22T00:00:00","2025-02-22T00:00:00","2022-02-01T00:00:00","2022-02-13T00:00:00","-","-","Iraqi Oil Tankers Company","Iraq","Iraqi Oil Tankers Company","Iraq","-","-","A","25 Apr 2026 10:16:28 GMT","-","Iraqi Oil Tankers Company","Iraq","29° 41' 32"" N","48° 41' 26"" E"
"Alforat","product tanker","Taizhou(Jiangsu)","Taizhou Maple Leaf Shipbuilding Company Limited","759916","Live","Iraq",4797,"General Purpose, 10'-25'dwt",13440,"Double Hull","HNFT",8706,"MLPT12600003","137.76","129.50","21.00","20.80","8.10","2.71","Semt Pielstick SA","Basrah","-","Government of Iraq","Iraq","Iraqi Oil Tankers Company","Iraq","Iraqi Oil Tankers Company","Iraq","-","-","-","-","9435428","425000002","10.80",2007,"-","-","-","-","Shaanxi Diesel Engine Factory",3824,5196,"8PC2-5L-400","West of England Mutual Shipowners Protection & Indemnity Association (Luxemburg)","Bureau Veritas","-","-","2024-07-23T00:00:00","2026-02-09T00:00:00","2023-05-01T00:00:00","2016-11-20T00:00:00","-","-","Iraqi Oil Tankers Company","Iraq","Iraqi Oil Tankers Company","Iraq","-","-","A","25 Apr 2026 10:16:28 GMT","-","Iraqi Oil Tankers Company","Iraq","29° 40' 56"" N","48° 43' 52"" E"
"Great Walrus","product tanker","China","Zhejiang Zhenyu Shipbuilding Company Limited","761355","Live","Vietnam",4040,"General Purpose, 10'-25'dwt",13707,"Double Hull","3WQU",8557,"HZY2006009","137.76","129.50","-","20.80","8.12","2.68","Semt Pielstick SA","Ho Chi Minh City","-","Nautilus Shipping Joint Stock Company","Vietnam","Nautilus Shipping Joint Stock Company","Vietnam","Nautilus Shipping Joint Stock Company","Vietnam","-","-","-","-","9450179","574490000","10.80",2007,"-","-","-","-","Shaanxi Diesel Engine Factory",3824,5128,"8PC2-5L","West of England Mutual Shipowners Protection & Indemnity Association (Luxemburg)","Vietnam","Nippon Kaiji Kyokai","-","2020-08-08T00:00:00","-","2017-08-15T00:00:00","-","-","-","Seagull Marine Petroleum Corporation","Vietnam","Seagull Marine Petroleum Corporation","Vietnam","PEBG""C"" SGP","-","A","25 Apr 2026 10:16:04 GMT","23 Apr 2026 16:00:00 GMT","Nautilus Shipping Joint Stock Company","Vietnam","1° 14' 21"" N","103° 48' 8"" E"
"Julio A","product tanker","Busan","K Shipbuilding Company Limited","761540","Live","Argentina",3723,"General Purpose, 10'-25'dwt",12877,"Double Hull","LW2723",8242,"5035","120.00","113.00","-","20.40","8.65","3.25","B&W Diesel A/S","-","-","National Shipping S.A.","Argentina","National Shipping S.A.","Argentina","National Shipping S.A.","Argentina","-","-","-","-","9452816","701124000","11.90",2009,"-","-","-","-","STX Engine Company Limited",4440,4853,"6S35MC","Steamship Mutual Underwriting Association (Bermuda) Ltd","VN (provisional)","LR (provisional)"," (provisional)","2025-05-12T00:00:00","-","2024-04-20T00:00:00","-","-","-","National Shipping S.A.","Argentina","National Shipping S.A.","Argentina","DOCK SUD","-","A","25 Apr 2026 10:16:19 GMT","24 Apr 2026 01:00:00 GMT","National Shipping S.A.","Argentina","34° 37' 57"" S","58° 20' 30"" W"
"Estefania H","product tanker","Fuzhou","PLA 4807 Shipyard","762696","Live","Argentina",4005,"General Purpose, 10'-25'dwt",12000,"Double Hull","LW3703",8479,"14","134.85","126.00","22.00","22.00","7.60","3.00","B&W Diesel A/S","Buenos Aires","-","Navios Maritime Partners L.P.","Monaco","Navios South American Logistics Incorporated (Navios Logistics)","Uruguay","Compania Navios Argentina SA","Argentina","-","-","-","-","9444833","701131000","10.60",2008,"-","-","-","-","-",4440,4853,"6S35MC","-","RINA Services S.p.A.","-","-","-","-","2018-05-04T00:00:00","-","-","-","Compania Navios Argentina SA","Argentina","Compania Navios Argentina SA","Argentina","-","-","A","25 Apr 2026 10:18:02 GMT","-","Navios South American Logistics Incorporated (Navios Logistics)","Uruguay","34° 46' 3"" S","57° 48' 48"" W"
"Songa Topaz","product tanker","Tongyeong","Samho Shipbuilding Company Limited","763578","Live","Marshall Islands",5265,"General Purpose, 10'-25'dwt",17596,"Double Hull","V7PS6",11472,"SH-1205","144.00","136.00","-","22.60","9.21","3.29","B&W Diesel A/S","Majuro","-","Unknown Owners","-","Unknown Owners","-","Hirai Line Company Limited & Kaho Shipping Company Limited","Japan","-","-","-","-","9460461","538003279","12.50",2009,"-","CR Ocean Engineering","Unknown","Unknown","STX Engine Company Limited",4760,6472,"8S35MC","NorthStandard","Korean Register","-","-","-","-","-","-","-","-","Songa Shipmanagement Limited","United Kingdom","Songa Shipmanagement Limited","United Kingdom","SOHAR","-","A","25 Apr 2026 10:12:33 GMT","27 Apr 2026 17:00:00 GMT","Unknown Owners","-","17° 51' 7"" N","57° 6' 15"" E"
"Hakkasan","bunkering tanker","Niigata","Niigata Shipbuilding & Repair Incorporated","8352915","Live","Marshall Islands",3236,"General Purpose, 10'-25'dwt",11647,"Double Hull","V7KO4",7120,"N-0033","119.02","114.00","-","21.00","7.50","2.60","Yanmar Diesel Engine Company Limited","Majuro","-","Koilakos family","Greece","Coral Shipping Corporation","Greece","Hakkasan Shipping Incorporated","Marshall Islands","-","-","-","-","9474369","538006183","10.10",2008,"-","-","-","-","Yanmar Diesel Engine Company Limited",3240,2501,"6EY26","-","DNV","-","-","-","-","2018-12-08T00:00:00","-","-","-","Coral Shipping Corporation","Greece","Coral Shipping Corporation","Greece","-","-","A","25 Apr 2026 06:12:30 GMT","-","Coral Shipping Corporation","Greece","20° 7' 44"" S","57° 28' 27"" E"
"Arnab","product tanker","Nantong","Nantong Tongshun Shipbuilding & Repair Company Limited","8408194","Live","Panama",3270,"General Purpose, 10'-25'dwt",11609,"Double Hull","3FYQ5",6601,"TS070116","123.35","116.12","20.00","19.40","8.30","2.40","B&W Diesel A/S","Panama","-","Al Ghanem Group","United Arab Emirates","Emirates Shipping Company LLC","United Arab Emirates","AR Arnab Incorporated","Panama","-","-","-","-","9510618","352598000","10.70",2008,"-","-","-","-","-",4200,4853,"6S35MC","West of England Mutual Shipowners Protection & Indemnity Association (Luxemburg)","DNV","-","-","-","-","-","-","-","-","Emirates Shipping Company LLC","United Arab Emirates","Emirates Shipping Company LLC","United Arab Emirates","AE KLF","-","A","25 Apr 2026 03:53:02 GMT","24 Apr 2026 13:00:00 GMT","Emirates Shipping Company LLC","United Arab Emirates","25° 21' 13"" N","56° 30' 55"" E"
"Sei Pakning","product tanker","China","Zhejiang Chenye Shipbuilding Company Limited","8934797","Live","Indonesia",7251,"MR 1, 25'-35'dwt",29756,"Double Hull","PODV",24167,"CH0802","180.03","173.00","30.52","30.49","9.02","6.89","B&W Diesel A/S","Jakarta","-","PT Pertamina (Persero)","Indonesia","P.T. Pertamina Patra Niaga","Indonesia","P.T. Pertamina Patra Niaga","Indonesia","-","-","-","-","9509891","525008069","15.91",2011,"-","-","-","-","HD Hyundai Heavy Industries Company Limited",4440,8813,"6S42MC","NorthStandard","DNV","Biro Klasifikasi Indonesia","-","-","-","2016-10-14T00:00:00","-","2026-08-24T00:00:00","2026-08-24T00:00:00","-","-","P.T. Pertamina Patra Niaga","Indonesia","-","-","A","25 Apr 2026 10:16:45 GMT","-","P.T. Pertamina Patra Niaga","Indonesia","7° 45' 1"" S","109° 0' 40"" E"
"Sungai Gerong","product tanker","China","Zhejiang Chenye Shipbuilding Company Limited","8934799","Live","Indonesia",7253,"MR 1, 25'-35'dwt",29756,"Double Hull","POJO",24167,"CH0803","180.00","173.00","30.53","15.90","9.00","6.90","B&W Diesel A/S","Jakarta","-","PT Pertamina (Persero)","Indonesia","P.T. Pertamina Patra Niaga","Indonesia","P.T. Pertamina Patra Niaga","Indonesia","-","-","-","-","9509906","525008073","15.90",2011,"-","-","-","-","HD Hyundai Heavy Industries Company Limited",6570,8810,"6S42MC","NorthStandard","DNV","Biro Klasifikasi Indonesia","Bureau Veritas","-","-","2016-12-31T00:00:00","-","-","-","-","-","P.T. Pertamina Patra Niaga","Indonesia","KALBUT-SITUBONDO","Kalbut Situbondo","A","25 Apr 2026 09:37:46 GMT","25 Apr 2026 14:00:00 GMT","P.T. Pertamina Patra Niaga","Indonesia","7° 50' 1"" S","114° 55' 33"" E"
"Sambu","product tanker","China","Zhejiang Chenye Shipbuilding Company Limited","8934801","Live","Indonesia",7253,"MR 1, 25'-35'dwt",29756,"Double Hull","YFQE",24167,"CH0801","180.00","173.00","30.53","30.50","9.20","6.70","B&W Diesel A/S","Jakarta","-","PT Pertamina (Persero)","Indonesia","PT Pertamina International Shipping (PIS)","Indonesia","PT Pertamina International Shipping (PIS)","Indonesia","-","-","-","-","9508732","525008065","15.90",2010,"-","-","-","-","HD Hyundai Heavy Industries Company Limited",4440,8810,"6S35MC","Assuranceforeningen Gard","DNV","Bureau Veritas","-","-","-","2016-03-21T00:00:00","-","2026-04-26T00:00:00","2026-04-26T00:00:00","PT Pertamina International Shipping (PIS)","Indonesia","PT Pertamina International Shipping (PIS)","Indonesia","ID CXP","-","A","25 Apr 2026 07:41:32 GMT","24 Apr 2026 02:00:00 GMT","PT Pertamina International Shipping (PIS)","Indonesia","7° 44' 48"" S","109° 4' 18"" E"
"Senipah","product tanker","China","Zhejiang Chenye Shipbuilding Company Limited","8934802","Live","Indonesia",7253,"MR 1, 25'-35'dwt",29756,"Double Hull","JZYW",24167,"CH0804","180.00","173.00","30.53","30.50","9.00","6.90","B&W Diesel A/S","Jakarta","-","PT Pertamina (Persero)","Indonesia","P.T. Pertamina Patra Niaga","Indonesia","P.T. Pertamina Patra Niaga","Indonesia","-","-","-","-","9509918","525008120","15.90",2014,"-","-","-","-","HD Hyundai Heavy Industries Company Limited",4440,8816,"6S35MC","NorthStandard","DNV","Bureau Veritas","-","-","-","2018-12-05T00:00:00","-","-","-","-","-","P.T. Pertamina Patra Niaga","Indonesia","TG PRIOK","-","A","25 Apr 2026 10:17:00 GMT","23 Apr 2026 16:30:00 GMT","P.T. Pertamina Patra Niaga","Indonesia","6° 0' 54"" S","106° 55' 10"" E"
"Spectrum","product tanker","Jiangdu","Yangzhou Kejin Shipyard Company Limited","8991667","Live","Marshall Islands",5492,"General Purpose, 10'-25'dwt",21999,"Double Hull","V7B2875",14355,"KJ-07050","138.50","130.00","-","26.00","9.81","4.49","Daihatsu Infinearth Manufactoring Company Limited","Majuro","-","Peninsula Petroleum Consolidated Limited","Republic of Ireland","Peninsula Petroleum SL","Spain","Parakeet Shipping Limited","Malta","-","-","-","-","9535412","538012455","14.30",2009,"-","-","-","-","Daihatsu Infinearth Manufactoring Company Limited",3309,4499,"6DKM-36","-","Nippon Kaiji Kyokai","-","-","2019-01-28T00:00:00","-","2019-04-19T00:00:00","-","-","-","Peninsula Petroleum SL","Spain","Peninsula Petroleum SL","Spain","GIGIB","-","A","25 Apr 2026 10:15:46 GMT","25 Apr 2026 12:00:00 GMT","Peninsula Petroleum SL","Spain","36° 7' 30"" N","5° 22' 17"" W"
"Chang An Zhou","product tanker","China","Zijinshan Shipyard","9107538","Live","China",7127,"MR 1, 25'-35'dwt",27112,"Double Hull","BUSZ",18387,"T003","158.00","149.00","-","27.80","9.50","5.50","B&W Diesel A/S","Nanjing","-","China Merchants Group Limited","Hong Kong, S.A.R., China","Nanjing Tanker Corporation","People's Republic of China","Nanjing Tanker Corporation","People's Republic of China","-","-","-","-","9536038","413361010","15.00",2011,"-","-","-","-","-",6480,8690,"6S42MC","Britannia Steam Ship Insurance Association Ltd., The","China Classification","-","-","-","-","2016-11-10T00:00:00","-","-","-","Nanjing Tanker Corporation","People's Republic of China","Nanjing Tanker Corporation","People's Republic of China","NAN JING","Nanjing","A","25 Apr 2026 10:13:32 GMT","23 Apr 2026 06:30:00 GMT","Nanjing Tanker Corporation","People's Republic of China","32° 13' 59"" N","118° 50' 8"" E"
"Chang Ning Zhou","product tanker","China","Zijinshan Shipyard","9107539","Live","China",7127,"MR 1, 25'-35'dwt",27074,"Double Hull","BURV",18324,"T004","158.00","149.00","28.00","27.80","9.50","5.50","B&W Diesel A/S","Nanjing","-","China Merchants Group Limited","Hong Kong, S.A.R., China","Nanjing Tanker Corporation","People's Republic of China","Nanjing Tanker Corporation","People's Republic of China","-","-","-","-","9536040","413361020","15.00",2012,"-","-","-","-","Jiangsu Antai Power Machinery Co Ltd",6480,8690,"6S42MC","NorthStandard","China Classification","-","-","-","-","2017-06-14T00:00:00","-","-","-","Nanjing Tanker Corporation","People's Republic of China","Nanjing Tanker Corporation","People's Republic of China","NAN JING","-","A","25 Apr 2026 10:15:07 GMT","26 Apr 2026 13:00:00 GMT","Nanjing Tanker Corporation","People's Republic of China","31° 31' 17"" N","121° 23' 2"" E"
"Chang Xing Zhou","product tanker","Yizheng","Zijinshan Shipyard","9107540","Live","China",7127,"MR 1, 25'-35'dwt",27035,"Double Hull","BURD",18382,"T001","158.00","149.00","27.80","27.80","9.50","5.01","B&W Diesel A/S","Nanjing","-","China Merchants Group Limited","Hong Kong, S.A.R., China","Nanjing Tanker Corporation","People's Republic of China","Nanjing Tanker Corporation","People's Republic of China","-","-","-","-","9536026","413358210","15.00",2010,"-","-","-","-","-",6480,8690,"6S42MC","NorthStandard","China Classification","-","-","-","-","-","-","-","-","Nanjing Tanker Corporation","People's Republic of China","Nanjing Tanker Corporation","People's Republic of China","ZHOUSHAN","-","A","25 Apr 2026 10:16:03 GMT","24 Apr 2026 12:30:00 GMT","Nanjing Tanker Corporation","People's Republic of China","29° 54' 35"" N","122° 12' 49"" E"
"Chang Wang Zhou","product tanker","China","Zijinshan Shipyard","9107549","Live","China",7127,"MR 1, 25'-35'dwt",27114,"Double Hull","BURM",18324,"ZJS-T002","158.00","149.00","-","27.80","9.50","5.50","B&W Diesel A/S","Nanjing","-","China Merchants Group Limited","Hong Kong, S.A.R., China","Nanjing Tanker Corporation","People's Republic of China","Nanjing Tanker Corporation","People's Republic of China","-","-","-","-","9536014","413358220","15.00",2011,"-","-","-","-","Jiangsu Antai Power Machinery Co Ltd",6480,8690,"6S42MC","Britannia Steam Ship Insurance Association Ltd., The","China Classification","-","-","-","-","2016-06-03T00:00:00","-","-","-","Nanjing Tanker Corporation","People's Republic of China","Nanjing Tanker Corporation","People's Republic of China","ZHOU SHAN","-","A","25 Apr 2026 10:18:08 GMT","25 Apr 2026 14:00:00 GMT","Nanjing Tanker Corporation","People's Republic of China","29° 56' 56"" N","122° 8' 1"" E"
"Hong Da Hai 10","product tanker","Ningbo","Ningbo Dongfang Shipyard Company Limited","9146896","Live","China",3567,"General Purpose, 10'-25'dwt",11211,"Double Hull","BPAP3",7570,"DFC06-043","134.50","126.00","-","20.00","7.60","2.61","Yanmar Diesel Engine Company Limited","Ningbo","-","Ningbo Hengxing Shipping Company Limited","People's Republic of China","Ningbo Hengxing Shipping Company Limited","People's Republic of China","Ningbo Hengxing Shipping Company Limited","People's Republic of China","-","-","-","-","9536351","413384160","10.20",2009,"-","-","-","-","Qingdao Zichai Boyang Diesel Engine Company Limited",3310,3824,"8N330-EN","-","China Classification","-","-","-","-","2018-11-05T00:00:00","-","-","-","Ningbo Hengxing Shipping Company Limited","People's Republic of China","Ningbo Hengxing Shipping Company Limited","People's Republic of China","WEN ZHOU","Wenzhou Port","A","25 Apr 2026 10:15:28 GMT","26 Apr 2026 06:30:00 GMT","Ningbo Hengxing Shipping Company Limited","People's Republic of China","28° 46' 8"" N","122° 28' 21"" E"
"Aconcagua","product tanker","Ningbo","Ningbo Beilun Lantian (Blue Sky Shipbuilding Company Limited)","9281982","Live","Ecuador",4464,"General Purpose, 10'-25'dwt",13968,"Double Hull","HC6839",8814,"HB2001","142.60","135.00","21.00","20.80","8.20","3.00","Unknown Engine Designer","Guayaquil","-","MARZAM Corporation","Ecuador","Marzam Compania Limitada","Ecuador","Marzam Compania Limitada","Ecuador","-","-","-","-","9526681","735060601","11.20",2010,"-","-","-","-","STX Engine Company Limited",4440,5954,"8N330-EN","-","China Classification","-","-","-","-","-","-","-","-","Maritima de Comercio Cia Ltda (MARDCOM)","Ecuador","Maritima de Comercio Cia Ltda (MARDCOM)","Ecuador","GYE-CUARENTENA","Guayaquil","A","25 Apr 2026 10:13:59 GMT","25 Apr 2026 07:00:00 GMT","Marzam Compania Limitada","Ecuador","2° 36' 46"" S","80° 11' 8"" W"
"Liao You 121","product tanker","Fu'an","PLA 4807 Shipyard","9456326","Live","China",4750,"General Purpose, 10'-25'dwt",12000,"Double Hull","BPLL6",8482,"-","134.85","126.00","-","22.00","7.50","3.10","B&W Diesel A/S","Dalian","-","COSCO PetroChina Shipping Company Limited","People's Republic of China","COSCO PetroChina Shipping Company Limited","People's Republic of China","COSCO PetroChina Shipping Company Limited","People's Republic of China","-","-","-","-","8733017","413200370","10.60",2007,"-","-","-","-","Yichang Marine Diesel Engine Plant",4440,5131,"6S35MC","Steamship Mutual Underwriting Association (Bermuda) Ltd","China Classification","-","-","-","-","2017-03-30T00:00:00","-","-","-","Taizhou Petrochina Shipping Company Limited","People's Republic of China","Taizhou Petrochina Shipping Company Limited","People's Republic of China","BA YU QUAN","-","A","25 Apr 2026 10:15:30 GMT","24 Apr 2026 22:30:00 GMT","COSCO PetroChina Shipping Company Limited","People's Republic of China","40° 18' 1"" N","122° 4' 32"" E"
"Kaimon Galaxy","product tanker","Akitsu","Shin Kurushima Dockyard Company Limited","9635143","Live","Marshall Islands",7638,"MR 1, 25'-35'dwt",26020,"Double Hull","V7XH3",16703,"5716","159.03","151.50","-","27.10","10.04","4.16","Mitsubishi Heavy Industries Limited","Majuro","-","Mitsui O.S.K. Lines Limited (MOL)","Japan","MOL Chemical Tankers Private Limited","Republic of Singapore","MOL Chemical Tankers Private Limited","Republic of Singapore","-","-","-","-","9552472","538004480","14.20",2012,"-","-","-","-","Kobe Diesel Company Limited",7470,8182,"6UEC52LA","Britannia Steam Ship Insurance Association Ltd., The","Nippon Kaiji Kyokai","-","-","2020-06-15T00:00:00","-","2017-03-06T00:00:00","-","-","-","Unix Line Private Limited","Republic of Singapore","Unix Line Private Limited","Republic of Singapore","US HOU","-","A","25 Apr 2026 10:15:25 GMT","22 Apr 2026 14:00:00 GMT","MOL Chemical Tankers Private Limited","Republic of Singapore","29° 20' 3"" N","94° 33' 6"" W"
"Splendour","product tanker","Jiangdu","Yangzhou Kejin Shipyard Company Limited","9812806","Live","Malta",5492,"General Purpose, 10'-25'dwt",21946,"Double Hull","9HA5477",14355,"KJ-07051","138.50","130.29","-","26.00","9.82","4.48","Daihatsu Infinearth Manufactoring Company Limited","Valletta","-","Peninsula Petroleum Consolidated Limited","Republic of Ireland","Peninsula Petroleum SL","Spain","Nightjar Shipping Limited","Malta","-","-","-","-","9535448","229366000","14.30",2009,"-","-","-","-","Daihatsu Infinearth Manufactoring Company Limited",6618,4499,"6DKM-36","-","Nippon Kaiji Kyokai","-","-","2019-11-14T00:00:00","-","2019-11-14T00:00:00","-","-","-","Peninsula Petroleum SL","Spain","Peninsula Petroleum SL","Spain","-","-","A","25 Apr 2026 10:17:45 GMT","-","Peninsula Petroleum SL","Spain","20° 9' 21"" S","57° 26' 24"" E"
"Evelpis","Tanker (unspecified)","Jiangdu","Yangzhou Kejin Shipyard Company Limited","9815796","Live","Liberia",3441,"General Purpose, 10'-25'dwt",11135,"Double Hull","5LWB6",7267,"KJ-07067","130.20","122.10","-","18.60","7.40","3.40","MAN Energy Solutions SE","Monrovia","-","Fostiropoulos Group of Companies","Greece","Fairsky Shipping & Trading S.A.","Greece","Evelpis Maritime Limited","Cyprus","-","-","-","-","9548158","636025154","10.80",2010,"-","-","-","-","Shaanxi Diesel Engine Factory",3752,5098,"8L32/40","American Steamship Owners Mutual Protection & Indemnity Association","China Classification","-","-","-","-","2015-09-01T00:00:00","-","-","-","-","-","Fairsky Shipping & Trading S.A.","Greece","FOR ORDERS","-","A","25 Apr 2026 10:15:38 GMT","25 Apr 2026 05:00:00 GMT","Fairsky Shipping & Trading S.A.","Greece","31° 15' 49"" N","29° 43' 56"" E"
"John Ericsson","Tanker (unspecified)","Avondale","Avondale Industries Incorporated","9838021","Live","U.S.A.",8992,"MR 1, 25'-35'dwt",28115,"Single","NNJE",25742,"2358","198.12","198.12","-","29.72","10.97","4.42","Semt Pielstick SA","-","-","Government of the United States of America","United States of America","United States Govt Military Sealift Command","United States of America","United States Govt Military Sealift Command","United States of America","-","-","-","-","8511512","367221000","15.39",1991,"-","-","-","-","-",12309,16507,"10PC4-2V-570","-","American Bureau","-","-","-","-","2010-06-09T00:00:00","-","-","-","-","-","United States Govt Military Sealift Command","United States of America","0","-","A","04 Feb 2026 22:22:28 GMT","28 Jun 2026 02:00:00 GMT","United States Govt Military Sealift Command","United States of America","40° 27' 18"" N","74° 3' 13"" W"
"Lady Victoria I","product tanker","Nizhniy Novgorod","Krasnoye Sormovo Shipbuilding","9883543","Live","Liberia",3356,"General Purpose, 10'-25'dwt",13000,"Double Hull","5LNG8",7848,"1961911","150.15","143.11","17.30","17.30","6.97","3.54","Wartsila China Limited","Monrovia","-","Unknown Owners","-","Unknown Owners","-","Bovas Freight and Transport Limited","Liberia","-","-","-","-","9539810","636023347","10.50",2009,"-","-","-","-","Wartsila SACM",1620,1872,"9L20","West of England Mutual Shipowners Protection & Indemnity Association (Luxemburg)","DNV","Bureau Veritas","-","-","-","2020-03-06T00:00:00","-","-","-","Navias Ship Management LLC","United Arab Emirates","Navias Ship Management LLC","United Arab Emirates","-","-","A","25 Apr 2026 10:16:01 GMT","-","Unknown Owners","-","6° 21' 45"" N","3° 20' 39"" E"
"Liao You 123","Tanker (unspecified)","Fu'an","PLA 4807 Shipyard","9983419","Live","China",4750,"General Purpose, 10'-25'dwt",11999,"Double Hull","BAHC",8482,"SL12","134.85","126.00","-","22.00","7.55","3.05","B&W Diesel A/S","Dalian","-","COSCO PetroChina Shipping Company Limited","People's Republic of China","COSCO PetroChina Shipping Company Limited","People's Republic of China","COSCO PetroChina Shipping Company Limited","People's Republic of China","-","-","-","-","8733029","413200840","10.60",2007,"-","-","-","-","Yichang Marine Diesel Engine Plant",4440,5131,"6S35MC","Steamship Mutual Underwriting Association (Bermuda) Ltd","China Classification","-","-","-","-","2017-11-08T00:00:00","-","-","-","Taizhou Petrochina Shipping Company Limited","People's Republic of China","Taizhou Petrochina Shipping Company Limited","People's Republic of China","PAN JIN","-","A","25 Apr 2026 10:15:43 GMT","25 Apr 2026 09:40:00 GMT","COSCO PetroChina Shipping Company Limited","People's Republic of China","40° 25' 51"" N","121° 49' 32"" E"