Name,LLI Vessel Type,Built At,Built By,LLI NO,Status,Flag,Net Weight,Vessel Type and Size,DWT,Hull Type,Call Sign,Gross Tonnes,Yard Number,Length Overall (m),Length Between Perpendicular (m),Breadth Extreme (m),Breadth Moulded (m),Maximum Draught (m),Freeboard (m),Designed By,Port Of Registry,TEU Capacity,Beneficial Owner,Beneficial Owner Country/Region,Commercial Operator,Commercial Operator Country/Region,Registered Owner,Registered Owner Country/Region,Third Party Operator,Third Party Operator Country/Region,Nominal Owner,Nominal Owner Country/Region,IMO,MMSI,Depth (m),Built,Scrubber installation type,Scrubber manufacturer,Scrubber operating arrangement,Scrubber type,Engine Built By,Engine Power (kW),Engine Horsepower,Engine Designation,P & I Club,Class 1,Class 2,Class 3,Last docking survey date,Last intermediate survey date,Last special survey date,Last tailshaft survey date,Next Docking Survey Date,Next Special Survey Date,ISM Manager,ISM Manager Country/Region,Technical Manager,Technical Manager Country/Region,AIS Destination,Matched Destination,Latest AIS message type,Latest AIS message timestamp,AIS ETA,Company contact,Company contact Country/Region,Lat,Lng,# Times In,Total Time In Area
Coral Actinia,Combined LNG and LPG Gas Carrier,Jiangdu,AVIC Dingheng Shipbuilding Company Limited,10526439,Live,Netherlands,1886,"LNG, -100'cbm",6685,Double Hull,PBUC,6288,DH0007,115.00,108.86,17.00,16.80,7.80,2.00,Mak Motoren GmbH & Company KG,Rotterdam,-,Anthony Veder Group N.V.,Netherlands,Anthony Veder Rederijzaken B.V.,Netherlands,Coral Actinia Shipping B.V.,Netherlands,-,-,-,-,9601742,246122000,9.80,2013,-,-,-,-,Caterpillar Motoren Rostock GmbH,6000,8152,6M43,U.K. Mutual Steam Ship Assurance Association (Bermuda) Ltd,Bureau Veritas,-,-,2022-10-02T00:00:00,2026-02-22T00:00:00,2022-10-01T00:00:00,2022-10-02T00:00:00,2028-01-02T00:00:00,2028-01-02T00:00:00,Anthony Veder Rederijzaken B.V.,Netherlands,Anthony Veder Rederijzaken B.V.,Netherlands,KR TSN,Daesan/Seosan,A,03 Jun 2026 12:05:51 GMT,04 Jun 2026 17:00:00 GMT,Anthony Veder Rederijzaken B.V.,Netherlands,"30° 37' 8"" N","124° 44' 52"" E",1,"1 day, 3 hours"
Coral Acropora,Combined LNG and LPG Gas Carrier,Jiangdu,AVIC Dingheng Shipbuilding Company Limited,10526444,Live,Netherlands,1886,"LNG, -100'cbm",6685,Double Hull,PCIG,6288,DH0006,115.00,108.86,-,16.80,7.80,2.00,Mak Motoren GmbH & Company KG,Rotterdam,-,Anthony Veder Group N.V.,Netherlands,Anthony Veder Rederijzaken B.V.,Netherlands,Coral Acropora Shipping B.V.,Netherlands,-,-,-,-,9601730,245389000,9.80,2012,-,-,-,-,-,6000,8152,6M43,U.K. Mutual Steam Ship Assurance Association (Bermuda) Ltd,Bureau Veritas,-,-,2022-10-31T00:00:00,2025-08-12T00:00:00,2025-08-01T00:00:00,2022-10-31T00:00:00,2027-09-20T00:00:00,2027-09-20T00:00:00,Anthony Veder Rederijzaken B.V.,Netherlands,Anthony Veder Rederijzaken B.V.,Netherlands,CN YIZ,Yizheng Port,A,03 Jun 2026 12:10:50 GMT,04 Jun 2026 07:00:00 GMT,Anthony Veder Rederijzaken B.V.,Netherlands,"33° 27' 43"" N","124° 24' 16"" E",14,"1 month, 1 day"
Gaslog Shanghai,Liquefied Natural Gas Carrier,Goeje Is.,Samsung Shipbuilding & Heavy Industries Company Limited,10528060,Live,Bermuda,30876,"LNG VLGC, 100'-200'cbm",82105,Double Hull,ZCEH4,98075,1946,285.12,274.00,43.40,43.40,11.50,14.50,Wartsila Corporation,Hamilton,-,China Development Bank (CDB),People's Republic of China,China Development Bank Financial Leasing Company Limited,People's Republic of China,CL Gas Three Limited,"Hong Kong, S.A.R., China",GasLog Partners LP,Monaco,-,-,9600528,310644000,26.00,2013,-,-,-,-,Wartsila Deutschland GmbH,11400,15288,12V50DF,West of England Mutual Shipowners Protection & Indemnity Association (Luxemburg),American Bureau,-,-,2020-02-01T00:00:00,2020-02-01T00:00:00,2017-11-17T00:00:00,2017-11-17T00:00:00,2028-01-27T00:00:00,2028-01-27T00:00:00,Gaslog LNG Services Limited,Greece,Gaslog LNG Services Limited,Greece,FOR ORDERS,-,A,03 Jun 2026 11:19:08 GMT,01 Jun 2026 10:30:00 GMT,China Development Bank Financial Leasing Company Limited,People's Republic of China,"4° 44' 54"" N","79° 59' 54"" E",1,"1 day, 5 hours"
Gaslog Santiago,Liquefied Natural Gas Carrier,Goeje Is.,Samsung Shipbuilding & Heavy Industries Company Limited,10528147,Live,Bermuda,30876,"LNG VLGC, 100'-200'cbm",82179,Double Hull,ZCEH5,98451,1947,285.12,274.00,43.40,43.40,11.50,14.50,Wartsila Corporation,Hamilton,-,China Development Bank (CDB),People's Republic of China,China Development Bank Financial Leasing Company Limited,People's Republic of China,Shenzhen Qianhai Shengli-IV Leasing Limited,People's Republic of China,GasLog Partners LP,Monaco,-,-,9600530,310652000,26.00,2013,-,-,-,-,Wartsila Deutschland GmbH,11400,15288,12V50DF,West of England Mutual Shipowners Protection & Indemnity Association (Luxemburg),American Bureau,-,-,2018-05-09T00:00:00,-,2018-05-09T00:00:00,2018-05-09T00:00:00,2028-03-24T00:00:00,2028-03-24T00:00:00,Gaslog LNG Services Limited,Greece,Gaslog LNG Services Limited,Greece,PACIFIC,Dampier,A,03 Jun 2026 11:51:20 GMT,14 Jun 2026 00:01:00 GMT,China Development Bank Financial Leasing Company Limited,People's Republic of China,"2° 20' 47"" S","126° 35' 49"" E",4,"5 days, 2 hours"
Akebono Maru,Liquefied Natural Gas Carrier,Japan,Higaki Shipbuilding Company Limited,10604144,Live,Japan,-,"LNG, -100'cbm",2528,Double Hull,JD3204,4505,677,99.37,93.00,-,17.20,4.61,3.19,The Hanshin Diesel Works Limited,Tokyo,-,Chuo Kaiun K.K.,Japan,Chuo Kaiun K.K.,Japan,Chuo Kaiun K.K.,Japan,-,-,-,-,9554729,431003094,7.80,2011,-,-,-,-,Hanshin Nainenki Kogyo,2942,3945,LH46L,-,Nippon Kaiji Kyokai,-,-,2019-07-23T00:00:00,-,2019-07-23T00:00:00,-,2029-07-22T00:00:00,2029-07-22T00:00:00,NS United Coastal Tanker Kaisha Limited,Japan,NS United Coastal Tanker Kaisha Limited,Japan,>JP HKP SEC.6 OFF,-,A,03 Jun 2026 12:12:46 GMT,04 Jun 2026 09:00:00 GMT,Chuo Kaiun K.K.,Japan,"41° 46' 55"" N","140° 43' 23"" E",2,"8 days, 23 hours"
Asia Energy,Liquefied Natural Gas Carrier,Goeje Is.,Samsung Shipbuilding & Heavy Industries Company Limited,10656273,Live,Bahamas,32639,"LNG VLGC, 100'-200'cbm",82487,Double Hull,C6AX4,101427,1921,285.00,274.00,-,43.40,11.50,14.50,Wartsila Corporation,Nassau,-,Chevron Corporation,United States of America,Chevron Transport Corporation Limited,United States of America,Chevron Transport Corporation Limited,United States of America,-,-,-,-,9606950,311000183,26.00,2014,-,-,-,-,-,21195,28422,12V50DF,NorthStandard,American Bureau,-,-,2019-09-24T00:00:00,-,2019-09-24T00:00:00,2019-09-24T00:00:00,2029-09-21T00:00:00,2029-09-21T00:00:00,Chevron Transport Corporation Limited,United States of America,Chevron Transport Corporation Limited,United States of America,"ZHOUSHAN,CHINA",-,A,03 Jun 2026 12:09:17 GMT,03 Jun 2026 02:00:00 GMT,Chevron Transport Corporation Limited,United States of America,"30° 6' 22"" N","122° 16' 51"" E",1,"1 day, 6 hours"
Asia Endeavour,Liquefied Natural Gas Carrier,Goeje Is.,Samsung Shipbuilding & Heavy Industries Company Limited,10688578,Live,Bahamas,32639,"LNG VLGC, 100'-200'cbm",82435,Double Hull,C6AX6,101427,1942,285.00,274.00,44.00,43.40,11.50,14.90,Wartsila Corporation,Nassau,-,Chevron Corporation,United States of America,Chevron Transport Corporation Limited,United States of America,Chevron Transport Corporation Limited,United States of America,-,-,-,-,9610779,311000185,26.40,2015,-,-,-,-,-,21195,28422,12V50DF,NorthStandard,American Bureau,-,-,2018-03-24T00:00:00,-,-,-,2030-06-16T00:00:00,2030-06-16T00:00:00,Chevron Transport Corporation Limited,United States of America,Chevron Transport Corporation Limited,United States of America,SG SIN,Singapore,A,03 Jun 2026 12:04:57 GMT,06 Jun 2026 00:00:00 GMT,Chevron Transport Corporation Limited,United States of America,"13° 27' 20"" N","113° 39' 57"" E",1,"1 day, 14 hours"
Woodside Rogers,Liquefied Natural Gas Carrier,Okpo,Hanwha Ocean Company Limited,10996576,Live,Greece,31179,"LNG VLGC, 100'-200'cbm",90327,Double Hull,SVBS6,103928,2288,294.20,283.20,44.03,44.00,11.50,14.50,Wartsila Corporation,Piraeus,-,Maran Nakilat Company Limited,Cayman Islands,Maran Nakilat Company Limited,Cayman Islands,Margie Seaway Corporation,Greece,Woodside Energy Group Limited,Australia,-,-,9627485,241254000,26.00,2013,-,-,-,-,Wartsila Italia S.p.A.,21195,28422,9L50DF,NorthStandard,DNV,-,-,-,-,2018-04-26T00:00:00,-,2028-07-01T00:00:00,2028-07-01T00:00:00,Maran Gas Maritime Incorporated,Greece,Maran Gas Maritime Incorporated,Greece,FOR ORDERS,-,A,03 Jun 2026 12:10:46 GMT,11 Jun 2026 21:01:00 GMT,Maran Nakilat Company Limited,Cayman Islands,"16° 41' 10"" N","132° 15' 3"" E",7,"8 days, 8 hours"
Gaslog Sydney,Liquefied Natural Gas Carrier,Goeje Is.,Samsung Shipbuilding & Heavy Industries Company Limited,10997134,Live,Bermuda,30876,"LNG VLGC, 100'-200'cbm",82010,Double Hull,ZCEJ8,98451,2016,285.12,274.00,43.40,43.40,11.50,14.50,Wartsila Corporation,Hamilton,-,China Development Bank (CDB),People's Republic of China,China Development Bank Financial Leasing Company Limited,People's Republic of China,Tianjin Shengli-II Leasing Limited,People's Republic of China,GasLog Partners LP,Monaco,-,-,9626273,310657000,26.00,2013,-,-,-,-,Wartsila SACM,21195,28422,12V50DF,West of England Mutual Shipowners Protection & Indemnity Association (Luxemburg),American Bureau,-,-,2018-06-29T00:00:00,-,2018-06-29T00:00:00,2018-06-29T00:00:00,2028-05-29T00:00:00,2028-05-29T00:00:00,Gaslog LNG Services Limited,Greece,Gaslog LNG Services Limited,Greece,AUDAM,Dampier,A,03 Jun 2026 11:59:04 GMT,04 Jun 2026 16:01:00 GMT,China Development Bank Financial Leasing Company Limited,People's Republic of China,"18° 5' 48"" S","118° 10' 28"" E",4,5 days
Southern Cross,Liquefied Natural Gas Carrier,Shanghai,Hudong-Zhonghua Shipbuilding (Group) Company Limited,10997485,Live,"Hong Kong, S.A.R., China",34264,"LNG VLGC, 100'-200'cbm",96193,Double Hull,VRNU9,114166,H1671A,290.00,280.22,46.95,46.95,11.50,14.75,B&W Diesel A/S,Hong Kong,-,Mitsui O.S.K. Lines Limited (MOL),Japan,MOL (Europe Africa) Limited,United Kingdom,Aries LNG Shipping Limited,"Hong Kong, S.A.R., China",ExxonMobil Corporation,United States of America,-,-,9613147,477476100,26.25,2015,-,-,-,-,Mitsui Engineering & Shipbuilding Company Limited (Tamano),16000,21456,6S70ME-C8.2,U.K. Mutual Steam Ship Assurance Association (Bermuda) Ltd,American Bureau,China Classification,-,2020-08-05T00:00:00,-,2020-08-05T00:00:00,2020-08-05T00:00:00,-,-,MOL Global Ship Management Private Limited,Republic of Singapore,MOL Global Ship Management Private Limited,Republic of Singapore,-,-,A,03 Aug 2025 06:06:53 GMT,-,MOL (Europe Africa) Limited,United Kingdom,"5° 9' 3"" N","115° 17' 17"" E",1,"1 day, 7 hours"
Beidou Star,Liquefied Natural Gas Carrier,Shanghai,Hudong-Zhonghua Shipbuilding (Group) Company Limited,10997895,Live,"Hong Kong, S.A.R., China",34264,"LNG VLGC, 100'-200'cbm",96355,Double Hull,VROK7,114166,H1672A,290.00,280.22,46.95,46.95,11.50,14.75,B&W Diesel A/S,Hong Kong,-,Mitsui O.S.K. Lines Limited (MOL),Japan,MOL (Europe Africa) Limited,United Kingdom,Capricorn LNG Shipping Limited,"Hong Kong, S.A.R., China",ExxonMobil Corporation,United States of America,-,-,9613159,477314400,26.25,2015,-,-,-,-,Mitsui Engineering & Shipbuilding Company Limited (Tamano),16000,21456,6S70ME-C8.2,U.K. Mutual Steam Ship Assurance Association (Bermuda) Ltd,American Bureau,China Classification,-,2020-08-29T00:00:00,-,2020-08-31T00:00:00,2020-08-29T00:00:00,-,-,MOL Global Ship Management Private Limited,Republic of Singapore,MOL Global Ship Management Private Limited,Republic of Singapore,-,-,A,31 Jul 2025 08:23:57 GMT,-,MOL (Europe Africa) Limited,United Kingdom,"5° 9' 1"" N","115° 19' 50"" E",1,"1 day, 7 hours"
Gaslog Skagen,Liquefied Natural Gas Carrier,Goeje Is.,Samsung Shipbuilding & Heavy Industries Company Limited,10998670,Live,Bermuda,30876,"LNG VLGC, 100'-200'cbm",81847,Double Hull,ZCEJ7,98451,2017,285.12,274.00,43.40,43.40,11.50,13.90,Wartsila Corporation,Hamilton,-,China Development Bank (CDB),People's Republic of China,China Development Bank Financial Leasing Company Limited,People's Republic of China,Tianjin Shengli-I Leasing Limited,People's Republic of China,GasLog Limited,Greece,-,-,9626285,310664000,26.00,2013,-,-,-,-,Wartsila SACM,11400,15288,12V50DF,West of England Mutual Shipowners Protection & Indemnity Association (Luxemburg),American Bureau,-,-,2018-08-31T00:00:00,-,2018-08-31T00:00:00,2018-08-31T00:00:00,2028-07-24T00:00:00,2028-07-24T00:00:00,Gaslog LNG Services Limited,Greece,Gaslog LNG Services Limited,Greece,-,-,A,02 Jun 2026 13:05:25 GMT,-,China Development Bank Financial Leasing Company Limited,People's Republic of China,"25° 43' 55"" N","53° 18' 40"" E",2,"2 days, 11 hours"
Papua,Liquefied Natural Gas Carrier,Shanghai,Hudong-Zhonghua Shipbuilding (Group) Company Limited,10998719,Live,"Hong Kong, S.A.R., China",36106,"LNG VLGC, 100'-200'cbm",100030,Double Hull,VRNH4,114166,H1670A,290.00,280.22,46.95,46.95,11.50,14.75,B&W Diesel A/S,Hong Kong,-,Mitsui O.S.K. Lines Limited (MOL),Japan,MOL (Europe Africa) Limited,United Kingdom,Aquarius LNG Shipping Limited,"Hong Kong, S.A.R., China",ExxonMobil Corporation,United States of America,-,-,9613135,477518900,26.25,2015,-,-,-,-,Mitsui Engineering & Shipbuilding Company Limited,16000,21456,6S70ME-C8,U.K. Mutual Steam Ship Assurance Association (Bermuda) Ltd,American Bureau,China Classification,-,2019-12-17T00:00:00,-,2020-01-13T00:00:00,2019-12-17T00:00:00,2030-01-29T00:00:00,2030-01-29T00:00:00,MOL Global Ship Management Private Limited,Republic of Singapore,MOL Global Ship Management Private Limited,Republic of Singapore,PGPOM,Port Moresby,A,03 Jun 2026 11:41:26 GMT,04 Jun 2026 07:00:00 GMT,MOL (Europe Africa) Limited,United Kingdom,"9° 18' 13"" S","146° 49' 39"" E",3,4 days
Yari LNG,Liquefied Natural Gas Carrier,Goeje Is.,Hanwha Ocean Company Limited,11004343,Live,Malta,31165,"LNG VLGC, 100'-200'cbm",89803,Double Hull,9HA3424,103885,2401,294.20,283.20,-,44.00,11.50,14.10,Unknown Engine Designer,Valletta,-,China Merchants Bank (CMB),People's Republic of China,CMB Financial Leasing Company Limited,People's Republic of China,Sea 298 Leasing Company Limited,"Hong Kong, S.A.R., China",TMS Cardiff Gas Limited,Greece,-,-,9636747,229583000,26.00,2014,-,-,-,-,-,-,-,12V50DF,Assuranceforeningen Gard,American Bureau,-,-,2019-04-10T00:00:00,-,2019-10-15T00:00:00,2019-04-10T00:00:00,2029-11-04T00:00:00,2029-11-04T00:00:00,TMS Cardiff Gas Limited,Greece,TMS Cardiff Gas Limited,Greece,ATLANTIC OCEAN,-,A,03 Jun 2026 12:06:39 GMT,07 Jun 2026 05:01:00 GMT,CMB Financial Leasing Company Limited,People's Republic of China,"15° 47' 5"" N","76° 20' 57"" W",1,"1 day, 10 hours"
Corcovado LNG,Liquefied Natural Gas Carrier,Goeje Is.,Hanwha Ocean Company Limited,11004364,Live,Malta,31172,"LNG VLGC, 100'-200'cbm",89624,Double Hull,9HA3358,103905,2297,294.20,283.20,44.00,44.00,12.50,13.50,Unknown Engine Designer,Valletta,-,China Merchants Bank (CMB),People's Republic of China,CMB Financial Leasing Company Limited,People's Republic of China,Sea 297 Leasing Company Limited,"Hong Kong, S.A.R., China",TMS Cardiff Gas Limited,Greece,-,-,9636711,229471000,26.00,2014,-,-,-,-,-,-,-,12V50DF,Assuranceforeningen Gard,DNV,-,-,-,-,2019-02-27T00:00:00,-,2029-04-03T00:00:00,2029-04-03T00:00:00,TMS Cardiff Gas Limited,Greece,TMS Cardiff Gas Limited,Greece,FOR ORDERS,-,A,03 Jun 2026 12:08:41 GMT,07 Jun 2026 15:00:00 GMT,CMB Financial Leasing Company Limited,People's Republic of China,"20° 9' 52"" S","11° 17' 48"" E",1,"1 day, 6 hours"
Solaris,Liquefied Natural Gas Carrier,Goeje Is.,Samsung Shipbuilding & Heavy Industries Company Limited,11004488,Live,Bermuda,30876,"LNG VLGC, 100'-200'cbm",81853,Double Hull,ZCEL5,98075,2042,285.12,274.00,-,43.40,11.50,13.90,Wartsila Corporation,Hamilton,-,GasLog Limited,Greece,GasLog Limited,Greece,Gas-Eight Limited,Bermuda,Shell International Trading & Shipping Company Limited (STASCO),United Kingdom,-,-,9634098,310679000,26.00,2014,-,-,-,-,-,21195,28422,12V50DF,West of England Mutual Shipowners Protection & Indemnity Association (Luxemburg),American Bureau,-,-,2019-07-08T00:00:00,-,2019-07-08T00:00:00,2019-07-08T00:00:00,2029-06-29T00:00:00,2029-06-29T00:00:00,Gaslog LNG Services Limited,Greece,Gaslog LNG Services Limited,Greece,CNYPG,Yangpu Port,A,03 Jun 2026 11:59:05 GMT,05 Jun 2026 23:00:00 GMT,GasLog Limited,Greece,"16° 1' 15"" N","115° 52' 30"" E",2,"2 days, 12 hours"
Woodside Goode,Liquefied Natural Gas Carrier,Goeje Is.,Hanwha Ocean Company Limited,11004543,Live,Liberia,31179,"LNG VLGC, 100'-200'cbm",90125,Double Hull,5LYB8,103928,2295,294.20,283.20,44.03,44.00,11.50,14.50,Unknown Engine Designer,Monrovia,-,Maran Nakilat Company Limited,Cayman Islands,Maran Nakilat Company Limited,Cayman Islands,Armour Company Limited,Liberia,Woodside Energy Group Limited,Australia,-,-,9633161,636025567,26.00,2013,-,-,-,-,-,-,-,12V50DF,NorthStandard,DNV,-,-,-,-,2018-09-20T00:00:00,-,2028-10-31T00:00:00,2028-10-31T00:00:00,Maran Gas Maritime Incorporated,Greece,Maran Gas Maritime Incorporated,Greece,AU DAM,-,A,03 Jun 2026 12:07:14 GMT,03 Jun 2026 02:30:00 GMT,Maran Nakilat Company Limited,Cayman Islands,"20° 36' 17"" S","116° 45' 19"" E",3,"3 days, 17 hours"
Pacific Arcadia,Liquefied Natural Gas Carrier,Nagasaki,Mitsubishi Heavy Industries Limited Shipbuilding,11005556,Live,Bahamas,36901,"LNG VLGC, 100'-200'cbm",84878,Double Hull,C6ZY6,123005,2289,288.00,274.00,-,49.00,12.33,14.47,Mitsubishi Heavy Industries Limited,Nassau,-,Nippon Yusen Kabushiki Kaisha (NYK Line) (Nippon Yusen Kaisha),Japan,Nippon Yusen Kabushiki Kaisha (NYK Line) (Nippon Yusen Kaisha),Japan,Bahamas LNG Shipping Limited,Bahamas,Tokyo Electric Power Company Limited (TEPCO),Japan,-,-,9621077,311072200,26.80,2014,-,Alfa Laval Aalborg A/S,Unknown,Unknown,-,-,-,MR36-II,U.K. Mutual Steam Ship Assurance Association (Bermuda) Ltd,Lloyds Register,-,-,2024-07-31T00:00:00,-,2024-07-31T00:00:00,-,2029-10-27T00:00:00,2029-10-27T00:00:00,NYK LNG Shipmanagement Limited,Japan,NYK LNG Shipmanagement Limited,Japan,>JP YOK XX NGI,Yokohama,A,03 Jun 2026 12:09:40 GMT,06 Jun 2026 00:20:00 GMT,Nippon Yusen Kabushiki Kaisha (NYK Line) (Nippon Yusen Kaisha),Japan,"30° 37' 29"" N","129° 32' 32"" E",1,"1 day, 3 hours"
Gaslog Saratoga,Liquefied Natural Gas Carrier,Goeje Is.,Samsung Shipbuilding & Heavy Industries Company Limited,11026087,Live,Bermuda,30876,"LNG VLGC, 100'-200'cbm",81855,Double Hull,ZCEN3,98075,2043,285.12,274.00,-,43.40,11.50,13.90,Wartsila Corporation,Hamilton,-,China Development Bank (CDB),People's Republic of China,China Development Bank Financial Leasing Company Limited,People's Republic of China,Tianjin Shengli-III Leasing Limited,People's Republic of China,-,-,-,-,9638903,310696000,26.00,2014,-,-,-,-,-,11400,15288,12V50DF,West of England Mutual Shipowners Protection & Indemnity Association (Luxemburg),American Bureau,-,-,2020-01-10T00:00:00,-,2020-01-10T00:00:00,2020-01-10T00:00:00,2029-12-15T00:00:00,2029-12-15T00:00:00,Gaslog LNG Services Limited,Greece,Gaslog LNG Services Limited,Greece,-,"Bintulu, Sarawak",A,03 Jun 2026 12:07:11 GMT,-,China Development Bank Financial Leasing Company Limited,People's Republic of China,"3° 29' 1"" N","112° 57' 58"" E",1,"1 day, 10 hours"
Gaslog Salem,Liquefied Natural Gas Carrier,Goeje Is.,Samsung Shipbuilding & Heavy Industries Company Limited,11026088,Live,Bermuda,30876,"LNG VLGC, 100'-200'cbm",82023,Double Hull,ZCEN7,98075,2044,285.12,274.00,-,43.40,11.50,14.50,Wartsila Corporation,Hamilton,-,China Development Bank (CDB),People's Republic of China,China Development Bank Financial Leasing Company Limited,People's Republic of China,CL Gas Ten Limited,"Hong Kong, S.A.R., China",GasLog Limited,Greece,-,-,9638915,310699000,26.00,2015,-,-,-,-,-,11400,15288,12V50DF,West of England Mutual Shipowners Protection & Indemnity Association (Luxemburg),American Bureau,-,-,2020-03-27T00:00:00,-,2020-03-27T00:00:00,2020-03-27T00:00:00,2030-04-29T00:00:00,2030-04-29T00:00:00,Gaslog LNG Services Limited,Greece,Gaslog LNG Services Limited,Greece,FOR ORDERS,-,A,03 Jun 2026 12:05:37 GMT,08 Jun 2026 23:00:00 GMT,China Development Bank Financial Leasing Company Limited,People's Republic of China,"29° 32' 44"" S","14° 5' 21"" E",1,"1 day, 6 hours"
LNG Mars,Liquefied Natural Gas Carrier,Nagasaki,Mitsubishi Heavy Industries Limited Shipbuilding,11032868,Live,Japan,41013,"LNG VLGC, 100'-200'cbm",86161,Double Hull,7JRT,136710,2296,288.00,275.00,-,48.94,12.53,13.47,Mitsubishi Heavy Industries Limited,Osaka,-,Mitsui O.S.K. Lines Limited (MOL) & Osaka Gas International Transport Incorporated (OGIT),Japan,Mitsui O.S.K. Lines Limited (MOL) & Osaka Gas International Transport Incorporated (OGIT),Japan,Mitsui O.S.K. Lines Limited (MOL) & Osaka Gas International Transport Incorporated (OGIT),Japan,Osaka Gas Company Limited,Japan,-,-,9645748,431177000,26.00,2016,-,-,-,-,Mitsubishi Heavy Industries Limited,26000,34867,MS36-2A,U.K. Mutual Steam Ship Assurance Association (Bermuda) Ltd,Nippon Kaiji Kyokai,-,-,2019-08-30T00:00:00,-,2016-10-14T00:00:00,-,2026-10-13T00:00:00,2026-10-13T00:00:00,MOL LNG Transport Company Limited,Japan,MOL LNG Transport Company Limited,Japan,JP SBK,Sakai,A,03 Jun 2026 11:46:43 GMT,09 Jun 2026 22:00:00 GMT,Mitsui O.S.K. Lines Limited (MOL) & Osaka Gas International Transport Incorporated (OGIT),Japan,"19° 45' 2"" N","134° 11' 58"" E",1,"1 day, 6 hours"
Kool Baltic,Liquefied Natural Gas Carrier,Jinhae,K Shipbuilding Company Limited,11069386,Live,Liberia,34960,"LNG VLGC, 100'-200'cbm",93508,Double Hull,D5FW4,113876,1912,299.90,288.00,45.80,45.80,12.50,13.50,MAN Energy Solutions SE,Monrovia,-,Quantum Pacific Group,Monaco,Cool Company Limited (CoolCo),Bermuda,Pernli Marine Limited,Liberia,-,-,-,-,9654878,636016376,26.00,2015,-,"Permea Maritime Protection, Air Products N.V.",Unknown,Unknown,STX Engine Company Limited,-,-,8L51/60DF,Assuranceforeningen Gard,LR (provisional), (provisional), (provisional),2025-11-13T00:00:00,-,2025-11-22T00:00:00,-,2030-01-01T00:00:00,2030-01-01T00:00:00,Cool Company Management AS,Norway,Cool Company Management AS,Norway,FOR ORDERS,-,A,03 Jun 2026 11:45:17 GMT,07 Jun 2026 15:01:00 GMT,Cool Company Limited (CoolCo),Bermuda,"35° 8' 37"" N","160° 49' 44"" E",1,"1 day, 15 hours"
Maria Energy,Liquefied Natural Gas Carrier,Ulsan,HD Hyundai Heavy Industries Company Limited,11119968,Live,Liberia,37171,"LNG VLGC, 100'-200'cbm",93301,Double Hull,D5KZ6,113664,2612,289.98,284.00,-,46.40,11.60,8.51,Wartsila Corporation,Monrovia,-,Tsakos Group of Companies,Greece,Tsakos Shipping & Trading S.A.,Greece,Canyon Trading Corporation,Liberia,Cheniere Energy Incorporated,United States of America,-,-,9659725,636017445,20.11,2016,-,-,-,-,-,-,-,8L50DF,U.K. Mutual Steam Ship Assurance Association (Bermuda) Ltd,American Bureau,-,-,2019-09-06T00:00:00,-,-,-,2031-04-20T00:00:00,2031-04-20T00:00:00,HMM Ocean Service Company Limited,Republic of Korea,HMM Ocean Service Company Limited,Republic of Korea,JPSDU,"Sendai, Miyagi",A,03 Jun 2026 11:54:00 GMT,11 Jun 2026 06:00:00 GMT,Tsakos Shipping & Trading S.A.,Greece,"53° 47' 60"" N","150° 9' 6"" W",3,"4 days, 2 hours"
Amani,Liquefied Natural Gas Carrier,Ulsan,HD Hyundai Heavy Industries Company Limited,11132358,Live,Brunei,34068,"LNG VLGC, 100'-200'cbm",85466,Double Hull,V8V3146,102585,2606,288.00,275.80,-,44.20,12.50,13.50,Wartsila Corporation,Muara,-,Brunei Gas Carriers Sendirian Berhad (BGC),Brunei Darussalam,Brunei Gas Carriers Sendirian Berhad (BGC),Brunei Darussalam,BGC Three NBD Sendirian Berhad,Brunei Darussalam,-,-,-,-,9661869,508111181,26.00,2014,-,-,-,-,-,21195,28422,12V50DF,U.K. Mutual Steam Ship Assurance Association (Bermuda) Ltd,Lloyds Register,-,-,2024-08-25T00:00:00,-,2024-09-08T00:00:00,2019-09-24T00:00:00,2029-11-12T00:00:00,2029-11-12T00:00:00,Brunei Gas Carriers Sendirian Berhad (BGC),Brunei Darussalam,Brunei Gas Carriers Sendirian Berhad (BGC),Brunei Darussalam,BN LUM,Lumut,A,03 Jun 2026 12:10:37 GMT,09 Jun 2026 22:30:00 GMT,Brunei Gas Carriers Sendirian Berhad (BGC),Brunei Darussalam,"38° 28' 42"" N","119° 31' 47"" E",4,"5 days, 6 hours"
LNG Jurojin,Liquefied Natural Gas Carrier,Nagasaki,Mitsubishi Heavy Industries Limited Shipbuilding,11185852,Live,Bahamas,41022,"LNG VLGC, 100'-200'cbm",86121,Double Hull,C6CA7,136739,2299,288.00,275.00,-,48.94,12.53,13.47,Unknown Engine Designer,Nassau,-,Mitsui O.S.K. Lines Limited (MOL),Japan,Mitsui O.S.K. Lines Limited (MOL),Japan,LNG Jurojin Shipping Corporation,Japan,-,-,-,-,9666998,311000420,26.00,2015,-,-,-,-,Mitsubishi Heavy Industries Limited Shipbuilding,26000,34867,9L50DF,"Britannia Steam Ship Insurance Association Ltd., The",Nippon Kaiji Kyokai,-,-,2021-02-28T00:00:00,-,2021-02-28T00:00:00,-,2030-11-29T00:00:00,2030-11-29T00:00:00,MOL LNG Transport Company Limited,Japan,MOL LNG Transport Company Limited,Japan,JP ISI,-,A,03 Jun 2026 11:56:44 GMT,12 Jun 2026 00:01:00 GMT,Mitsui O.S.K. Lines Limited (MOL),Japan,"24° 32' 8"" N","137° 0' 8"" E",1,"1 day, 5 hours"
Seishu Maru,Liquefied Natural Gas Carrier,Nagasaki,Mitsubishi Heavy Industries Limited Shipbuilding,11230098,Live,Bahamas,41022,"LNG VLGC, 100'-200'cbm",86414,Double Hull,C6BH2,136740,2297,288.00,275.00,48.96,48.94,12.50,13.50,Mitsubishi Heavy Industries Limited,Nassau,-,Nippon Yusen Kabushiki Kaisha (NYK Line) (Nippon Yusen Kaisha),Japan,Nippon Yusen Kabushiki Kaisha (NYK Line) (Nippon Yusen Kaisha),Japan,Trans Pacific Shipping 1 Limited,Bahamas,-,-,-,-,9666558,311000261,26.00,2014,-,Alfa Laval Aalborg A/S,Unknown,Unknown,-,-,-,MR36-II,U.K. Mutual Steam Ship Assurance Association (Bermuda) Ltd,Lloyds Register,-,-,2024-08-02T00:00:00,-,2024-08-17T00:00:00,-,2029-09-29T00:00:00,2029-09-29T00:00:00,NYK LNG Shipmanagement Limited,Japan,NYK LNG Shipmanagement Limited,Japan,AU ASB,-,A,03 Jun 2026 12:10:24 GMT,02 Jun 2026 07:00:00 GMT,Nippon Yusen Kabushiki Kaisha (NYK Line) (Nippon Yusen Kaisha),Japan,"21° 40' 35"" S","115° 0' 26"" E",2,"1 month, 13 days"
Esshu Maru,Liquefied Natural Gas Carrier,Nagasaki,Mitsubishi Heavy Industries Limited Shipbuilding,11230328,Live,Bahamas,41022,"LNG VLGC, 100'-200'cbm",86455,Double Hull,C6BJ9,136740,2298,288.00,275.00,-,48.94,12.50,14.45,Mitsubishi Heavy Industries Limited,Nassau,-,Yamamaru Kisen KK (Yamamaru Kisen Company Limited),Japan,Central Marine Company Limited,Japan,Ocean Transit Carrier S.A.,Panama,-,-,-,-,9666560,311000285,26.00,2014,-,Alfa Laval Aalborg A/S,Unknown,Unknown,-,-,-,MS36-2A,U.K. Mutual Steam Ship Assurance Association (Bermuda) Ltd,Nippon Kaiji Kyokai,-,-,2024-09-06T00:00:00,-,2024-09-30T00:00:00,-,2029-12-25T00:00:00,2029-12-25T00:00:00,MOL LNG Transport Company Limited,Japan,MOL LNG Transport Company Limited,Japan,AU ASB,Ashburton,A,03 Jun 2026 12:08:11 GMT,09 Jun 2026 07:00:00 GMT,Central Marine Company Limited,Japan,"11° 39' 60"" S","121° 40' 29"" E",1,"1 day, 5 hours"
Asia Integrity,Liquefied Natural Gas Carrier,Goeje Is.,Samsung Shipbuilding & Heavy Industries Company Limited,11595890,Live,Bahamas,32639,"LNG VLGC, 100'-200'cbm",82637,Double Hull,C6BC8,101427,2069,285.00,274.00,-,43.40,11.50,14.90,Wartsila Corporation,Nassau,-,Chevron Corporation,United States of America,Chevron Transport Corporation Limited,United States of America,Chevron Transport Corporation Limited,United States of America,-,-,-,-,9680188,311000227,26.40,2017,-,-,-,-,-,21195,28422,6L50DF,NorthStandard,American Bureau,-,-,2019-05-13T00:00:00,-,-,-,2027-02-19T00:00:00,2027-02-19T00:00:00,Chevron Transport Corporation Limited,United States of America,Chevron Transport Corporation Limited,United States of America,"ISHIKARI,JAPAN",Ishikariwan Shinko,A,03 Jun 2026 12:03:31 GMT,07 Jun 2026 00:00:00 GMT,Chevron Transport Corporation Limited,United States of America,"26° 22' 35"" N","126° 20' 49"" E",2,—
Amadi,Liquefied Natural Gas Carrier,Ulsan,HD Hyundai Heavy Industries Company Limited,11696711,Live,Brunei,34068,"LNG VLGC, 100'-200'cbm",85466,Double Hull,V8V3147,102585,2607,288.00,275.80,-,44.20,12.50,13.50,Wartsila Corporation,Muara,-,Brunei Gas Carriers Sendirian Berhad (BGC),Brunei Darussalam,Brunei Gas Carriers Sendirian Berhad (BGC),Brunei Darussalam,BGC Four NBD Sendirian Berhad,Brunei Darussalam,-,-,-,-,9682552,508111182,26.00,2015,-,-,-,-,Wartsila Corporation,5850,7950,6L50DF,U.K. Mutual Steam Ship Assurance Association (Bermuda) Ltd,Lloyds Register,-,-,2025-05-09T00:00:00,-,2025-05-16T00:00:00,-,2030-07-12T00:00:00,2030-07-12T00:00:00,Brunei Gas Carriers Sendirian Berhad (BGC),Brunei Darussalam,Brunei Gas Carriers Sendirian Berhad (BGC),Brunei Darussalam,BN LUM,-,A,03 Jun 2026 12:04:08 GMT,02 Jun 2026 23:30:00 GMT,Brunei Gas Carriers Sendirian Berhad (BGC),Brunei Darussalam,"4° 45' 57"" N","114° 26' 36"" E",6,"7 days, 6 hours"
Maran Gas Agamemnon,Liquefied Natural Gas Carrier,Samho,HD Hyundai Samho Company Limited,11696715,Live,Greece,37136,"LNG VLGC, 100'-200'cbm",92762,Double Hull,SVCH6,113502,S690,290.00,284.00,-,46.40,11.60,14.40,Wartsila Corporation,Piraeus,-,Angelicoussis Shipping Group Limited,Greece,Maran Gas Maritime Incorporated,Greece,Doris Navigation Incorporated,Liberia,-,-,-,-,9682590,241405000,26.00,2016,-,-,-,-,-,-,-,12V50DF,Assuranceforeningen Gard,American Bureau,-,-,2019-03-16T00:00:00,-,-,-,2026-08-09T00:00:00,2026-08-09T00:00:00,Maran Gas Maritime Incorporated,Greece,Maran Gas Maritime Incorporated,Greece,-,-,A,03 Jun 2026 12:09:01 GMT,-,Maran Gas Maritime Incorporated,Greece,"4° 30' 57"" S","11° 31' 33"" E",1,"1 day, 4 hours"
Gaslog Greece,Liquefied Natural Gas Carrier,Goeje Is.,Samsung Shipbuilding & Heavy Industries Company Limited,11803733,Live,Bermuda,34930,"LNG VLGC, 100'-200'cbm",94400,Double Hull,ZCER6,112764,2072,291.08,279.00,-,45.80,11.50,14.70,Wartsila Corporation,Hamilton,-,GasLog Limited,Greece,GasLog Limited,Greece,Gas-Eleven Limited,Bermuda,Methane Services Limited,United Kingdom,-,-,9687019,310732000,26.20,2016,-,-,-,-,-,-,-,8L50DF,"Britannia Steam Ship Insurance Association Ltd., The",American Bureau,-,-,2018-08-11T00:00:00,-,-,-,2026-06-28T00:00:00,2026-06-28T00:00:00,Gaslog LNG Services Limited,Greece,Gaslog LNG Services Limited,Greece,OPEN SEA FOR ORDERS,-,A,03 Jun 2026 12:01:57 GMT,07 Jun 2026 13:55:00 GMT,GasLog Limited,Greece,"0° 30' 11"" S","108° 20' 37"" E",2,"2 days, 12 hours"
Bishu Maru,Liquefied Natural Gas Carrier,Sakaide,Kawasaki Heavy Industries Limited Shipbuilding Division,11861566,Live,Panama,38127,"LNG VLGC, 100'-200'cbm",83752,Double Hull,3FSS4,127088,1713,293.00,280.00,-,48.90,12.22,14.78,Kawasaki Heavy Industries Limited (Tokyo),Panama,-,Kawasaki Kisen Kaisha Limited (Kawasaki Kisen KK) ('K' Line),Japan,Kawasaki Kisen Kaisha Limited (Kawasaki Kisen KK) ('K' Line),Japan,Trans Pacific Shipping 3 S.A.,Panama,Chubu Electric Power Company Incorporated,Japan,-,-,9691137,374216000,27.00,2017,-,-,-,-,Kawasaki Heavy Industries Limited (Tokyo),26800,35939,URA450,Japan Shipowners Mutual Protection & Indemnity Association,Nippon Kaiji Kyokai,-,-,2021-04-16T00:00:00,-,-,-,2027-12-25T00:00:00,2027-12-25T00:00:00,K Marine Ship Management Private Limited,Republic of Singapore,K Marine Ship Management Private Limited,Republic of Singapore,OM_QAL,Qalhat,A,03 Jun 2026 12:02:19 GMT,19 Jun 2026 02:00:00 GMT,Kawasaki Kisen Kaisha Limited (Kawasaki Kisen KK) ('K' Line),Japan,"17° 36' 43"" N","118° 13' 6"" E",1,"4 days, 6 hours"
Oceanic Breeze,Liquefied Natural Gas Carrier,Nagasaki,Mitsubishi Heavy Industries Limited Shipbuilding,11958065,Live,Marshall Islands,41069,"LNG VLGC, 100'-200'cbm",79883,Double Hull,V7OT3,136894,2310,288.00,275.00,-,48.94,11.98,14.02,Mitsubishi Heavy Industries Limited,Majuro,-,Kawasaki Kisen Kaisha Limited ('K' Line) (70.0%) & INPEX Shipping Company Limited (30.0%),Japan,Kawasaki Kisen Kaisha Limited ('K' Line) (70.0%) & INPEX Shipping Company Limited (30.0%),Japan,Oceanic Breeze LNG Transport S.A.,Panama,INPEX Shipping Company Limited,Japan,-,-,9698111,538007671,26.00,2018,-,-,-,-,Mitsubishi Heavy Industries Limited,8464,11350,MS36-2A,Japan Shipowners Mutual Protection & Indemnity Association,Lloyds Register,-,-,2025-08-24T00:00:00,-,2023-05-25T00:00:00,-,2028-04-26T00:00:00,2028-04-26T00:00:00,K Marine Ship Management Private Limited,Republic of Singapore,K Marine Ship Management Private Limited,Republic of Singapore,JP NAO,Naoetsu,A,03 Jun 2026 12:08:35 GMT,10 Jun 2026 00:01:00 GMT,Kawasaki Kisen Kaisha Limited ('K' Line) (70.0%) & INPEX Shipping Company Limited (30.0%),Japan,"10° 1' 57"" N","127° 23' 34"" E",2,"2 days, 11 hours"
Kakuyu Maru,Liquefied Natural Gas Carrier,Sakaide,Kawasaki Shipbuilding Corporation,11969612,Live,Japan,-,"LNG, -100'cbm",1865,Double Hull,7JPT,3031,1706,88.80,82.56,-,15.30,4.31,2.89,Wartsila Corporation,Tokyo,-,Tsurumi Sunmarine Company Limited (Tsurumi Sunmarine KK),Japan,Tsurumi Sunmarine Company Limited (Tsurumi Sunmarine KK),Japan,Tsurumi Sunmarine Company Limited (Tsurumi Sunmarine KK),Japan,-,-,-,-,9675200,431004914,7.20,2013,-,-,-,-,The Hanshin Diesel Works Limited,2059,2800,LH38L,-,Nippon Kaiji Kyokai,-,-,2020-09-17T00:00:00,-,2018-09-14T00:00:00,-,2028-10-28T00:00:00,2028-10-28T00:00:00,-,-,Tsurumi Sunmarine Company Limited (Tsurumi Sunmarine KK),Japan,>JP ISW OFF,-,A,03 Jun 2026 12:10:55 GMT,02 Jun 2026 14:30:00 GMT,Tsurumi Sunmarine Company Limited (Tsurumi Sunmarine KK),Japan,"43° 14' 36"" N","141° 15' 22"" E",7,"1 month, 1 day"
Macoma,Liquefied Natural Gas Carrier,South Korea,Hanwha Ocean Company Limited,12077914,Live,Bahamas,33979,"LNG VLGC, 100'-200'cbm",95134,Double Hull,C6CH4,113263,2417,294.90,282.90,-,46.40,12.50,14.00,MAN Diesel AS,Nassau,-,Mizuho Financial Group,Japan,Mizuho Leasing Company Limited,Japan,Aries Line Shipping S.A.,Panama,Shell International Trading & Shipping Company Limited (STASCO),United Kingdom,-,-,9705653,311000472,26.50,2017,-,-,-,-,-,-,-,5G70ME-GI,U.K. Mutual Steam Ship Assurance Association (Bermuda) Ltd,DNV,-,-,-,-,-,-,2026-08-19T00:00:00,2026-08-19T00:00:00,Shell International Trading & Shipping Company Limited (STASCO),United Kingdom,Shell International Trading & Shipping Company Limited (STASCO),United Kingdom,FOR ORDERS,-,A,03 Jun 2026 12:08:21 GMT,20 Jun 2026 22:00:00 GMT,Mizuho Leasing Company Limited,Japan,"33° 50' 49"" S","15° 58' 57"" E",1,"1 day, 8 hours"
Flex Ranger,Liquefied Natural Gas Carrier,Goeje Is.,Samsung Shipbuilding & Heavy Industries Company Limited,12117136,Live,Marshall Islands,34860,"LNG VLGC, 100'-200'cbm",88684,Double Hull,V7XI9,115174,2107,293.00,285.00,-,45.80,11.50,14.70,MAN Diesel AS,Majuro,-,Flex LNG Limited,British Virgin Islands,Flex LNG Limited,British Virgin Islands,Flex LNG Ranger Limited,Marshall Islands,Cheniere Energy Incorporated,United States of America,-,-,9709025,538007621,26.20,2018,-,-,-,-,-,12222,16390,5G70ME-C9.5-GI,Assuranceforeningen Gard,American Bureau,-,-,-,-,-,-,2028-06-21T00:00:00,2028-06-21T00:00:00,Flex LNG Fleet Management AS,Norway,Flex LNG Fleet Management AS,Norway,OPEN SEA FOR ORDERS,-,A,03 Jun 2026 12:08:33 GMT,04 Jun 2026 00:01:00 GMT,Flex LNG Limited,British Virgin Islands,"25° 56' 30"" N","92° 42' 5"" W",2,"2 days, 17 hours"
Maran Gas Ulysses,Liquefied Natural Gas Carrier,Samho,HD Hyundai Samho Company Limited,12117347,Live,Greece,37136,"LNG VLGC, 100'-200'cbm",81514,Double Hull,SVCH7,113502,S735,290.01,284.00,-,46.40,12.63,13.77,Wartsila Corporation,Piraeus,-,Angelicoussis Shipping Group Limited,Greece,Maran Gas Maritime Incorporated,Greece,Ariel Sails Navigaton S.A.,Liberia,Shell International Trading & Shipping Company Limited (STASCO),United Kingdom,-,-,9709491,241404000,26.40,2017,-,-,-,-,-,21195,28422,12V50DF,Assuranceforeningen Gard,DN (provisional), (provisional), (provisional),-,-,-,-,-,-,Maran Gas Maritime Incorporated,Greece,Maran Gas Maritime Incorporated,Greece,FOR ORDERS,-,A,03 Jun 2026 11:11:03 GMT,12 Jun 2026 00:01:00 GMT,Maran Gas Maritime Incorporated,Greece,"3° 51' 19"" N","30° 39' 14"" W",1,"1 day, 7 hours"
Seri Camar,Liquefied Natural Gas Carrier,Ulsan,HD Hyundai Heavy Industries Company Limited,12203984,Live,Malaysia,40184,"LNG VLGC, 100'-200'cbm",84311,Double Hull,9MWT8,133948,2732,290.00,277.00,-,48.90,11.50,11.85,Mitsubishi Heavy Industries Limited,Port Klang,-,MISC Berhad,Malaysia,MISC Berhad,Malaysia,Seri Camar (L) Private Limited,Malaysia,Petronas Trading Corporation Sendirian Berhad (PETCO),Malaysia,-,-,9714305,533130687,23.35,2016,-,-,-,-,Mitsubishi Heavy Industries Limited,21195,28422,MR36-II,U.K. Mutual Steam Ship Assurance Association (Bermuda) Ltd,American Bureau,-,-,2019-12-05T00:00:00,-,-,-,2028-02-27T00:00:00,2028-02-27T00:00:00,MISC Shipmanagement (L) Private Limited,Malaysia,MISC Shipmanagement (L) Private Limited,Malaysia,KR ULS,Ulsan,A,03 Jun 2026 12:01:56 GMT,19 Jun 2026 23:00:00 GMT,MISC Berhad,Malaysia,"17° 21' 56"" N","119° 31' 8"" E",1,"1 day, 6 hours"
Seri Camellia,Liquefied Natural Gas Carrier,Ulsan,HD Hyundai Heavy Industries Company Limited,12204008,Live,Malaysia,40083,"LNG VLGC, 100'-200'cbm",84333,Double Hull,9MVR8,133948,2729,290.00,284.00,-,46.40,12.52,10.83,Mitsubishi Heavy Industries Limited,Port Klang,-,MISC Berhad,Malaysia,MISC Berhad,Malaysia,Seri Camellia (L) Private Limited,Malaysia,Petronas Trading Corporation Sendirian Berhad (PETCO),Malaysia,-,-,9714276,533130463,23.35,2016,-,Alfa Laval Aalborg A/S,Unknown,Unknown,-,-,-,MR36-II,U.K. Mutual Steam Ship Assurance Association (Bermuda) Ltd,LR (provisional), (provisional), (provisional),2024-01-15T00:00:00,-,2021-09-25T00:00:00,-,2026-09-29T00:00:00,2026-09-29T00:00:00,MISC Shipmanagement (L) Private Limited,Malaysia,MISC Shipmanagement (L) Private Limited,Malaysia,MY BKI,"Kota Kinabalu, Sabah",A,03 Jun 2026 10:35:38 GMT,04 Jun 2026 08:00:00 GMT,MISC Berhad,Malaysia,"8° 11' 33"" N","119° 7' 15"" E",2,"2 days, 13 hours"
Seri Cempaka,Liquefied Natural Gas Carrier,Ulsan,HD Hyundai Heavy Industries Company Limited,12204009,Live,Malaysia,40184,"LNG VLGC, 100'-200'cbm",84311,Double Hull,9MWM8,133948,2731,290.00,277.00,-,48.90,11.50,11.85,Mitsubishi Heavy Industries Limited,Port Klang,-,MISC Berhad,Malaysia,MISC Berhad,Malaysia,Seri Cempaka (L) Private Limited,Malaysia,Petronas Trading Corporation Sendirian Berhad (PETCO),Malaysia,-,-,9714290,533130607,23.35,2015,-,-,-,-,-,21195,28422,MR36-II,U.K. Mutual Steam Ship Assurance Association (Bermuda) Ltd,American Bureau,-,-,2019-09-12T00:00:00,-,2017-07-26T00:00:00,-,2027-07-26T00:00:00,2027-07-26T00:00:00,MISC Shipmanagement (L) Private Limited,Malaysia,MISC Shipmanagement (L) Private Limited,Malaysia,SGSIN,Singapore,A,03 Jun 2026 12:03:27 GMT,13 Jun 2026 22:00:00 GMT,MISC Berhad,Malaysia,"3° 27' 36"" N","112° 57' 27"" E",5,"4 days, 3 hours"
Prachi,Liquefied Natural Gas Carrier,Ulsan,HD Hyundai Heavy Industries Company Limited,12237207,Live,Singapore,35825,"LNG VLGC, 100'-200'cbm",90328,Double Hull,9V5076,112791,2633,294.97,289.00,-,45.60,12.50,14.00,Wartsila Corporation,Singapore,-,Nippon Yusen Kabushiki Kaisha (NYK Line) (Nippon Yusen Kaisha),Japan,Nippon Yusen Kabushiki Kaisha (NYK Line) (Nippon Yusen Kaisha),Japan,India LNG Transport Company No.4 Private Limited,Republic of Singapore,Petronet LNG Limited,India,-,-,9723801,563178000,26.50,2015,-,-,-,-,-,11270,15113,9L50DF,Assuranceforeningen Gard,Bureau Veritas,-,-,2024-05-21T00:00:00,2024-05-21T00:00:00,2023-11-01T00:00:00,2021-07-08T00:00:00,2026-11-29T00:00:00,2026-11-29T00:00:00,The Shipping Corporation of India Limited (SCI),India,The Shipping Corporation of India Limited (SCI),India,CNWZO,Wenzhou Port,A,03 Jun 2026 12:03:56 GMT,05 Jun 2026 01:30:00 GMT,Nippon Yusen Kabushiki Kaisha (NYK Line) (Nippon Yusen Kaisha),Japan,"21° 38' 10"" N","122° 6' 37"" E",1,"1 day, 5 hours"
Maran Gas Olympias,Liquefied Natural Gas Carrier,South Korea,Hanwha Ocean Company Limited,12239431,Live,Greece,36562,"LNG VLGC, 100'-200'cbm",95194,Double Hull,SVCL4,113037,2415,294.90,282.90,-,46.40,12.90,13.60,Wartsila Corporation,Piraeus,-,Angelicoussis Shipping Group Limited,Greece,Maran Gas Maritime Incorporated,Greece,Cygnus Enterprises Incorporated,Greece,Shell International Trading & Shipping Company Limited (STASCO),United Kingdom,-,-,9732371,241452000,26.50,2017,-,Hamworthy Moss AS,Unknown,Unknown,Wartsila Corporation,-,-,12V50DF,Assuranceforeningen Gard,Lloyds Register,-,-,2024-08-19T00:00:00,-,2022-07-16T00:00:00,-,2027-02-09T00:00:00,2027-02-09T00:00:00,Maran Gas Maritime Incorporated,Greece,Maran Gas Maritime Incorporated,Greece,FOR ORDERS,-,A,03 Jun 2026 11:48:27 GMT,12 Jun 2026 10:00:00 GMT,Maran Gas Maritime Incorporated,Greece,"3° 34' 26"" N","140° 28' 54"" E",2,"2 days, 19 hours"
Energy Liberty,Liquefied Natural Gas Carrier,Tsu,Japan Marine United Corporation (JMU),12243549,Live,Japan,36594,"LNG VLGC, 100'-200'cbm",88676,Double Hull,7JXP,121982,5070,299.90,292.00,-,48.90,12.32,10.58,Unknown Engine Designer,Tokyo,-,Mitsui O.S.K. Lines Limited (MOL),Japan,Mitsui O.S.K. Lines Limited (MOL),Japan,Tokyo LNG Tanker Company Limited And Mitsui OSK Lines Limited (MOL),Japan,Tokyo Gas Company Limited,Japan,-,-,9736092,431540000,22.90,2018,-,-,-,-,ABB OY,12600,16897,9L50DF,Japan Shipowners Mutual Protection & Indemnity Association,NK (provisional), (provisional), (provisional),-,-,2018-10-03T00:00:00,-,2028-10-02T00:00:00,2028-10-02T00:00:00,MOL Global Ship Management Private Limited,Republic of Singapore,MOL Global Ship Management Private Limited,Republic of Singapore,RU PGN,Prigorodnoye,A,03 Jun 2026 12:10:12 GMT,03 Jun 2026 21:00:00 GMT,Mitsui O.S.K. Lines Limited (MOL),Japan,"46° 32' 41"" N","142° 51' 11"" E",2,"8 days, 15 hours"
Kamitaka Maru,Liquefied Petroleum Gas Carrier,Kure,Kegoya Dock K.K.,12246075,Live,Japan,-,Unknown size,966,Double Hull,JD3694,749,1154,67.90,-,12.00,11.50,4.07,0.73,Akasaka Diesels Limited,Ube,-,Matsuda Kaiun K.K.,Japan,Matsuda Kaiun K.K.,Japan,Matsuda Kaiun K.K.,Japan,-,-,-,-,9699402,431005439,4.80,2014,-,-,-,-,Akasaka Diesels Limited,1323,1800,AX31,-,Nippon Kaiji Kyokai,-,-,2019-05-16T00:00:00,-,2019-05-16T00:00:00,-,2029-06-05T00:00:00,2029-06-05T00:00:00,Fukusho Kisen K.K.,Japan,Fukusho Kisen K.K.,Japan,JP IKA OFF,-,A,03 Jun 2026 11:59:21 GMT,02 Jun 2026 11:00:00 GMT,Matsuda Kaiun K.K.,Japan,"34° 27' 38"" N","134° 13' 10"" E",27,"17 days, 17 hours"
Pacific Mimosa,Liquefied Natural Gas Carrier,Nagasaki,Mitsubishi Heavy Industries Limited Shipbuilding,12252337,Live,Japan,41014,"LNG VLGC, 100'-200'cbm",86497,Double Hull,7JYN,136716,2316,288.00,275.00,-,48.94,12.53,13.47,Mitsubishi Heavy Industries Limited,Tokyo,-,Nippon Yusen Kabushiki Kaisha (NYK Line) (Nippon Yusen Kaisha),Japan,Nippon Yusen Kabushiki Kaisha (NYK Line) (Nippon Yusen Kaisha),Japan,Nippon Yusen Kabushiki Kaisha (NYK Line) (Nippon Yusen Kaisha),Japan,Tokyo Electric Power Company Limited & Kyushu Electric Power Company Limited,Japan,-,-,9743875,431778000,26.00,2018,-,-,-,-,Mitsubishi Heavy Industries Limited,25000,33526,MS36-2A,U.K. Mutual Steam Ship Assurance Association (Bermuda) Ltd,NK (provisional), (provisional), (provisional),2018-03-27T00:00:00,-,2018-03-27T00:00:00,-,2028-03-26T00:00:00,2028-03-26T00:00:00,NYK LNG Shipmanagement Limited,Japan,NYK LNG Shipmanagement Limited,Japan,AU BWB,-,A,03 Jun 2026 11:20:18 GMT,02 Jun 2026 23:40:00 GMT,Nippon Yusen Kabushiki Kaisha (NYK Line) (Nippon Yusen Kaisha),Japan,"20° 48' 48"" S","115° 29' 27"" E",8,"10 days, 10 hours"
Pan Africa,Liquefied Natural Gas Carrier,China,Hudong-Zhonghua Shipbuilding (Group) Company Limited,12259849,Live,"Hong Kong, S.A.R., China",34498,"LNG VLGC, 100'-200'cbm",88437,Double Hull,VRQC5,114996,H1666A,290.10,284.00,-,46.95,11.50,14.75,MAN Diesel AS,Hong Kong,-,Stonepeak Infrastructure Partners (Stonepeak Partners LP),United States of America,Seapeak LLC,Marshall Islands,Pan Africa LNG Transportation Company Limited,"Hong Kong, S.A.R., China",Methane Services Limited,United Kingdom,-,-,9750256,477168300,26.25,2019,-,-,-,-,-,8169,10955,12V51/60DF,NorthStandard,American Bureau,China Classification,-,-,-,-,-,2029-01-07T00:00:00,2029-01-07T00:00:00,Seapeak Maritime (Glasgow) Limited,United Kingdom,Seapeak Maritime (Glasgow) Limited,United Kingdom,FOR ORDERS,-,A,03 Jun 2026 12:03:51 GMT,14 Jun 2026 12:00:00 GMT,Seapeak LLC,Marshall Islands,"42° 26' 13"" N","149° 34' 43"" E",1,"1 day, 10 hours"
Enshu Maru,Liquefied Natural Gas Carrier,Japan,Kawasaki Shipbuilding Corporation,12262699,Live,Panama,38127,"LNG VLGC, 100'-200'cbm",83708,Double Hull,3EBR5,127088,1720,293.00,286.50,-,48.90,12.22,10.67,Kawasaki Heavy Industries Limited (Tokyo),Panama,-,Kawasaki Kisen Kaisha Limited (Kawasaki Kisen KK) ('K' Line),Japan,Kawasaki Kisen Kaisha Limited (Kawasaki Kisen KK) ('K' Line),Japan,Trans Pacific Shipping 4 S.A.,Panama,-,-,-,-,9749609,357121000,22.89,2018,-,-,-,-,Kawasaki Heavy Industries Limited Shipbuilding Division,26800,35939,URA450,Japan Shipowners Mutual Protection & Indemnity Association,Nippon Kaiji Kyokai,-,-,-,-,-,-,2028-08-30T00:00:00,2028-08-30T00:00:00,K Marine Ship Management Private Limited,Republic of Singapore,K Marine Ship Management Private Limited,Republic of Singapore,JPKZU,Kisarazu,A,03 Jun 2026 11:55:50 GMT,01 Jun 2026 21:00:00 GMT,Kawasaki Kisen Kaisha Limited (Kawasaki Kisen KK) ('K' Line),Japan,"32° 12' 45"" N","139° 9' 9"" E",6,"7 days, 7 hours"
Woodside Chaney,Liquefied Natural Gas Carrier,South Korea,Hanwha Ocean Company Limited,12265232,Live,Greece,34128,"LNG VLGC, 100'-200'cbm",94945,Double Hull,SVDD3,113763,2457,294.90,282.90,-,46.40,12.52,13.98,MAN Diesel AS,Piraeus,-,Angelicoussis Shipping Group Limited,Greece,Maran Gas Maritime Incorporated,Greece,Lamkos Seaways Limited,Liberia,Woodside Energy Shipping Singapore Private Limited,Republic of Singapore,-,-,9753026,241637000,26.50,2019,-,Wartsila Corporation,Unknown,Unknown,MAN B&W Diesel SE,12590,16883,5G70ME-C9.5-GI,Assuranceforeningen Gard,Lloyds Register,-,-,2024-06-21T00:00:00,-,2024-06-21T00:00:00,-,2029-06-30T00:00:00,2029-06-30T00:00:00,Maran Gas Maritime Incorporated,Greece,Maran Gas Maritime Incorporated,Greece,JP ANE,"Sendai, Miyagi",A,03 Jun 2026 12:07:30 GMT,04 Jun 2026 02:45:00 GMT,Maran Gas Maritime Incorporated,Greece,"32° 58' 60"" N","136° 54' 8"" E",7,"9 days, 8 hours"
Marvel Hawk,Liquefied Natural Gas Carrier,South Korea,Samsung Shipbuilding & Heavy Industries Company Limited,12331102,Live,Singapore,37925,"LNG VLGC, 100'-200'cbm",94400,Double Hull,9V5097,114084,2149,293.00,285.00,-,45.80,11.50,14.70,Wartsila Corporation,Singapore,-,Mitsui O.S.K. Lines Limited (MOL),Japan,Mitsui O.S.K. Lines Limited (MOL),Japan,Comet Arrow Gas Transport Private Limited,Republic of Singapore,-,-,-,-,9760770,563063200,26.20,2018,-,-,-,-,Doosan Engine Company Limited,12540,16816,6X62DF,Assuranceforeningen Gard,American Bureau,-,-,2023-09-10T00:00:00,-,2023-09-10T00:00:00,2023-09-10T00:00:00,2028-11-29T00:00:00,2028-11-29T00:00:00,Bernhard Schulte Shipmanagement (Singapore) Private Limited,-,Bernhard Schulte Shipmanagement (Singapore) Private Limited,-,.....,-,A,03 Jun 2026 12:09:39 GMT,23 Jun 2026 05:01:00 GMT,Mitsui O.S.K. Lines Limited (MOL),Japan,"34° 45' 49"" S","23° 9' 19"" E",1,"1 day, 9 hours"
Marvel Kite,Liquefied Natural Gas Carrier,South Korea,Samsung Shipbuilding & Heavy Industries Company Limited,12331180,Live,Singapore,37925,"LNG VLGC, 100'-200'cbm",94400,Double Hull,9V5099,114084,2150,293.00,285.00,-,45.80,11.35,14.85,Wartsila Corporation,Singapore,-,Mitsui O.S.K. Lines Limited (MOL),Japan,Mitsui O.S.K. Lines Limited (MOL),Japan,Comet Gyro Gas Transport Private Limited,Republic of Singapore,Mitsui & Company Limited,Japan,-,-,9760782,563069500,26.20,2019,-,-,-,-,Doosan Engine Company Limited,12540,16816,W6X62DF,U.K. Mutual Steam Ship Assurance Association (Bermuda) Ltd,American Bureau,-,-,2023-12-23T00:00:00,-,2023-12-23T00:00:00,2023-12-23T00:00:00,2029-01-30T00:00:00,2029-01-30T00:00:00,MMS Company Limited,Japan,MMS Company Limited,Japan,...,-,A,03 Jun 2026 11:21:40 GMT,23 Jun 2026 16:01:00 GMT,Mitsui O.S.K. Lines Limited (MOL),Japan,"17° 17' 36"" S","10° 7' 33"" W",1,"1 day, 8 hours"
Energy Glory,Liquefied Natural Gas Carrier,Tsu,Japan Marine United Corporation (JMU),12331365,Live,Japan,36594,"LNG VLGC, 100'-200'cbm",88677,Double Hull,7JZD,121981,5071,299.90,286.50,-,48.90,11.92,7.58,Unknown Engine Designer,Tokyo,-,Tokyo Gas Company Limited,Japan,Tokyo Gas Company Limited,Japan,Tokyo LNG Tanker Company Limited & Nippon Yusen Kaisha,Japan,-,-,-,-,9752565,431776000,19.50,2018,-,-,-,-,-,25200,33794,9L50DF,Japan Shipowners Mutual Protection & Indemnity Association,Nippon Kaiji Kyokai,-,-,-,-,-,-,2029-04-25T00:00:00,2029-04-25T00:00:00,NYK LNG Shipmanagement Limited,Japan,NYK LNG Shipmanagement Limited,Japan,SG SIN ASSPU,Singapore East Anchorage,A,03 Jun 2026 11:54:38 GMT,08 Jun 2026 02:00:00 GMT,Tokyo Gas Company Limited,Japan,"17° 56' 33"" N","117° 59' 2"" E",2,"2 days, 14 hours"
Flex Enterprise,Liquefied Natural Gas Carrier,South Korea,Hanwha Ocean Company Limited,12343454,Live,Marshall Islands,36562,"LNG VLGC, 100'-200'cbm",96000,Double Hull,V7A5601,113049,2448,294.90,282.90,-,46.40,11.50,15.00,MAN Diesel AS,Majuro,-,Flex LNG Limited,British Virgin Islands,Flex LNG Limited,British Virgin Islands,Flex LNG Enterprise Limited,Marshall Islands,Flex LNG Management Limited,United Kingdom,-,-,9762273,538010101,26.50,2018,-,-,-,-,Doosan Engine Company Limited,11975,16059,5G70ME-C9-GI,NorthStandard,American Bureau,-,-,2020-07-03T00:00:00,-,-,-,2028-01-10T00:00:00,2028-01-10T00:00:00,Flex LNG Fleet Management AS,Norway,Flex LNG Fleet Management AS,Norway,FOR ORDERS,-,A,03 Jun 2026 12:00:13 GMT,09 Jun 2026 22:01:00 GMT,Flex LNG Limited,British Virgin Islands,"39° 24' 14"" N","53° 15' 11"" W",1,"1 day, 6 hours"
Energy Innovator,Liquefied Natural Gas Carrier,Tsu,Japan Marine United Corporation (JMU),12352212,Live,Japan,36594,"LNG VLGC, 100'-200'cbm",88668,Double Hull,7KAP,121981,5072,299.90,286.50,-,48.90,12.32,7.18,Unknown Engine Designer,Tokyo,-,Mitsui O.S.K. Lines Limited (MOL),Japan,Mitsui O.S.K. Lines Limited (MOL),Japan,Tokyo LNG Tanker Company Limited And Mitsui OSK Lines Limited (MOL),Japan,Mitsui O.S.K. Lines Limited (MOL),Japan,-,-,9758832,431048000,19.50,2019,-,-,-,-,-,25200,33794,9L50DF,Japan Shipowners Mutual Protection & Indemnity Association,Nippon Kaiji Kyokai,-,-,-,-,-,-,2029-05-26T00:00:00,2029-05-26T00:00:00,MOL LNG Transport Company Limited,Japan,MOL LNG Transport Company Limited,Japan,FOR ORDERS,-,A,03 Jun 2026 12:00:59 GMT,06 Jun 2026 05:01:00 GMT,Mitsui O.S.K. Lines Limited (MOL),Japan,"26° 46' 45"" N","92° 37' 24"" W",6,"6 days, 22 hours"
Energy Universe,Liquefied Natural Gas Carrier,Tsu,Japan Marine United Corporation (JMU),12352230,Live,Panama,36643,"LNG VLGC, 100'-200'cbm",88700,Double Hull,3ETV9,122142,5073,299.90,286.50,-,48.90,11.50,8.00,Unknown Engine Designer,Panama,-,Mitsui O.S.K. Lines Limited (MOL),Japan,Mitsui O.S.K. Lines Limited (MOL),Japan,Lusby Shipping SA,Panama,-,-,-,-,9758844,354114000,19.50,2019,-,-,-,-,-,-,-,9L50DF,Japan Shipowners Mutual Protection & Indemnity Association,Nippon Kaiji Kyokai,-,-,-,-,-,-,2029-08-08T00:00:00,2029-08-08T00:00:00,MOL LNG Transport Company Limited,Japan,MOL LNG Transport Company Limited,Japan,USCP6,Cove Point,A,03 Jun 2026 12:09:13 GMT,13 Jul 2026 00:01:00 GMT,Mitsui O.S.K. Lines Limited (MOL),Japan,"27° 18' 45"" N","125° 43' 7"" E",4,"6 days, 16 hours"
British Mentor,Liquefied Natural Gas Carrier,Goeje Is.,Hanwha Ocean Company Limited,12395450,Live,Isle of Man,34609,"LNG VLGC, 100'-200'cbm",94528,Double Hull,MAOR5,115366,2445,294.90,282.90,-,46.40,12.50,8.48,MAN Diesel AS,Douglas,-,Kukje Maritime Investment Corporation (KMARIN),Republic of Korea,Natural Gas Ocean Transportation Investment No.20 Holdco S.A.,Panama,Natural Gas Ocean Transportation Investment No. 20 SPC C S.A.,Panama,BP Shipping Limited,United Kingdom,-,-,9766578,232006296,20.98,2019,-,-,-,-,Doosan Engine Company Limited,21195,28422,5G70ME-C9-GI,"Britannia Steam Ship Insurance Association Ltd., The",LR (provisional), (provisional), (provisional),2024-03-20T00:00:00,-,2024-03-30T00:00:00,-,2029-03-04T00:00:00,2029-03-04T00:00:00,BP Shipping Limited,United Kingdom,BP Shipping Limited,United Kingdom,KR  TYG,Tongyeong,A,03 Jun 2026 12:05:21 GMT,07 Jun 2026 21:00:00 GMT,Natural Gas Ocean Transportation Investment No.20 Holdco S.A.,Panama,"20° 59' 26"" N","120° 58' 5"" E",2,"2 days, 18 hours"
British Achiever,Liquefied Natural Gas Carrier,South Korea,Hanwha Ocean Company Limited,12395509,Live,Isle of Man,34609,"LNG VLGC, 100'-200'cbm",83000,Double Hull,MAOR9,115366,2442,294.90,282.90,-,46.40,12.50,8.48,MAN Diesel AS,Douglas,-,Kukje Maritime Investment Corporation (KMARIN),Republic of Korea,Natural Gas Ocean Transportation Investment No.20 Holdco S.A.,Panama,Natural Gas Ocean Transportation Investment No. 20 SPC B S.A.,Panama,BP Shipping Limited,United Kingdom,-,-,9766542,232006300,20.98,2018,-,-,-,-,Doosan Engine Company Limited,21195,28422,5G70ME-C9-GI,"Britannia Steam Ship Insurance Association Ltd., The",LR (provisional), (provisional), (provisional),2023-09-03T00:00:00,-,2023-09-06T00:00:00,-,2028-10-24T00:00:00,2028-10-24T00:00:00,BP Shipping Limited,United Kingdom,BP Shipping Limited,United Kingdom,SC POV,Port Victoria,A,03 Jun 2026 12:08:14 GMT,04 Jun 2026 05:00:00 GMT,Natural Gas Ocean Transportation Investment No.20 Holdco S.A.,Panama,"0° 46' 49"" S","57° 46' 42"" E",1,"1 day, 8 hours"
Maran Gas Hydra,Liquefied Natural Gas Carrier,South Korea,Hanwha Ocean Company Limited,12404966,Live,Greece,34128,"LNG VLGC, 100'-200'cbm",94945,Double Hull,SVDD4,113763,2459,294.90,279.60,-,46.40,12.90,13.60,MAN Diesel AS,Piraeus,-,Industrial and Commercial Bank of China Limited (ICBC),People's Republic of China,ICBC Financial Leasing Company Limited,People's Republic of China,Hai Jiao 1802 Limited,Marshall Islands,Maran Gas Maritime Incorporated,Greece,-,-,9767962,241638000,26.50,2019,-,Wartsila Corporation,Unknown,Unknown,Wartsila Corporation,21195,28422,5G70ME-C9-GI,Assuranceforeningen Gard,Lloyds Register,-,-,2023-08-03T00:00:00,-,2023-11-25T00:00:00,-,2029-02-12T00:00:00,2029-02-12T00:00:00,Maran Gas Maritime Incorporated,Greece,Maran Gas Maritime Incorporated,Greece,AU BWB,Barrow Island,A,03 Jun 2026 11:59:34 GMT,04 Jun 2026 00:01:00 GMT,ICBC Financial Leasing Company Limited,People's Republic of China,"19° 18' 47"" S","114° 34' 35"" E",1,"1 day, 9 hours"
Marvel Pelican,Liquefied Natural Gas Carrier,Sakaide,Kawasaki Shipbuilding Corporation,12419671,Live,Panama,38676,"LNG VLGC, 100'-200'cbm",83636,Double Hull,3FUY7,128917,1729,299.90,287.00,-,48.90,11.83,10.96,Wartsila Corporation,Panama,-,Mitsui O.S.K. Lines Limited (MOL),Japan,Mitsui O.S.K. Lines Limited (MOL),Japan,Pelican Gas Shipping SA,Panama,Mitsui & Company Limited,Japan,-,-,9759252,356051000,22.79,2019,-,-,-,-,Wartsila Corporation,18510,24822,9L50DF,"Britannia Steam Ship Insurance Association Ltd., The",Nippon Kaiji Kyokai,-,-,-,-,-,-,2029-12-12T00:00:00,2029-12-12T00:00:00,MOL Global Ship Management Private Limited,Republic of Singapore,MOL Global Ship Management Private Limited,Republic of Singapore,ZACPT,Cape Town,A,03 Jun 2026 12:09:07 GMT,30 May 2026 16:00:00 GMT,Mitsui O.S.K. Lines Limited (MOL),Japan,"28° 2' 53"" S","45° 19' 13"" E",1,"4 days, 4 hours"
Marvel Eagle,Liquefied Natural Gas Carrier,Sakaide,Kawasaki Shipbuilding Corporation,12419710,Live,Panama,38676,"LNG VLGC, 100'-200'cbm",83571,Double Hull,3EAK6,128917,1728,299.90,287.00,-,48.90,11.83,10.96,Wartsila Corporation,Panama,-,Mitsui & Company Limited,Japan,Mitsui & Company Limited,Japan,Mevius Lines S.A.,Panama,Mitsui O.S.K. Lines Limited (MOL),Japan,-,-,9759240,374375000,22.79,2018,-,-,-,-,Wartsila Corporation,11980,16065,9L50DF,"Britannia Steam Ship Insurance Association Ltd., The",NK (provisional), (provisional), (provisional),2018-10-19T00:00:00,-,2018-10-19T00:00:00,-,2028-10-18T00:00:00,2028-10-18T00:00:00,MOL Global Ship Management Private Limited,Republic of Singapore,MOL Global Ship Management Private Limited,Republic of Singapore,FOR ORDERS,-,A,03 Jun 2026 12:00:16 GMT,17 Jun 2026 05:00:00 GMT,Mitsui & Company Limited,Japan,"10° 18' 54"" N","99° 20' 11"" W",4,"4 days, 22 hours"
Marvel Heron,Liquefied Natural Gas Carrier,Nagasaki,Mitsubishi Heavy Industries Limited Shipbuilding,12423757,Live,Panama,41715,"LNG VLGC, 100'-200'cbm",97654,Double Hull,3EVN7,139050,2322,297.50,293.00,-,48.94,11.40,16.09,Mitsubishi Heavy Industries Limited Shipbuilding,Panama,-,Mitsui O.S.K. Lines Limited (MOL),Japan,Mitsui O.S.K. Lines Limited (MOL),Japan,Heron Gas Shipping SA,Panama,Mitsui & Company Limited,Japan,-,-,9770440,374022000,27.49,2019,-,-,-,-,Mitsubishi Heavy Industries Limited,-,-,MR21-II,Assuranceforeningen Gard,American Bureau,-,-,-,-,-,-,2029-09-25T00:00:00,2029-09-25T00:00:00,MOL Global Ship Management Private Limited,Republic of Singapore,MOL Global Ship Management Private Limited,Republic of Singapore,...,-,A,03 Jun 2026 12:01:36 GMT,05 Jul 2026 00:01:00 GMT,Mitsui O.S.K. Lines Limited (MOL),Japan,"0° 11' 21"" S","87° 5' 43"" E",1,"1 day, 10 hours"
Megara,Liquefied Natural Gas Carrier,South Korea,Hanwha Ocean Company Limited,12433564,Live,Bahamas,33979,"LNG VLGC, 100'-200'cbm",95212,Double Hull,C6CI2,113263,2455,294.90,282.90,-,46.40,12.52,13.98,MAN Diesel AS,Nassau,-,Industrial and Commercial Bank of China Limited (ICBC),People's Republic of China,ICBC Financial Leasing Company Limited,People's Republic of China,Hai Jiao 1607 Limited,Bahamas,Shell International Trading & Shipping Company Limited (STASCO),United Kingdom,-,-,9770945,311000478,26.50,2018,-,-,-,-,-,-,-,5G70ME-C9-GI,U.K. Mutual Steam Ship Assurance Association (Bermuda) Ltd,DNV,-,-,-,-,-,-,2027-06-24T00:00:00,2027-06-24T00:00:00,Shell International Trading & Shipping Company Limited (STASCO),United Kingdom,Shell International Trading & Shipping Company Limited (STASCO),United Kingdom,FOR ORDER,Pampa Melchorita,A,03 Jun 2026 11:18:00 GMT,01 Jun 2026 00:00:00 GMT,ICBC Financial Leasing Company Limited,People's Republic of China,"9° 7' 37"" S","83° 27' 54"" W",1,"1 day, 7 hours"
Diamond Gas Rose,Liquefied Natural Gas Carrier,Nagasaki,Mitsubishi Heavy Industries Limited Shipbuilding,12496601,Live,Singapore,43448,"LNG VLGC, 100'-200'cbm",94145,Double Hull,9V7873,144828,2325,293.50,289.00,-,48.94,11.05,15.95,Mitsubishi Heavy Industries Limited Shipbuilding,Singapore,-,Nippon Yusen Kabushiki Kaisha (NYK) (50%) & Mitsubishi Corporation (MC) (50%),Japan,Nippon Yusen Kabushiki Kaisha (NYK) (50%) & Mitsubishi Corporation (MC) (50%),Japan,Diamond LNG Shipping 2 Private Limited,Republic of Singapore,-,-,-,-,9779238,563189500,27.00,2018,-,-,-,-,-,-,-,MR21-II,Assuranceforeningen Gard,American Bureau,-,-,-,-,-,-,2028-07-31T00:00:00,2028-07-31T00:00:00,NYK LNG Shipmanagement Limited,Japan,NYK LNG Shipmanagement Limited,Japan,-,-,A,03 Jun 2026 05:44:50 GMT,-,Nippon Yusen Kabushiki Kaisha (NYK) (50%) & Mitsubishi Corporation (MC) (50%),Japan,"33° 9' 36"" N","129° 41' 48"" E",12,"12 days, 12 hours"
Diamond Gas Orchid,Liquefied Natural Gas Carrier,Nagasaki,Mitsubishi Heavy Industries Limited Shipbuilding,12496602,Live,Singapore,43448,"LNG VLGC, 100'-200'cbm",94028,Double Hull,9V7872,144828,2324,293.50,289.00,-,49.00,11.05,15.95,Mitsubishi Heavy Industries Limited Shipbuilding,Singapore,-,Nippon Yusen Kabushiki Kaisha (NYK) (50%) & Mitsubishi Corporation (MC) (50%),Japan,Nippon Yusen Kabushiki Kaisha (NYK) (50%) & Mitsubishi Corporation (MC) (50%),Japan,Diamond LNG Shipping 1 Private Limited,Republic of Singapore,Diamond Gas International Private Limited,Republic of Singapore,-,-,9779226,563189600,27.00,2018,-,-,-,-,-,-,-,MR21-II,U.K. Mutual Steam Ship Assurance Association (Bermuda) Ltd,American Bureau,-,-,2020-09-15T00:00:00,-,-,-,2028-06-28T00:00:00,2028-06-28T00:00:00,NYK LNG Shipmanagement Limited,Japan,NYK LNG Shipmanagement Limited,Japan,JP YKK,Yokkaichi,A,03 Jun 2026 12:09:36 GMT,25 Jun 2026 23:00:00 GMT,Nippon Yusen Kabushiki Kaisha (NYK) (50%) & Mitsubishi Corporation (MC) (50%),Japan,"35° 48' 56"" S","24° 28' 22"" E",9,"6 days, 18 hours"
Seapeak Glasgow,Liquefied Natural Gas Carrier,Samho,HD Hyundai Samho Company Limited,12512754,Live,Bahamas,35149,"LNG VLGC, 100'-200'cbm",102000,Double Hull,C6DG2,117162,S856,289.00,275.00,-,45.60,12.50,13.50,Unknown Engine Designer,Nassau,-,Stonepeak Infrastructure Partners (Stonepeak Partners LP),United States of America,Seapeak LLC,Marshall Islands,Seapeak Glasgow LLC,Marshall Islands,BP p.l.c.,United Kingdom,-,-,9781918,311000665,26.00,2019,-,-,-,-,-,-,-,12V50DF,NorthStandard,DNV,-,-,-,-,-,-,2028-12-05T00:00:00,2028-12-05T00:00:00,Seapeak Maritime Limited,Bermuda,Seapeak Maritime (Glasgow) Limited,United Kingdom,CN TNJ,-,A,03 Jun 2026 11:55:19 GMT,11 Jun 2026 16:00:00 GMT,Seapeak LLC,Marshall Islands,"47° 31' 6"" N","171° 33' 51"" E",1,"1 day, 5 hours"
Syoanmaru No15,Liquefied Petroleum Gas Carrier,Komatsushima,Imura Zosen K.K.,12552196,Live,Japan,-,Unknown size,1068,Double Hull,JD3862,749,361,64.10,-,-,11.20,4.05,0.85,Yanmar Diesel Engine Company Limited,Kainan,-,Yokota Kaiun Y.K.,Japan,Yokota Kaiun Y.K.,Japan,Yokota Kaiun Y.K.,Japan,-,-,-,-,9765251,431006926,4.90,2015,-,-,-,-,Yanmar Diesel Engine Company Limited,1330,1784,6EY26W,-,Nippon Kaiji Kyokai,-,-,2020-10-06T00:00:00,-,2020-10-06T00:00:00,-,2030-10-05T00:00:00,2030-10-05T00:00:00,-,-,Yokota Kaiun Y.K.,Japan,>JP NGO 4B,Yokosuka,A,03 Jun 2026 12:10:13 GMT,02 Jun 2026 11:15:00 GMT,Yokota Kaiun Y.K.,Japan,"35° 0' 50"" N","136° 49' 44"" E",10,"1 month, 6 days"
Sohshu Maru,Liquefied Natural Gas Carrier,Sakaide,Kawasaki Shipbuilding Corporation,12572983,Live,Bahamas,40786,"LNG VLGC, 100'-200'cbm",81340,Double Hull,C6CU9,135951,1735,299.90,288.40,-,48.90,11.80,0.00,Wartsila Corporation,Nassau,-,Mitsui O.S.K. Lines Limited (MOL),Japan,Trans Pacific Shipping 8 Limited,Bahamas,Trans Pacific Shipping 8 Limited,Bahamas,Chubu Electric Power Company Incorporated,Japan,-,-,9791212,311000580,11.80,2019,-,-,-,-,-,18510,24822,8L50DF,U.K. Mutual Steam Ship Assurance Association (Bermuda) Ltd,Nippon Kaiji Kyokai,-,-,-,-,-,-,2029-07-18T00:00:00,2029-07-18T00:00:00,MOL LNG Transport Company Limited,Japan,MOL LNG Transport Company Limited,Japan,AU DRW,-,A,03 Jun 2026 12:03:54 GMT,01 Jun 2026 23:00:00 GMT,Trans Pacific Shipping 8 Limited,Bahamas,"12° 31' 28"" S","130° 50' 58"" E",2,"5 days, 18 hours"
Shinshu Maru,Liquefied Natural Gas Carrier,Sakaide,Kawasaki Shipbuilding Corporation,12572984,Live,Bahamas,40786,"LNG VLGC, 100'-200'cbm",82287,Double Hull,C6EB3,135951,1734,299.90,286.00,-,48.90,11.80,10.99,Wartsila Corporation,Nassau,-,Nippon Yusen Kabushiki Kaisha (NYK Line) (Nippon Yusen Kaisha),Japan,Nippon Yusen Kabushiki Kaisha (NYK Line) (Nippon Yusen Kaisha),Japan,Trans Pacific Shipping 7 Limited,Bahamas,-,-,-,-,9791200,311000845,22.79,2019,-,-,-,-,-,12330,16535,8L50DF,Assuranceforeningen Gard,NK (provisional), (provisional), (provisional),-,-,2019-02-15T00:00:00,-,2029-02-14T00:00:00,2029-02-14T00:00:00,NYK LNG Shipmanagement Limited,Japan,NYK LNG Shipmanagement Limited,Japan,USFPO,-,A,03 Jun 2026 12:08:17 GMT,12 Jun 2026 11:00:00 GMT,Nippon Yusen Kabushiki Kaisha (NYK Line) (Nippon Yusen Kaisha),Japan,"19° 45' 48"" N","115° 20' 34"" E",2,"4 days, 11 hours"
Nohshu Maru,Liquefied Natural Gas Carrier,Nagasaki,Mitsubishi Heavy Industries Limited Shipbuilding,12601353,Live,Bahamas,44810,"LNG VLGC, 100'-200'cbm",97902,Double Hull,C6CU8,149367,2326,297.50,293.00,-,48.94,11.50,16.50,Mitsubishi Heavy Industries Limited Shipbuilding,Nassau,-,Mitsui O.S.K. Lines Limited (MOL),Japan,Mitsui O.S.K. Lines Limited (MOL),Japan,Trans Pacific Shipping 5 Limited,Bahamas,-,-,-,-,9796781,311000579,28.00,2019,-,-,-,-,-,-,-,MR21-II,U.K. Mutual Steam Ship Assurance Association (Bermuda) Ltd,American Bureau,-,-,-,-,-,-,2029-02-17T00:00:00,2029-02-17T00:00:00,MOL Global Ship Management Private Limited,Republic of Singapore,MOL Global Ship Management Private Limited,Republic of Singapore,-,-,A,03 Jun 2026 09:57:14 GMT,-,Mitsui O.S.K. Lines Limited (MOL),Japan,"33° 57' 30"" N","135° 6' 30"" E",1,"1 day, 5 hours"
Bushu Maru,Liquefied Natural Gas Carrier,Nagasaki,Mitsubishi Heavy Industries Limited Shipbuilding,12601368,Live,Bahamas,44810,"LNG VLGC, 100'-200'cbm",97955,Double Hull,C6EB4,149367,2327,297.50,293.00,49.00,48.94,11.50,15.50,Mitsubishi Heavy Industries Limited Shipbuilding,Nassau,-,Mitsui O.S.K. Lines Limited (MOL),Japan,Trans Pacific Shipping 6 Limited,Bahamas,Trans Pacific Shipping 6 Limited,Bahamas,NYK LNG Shipmanagement Limited,Japan,-,-,9796793,311000846,27.00,2019,-,-,-,-,Mitsubishi Heavy Industries Limited,-,-,MR21-II,Assuranceforeningen Gard,American Bureau,-,-,-,-,-,-,2029-07-03T00:00:00,2029-07-03T00:00:00,NYK LNG Shipmanagement Limited,Japan,NYK LNG Shipmanagement Limited,Japan,JP YKK E,Yokkaichi,A,03 Jun 2026 11:48:54 GMT,07 Jun 2026 20:45:00 GMT,Trans Pacific Shipping 6 Limited,Bahamas,"29° 11' 14"" N","147° 27' 3"" E",2,"2 days, 12 hours"
Maran Gas Andros,Liquefied Natural Gas Carrier,South Korea,Hanwha Ocean Company Limited,12722701,Live,Greece,34137,"LNG VLGC, 100'-200'cbm",83000,Double Hull,SVDF5,113793,2467,294.90,288.50,-,46.40,12.90,13.60,B&W Diesel A/S,Piraeus,-,Angelicoussis Shipping Group Limited,Greece,Maran Gas Maritime Incorporated,Greece,Crusandel Marine Company,Marshall Islands,-,-,-,-,9810379,241670000,26.50,2019,-,Wartsila Corporation,Unknown,Unknown,MAN Diesel Korea Company Limited,21195,28422,5G70ME-C9.5-Tier III,Assuranceforeningen Gard,LR (provisional), (provisional), (provisional),2024-08-14T00:00:00,-,2024-08-14T00:00:00,-,2029-11-13T00:00:00,2029-11-13T00:00:00,Maran Gas Maritime Incorporated,Greece,Maran Gas Maritime Incorporated,Greece,FOR ORDERS,Gibraltar,A,03 Jun 2026 12:06:16 GMT,14 Jun 2026 00:01:00 GMT,Maran Gas Maritime Incorporated,Greece,"34° 57' 31"" N","13° 30' 43"" W",2,"2 days, 17 hours"
Woodside Rees Withers,Liquefied Natural Gas Carrier,Goeje Is.,Hanwha Ocean Company Limited,12722720,Live,Greece,34146,"LNG VLGC, 100'-200'cbm",96000,Double Hull,SVDF4,113822,2466,294.90,288.50,-,46.40,11.50,15.00,MAN Diesel AS,Piraeus,-,Angelicoussis Shipping Group Limited,Greece,Maran Gas Maritime Incorporated,Greece,Franklin Navigation Company,Marshall Islands,Woodside Energy Group Limited,Australia,-,-,9810367,241669000,26.50,2019,-,-,-,-,HD Hyundai Heavy Industries Company Limited,12590,16883,5G70ME-C9.5-GI,Assuranceforeningen Gard,American Bureau,-,-,-,-,-,-,2029-09-23T00:00:00,2029-09-23T00:00:00,Maran Gas Maritime Incorporated,Greece,Maran Gas Maritime Incorporated,Greece,FOR ORDERS,-,A,03 Jun 2026 11:23:25 GMT,03 Jul 2026 22:00:00 GMT,Maran Gas Maritime Incorporated,Greece,"5° 46' 46"" N","45° 16' 57"" W",1,"1 day, 7 hours"
Flex Constellation,Liquefied Natural Gas Carrier,Okpo,Hanwha Ocean Company Limited,12775830,Live,Marshall Islands,34028,"LNG VLGC, 100'-200'cbm",95453,Double Hull,V7A2080,113428,2470,294.90,282.90,-,46.40,11.50,15.00,MAN Diesel AS,Majuro,-,Flex LNG Limited,British Virgin Islands,Flex LNG Limited,British Virgin Islands,Flex LNG Constellation Limited,Marshall Islands,-,-,-,-,9825427,538008205,26.50,2019,-,-,-,-,HSD Engine Company Limited,11975,16059,5G70ME-C9.5-GI-TIII,NorthStandard,American Bureau,-,-,-,-,-,-,2029-06-06T00:00:00,2029-06-06T00:00:00,-,-,Flex LNG Limited,British Virgin Islands,FOR ORDERS,-,A,03 Jun 2026 11:40:14 GMT,05 Jun 2026 00:01:00 GMT,Flex LNG Limited,British Virgin Islands,"32° 53' 42"" N","139° 8' 1"" E",1,"1 day, 7 hours"
Maran Gas Psara,Liquefied Natural Gas Carrier,Goeje Is.,Hanwha Ocean Company Limited,12889613,Live,Greece,34500,"LNG VLGC, 100'-200'cbm",83000,Double Hull,SVDG6,113822,2469,294.90,288.50,-,46.40,12.90,13.60,MAN Diesel AS,Piraeus,-,Angelicoussis Shipping Group Limited,Greece,Maran Gas Maritime Incorporated,Greece,Highseas Shiptrade Company,Marshall Islands,-,-,-,-,9844863,241692000,26.50,2020,-,Wartsila Corporation,Unknown,Unknown,Doosan Engine Company Limited,-,-,5G70ME-C9-GI,Assuranceforeningen Gard,Lloyds Register,-,-,2024-09-16T00:00:00,-,2025-04-08T00:00:00,-,2030-05-06T00:00:00,2030-05-06T00:00:00,Maran Gas Maritime Incorporated,Greece,Maran Gas Maritime Incorporated,Greece,-,-,A,03 Jun 2026 11:58:49 GMT,-,Maran Gas Maritime Incorporated,Greece,"13° 54' 58"" N","114° 30' 3"" E",2,"2 days, 22 hours"
BW Magnolia,Liquefied Natural Gas Carrier,South Korea,Hanwha Ocean Company Limited,12908768,Live,Singapore,34387,"LNG VLGC, 100'-200'cbm",90625,Double Hull,9V6328,114622,2490,294.92,288.52,-,46.41,12.08,14.42,MAN Diesel AS,Singapore,-,Sumitomo Corporation (Sumitomo Shoji KK) & Sumitomo Mitsui Financial Group Incorporated,Japan,Sumitomo Mitsui Finance & Leasing Company Limited(SMFL),Japan,Helen Navigation Private Limited,Republic of Singapore,BW LNG AS,Norway,-,-,9850666,563092200,26.50,2020,-,-,-,-,Doosan Engine Company Limited,-,-,5G70ME-C9-GI,NorthStandard,DNV,-,-,-,-,-,-,2030-02-25T00:00:00,2030-02-25T00:00:00,BW Fleet Management AS,Norway,BW Fleet Management AS,Norway,-,-,A,03 Jun 2026 12:03:31 GMT,-,Sumitomo Mitsui Finance & Leasing Company Limited(SMFL),Japan,"35° 3' 22"" S","56° 0' 5"" W",3,4 days
Flex Resolute,Liquefied Natural Gas Carrier,South Korea,Hanwha Ocean Company Limited,12912588,Live,Marshall Islands,34315,"LNG VLGC, 100'-200'cbm",95450,Double Hull,V7A2792,114380,2480,294.90,282.90,-,46.40,16.00,10.50,MAN Diesel AS,Majuro,-,Japan Investment Adviser Company Limited,Japan,JP Lease Products & Services Company,Japan,JLPS Ship Investment Marshall 10 Company,Marshall Islands,-,-,-,-,9851646,538008815,26.50,2020,-,-,-,-,-,-,-,5G70ME-C9-GI,NorthStandard,DNV,-,-,-,-,-,-,2030-09-04T00:00:00,2030-09-04T00:00:00,Flex LNG Fleet Management AS,Norway,Flex LNG Fleet Management AS,Norway,FOR ORDERS,-,A,03 Jun 2026 11:59:16 GMT,24 Jun 2026 04:00:00 GMT,JP Lease Products & Services Company,Japan,"14° 19' 49"" N","67° 17' 6"" E",2,"2 days, 15 hours"
Gaslog Wales,Liquefied Natural Gas Carrier,South Korea,Samsung Shipbuilding & Heavy Industries Company Limited,12915930,Live,Bermuda,36257,"LNG VLGC, 100'-200'cbm",93076,Double Hull,ZCEY2,120859,2274,297.07,290.00,-,47.00,12.50,14.50,Winterthur Gas & Diesel Limited (WinGD),Hamilton,-,GasLog Limited,Greece,GasLog Limited,Greece,GAS-thirty one Limited,Bermuda,JERA Company Incorporated,Japan,-,-,9853137,310786000,27.00,2020,-,-,-,-,-,-,-,5X72DF,West of England Mutual Shipowners Protection & Indemnity Association (Luxemburg),American Bureau,-,-,-,-,-,-,2030-05-10T00:00:00,2030-05-10T00:00:00,Gaslog LNG Services Limited,Greece,Gaslog LNG Services Limited,Greece,FRDKK>USLCH,Lake Charles,A,03 Jun 2026 11:25:24 GMT,18 Jun 2026 05:01:00 GMT,GasLog Limited,Greece,"44° 38' 10"" N","19° 21' 40"" W",4,"2 days, 16 hours"
Minerva Limnos,Liquefied Natural Gas Carrier,South Korea,Hanwha Ocean Company Limited,12917547,Live,Malta,34145,"LNG VLGC, 100'-200'cbm",94834,Double Hull,9HA5355,113817,2482,294.90,288.50,-,46.40,12.90,13.60,MAN Diesel AS,Valletta,-,Andreas Martinos & family,Greece,Minerva Gas Incorporated,Greece,Roland Shipping SA,Marshall Islands,-,-,-,-,9854375,215889000,26.50,2021,-,-,-,-,MAN Energy Solutions SE,-,-,5G70ME-C9.5,NorthStandard,DNV,-,-,-,-,-,-,2026-06-30T00:00:00,2026-06-30T00:00:00,Minerva Gas Incorporated,Greece,Minerva Gas Incorporated,Greece,FOR ORDERS,-,A,03 Jun 2026 11:59:54 GMT,12 Jun 2026 22:00:00 GMT,Minerva Gas Incorporated,Greece,"36° 8' 43"" N","46° 51' 11"" W",1,"1 day, 9 hours"
Minerva Psara,Liquefied Natural Gas Carrier,South Korea,Hanwha Ocean Company Limited,12917564,Live,Malta,34145,"LNG VLGC, 100'-200'cbm",96000,Double Hull,9HA5338,113817,2481,294.90,288.50,-,46.40,11.50,15.00,MAN Diesel AS,Valletta,-,Andreas Martinos & family,Greece,Minerva Gas Incorporated,Greece,Wimbledon Shipping SA,Marshall Islands,-,-,-,-,9854363,215865000,26.50,2021,-,-,-,-,MAN Energy Solutions SE,-,-,5G70ME-C9.5,NorthStandard,American Bureau,-,-,-,-,-,-,2031-01-02T00:00:00,2031-01-02T00:00:00,Minerva Gas Incorporated,Greece,Minerva Gas Incorporated,Greece,FORORDERS,-,A,03 Jun 2026 11:48:02 GMT,11 Jun 2026 05:01:00 GMT,Minerva Gas Incorporated,Greece,"33° 18' 40"" N","35° 15' 13"" W",1,"1 day, 9 hours"
Flex Aurora,Liquefied Natural Gas Carrier,Samho,HD Hyundai Samho Company Limited,12930106,Live,Marshall Islands,34930,"LNG VLGC, 100'-200'cbm",93775,Double Hull,V7A2734,116430,8010,297.00,291.00,-,46.40,12.50,14.00,Winterthur Gas & Diesel Limited (WinGD),Majuro,-,Flex LNG Limited,British Virgin Islands,Flex LNG Management Limited,United Kingdom,Flex LNG Aurora Limited,Marshall Islands,-,-,-,-,9857365,538008764,26.50,2020,-,-,-,-,-,-,-,5X72DF,NorthStandard,DNV,-,-,-,-,-,-,2030-07-29T00:00:00,2030-07-29T00:00:00,Flex LNG Fleet Management AS,Norway,Flex LNG Fleet Management AS,Norway,FOR ORDERS,-,A,03 Jun 2026 12:10:09 GMT,01 Jun 2026 06:00:00 GMT,Flex LNG Management Limited,United Kingdom,"16° 18' 16"" N","17° 30' 12"" W",2,"1 day, 8 hours"
Flex Amber,Liquefied Natural Gas Carrier,Samho,HD Hyundai Samho Company Limited,12930133,Live,Marshall Islands,34930,"LNG VLGC, 100'-200'cbm",83000,Double Hull,V7A2865,116430,8011,297.00,291.00,-,46.40,12.50,14.00,Winterthur Gas & Diesel Limited (WinGD),Majuro,-,Bank of Communications Company Limited,People's Republic of China,Bocom Leasing Management Hong Kong Company Limited,"Hong Kong, S.A.R., China",Xiang L46 HK International Ship Lease Company Limited,"Hong Kong, S.A.R., China",Flex LNG Management Limited,United Kingdom,-,-,9857377,538008881,26.50,2020,-,-,-,-,-,-,-,5X72DF,NorthStandard,DNV,-,-,-,-,-,-,2030-10-14T00:00:00,2030-10-14T00:00:00,Flex LNG Fleet Management AS,Norway,Flex LNG Fleet Management AS,Norway,FOR ORDERS,-,A,03 Jun 2026 12:08:32 GMT,20 Jun 2026 05:00:00 GMT,Bocom Leasing Management Hong Kong Company Limited,"Hong Kong, S.A.R., China","19° 16' 6"" S","61° 12' 16"" E",4,"5 days, 2 hours"
Flex Freedom,Liquefied Natural Gas Carrier,South Korea,Hanwha Ocean Company Limited,12945830,Live,Marshall Islands,34315,"LNG VLGC, 100'-200'cbm",85000,Double Hull,V7A2791,114380,2492,294.40,282.90,-,46.40,11.50,15.00,MAN Diesel AS,Majuro,-,Flex LNG Limited,British Virgin Islands,Flex LNG Management Limited,United Kingdom,Flex Freedom Limited,Marshall Islands,-,-,-,-,9862308,538008814,26.50,2021,-,-,-,-,Doosan Engine Company Limited,31085,42276,5G70ME-C9-GI,Assuranceforeningen Gard,DNV,-,-,-,-,-,-,2031-01-01T00:00:00,2031-01-01T00:00:00,Flex LNG Fleet Management AS,Norway,Flex LNG Fleet Management AS,Norway,TWYAN,-,A,03 Jun 2026 12:06:22 GMT,04 Jun 2026 23:30:00 GMT,Flex LNG Management Limited,United Kingdom,"21° 58' 2"" N","119° 51' 23"" E",6,"8 days, 3 hours"
Aristos I,Liquefied Natural Gas Carrier,Ulsan,HD Hyundai Heavy Industries Company Limited,12950747,Live,Malta,34974,"LNG VLGC, 100'-200'cbm",93448,Double Hull,9HA5241,116581,3105,299.00,291.00,-,46.40,26.50,0.00,Winterthur Gas & Diesel Limited (WinGD),Valletta,-,Bank of Communications Company Limited,People's Republic of China,Bank of Communications Financial Leasing Company Limited,People's Republic of China,Xiang CH25 HK International Ship Lease Company Limited,"Hong Kong, S.A.R., China",BP p.l.c.,United Kingdom,-,-,9862891,215668000,26.50,2020,-,-,-,-,-,31664,43063,5X72DF,West of England Mutual Shipowners Protection & Indemnity Association (Luxemburg),Lloyds Register,-,-,-,2023-07-02T00:00:00,2021-11-01T00:00:00,-,2030-11-11T00:00:00,2030-11-11T00:00:00,Capital Gas Ship Management Corporation,Greece,Capital Gas Ship Management Corporation,Greece,GIGIB FOR ORDERS,Gibraltar,A,03 Jun 2026 11:50:35 GMT,08 Jun 2026 18:00:00 GMT,Bank of Communications Financial Leasing Company Limited,People's Republic of China,"29° 18' 54"" N","46° 51' 48"" W",1,"1 day, 9 hours"
Vivit Americas LNG,Liquefied Natural Gas Carrier,Ulsan,HD Hyundai Heavy Industries Company Limited,12966897,Live,Malta,34962,"LNG VLGC, 100'-200'cbm",93534,Double Hull,9HA5186,116542,3037,299.00,291.00,-,46.40,12.50,14.00,Winterthur Gas & Diesel Limited (WinGD),Valletta,-,Economou Group of Companies,Greece,TMS Cardiff Gas Limited,Greece,Cardiff LNG Zeta Owning LLC,Marshall Islands,Vitol International Shipping Private Limited,Republic of Singapore,-,-,9864667,215574000,26.50,2020,-,-,-,-,HD Hyundai Heavy Industries Company Limited,12112,16457,5X72DF,Assuranceforeningen Gard,BV (provisional), (provisional), (provisional),2025-09-21T00:00:00,2023-09-27T00:00:00,2025-09-01T00:00:00,2025-09-21T00:00:00,2030-10-15T00:00:00,2030-10-15T00:00:00,TMS Cardiff Gas Limited,Greece,TMS Cardiff Gas Limited,Greece,FOR ORDERS,Gibraltar,A,03 Jun 2026 12:01:22 GMT,12 Jun 2026 11:30:00 GMT,TMS Cardiff Gas Limited,Greece,"36° 9' 29"" N","22° 50' 29"" W",1,"1 day, 10 hours"
Cool Racer,Liquefied Natural Gas Carrier,Ulsan,HD Hyundai Heavy Industries Company Limited,12973018,Live,Malta,34906,"LNG VLGC, 100'-200'cbm",93423,Double Bottom,9HA5175,116354,3126,299.00,291.00,-,46.40,11.50,15.00,Winterthur Gas & Diesel Limited (WinGD),Valletta,-,Constantinos Martinos family,Greece,Thenamaris LNG Incorporated,Greece,Eloquent Shipping Limited,Marshall Islands,-,-,-,-,9869265,215553000,26.50,2021,-,-,-,-,-,12112,16242,5X72DF,NorthStandard,American Bureau,-,-,-,-,-,-,2031-02-17T00:00:00,2031-02-17T00:00:00,Thenamaris LNG Incorporated,Greece,Thenamaris LNG Incorporated,Greece,TRANSIT SUEZ CANAL,-,A,03 Jun 2026 12:06:53 GMT,03 Jun 2026 13:00:00 GMT,Thenamaris LNG Incorporated,Greece,"31° 33' 37"" N","32° 10' 9"" E",1,"1 day, 11 hours"
LNG Adventure,Liquefied Natural Gas Carrier,South Korea,Samsung Shipbuilding & Heavy Industries Company Limited,12976455,Live,France,34622,"LNG VLGC, 100'-200'cbm",88817,Double Hull,FMMI,115408,2302,293.00,286.00,-,45.80,12.00,14.20,Unknown Engine Designer,Marseilles,-,Nippon Yusen Kabushiki Kaisha (NYK Line) (Nippon Yusen Kaisha),Japan,Nippon Yusen Kabushiki Kaisha (NYK Line) (Nippon Yusen Kaisha),Japan,Azalee LNG Shipping SAS,France,-,-,-,-,9870159,228391700,26.20,2021,-,-,-,-,-,-,-,12V50DF,U.K. Mutual Steam Ship Assurance Association (Bermuda) Ltd,BV (provisional), (provisional), (provisional),-,2024-03-10T00:00:00,2026-03-01T00:00:00,-,-,-,-,-,Nippon Yusen Kabushiki Kaisha (NYK Line) (Nippon Yusen Kaisha),Japan,FOR ORDERS,-,A,03 Jun 2026 11:57:04 GMT,30 May 2026 11:00:00 GMT,Nippon Yusen Kabushiki Kaisha (NYK Line) (Nippon Yusen Kaisha),Japan,"24° 45' 28"" N","86° 52' 50"" W",1,"1 day, 5 hours"
LNGShips Athena,Liquefied Natural Gas Carrier,Ulsan,HD Hyundai Heavy Industries Company Limited,12990090,Live,Malta,34962,"LNG VLGC, 100'-200'cbm",93534,Double Hull,9HA5271,116542,3112,299.06,291.00,-,46.40,12.50,14.00,Winterthur Gas & Diesel Limited (WinGD),Valletta,-,Economou Group of Companies,Greece,TMS Cardiff Gas Limited,Greece,Cardiff LNG Iota Owning LLC,Marshall Islands,-,-,-,-,9872949,215762000,26.50,2021,-,-,-,-,HD Hyundai Heavy Industries Company Limited,-,-,5X72DF,Assuranceforeningen Gard,Bureau Veritas,-,-,2026-04-19T00:00:00,2024-04-08T00:00:00,2026-04-01T00:00:00,2026-04-19T00:00:00,2031-03-28T00:00:00,2031-03-28T00:00:00,TMS Cardiff Gas Limited,Greece,TMS Cardiff Gas Limited,Greece,-,-,A,03 Jun 2026 12:08:36 GMT,-,TMS Cardiff Gas Limited,Greece,"32° 46' 0"" S","71° 30' 30"" W",1,"1 day, 11 hours"
Gaslog Wellington,Liquefied Natural Gas Carrier,South Korea,Samsung Shipbuilding & Heavy Industries Company Limited,12999010,Live,Bermuda,36416,"LNG VLGC, 100'-200'cbm",93695,Double Bottom,ZCHB4,121389,2311,297.07,290.00,47.00,47.00,11.50,15.50,Wartsila Corporation,Hamilton,-,GasLog Limited,Greece,GasLog Limited,Greece,GAS-thirty four Limited,Bermuda,-,-,-,-,9876660,310817000,27.00,2021,-,-,-,-,-,-,-,6X62DF,Assuranceforeningen Gard,American Bureau,-,-,-,-,-,-,2026-06-14T00:00:00,2026-06-14T00:00:00,Gaslog LNG Services Limited,Greece,Gaslog LNG Services Limited,Greece,OPEN SEA FOR ORDERS,-,A,03 Jun 2026 11:23:50 GMT,08 Jun 2026 22:01:00 GMT,GasLog Limited,Greece,"40° 52' 43"" N","29° 17' 1"" W",1,"1 day, 10 hours"
Minerva Chios,Liquefied Natural Gas Carrier,South Korea,Samsung Shipbuilding & Heavy Industries Company Limited,13001933,Live,Malta,34690,"LNG VLGC, 100'-200'cbm",88228,Double Hull,9HA5445,115635,2305,293.00,286.00,-,45.80,12.00,14.20,Unknown Engine Designer,Valletta,-,Andreas Martinos & family,Greece,Minerva Gas Incorporated,Greece,Peninsula Shipping SA,Marshall Islands,-,-,-,-,9877341,229099000,26.20,2021,-,-,-,-,-,-,-,12V50DF,"Britannia Steam Ship Insurance Association Ltd., The",DNV,-,-,-,-,-,-,2026-08-02T00:00:00,2026-08-02T00:00:00,Minerva Gas Incorporated,Greece,Minerva Gas Incorporated,Greece,FOR ORDERS,-,A,03 Jun 2026 12:03:20 GMT,15 Jun 2026 00:00:00 GMT,Minerva Gas Incorporated,Greece,"29° 49' 50"" S","45° 52' 17"" E",1,"1 day, 6 hours"
Mu Lan,Liquefied Natural Gas Carrier,China,Hudong-Zhonghua Shipbuilding (Group) Company Limited,13003259,Live,Liberia,32327,"LNG VLGC, 100'-200'cbm",91387,Double Hull,5LBX3,114790,H1827A,295.00,288.58,-,45.00,11.50,9.30,Unknown Engine Designer,Monrovia,-,China State Shipbuilding Corporation Limited (CSSC Group),People's Republic of China,CSSC (Hong Kong) Shipping Company Limited,"Hong Kong, S.A.R., China",Fortune Great Shipping Limited,"Hong Kong, S.A.R., China",-,-,-,-,9878876,636021030,20.80,2021,-,-,-,-,-,-,-,8L51/60DF,Assuranceforeningen Gard,LR (provisional),CS (provisional), (provisional),2023-08-10T00:00:00,-,-,-,2026-08-28T00:00:00,2026-08-28T00:00:00,Bernhard Schulte Shipmanagement (Hellas) SPLLC,Greece,Bernhard Schulte Shipmanagement (Hellas) SPLLC,Greece,FOR ORDERS,-,A,03 Jun 2026 12:03:34 GMT,14 Jun 2026 23:45:00 GMT,CSSC (Hong Kong) Shipping Company Limited,"Hong Kong, S.A.R., China","6° 29' 53"" N","78° 29' 26"" E",1,"1 day, 8 hours"
Marvel Swan,Liquefied Natural Gas Carrier,South Korea,Samsung Shipbuilding & Heavy Industries Company Limited,13007700,Live,Bahamas,34480,"LNG VLGC, 100'-200'cbm",89000,Double Hull,C6HX3,114931,2310,293.00,286.00,-,45.80,12.02,14.18,Unknown Engine Designer,Nassau,-,Japan Investment Adviser Company Limited,Japan,JP Lease Products & Services Company,Japan,JLPS Ship Investment Marshall 7 Company,Marshall Islands,-,-,-,-,9880192,311001592,26.20,2021,-,-,-,-,-,-,-,12V50DF,Assuranceforeningen Skuld,DNV,-,-,-,-,-,-,2031-04-08T00:00:00,2031-04-08T00:00:00,Seapeak Maritime Limited,Bermuda,Seapeak Maritime Limited,Bermuda,OMQAL,-,A,03 Jun 2026 12:01:19 GMT,20 Jun 2026 16:01:00 GMT,JP Lease Products & Services Company,Japan,"22° 39' 55"" N","59° 24' 48"" E",1,"1 day, 6 hours"
Elisa Aquila,Liquefied Natural Gas Carrier,South Korea,HD Hyundai Samho Company Limited,13028340,Live,France,35625,"LNG VLGC, 100'-200'cbm",95132,Double Hull,FMQQ,118753,S971,297.23,291.00,-,46.00,12.50,14.00,Winterthur Gas & Diesel Limited (WinGD),Marseilles,-,Nippon Yusen Kabushiki Kaisha (NYK Line) (Nippon Yusen Kaisha),Japan,Nippon Yusen Kabushiki Kaisha (NYK Line) (Nippon Yusen Kaisha),Japan,Romarin LNG Shipping SASU,France,EDF Trading Limited,United Kingdom,-,-,9884473,228415700,26.50,2022,-,-,-,-,-,-,-,5X72DF,U.K. Mutual Steam Ship Assurance Association (Bermuda) Ltd,Bureau Veritas,-,-,-,2025-05-11T00:00:00,2022-03-01T00:00:00,-,2027-03-02T00:00:00,2027-03-02T00:00:00,Gazocean S.A.,France,Gazocean S.A.,France,USGLS,-,A,03 Jun 2026 12:02:20 GMT,15 Jun 2026 06:00:00 GMT,Nippon Yusen Kabushiki Kaisha (NYK Line) (Nippon Yusen Kaisha),Japan,"36° 7' 20"" N","5° 22' 21"" W",1,"1 day, 10 hours"
HOURIN MARU NO.1,Liquefied Petroleum Gas Carrier,Japan,-,13060528,Live,Japan,-,Unknown size,1401,Single,JD4634,998,352,72.00,-,12.00,-,4.56,0.94,Unknown Engine Designer,Matsuyama,-,Nippon Gas Line KK & Toho Ekika Gas KK,Japan,Nippon Gas Line KK & Toho Ekika Gas KK,Japan,Nippon Gas Line KK & Toho Ekika Gas KK,Japan,-,-,-,-,9866017,431013822,5.50,2019,-,-,-,-,-,-,-,A31R,-,Nippon Kaiji Kyokai,-,-,-,-,-,-,2029-10-24T00:00:00,2029-10-24T00:00:00,Seishin Kaiun KK,Japan,Seishin Kaiun KK,Japan,>JP YOK XX NGI LPG1,-,A,03 Jun 2026 12:08:36 GMT,04 Jun 2026 08:30:00 GMT,Nippon Gas Line KK & Toho Ekika Gas KK,Japan,"35° 35' 38"" N","140° 3' 24"" E",13,"23 days, 8 hours"
Maran Gas Amorgos,Liquefied Natural Gas Carrier,South Korea,Hanwha Ocean Company Limited,13064344,Live,Greece,34647,"LNG VLGC, 100'-200'cbm",92619,Double Bottom,SVDK8,115489,2506,294.90,288.50,-,47.90,11.50,15.00,MAN Diesel AS,Piraeus,-,Angelicoussis Shipping Group Limited,Greece,Maran Gas Maritime Incorporated,Greece,Vero Maritime Incorporated,Marshall Islands,-,-,-,-,9887217,241746000,26.50,2021,-,-,-,-,-,-,-,5G70ME-C9-GI,Assuranceforeningen Gard,American Bureau,-,-,-,-,-,-,2026-11-18T00:00:00,2026-11-18T00:00:00,Maran Gas Maritime Incorporated,Greece,Maran Gas Maritime Incorporated,Greece,US LCH,Lake Charles,A,03 Jun 2026 12:00:20 GMT,10 Jun 2026 05:01:00 GMT,Maran Gas Maritime Incorporated,Greece,"31° 21' 36"" N","62° 36' 32"" W",1,"1 day, 7 hours"
Seri Damai,Liquefied Natural Gas Carrier,South Korea,Samsung Shipbuilding & Heavy Industries Company Limited,13313168,Live,Singapore,34639,"LNG VLGC, 100'-200'cbm",87782,Double Bottom,9V7199,115466,2364,293.16,286.00,45.80,45.80,11.50,15.00,Winterthur Gas & Diesel Limited (WinGD),Singapore,-,MISC Berhad,Malaysia,MISC Berhad,Malaysia,Polaris LNG One Private Limited,Republic of Singapore,SeaRiver Maritime Incorporated,United States of America,-,-,9896440,563177800,26.50,2023,-,-,-,-,HD Hyundai Heavy Industries Company Limited,-,-,5X72DF,"Britannia Steam Ship Insurance Association Ltd., The",American Bureau,-,-,-,-,-,-,2028-01-30T00:00:00,2028-01-30T00:00:00,MISC Shipmanagement (S) Private Limited,Republic of Singapore,MISC Shipmanagement (S) Private Limited,Republic of Singapore,AUBWB,Barrow Island,A,03 Jun 2026 12:06:09 GMT,05 Jun 2026 16:01:00 GMT,MISC Berhad,Malaysia,"9° 8' 12"" S","115° 38' 16"" E",2,"2 days, 17 hours"
TAISEI MARU NO 5,Liquefied Petroleum Gas Carrier,-,-,13330489,Live,Japan,-,Unknown size,999,Single,JD4702,749,1073,66.96,-,11.00,-,4.16,0.74,Unknown Engine Designer,Matsuyama,-,Unknown Owners,-,Unknown Owners,-,Unknown Owners,-,-,-,-,-,9889069,431014116,4.90,2020,-,-,-,-,-,-,-,A31R,-,Nippon Kaiji Kyokai,-,-,-,-,-,-,2030-01-14T00:00:00,2030-01-14T00:00:00,Onishi Kaiun Company Limited,Japan,Onishi Kaiun Company Limited,Japan,-,Kawasaki,A,03 Jun 2026 12:03:13 GMT,-,Unknown Owners,-,"34° 11' 6"" N","132° 17' 7"" E",9,"13 days, 23 hours"
BW Cassia,Liquefied Natural Gas Carrier,South Korea,Hanwha Ocean Company Limited,13338178,Live,Singapore,34612,"LNG VLGC, 100'-200'cbm",94000,Double Hull,9V6995,115373,2510,294.90,288.50,-,46.40,12.50,14.00,MAN Energy Solutions SE,Singapore,-,SBI Holdings Incorporated,Japan,SBI Leasing Services Company Limited,Japan,MP-SGP Private Limited,Republic of Singapore,ENN Energy Holdings Limited,"Hong Kong, S.A.R., China",-,-,9896933,563162400,26.50,2022,-,-,-,-,-,-,-,7G80ME-C9.5,Assuranceforeningen Gard,DNV,-,-,-,-,-,-,2027-09-27T00:00:00,2027-09-27T00:00:00,BW Fleet Management AS,Norway,BW Fleet Management AS,Norway,USNSS,Sabine Pass,A,03 Jun 2026 12:03:42 GMT,14 Jun 2026 12:00:00 GMT,SBI Leasing Services Company Limited,Japan,"34° 52' 34"" N","20° 3' 22"" W",1,"1 day, 10 hours"
BW ENN Snow Lotus,Liquefied Natural Gas Carrier,South Korea,Hanwha Ocean Company Limited,13338179,Live,Singapore,34612,"LNG VLGC, 100'-200'cbm",93980,Double Hull,9V6034,115373,2509,294.90,288.50,-,46.40,12.50,14.00,Unknown Engine Designer,Singapore,-,BW Group Limited,Bermuda,BW LNG AS,Norway,BW LNG II Private Limited,Republic of Singapore,ENN Energy Holdings Limited,"Hong Kong, S.A.R., China",-,-,9896921,563162500,26.50,2022,-,-,-,-,-,-,-,12V50DF,U.K. Mutual Steam Ship Assurance Association (Bermuda) Ltd,DN (provisional), (provisional), (provisional),-,-,-,-,2027-08-24T00:00:00,2027-08-24T00:00:00,BW Fleet Management AS,Norway,BW Fleet Management AS,Norway,MYSGG,-,A,03 Jun 2026 11:57:27 GMT,05 Jun 2026 16:00:00 GMT,BW LNG AS,Norway,"4° 7' 20"" N","92° 2' 11"" E",1,"1 day, 7 hours"
John A.Angelicoussis,Liquefied Natural Gas Carrier,South Korea,Hanwha Ocean Company Limited,13353353,Live,Greece,34500,"LNG VLGC, 100'-200'cbm",92599,Double Hull,SVDK6,115476,2508,294.90,288.50,-,46.40,12.90,13.60,Unknown Engine Designer,-,-,Angelicoussis Shipping Group Limited,Greece,Maran Gas Maritime Incorporated,Greece,Varta Shipping Limited,Marshall Islands,-,-,-,-,9901350,241744000,26.50,2022,-,-,-,-,-,-,-,12V50DF,Assuranceforeningen Gard,LR (provisional), (provisional), (provisional),2024-11-18T00:00:00,-,-,-,2027-03-30T00:00:00,2027-03-30T00:00:00,Maran Gas Maritime Incorporated,Greece,Maran Gas Maritime Incorporated,Greece,FOR_ORDERS,-,A,03 Jun 2026 12:03:41 GMT,06 Jun 2026 21:30:00 GMT,Maran Gas Maritime Incorporated,Greece,"4° 22' 57"" N","119° 40' 5"" E",1,"1 day, 7 hours"
SM Bluebird,Liquefied Natural Gas Carrier,South Korea,HD Hyundai Heavy Industries Company Limited,13363676,Live,Panama,34267,"LNG VLGC, 100'-200'cbm",95641,Double Hull,3E3651,114221,3186,299.00,285.80,-,46.40,12.50,13.50,Winterthur Gas & Diesel Limited (WinGD),Panama,-,Samra Midas (SM) Group,Republic of Korea,Korea Shipping Corporation (KSC),Republic of Korea,SMKLC LNG4 SA,Panama,Shell International Trading & Shipping Company Limited (STASCO),United Kingdom,-,-,9902914,352001583,26.00,2022,-,-,-,-,HD Hyundai Heavy Industries Company Limited,-,-,5X72DF,"Britannia Steam Ship Insurance Association Ltd., The",Korean Register,DNV,-,-,-,-,-,2027-09-26T00:00:00,2027-09-26T00:00:00,KLC SM Company Limited,Republic of Korea,KLC SM Company Limited,Republic of Korea,DEWVN,-,A,03 Jun 2026 12:05:02 GMT,17 Jun 2026 22:00:00 GMT,Korea Shipping Corporation (KSC),Republic of Korea,"28° 31' 17"" N","93° 9' 0"" W",1,"1 day, 9 hours"
Wudang,Liquefied Natural Gas Carrier,China,Hudong-Zhonghua Shipbuilding (Group) Company Limited,13426234,Live,"Hong Kong, S.A.R., China",37327,"LNG VLGC, 100'-200'cbm",91466,Double Hull,VRUU6,114209,H1832A,295.00,288.00,45.00,45.00,26.25,8.30,Wartsila Corporation,Hong Kong,-,China COSCO Shipping Corporation Limited (China Cosco Shipping Group) (COSCO Shipping) (COSCOCS),People's Republic of China,United Liquefied Gas Shipping (Hong Kong) Company Limited,People's Republic of China,United Glory LNG Shipping Company Limited,"Hong Kong, S.A.R., China",PetroChina Company Limited,People's Republic of China,-,-,9915909,477846500,26.50,2022,-,-,-,-,-,-,-,6X72DF,Assuranceforeningen Gard,China Classification,Lloyds Register,-,2025-04-17T00:00:00,-,-,-,2027-12-14T00:00:00,2027-12-14T00:00:00,COSCO Shipping LNG (Hong Kong) Ship Management Company Limited,"Hong Kong, S.A.R., China",COSCO Shipping LNG (Hong Kong) Ship Management Company Limited,"Hong Kong, S.A.R., China",FOR ORDER,Cape Town,A,03 Jun 2026 12:03:09 GMT,14 Jun 2026 00:01:00 GMT,United Liquefied Gas Shipping (Hong Kong) Company Limited,People's Republic of China,"29° 52' 17"" S","42° 0' 5"" E",2,"2 days, 19 hours"
Orion Jessica,Liquefied Natural Gas Carrier,Ulsan,HD Hyundai Heavy Industries Company Limited,13437272,Live,Malta,34267,"LNG VLGC, 100'-200'cbm",95400,Double Hull,9HA5869,114221,H3189,299.00,291.00,46.40,46.40,12.50,13.50,Winterthur Gas & Diesel Limited (WinGD),Valletta,-,SNC Concerto Lease,France,SNC Concerto Lease,France,SNC Concerto Lease,France,Shell International Trading & Shipping Company Limited (STASCO),United Kingdom,-,-,9917543,256512000,26.00,2023,-,-,-,-,-,-,-,5X72DF,NorthStandard,DNV,-,-,-,-,-,-,2028-06-20T00:00:00,2028-06-20T00:00:00,Bernhard Schulte Shipmanagement (Hellas) SPLLC,Greece,Bernhard Schulte Shipmanagement (Hellas) SPLLC,Greece,FOR ORDER,-,A,03 Jun 2026 12:02:56 GMT,05 Jun 2026 05:01:00 GMT,SNC Concerto Lease,France,"13° 46' 25"" S","76° 18' 31"" W",1,"1 day, 7 hours"
SM Golden Eagle,Liquefied Natural Gas Carrier,Ulsan,HD Hyundai Heavy Industries Company Limited,13437273,Live,Panama,34254,"LNG VLGC, 100'-200'cbm",95825,Double Hull,3E5060,114180,3191,298.96,285.80,46.40,46.40,12.50,8.50,Winterthur Gas & Diesel Limited (WinGD),Panama,-,Samra Midas (SM) Group,Republic of Korea,Korea Line Corporation,Republic of Korea,SMKLC LNG5 SA,Panama,Shell Tankers Singapore Private Limited,Republic of Singapore,-,-,9917567,352002764,21.00,2023,-,-,-,-,-,-,-,5X72DF,U.K. Mutual Steam Ship Assurance Association (Bermuda) Ltd,Lloyds Register,Korean Register,-,2025-08-21T00:00:00,-,-,-,2028-08-21T00:00:00,2028-08-21T00:00:00,KLC SM Company Limited,Republic of Korea,KLC SM Company Limited,Republic of Korea,CAKTM,-,A,03 Jun 2026 11:52:01 GMT,14 Jun 2026 12:00:00 GMT,Korea Line Corporation,Republic of Korea,"52° 30' 38"" N","165° 36' 26"" W",2,"3 days, 13 hours"
Extremadura Knutsen,Liquefied Natural Gas Carrier,South Korea,HD Hyundai Samho Company Limited,13448503,Live,France,34254,"LNG VLGC, 100'-200'cbm",95548,Double Hull,FMRS,114180,8096,297.00,-,46.40,46.40,26.50,0.00,Winterthur Gas & Diesel Limited (WinGD),-,-,BNP Paribas S.A.,France,Financiere du Marche Saint-Honore,France,Millenaire Financement 18 SASU,France,Knutsen OAS Shipping AS,Norway,-,-,9918157,228420800,26.50,2023,-,-,-,-,-,-,-,5X72DF,Assuranceforeningen Skuld,Lloyds Register,-,-,2025-12-07T00:00:00,-,-,-,2028-02-15T00:00:00,2028-02-15T00:00:00,Knutsen OAS Shipping AS,Norway,Knutsen OAS Shipping AS,Norway,CNZUH,-,A,03 Jun 2026 12:05:13 GMT,03 Jun 2026 00:10:00 GMT,Financiere du Marche Saint-Honore,France,"21° 54' 14"" N","113° 12' 60"" E",2,"2 days, 14 hours"
Grazyna Gesicka,Liquefied Natural Gas Carrier,South Korea,HD Hyundai Heavy Industries Company Limited,13508499,Live,France,34230,"LNG VLGC, 100'-200'cbm",95428,Double Hull,FMRV,114100,3244,299.00,291.00,46.40,46.40,12.50,14.00,Winterthur Gas & Diesel Limited (WinGD),-,-,Sucden Financial Limited,United Kingdom,Sucden Armateurs SAS,France,SNC Diderot Financement 33,France,Knutsen OAS Shipping AS,Norway,-,-,9922988,228421700,26.50,2023,-,-,-,-,-,-,-,5X72DF,Assuranceforeningen Skuld,Lloyds Register,-,-,2026-04-07T00:00:00,-,-,-,2028-04-27T00:00:00,2028-04-27T00:00:00,Knutsen OAS Shipping AS,Norway,Knutsen LNG France SASU,France,US CRP,Corpus Christi,A,03 Jun 2026 12:00:30 GMT,16 Jun 2026 06:00:00 GMT,Sucden Armateurs SAS,France,"36° 25' 29"" N","10° 41' 53"" W",1,"1 day, 6 hours"
New Apex,Liquefied Natural Gas Carrier,South Korea,Samsung Shipbuilding & Heavy Industries Company Limited,13561157,Live,Panama,34484,"LNG VLGC, 100'-200'cbm",88875,Double Hull,3E2615,114949,SN2426,293.16,286.00,45.80,45.80,11.50,14.70,Winterthur Gas & Diesel Limited (WinGD),Panama,-,Harim Holdings Company Limited,Republic of Korea,Pan Ocean Company Limited,Republic of Korea,POS Maritime AF SA,Liberia,Galp Power SA,Portugal,-,-,9929106,352001786,26.20,2023,-,-,-,-,-,-,-,5X72DF,NorthStandard,American Bureau,Korean Register,-,-,-,-,-,2028-01-05T00:00:00,2028-01-05T00:00:00,POS SM Company Limited,Republic of Korea,POS SM Company Limited,Republic of Korea,NLEEM,Eemshaven,A,03 Jun 2026 11:45:03 GMT,15 Jun 2026 04:00:00 GMT,Pan Ocean Company Limited,Republic of Korea,"25° 19' 49"" N","87° 35' 2"" W",1,"1 day, 8 hours"
Propane Maru No.8,Liquefied Petroleum Gas Carrier,-,-,13576387,Live,Japan,-,Unknown size,957,Single,JD4683,749,1195,67.90,-,12.00,11.50,4.07,0.73,Unknown Engine Designer,Tokyo,-,Kyowa Marine Transportation Company Limited,Japan,Kyowa Marine Transportation Company Limited,Japan,Kyowa Marine Transportation Company Limited & KM Marine Company Limited,Japan,-,-,-,-,9881184,431014484,4.80,-,-,-,-,-,-,-,-,A31R,-,Nippon Kaiji Kyokai,-,-,-,-,-,-,2029-10-08T00:00:00,2029-10-08T00:00:00,Kyowa Marine Transportation Company Limited,Japan,Kyowa Marine Transportation Company Limited,Japan,>JP SBK OFF,-,A,03 Jun 2026 12:07:22 GMT,01 Jun 2026 17:40:00 GMT,Kyowa Marine Transportation Company Limited,Japan,"34° 30' 12"" N","135° 20' 20"" E",28,"1 month, 2 days"
Energy Fortitude,Liquefied Natural Gas Carrier,South Korea,HD Hyundai Samho Company Limited,13727727,Live,Marshall Islands,33327,"LNG VLGC, 100'-200'cbm",95165,Double Hull,V7A7281,111089,8107,289.90,281.30,-,46.10,12.50,13.80,Winterthur Gas & Diesel Limited (WinGD),Majuro,-,Kanellakis group of companies,Greece,Alpha Gas SA,Greece,Walton Navigation SA,Marshall Islands,-,-,-,-,9948700,538010698,26.30,2024,-,-,-,-,-,-,-,5X72DF,Assuranceforeningen Gard,BV (provisional), (provisional), (provisional),-,-,2024-03-01T00:00:00,-,2029-03-04T00:00:00,2029-03-04T00:00:00,Alpha Gas SA,Greece,Alpha Gas SA,Greece,FOR ORDERS,-,A,03 Jun 2026 12:04:37 GMT,09 Jun 2026 11:00:00 GMT,Alpha Gas SA,Greece,"25° 9' 33"" N","89° 28' 29"" W",1,—
Puteri Santubong,Liquefied Natural Gas Carrier,Ulsan,HD Hyundai Heavy Industries Company Limited,13747702,Live,Marshall Islands,33099,"LNG VLGC, 100'-200'cbm",93414,Double Hull,V7A6225,110331,3295,289.97,281.30,-,46.10,12.50,13.80,Winterthur Gas & Diesel Limited (WinGD),Majuro,-,Bank of Communications Company Limited,People's Republic of China,Bocom Leasing Management Hong Kong Company Limited,"Hong Kong, S.A.R., China",Xiang H135 International Ship Lease Company Limited,"Hong Kong, S.A.R., China",Hyundai LNG Shipping Company Limited,Republic of Korea,-,-,9937957,538010567,26.30,2024,-,-,-,-,-,-,-,5X72DF,"Britannia Steam Ship Insurance Association Ltd., The",Lloyds Register,Bureau Veritas,-,-,-,-,-,2029-06-02T00:00:00,2029-06-02T00:00:00,Hyundai LNG Shipping Company Limited,Republic of Korea,Hyundai LNG Shipping Company Limited,Republic of Korea,CN TXG,-,A,03 Jun 2026 12:03:08 GMT,23 Jun 2026 00:01:00 GMT,Bocom Leasing Management Hong Kong Company Limited,"Hong Kong, S.A.R., China","34° 51' 56"" N","128° 48' 19"" E",2,"2 days, 11 hours"
Saint Barbara,Liquefied Natural Gas Carrier,South Korea,HD Hyundai Samho Company Limited,13811027,Live,France,34230,"LNG VLGC, 100'-200'cbm",83742,Double Hull,FMTQ,114100,8148,298.97,284.00,-,46.40,26.50,0.00,Unknown Engine Designer,-,-,TS Shipping Invest AS,Norway,Knutsen OAS Shipping AS,Norway,SNC Chopin Leasing 26,France,Polskie Gornictwo Naftowe i Gazownictow (PGNiG),Poland,-,-,9946386,228432700,26.50,2023,-,-,-,-,-,-,-,12V50DF,Assuranceforeningen Skuld,Lloyds Register,-,-,-,-,-,-,2028-10-25T00:00:00,2028-10-25T00:00:00,Knutsen OAS Shipping AS,Norway,Knutsen OAS Shipping AS,Norway,PL SWI,Swinoujscie,A,03 Jun 2026 12:03:57 GMT,07 Jun 2026 04:00:00 GMT,Knutsen OAS Shipping AS,Norway,"49° 55' 56"" N","2° 27' 31"" W",1,"1 day, 7 hours"
Ignacy Lukasiewicz,Liquefied Natural Gas Carrier,South Korea,HD Hyundai Samho Company Limited,13811028,Live,France,34230,"LNG VLGC, 100'-200'cbm",83742,Double Hull,FMTR,114100,8149,298.97,291.00,-,46.40,26.30,0.20,Unknown Engine Designer,-,-,TS Shipping Invest AS,Norway,Knutsen OAS Shipping AS,Norway,SNC Chopin Leasing 27,France,Orlen LNG Shipping Limited,United Kingdom,-,-,9946398,228432800,26.50,2023,-,-,-,-,-,-,-,12V50DF,Assuranceforeningen Skuld,Lloyds Register,-,-,-,-,-,-,2028-12-13T00:00:00,2028-12-13T00:00:00,Knutsen OAS Shipping AS,Norway,Knutsen OAS Shipping AS,Norway,US FPO,"Freeport, TX",A,03 Jun 2026 11:14:50 GMT,10 Jun 2026 12:01:00 GMT,Knutsen OAS Shipping AS,Norway,"12° 47' 13"" N","57° 59' 39"" W",1,"1 day, 8 hours"
Taisei Maru No.8,Liquefied Petroleum Gas Carrier,Imabari,Yamanaka Shipbuilding Company Limited,13835474,Live,Japan,-,Unknown size,995,Single,JD5063,749,1137,66.96,63.00,11.50,11.50,4.16,0.74,Unknown Engine Designer,Matsuyama,-,Onishi Kaiun Company Limited,Japan,Onishi Kaiun Company Limited,Japan,Onishi Kaiun Company Limited,Japan,-,-,-,-,9941257,431018479,4.90,2022,-,-,-,-,-,-,-,A31R,-,Nippon Kaiji Kyokai,-,-,-,-,-,-,2027-03-14T00:00:00,2027-03-14T00:00:00,Onishi Kaiun Company Limited,Japan,Onishi Kaiun Company Limited,Japan,>JP MAR,-,A,03 Jun 2026 11:59:21 GMT,02 Jun 2026 08:00:00 GMT,Onishi Kaiun Company Limited,Japan,"34° 17' 57"" N","133° 47' 30"" E",13,"27 days, 7 hours"
Orion Spirit,Liquefied Natural Gas Carrier,South Korea,Samsung Shipbuilding & Heavy Industries Company Limited,13839646,Live,Malta,34718,"LNG VLGC, 100'-200'cbm",87887,Double Bottom,9HA6027,115728,2592,290.00,284.50,45.80,45.80,11.50,14.70,MAN Energy Solutions SE,Valletta,-,Global Transport Income Fund Master Partnership SCSp,Luxembourg,Orion Transport Holdings Limited,Malta,Orion Malta 1 Limited,Malta,Oceonix Services Limited,United Kingdom,-,-,9956587,256920000,26.20,2024,-,-,-,-,MAN Energy Solutions SE,11033,14795,5G70ME-C10.5-GA-EGRBP,Assuranceforeningen Gard,American Bureau,-,-,-,-,-,-,2029-04-18T00:00:00,2029-04-18T00:00:00,Northern Marine Management Limited,United Kingdom,Northern Marine Management Limited,United Kingdom,FOR ORDERS,-,A,03 Jun 2026 11:15:46 GMT,07 Jun 2026 02:00:00 GMT,Orion Transport Holdings Limited,Malta,"9° 54' 48"" N","71° 58' 54"" E",2,"2 hours, 5 minutes"
Gas Justesen,Combined LNG and LPG Gas Carrier,South Korea,HD Hyundai Heavy Industries Company Limited,13841568,Live,Panama,21381,"LNG, -100'cbm",55076,Double Bottom,3E2279,48855,3301,229.96,223.45,32.25,32.25,11.75,12.00,MAN Diesel AS,Panama,-,Global Marine Financing Company Limited (GMF),Republic of Korea,Global Marine Financing Company Limited (GMF),Republic of Korea,GMF KSS No 1 SA,Panama,KSS Line Limited,Republic of Korea,-,-,9940992,352002349,23.75,2023,-,-,-,-,-,-,-,6G60ME-C10-LGIP,Steamship Mutual Underwriting Association (Bermuda) Ltd,American Bureau,Korean Register,-,-,-,-,-,2028-03-09T00:00:00,2028-03-09T00:00:00,KSS Line Limited,Republic of Korea,KSS Line Limited,Republic of Korea,MAPTM,Tanger Med,A,03 Jun 2026 11:51:24 GMT,13 Jun 2026 07:30:00 GMT,Global Marine Financing Company Limited (GMF),Republic of Korea,"26° 43' 1"" N","70° 32' 39"" W",1,"9 hours, 40 minutes"
Marvel Dove,Liquefied Natural Gas Carrier,South Korea,HD Hyundai Samho Company Limited,13851436,Live,Liberia,33329,"LNG VLGC, 100'-200'cbm",94540,Double Bottom,5LPR2,111099,8173,289.98,281.30,-,46.10,11.50,9.70,MAN Energy Solutions SE,Monrovia,-,CCB (China Construction Bank) Financial Leasing Company Limited,People's Republic of China,CCB Marine Corporation Limited,"Hong Kong, S.A.R., China",Compass Shipping 117 Corporation Limited,"Hong Kong, S.A.R., China",SK Shipping Company Limited,Republic of Korea,-,-,9964182,636023837,21.20,2024,-,-,-,-,HD Hyundai Heavy Industries Company Limited,-,-,6G70ME-C10-GA,Assuranceforeningen Skuld,Korean Register,American Bureau,-,-,-,-,-,2029-07-14T00:00:00,2029-07-14T00:00:00,SK Shipping Company Limited,Republic of Korea,SK Shipping Company Limited,Republic of Korea,USNSS,Sabine Pass,A,03 Jun 2026 12:00:47 GMT,03 Jun 2026 16:30:00 GMT,CCB Marine Corporation Limited,"Hong Kong, S.A.R., China","28° 39' 35"" N","93° 15' 9"" W",1,"1 day, 5 hours"
Apostolos,Liquefied Natural Gas Carrier,South Korea,HD Hyundai Heavy Industries Company Limited,13854756,Live,Liberia,34974,"LNG VLGC, 100'-200'cbm",93658,Double Bottom,5LLJ8,116581,3342,299.00,291.00,-,46.40,12.50,8.67,MAN Diesel AS,Monrovia,-,SBI Holdings Incorporated,Japan,SBI Leasing Services Company Limited,Japan,LS-LBR 10 Company Limited,Liberia,JERA Company Incorporated,Japan,-,-,9957737,636022987,21.17,2024,-,-,-,-,-,-,-,5G70ME-C10-GA,West of England Mutual Shipowners Protection & Indemnity Association (Luxemburg),American Bureau,-,-,-,-,-,-,2029-06-27T00:00:00,2029-06-27T00:00:00,Capital Gas Ship Management Corporation,Greece,Capital Gas Ship Management Corporation,Greece,USFPO,-,A,03 Jun 2026 12:02:03 GMT,31 May 2026 19:00:00 GMT,SBI Leasing Services Company Limited,Japan,"28° 51' 55"" N","95° 10' 19"" W",2,"2 days, 12 hours"
Kinyo Maru No.12,Liquefied Petroleum Gas Carrier,Imabari,Hakata Shipbuilding Company Limited,13875905,Live,Japan,-,Unknown size,1300,Double Hull,JD5085,999,873,71.60,-,-,12.20,4.39,0.61,Unknown Engine Designer,Imabari,-,Kinriki Kisen K.K.,Japan,Kinriki Kisen K.K.,Japan,Kinriki Kisen K.K.,Japan,-,-,-,-,9939644,431018699,5.00,2022,-,-,-,-,-,-,-,UNKNOWN,-,Nippon Kaiji Kyokai,-,-,-,-,-,-,2027-04-05T00:00:00,2027-04-05T00:00:00,-,-,Kinriki Kisen K.K.,Japan,-,Funabashi,A,03 Jun 2026 12:05:58 GMT,-,Kinriki Kisen K.K.,Japan,"35° 34' 18"" N","139° 55' 1"" E",27,"6 months, 3 days"
Izumimaru No 3,Liquefied Petroleum Gas Carrier,Sasebo,Maehata Shipbuilding Company Limited,13885281,Live,Japan,-,Unknown size,1221,Single,JD4974,998,358,72.00,66.50,13.00,12.50,4.32,1.68,Unknown Engine Designer,Matsuyama,-,Nippon Gas Line Company Limited,Japan,Nippon Gas Line Company Limited,Japan,Nakahama Kaiun Company Limited & Nippon Gas Line Company Limited,Japan,-,-,-,-,9914228,431017615,6.00,2021,-,-,-,-,-,-,-,A31R,-,Nippon Kaiji Kyokai,-,-,-,-,-,-,2026-08-26T00:00:00,2026-08-26T00:00:00,-,-,Nippon Gas Line Company Limited,Japan,>JP OIG OFF,-,A,03 Jun 2026 12:06:12 GMT,04 Jun 2026 08:00:00 GMT,Nippon Gas Line Company Limited,Japan,"34° 58' 32"" N","136° 44' 1"" E",17,"1 month, 3 days"
Orion Iris,Liquefied Natural Gas Carrier,South Korea,Samsung Heavy Industries Construction & Engineering,13912600,Live,France,34718,"LNG VLGC, 100'-200'cbm",87921,Double Hull,FNWJ,115728,2594,290.00,284.50,45.80,45.80,12.00,9.00,Unknown Engine Designer,-,-,Bred Banque Populaire,France,Ingepar S.A.,France,SAS Valmy Financement 10,France,Orion Global Transport France SAS,France,-,-,9956604,228243350,21.00,2024,-,-,-,-,-,-,-,5G70ME-C10.5-GA,Assuranceforeningen Gard,DNV,-,-,-,-,-,-,2029-09-12T00:00:00,2029-09-12T00:00:00,Bernhard Schulte Shipmanagement (Hellas) SPLLC,Greece,Bernhard Schulte Shipmanagement (Hellas) SPLLC,Greece,GIBRALTAR FOR ORDERS,Gibraltar,A,03 Jun 2026 11:53:47 GMT,17 Jun 2026 00:01:00 GMT,Ingepar S.A.,France,"37° 31' 23"" N","35° 19' 3"" W",1,"1 day, 14 hours"
Assos,Liquefied Natural Gas Carrier,Ulsan,HD Hyundai Heavy Industries Company Limited,13912696,Live,Marshall Islands,34974,"LNG VLGC, 100'-200'cbm",93771,Double Bottom,V7A5884,116581,3341,299.00,291.00,-,46.40,11.50,15.00,MAN Diesel AS,Majuro,-,SBI Holdings Incorporated,Japan,SBI Leasing Services Company Limited,Japan,LS-MHL22 Company Limited,Marshall Islands,Tokyo Gas Company Limited,Japan,-,-,9957725,538010316,26.50,2024,-,-,-,-,-,-,-,5G70ME-C10-GA,West of England Mutual Shipowners Protection & Indemnity Association (Luxemburg),American Bureau,-,-,-,-,-,-,2029-05-30T00:00:00,2029-05-30T00:00:00,Capital Gas Ship Management Corporation,Greece,Capital Gas Ship Management Corporation,Greece,USCP6,Cove Point,A,03 Jun 2026 11:14:49 GMT,03 Jun 2026 22:00:00 GMT,SBI Leasing Services Company Limited,Japan,"36° 47' 12"" N","72° 53' 12"" W",2,"4 days, 13 hours"
Izumi Maru No.6,Liquefied Petroleum Gas Carrier,Japan,K.K. Miura Zosensho,14170343,Live,Japan,-,Unknown size,1290,Double Hull,JD5386,999,1673,69.93,-,-,12.50,4.45,1.05,Unknown Engine Designer,-,-,Nippon Gas Line Company Limited,Japan,Nippon Gas Line Company Limited,Japan,Nippon Gas Line Company Limited,Japan,-,-,-,-,1030181,431024081,5.50,2024,-,-,-,-,-,-,-,UNKNOWN,-,Nippon Kaiji Kyokai,-,-,-,-,-,-,2029-06-13T00:00:00,2029-06-13T00:00:00,-,-,Nippon Gas Line Company Limited,Japan,-,Tomakomai,A,03 Jun 2026 12:02:37 GMT,-,Nippon Gas Line Company Limited,Japan,"40° 53' 15"" N","140° 45' 51"" E",17,"1 month, 6 days"
TOKUYO MARU,Liquefied Petroleum Gas Carrier,Japan,K.K. Miura Zosensho,14224201,Live,Japan,-,Unknown size,961,Double Hull,JD5443,748,1678,67.50,-,-,14.00,4.68,3.32,Yanmar Diesel Engine Company Limited,-,-,Kumazawa Kaiun Company Limited,Japan,Kumazawa Kaiun Company Limited,Japan,YK Sasaki Kaiun & Kumazawa Kaiun Company Limited & Japan Railway Construction Transport And Technology Agency,Japan,-,-,-,-,1046362,431025063,8.00,2024,-,-,-,-,Yanmar Diesel Engine Co,1840,2467,6EY26W,-,NK (provisional), (provisional), (provisional),-,-,-,-,2029-09-25T00:00:00,2029-09-25T00:00:00,Kumazawa Kaiun Company Limited,Japan,Kumazawa Kaiun Company Limited,Japan,>JP HIJ OFF,Chiba,A,03 Jun 2026 12:01:10 GMT,01 Jun 2026 17:00:00 GMT,Kumazawa Kaiun Company Limited,Japan,"34° 18' 27"" N","132° 22' 53"" E",53,"3 months, 8 days"
LNGT Antarctica,Liquefied Natural Gas Carrier,Nagasaki,Mitsubishi Heavy Industries Limited Shipbuilding,214351,Live,Liberia,31503,"LNG VLGC, 100'-200'cbm",65040,Double Hull,5LPZ4,105010,1996,272.00,259.00,47.20,47.20,11.40,11.46,Mitsubishi Heavy Industries Limited,Monrovia,-,KARMOL - Karpower International B.V. & Mitsui O.S.K. Lines Limited (MOL),Turkiye,KARMOL - Karpower International B.V. & Mitsui O.S.K. Lines Limited (MOL),Turkiye,Antarctica LNGT Company Limited,Marshall Islands,Shell International Trading & Shipping Company Limited (STASCO),United Kingdom,-,-,8608872,636023902,22.86,1989,-,-,-,-,Mitsubishi Heavy Industries Limited,17140,23300,MS24-2,NorthStandard,Bureau Veritas,-,-,2019-05-10T00:00:00,-,2019-06-01T00:00:00,-,2030-06-28T00:00:00,2030-06-28T00:00:00,MOL Global Ship Management Private Limited,Republic of Singapore,MOL Global Ship Management Private Limited,Republic of Singapore,"KUALA LINGGI,MY",-,A,31 May 2026 02:59:20 GMT,04 Jul 2026 13:45:00 GMT,KARMOL - Karpower International B.V. & Mitsui O.S.K. Lines Limited (MOL),Turkiye,"2° 19' 33"" N","101° 55' 35"" E",2,"1 day, 5 hours"
LNG Maleo,Liquefied Natural Gas Carrier,Ichihara,Mitsui Engineering & Shipbuilding Company Limited (Ichihara),216442,Live,Japan,32015,"LNG VLGC, 100'-200'cbm",66892,Double Hull,JFYD,106717,1351,272.00,259.00,47.20,47.20,11.40,15.10,Mitsubishi Heavy Industries Limited,Osaka,-,Mitsui O.S.K. Lines Limited (MOL),Japan,Mitsui O.S.K. Lines Limited (MOL),Japan,Mitsui O.S.K. Lines Limited (MOL),Japan,Lotus Swallow SA,Panama,-,-,8701791,431015000,26.50,1989,-,-,-,-,Mitsubishi Heavy Industries Limited,6665,23300,MS24,Japan Shipowners Mutual Protection & Indemnity Association,Nippon Kaiji Kyokai,-,-,2019-09-05T00:00:00,-,2016-09-20T00:00:00,-,2029-10-03T00:00:00,2029-10-03T00:00:00,MOL LNG Transport Company Limited,Japan,MOL LNG Transport Company Limited,Japan,ID LUW,Luwuk,A,03 Jun 2026 11:45:05 GMT,05 Jun 2026 22:30:00 GMT,Mitsui O.S.K. Lines Limited (MOL),Japan,"6° 56' 12"" N","129° 49' 26"" E",8,"9 days, 7 hours"
LNGT Turkiye,Liquefied Natural Gas Carrier,Ichihara,Mitsui Engineering & Shipbuilding Company Limited (Ichihara),237367,Live,Liberia,31503,"LNG VLGC, 100'-200'cbm",66768,Double Hull,5LPZ5,105010,1370,272.00,259.00,47.20,47.20,11.37,11.49,Mitsubishi Heavy Industries Limited,Monrovia,-,Karadeniz Holding A.S.,Turkiye,Karadeniz Holding A.S.,Turkiye,Khan 3 Maritime Limited,Isle of Man,Kinetics Energies,United Kingdom,-,-,8913150,636023903,22.86,1993,-,-,-,-,Mitsubishi Heavy Industries Limited,17375,23300,MS24-2,Assuranceforeningen Skuld,Lloyds Register,-,-,2022-10-02T00:00:00,-,2022-10-15T00:00:00,-,2027-10-14T00:00:00,2027-10-14T00:00:00,-,-,-,-,-,-,A,28 May 2026 02:52:10 GMT,-,Karadeniz Holding A.S.,Turkiye,"1° 27' 57"" N","103° 49' 33"" E",3,1 day
Hyundai Utopia,Liquefied Natural Gas Carrier,Ulsan,HD Hyundai Heavy Industries Company Limited,247347,Live,South Korea,31129,"LNG VLGC, 100'-200'cbm",71909,Double Hull,DSPI4,103764,H760,274.00,253.26,47.20,47.20,11.77,14.76,Mitsubishi Heavy Industries Limited,Seogwipo,-,Hyundai LNG Shipping Company Limited,Republic of Korea,Hyundai LNG Shipping Company Limited,Republic of Korea,Hyundai LNG Shipping Company Limited,Republic of Korea,KSS Line Limited,Republic of Korea,-,-,9018555,441223000,26.53,1994,-,-,-,-,Mitsubishi Heavy Industries Limited,19637,26699,MS28-2,"Britannia Steam Ship Insurance Association Ltd., The",Korean Register,-,-,-,-,2014-06-01T00:00:00,-,2029-05-31T00:00:00,2029-05-31T00:00:00,Hyundai LNG Shipping Company Limited,Republic of Korea,Hyundai LNG Shipping Company Limited,Republic of Korea,IDLUW->KRINC,Incheon,A,03 Jun 2026 11:47:37 GMT,09 Jun 2026 00:20:00 GMT,Hyundai LNG Shipping Company Limited,Republic of Korea,"7° 16' 5"" N","128° 4' 22"" E",1,"1 day, 5 hours"
American Energy,Liquefied Natural Gas Carrier,St. Nazaire,Chantiers de l'Atlantique,253452,Live,U.S.A.,25861,"LNG VLGC, 100'-200'cbm",73519,Double Hull,KAEC,86205,E30,274.30,260.56,43.30,43.30,12.00,13.40,Kawasaki Heavy Industries Limited (Tokyo),-,-,Crowley Maritime Corporation,United States of America,Crowley Maritime Corporation,United States of America,Crowley LNG Tanker Owner I LLC,United States of America,-,-,-,-,9030802,338860000,25.40,1994,-,Unknown Scrubber Manufacturer,Unknown,Unknown,Kawasaki Shipbuilding Corporation,27088,36326,UA-360,Steamship Mutual Underwriting Association (Bermuda) Ltd,Lloyds Register,-,-,2024-11-04T00:00:00,-,2024-11-23T00:00:00,-,2029-08-23T00:00:00,2029-08-23T00:00:00,Intrepid Ship Management Incorporated,United States of America,Intrepid Ship Management Incorporated,United States of America,USNSS,Sabine Pass,A,03 Jun 2026 11:58:02 GMT,12 Jun 2026 11:00:00 GMT,Crowley Maritime Corporation,United States of America,"16° 37' 52"" N","77° 0' 35"" W",16,"12 days, 20 hours"
KLNGTP Americas,Liquefied Natural Gas Carrier,Nagasaki,Mitsubishi Heavy Industries Limited Shipbuilding,256772,Live,Liberia,31503,"LNG VLGC, 100'-200'cbm",66875,Double Hull,5LPZ6,105010,2074,273.50,259.00,47.20,47.20,11.37,15.13,Mitsubishi Heavy Industries Limited,Monrovia,-,Nissen Kaiun Company Limited (Nissen Kaiun KK),Japan,Nissen Kaiun Company Limited (Nissen Kaiun KK),Japan,Southern Route Maritime S.A.,Panama,-,-,-,-,9045132,636023904,26.50,1994,-,-,-,-,Mitsubishi Heavy Industries Limited,17376,23301,MS24-2,NorthStandard,-,Bureau Veritas,-,2019-09-24T00:00:00,-,2019-10-06T00:00:00,-,2030-08-22T00:00:00,2030-08-22T00:00:00,Synergy Maritime Private Limited,India,Synergy Maritime Private Limited,India,-,-,A,11 Apr 2026 13:00:28 GMT,-,Nissen Kaiun Company Limited (Nissen Kaiun KK),Japan,"33° 57' 17"" N","129° 7' 57"" E",5,"3 days, 11 hours"
Mubaraz,Liquefied Natural Gas Carrier,Turku,STX Finland OY - SEE NOW AS Arctech Helsinki Shipyard Incorporated,266365,Live,Liberia,35010,"LNG VLGC, 100'-200'cbm",72950,Double Hull,ELSN2,116703,1330,290.14,275.00,48.10,48.10,12.30,10.20,Mitsubishi Heavy Industries Limited,Monrovia,-,Abu Dhabi National Oil Company (ADNOC),United Arab Emirates,National Gas Shipping Company Limited (NGSCO),United Arab Emirates,Mubaraz Limited,Liberia,Abu Dhabi Marine Operations & Services Company LLC (ADNOC Logistics & Services),United Arab Emirates,-,-,9074626,636010373,22.50,1996,-,Kvaerner A/S,Unknown,Unknown,Mitsubishi Heavy Industries Limited,30007,40240,MS40-2,NorthStandard,Lloyds Register,-,-,2024-03-15T00:00:00,-,2024-03-17T00:00:00,-,2028-12-19T00:00:00,2028-12-19T00:00:00,Abu Dhabi Marine Operations & Services Company LLC (ADNOC Logistics & Services),United Arab Emirates,Abu Dhabi Marine Operations & Services Company LLC (ADNOC Logistics & Services),United Arab Emirates,CN TSN>AE KLF,Khor al Fakkan,A,03 Jun 2026 09:44:17 GMT,04 Jun 2026 03:00:00 GMT,National Gas Shipping Company Limited (NGSCO),United Arab Emirates,"23° 21' 30"" N","60° 3' 16"" E",1,"1 day, 3 hours"
Puteri Zamrud,Liquefied Natural Gas Carrier,St. Nazaire,Chantiers de l'Atlantique,270344,Live,Malaysia,25861,"LNG VLGC, 100'-200'cbm",73519,Double Hull,9MCD3,86205,H30,274.30,260.56,43.30,43.30,12.00,9.50,Kawasaki Heavy Industries Limited (Tokyo),Port Klang,-,MISC Berhad,Malaysia,MISC Berhad,Malaysia,Puteri Zamrud (L) Private Limited,Malaysia,-,-,-,-,9030838,533130000,21.50,1996,-,Unknown Scrubber Manufacturer,Unknown,Unknown,Kawasaki Shipbuilding Corporation,27088,36326,UA-360,U.K. Mutual Steam Ship Assurance Association (Bermuda) Ltd,Lloyds Register,-,-,2024-05-27T00:00:00,-,2021-11-16T00:00:00,-,2026-10-07T00:00:00,2026-10-07T00:00:00,MISC Shipmanagement (L) Private Limited,Malaysia,MISC Shipmanagement (L) Private Limited,Malaysia,"BTU,MY",-,A,03 Jun 2026 12:11:54 GMT,06 Jun 2026 00:00:00 GMT,MISC Berhad,Malaysia,"3° 24' 39"" N","112° 56' 45"" E",12,"4 days, 23 hours"
Aman Sendai,Liquefied Natural Gas Carrier,Tsu,NKK Shipbuilding (Nippon Kokan K.K),270382,Live,Malaysia,4901,"LNG, -100'cbm",10957,Double Hull,9MCN8,16336,150,130.00,124.00,25.70,25.70,7.12,5.98,Mitsubishi Heavy Industries Limited,Port Klang,-,MISC Berhad,Malaysia,MISC Berhad,Malaysia,Asia LNG Transport Sendirian Berhad,Malaysia,Petronas Tankers Sendirian Berhad,Malaysia,-,-,9134323,533209000,13.10,1997,-,-,-,-,Mitsubishi Heavy Industries Limited,5516,7500,MS8-2,"Britannia Steam Ship Insurance Association Ltd., The",Nippon Kaiji Kyokai,-,-,2019-11-02T00:00:00,-,2017-10-08T00:00:00,-,2027-05-17T00:00:00,2027-05-17T00:00:00,MISC Shipmanagement (L) Private Limited,Malaysia,MISC Shipmanagement (L) Private Limited,Malaysia,JPSGM,Shimama,A,03 Jun 2026 11:52:05 GMT,05 Jun 2026 03:00:00 GMT,MISC Berhad,Malaysia,"39° 38' 21"" N","137° 48' 36"" E",1,"22 hours, 49 minutes"
Al Hamra,Liquefied Natural Gas Carrier,Turku,Kvaerner Masa Yards Incorporated,272838,Live,Liberia,35010,"LNG VLGC, 100'-200'cbm",73050,Double Hull,ELTL9,116703,1332,289.14,275.00,48.19,48.10,11.80,10.70,Mitsubishi Heavy Industries Limited,Monrovia,-,Abu Dhabi National Oil Company (ADNOC),United Arab Emirates,Abu Dhabi Marine Operations & Services Company LLC (ADNOC Logistics & Services),United Arab Emirates,Al Hamra Limited,Liberia,National Marine Dredging Company (NMDC) Group PJSC,United Arab Emirates,-,-,9074640,636010544,22.50,1997,-,Kvaerner A/S,Unknown,Unknown,Mitsubishi Heavy Industries Limited,29611,40256,MS40-2,NorthStandard,Lloyds Register,-,-,2026-03-03T00:00:00,-,2020-12-04T00:00:00,-,-,-,Abu Dhabi Marine Operations & Services Company LLC (ADNOC Logistics & Services),United Arab Emirates,Abu Dhabi Marine Operations & Services Company LLC (ADNOC Logistics & Services),United Arab Emirates,IN DAH>AE KLF,Khor al Fakkan,A,30 May 2026 20:59:21 GMT,31 May 2026 00:01:00 GMT,Abu Dhabi Marine Operations & Services Company LLC (ADNOC Logistics & Services),United Arab Emirates,"24° 44' 25"" N","56° 58' 28"" E",2,"3 hours, 9 minutes"
Mraweh,Liquefied Natural Gas Carrier,Turku,STX Finland OY - SEE NOW AS Arctech Helsinki Shipyard Incorporated,272839,Live,Liberia,35010,"LNG VLGC, 100'-200'cbm",72950,Double Hull,ELSZ4,116703,1331,290.14,275.00,48.10,48.10,11.30,11.20,Mitsubishi Heavy Industries Limited,Monrovia,-,Abu Dhabi National Oil Company (ADNOC),United Arab Emirates,National Gas Shipping Company Limited (NGSCO),United Arab Emirates,National Gas Shipping Company Limited (NGSCO),United Arab Emirates,-,-,-,-,9074638,636010457,22.50,1996,-,Kvaerner A/S,Unknown,Unknown,Mitsubishi Heavy Industries Limited,30019,40256,MS40-2,West of England Mutual Shipowners Protection & Indemnity Association (Luxemburg),Lloyds Register,-,-,2026-05-29T00:00:00,-,2023-10-31T00:00:00,-,2028-11-26T00:00:00,2028-11-26T00:00:00,-,-,National Gas Shipping Company Limited (NGSCO),United Arab Emirates,SG ARAFR>AE KLF,Khor al Fakkan,A,03 Jun 2026 12:11:26 GMT,08 Jun 2026 02:02:00 GMT,National Gas Shipping Company Limited (NGSCO),United Arab Emirates,"5° 31' 3"" N","79° 37' 44"" E",12,"8 days, 16 hours"
Umm Al Ashtan,Liquefied Natural Gas Carrier,Turku,STX Finland OY - SEE NOW AS Arctech Helsinki Shipyard Incorporated,273054,Live,Liberia,35010,"LNG VLGC, 100'-200'cbm",72950,Double Hull,ELUD4,116703,1333,290.14,275.00,48.10,48.10,12.30,10.20,Mitsubishi Heavy Industries Limited,Monrovia,-,Abu Dhabi National Oil Company (ADNOC),United Arab Emirates,National Gas Shipping Company Limited (NGSCO),United Arab Emirates,National Gas Shipping Company Limited (NGSCO),United Arab Emirates,-,-,-,-,9074652,636010647,22.50,1997,-,Kvaerner A/S,Unknown,Unknown,Mitsubishi Heavy Industries Limited,30007,40240,MS40-2,West of England Mutual Shipowners Protection & Indemnity Association (Luxemburg),Lloyds Register,-,-,2025-06-19T00:00:00,-,2025-06-22T00:00:00,-,2030-05-09T00:00:00,2030-05-09T00:00:00,-,-,National Gas Shipping Company Limited (NGSCO),United Arab Emirates,AE KLF>IN DHP,Dabhol,A,03 Jun 2026 12:07:11 GMT,04 Jun 2026 19:01:00 GMT,National Gas Shipping Company Limited (NGSCO),United Arab Emirates,"17° 37' 2"" N","70° 33' 3"" E",6,"6 days, 10 hours"
Sohar LNG,Liquefied Natural Gas Carrier,Nagasaki,Mitsubishi Heavy Industries Limited Shipbuilding,299156,Live,Panama,33361,"LNG VLGC, 100'-200'cbm",71997,Double Hull,H9ZZ,111203,2162,297.50,283.00,45.75,45.75,11.25,14.25,Mitsubishi Heavy Industries Limited,Panama,-,Mitsui O.S.K. Lines Limited (MOL) & Oman Shipping Company S.A.O.C. (Asyad Shipping),Japan,Mitsui O.S.K. Lines Limited (MOL) & Oman Shipping Company S.A.O.C. (Asyad Shipping),Japan,Energy Spring LNG Carriers S.A.,Panama,Oman LNG SAOC,Sultanate of Oman,-,-,9210816,357186000,25.50,2001,-,-,-,-,Mitsubishi Heavy Industries Limited,26800,36438,MS40-2,U.K. Mutual Steam Ship Assurance Association (Bermuda) Ltd,Nippon Kaiji Kyokai,-,-,2019-07-25T00:00:00,-,2016-10-07T00:00:00,-,2026-11-14T00:00:00,2026-11-14T00:00:00,Oman Ship Management Company LLC,Sultanate of Oman,Oman Ship Management Company LLC,Sultanate of Oman,BHAVNAGAR ANCHORAGE,-,A,03 Jun 2026 12:01:33 GMT,02 Jun 2026 21:00:00 GMT,Mitsui O.S.K. Lines Limited (MOL) & Oman Shipping Company S.A.O.C. (Asyad Shipping),Japan,"21° 42' 23"" N","72° 24' 51"" E",2,"2 days, 6 hours"
Xinhang Energy,Liquefied Natural Gas Carrier,Nagasaki,Mitsubishi Heavy Industries Limited Shipbuilding,299157,Live,Liberia,33438,"LNG VLGC, 100'-200'cbm",72758,Double Hull,5LHJ3,111461,2163,290.00,276.00,46.28,46.00,11.38,10.42,Mitsubishi Heavy Industries Limited,Monrovia,-,Xinhang Shipping Company Limited,"Hong Kong, S.A.R., China",Xinhang Shipping Company Limited,"Hong Kong, S.A.R., China",Xinhang Shipping Company Limited,"Hong Kong, S.A.R., China",-,-,-,-,9210828,636022142,21.80,2002,-,-,-,-,Mitsubishi Heavy Industries Limited,21614,28985,MS32-2,West of England Mutual Shipowners Protection & Indemnity Association (Luxemburg),Lloyds Register,-,-,2025-04-15T00:00:00,-,2022-07-29T00:00:00,-,2027-06-12T00:00:00,2027-06-12T00:00:00,Bernhard Schulte Shipmanagement (Singapore) Private Limited,-,Bernhard Schulte Shipmanagement (Singapore) Private Limited,-,FOR ORDERS,-,A,03 Jun 2026 12:09:48 GMT,07 Jun 2026 10:00:00 GMT,Xinhang Shipping Company Limited,"Hong Kong, S.A.R., China","29° 37' 31"" N","124° 38' 59"" E",9,25 days
Marigold LNG,Liquefied Natural Gas Carrier,Okpo,Hanwha Ocean Company Limited,311012,Live,Marshall Islands,28154,"LNG VLGC, 100'-200'cbm",77410,Double Hull,V7A7065,93844,2207,277.00,268.39,43.43,43.40,12.12,13.88,Mitsubishi Heavy Industries Limited,Majuro,-,Kratos Gas Transport LLC,United Arab Emirates,Kratos Gas Transport LLC,United Arab Emirates,Marigold LNG Limited,Marshall Islands,-,-,-,-,9230062,538011391,26.00,2003,-,-,-,-,Kawasaki Heavy Industries Limited Shipbuilding Division,-,36690,MB-4E-NS2,Assuranceforeningen Skuld,DNV,-,-,-,-,2017-07-29T00:00:00,-,2027-07-29T00:00:00,2027-07-29T00:00:00,Executive Ship Management Private Limited,Republic of Singapore,Executive Ship Management Private Limited,Republic of Singapore,LK CMB>AE KLF,-,A,03 May 2026 09:05:49 GMT,01 May 2026 10:01:00 GMT,Kratos Gas Transport LLC,United Arab Emirates,"25° 23' 7"" N","56° 35' 34"" E",2,"2 days, 12 hours"
Arunika Jaya,Liquefied Natural Gas Carrier,Sakaide,Kawasaki Heavy Industries Limited Shipbuilding Division,322445,Live,Indonesia,35817,"LNG VLGC, 100'-200'cbm",80686,Double Hull,YDDS4,119393,1520,289.50,277.00,49.00,49.00,11.63,15.37,Kawasaki Heavy Industries Limited (Tokyo),-,-,Mitsui O.S.K. Lines Limited (MOL),Japan,Mitsui O.S.K. Lines Limited (MOL),Japan,PT MOL Gas Maritime Solutions Indonesia,Indonesia,Tokyo Gas Company Limited,Japan,-,-,9245720,525114138,27.00,2003,-,-,-,-,Kawasaki Heavy Industries Limited Shipbuilding Division,26900,32916,UA-400,Japan Shipowners Mutual Protection & Indemnity Association,Nippon Kaiji Kyokai,-,-,2020-11-13T00:00:00,-,2020-11-13T00:00:00,-,2030-09-17T00:00:00,2030-09-17T00:00:00,P.T. Humolco LNG Indonesia,Indonesia,P.T. Humolco LNG Indonesia,Indonesia,JP OIT,"Bintulu, Sarawak",A,03 Jun 2026 07:23:31 GMT,09 Jun 2026 22:00:00 GMT,Mitsui O.S.K. Lines Limited (MOL),Japan,"8° 24' 42"" N","116° 30' 42"" E",3,"3 days, 15 hours"
Pacific Notus,Liquefied Natural Gas Carrier,Nagasaki,Mitsubishi Heavy Industries Limited Shipbuilding,324124,Live,Bahamas,33466,"LNG VLGC, 100'-200'cbm",72490,Double Hull,C6TC2,111553,2176,290.00,276.00,46.00,46.00,11.39,14.11,Mitsubishi Heavy Industries Limited,Nassau,-,Kawasaki Kisen Kaisha Limited (Kawasaki Kisen KK) ('K' Line),Japan,'K' Line RoRo Bulk Ship Management Company Limited,Japan,Manatee Navigation S.A.,Panama,-,-,-,-,9247962,311573000,25.50,2003,-,-,-,-,Mitsubishi Heavy Industries Limited,21320,28985,MS32-2,U.K. Mutual Steam Ship Assurance Association (Bermuda) Ltd,Nippon Kaiji Kyokai,-,-,2018-08-07T00:00:00,-,2018-08-07T00:00:00,-,2028-09-29T00:00:00,2028-09-29T00:00:00,NYK LNG Shipmanagement Limited,Japan,NYK LNG Shipmanagement Limited,Japan,AU ASB,Ashburton,A,03 Jun 2026 12:12:01 GMT,13 Jun 2026 06:05:00 GMT,'K' Line RoRo Bulk Ship Management Company Limited,Japan,"32° 29' 48"" N","127° 19' 59"" E",18,"19 days, 14 hours"
Puteri Firus Satu,Liquefied Natural Gas Carrier,Nagasaki,Mitsubishi Heavy Industries Limited Shipbuilding,324519,Live,Malaysia,28333,"LNG VLGC, 100'-200'cbm",76197,Double Hull,9MGF7,94446,2177,276.00,263.00,43.40,43.40,12.01,13.49,Mitsubishi Heavy Industries Limited,Port Klang,-,Unknown Owners,-,Unknown Owners,-,Sea Line Incorporated,Marshall Islands,-,-,-,-,9248502,533808000,25.50,2004,-,Alfa Laval Aalborg A/S,Unknown,Unknown,Mitsubishi Heavy Industries Limited,24454,32794,MS40-2,West of England Mutual Shipowners Protection & Indemnity Association (Luxemburg),Lloyds Register,-,-,2024-10-16T00:00:00,-,2024-10-25T00:00:00,-,2029-09-12T00:00:00,2029-09-12T00:00:00,-,-,Unknown Owners,-,-,-,A,03 May 2026 02:20:20 GMT,-,Unknown Owners,-,"5° 11' 8"" N","115° 24' 13"" E",8,"6 days, 13 hours"
Mutiara,Liquefied Natural Gas Carrier,Ichihara,Mitsui Engineering & Shipbuilding Company Limited (Ichihara),333522,Live,Comoros,28333,"LNG VLGC, 100'-200'cbm",76229,Double Hull,D6A4375,94446,1562,275.98,263.00,-,43.43,12.01,13.49,Mitsubishi Heavy Industries Limited,Moroni,-,Unknown Owners,-,Unknown Owners,-,Riya Shipping Corporation,Marshall Islands,-,-,-,-,9261205,620800375,25.50,2005,-,Alfa Laval Aalborg A/S,Unknown,Unknown,Mitsubishi Heavy Industries Limited,27170,36435,MS40-2,West of England Mutual Shipowners Protection & Indemnity Association (Luxemburg),Lloyds Register,-,-,2022-07-02T00:00:00,-,2020-09-24T00:00:00,-,2030-04-21T00:00:00,2030-04-21T00:00:00,-,-,Unknown Owners,-,-,-,A,03 Jun 2026 12:14:49 GMT,-,Unknown Owners,-,"2° 15' 2"" N","102° 4' 44"" E",9,"6 days, 9 hours"
Energy Horizon,Liquefied Natural Gas Carrier,Sakaide,Kawasaki Heavy Industries Limited Shipbuilding Division,3378392,Live,Japan,42340,"LNG VLGC, 100'-200'cbm",87257,Double Hull,7JHS,141136,1664,300.03,286.50,-,52.00,11.68,16.32,Kawasaki Heavy Industries Limited (Tokyo),Tokyo,-,Tokyo Gas Company Limited,Japan,Tokyo Gas Company Limited,Japan,Tokyo LNG Tanker Company Limited & Nippon Yusen Kaisha,Japan,-,-,-,-,9483877,432807000,28.00,2011,-,-,-,-,Kawasaki Heavy Industries Limited Shipbuilding Division,29890,36599,URA450,Japan Shipowners Mutual Protection & Indemnity Association,Nippon Kaiji Kyokai,-,-,2019-06-18T00:00:00,-,2016-08-19T00:00:00,-,2026-08-30T00:00:00,2026-08-30T00:00:00,NYK LNG Shipmanagement Limited,Japan,NYK LNG Shipmanagement Limited,Japan,SIN,-,A,21 May 2026 05:43:38 GMT,19 May 2026 22:00:00 GMT,Tokyo Gas Company Limited,Japan,"1° 18' 9"" N","103° 39' 1"" E",9,"12 days, 16 hours"
Energy Advance,Liquefied Natural Gas Carrier,Sakaide,Kawasaki Heavy Industries Limited Shipbuilding Division,338815,Live,Japan,35769,"LNG VLGC, 100'-200'cbm",80630,Double Hull,7JAA,119233,1521,289.53,277.00,49.00,49.00,11.63,15.37,Kawasaki Heavy Industries Limited (Tokyo),Tokyo,-,Mitsui O.S.K. Lines Limited (MOL),Japan,Mitsui O.S.K. Lines Limited (MOL),Japan,Tokyo LNG Tanker Company Limited & Toho LNG Shipping Company Limited,Japan,-,-,-,-,9269180,432495000,27.00,2005,-,-,-,-,Kawasaki Heavy Industries Limited Shipbuilding Division,26900,36574,UA-400,Japan Shipowners Mutual Protection & Indemnity Association,Nippon Kaiji Kyokai,-,-,2020-04-09T00:00:00,-,2020-04-09T00:00:00,-,2030-03-27T00:00:00,2030-03-27T00:00:00,MOL LNG Transport Company Limited,Japan,MOL LNG Transport Company Limited,Japan,RU PGN,Prigorodnoye,A,03 Jun 2026 12:15:58 GMT,06 Jun 2026 19:00:00 GMT,Mitsui O.S.K. Lines Limited (MOL),Japan,"44° 16' 24"" N","140° 53' 55"" E",7,"1 month, 28 days"
Fuji LNG,Liquefied Natural Gas Carrier,Sakaide,Kawasaki Heavy Industries Limited Shipbuilding Division,340582,Live,Marshall Islands,35466,"LNG VLGC, 100'-200'cbm",77351,Double Hull,V7A6798,118219,1527,289.50,277.00,49.00,49.00,11.93,15.07,Kawasaki Heavy Industries Limited (Tokyo),Majuro,-,Golar LNG Limited,Bermuda,Golar LNG Limited,Bermuda,Golar MK II Corporation,Marshall Islands,-,-,-,-,9275359,538011214,27.00,2004,-,-,-,-,Kawasaki Shipbuilding Corporation,26900,36574,UA-400,-,Nippon Kaiji Kyokai,-,-,2018-10-14T00:00:00,-,2019-03-10T00:00:00,-,2029-04-11T00:00:00,2029-04-11T00:00:00,Golar Management AS,Norway,Golar Management AS,Norway,-,-,A,25 May 2026 14:14:40 GMT,-,Golar LNG Limited,Bermuda,"21° 59' 47"" N","110° 2' 13"" W",1,"1 day, 4 hours"
LNG Dream,Liquefied Natural Gas Carrier,Sakaide,Kawasaki Heavy Industries Limited Shipbuilding Division,343946,Live,Bahamas,35663,"LNG VLGC, 100'-200'cbm",80889,Double Hull,C6VO5,118876,1545,289.50,277.00,-,49.00,12.25,14.75,Kawasaki Heavy Industries Limited (Tokyo),Nassau,-,Nippon Yusen Kabushiki Kaisha (NYK Line) (Nippon Yusen Kaisha),Japan,NYK LNG Shipmanagement Limited,Japan,OJV Cayman 1 Limited,Cayman Islands,Osaka Gas International Transport Incorporated,Japan,-,-,9277620,309065000,27.00,2006,-,-,-,-,Kawasaki Shipbuilding Corporation,26900,36073,UA-400,U.K. Mutual Steam Ship Assurance Association (Bermuda) Ltd,Nippon Kaiji Kyokai,-,-,2018-12-08T00:00:00,-,2016-06-19T00:00:00,-,2026-09-12T00:00:00,2026-09-12T00:00:00,NYK LNG Shipmanagement Limited,Japan,NYK LNG Shipmanagement Limited,Japan,YEOSU SK,Yeosu,A,03 Jun 2026 12:16:00 GMT,19 Jun 2026 07:00:00 GMT,NYK LNG Shipmanagement Limited,Japan,"33° 50' 19"" N","128° 52' 26"" E",3,"3 days, 12 hours"
Seri Amanah,Liquefied Natural Gas Carrier,Goeje Is.,Samsung Shipbuilding & Heavy Industries Company Limited,349834,Live,Malaysia,28718,"LNG VLGC, 100'-200'cbm",75000,Double Hull,9MGQ9,95729,1503,283.07,270.00,43.40,43.40,12.40,13.60,Kawasaki Heavy Industries Limited (Tokyo),Port Klang,-,MISC Berhad,Malaysia,MISC Berhad,Malaysia,MISC Berhad,Malaysia,Malaysia LNG Sendirian Berhad (MLNG),Malaysia,-,-,9293844,533937000,26.00,2005,-,-,-,-,Kawasaki Heavy Industries Limited Shipbuilding Division,24877,33361,UA-360,"Britannia Steam Ship Insurance Association Ltd., The",Bureau Veritas,-,-,2023-09-04T00:00:00,2023-09-04T00:00:00,2026-04-01T00:00:00,2026-04-19T00:00:00,2031-03-14T00:00:00,2031-03-14T00:00:00,MISC Shipmanagement (L) Private Limited,Malaysia,MISC Shipmanagement (L) Private Limited,Malaysia,MY BTU,"Bintulu, Sarawak",A,03 Jun 2026 12:09:12 GMT,05 Jun 2026 02:00:00 GMT,MISC Berhad,Malaysia,"3° 19' 11"" N","112° 52' 45"" E",6,"5 days, 18 hours"
Orion,Liquefied Natural Gas Carrier,Sakaide,Kawasaki Heavy Industries Limited Shipbuilding Division,351650,Live,Russia,35583,"LNG VLGC, 100'-200'cbm",77252,Double Hull,UAIF8,118608,1562,289.50,277.00,49.00,49.00,11.93,15.07,Kawasaki Heavy Industries Limited (Tokyo),-,-,Government of the Sultanate of Oman,Sultanate of Oman,Asyad Shipping Company SAOG,Sultanate of Oman,Oryx LNG Carrier SA,Panama,Itochu Corporation,Japan,-,-,9294264,273276080,27.00,2005,-,-,-,-,Kawasaki Shipbuilding Corporation,26900,36573,UA-400,-,Nippon Kaiji Kyokai,Russian Register of Ships,-,2021-01-22T00:00:00,-,2021-01-22T00:00:00,-,-,-,Oman Ship Management Company LLC,Sultanate of Oman,Oman Ship Management Company LLC,Sultanate of Oman,-,-,A,03 Jun 2026 12:07:34 GMT,-,Asyad Shipping Company SAOG,Sultanate of Oman,"15° 3' 14"" S","0° 7' 30"" E",1,"1 day, 4 hours"
Energy Progress,Liquefied Natural Gas Carrier,Sakaide,Kawasaki Heavy Industries Limited Shipbuilding Division,351652,Live,Japan,35730,"LNG VLGC, 100'-200'cbm",79983,Double Hull,7KKU,119131,1540,289.53,277.00,49.00,49.00,12.17,14.83,Kawasaki Heavy Industries Limited (Tokyo),Tokyo,-,Mitsui O.S.K. Lines Limited (MOL),Japan,Mitsui O.S.K. Lines Limited (MOL),Japan,Mitsui O.S.K. Lines Limited (MOL),Japan,Tokyo LNG Tanker Company Limited And Mitsui OSK Lines Limited (MOL),Japan,-,-,9274226,431608000,27.00,2006,-,-,-,-,Kawasaki Heavy Industries Limited Shipbuilding Division,26900,36073,KAWASAKI TURBINE,Japan Shipowners Mutual Protection & Indemnity Association,Nippon Kaiji Kyokai,-,-,2019-09-02T00:00:00,-,2016-10-14T00:00:00,-,2027-03-24T00:00:00,2027-03-24T00:00:00,MOL LNG Transport Company Limited,Japan,MOL LNG Transport Company Limited,Japan,AUDAM,Dampier,A,03 Jun 2026 11:05:46 GMT,10 Jun 2026 22:00:00 GMT,Mitsui O.S.K. Lines Limited (MOL),Japan,"14° 30' 18"" N","125° 24' 30"" E",7,"8 days, 16 hours"
Luch,Liquefied Natural Gas Carrier,Nagasaki,Mitsubishi Heavy Industries Limited Shipbuilding,356396,Live,Russia,35583,"LNG VLGC, 100'-200'cbm",77282,Double Hull,UAIF4,118608,2215,289.50,277.00,-,49.00,11.93,15.07,Kawasaki Heavy Industries Limited (Tokyo),-,-,Government of the Sultanate of Oman,Sultanate of Oman,Asyad Shipping Company SAOG,Sultanate of Oman,Dune LNG Carrier SA,Panama,-,-,-,-,9317315,273272080,27.00,2006,-,-,-,-,Kawasaki Heavy Industries Limited Shipbuilding Division,26900,36573,UA-400,-,Nippon Kaiji Kyokai,Russian Register of Ships,-,2019-05-20T00:00:00,-,2016-06-13T00:00:00,-,-,-,Oman Ship Management Company LLC,Sultanate of Oman,Oman Ship Management Company LLC,Sultanate of Oman,FOR ORDERS,-,A,03 Jun 2026 12:11:08 GMT,14 Jun 2026 16:00:00 GMT,Asyad Shipping Company SAOG,Sultanate of Oman,"26° 16' 29"" N","20° 4' 22"" W",11,11 days
T Handan,Liquefied Natural Gas Carrier,Mihara,Koyo Dockyard Company Limited - Now Imabari Shipbuilding Company Limited (Hiroshima) which see.,356676,Live,Panama,30324,"LNG VLGC, 100'-200'cbm",79556,Double Hull,HOA5184,101094,2258,289.93,276.00,44.70,44.70,12.07,13.93,Kawasaki Heavy Industries Limited (Tokyo),Panama,-,Unknown Owners,-,Unknown Owners,-,Tudor Maritime Limited,Marshall Islands,-,-,-,-,9319404,352006710,26.00,2008,-,Alfa Laval Aalborg A/S,Unknown,Unknown,Kawasaki Heavy Industries Limited Shipbuilding Division,29420,40000,UA-400,West of England Mutual Shipowners Protection & Indemnity Association (Luxemburg),Lloyds Register,-,-,2025-12-30T00:00:00,-,2023-05-09T00:00:00,-,2028-03-30T00:00:00,2028-03-30T00:00:00,-,-,Unknown Owners,-,NAWVB,-,A,03 Jun 2026 12:07:17 GMT,28 May 2026 10:00:00 GMT,Unknown Owners,-,"22° 52' 23"" S","14° 27' 44"" E",1,"1 day, 4 hours"
Seri Angkasa,Liquefied Natural Gas Carrier,Goeje Is.,Samsung Shipbuilding & Heavy Industries Company Limited,357478,Live,Malaysia,28718,"LNG VLGC, 100'-200'cbm",83404,Double Hull,9MGW4,95729,1590,283.06,270.00,43.40,43.40,12.40,13.60,Kawasaki Heavy Industries Limited (Tokyo),Port Klang,-,MISC Berhad,Malaysia,MISC Berhad,Malaysia,MISC Berhad,Malaysia,Malaysia LNG Sendirian Berhad (MLNG),Malaysia,-,-,9321665,533957000,26.00,2006,-,-,-,-,Kawasaki Heavy Industries Limited Shipbuilding Division,24877,33800,UA-360,"Britannia Steam Ship Insurance Association Ltd., The",Bureau Veritas,-,-,2024-07-09T00:00:00,2024-10-29T00:00:00,2023-12-01T00:00:00,2022-01-09T00:00:00,2026-12-22T00:00:00,2026-12-22T00:00:00,MISC Shipmanagement (L) Private Limited,Malaysia,MISC Shipmanagement (L) Private Limited,Malaysia,MY PGG,Pengerang,A,03 Jun 2026 11:47:43 GMT,21 Jun 2026 00:00:00 GMT,MISC Berhad,Malaysia,"3° 16' 7"" S","144° 39' 42"" E",1,"1 day, 6 hours"
Excelerate Shenandoa,Liquefied Natural Gas Carrier,Goeje Is.,Samsung Shipbuilding & Heavy Industries Company Limited,357543,Live,Bermuda,28726,"LNG VLGC, 100'-200'cbm",79058,Double Hull,ZCDU4,95753,1587,283.06,270.00,43.40,43.40,11.40,14.60,Kawasaki Heavy Industries Limited (Tokyo),Hamilton,-,Excelerate Energy Holdings LLC,United States of America,Excelerate Energy LP,United States of America,Excelerate Shenandoah Limited Partnership,Marshall Islands,-,-,-,-,9321768,310540000,26.00,2007,-,-,-,-,Kawasaki Heavy Industries Limited Shipbuilding Division,26342,35325,UA-400,Assuranceforeningen Skuld,American Bureau,-,-,2018-03-10T00:00:00,2018-06-05T00:00:00,2015-06-28T00:00:00,-,2030-08-05T00:00:00,2030-08-05T00:00:00,Excelerate Technical Management B.V.,Belgium,Excelerate Technical Management B.V.,Belgium,PACIFIC BASIN,-,A,30 May 2026 02:59:28 GMT,31 May 2026 08:00:00 GMT,Excelerate Energy LP,United States of America,"22° 4' 13"" N","65° 7' 60"" E",1,"1 hour, 40 minutes"
Blue Dragon 1,Liquefied Natural Gas Carrier,Okpo,Hanwha Ocean Company Limited,357551,Live,Panama,29372,"LNG VLGC, 100'-200'cbm",84362,Double Hull,3E6112,97754,2233,285.40,274.40,43.44,43.40,12.52,8.74,Kawasaki Heavy Industries Limited (Tokyo),Panama,-,Aminkoi Shipping Incorporated,Independent State of Samoa,Aminkoi Shipping Incorporated,Independent State of Samoa,Yadana Shipping Limited,"Hong Kong, S.A.R., China",-,-,-,-,9315393,352003868,21.26,2006,-,-,-,-,Kawasaki Heavy Industries Limited Shipbuilding Division,27066,36774,UA-400,West of England Mutual Shipowners Protection & Indemnity Association (Luxemburg),Bureau Veritas,-,-,2021-06-17T00:00:00,2024-05-10T00:00:00,2024-12-01T00:00:00,2021-06-17T00:00:00,2026-08-10T00:00:00,2026-08-10T00:00:00,Executive Ship Management Private Limited,Republic of Singapore,Executive Ship Management Private Limited,Republic of Singapore,CN CFD,Tangshan Caofeidian,A,03 Jun 2026 11:48:50 GMT,06 Sep 2026 00:01:00 GMT,Aminkoi Shipping Incorporated,Independent State of Samoa,"44° 58' 34"" N","139° 47' 47"" E",1,"1 day, 4 hours"
Merkuriy,Liquefied Natural Gas Carrier,Goeje Is.,Samsung Shipbuilding & Heavy Industries Company Limited,359286,Live,Russia,29001,"LNG VLGC, 100'-200'cbm",81057,Double Hull,UAIF7,96671,1573,285.10,272.04,-,43.40,12.10,13.90,Kawasaki Heavy Industries Limited (Tokyo),-,-,Government of the Sultanate of Oman,Sultanate of Oman,Asyad Shipping Company SAOG,Sultanate of Oman,Areej LNG Carrier S.A.,Panama,-,-,-,-,9326689,273275080,26.00,2006,-,-,-,-,Kawasaki Heavy Industries Limited Shipbuilding Division,26853,36300,UA-400,-,Nippon Kaiji Kyokai,-,Russian Register of Ships,2019-05-22T00:00:00,-,2016-05-27T00:00:00,-,-,-,Oman Ship Management Company LLC,Sultanate of Oman,Oman Ship Management Company LLC,Sultanate of Oman,FOR ORDERS,-,A,03 Jun 2026 12:12:05 GMT,01 Jun 2026 00:01:00 GMT,Asyad Shipping Company SAOG,Sultanate of Oman,"32° 1' 50"" S","38° 18' 54"" E",2,"2 days, 6 hours"
Seri Ayu,Liquefied Natural Gas Carrier,Goeje Is.,Samsung Shipbuilding & Heavy Industries Company Limited,360687,Live,Malaysia,28718,"LNG VLGC, 100'-200'cbm",83365,Double Hull,9MFE7,95729,1591,283.06,266.06,43.40,43.40,12.42,13.58,Kawasaki Heavy Industries Limited (Tokyo),Port Klang,-,MISC Berhad,Malaysia,MISC Berhad,Malaysia,MISC Berhad,Malaysia,Petronas LNG Sendirian Berhad,Malaysia,-,-,9329679,533942000,26.00,2007,-,-,-,-,Kawasaki Heavy Industries Limited Shipbuilding Division,24877,33361,UA-360,"Britannia Steam Ship Insurance Association Ltd., The",Bureau Veritas,-,-,2025-06-23T00:00:00,2025-06-23T00:00:00,2022-11-01T00:00:00,2022-11-11T00:00:00,2027-10-07T00:00:00,2027-10-07T00:00:00,MISC Shipmanagement (L) Private Limited,Malaysia,MISC Shipmanagement (L) Private Limited,Malaysia,"BTU,MY","Bintulu, Sarawak",A,03 Jun 2026 12:14:23 GMT,04 Jun 2026 00:01:00 GMT,MISC Berhad,Malaysia,"5° 45' 48"" N","113° 50' 44"" E",1,"1 hour, 56 minutes"
Symphonic Breeze,Liquefied Natural Gas Carrier,Sakaide,Kawasaki Heavy Industries Limited Shipbuilding Division,361037,Live,Bahamas,35369,"LNG VLGC, 100'-200'cbm",77163,Double Hull,C6WR9,117895,1587,289.70,277.00,49.10,49.00,11.90,15.10,Kawasaki Heavy Industries Limited (Tokyo),Nassau,-,Kawasaki Kisen Kaisha Limited (Kawasaki Kisen KK) ('K' Line),Japan,'K' Line Energy Shipping (UK) Limited,United Kingdom,Reborn Maritime S.A.,Panama,INPEX Energy Trading Singapore Private Limited,Republic of Singapore,-,-,9330745,309839000,27.00,2007,-,-,-,-,Kawasaki Heavy Industries Limited Shipbuilding Division,22598,30304,UA-400,Japan Shipowners Mutual Protection & Indemnity Association,Lloyds Register,-,-,2025-05-18T00:00:00,-,2022-10-01T00:00:00,-,2027-12-13T00:00:00,2027-12-13T00:00:00,'K' Line Energy Shipping (UK) Limited,United Kingdom,'K' Line Energy Shipping (UK) Limited,United Kingdom,MYBTU,"Bintulu, Sarawak",A,03 Jun 2026 12:14:14 GMT,28 May 2026 08:30:00 GMT,'K' Line Energy Shipping (UK) Limited,United Kingdom,"3° 27' 17"" N","112° 59' 54"" E",1,"1 day, 4 hours"
Seri Bakti,Liquefied Natural Gas Carrier,Nagasaki,Mitsubishi Heavy Industries Limited Shipbuilding,361525,Live,Malaysia,31600,"LNG VLGC, 100'-200'cbm",90065,Double Hull,9MGZ6,105335,2220,289.80,276.80,46.50,46.50,12.40,13.40,Mitsubishi Heavy Industries Limited,Port Klang,-,MISC Berhad,Malaysia,MISC Berhad,Malaysia,MISC Berhad,Malaysia,Petronas LNG Sendirian Berhad,Malaysia,-,-,9331634,533380000,25.80,2007,-,-,-,-,Mitsubishi Heavy Industries Limited Shipbuilding,24500,29980,MS32-2,U.K. Mutual Steam Ship Assurance Association (Bermuda) Ltd,Lloyds Register,-,-,2022-05-22T00:00:00,-,2022-05-18T00:00:00,-,2027-06-28T00:00:00,2027-06-28T00:00:00,MISC Shipmanagement (L) Private Limited,Malaysia,MISC Shipmanagement (L) Private Limited,Malaysia,-,-,A,13 Apr 2025 08:16:51 GMT,-,MISC Berhad,Malaysia,"5° 8' 56"" N","115° 22' 41"" E",1,"1 day, 4 hours"
SC Prestige,Liquefied Natural Gas Carrier,Nagasaki,Mitsubishi Heavy Industries Limited Shipbuilding,361527,Live,Malaysia,32289,"LNG VLGC, 100'-200'cbm",91198,Double Hull,9MII5,107633,2224,294.60,281.60,46.50,46.50,12.40,13.41,Mitsubishi Heavy Industries Limited,Port Klang,-,PT Soechi Group,Indonesia,PT Soechi Lines Tbk,Indonesia,PT Sejahtera Mega Armada,Indonesia,Yemen LNG Company Limited,Yemeni Republic,-,-,9331672,533894000,25.80,2009,-,-,-,-,Wartsila NSD Helsinki,41950,15370,MS36-2,Assuranceforeningen Gard,Bureau Veritas,-,-,2024-08-12T00:00:00,2022-07-19T00:00:00,2024-08-01T00:00:00,2024-08-12T00:00:00,2029-03-30T00:00:00,2029-03-30T00:00:00,-,-,PT Soechi Lines Tbk,Indonesia,MELAKA,-,A,03 Jun 2026 12:12:20 GMT,18 Jun 2026 00:01:00 GMT,PT Soechi Lines Tbk,Indonesia,"2° 12' 29"" N","102° 4' 29"" E",1,"1 day, 4 hours"
Grand Elena,Liquefied Natural Gas Carrier,Nagasaki,Mitsubishi Heavy Industries Limited Shipbuilding,361528,Live,Cyprus,36671,"LNG VLGC, 100'-200'cbm",74127,Double Hull,C4YF2,122239,2229,288.00,274.00,-,49.00,11.37,15.43,Mitsubishi Heavy Industries Limited,Limassol,-,Nippon Yusen Kabushiki Kaisha (NYK Line) (Nippon Yusen Kaisha),Japan,Nippon Yusen Kabushiki Kaisha (NYK Line) (Nippon Yusen Kaisha),Japan,NYK LNG Shipping No. 1 Limited,Cyprus,Sakhalin Energy Investment Company Limited,Russian Federation,-,-,9332054,209407000,26.80,2007,-,Air Products AS,Unknown,Unknown,Mitsubishi Heavy Industries Limited Shipbuilding,23600,32087,MS36-2A,Japan Shipowners Mutual Protection & Indemnity Association,-,Nippon Kaiji Kyokai,-,2024-07-12T00:00:00,-,2022-06-05T00:00:00,-,2027-06-06T00:00:00,2027-06-06T00:00:00,NYK LNG Shipmanagement Limited,Japan,Nippon Yusen Kabushiki Kaisha (NYK Line) (Nippon Yusen Kaisha),Japan,RU_PGN,Prigorodnoye,A,03 Jun 2026 12:11:21 GMT,05 Jun 2026 15:00:00 GMT,Nippon Yusen Kabushiki Kaisha (NYK Line) (Nippon Yusen Kaisha),Japan,"39° 41' 22"" N","142° 24' 3"" E",3,"17 days, 14 hours"
Seri Balhaf,Liquefied Natural Gas Carrier,Nagasaki,Mitsubishi Heavy Industries Limited Shipbuilding,361529,Live,Malaysia,32289,"LNG VLGC, 100'-200'cbm",91201,Double Hull,9MIB9,107633,2223,294.60,270.93,46.50,46.50,12.40,13.41,Mitsubishi Heavy Industries Limited,Port Klang,-,MISC Berhad,Malaysia,MISC Berhad,Malaysia,MISC Berhad,Malaysia,Yemen LNG Company Limited,Yemeni Republic,-,-,9331660,533868000,25.80,2009,-,-,-,-,Wartsila Deutschland GmbH,24500,15370,MS36-2,Assuranceforeningen Gard,Bureau Veritas,-,-,2024-04-23T00:00:00,2021-07-25T00:00:00,2024-04-01T00:00:00,2024-04-23T00:00:00,2028-12-31T00:00:00,2028-12-31T00:00:00,MISC Shipmanagement (L) Private Limited,Malaysia,MISC Shipmanagement (L) Private Limited,Malaysia,MY SGU,-,A,03 Jun 2026 12:11:04 GMT,18 Jun 2026 00:01:00 GMT,MISC Berhad,Malaysia,"2° 13' 3"" N","102° 4' 29"" E",1,"1 day, 6 hours"
Cool Ranger,Liquefied Natural Gas Carrier,Ulsan,HD Hyundai Heavy Industries Company Limited,361903,Live,Malta,31576,"LNG VLGC, 100'-200'cbm",84491,Double Hull,9HA5862,102064,1778,288.43,275.00,44.20,44.20,12.20,13.80,Wartsila Corporation,Valletta,-,Constantinos Martinos family,Greece,Thenamaris LNG Incorporated,Greece,Anemos Ventures Limited,Liberia,-,-,-,-,9333606,256492000,26.00,2008,-,Alfa Laval Aalborg A/S,Unknown,Unknown,Fincantieri-Cantieri Navali Italiani S.p.A.,20226,27124,12V50DF,NorthStandard,Lloyds Register,-,-,2025-11-02T00:00:00,-,2023-08-11T00:00:00,-,2028-06-30T00:00:00,2028-06-30T00:00:00,Thenamaris LNG Incorporated,Greece,Thenamaris LNG Incorporated,Greece,DAMAU,Dampier,A,03 Jun 2026 11:54:05 GMT,14 Jun 2026 16:01:00 GMT,Thenamaris LNG Incorporated,Greece,"24° 14' 22"" N","136° 55' 57"" E",5,"8 days, 20 hours"
Kmarin Diamond,Liquefied Natural Gas Carrier,Samho,HD Hyundai Samho Company Limited,361908,Live,Liberia,31576,"LNG VLGC, 100'-200'cbm",73349,Double Hull,5LMY3,102064,S297,288.43,269.30,44.20,44.20,12.20,13.80,Wartsila Corporation,Monrovia,-,China Merchants Group Limited,"Hong Kong, S.A.R., China",China Merchants Commerce Financial Leasing Company Limited,People's Republic of China,Ocean LNG Kylin 2207 Limted,"Hong Kong, S.A.R., China",-,-,-,-,9333620,636023284,26.00,2008,-,Alfa Laval Aalborg A/S,Unknown,Unknown,Fincantieri-Cantieri Navali Italiani S.p.A.,20226,27124,12V50DF,"Britannia Steam Ship Insurance Association Ltd., The",Lloyds Register,Korean Register,-,2023-09-15T00:00:00,-,2023-10-05T00:00:00,-,2028-10-08T00:00:00,2028-10-08T00:00:00,KMARIN Ocean Services Corporation (KOSCO),Republic of Korea,KMARIN Ocean Services Corporation (KOSCO),Republic of Korea,MY PGG,-,A,03 Jun 2026 12:09:52 GMT,03 Jun 2026 16:01:00 GMT,China Merchants Commerce Financial Leasing Company Limited,People's Republic of China,"1° 19' 22"" N","104° 10' 33"" E",1,"1 day, 7 hours"
Ejnan,Liquefied Natural Gas Carrier,Goeje Is.,Samsung Shipbuilding & Heavy Industries Company Limited,361957,Live,Bahamas,28747,"LNG VLGC, 100'-200'cbm",79000,Double Hull,C6VW6,95824,1594,283.00,270.00,43.41,43.40,11.40,14.60,Kawasaki Heavy Industries Limited (Tokyo),Nassau,-,Qatar Gas Transport Company (Nakilat) QPSC and J4 Consortium,State of Qatar,Qatar Gas Transport Company (Nakilat) QPSC and J4 Consortium,State of Qatar,Peninsula LNG Transport No.4 Limited,Marshall Islands,RasGas Company Limited (RASGAS),State of Qatar,-,-,9334076,309201000,26.00,2007,-,-,-,-,Kawasaki Heavy Industries Limited Shipbuilding Division,26342,35325,UA-400,U.K. Mutual Steam Ship Assurance Association (Bermuda) Ltd,American Bureau,-,-,2019-03-12T00:00:00,2019-04-16T00:00:00,2017-01-11T00:00:00,2016-08-12T00:00:00,2027-01-15T00:00:00,2027-01-15T00:00:00,NYK LNG Shipmanagement Limited,Japan,NYK LNG Shipmanagement Limited,Japan,QA RLF,Ras Laffan,A,03 Jun 2026 12:15:40 GMT,27 May 2026 17:00:00 GMT,Qatar Gas Transport Company (Nakilat) QPSC and J4 Consortium,State of Qatar,"21° 40' 40"" N","68° 42' 4"" E",1,"1 day, 5 hours"
Seapeak Methane,Liquefied Natural Gas Carrier,Goeje Is.,Samsung Shipbuilding & Heavy Industries Company Limited,362754,Live,Bahamas,32537,"LNG VLGC, 100'-200'cbm",81400,Double Hull,C6AS3,104169,1607,285.00,275.00,-,43.40,12.10,14.50,Wartsila Corporation,Nassau,-,Stonepeak Infrastructure Partners (Stonepeak Partners LP),United States of America,Seapeak LLC,Marshall Islands,Seapeak Methane LLC,Marshall Islands,Seapeak Maritime (Glasgow) Limited,United Kingdom,-,-,9336737,311000135,26.60,2008,-,-,-,-,Wartsila Finland oy,34200,15370,12V50DF,Assuranceforeningen Skuld,Bureau Veritas,-,-,2022-06-07T00:00:00,2025-03-04T00:00:00,2025-01-01T00:00:00,2022-06-07T00:00:00,2027-07-15T00:00:00,2027-07-15T00:00:00,Seapeak Maritime Limited,Bermuda,Seapeak Maritime Limited,Bermuda,CN SZLNG,Zhongshan Port,A,03 Jun 2026 12:14:03 GMT,09 Jun 2026 06:00:00 GMT,Seapeak LLC,Marshall Islands,"2° 41' 26"" N","101° 12' 50"" E",1,"1 day, 8 hours"
Seapeak Marib,Liquefied Natural Gas Carrier,Goeje Is.,Samsung Shipbuilding & Heavy Industries Company Limited,362755,Live,Marshall Islands,32537,"LNG VLGC, 100'-200'cbm",82095,Double Hull,V7CY2,104169,1608,285.00,275.00,-,43.40,12.12,14.48,ABB Azipod Oy,Majuro,-,Stonepeak Infrastructure Partners (Stonepeak Partners LP),United States of America,Seapeak LLC,Marshall Islands,Membrane Shipping Limited,Marshall Islands,Seapeak LLC,Marshall Islands,-,-,9336749,538001576,26.60,2008,-,-,-,-,ABB OY,13250,17769,AMZ 1120MS08 LSF,NorthStandard,Bureau Veritas,-,-,2023-04-20T00:00:00,2026-02-04T00:00:00,2025-05-01T00:00:00,2023-04-20T00:00:00,2028-05-29T00:00:00,2028-05-29T00:00:00,Seapeak Maritime Limited,Bermuda,Seapeak Maritime Limited,Bermuda,FOR ORDERS,-,A,03 Jun 2026 12:02:23 GMT,13 Jun 2026 19:31:00 GMT,Seapeak LLC,Marshall Islands,"27° 39' 33"" S","45° 22' 4"" E",1,"1 day, 5 hours"
Al Safliya,Liquefied Natural Gas Carrier,Okpo,Hanwha Ocean Company Limited,362857,Live,Bahamas,44086,"LNG QatarMax, 200'+ cbm",121963,Double Hull,C6WF3,137535,2246,315.00,303.00,50.00,50.00,12.00,15.00,B&W Diesel A/S,Nassau,-,Qatar Gas Transport Company Limited (Nakilat) QPSC & Pronav Ship Management GmbH & Company KG,State of Qatar,Qatar Gas Transport Company Limited (Nakilat) QPSC & Pronav Ship Management GmbH & Company KG,State of Qatar,Nausola Schiffsbetriebsgesellschaft mbH & Company ts Britta KG,Germany,Qatar Liquefied Gas Company Limited,State of Qatar,-,-,9337963,308171000,27.00,2007,-,-,-,-,HSD Sjo AS,33100,22501,6S70ME-C,Assuranceforeningen Gard,Lloyds Register,-,-,2025-09-03T00:00:00,-,2022-10-29T00:00:00,-,2027-10-30T00:00:00,2027-10-30T00:00:00,Pronav Ship Management GmbH & Company KG,Germany,Pronav Ship Management GmbH & Company KG,Germany,NA WVB,Walvis Bay,A,03 Jun 2026 11:44:07 GMT,12 Jun 2026 12:00:00 GMT,Qatar Gas Transport Company Limited (Nakilat) QPSC & Pronav Ship Management GmbH & Company KG,State of Qatar,"4° 29' 47"" N","37° 48' 44"" W",1,2 days
Al Ruwais,Liquefied Natural Gas Carrier,Okpo,Hanwha Ocean Company Limited,362864,Live,Bahamas,44086,"LNG QatarMax, 200'+ cbm",121823,Double Hull,C6WF4,137535,2245,315.00,303.00,50.00,50.00,13.60,13.40,B&W Diesel A/S,Nassau,-,Qatar Gas Transport Company Limited (Nakilat) QPSC & Pronav Ship Management GmbH & Company KG,State of Qatar,Qatar Gas Transport Company Limited (Nakilat) QPSC & Pronav Ship Management GmbH & Company KG,State of Qatar,Neptana Schiffsbetriebsgesellschaft mbH & Company ts Alexandra KG,Germany,Qatar Liquefied Gas Company Limited,State of Qatar,-,-,9337951,309904000,27.00,2007,-,-,-,-,HSD Sjo AS,33100,22501,6S70ME-C,Assuranceforeningen Gard,Lloyds Register,-,-,2025-07-26T00:00:00,-,2022-09-08T00:00:00,-,2027-10-30T00:00:00,2027-10-30T00:00:00,Pronav Ship Management GmbH & Company KG,Germany,Pronav Ship Management GmbH & Company KG,Germany,QARLF,Ras Laffan,A,03 Jun 2026 11:40:30 GMT,01 Jul 2026 22:00:00 GMT,Qatar Gas Transport Company Limited (Nakilat) QPSC & Pronav Ship Management GmbH & Company KG,State of Qatar,"7° 0' 50"" S","53° 43' 4"" E",1,"1 day, 11 hours"
Grand Aniva,Liquefied Natural Gas Carrier,Nagasaki,Mitsubishi Heavy Industries Limited Shipbuilding,363028,Live,Cyprus,36671,"LNG VLGC, 100'-200'cbm",74127,Double Hull,5BAC2,122239,2230,288.00,277.00,49.28,49.00,11.37,15.43,Mitsubishi Heavy Industries Limited,Limassol,-,Nippon Yusen Kabushiki Kaisha (NYK Line) (Nippon Yusen Kaisha),Japan,Nippon Yusen Kabushiki Kaisha (NYK Line) (Nippon Yusen Kaisha),Japan,NYK LNG Shipping No.2 Limited,Cyprus,Sakhalin Energy Investment Company Limited,Russian Federation,-,-,9338955,212883000,26.80,2008,-,-,-,-,Mitsubishi Heavy Industries Limited Shipbuilding,23600,32087,MS36-2,Japan Shipowners Mutual Protection & Indemnity Association,DNV,-,-,-,-,2012-10-18T00:00:00,-,2028-01-03T00:00:00,2028-01-03T00:00:00,NYK LNG Shipmanagement Limited,Japan,NYK LNG Shipmanagement Limited,Japan,-,Prigorodnoye,A,03 Jun 2026 12:12:16 GMT,-,Nippon Yusen Kabushiki Kaisha (NYK Line) (Nippon Yusen Kaisha),Japan,"46° 22' 56"" N","142° 46' 15"" E",6,"7 days, 5 hours"
Grand Mereya,Liquefied Natural Gas Carrier,Ichihara,Mitsui Engineering & Shipbuilding Company Limited (Ichihara),363029,Live,Cyprus,36157,"LNG VLGC, 100'-200'cbm",74497,Double Hull,5BCP2,120525,1681,289.50,277.00,-,48.40,11.30,15.20,Mitsubishi Heavy Industries Limited,Limassol,-,Mitsui O.S.K. Lines Limited (MOL),Japan,Mitsui O.S.K. Lines Limited (MOL),Japan,Ice Gas LNG Shipping Company Limited,Cyprus,Sakhalin Energy LLC,Russian Federation,-,-,9338929,209856000,26.50,2008,-,Air Products AS,Unknown,Unknown,Mitsubishi Heavy Industries Limited Shipbuilding,23600,32087,MS40-2,Japan Shipowners Mutual Protection & Indemnity Association,-,Nippon Kaiji Kyokai,-,2023-07-14T00:00:00,-,2023-07-23T00:00:00,-,2028-10-19T00:00:00,2028-10-19T00:00:00,MOL LNG Transport Company Limited,Japan,MOL LNG Transport Company Limited,Japan,JP NGO S1,"Nagoya, Aichi",A,03 Jun 2026 12:15:48 GMT,04 Jun 2026 21:00:00 GMT,Mitsui O.S.K. Lines Limited (MOL),Japan,"33° 41' 52"" N","137° 43' 52"" E",12,"4 months, 4 days"
Sestao Knutsen,Liquefied Natural Gas Carrier,Cadiz,Navantia Carenas Cadiz,363636,Live,Spain,20840,"LNG VLGC, 100'-200'cbm",77204,Double Hull,ECBK,90478,331,284.38,271.00,-,42.50,12.30,13.10,Kawasaki Heavy Industries Limited (Tokyo),Santa Cruz,-,TS Shipping Invest AS,Norway,Knutsen OAS Shipping AS,Norway,Norspan LNG IV AS,Norway,-,-,-,-,9338797,225372000,25.40,2007,-,Alfa Laval Aalborg A/S,Unknown,Unknown,Kawasaki Heavy Industries Limited Shipbuilding Division,28388,38069,UA-400,Assuranceforeningen Skuld,Lloyds Register,-,-,2025-03-08T00:00:00,-,2022-09-10T00:00:00,-,2027-11-28T00:00:00,2027-11-28T00:00:00,Knutsen OAS Shipping AS,Norway,Knutsen OAS Shipping AS,Norway,FOR ORDERS,-,A,03 Jun 2026 11:41:54 GMT,09 Jun 2026 21:00:00 GMT,Knutsen OAS Shipping AS,Norway,"26° 48' 53"" N","164° 23' 39"" E",1,"1 day, 3 hours"
LNGT Karadeniz,Liquefied Natural Gas Carrier,Nagasaki,Mitsubishi Heavy Industries Limited Shipbuilding,365667,Live,Liberia,36708,"LNG VLGC, 100'-200'cbm",80229,Double Hull,5LVS9,122361,2219,288.00,274.00,49.00,49.00,11.27,15.53,Mitsubishi Heavy Industries Limited,Monrovia,-,Karadeniz Holding A.S.,Turkiye,Karadeniz Holding A.S.,Turkiye,Khan 3 Maritime Limited,Isle of Man,Karmarine Karadeniz Denizcilik ve Ticaret A.S.,Turkiye,-,-,9343106,636025087,26.80,2008,-,Air Products AS,Unknown,Unknown,Mitsubishi Heavy Industries Limited Shipbuilding,22930,36573,MS32-2,Assuranceforeningen Skuld,Lloyds Register,-,-,2023-04-29T00:00:00,-,2023-04-29T00:00:00,-,2028-03-30T00:00:00,2028-03-30T00:00:00,Synergy Maritime Private Limited,India,Synergy Maritime Private Limited,India,-,-,A,03 Jun 2026 09:14:22 GMT,-,Karadeniz Holding A.S.,Turkiye,"58° 16' 27"" N","11° 26' 59"" E",1,"1 day, 4 hours"
Tangguh Foja,Liquefied Natural Gas Carrier,Goeje Is.,Samsung Shipbuilding & Heavy Industries Company Limited,366683,Live,Panama,30877,"LNG VLGC, 100'-200'cbm",82338,Double Hull,3ERT7,97897,1619,285.10,274.00,43.40,43.40,11.50,13.91,Unknown Engine Designer,Panama,-,Kawasaki Kisen Kaisha Limited (Kawasaki Kisen KK) ('K' Line),Japan,'K' Line Energy Shipping (UK) Limited,United Kingdom,Ocean 1919 Shipping No. 1 S.A.,Panama,-,-,-,-,9349007,370168000,26.00,2008,-,-,-,-,Wartsila Deutschland GmbH,11461,15370,UA-400,Japan Shipowners Mutual Protection & Indemnity Association,American Bureau,-,-,2018-11-17T00:00:00,2015-11-12T00:00:00,2018-11-17T00:00:00,2018-11-17T00:00:00,2028-11-24T00:00:00,2028-11-24T00:00:00,K Marine Ship Management Private Limited,Republic of Singapore,K Marine Ship Management Private Limited,Republic of Singapore,KR KAN,Gwangyang,A,03 Jun 2026 12:04:02 GMT,06 Jun 2026 21:00:00 GMT,'K' Line Energy Shipping (UK) Limited,United Kingdom,"23° 12' 27"" N","126° 39' 53"" E",7,"7 days, 1 hour"
Trinity Glory,Liquefied Natural Gas Carrier,Mihara,Koyo Dockyard Company Limited - Now Imabari Shipbuilding Company Limited (Hiroshima) which see.,367385,Live,Panama,30337,"LNG VLGC, 100'-200'cbm",79605,Double Hull,3FMV6,101126,2260,289.93,276.00,44.70,44.70,12.07,13.93,Kawasaki Heavy Industries Limited (Tokyo),Panama,-,"Mitsui & Company Limited, Shoei Kisen Kaisha Limited & Kawasaki Kisen K.K.",United Kingdom,"Mitsui & Company Limited, Shoei Kisen Kaisha Limited & Kawasaki Kisen K.K.",United Kingdom,"Cypress Maritime (Panama) S.A., Los Halillos Shipping Company S.A. & Luster Maritime S.A.",Panama,-,-,-,-,9350927,370668000,26.00,2009,-,Alfa Laval Aalborg A/S,Unknown,Unknown,Kawasaki Heavy Industries Limited Shipbuilding Division,29420,40000,UA-400,West of England Mutual Shipowners Protection & Indemnity Association (Luxemburg),Lloyds Register,-,-,2024-04-04T00:00:00,-,2024-04-04T00:00:00,-,2029-03-17T00:00:00,2029-03-17T00:00:00,Pronav Ship Management GmbH & Company KG,Germany,Pronav Ship Management GmbH & Company KG,Germany,MY SPT,-,A,25 May 2026 07:55:43 GMT,10 Aug 2026 22:00:00 GMT,"Mitsui & Company Limited, Shoei Kisen Kaisha Limited & Kawasaki Kisen K.K.",United Kingdom,"5° 7' 55"" N","115° 25' 3"" E",2,"3 hours, 40 minutes"
Sun Arrows,Liquefied Natural Gas Carrier,Sakaide,Kawasaki Heavy Industries Limited Shipbuilding Division,367516,Live,Bahamas,6186,"LNG, -100'cbm",11142,Double Hull,C6WM7,20620,1593,151.00,140.00,-,28.00,7.63,8.37,B&W Diesel A/S,Nassau,-,Mitsui O.S.K. Lines Limited (MOL),Japan,Mitsui O.S.K. Lines Limited (MOL),Japan,Maple LNG Transport Incorporated,Panama,-,-,-,-,9349942,309296000,16.00,2007,-,-,-,-,Kawasaki Heavy Industries Limited Shipbuilding Division,8830,13900,5S60MC,Japan Shipowners Mutual Protection & Indemnity Association,Nippon Kaiji Kyokai,-,-,2019-08-20T00:00:00,-,2017-08-09T00:00:00,-,2027-11-08T00:00:00,2027-11-08T00:00:00,MOL LNG Transport Company Limited,Japan,MOL LNG Transport Company Limited,Japan,-,Singapore East Anchorage,A,03 Jun 2026 12:03:51 GMT,-,Mitsui O.S.K. Lines Limited (MOL),Japan,"2° 24' 26"" N","104° 58' 14"" E",1,"1 day, 4 hours"
Pacific Enlighten,Liquefied Natural Gas Carrier,Nagasaki,Mitsubishi Heavy Industries Limited Shipbuilding,367888,Live,Bahamas,36708,"LNG VLGC, 100'-200'cbm",80023,Double Hull,C6WE9,122361,2236,288.00,274.00,-,49.00,11.27,15.53,Mitsubishi Heavy Industries Limited,Nassau,-,Tokyo Electric Power Company Limited & Kyushu Electric Power Company Limited,Japan,Tokyo Electric Power Company Limited & Kyushu Electric Power Company Limited,Japan,Pacific Hope Shipping Limited,Bahamas,LNG Marine Transport Limited,Japan,-,-,9351971,308078000,26.80,2009,-,Air Products AS,Unknown,Unknown,Mitsubishi Heavy Industries Limited Shipbuilding,22930,31176,MS32-2,U.K. Mutual Steam Ship Assurance Association (Bermuda) Ltd,Lloyds Register,-,-,2024-04-27T00:00:00,-,2024-04-05T00:00:00,-,2029-03-30T00:00:00,2029-03-30T00:00:00,NYK LNG Shipmanagement Limited,Japan,Tokyo Electric Power Company Limited & Kyushu Electric Power Company Limited,Japan,AU ASB,Ashburton,A,03 Jun 2026 12:01:07 GMT,21 Jun 2026 07:05:00 GMT,Tokyo Electric Power Company Limited & Kyushu Electric Power Company Limited,Japan,"30° 52' 52"" N","127° 15' 13"" E",4,"7 hours, 36 minutes"
Energy Navigator,Liquefied Natural Gas Carrier,Sakaide,Kawasaki Heavy Industries Limited Shipbuilding Division,369935,Live,Japan,35652,"LNG VLGC, 100'-200'cbm",79746,Double Hull,7JCK,118842,1600,289.53,277.00,-,49.00,11.63,15.37,Kawasaki Heavy Industries Limited (Tokyo),Tokyo,-,Tokyo Gas Company Limited,Japan,Tokyo Gas Company Limited,Japan,Tokyo LNG Tanker Company Limited,Japan,-,-,-,-,9355264,432634000,27.00,2008,-,-,-,-,Kawasaki Heavy Industries Limited Shipbuilding Division,26900,36574,UA-400,Japan Shipowners Mutual Protection & Indemnity Association,Nippon Kaiji Kyokai,-,-,2018-04-24T00:00:00,-,2016-05-26T00:00:00,-,-,-,MOL LNG Transport Company Limited,Japan,MOL LNG Transport Company Limited,Japan,KR INC,Incheon,A,03 Jun 2026 12:14:44 GMT,13 Jun 2026 00:30:00 GMT,Tokyo Gas Company Limited,Japan,"9° 45' 16"" S","123° 2' 10"" E",5,"7 days, 16 hours"
Murwab,Liquefied Natural Gas Carrier,Okpo,Hanwha Ocean Company Limited,372259,Live,Marshall Islands,44082,"LNG QatarMax, 200'+ cbm",121843,Double Hull,V7OJ4,136685,2251,315.00,303.00,50.04,50.00,12.00,15.00,B&W Diesel A/S,Majuro,-,Qatar Gas Transport Company (Nakilat) QPSC and J5 Consortium,State of Qatar,Qatar Gas Transport Company (Nakilat) QPSC and J5 Consortium,State of Qatar,J5 Nakilat No.4 Limited,Marshall Islands,RasGas Company Limited (RASGAS),State of Qatar,-,-,9360805,538003100,27.04,2008,-,-,-,-,HSD Engine Company Limited,16589,22501,6S70ME-C,U.K. Mutual Steam Ship Assurance Association (Bermuda) Ltd,American Bureau,-,-,2020-07-30T00:00:00,2020-07-30T00:00:00,2018-05-20T00:00:00,2017-11-27T00:00:00,2028-06-29T00:00:00,2028-06-29T00:00:00,MOL Global Ship Management Private Limited,Republic of Singapore,MOL Global Ship Management Private Limited,Republic of Singapore,QARLF,-,A,03 Jun 2026 12:10:52 GMT,10 Jun 2026 00:01:00 GMT,Qatar Gas Transport Company (Nakilat) QPSC and J5 Consortium,State of Qatar,"22° 11' 55"" N","68° 34' 6"" E",1,"1 day, 15 hours"
Spirit Of Hela,Liquefied Natural Gas Carrier,Incheon,HD Hyundai Samho Company Limited,372405,Live,Bahamas,34283,"LNG VLGC, 100'-200'cbm",87130,Double Hull,C6XM2,114277,324,298.43,285.00,-,46.00,13.00,13.80,Wartsila Corporation,Nassau,-,Mitsui O.S.K. Lines Limited (MOL),Japan,Mitsui O.S.K. Lines Limited (MOL),Japan,Nefertiti LNG Shipping Company Limited,Marshall Islands,-,-,-,-,9361639,311013700,26.80,2010,-,-,-,-,Wartsila Corporation,14520,19728,50DF,U.K. Mutual Steam Ship Assurance Association (Bermuda) Ltd,Bureau Veritas,-,-,2025-12-03T00:00:00,2024-02-04T00:00:00,2025-12-01T00:00:00,2025-12-03T00:00:00,2030-11-04T00:00:00,2030-11-04T00:00:00,MOL Global Ship Management Private Limited,Republic of Singapore,MOL Global Ship Management Private Limited,Republic of Singapore,PG POM,Port Moresby,A,03 Jun 2026 12:07:28 GMT,08 Jun 2026 07:00:00 GMT,Mitsui O.S.K. Lines Limited (MOL),Japan,"0° 40' 26"" S","145° 2' 6"" E",1,"1 day, 5 hours"
Al Khuwair,Liquefied Natural Gas Carrier,Goeje Is.,Samsung Shipbuilding & Heavy Industries Company Limited,372675,Live,Bahamas,45397,"LNG QatarMax, 200'+ cbm",116337,Double Hull,C6VM6,135848,1646,315.06,302.00,50.03,50.00,12.00,15.00,B&W Diesel A/S,Nassau,-,Qatar Gas Transport Company Limited (Nakilat) QPSC (60%) & Teekay Corporation (40%),State of Qatar,Qatar Gas Transport Company Limited (Nakilat) QPSC (60%) & Teekay Corporation (40%),State of Qatar,Al Khuwair Incorporated,Bermuda,RasGas Company Limited (RASGAS),State of Qatar,-,-,9360908,311000140,27.04,2008,-,-,-,-,Doosan Engine Company Limited,16692,90600,6S70ME-C,NorthStandard,American Bureau,-,-,2020-01-31T00:00:00,2020-08-30T00:00:00,2017-06-18T00:00:00,2017-03-25T00:00:00,2027-06-17T00:00:00,2027-06-17T00:00:00,Seapeak Maritime (Glasgow) Limited,United Kingdom,Seapeak Maritime (Glasgow) Limited,United Kingdom,QARLF,Ras Laffan,A,02 Jun 2026 18:20:07 GMT,31 May 2026 14:00:00 GMT,Qatar Gas Transport Company Limited (Nakilat) QPSC (60%) & Teekay Corporation (40%),State of Qatar,"24° 38' 9"" N","57° 29' 53"" E",3,"1 day, 9 hours"
Woodside Donaldson,Liquefied Natural Gas Carrier,Goeje Is.,Samsung Shipbuilding & Heavy Industries Company Limited,374691,Live,Singapore,32537,"LNG VLGC, 100'-200'cbm",82085,Double Hull,9V8262,104169,1632,285.00,275.00,-,43.40,12.12,14.48,Wartsila Corporation,Singapore,-,Malt LNG Netherlands Holdings BV,Netherlands,Malt Singapore Private Limited,Republic of Singapore,Malt Singapore Private Limited,Republic of Singapore,Seapeak LLC,Marshall Islands,-,-,9369899,564629000,26.60,2009,-,-,-,-,Wartsila SACM,11305,15370,12V50DF,NorthStandard,Bureau Veritas,-,-,2024-04-18T00:00:00,2026-04-15T00:00:00,2024-04-01T00:00:00,2024-04-18T00:00:00,2029-04-27T00:00:00,2029-04-27T00:00:00,Seapeak Maritime Limited,Bermuda,Seapeak Maritime Limited,Bermuda,CNYPG,Yangpu Port,A,03 Jun 2026 12:08:57 GMT,05 Jun 2026 00:01:00 GMT,Malt Singapore Private Limited,Republic of Singapore,"16° 33' 26"" N","110° 26' 56"" E",4,"5 days, 13 hours"
Cygnus Passage,Liquefied Natural Gas Carrier,Nagasaki,Mitsubishi Heavy Industries Limited Shipbuilding,385378,Live,Bahamas,36733,"LNG VLGC, 100'-200'cbm",79555,Double Hull,C6WB7,122444,2235,288.09,274.00,-,49.00,11.27,15.53,Mitsubishi Heavy Industries Limited,Nassau,-,Nippon Yusen Kabushiki Kaisha (NYK Line) (Nippon Yusen Kaisha),Japan,NYK LNG Shipmanagement (UK) Limited,United Kingdom,Cygnus LNG Shipping S.A.,Panama,-,-,-,-,9376294,309739000,26.80,2009,-,Air Products AS,Unknown,Unknown,Mitsubishi Heavy Industries Limited Shipbuilding,22930,31176,MS32-2,Assuranceforeningen Gard,Lloyds Register,-,-,2023-08-07T00:00:00,-,2023-08-07T00:00:00,-,2028-09-16T00:00:00,2028-09-16T00:00:00,NYK LNG Shipmanagement Limited,Japan,NYK LNG Shipmanagement (UK) Limited,United Kingdom,RU PGN,Prigorodnoye,A,03 Jun 2026 12:11:43 GMT,11 Jun 2026 19:00:00 GMT,NYK LNG Shipmanagement (UK) Limited,United Kingdom,"39° 34' 50"" N","134° 59' 18"" E",16,"14 days, 18 hours"
Amali,Liquefied Natural Gas Carrier,Okpo,Hanwha Ocean Company Limited,3972829,Live,Brunei,29547,"LNG VLGC, 100'-200'cbm",72800,Double Hull,V8V3103,98490,2277,284.20,273.20,-,43.40,12.50,13.50,ABB Azipod Oy,Muara,-,Brunei Gas Carriers Sendirian Berhad (BGC),Brunei Darussalam,Brunei Gas Carriers Sendirian Berhad (BGC),Brunei Darussalam,BGC SPV NBD Sendirian Berhad,Brunei Darussalam,-,-,-,-,9496317,508111132,26.00,2011,-,-,-,-,ABB OY,11670,15856,AMZ 1120LT08 LSF,U.K. Mutual Steam Ship Assurance Association (Bermuda) Ltd,Bureau Veritas,-,-,2022-06-03T00:00:00,2025-06-01T00:00:00,2022-06-01T00:00:00,2022-06-03T00:00:00,2027-05-23T00:00:00,2027-05-23T00:00:00,Brunei Gas Carriers Sendirian Berhad (BGC),Brunei Darussalam,Brunei Gas Carriers Sendirian Berhad (BGC),Brunei Darussalam,BN LUM,Lumut,A,03 Jun 2026 12:06:29 GMT,04 Jun 2026 22:30:00 GMT,Brunei Gas Carriers Sendirian Berhad (BGC),Brunei Darussalam,"4° 5' 25"" N","112° 39' 7"" E",3,"3 days, 18 hours"
Arkat,Liquefied Natural Gas Carrier,Okpo,Hanwha Ocean Company Limited,3973327,Live,Brunei,29547,"LNG VLGC, 100'-200'cbm",72800,Double Hull,V8V3101,98490,2273,284.20,273.20,-,43.40,12.50,13.50,ABB Azipod Oy,Muara,-,Brunei Gas Carriers Sendirian Berhad (BGC),Brunei Darussalam,Brunei Gas Carriers Sendirian Berhad (BGC),Brunei Darussalam,BGC SPV NBD Sendirian Berhad,Brunei Darussalam,-,-,-,-,9496305,508111131,26.00,2011,-,-,-,-,ABB OY,11670,15856,AMZ 1120LT08 LSF,British Marine (QBE Insurance Group Limited),Bureau Veritas,-,-,2025-06-16T00:00:00,2023-07-03T00:00:00,2025-06-01T00:00:00,2025-06-16T00:00:00,2030-08-16T00:00:00,2030-08-16T00:00:00,Brunei Gas Carriers Sendirian Berhad (BGC),Brunei Darussalam,Brunei Gas Carriers Sendirian Berhad (BGC),Brunei Darussalam,SCS,-,A,03 Jun 2026 10:36:19 GMT,07 Jun 2026 00:01:00 GMT,Brunei Gas Carriers Sendirian Berhad (BGC),Brunei Darussalam,"6° 49' 43"" N","115° 10' 13"" E",4,"5 days, 1 hour"
Al Kharaitiyat,Liquefied Natural Gas Carrier,Ulsan,HD Hyundai Heavy Industries Company Limited,459142,Live,Marshall Islands,42016,"LNG QatarMax, 200'+ cbm",113845,Double Hull,V7QF8,136168,1909,315.16,303.00,50.00,50.00,12.52,14.48,B&W Diesel A/S,Majuro,-,Qatar Gas Transport Company Limited (Nakilat) QPSC,State of Qatar,Qatar Gas Transport Company Limited (Nakilat) QPSC,State of Qatar,Nakilat HHI 1909 LLC,State of Qatar,Qatar Liquefied Gas Company Limited,State of Qatar,-,-,9397327,538003352,27.00,2009,-,-,-,-,HD Hyundai Heavy Industries Company Limited,37320,21564,6S70ME-C,NorthStandard,DNV,-,-,-,-,2019-04-02T00:00:00,-,2029-06-30T00:00:00,2029-06-30T00:00:00,Nakilat Shipping (Qatar) Limited  (NSQL),State of Qatar,Nakilat Shipping (Qatar) Limited  (NSQL),State of Qatar,QATAR,Qantara,A,03 Jun 2026 11:17:48 GMT,11 Jul 2026 04:04:00 GMT,Qatar Gas Transport Company Limited (Nakilat) QPSC,State of Qatar,"5° 29' 24"" N","86° 48' 18"" E",4,"7 days, 19 hours"
Al Ghashamiya,Liquefied Natural Gas Carrier,Goeje Is.,Samsung Shipbuilding & Heavy Industries Company Limited,461386,Live,Marshall Islands,45397,"LNG QatarMax, 200'+ cbm",115771,Double Hull,V7QF9,135423,1696,315.06,304.28,50.03,50.00,12.00,15.04,B&W Diesel A/S,Majuro,-,Qatar Gas Transport Company Limited (Nakilat) QPSC,State of Qatar,Qatar Gas Transport Company Limited (Nakilat) QPSC,State of Qatar,Nakilat S.H.I. 1696 LLC,State of Qatar,Qatar Liquefied Gas Company Limited,State of Qatar,-,-,9397286,538003353,27.04,2009,-,-,-,-,HSD Engine Company Limited,16692,22384,6S70ME-C,NorthStandard,American Bureau,-,-,2019-05-06T00:00:00,2017-05-15T00:00:00,2019-05-06T00:00:00,2019-05-06T00:00:00,2029-04-28T00:00:00,2029-04-28T00:00:00,Nakilat Shipping (Qatar) Limited  (NSQL),State of Qatar,Nakilat Shipping (Qatar) Limited  (NSQL),State of Qatar,-,-,A,03 Jun 2026 11:18:17 GMT,-,Qatar Gas Transport Company Limited (Nakilat) QPSC,State of Qatar,"25° 52' 17"" N","51° 46' 35"" E",2,"3 days, 4 hours"
Energy Confidence,Liquefied Natural Gas Carrier,Sakaide,Kawasaki Heavy Industries Limited Shipbuilding Division,574988,Live,Japan,36423,"LNG VLGC, 100'-200'cbm",75891,Double Hull,7JDQ,121413,1611,289.53,277.00,-,49.00,11.89,15.11,Kawasaki Heavy Industries Limited (Tokyo),Tokyo,-,Tokyo Gas Company Limited,Japan,Tokyo Gas Company Limited,Japan,Tokyo LNG Tanker Company Limited & Nippon Yusen Kaisha,Japan,Nippon Yusen Kabushiki Kaisha (NYK Line) (Nippon Yusen Kaisha),Japan,-,-,9405588,432694000,27.00,2009,-,-,-,-,Kawasaki Heavy Industries Limited (Tokyo),27600,37012,UA-400,Japan Shipowners Mutual Protection & Indemnity Association,Nippon Kaiji Kyokai,-,-,2019-04-26T00:00:00,-,2019-04-26T00:00:00,-,2029-04-28T00:00:00,2029-04-28T00:00:00,NYK LNG Shipmanagement Limited,Japan,NYK LNG Shipmanagement Limited,Japan,JP CHB>AU BWB,Barrow Island,A,03 Jun 2026 12:12:16 GMT,10 Jun 2026 23:00:00 GMT,Tokyo Gas Company Limited,Japan,"16° 50' 23"" N","132° 32' 43"" E",4,"7 days, 20 hours"
LNG Jupiter,Liquefied Natural Gas Carrier,Sakaide,Kawasaki Heavy Industries Limited Shipbuilding Division,580188,Live,Bahamas,36503,"LNG VLGC, 100'-200'cbm",81950,Double Hull,C6XQ5,121675,1592,289.50,277.00,-,49.00,12.42,14.58,Kawasaki Heavy Industries Limited (Tokyo),Nassau,-,Nippon Yusen Kabushiki Kaisha (NYK Line) (Nippon Yusen Kaisha),Japan,Nippon Yusen Kabushiki Kaisha (NYK Line) (Nippon Yusen Kaisha),Japan,OJV Cayman 5 Limited,Cayman Islands,-,-,-,-,9341689,311019200,27.00,2009,-,-,-,-,Kawasaki Heavy Industries Limited (Tokyo),27600,13720,UA-400,U.K. Mutual Steam Ship Assurance Association (Bermuda) Ltd,Nippon Kaiji Kyokai,-,-,2019-05-09T00:00:00,-,2019-05-09T00:00:00,-,2029-06-30T00:00:00,2029-06-30T00:00:00,NYK LNG Shipmanagement Limited,Japan,NYK LNG Shipmanagement Limited,Japan,JP SMZ,Shimizu,A,03 Jun 2026 11:52:16 GMT,09 Jun 2026 07:05:00 GMT,Nippon Yusen Kabushiki Kaisha (NYK Line) (Nippon Yusen Kaisha),Japan,"13° 0' 30"" N","149° 4' 0"" E",4,"5 days, 1 hour"
Methane Julia Louise,Liquefied Natural Gas Carrier,Goeje Is.,Samsung Shipbuilding & Heavy Industries Company Limited,625041,Live,Bermuda,32701,"LNG VLGC, 100'-200'cbm",86125,Double Hull,ZCEB2,109004,1745,290.00,279.00,45.00,45.00,11.50,14.50,Wartsila Corporation,Hamilton,-,Nissen Kaiun Company Limited (Nissen Kaiun KK),Japan,Nissen Kaiun Company Limited (Nissen Kaiun KK),Japan,Southern Route Maritime S.A.,Panama,-,-,-,-,9412880,310584000,26.00,2010,-,-,-,-,Wartsila SACM,9690,13175,12V50DF,"Britannia Steam Ship Insurance Association Ltd., The",American Bureau,-,-,2020-04-15T00:00:00,2018-02-26T00:00:00,2020-04-15T00:00:00,2020-04-15T00:00:00,2030-04-18T00:00:00,2030-04-18T00:00:00,-,-,Nissen Kaiun Company Limited (Nissen Kaiun KK),Japan,FOR ORDERS,-,A,03 Jun 2026 12:08:40 GMT,07 Jun 2026 23:00:00 GMT,Nissen Kaiun Company Limited (Nissen Kaiun KK),Japan,"41° 49' 12"" N","30° 50' 24"" W",1,"1 day, 8 hours"
Methane Mickie Harper,Liquefied Natural Gas Carrier,Goeje Is.,Samsung Shipbuilding & Heavy Industries Company Limited,7288213,Live,Panama,32701,"LNG VLGC, 100'-200'cbm",86170,Double Hull,3EYM2,109004,1859,291.07,279.00,45.04,45.00,11.50,14.50,Wartsila Corporation,Panama,-,Tohmei Shipping Company Limited,Japan,Meiji Shipping Private Limited,Republic of Singapore,Meiji Shipping BV,Netherlands,-,-,-,-,9520376,352346000,26.00,2010,-,-,-,-,Wartsila SACM,11400,15288,12V50DF,U.K. Mutual Steam Ship Assurance Association (Bermuda) Ltd,American Bureau,-,-,2018-10-27T00:00:00,2018-10-27T00:00:00,2015-12-23T00:00:00,-,2030-12-15T00:00:00,2030-12-15T00:00:00,MMS Company Limited,Japan,MMS Company Limited,Japan,VNPHU,Phu My,A,03 Jun 2026 11:59:02 GMT,06 Jun 2026 20:00:00 GMT,Meiji Shipping Private Limited,Republic of Singapore,"18° 15' 42"" N","118° 7' 17"" E",3,"1 day, 8 hours"
Al Khattiya,Liquefied Natural Gas Carrier,Okpo,Hanwha Ocean Company Limited,741808,Live,Marshall Islands,45524,"LNG QatarMax, 200'+ cbm",121946,Double Hull,V7QF6,136980,2283,315.00,303.00,50.00,50.00,13.60,13.40,B&W Diesel A/S,Majuro,-,Qatar Gas Transport Company Limited (Nakilat) QPSC,State of Qatar,Qatar Gas Transport Company Limited (Nakilat) QPSC,State of Qatar,Nakilat DSME 2283 LLC,State of Qatar,Qatar Liquefied Gas Company Limited,State of Qatar,-,-,9431111,538003350,27.00,2009,-,-,-,-,HSD Engine Company Limited,33178,44492,6S70ME-C,NorthStandard,Lloyds Register,-,-,2024-08-16T00:00:00,-,2024-08-31T00:00:00,-,2029-10-14T00:00:00,2029-10-14T00:00:00,Shell International Trading & Shipping Company Limited (STASCO),United Kingdom,Shell International Trading & Shipping Company Limited (STASCO),United Kingdom,FOR ORDERS,-,A,03 Jun 2026 12:10:51 GMT,01 Jun 2026 00:00:00 GMT,Qatar Gas Transport Company Limited (Nakilat) QPSC,State of Qatar,"19° 3' 50"" N","72° 32' 56"" E",1,2 days
Methane Patricia Camila,Liquefied Natural Gas Carrier,Goeje Is.,Samsung Shipbuilding & Heavy Industries Company Limited,749564,Live,Panama,32701,"LNG VLGC, 100'-200'cbm",86272,Double Hull,3EGL9,109004,1746,291.07,279.00,45.04,45.00,11.50,14.50,Wartsila Corporation,Panama,-,Tohmei Shipping Company Limited,Japan,Meiji Shipping Private Limited,Republic of Singapore,Meiji Shipping BV,Netherlands,Shell International Trading & Shipping Company Limited (STASCO),United Kingdom,-,-,9425277,356421000,26.00,2010,-,-,-,-,Wartsila SACM,12700,13175,12V50DF,U.K. Mutual Steam Ship Assurance Association (Bermuda) Ltd,American Bureau,-,-,2018-05-25T00:00:00,2018-08-30T00:00:00,2015-10-21T00:00:00,-,2030-10-28T00:00:00,2030-10-28T00:00:00,MMS Company Limited,Japan,MMS Company Limited,Japan,AUGLT,Gladstone,A,03 Jun 2026 12:03:38 GMT,09 Jun 2026 14:01:00 GMT,Meiji Shipping Private Limited,Republic of Singapore,"3° 23' 19"" S","146° 18' 51"" E",1,"1 day, 8 hours"
Methane Becki Anne,Liquefied Natural Gas Carrier,Goeje Is.,Samsung Shipbuilding & Heavy Industries Company Limited,8698755,Live,Bermuda,32701,"LNG VLGC, 100'-200'cbm",86269,Double Hull,ZCEC2,109004,1858,291.07,279.00,45.00,45.00,11.50,14.50,Wartsila Corporation,Hamilton,-,GasLog Limited,Greece,GasLog Limited,Greece,Gas-Twenty Seven Limited,Greece,BG Group PLC,United Kingdom,-,-,9516129,310597000,26.00,2010,-,-,-,-,Wartsila SACM,11400,15288,12V50DF,"Britannia Steam Ship Insurance Association Ltd., The",American Bureau,-,-,2018-06-09T00:00:00,2018-08-07T00:00:00,2015-08-28T00:00:00,-,2030-09-13T00:00:00,2030-09-13T00:00:00,Gaslog LNG Services Limited,Greece,Gaslog LNG Services Limited,Greece,NGBON,Bonny,A,03 Jun 2026 12:11:51 GMT,11 Jun 2026 05:00:00 GMT,GasLog Limited,Greece,"29° 3' 29"" S","15° 24' 12"" E",1,"1 day, 4 hours"
Khaza,Liquefied Natural Gas Carrier,Ichihara,Mitsui Engineering & Shipbuilding Company Limited (Ichihara),254446,Dead,St. Kitts-Nevis,33269,"LNG VLGC, 100'-200'cbm",71543,Double Hull,-,110895,1390,293.00,280.00,45.84,45.75,11.27,10.48,Kawasaki Heavy Industries Limited (Tokyo),-,-,-,-,-,-,-,-,-,-,-,-,9038440,-,21.75,1994,-,-,-,-,Kawasaki Shipbuilding Corporation,14565,39200,UA-400,NorthStandard,-,-,-,-,-,2016-05-10T00:00:00,-,-,-,-,-,-,-,BHAVNAGAR,-,A,08 Sep 2025 23:39:19 GMT,07 Sep 2025 09:09:00 GMT,Abu Dhabi Marine,-,"21° 25' 22"" N","72° 12' 52"" E",11,"8 days, 11 hours"
Lima,Liquefied Natural Gas Carrier,St. Nazaire,Chantiers de l'Atlantique,261365,Dead,Liberia,25861,"LNG VLGC, 100'-200'cbm",73519,Double Hull,-,86205,F30,274.00,260.56,43.30,43.30,12.00,13.40,Kawasaki Heavy Industries Limited (Tokyo),Monrovia,-,-,-,-,-,-,-,-,-,-,-,9030814,-,25.40,1993,-,Unknown Scrubber Manufacturer,Unknown,Unknown,Kawasaki Shipbuilding Corporation,27088,36326,UA-360,West of England Mutual Shipowners Protection & Indemnity Association (Luxemburg),-,-,-,2022-11-09T00:00:00,-,2020-10-31T00:00:00,-,-,-,-,-,-,-,-,-,A,09 Mar 2026 02:54:57 GMT,-,Raoul S.,-,"22° 23' 55"" N","91° 44' 25"" E",9,"21 days, 11 hours"
Shaan,Liquefied Natural Gas Carrier,Ichihara,Mitsui Engineering & Shipbuilding Company Limited (Ichihara),268549,Dead,St. Kitts-Nevis,33269,"LNG VLGC, 100'-200'cbm",71593,Double Hull,-,110895,1392,293.00,280.00,45.84,45.77,11.27,10.49,Kawasaki Heavy Industries Limited (Tokyo),-,-,Indian Breakers,India,Indian Breakers,India,Indian Breakers,India,-,-,-,-,9038452,-,21.76,1995,-,-,-,-,Kawasaki Shipbuilding Corporation,29569,35116,UA-400,NorthStandard,-,-,-,-,-,2016-06-08T00:00:00,-,-,-,-,-,Indian Breakers,India,SG SIN>IN BHU,-,A,10 Sep 2025 11:33:27 GMT,07 Sep 2025 10:10:00 GMT,Indian Breakers,India,"21° 23' 8"" N","72° 11' 23"" E",1,"1 day, 6 hours"
Nila,Liquefied Natural Gas Carrier,St. Nazaire,Chantiers de l'Atlantique,268667,Dead,Liberia,25863,"LNG VLGC, 100'-200'cbm",73519,Double Hull,-,86211,G30,274.00,260.56,43.30,43.30,12.00,9.49,Kawasaki Heavy Industries Limited (Tokyo),Monrovia,-,-,-,-,-,-,-,-,-,-,-,9030826,-,21.49,1995,-,Unknown Scrubber Manufacturer,Unknown,Unknown,Kawasaki Shipbuilding Corporation,27088,36326,UA-360,West of England Mutual Shipowners Protection & Indemnity Association (Luxemburg),-,-,-,2023-06-20T00:00:00,-,2020-12-29T00:00:00,-,-,-,-,-,-,-,BEACHEDCHATTOGRAM,-,A,21 Feb 2026 09:50:27 GMT,16 Feb 2026 18:00:00 GMT,Natehk Shipping,-,"22° 30' 31"" N","91° 41' 30"" E",2,"3 hours, 50 minutes"
LNG Jamal,Liquefied Natural Gas Carrier,Nagasaki,Mitsubishi Heavy Industries Limited Shipbuilding,288607,Dead,Japan,33627,"LNG VLGC, 100'-200'cbm",72692,Double Hull,-,112090,2157,290.00,276.00,46.00,46.00,11.31,14.19,Mitsubishi Heavy Industries Limited,Osaka,-,-,-,-,-,-,-,-,-,-,-,9200316,-,25.50,2000,-,-,-,-,Mitsubishi Heavy Industries Limited,26800,36438,MS40-2,-,-,-,-,2021-01-15T00:00:00,-,2021-01-15T00:00:00,-,-,-,-,-,-,-,ALANG,-,A,17 Oct 2025 08:20:55 GMT,16 Oct 2025 16:30:00 GMT,NYK LNG S.,-,"21° 24' 53"" N","72° 12' 26"" E",1,"1 day, 5 hours"
Ukhan,Liquefied Natural Gas Carrier,Ichihara,Mitsui Engineering & Shipbuilding Company Limited (Ichihara),336283,Dead,St. Kitts-Nevis,33349,"LNG VLGC, 100'-200'cbm",72533,Double Hull,-,111162,1561,297.50,283.00,-,45.75,11.25,14.25,Mitsubishi Heavy Industries Limited,-,-,-,-,-,-,-,-,-,-,-,-,9265500,-,25.50,2004,-,Alfa Laval Aalborg A/S,Unknown,Unknown,Mitsubishi Heavy Industries Limited Shipbuilding,26800,36437,MS40-2,-,-,-,-,-,-,2015-01-25T00:00:00,-,-,-,-,-,-,-,INBHU,-,A,17 Jun 2025 14:44:11 GMT,16 Jun 2025 14:00:00 GMT,Ocean Exim,-,"21° 23' 15"" N","72° 10' 39"" E",7,"4 days, 6 hours"
Asia Excellence,Liquefied Natural Gas Carrier,Goeje Is.,Samsung Shipbuilding & Heavy Industries Company Limited,10688577,Live,Bahamas,32639,"LNG VLGC, 100'-200'cbm",82721,Double Hull,C6AX5,101427,1941,285.00,274.00,-,43.40,11.50,14.90,Wartsila Corporation,Nassau,-,Chevron Corporation,United States of America,Chevron Transport Corporation Limited,United States of America,Chevron Transport Corporation Limited,United States of America,-,-,-,-,9610767,311000184,26.40,2015,-,-,-,-,-,-,-,12V50DF,NorthStandard,American Bureau,-,-,2020-01-30T00:00:00,-,2020-01-30T00:00:00,2020-01-30T00:00:00,2030-01-19T00:00:00,2030-01-19T00:00:00,Chevron Transport Corporation Limited,United States of America,Chevron Transport Corporation Limited,United States of America,JP SDU,"Sendai, Miyagi",A,03 Jun 2026 11:46:44 GMT,06 Jun 2026 03:30:00 GMT,Chevron Transport Corporation Limited,United States of America,"30° 14' 25"" N","137° 55' 39"" E",1,"1 day, 7 hours"
Kool Husky,Liquefied Natural Gas Carrier,Goeje Is.,Samsung Shipbuilding & Heavy Industries Company Limited,10997554,Live,Marshall Islands,30763,"LNG VLGC, 100'-200'cbm",81519,Double Hull,V7AF4,102544,2027,280.50,269.00,43.42,43.40,12.15,14.65,Wartsila Corporation,Majuro,-,Golar LNG Limited,Bermuda,Cool Company Management AS,Norway,Kool Husky Corporation,Marshall Islands,The Cool Pool Limited,Marshall Islands,-,-,9626039,538004983,26.60,2014,-,-,-,-,-,-,-,12V50DF,Assuranceforeningen Gard,DNV,-,-,2019-10-20T00:00:00,-,2019-10-20T00:00:00,2019-10-20T00:00:00,2029-09-18T00:00:00,2029-09-18T00:00:00,Cool Company Management AS,Norway,Cool Company Management AS,Norway,FOR ORDERS,-,A,03 Jun 2026 12:06:19 GMT,05 Jun 2026 14:30:00 GMT,Cool Company Management AS,Norway,"5° 30' 45"" S","126° 35' 39"" E",1,"1 day, 4 hours"
Kumul,Liquefied Natural Gas Carrier,Shanghai,Hudong-Zhonghua Shipbuilding (Group) Company Limited,10998796,Live,"Hong Kong, S.A.R., China",36157,"LNG VLGC, 100'-200'cbm",100233,Double Hull,VROL2,114166,H1673A,290.00,278.00,46.95,46.95,11.50,14.75,B&W Diesel A/S,Hong Kong,-,Mitsui O.S.K. Lines Limited (MOL),Japan,MOL LNG Transport (Europe) Limited,United Kingdom,Gemini LNG Shipping Limited,"Hong Kong, S.A.R., China",ExxonMobil Corporation,United States of America,-,-,9613161,477588600,26.25,2016,-,-,-,-,Mitsui Engineering & Shipbuilding Company Limited (Tamano),16000,21456,6S70ME-C8.2,U.K. Mutual Steam Ship Assurance Association (Bermuda) Ltd,American Bureau,China Classification,-,2018-10-11T00:00:00,-,-,-,-,-,MOL Global Ship Management Private Limited,Republic of Singapore,MOL Global Ship Management Private Limited,Republic of Singapore,HK HKG>PG POM,Port Moresby,A,03 Jun 2026 11:46:00 GMT,01 Jun 2026 23:00:00 GMT,MOL LNG Transport (Europe) Limited,United Kingdom,"9° 49' 56"" S","146° 27' 39"" E",3,"3 days, 13 hours"
Gaslog Seattle,Liquefied Natural Gas Carrier,Goeje Is.,Samsung Shipbuilding & Heavy Industries Company Limited,11004490,Live,Bermuda,30876,"LNG VLGC, 100'-200'cbm",81983,Double Hull,ZCEK5,98075,2041,285.12,274.00,-,43.40,11.50,13.90,Wartsila Corporation,Hamilton,-,GasLog Limited,Greece,GasLog Limited,Greece,Gas-Seven Limited,Bermuda,-,-,-,-,9634086,310669000,26.00,2013,-,-,-,-,-,21195,28422,6L50DF,West of England Mutual Shipowners Protection & Indemnity Association (Luxemburg),American Bureau,-,-,2018-12-26T00:00:00,-,2018-12-26T00:00:00,2018-12-26T00:00:00,2028-12-08T00:00:00,2028-12-08T00:00:00,Gaslog LNG Services Limited,Greece,Gaslog LNG Services Limited,Greece,COVE POINT,Cove Point,A,03 Jun 2026 12:06:34 GMT,10 Jun 2026 04:01:00 GMT,GasLog Limited,Greece,"42° 42' 51"" N","26° 54' 7"" W",1,"1 day, 5 hours"
Maran Gas Delphi,Liquefied Natural Gas Carrier,Goeje Is.,Hanwha Ocean Company Limited,11004542,Live,Greece,31179,"LNG VLGC, 100'-200'cbm",89671,Double Hull,SVBW3,103928,2296,294.20,283.20,-,44.00,11.90,14.10,Wartsila Corporation,Piraeus,-,Maran Nakilat Company Limited,Cayman Islands,Maran Nakilat Company Limited,Cayman Islands,Ada Shipholding Incorporated,Liberia,BG Group PLC,United Kingdom,-,-,9633173,241287000,26.00,2014,-,-,-,-,-,21195,28422,9L50DF,NorthStandard,American Bureau,-,-,2018-11-03T00:00:00,-,2018-11-03T00:00:00,2018-11-03T00:00:00,2029-02-03T00:00:00,2029-02-03T00:00:00,Maran Gas Maritime Incorporated,Greece,Maran Gas Maritime Incorporated,Greece,FOR ORDERS,-,A,03 Jun 2026 12:02:10 GMT,30 Jun 2026 23:01:00 GMT,Maran Nakilat Company Limited,Cayman Islands,"7° 22' 51"" S","104° 4' 26"" E",2,"2 days, 11 hours"
BW Pavilion Vanda,Liquefied Natural Gas Carrier,Ulsan,HD Hyundai Heavy Industries Company Limited,11025622,Live,Singapore,33763,"LNG VLGC, 100'-200'cbm",86682,Double Hull,9V2725,105945,2571,288.90,275.00,45.64,45.60,12.06,13.94,Wartsila Corporation,Singapore,-,BW Group Limited,Bermuda,BW LNG AS,Norway,BW Pavilion Vanda Private Limited,Norway,-,-,-,-,9640437,565513000,26.00,2015,-,-,-,-,-,-,-,12V50DF,U.K. Mutual Steam Ship Assurance Association (Bermuda) Ltd,DNV,-,-,-,-,2020-01-09T00:00:00,-,2029-11-09T00:00:00,2029-11-09T00:00:00,BW Fleet Management AS,Norway,BW Fleet Management AS,Norway,DAVAO PHILIPPINES,"Davao, Mindanao",A,03 Jun 2026 12:05:12 GMT,05 Jun 2026 22:00:00 GMT,BW LNG AS,Norway,"19° 47' 23"" N","121° 9' 6"" E",1,"1 day, 8 hours"
LNG Venus,Liquefied Natural Gas Carrier,Nagasaki,Mitsubishi Heavy Industries Limited Shipbuilding,11032889,Live,Japan,41013,"LNG VLGC, 100'-200'cbm",86241,Double Hull,7JQG,136710,2295,288.00,275.00,49.00,48.94,12.53,13.47,Mitsubishi Heavy Industries Limited,Osaka,-,Mitsui O.S.K. Lines Limited (MOL) & Osaka Gas International Transport Incorporated (OGIT),Japan,Mitsui O.S.K. Lines Limited (MOL) & Osaka Gas International Transport Incorporated (OGIT),Japan,Mitsui O.S.K. Lines Limited (MOL) & Osaka Gas International Transport Incorporated (OGIT),Japan,Osaka Gas Company Limited,Japan,-,-,9645736,432994000,26.00,2014,-,-,-,-,Mitsubishi Heavy Industries Limited,26000,34867,MR36-II,U.K. Mutual Steam Ship Assurance Association (Bermuda) Ltd,Nippon Kaiji Kyokai,-,-,2019-10-25T00:00:00,-,2019-10-25T00:00:00,-,2029-11-09T00:00:00,2029-11-09T00:00:00,MOL LNG Transport Company Limited,Japan,MOL LNG Transport Company Limited,Japan,AU DAM,Dampier,A,03 Jun 2026 11:57:16 GMT,16 Jun 2026 22:00:00 GMT,Mitsui O.S.K. Lines Limited (MOL) & Osaka Gas International Transport Incorporated (OGIT),Japan,"24° 35' 13"" N","136° 12' 0"" E",1,"1 day, 8 hours"
Kool Kelvin,Liquefied Natural Gas Carrier,Samho,HD Hyundai Samho Company Limited,11069941,Live,Marshall Islands,33898,"LNG VLGC, 100'-200'cbm",90607,Double Hull,V7DE2,105832,S659,288.94,275.00,45.63,45.60,12.53,13.47,Unknown Engine Designer,Majuro,-,Quantum Pacific Group,Monaco,Cool Company Limited (CoolCo),Bermuda,Kool Kelvin Corporation,Marshall Islands,GAIL (India) Limited,India,-,-,9654701,538005374,26.00,2015,-,-,-,-,-,-,-,12V50DF,Assuranceforeningen Gard,DNV,-,-,-,-,2019-11-20T00:00:00,-,2030-01-05T00:00:00,2030-01-05T00:00:00,Cool Company Management AS,Norway,Cool Company Management AS,Norway,US FPO,-,A,03 Jun 2026 12:07:03 GMT,02 Jun 2026 19:00:00 GMT,Cool Company Limited (CoolCo),Bermuda,"28° 56' 24"" N","95° 18' 32"" W",3,"3 days, 20 hours"
LNG Fukurokuju,Liquefied Natural Gas Carrier,Sakaide,Kawasaki Shipbuilding Corporation,11185851,Live,Bahamas,38173,"LNG VLGC, 100'-200'cbm",83809,Double Hull,C6BU3,127242,1712,293.00,280.00,-,48.90,12.22,14.78,Kawasaki Heavy Industries Limited (Tokyo),Nassau,-,Mitsui O.S.K. Lines Limited (MOL),Japan,MOL LNG Transport (Europe) Limited,United Kingdom,LNG Fukurokuju Shipping Corporation,Bahamas,-,-,-,-,9666986,311000365,27.00,2016,-,-,-,-,Kawasaki Heavy Industries Limited (Tokyo),26800,35939,URA450,"Britannia Steam Ship Insurance Association Ltd., The",Nippon Kaiji Kyokai,-,-,2019-06-22T00:00:00,-,2016-06-17T00:00:00,-,2026-06-16T00:00:00,2026-06-16T00:00:00,MOL LNG Transport Company Limited,Japan,MOL LNG Transport Company Limited,Japan,AUGLT,Gladstone,A,03 Jun 2026 11:56:48 GMT,14 Jun 2026 15:01:00 GMT,MOL LNG Transport (Europe) Limited,United Kingdom,"8° 2' 26"" S","125° 23' 38"" E",1,"4 days, 2 hours"
Maran Gas Leto,Liquefied Natural Gas Carrier,Samho,HD Hyundai Samho Company Limited,11696714,Live,Greece,37136,"LNG VLGC, 100'-200'cbm",92846,Double Hull,SVCC3,113502,S688,290.00,284.00,46.43,46.40,12.63,13.77,Wartsila Corporation,Piraeus,-,Angelicoussis Shipping Group Limited,Greece,Maran Gas Maritime Incorporated,Greece,Cherise Maritime Limited,Liberia,-,-,-,-,9682576,241355000,26.40,2016,-,-,-,-,Wartsila Italia S.p.A.,21195,28422,8L50DF,NorthStandard,DNV,-,-,-,-,2016-03-15T00:00:00,-,2031-03-15T00:00:00,2031-03-15T00:00:00,Maran Gas Maritime Incorporated,Greece,Maran Gas Maritime Incorporated,Greece,FOR ORDERS,-,A,03 Jun 2026 11:48:36 GMT,08 Jun 2026 16:01:00 GMT,Maran Gas Maritime Incorporated,Greece,"2° 28' 57"" N","148° 3' 17"" E",1,"1 day, 5 hours"
LNG Port-Harcourt II,Liquefied Natural Gas Carrier,Goeje Is.,Samsung Shipbuilding & Heavy Industries Company Limited,11848261,Live,Bermuda,34970,"LNG VLGC, 100'-200'cbm",87139,Double Hull,ZCEQ5,116568,2077,292.00,280.00,-,47.80,11.65,14.55,Unknown Engine Designer,Hamilton,-,Nigeria LNG Limited,Nigeria,Nigeria LNG Limited,Nigeria,Bonny Gas Transport Limited,Bermuda,-,-,-,-,9690157,310719000,26.20,2015,-,-,-,-,General Electric Company,12435,16676,N3 HXC 1000 J/8,U.K. Mutual Steam Ship Assurance Association (Bermuda) Ltd,Bureau Veritas,-,-,2026-01-24T00:00:00,2024-02-02T00:00:00,2026-01-01T00:00:00,2026-01-24T00:00:00,2030-12-28T00:00:00,2030-12-28T00:00:00,NLNG Shipping & Marine Services Limited,Nigeria,NLNG Shipping & Marine Services Limited,Nigeria,NG BNY,Bonny,A,03 Jun 2026 12:07:36 GMT,17 Jun 2026 17:00:00 GMT,Nigeria LNG Limited,Nigeria,"26° 39' 51"" N","16° 59' 6"" W",1,"1 day, 6 hours"
Maran Gas Roxana,Liquefied Natural Gas Carrier,South Korea,Hanwha Ocean Company Limited,12035053,Live,Greece,36562,"LNG VLGC, 100'-200'cbm",96000,Double Hull,SVCI4,113037,2413,294.90,282.90,-,46.40,11.50,15.00,MAN Diesel AS,Piraeus,-,Angelicoussis Shipping Group Limited,Greece,Maran Gas Maritime Incorporated,Greece,Elisa International Limited,Liberia,-,-,-,-,9701229,241415000,26.50,2017,-,-,-,-,-,21195,28422,5G70ME-C9-GI,NorthStandard,American Bureau,-,-,2019-07-19T00:00:00,-,-,-,2027-01-10T00:00:00,2027-01-10T00:00:00,Maran Gas Maritime Incorporated,Greece,Maran Gas Maritime Incorporated,Greece,FOR ORDERS,-,A,03 Jun 2026 11:33:49 GMT,15 Jun 2026 00:01:00 GMT,Maran Gas Maritime Incorporated,Greece,"12° 13' 56"" S","35° 19' 2"" W",1,"1 day, 12 hours"
Maran Gas Amphipolis,Liquefied Natural Gas Carrier,South Korea,Hanwha Ocean Company Limited,12035252,Live,Greece,36562,"LNG VLGC, 100'-200'cbm",96000,Double Hull,SVCI3,113037,2412,294.90,282.90,-,46.40,11.50,15.00,Unknown Engine Designer,Piraeus,-,Angelicoussis Shipping Group Limited,Greece,Maran Gas Maritime Incorporated,Greece,Nestor Navigation Corporation,Liberia,-,-,-,-,9701217,241414000,26.50,2016,-,-,-,-,-,-,-,12V50DF,Assuranceforeningen Gard,American Bureau,-,-,2019-02-22T00:00:00,-,-,-,2026-07-21T00:00:00,2026-07-21T00:00:00,Maran Gas Maritime Incorporated,Greece,Maran Gas Maritime Incorporated,Greece,FOR ORDERS,-,A,03 Jun 2026 12:08:45 GMT,05 Jun 2026 05:00:00 GMT,Maran Gas Maritime Incorporated,Greece,"24° 5' 11"" N","80° 38' 52"" W",1,"1 day, 5 hours"
Gaslog Geneva,Liquefied Natural Gas Carrier,South Korea,Samsung Shipbuilding & Heavy Industries Company Limited,12087964,Live,Bermuda,34930,"LNG VLGC, 100'-200'cbm",94400,Double Hull,ZCEU2,112764,2102,291.08,279.00,-,45.80,11.50,14.70,Unknown Engine Designer,Hamilton,-,GasLog Limited,Greece,GasLog Limited,Greece,Gas-Thirteen Limited,Bermuda,Methane Services Limited,United Kingdom,-,-,9707508,310755000,26.20,2016,-,-,-,-,-,-,-,12V50DF,"Britannia Steam Ship Insurance Association Ltd., The",American Bureau,-,-,2019-05-25T00:00:00,-,-,-,2026-09-29T00:00:00,2026-09-29T00:00:00,Gaslog LNG Services Limited,Greece,Gaslog LNG Services Limited,Greece,NLRTM > USLCH,Lake Charles,A,03 Jun 2026 12:03:12 GMT,13 Jun 2026 05:01:00 GMT,GasLog Limited,Greece,"38° 37' 35"" N","43° 57' 20"" W",1,"1 day, 9 hours"
Maran Gas Pericles,Liquefied Natural Gas Carrier,Samho,HD Hyundai Samho Company Limited,12117355,Live,Greece,37136,"LNG VLGC, 100'-200'cbm",92776,Double Hull,SVCI8,113502,S734,290.00,275.00,-,45.60,12.50,13.50,Wartsila Corporation,Piraeus,-,Angelicoussis Shipping Group Limited,Greece,Maran Gas Maritime Incorporated,Greece,Anguilla Navigation Corporation,Liberia,-,-,-,-,9709489,241424000,26.00,2016,-,Alfa Laval Aalborg A/S,Unknown,Unknown,-,-,-,8L50DF,Assuranceforeningen Gard,Lloyds Register,-,-,2024-05-15T00:00:00,-,2021-07-06T00:00:00,-,2026-08-21T00:00:00,2026-08-21T00:00:00,Maran Gas Maritime Incorporated,Greece,Maran Gas Maritime Incorporated,Greece,FOR ORDER,-,A,03 Jun 2026 12:06:39 GMT,02 Jun 2026 05:00:00 GMT,Maran Gas Maritime Incorporated,Greece,"4° 29' 49"" N","66° 12' 52"" E",3,"4 days, 21 hours"
Seri Cenderawasih,Liquefied Natural Gas Carrier,Ulsan,HD Hyundai Heavy Industries Company Limited,12204001,Live,Malaysia,16658,"LNG VLGC, 100'-200'cbm",84303,Double Hull,9MWF2,133948,2730,290.20,277.00,-,48.90,23.35,0.00,Mitsubishi Heavy Industries Limited,Port Klang,-,MISC Berhad,Malaysia,MISC Berhad,Malaysia,Seri Cenderawasih (L) Private Limited,Malaysia,Petronas Trading Corporation Sendirian Berhad (PETCO),Malaysia,-,-,9714288,533180210,23.35,2017,-,Alfa Laval Aalborg A/S,Unknown,Unknown,Mitsubishi Heavy Industries Limited,21195,28422,MR36-II,U.K. Mutual Steam Ship Assurance Association (Bermuda) Ltd,LR (provisional), (provisional), (provisional),2024-05-09T00:00:00,-,2022-02-10T00:00:00,-,2027-01-19T00:00:00,2027-01-19T00:00:00,MISC Shipmanagement (L) Private Limited,Malaysia,MISC Shipmanagement (L) Private Limited,Malaysia,MY BTU,"Bintulu, Sarawak",A,03 Jun 2026 12:02:21 GMT,09 Jun 2026 00:00:00 GMT,MISC Berhad,Malaysia,"24° 39' 12"" N","122° 43' 27"" E",3,"3 days, 15 hours"
Maran Gas Vergina,Liquefied Natural Gas Carrier,South Korea,Hanwha Ocean Company Limited,12239393,Live,Greece,36562,"LNG VLGC, 100'-200'cbm",96000,Double Hull,SVCM9,113037,2414,294.90,282.90,-,46.40,11.50,15.00,MAN Diesel AS,Piraeus,-,Angelicoussis Shipping Group Limited,Greece,Maran Gas Maritime Incorporated,Greece,Santa Lucia Enterprises Incorporated,Liberia,Woodside Energy Group Limited,Australia,-,-,9732369,241467000,26.50,2016,-,-,-,-,Doosan Engine Company Limited,18200,24407,5G70ME-C9-GI,Assuranceforeningen Gard,American Bureau,-,-,2019-07-19T00:00:00,-,-,-,2026-12-06T00:00:00,2026-12-06T00:00:00,Maran Gas Maritime Incorporated,Greece,Maran Gas Maritime Incorporated,Greece,PABLB,Balboa,A,03 Jun 2026 12:09:40 GMT,03 Jun 2026 12:00:00 GMT,Maran Gas Maritime Incorporated,Greece,"8° 45' 26"" N","79° 25' 14"" W",3,"4 days, 3 hours"
Gaslog Genoa,Liquefied Natural Gas Carrier,South Korea,Samsung Shipbuilding & Heavy Industries Company Limited,12252333,Live,Bermuda,34930,"LNG VLGC, 100'-200'cbm",94400,Double Hull,ZCEW4,115024,2130,293.16,285.00,-,45.80,11.50,14.70,Winterthur Gas & Diesel Limited (WinGD),Hamilton,-,GasLog Partners LP,Monaco,GasLog Partners LP,Monaco,Gas-Twenty Two Limited,Bermuda,Shell International Trading & Shipping Company Limited (STASCO),United Kingdom,-,-,9744013,310774000,26.20,2018,-,-,-,-,Doosan Engine Company Limited,11900,15958,5X72DF,"Britannia Steam Ship Insurance Association Ltd., The",American Bureau,-,-,2020-04-23T00:00:00,-,-,-,2028-03-28T00:00:00,2028-03-28T00:00:00,Gaslog LNG Services Limited,Greece,Gaslog LNG Services Limited,Greece,KR BOR >  AUWNB,Withnell Bay,A,03 Jun 2026 12:02:00 GMT,06 Jun 2026 06:00:00 GMT,GasLog Partners LP,Monaco,"6° 25' 7"" S","116° 45' 9"" E",1,"1 day, 9 hours"
Gaslog Hong Kong,Liquefied Natural Gas Carrier,Ulsan,HD Hyundai Heavy Industries Company Limited,12257685,Live,Bermuda,34342,"LNG VLGC, 100'-200'cbm",92266,Double Hull,ZCEV8,114470,2801,289.99,283.90,-,46.40,12.63,13.77,Unknown Engine Designer,Hamilton,-,GasLog Limited,Greece,GasLog Limited,Greece,Sea 190 Leasing Company Limited,"Hong Kong, S.A.R., China",Methane Services Limited,United Kingdom,-,-,9748904,310773000,26.40,2018,-,-,-,-,-,-,-,12V50DF,"Britannia Steam Ship Insurance Association Ltd., The",DNV,-,-,-,-,-,-,2028-03-20T00:00:00,2028-03-20T00:00:00,Gaslog LNG Services Limited,Greece,Gaslog LNG Services Limited,Greece,FOR ORDERS,-,A,03 Jun 2026 12:06:14 GMT,06 Jun 2026 23:00:00 GMT,GasLog Limited,Greece,"6° 6' 11"" S","75° 49' 18"" E",1,"1 day, 4 hours"
Pan Europe,Liquefied Natural Gas Carrier,China,Hudong-Zhonghua Shipbuilding (Group) Company Limited,12259822,Live,"Hong Kong, S.A.R., China",34498,"LNG VLGC, 100'-200'cbm",88407,Double Hull,VRQC4,114996,H1665A,290.10,284.00,-,46.95,11.50,14.75,MAN Energy Solutions SE,Hong Kong,-,Stonepeak Infrastructure Partners (Stonepeak Partners LP),United States of America,Seapeak LLC,Marshall Islands,Pan Europe LNG Transportation Company Limited,"Hong Kong, S.A.R., China",Methane Services Limited,United Kingdom,-,-,9750244,477157300,26.25,2018,-,-,-,-,MAN Energy Solutions SE,-,-,8L51/60DF,NorthStandard,China Classification,American Bureau,-,-,-,-,-,2028-07-09T00:00:00,2028-07-09T00:00:00,Seapeak Maritime (Glasgow) Limited,United Kingdom,Seapeak Maritime (Glasgow) Limited,United Kingdom,FOR ORDERS,Hachinohe,A,03 Jun 2026 11:55:49 GMT,15 Jun 2026 11:00:00 GMT,Seapeak LLC,Marshall Islands,"37° 11' 14"" N","133° 59' 6"" E",1,"1 day, 7 hours"
Pan Americas,Liquefied Natural Gas Carrier,China,Hudong-Zhonghua Shipbuilding (Group) Company Limited,12259863,Live,"Hong Kong, S.A.R., China",34498,"LNG VLGC, 100'-200'cbm",88425,Double Hull,VRQC3,114996,H1664A,290.10,284.00,-,46.95,11.50,14.75,MAN Energy Solutions SE,Hong Kong,-,Stonepeak Infrastructure Partners (Stonepeak Partners LP),United States of America,Seapeak LLC,Marshall Islands,Pan Americas LNG Transportation Company Limited,"Hong Kong, S.A.R., China",Methane Services Limited,United Kingdom,-,-,9750232,477142700,26.25,2018,-,-,-,-,MAN Energy Solutions SE,-,-,8L51/60DF,NorthStandard,American Bureau,China Classification,-,2020-09-01T00:00:00,-,-,-,2028-01-30T00:00:00,2028-01-30T00:00:00,Seapeak Maritime (Glasgow) Limited,United Kingdom,Seapeak Maritime (Glasgow) Limited,United Kingdom,FOR ORDERS,-,A,03 Jun 2026 12:06:53 GMT,03 Jun 2026 04:00:00 GMT,Seapeak LLC,Marshall Islands,"39° 38' 11"" N","0° 12' 51"" W",2,"1 day, 14 hours"
Seri Cemara,Liquefied Natural Gas Carrier,Ulsan,HD Hyundai Heavy Industries Company Limited,12269964,Live,Malaysia,40083,"LNG VLGC, 100'-200'cbm",84291,Double Hull,9MYD8,133948,2735,290.00,277.00,-,48.90,12.50,10.85,Mitsubishi Heavy Industries Limited,Port Klang,-,MISC Berhad,Malaysia,MISC Berhad,Malaysia,Seri Cemara (L) Private Limited,Malaysia,Petronas LNG Sendirian Berhad,Malaysia,-,-,9756389,533130753,23.35,2018,-,Alfa Laval Aalborg A/S,Unknown,Unknown,-,21195,28422,MR36-II,U.K. Mutual Steam Ship Assurance Association (Bermuda) Ltd,LR (provisional), (provisional), (provisional),2025-07-04T00:00:00,-,2023-04-29T00:00:00,-,2028-04-29T00:00:00,2028-04-29T00:00:00,MISC Shipmanagement (L) Private Limited,Malaysia,MISC Shipmanagement (L) Private Limited,Malaysia,KR BOR,Boryeong,A,03 Jun 2026 12:06:38 GMT,02 Jun 2026 00:00:00 GMT,MISC Berhad,Malaysia,"34° 43' 19"" N","124° 17' 12"" E",1,"1 day, 4 hours"
British Partner,Liquefied Natural Gas Carrier,South Korea,Hanwha Ocean Company Limited,12395449,Live,Isle of Man,34609,"LNG VLGC, 100'-200'cbm",94442,Double Hull,MAOS2,115366,2441,294.90,282.90,-,46.40,12.50,8.48,MAN Diesel AS,Douglas,-,Kukje Maritime Investment Corporation (KMARIN),Republic of Korea,Natural Gas Ocean Transportation Investment No.20 Holdco S.A.,Panama,Natural Gas Ocean Transportation Investment No. 20 SPC A S.A.,Panama,BP Shipping Limited,United Kingdom,-,-,9766530,232006301,20.98,2018,-,-,-,-,Doosan Engine Company Limited,13470,18064,5G70ME-C9-GI,"Britannia Steam Ship Insurance Association Ltd., The",Lloyds Register,-,-,2025-09-30T00:00:00,-,2023-06-10T00:00:00,-,2028-05-28T00:00:00,2028-05-28T00:00:00,BP Shipping Limited,United Kingdom,BP Shipping Limited,United Kingdom,AU WNB,Withnell Bay,A,03 Jun 2026 11:59:37 GMT,09 Jun 2026 22:00:00 GMT,Natural Gas Ocean Transportation Investment No.20 Holdco S.A.,Panama,"4° 48' 52"" N","127° 50' 29"" E",1,"1 day, 7 hours"
Marvel Crane,Liquefied Natural Gas Carrier,Nagasaki,Mitsubishi Heavy Industries Limited Shipbuilding,12423759,Live,Singapore,41714,"LNG VLGC, 100'-200'cbm",97794,Double Hull,9V5069,139049,2321,297.50,293.00,-,48.94,11.40,16.10,Mitsubishi Heavy Industries Limited Shipbuilding,Singapore,-,Nippon Yusen Kabushiki Kaisha (NYK Line) (Nippon Yusen Kaisha),Japan,NYK LNG Shipmanagement Limited,Japan,Rosewood Shipping Private Limited,Republic of Singapore,Mitsui & Company Limited,Japan,-,-,9770438,563073300,27.50,2019,-,-,-,-,-,13000,17433,MR21-II,U.K. Mutual Steam Ship Assurance Association (Bermuda) Ltd,American Bureau,-,-,-,-,-,-,2029-03-27T00:00:00,2029-03-27T00:00:00,NYK Shipmanagement Private Limited,Republic of Singapore,NYK Shipmanagement Private Limited,Republic of Singapore,US LCH,Cameron,A,03 Jun 2026 12:08:52 GMT,03 Jun 2026 05:01:00 GMT,NYK LNG Shipmanagement Limited,Japan,"29° 35' 53"" N","93° 17' 47"" W",4,"2 days, 20 hours"
Seapeak Manila,Liquefied Natural Gas Carrier,South Korea,Hanwha Ocean Company Limited,12433569,Live,Bahamas,34061,"LNG VLGC, 100'-200'cbm",95449,Double Hull,C6CH8,113534,2453,294.90,282.90,46.44,46.40,12.52,13.98,MAN Diesel AS,Nassau,-,Industrial and Commercial Bank of China Limited (ICBC),People's Republic of China,ICBC Financial Leasing Company Limited,People's Republic of China,Hai Jiao 1606 Limited,Marshall Islands,Seapeak LLC,Marshall Islands,-,-,9770921,311000476,26.50,2018,-,-,-,-,-,-,-,5G70ME-GI,Assuranceforeningen Skuld,DNV,-,-,-,-,-,-,2026-10-30T00:00:00,2026-10-30T00:00:00,Seapeak Maritime Limited,Bermuda,Seapeak Maritime Limited,Bermuda,USCP6,Cove Point,A,03 Jun 2026 12:01:21 GMT,29 Jun 2026 04:01:00 GMT,ICBC Financial Leasing Company Limited,People's Republic of China,"8° 49' 14"" S","76° 19' 16"" E",1,"1 day, 7 hours"
LNG Sakura,Liquefied Natural Gas Carrier,Sakaide,Kawasaki Shipbuilding Corporation,12499933,Live,Bahamas,40794,"LNG VLGC, 100'-200'cbm",82137,Double Hull,C6DR7,135977,1731,300.00,286.00,-,48.90,11.83,15.17,Wartsila Corporation,Nassau,-,Kansai Electric Power Company (70%) & Nippon Yusen Kabushiki Kaisha (NYK) (30%),Japan,Kansai Electric Power Company (70%) & Nippon Yusen Kabushiki Kaisha (NYK) (30%),Japan,LNG Sakura Shipping Corporation,Bahamas,Nippon Yusen Kabushiki Kaisha (NYK Line) (Nippon Yusen Kaisha),Japan,-,-,9774135,311000760,27.00,2018,-,-,-,-,-,11100,14885,9L50DF,U.K. Mutual Steam Ship Assurance Association (Bermuda) Ltd,NK (provisional), (provisional), (provisional),2018-02-26T00:00:00,-,2018-02-26T00:00:00,-,2028-02-25T00:00:00,2028-02-25T00:00:00,NYK LNG Shipmanagement Limited,Japan,NYK LNG Shipmanagement Limited,Japan,HIMEJI,Himeji,A,03 Jun 2026 12:09:33 GMT,25 Jun 2026 21:00:00 GMT,Kansai Electric Power Company (70%) & Nippon Yusen Kabushiki Kaisha (NYK) (30%),Japan,"29° 36' 2"" S","11° 3' 14"" E",3,"4 days, 11 hours"
Kinisis,Liquefied Natural Gas Carrier,South Korea,Hanwha Ocean Company Limited,12540224,Live,Liberia,34427,"LNG VLGC, 100'-200'cbm",95673,Double Hull,D5NT9,114758,2464,294.90,282.90,46.40,46.40,11.50,9.48,MAN Diesel AS,Monrovia,-,K Line LNG Shipping and Chandris (Hellas),United Kingdom,K Line LNG Shipping and Chandris (Hellas),United Kingdom,Danae Gas Shipping Incorporated,Marshall Islands,BP Shipping Limited,United Kingdom,-,-,9785158,636018011,20.98,2018,-,Hamworthy Moss AS,Unknown,Unknown,-,21195,28422,5G70ME-C9-GI,Japan Shipowners Mutual Protection & Indemnity Association,Lloyds Register,-,-,2023-09-24T00:00:00,-,2023-09-30T00:00:00,-,2028-09-30T00:00:00,2028-09-30T00:00:00,'K' Line Energy Shipping (UK) Limited,United Kingdom,'K' Line Energy Shipping (UK) Limited,United Kingdom,-,-,A,03 Jun 2026 12:09:17 GMT,-,K Line LNG Shipping and Chandris (Hellas),United Kingdom,"25° 31' 57"" N","77° 11' 25"" W",1,"1 day, 7 hours"
Flex Courageous,Liquefied Natural Gas Carrier,Okpo,Hanwha Ocean Company Limited,12775831,Live,Marshall Islands,34028,"LNG VLGC, 100'-200'cbm",96000,Double Hull,V7A2081,113428,2471,294.90,282.90,-,46.40,11.50,15.00,MAN Diesel AS,Majuro,-,Japan Investment Adviser Company Limited,Japan,JP Lease Products & Services Company,Japan,JLPS Ship Investment Marshall 9 Company,Marshall Islands,Flex LNG Management Limited,United Kingdom,-,-,9825439,538008206,26.50,2019,-,-,-,-,HSD Engine Company Limited,11975,16059,5G70ME-C9.5-GI,NorthStandard,American Bureau,-,-,-,-,-,-,2029-08-26T00:00:00,2029-08-26T00:00:00,Flex LNG Fleet Management AS,Norway,Flex LNG Fleet Management AS,Norway,FOR ORDER,Las Palmas de Gran Canaria,A,03 Jun 2026 12:06:24 GMT,10 Jun 2026 22:01:00 GMT,JP Lease Products & Services Company,Japan,"36° 19' 20"" N","3° 42' 9"" W",1,"1 day, 7 hours"
Amberjack LNG,Liquefied Natural Gas Carrier,Ulsan,HD Hyundai Heavy Industries Company Limited,12899782,Live,Malta,34962,"LNG VLGC, 100'-200'cbm",93534,Double Hull,9HA5163,116542,3021,299.00,291.00,-,46.40,11.50,15.00,Winterthur Gas & Diesel Limited (WinGD),Valletta,-,Bank of Communications Company Limited,People's Republic of China,Bocom Leasing Management Hong Kong Company Limited,"Hong Kong, S.A.R., China",Xiang CH17 HK International Ship Lease Company Limited,"Hong Kong, S.A.R., China",Cheniere Energy Incorporated,United States of America,-,-,9845776,215534000,26.50,2020,-,-,-,-,HD Hyundai Heavy Industries Company Limited,-,-,5X72DF,Assuranceforeningen Gard,American Bureau,-,-,-,-,-,-,2030-04-13T00:00:00,2030-04-13T00:00:00,TMS Cardiff Gas Limited,Greece,TMS Cardiff Gas Limited,Greece,FOR ORDERS,-,A,03 Jun 2026 12:09:15 GMT,10 Jun 2026 11:00:00 GMT,Bocom Leasing Management Hong Kong Company Limited,"Hong Kong, S.A.R., China","11° 34' 50"" N","60° 19' 17"" W",1,"1 day, 15 hours"
Elisa Larus,Liquefied Natural Gas Carrier,Samho,HD Hyundai Samho Company Limited,12920697,Live,France,35485,"LNG VLGC, 100'-200'cbm",95418,Double Hull,FLYS,118286,S970,297.23,291.00,-,46.40,12.50,14.00,Winterthur Gas & Diesel Limited (WinGD),Marseilles,-,Nippon Yusen Kaisha 50% & Geogas Maritime SAS 50%,Japan,Nippon Yusen Kaisha 50% & Geogas Maritime SAS 50%,Japan,Caroline 77 SASU,France,EDF Trading Limited,United Kingdom,-,-,9852975,228385600,26.50,2020,-,-,-,-,HD Hyundai Heavy Industries Company Limited,12361,16795,5X72DF,U.K. Mutual Steam Ship Assurance Association (Bermuda) Ltd,Bureau Veritas,-,-,2025-05-15T00:00:00,2022-09-03T00:00:00,2025-05-01T00:00:00,2025-05-15T00:00:00,2030-05-14T00:00:00,2030-05-14T00:00:00,Gazocean S.A.,France,Gazocean S.A.,France,US YCN,Taichung,A,03 Jun 2026 11:55:05 GMT,15 Jul 2026 05:00:00 GMT,Nippon Yusen Kaisha 50% & Geogas Maritime SAS 50%,Japan,"21° 12' 37"" N","118° 51' 1"" E",4,"4 days, 1 hour"
Woodside Charles Allen,Liquefied Natural Gas Carrier,South Korea,Hanwha Ocean Company Limited,12938638,Live,Greece,34146,"LNG VLGC, 100'-200'cbm",94732,Double Hull,SVDI5,113822,2486,294.90,288.50,46.44,46.40,12.50,14.00,MAN Diesel AS,Piraeus,-,Industrial and Commercial Bank of China Limited (ICBC),People's Republic of China,ICBC Financial Leasing Company Limited,People's Republic of China,Hai Kuo Shipping 2027G Limited,"Hong Kong, S.A.R., China",Maran Gas Maritime Incorporated,Greece,-,-,9859753,241712000,26.50,2020,-,-,-,-,Doosan Engine Company Limited,31070,42255,5G70ME-C9-GI,Assuranceforeningen Gard,DNV,-,-,-,-,-,-,2030-10-30T00:00:00,2030-10-30T00:00:00,Maran Gas Maritime Incorporated,Greece,Maran Gas Maritime Incorporated,Greece,FOR ORDERS,-,A,03 Jun 2026 12:09:40 GMT,21 Jun 2026 10:59:00 GMT,ICBC Financial Leasing Company Limited,People's Republic of China,"28° 4' 40"" S","1° 32' 25"" E",1,"1 day, 5 hours"
Celsius Copenhagen,Liquefied Natural Gas Carrier,South Korea,Samsung Shipbuilding & Heavy Industries Company Limited,12956949,Live,Marshall Islands,35801,"LNG VLGC, 100'-200'cbm",91838,Double Hull,V7A4207,119338,2297,299.00,290.00,-,47.00,12.50,14.50,Wartsila Corporation,Majuro,-,Breakwater Capital Limited,United Kingdom,Celsius Shipping ApS,Denmark,Frigg Shipco 1 LLC,Marshall Islands,Gunvor Group Limited,Switzerland,-,-,9864784,538009022,27.00,2020,-,-,-,-,Dalian Marine Diesel Company Limited,12023,16123,W6X72,West of England Mutual Shipowners Protection & Indemnity Association (Luxemburg),Lloyds Register,-,-,2025-07-14T00:00:00,-,2025-10-10T00:00:00,-,2030-10-29T00:00:00,2030-10-29T00:00:00,Celsius Tech Limited,"Hong Kong, S.A.R., China",Celsius Tech Limited,"Hong Kong, S.A.R., China",FOR ORDERS,-,A,03 Jun 2026 11:58:43 GMT,05 Jun 2026 05:01:00 GMT,Celsius Shipping ApS,Denmark,"21° 46' 51"" N","85° 46' 53"" W",1,"1 day, 8 hours"
Kool Firn,Liquefied Natural Gas Carrier,South Korea,HD Hyundai Samho Company Limited,12966885,Live,Liberia,35033,"LNG VLGC, 100'-200'cbm",93025,Double Hull,D5WP2,116779,8007,299.00,291.00,-,46.40,12.50,8.67,Winterthur Gas & Diesel Limited (WinGD),Monrovia,-,Quantum Pacific Group,Monaco,Cool Company Limited (CoolCo),Bermuda,Felox Marine Limited,Liberia,Shell International Trading & Shipping Company Limited (STASCO),United Kingdom,-,-,9864746,636019878,21.17,2020,-,-,-,-,HD Hyundai Heavy Industries Company Limited,-,-,5X72DF,Assuranceforeningen Gard,DNV,-,-,-,-,-,-,2030-09-13T00:00:00,2030-09-13T00:00:00,Cool Company Management AS,Norway,Cool Company Management AS,Norway,FOR ORDERS,-,A,03 Jun 2026 11:47:00 GMT,08 Jun 2026 00:01:00 GMT,Cool Company Limited (CoolCo),Bermuda,"35° 57' 39"" N","161° 24' 34"" E",1,"1 day, 7 hours"
Minerva Kalymnos,Liquefied Natural Gas Carrier,South Korea,Samsung Shipbuilding & Heavy Industries Company Limited,12976411,Live,Malta,34690,"LNG VLGC, 100'-200'cbm",88235,Double Bottom,9HA5354,115635,2304,293.00,286.00,-,45.80,11.50,14.70,Unknown Engine Designer,Valletta,-,Andreas Martinos & family,Greece,Minerva Gas Incorporated,Greece,Koje Shipping S.A.,Marshall Islands,-,-,-,-,9869942,215890000,26.20,2021,-,-,-,-,-,-,-,12V50DF,"Britannia Steam Ship Insurance Association Ltd., The",American Bureau,-,-,-,-,-,-,2031-02-24T00:00:00,2031-02-24T00:00:00,Minerva Gas Incorporated,Greece,Minerva Gas Incorporated,Greece,FOR ORDERS,Malta OPL,A,03 Jun 2026 11:55:45 GMT,13 Jun 2026 14:00:00 GMT,Minerva Gas Incorporated,Greece,"25° 27' 31"" N","16° 21' 4"" W",4,"5 days, 4 hours"
Kool Orca,Liquefied Natural Gas Carrier,Samho,HD Hyundai Samho Company Limited,12978193,Live,Liberia,35033,"LNG VLGC, 100'-200'cbm",92969,Double Hull,D5X02,116779,8008,299.00,291.00,-,46.40,12.50,8.67,Winterthur Gas & Diesel Limited (WinGD),Monrovia,-,Quantum Pacific Group,Monaco,Cool Company Limited (CoolCo),Bermuda,Respent Marine Limited,Liberia,Shell Tankers Singapore Private Limited,Republic of Singapore,-,-,9870525,636020078,21.17,2021,-,-,-,-,HD Hyundai Heavy Industries Company Limited,31664,31664,5X72DF,Assuranceforeningen Gard,DNV,-,-,-,-,-,-,2031-01-14T00:00:00,2031-01-14T00:00:00,Cool Company Management AS,Norway,Cool Company Management AS,Norway,FOR ORDERS,-,A,03 Jun 2026 12:06:28 GMT,18 Jun 2026 23:01:00 GMT,Cool Company Limited (CoolCo),Bermuda,"14° 55' 0"" S","68° 2' 4"" E",2,"1 day, 3 hours"
BW Lesmes,Liquefied Natural Gas Carrier,South Korea,Hanwha Ocean Company Limited,12991821,Live,Singapore,34602,"LNG VLGC, 100'-200'cbm",94167,Double Hull,9V6827,115338,2496,294.90,282.90,-,46.40,12.52,13.98,MAN Diesel AS,Singapore,-,BW Group Limited,Bermuda,BW LNG AS,Norway,Siro Holding Singapore 2 Private Limited,Republic of Singapore,-,-,-,-,9873840,563121700,26.50,2021,-,-,-,-,Doosan Engine Company Limited,-,-,5G70ME-C9-GI,U.K. Mutual Steam Ship Assurance Association (Bermuda) Ltd,DNV,-,-,-,-,-,-,2031-03-23T00:00:00,2031-03-23T00:00:00,BW Fleet Management AS,Norway,BW Fleet Management AS,Norway,FOR ORDERS,-,A,03 Jun 2026 11:17:08 GMT,06 Jun 2026 18:01:00 GMT,BW LNG AS,Norway,"12° 29' 24"" N","87° 31' 18"" E",1,"1 day, 10 hours"
Yiannis,Liquefied Natural Gas Carrier,South Korea,Hanwha Ocean Company Limited,13023180,Live,Greece,34647,"LNG VLGC, 100'-200'cbm",96000,Double Hull,SVDL2,115489,2501,294.90,288.50,-,46.40,12.90,13.60,Unknown Engine Designer,-,-,Angelicoussis Shipping Group Limited,Greece,Maran Gas Maritime Incorporated,Greece,Onerato Marine SA,Marshall Islands,-,-,-,-,9879674,241743000,26.50,2021,-,-,-,-,-,-,-,12V50DF,Assuranceforeningen Gard,DNV,-,-,-,-,-,-,2026-09-29T00:00:00,2026-09-29T00:00:00,Maran Gas Maritime Incorporated,Greece,Maran Gas Maritime Incorporated,Greece,FOR ORDERS,-,A,03 Jun 2026 12:01:42 GMT,07 Jun 2026 21:00:00 GMT,Maran Gas Maritime Incorporated,Greece,"23° 31' 0"" N","122° 59' 60"" E",1,"1 day, 7 hours"
Asklipios,Liquefied Natural Gas Carrier,South Korea,HD Hyundai Heavy Industries Company Limited,13025689,Live,Greece,34974,"LNG VLGC, 100'-200'cbm",92789,Double Hull,SVDZ2,116581,3110,299.00,291.00,-,46.40,12.50,14.00,Winterthur Gas & Diesel Limited (WinGD),-,-,Bank of Communications Company Limited,People's Republic of China,Bocom Leasing Management Hong Kong Company Limited,"Hong Kong, S.A.R., China",Xiang B5 HK International Ship Lease Company Limited,"Hong Kong, S.A.R., China",Cheniere Energy Incorporated,United States of America,-,-,9884021,241940000,26.50,2021,-,-,-,-,-,-,-,5X72DF,West of England Mutual Shipowners Protection & Indemnity Association (Luxemburg),Lloyds Register,-,-,2024-08-09T00:00:00,-,-,-,2026-09-28T00:00:00,2026-09-28T00:00:00,Capital Gas Ship Management Corporation,Greece,Capital Gas Ship Management Corporation,Greece,FOR ORDERS,-,A,03 Jun 2026 12:06:28 GMT,25 Jun 2026 00:01:00 GMT,Bocom Leasing Management Hong Kong Company Limited,"Hong Kong, S.A.R., China","32° 10' 22"" S","35° 14' 53"" E",1,"1 day, 7 hours"
Grace Freesia,Liquefied Natural Gas Carrier,South Korea,HD Hyundai Samho Company Limited,13371947,Live,Bahamas,35269,"LNG VLGC, 100'-200'cbm",89790,Double Bottom,C6FH6,117564,8033,297.16,291.00,46.40,46.40,11.50,15.35,Winterthur Gas & Diesel Limited (WinGD),Nassau,-,Nippon Yusen Kabushiki Kaisha (NYK Line) (Nippon Yusen Kaisha),Japan,Nippon Yusen Kabushiki Kaisha (NYK Line) (Nippon Yusen Kaisha),Japan,Okusankichi Maritima SA,Panama,Osaka Gas International Transport Incorporated,Japan,-,-,9903920,311001111,26.85,2022,-,-,-,-,-,-,-,5X72DF,U.K. Mutual Steam Ship Assurance Association (Bermuda) Ltd,American Bureau,-,-,-,-,-,-,2027-06-12T00:00:00,2027-06-12T00:00:00,NYK LNG Shipmanagement Limited,Japan,NYK LNG Shipmanagement Limited,Japan,US FPO,"Freeport, TX",A,03 Jun 2026 12:06:00 GMT,30 Jun 2026 05:01:00 GMT,Nippon Yusen Kabushiki Kaisha (NYK Line) (Nippon Yusen Kaisha),Japan,"28° 0' 53"" S","43° 48' 59"" E",1,"1 day, 9 hours"
Shaolin,Liquefied Natural Gas Carrier,China,Hudong-Zhonghua Shipbuilding (Group) Company Limited,13426217,Live,"Hong Kong, S.A.R., China",37330,"LNG VLGC, 100'-200'cbm",91752,Double Bottom,VRUU5,114181,H1831A,295.00,288.00,-,45.00,11.50,8.30,Wartsila Corporation,Hong Kong,-,China COSCO Shipping Corporation Limited (China Cosco Shipping Group) (COSCO Shipping) (COSCOCS),People's Republic of China,United Liquefied Gas Shipping (Hong Kong) Company Limited,People's Republic of China,United Prosperity LNG Shipping Co Ltd,"Hong Kong, S.A.R., China",PetroChina Company Limited,People's Republic of China,-,-,9915894,477836100,26.25,2022,-,-,-,-,-,-,-,6X72DF,China Shipowners Mutual Assurance Association,China Classification,American Bureau,-,-,-,-,-,2027-10-24T00:00:00,2027-10-24T00:00:00,COSCO Shipping LNG (Hong Kong) Ship Management Company Limited,"Hong Kong, S.A.R., China",COSCO Shipping LNG (Hong Kong) Ship Management Company Limited,"Hong Kong, S.A.R., China",FOR ORDERS,-,A,03 Jun 2026 12:05:19 GMT,09 Jun 2026 00:01:00 GMT,United Liquefied Gas Shipping (Hong Kong) Company Limited,People's Republic of China,"6° 12' 17"" N","90° 22' 38"" E",1,"1 day, 6 hours"
Orion Harmony,Liquefied Natural Gas Carrier,Ulsan,HD Hyundai Heavy Industries Company Limited,13437296,Live,Liberia,34267,"LNG VLGC, 100'-200'cbm",95655,Double Hull,5LCE7,114221,H3190,299.00,291.00,46.40,46.40,12.50,8.52,Winterthur Gas & Diesel Limited (WinGD),Monrovia,-,Unknown Owners,-,Unknown Owners,-,Jupiter 5 Limited,Bermuda,Global Meridian Holdings Limited,Bermuda,-,-,9917555,636021083,21.02,2023,-,-,-,-,-,-,-,5X72DF,NorthStandard,DNV,-,-,-,-,-,-,2028-07-20T00:00:00,2028-07-20T00:00:00,Bernhard Schulte Shipmanagement (Hellas) SPLLC,Greece,Bernhard Schulte Shipmanagement (Hellas) SPLLC,Greece,USNSS,Sabine Pass,A,03 Jun 2026 10:26:14 GMT,06 Jun 2026 05:01:00 GMT,Unknown Owners,-,"22° 14' 6"" N","77° 31' 48"" W",4,"2 days, 11 hours"
Energy Fidelity,Liquefied Natural Gas Carrier,South Korea,HD Hyundai Samho Company Limited,13587728,Live,Marshall Islands,33327,"LNG VLGC, 100'-200'cbm",81855,Double Hull,V7A6050,111089,8105,299.00,281.30,-,46.40,12.50,13.50,Winterthur Gas & Diesel Limited (WinGD),Majuro,-,Kanellakis group of companies,Greece,Alpha Gas SA,Greece,Fermi Navigation SA,Marshall Islands,-,-,-,-,9540089,538010445,26.00,2023,-,-,-,-,-,-,-,5X72DF,NorthStandard,DNV,-,-,-,-,-,-,2028-04-21T00:00:00,2028-04-21T00:00:00,Alpha Gas SA,Greece,Alpha Gas SA,Greece,FOR ORDERS,-,A,03 Jun 2026 12:05:40 GMT,23 Jun 2026 01:00:00 GMT,Alpha Gas SA,Greece,"34° 47' 26"" S","24° 30' 34"" E",1,"1 day, 10 hours"
Yutokumaru,Liquefied Petroleum Gas Carrier,Japan,-,13909773,Live,Japan,-,Unknown size,1291,Single,JD5128,998,1651,69.71,-,-,12.50,4.46,1.54,Unknown Engine Designer,Yokohama,-,"Japan Railway Construction, Transport & Technology Agency",Japan,"Japan Railway Construction, Transport & Technology Agency & Kumazawa Kaiun Company Limited",Japan,"Japan Railway Construction, Transport & Technology Agency & Kumazawa Kaiun Company Limited",Japan,-,-,-,-,9949572,431019598,6.00,2022,-,-,-,-,-,-,-,A31R,-,Nippon Kaiji Kyokai,-,-,-,-,-,-,2027-08-18T00:00:00,2027-08-18T00:00:00,-,-,"Japan Railway Construction, Transport & Technology Agency & Kumazawa Kaiun Company Limited",Japan,JP ISW,-,A,03 Jun 2026 12:05:59 GMT,04 Jun 2026 08:30:00 GMT,"Japan Railway Construction, Transport & Technology Agency & Kumazawa Kaiun Company Limited",Japan,"41° 59' 13"" N","139° 44' 44"" E",1,"20 hours, 19 minutes"
Karadeniz LNGT Powership Oceania,Liquefied Natural Gas Carrier,Ichihara,Mitsui Engineering & Shipbuilding Company Limited (Ichihara),221607,Live,Liberia,31503,"LNG VLGC, 100'-200'cbm",66695,Double Hull,5LPZ7,105010,1352,273.50,259.00,47.20,47.20,11.37,11.49,Mitsubishi Heavy Industries Limited,Monrovia,-,Karadeniz Holding A.S.,Turkiye,Karadeniz Holding A.S.,Turkiye,Khan 3 Maritime Limited,Isle of Man,Shell International Trading & Shipping Company Limited (STASCO),United Kingdom,-,-,8608884,636023905,22.86,1990,-,-,-,-,Mitsubishi Heavy Industries Limited,17375,23300,MS24-2,NorthStandard,Bureau Veritas,-,-,2018-09-18T00:00:00,-,2015-09-28T00:00:00,-,2031-03-10T00:00:00,2031-03-10T00:00:00,Synergy Maritime Private Limited,India,Synergy Maritime Private Limited,India,-,-,A,03 Jun 2026 12:12:46 GMT,-,Karadeniz Holding A.S.,Turkiye,"2° 20' 15"" N","102° 0' 43"" E",2,"2 days, 3 hours"
Shahamah,Liquefied Natural Gas Carrier,Sakaide,Kawasaki Heavy Industries Limited Shipbuilding Division,262464,Live,Liberia,33269,"LNG VLGC, 100'-200'cbm",71931,Double Hull,ELQX7,110895,1438,293.00,280.00,45.84,45.75,11.27,10.49,Kawasaki Heavy Industries Limited (Tokyo),Monrovia,-,Abu Dhabi National Oil Company (ADNOC),United Arab Emirates,National Gas Shipping Company Limited (NGSCO),United Arab Emirates,Shahamah Incorporated,Liberia,-,-,-,-,9035852,636010085,21.76,1994,-,-,-,-,Kawasaki Shipbuilding Corporation,14565,39030,UA-400,West of England Mutual Shipowners Protection & Indemnity Association (Luxemburg),DNV,-,-,-,-,2017-11-22T00:00:00,-,2027-11-22T00:00:00,2027-11-22T00:00:00,Abu Dhabi Marine Operations & Services Company LLC (ADNOC Logistics & Services),United Arab Emirates,Abu Dhabi Marine Operations & Services Company LLC (ADNOC Logistics & Services),United Arab Emirates,-,-,A,03 Jun 2026 11:57:54 GMT,-,National Gas Shipping Company Limited (NGSCO),United Arab Emirates,"26° 25' 45"" N","119° 43' 25"" E",11,"8 days, 16 hours"
Doha,Liquefied Natural Gas Carrier,Nagasaki,Mitsubishi Heavy Industries Limited Shipbuilding,275451,Live,Marshall Islands,33355,"LNG VLGC, 100'-200'cbm",72337,Double Hull,V7A5110,111184,2091,297.50,283.00,45.75,45.75,25.50,0.00,Mitsubishi Heavy Industries Limited,Majuro,-,Government of The State of Qatar,State of Qatar,QatarEnergy Oil and Gas (1),State of Qatar,QatarEnergy Marine (7) LLC,State of Qatar,"NYK Consortium (NYK Line, K Line, MISC Berhad & China LNG Shipping (Holdings)",Republic of Singapore,-,-,9085637,538009745,25.50,1999,-,-,-,-,Mitsubishi Heavy Industries Limited,26800,36400,MS40-2,"Britannia Steam Ship Insurance Association Ltd., The",Lloyds Register,-,-,2019-05-10T00:00:00,-,2019-05-10T00:00:00,-,2029-05-31T00:00:00,2029-05-31T00:00:00,NYK LNG Shipmanagement Limited,Japan,NYK LNG Shipmanagement Limited,Japan,MY LBU,-,A,26 May 2026 09:08:07 GMT,21 May 2026 08:00:00 GMT,QatarEnergy Oil and Gas (1),State of Qatar,"5° 11' 44"" N","115° 18' 44"" E",1,"1 day, 4 hours"
Puteri Zamrud Satu,Liquefied Natural Gas Carrier,Ichihara,Mitsui Engineering & Shipbuilding Company Limited (Ichihara),314623,Live,Malaysia,28333,"LNG VLGC, 100'-200'cbm",76144,Double Hull,9MEZ2,94446,1507,276.00,263.00,43.40,43.40,11.01,14.49,Mitsubishi Heavy Industries Limited,Port Klang,-,Unknown Owners,-,Unknown Owners,-,Future Projects Incorporated,Marshall Islands,-,-,-,-,9245031,533754000,25.50,2004,-,Alfa Laval Aalborg A/S,Unknown,Unknown,Mitsubishi Heavy Industries Limited,27171,36437,MS40-2,West of England Mutual Shipowners Protection & Indemnity Association (Luxemburg),Lloyds Register,-,-,2024-02-21T00:00:00,-,2021-08-30T00:00:00,-,2026-08-11T00:00:00,2026-08-11T00:00:00,-,-,Unknown Owners,-,MY LBU,-,A,19 Apr 2026 03:24:04 GMT,17 Dec 2026 00:00:00 GMT,Unknown Owners,-,"5° 11' 9"" N","115° 22' 10"" E",11,"1 month, 8 days"
Ergy,Liquefied Natural Gas Carrier,Okpo,Hanwha Ocean Company Limited,325442,Live,St. Kitts-Nevis,28849,"LNG VLGC, 100'-200'cbm",73659,Double Hull,V4MM7,96165,2214,287.00,270.40,43.30,43.30,11.76,14.24,Kawasaki Heavy Industries Limited (Tokyo),-,-,Unknown Owners,-,Unknown Owners,-,Voyage Shipping Incorporated,Marshall Islands,-,-,-,-,9250725,341645002,26.00,2004,-,-,-,-,Kawasaki Heavy Industries Limited Shipbuilding Division,25150,34171,UA-360,West of England Mutual Shipowners Protection & Indemnity Association (Luxemburg),-,-,-,2022-05-05T00:00:00,2022-05-05T00:00:00,2025-03-01T00:00:00,2022-05-05T00:00:00,-,-,-,-,Unknown Owners,-,-,-,A,03 Jun 2026 12:10:53 GMT,-,Unknown Owners,-,"2° 20' 32"" N","101° 56' 24"" E",1,"1 day, 3 hours"
Arctic Pioneer,Liquefied Natural Gas Carrier,Okpo,Hanwha Ocean Company Limited,329257,Live,Russia,28136,"LNG VLGC, 100'-200'cbm",77712,Double Hull,UATD6,93786,2219,277.00,266.00,-,43.40,12.10,9.16,Kawasaki Heavy Industries Limited (Tokyo),-,-,NUR Global Shipping LLC-FZ,United Arab Emirates,NUR Global Shipping LLC-FZ,United Arab Emirates,Zara Shipholding Company,Liberia,Ocean Speedstar Solutions (OPC) Private Limited,India,-,-,9256602,273272340,21.26,2005,-,-,-,-,Kawasaki Shipbuilding Corporation,26496,36000,UA-360,-,Russian Register of Ships,-,-,2020-12-19T00:00:00,2017-11-10T00:00:00,2022-07-01T00:00:00,2020-12-19T00:00:00,-,-,NUR Global Shipping LLC-FZ,United Arab Emirates,NUR Global Shipping LLC-FZ,United Arab Emirates,-,-,A,03 Jun 2026 11:25:15 GMT,-,NUR Global Shipping LLC-FZ,United Arab Emirates,"6° 39' 18"" S","82° 54' 18"" E",3,"1 day, 6 hours"
Seri Alam,Liquefied Natural Gas Carrier,Goeje Is.,Samsung Shipbuilding & Heavy Industries Company Limited,349833,Live,Malaysia,28718,"LNG VLGC, 100'-200'cbm",83482,Double Hull,9MGL7,95729,1502,283.07,270.00,-,43.40,12.43,13.57,Unknown Engine Designer,Port Klang,-,MISC Berhad,Malaysia,MISC Berhad,Malaysia,MISC Berhad,Malaysia,Petronas LNG Sendirian Berhad,Malaysia,-,-,9293832,533925000,26.00,2004,-,-,-,-,-,24877,33823,UNKNOWN TURBINE,"Britannia Steam Ship Insurance Association Ltd., The",Bureau Veritas,-,-,2025-10-04T00:00:00,2023-07-08T00:00:00,2025-10-01T00:00:00,2025-10-04T00:00:00,2030-09-05T00:00:00,2030-09-05T00:00:00,MISC Shipmanagement (L) Private Limited,Malaysia,MISC Shipmanagement (L) Private Limited,Malaysia,CN TXG,-,A,03 Jun 2026 12:10:06 GMT,03 Jun 2026 23:00:00 GMT,MISC Berhad,Malaysia,"38° 38' 31"" N","120° 41' 38"" E",1,"9 hours, 39 minutes"
LNG Soars,Liquefied Natural Gas Carrier,Goeje Is.,Samsung Shipbuilding & Heavy Industries Company Limited,352600,Live,Barbados,28726,"LNG VLGC, 100'-200'cbm",78957,Double Hull,8PPN,95753,1555,283.06,270.00,-,43.40,11.40,14.60,Kawasaki Heavy Industries Limited (Tokyo),Bridgetown,-,Unknown Owners,-,Unknown Owners,-,Sail Shipping Company Limited,"Hong Kong, S.A.R., China",-,-,-,-,9307205,314001150,26.00,2006,-,-,-,-,Kawasaki Heavy Industries Limited Shipbuilding Division,26342,35325,UA-400,-,Korean Register,Korean Register,-,2019-11-27T00:00:00,2017-10-17T00:00:00,2019-11-27T00:00:00,2019-11-27T00:00:00,2030-01-22T00:00:00,2030-01-22T00:00:00,Shanghai Fair Shipping Company Limited,People's Republic of China,Shanghai Fair Shipping Company Limited,People's Republic of China,TBC,-,A,25 May 2026 19:57:50 GMT,23 May 2026 03:00:00 GMT,Unknown Owners,-,"2° 15' 3"" N","104° 58' 56"" E",1,"1 day, 7 hours"
Seri Anggun,Liquefied Natural Gas Carrier,Goeje Is.,Samsung Shipbuilding & Heavy Industries Company Limited,357477,Live,Malaysia,28718,"LNG VLGC, 100'-200'cbm",83395,Double Hull,9MGV4,95729,1589,283.07,270.00,43.40,43.40,12.42,13.58,Kawasaki Heavy Industries Limited (Tokyo),Port Klang,-,MISC Berhad,Malaysia,MISC Berhad,Malaysia,MISC Berhad,Malaysia,Petronas LNG Sendirian Berhad,Malaysia,-,-,9321653,533953000,26.00,2005,-,-,-,-,Kawasaki Shipbuilding Corporation,24877,33800,UA-360,"Britannia Steam Ship Insurance Association Ltd., The",Bureau Veritas,-,-,2023-08-08T00:00:00,2023-08-08T00:00:00,2021-07-01T00:00:00,2016-06-27T00:00:00,2026-06-27T00:00:00,2026-06-27T00:00:00,MISC Shipmanagement (L) Private Limited,Malaysia,MISC Shipmanagement (L) Private Limited,Malaysia,-,-,A,19 Nov 2025 00:28:08 GMT,-,MISC Berhad,Malaysia,"5° 11' 15"" N","115° 19' 47"" E",2,"2 days, 8 hours"
LNG Alliance,Liquefied Natural Gas Carrier,St. Nazaire,Chantiers de l'Atlantique,357523,Live,Marshall Islands,29322,"LNG VLGC, 100'-200'cbm",86389,Double Hull,V7A7289,97741,P32,289.60,274.10,43.35,43.35,12.60,13.65,Wartsila Corporation,Majuro,-,China International Marine Containers (Group) Company Limited-CIMC,"Hong Kong, S.A.R., China",China International Marine Containers (Group) Company Limited-CIMC,"Hong Kong, S.A.R., China",CIMC Lotus Limited,"Hong Kong, S.A.R., China",Sinokor Merchant Marine Company Limited,Republic of Korea,-,-,9320075,538010704,26.25,2007,-,-,-,-,Wartsila NSD Helsinki,28000,38044,9L50DF,Steamship Mutual Underwriting Association (Bermuda) Ltd,Bureau Veritas,-,-,2022-04-16T00:00:00,2019-08-17T00:00:00,2026-05-01T00:00:00,2022-04-16T00:00:00,-,-,Wilhelmsen Ship Management Sendirian Berhad,Malaysia,Wilhelmsen Ship Management Sendirian Berhad,Malaysia,-,-,A,30 May 2026 14:24:13 GMT,-,China International Marine Containers (Group) Company Limited-CIMC,"Hong Kong, S.A.R., China","36° 17' 2"" N","3° 27' 3"" W",1,"1 day, 8 hours"
Shandong Redwood,Liquefied Natural Gas Carrier,Goeje Is.,Samsung Shipbuilding & Heavy Industries Company Limited,357541,Live,Bermuda,28726,"LNG VLGC, 100'-200'cbm",79085,Double Hull,ZCDU5,95753,1585,283.06,270.00,43.40,43.40,11.40,14.60,Kawasaki Heavy Industries Limited (Tokyo),Hamilton,-,Huaxia Bank Company Limited,People's Republic of China,Huaxia Financial Leasing Company Limited,People's Republic of China,Huajin Lixin (Tianjin) Leasing Company Limited,People's Republic of China,Shandong Marine Energy (Singapore) Private Limited,Republic of Singapore,-,-,9321744,310528000,26.00,2007,-,-,-,-,Kawasaki Heavy Industries Limited Shipbuilding Division,29029,39469,UA-400,Assuranceforeningen Gard,American Bureau,-,-,2018-03-05T00:00:00,2018-06-05T00:00:00,2015-04-25T00:00:00,2015-04-25T00:00:00,2030-07-21T00:00:00,2030-07-21T00:00:00,PG Shipmanagement Private Limited,Republic of Singapore,PG Shipmanagement Private Limited,Republic of Singapore,SINGAPORE,Singapore,A,03 Jun 2026 12:13:13 GMT,06 Jun 2026 13:00:00 GMT,Huaxia Financial Leasing Company Limited,People's Republic of China,"12° 25' 54"" N","113° 11' 7"" E",2,"2 days, 8 hours"
Golden Isaia,Liquefied Natural Gas Carrier,Goeje Is.,Samsung Shipbuilding & Heavy Industries Company Limited,357542,Live,Indonesia,28726,"LNG VLGC, 100'-200'cbm",78996,Double Hull,YDVA2,95753,1586,283.06,270.00,43.40,43.40,11.40,14.60,Kawasaki Heavy Industries Limited (Tokyo),Jakarta,-,P.T. Sillo Maritime Perdana,Republic of Singapore,PT Golden Prima Maritim,Indonesia,PT Golden Prima Maritim,Indonesia,GasLog Partners LP,Monaco,-,-,9321756,525401676,26.00,2007,-,-,-,-,Kawasaki Heavy Industries Limited Shipbuilding Division,29029,39469,UA-400,U.K. Mutual Steam Ship Assurance Association (Bermuda) Ltd,American Bureau,-,-,2020-03-24T00:00:00,2018-02-16T00:00:00,2020-03-24T00:00:00,2020-03-24T00:00:00,2030-03-26T00:00:00,2030-03-26T00:00:00,Wilhelmsen Ship Management Sendirian Berhad,Malaysia,Wilhelmsen Ship Management Sendirian Berhad,Malaysia,ID PTM,Bintuni,A,03 Jun 2026 12:13:05 GMT,07 Jun 2026 23:00:00 GMT,PT Golden Prima Maritim,Indonesia,"2° 23' 56"" S","132° 53' 29"" E",1,"1 day, 5 hours"
Grand Cosmos,Liquefied Natural Gas Carrier,Ulsan,HD Hyundai Heavy Industries Company Limited,358501,Live,Liberia,30144,"LNG VLGC, 100'-200'cbm",85224,Double Hull,5LUR9,100481,1730,288.15,274.00,-,48.00,12.35,13.65,Mitsubishi Heavy Industries Limited,Monrovia,-,Zeus Energy Private Limited,Republic of Singapore,Zeus Energy Private Limited,Republic of Singapore,Zeus Energy Private Limited,Republic of Singapore,-,-,-,-,9323675,636024872,26.00,2008,-,Alfa Laval Aalborg A/S,Unknown,Unknown,HD Hyundai Heavy Industries Company Limited,29420,31500,MS40-2,West of England Mutual Shipowners Protection & Indemnity Association (Luxemburg),Lloyds Register,-,-,2026-02-07T00:00:00,-,2023-04-04T00:00:00,-,2028-03-13T00:00:00,2028-03-13T00:00:00,Bernhard Schulte Shipmanagement (Singapore) Private Limited,-,Bernhard Schulte Shipmanagement (Singapore) Private Limited,-,RU PGN,Prigorodnoye,A,03 Jun 2026 12:08:22 GMT,03 Jun 2026 07:00:00 GMT,Zeus Energy Private Limited,Republic of Singapore,"46° 34' 1"" N","142° 51' 22"" E",3,"1 day, 4 hours"
LNG Ebisu,Liquefied Natural Gas Carrier,Sakaide,Kawasaki Heavy Industries Limited Shipbuilding Division,360680,Live,Bahamas,35673,"LNG VLGC, 100'-200'cbm",81032,Double Hull,C6XB4,118910,1588,289.50,277.00,49.00,49.00,12.25,14.75,Unknown Engine Designer,Nassau,-,Unknown Owners,-,Unknown Owners,-,Panther Shipping Line SA,Panama,-,-,-,-,9329291,311004400,27.00,2008,-,-,-,-,Kawasaki Heavy Industries Limited Shipbuilding Division,26900,36073,UA-400,U.K. Mutual Steam Ship Assurance Association (Bermuda) Ltd,Nippon Kaiji Kyokai,-,-,2021-04-11T00:00:00,-,2018-07-26T00:00:00,-,2028-09-21T00:00:00,2028-09-21T00:00:00,MOL LNG Transport Company Limited,Japan,MOL LNG Transport Company Limited,Japan,-,-,A,04 Feb 2026 01:18:16 GMT,-,Unknown Owners,-,"5° 10' 1"" N","115° 27' 41"" E",1,"3 days, 10 hours"
Tangguh Hiri,Liquefied Natural Gas Carrier,Ulsan,HD Hyundai Heavy Industries Company Limited,361909,Live,Bahamas,31576,"LNG VLGC, 100'-200'cbm",76700,Double Hull,C6XC2,101957,1780,288.43,275.00,44.20,44.20,12.20,13.80,Wartsila Corporation,Nassau,-,Stonepeak Infrastructure Partners (Stonepeak Partners LP),United States of America,Seapeak LLC,Marshall Islands,Tangguh Hiri Finance Limited,United Kingdom,Seapeak Maritime (Glasgow) Limited,United Kingdom,-,-,9333632,309787000,26.00,2008,-,Alfa Laval Aalborg A/S,Unknown,Unknown,Fincantieri-Cantieri Navali Italiani S.p.A.,39900,27124,9L50DF,Assuranceforeningen Skuld,Lloyds Register,-,-,2024-05-17T00:00:00,-,2022-05-08T00:00:00,-,2027-05-17T00:00:00,2027-05-17T00:00:00,Seapeak Maritime Limited,Bermuda,Seapeak Maritime (Glasgow) Limited,United Kingdom,ID NTI,Bintuni,A,03 Jun 2026 11:18:38 GMT,13 Jun 2026 00:01:00 GMT,Seapeak LLC,Marshall Islands,"2° 25' 0"" N","124° 38' 42"" E",1,"1 day, 6 hours"
Tangguh Batur,Liquefied Natural Gas Carrier,Okpo,Hanwha Ocean Company Limited,362231,Live,Singapore,29230,"LNG VLGC, 100'-200'cbm",84980,Double Hull,9V7631,97432,2242,285.40,274.39,43.40,43.40,11.50,14.50,Kawasaki Heavy Industries Limited (Tokyo),Singapore,-,Nippon Yusen Kabushiki Kaisha (NYK Line) (Nippon Yusen Kaisha),Japan,Nippon Yusen Kabushiki Kaisha (NYK Line) (Nippon Yusen Kaisha),Japan,LNG North-South Shipping Company(Singapore) Private Limited,Republic of Singapore,Tangguh Production Sharing Contractors (TPSC),Indonesia,-,-,9334284,564090000,26.00,2008,-,Alfa Laval Aalborg A/S,Unknown,Unknown,Kawasaki Heavy Industries Limited Shipbuilding Division,28464,38171,UA-400,U.K. Mutual Steam Ship Assurance Association (Bermuda) Ltd,Lloyds Register,-,-,2023-12-14T00:00:00,-,2023-12-25T00:00:00,-,2028-12-14T00:00:00,2028-12-14T00:00:00,NYK Shipmanagement Private Limited,Republic of Singapore,NYK Shipmanagement Private Limited,Republic of Singapore,MY LBU,-,A,03 Jun 2026 11:51:49 GMT,20 Nov 2026 22:00:00 GMT,Nippon Yusen Kabushiki Kaisha (NYK Line) (Nippon Yusen Kaisha),Japan,"5° 11' 29"" N","115° 20' 55"" E",1,"1 day, 4 hours"
Al Gharrafa,Liquefied Natural Gas Carrier,Ulsan,HD Hyundai Heavy Industries Company Limited,362849,Live,Oman,42016,"LNG QatarMax, 200'+ cbm",113861,Double Hull,A4DL8,136410,1792,315.16,303.00,50.04,50.00,12.50,14.50,B&W Diesel A/S,-,-,Qatar Gas Transport Company Limited (Nakilat) QPSC,State of Qatar,Qatar Gas Transport Company Limited (Nakilat) QPSC,State of Qatar,Overseas LNG H2 LLC,State of Qatar,RasGas Company Limited (RASGAS),State of Qatar,-,-,9337717,461000266,27.00,2007,-,-,-,-,HD Hyundai Heavy Industries Company Limited,18660,25370,6S70ME-C,Assuranceforeningen Gard,DNV,-,-,-,-,2012-11-12T00:00:00,-,2028-01-11T00:00:00,2028-01-11T00:00:00,Nakilat Shipping (Qatar) Limited  (NSQL),State of Qatar,Nakilat Shipping (Qatar) Limited  (NSQL),State of Qatar,QA RLF,Ras Laffan,A,03 Jun 2026 12:02:16 GMT,29 May 2026 05:00:00 GMT,Qatar Gas Transport Company Limited (Nakilat) QPSC,State of Qatar,"17° 50' 12"" N","70° 7' 19"" E",1,"1 day, 7 hours"
Duhail,Liquefied Natural Gas Carrier,Okpo,Hanwha Ocean Company Limited,362858,Live,Bahamas,44086,"LNG QatarMax, 200'+ cbm",98191,Double Hull,C6WF6,137535,2247,315.00,303.00,50.00,50.00,12.00,15.00,B&W Diesel A/S,Nassau,-,Qatar Gas Transport Company Limited (Nakilat) QPSC & Pronav Ship Management GmbH & Company KG,State of Qatar,Qatar Gas Transport Company Limited (Nakilat) QPSC & Pronav Ship Management GmbH & Company KG,State of Qatar,Nauranto Schiffsbetriebsgesellschaft mbH & Company ts Gabriela KG,Germany,Qatar Liquefied Gas Company Limited,State of Qatar,-,-,9337975,309599000,27.00,2008,-,-,-,-,HSD Sjo AS,37320,22501,6S70ME-C,Assuranceforeningen Gard,Lloyds Register,-,-,2025-08-04T00:00:00,-,2022-12-06T00:00:00,-,2028-01-14T00:00:00,2028-01-14T00:00:00,Pronav Ship Management GmbH & Company KG,Germany,Pronav Ship Management GmbH & Company KG,Germany,QARLF,Ras Laffan,A,03 Jun 2026 12:10:45 GMT,01 Jul 2026 00:01:00 GMT,Qatar Gas Transport Company Limited (Nakilat) QPSC & Pronav Ship Management GmbH & Company KG,State of Qatar,"19° 19' 27"" S","57° 26' 11"" E",1,"1 day, 17 hours"
Al Ghariya,Liquefied Natural Gas Carrier,Okpo,Hanwha Ocean Company Limited,362859,Live,Bahamas,44086,"LNG QatarMax, 200'+ cbm",121730,Double Hull,C6WF5,137535,2248,315.00,303.00,50.00,50.00,13.60,13.40,B&W Diesel A/S,Nassau,-,Qatar Gas Transport Company Limited (Nakilat) QPSC & Pronav Ship Management GmbH & Company KG,State of Qatar,Qatar Gas Transport Company Limited (Nakilat) QPSC & Pronav Ship Management GmbH & Company KG,State of Qatar,Neptora Schiffsbetriebsgesellschaft mbH & Company ts Julia KG,Germany,Qatar Liquefied Gas Company Limited,State of Qatar,-,-,9337987,308248000,27.00,2008,-,-,-,-,HSD Sjo AS,33100,22501,6S70ME-C,Assuranceforeningen Gard,Lloyds Register,-,-,2025-09-27T00:00:00,-,2022-11-11T00:00:00,-,2028-01-20T00:00:00,2028-01-20T00:00:00,Pronav Ship Management GmbH & Company KG,Germany,Pronav Ship Management GmbH & Company KG,Germany,-,Ras Laffan,A,03 Jun 2026 12:11:02 GMT,-,Qatar Gas Transport Company Limited (Nakilat) QPSC & Pronav Ship Management GmbH & Company KG,State of Qatar,"9° 18' 56"" S","54° 37' 27"" E",1,"2 days, 1 hour"
Tangguh Jaya,Liquefied Natural Gas Carrier,Goeje Is.,Samsung Shipbuilding & Heavy Industries Company Limited,366684,Live,Panama,30877,"LNG VLGC, 100'-200'cbm",82313,Double Hull,3ETB6,97897,1620,285.10,274.00,-,43.40,11.50,13.91,Unknown Engine Designer,Panama,-,Kawasaki Kisen Kaisha Limited (Kawasaki Kisen KK) ('K' Line),Japan,Kawasaki Kisen Kaisha Limited (Kawasaki Kisen KK) ('K' Line),Japan,Ocean 1919 Shipping No. 2 S.A.,Panama,-,-,-,-,9349019,370502000,26.00,2008,-,-,-,-,Wartsila Deutschland GmbH,11461,15370,UA-400,Japan Shipowners Mutual Protection & Indemnity Association,American Bureau,-,-,2018-04-23T00:00:00,2015-05-02T00:00:00,2018-04-23T00:00:00,2018-04-23T00:00:00,2028-07-14T00:00:00,2028-07-14T00:00:00,K Marine Ship Management Private Limited,Republic of Singapore,K Marine Ship Management Private Limited,Republic of Singapore,ID TGU,Tanah Grogot,A,03 Jun 2026 11:11:57 GMT,13 Jun 2026 21:00:00 GMT,Kawasaki Kisen Kaisha Limited (Kawasaki Kisen KK) ('K' Line),Japan,"4° 55' 30"" N","132° 23' 54"" E",1,"1 day, 4 hours"
Gaslog Savannah,Liquefied Natural Gas Carrier,Goeje Is.,Samsung Shipbuilding & Heavy Industries Company Limited,367918,Live,Bermuda,30877,"LNG VLGC, 100'-200'cbm",82291,Double Hull,ZCDZ2,97818,1641,285.10,274.00,43.40,43.40,11.50,14.50,B&W Diesel A/S,Hamilton,-,GasLog Limited,Greece,GasLog Limited,Greece,Gas-One Limited,Bermuda,-,-,-,-,9352860,310583000,26.00,2010,-,-,-,-,Wartsila SACM,77690,105629,10RT-FLEX96C,West of England Mutual Shipowners Protection & Indemnity Association (Luxemburg),American Bureau,-,-,2019-08-24T00:00:00,2018-03-26T00:00:00,2020-08-29T00:00:00,2019-08-24T00:00:00,2030-05-30T00:00:00,2030-05-30T00:00:00,Gaslog LNG Services Limited,Greece,Gaslog LNG Services Limited,Greece,FOR ORDERS,Piombino,A,03 Jun 2026 12:03:22 GMT,15 Jun 2026 05:01:00 GMT,GasLog Limited,Greece,"36° 4' 3"" N","7° 5' 15"" W",2,"3 hours, 25 minutes"
Gigira Laitebo,Liquefied Natural Gas Carrier,Ulsan,HD Hyundai Heavy Industries Company Limited,372317,Live,Bahamas,34283,"LNG VLGC, 100'-200'cbm",87194,Double Hull,C6XC7,114277,1876,298.43,285.00,-,46.00,13.00,13.80,Wartsila Corporation,Nassau,-,Mitsui O.S.K. Lines Limited (MOL),Japan,MOL (Europe Africa) Limited,United Kingdom,Cleopatra LNG Shipping Company Limited,Marshall Islands,ExxonMobil Corporation,United States of America,-,-,9360922,309415000,26.80,2010,-,-,-,-,Cummins Limited,-,-,12V50DF,U.K. Mutual Steam Ship Assurance Association (Bermuda) Ltd,Bureau Veritas,-,-,2024-07-02T00:00:00,2022-06-08T00:00:00,2024-07-01T00:00:00,2024-07-02T00:00:00,2029-08-14T00:00:00,2029-08-14T00:00:00,MOL Global Ship Management Private Limited,Republic of Singapore,MOL Global Ship Management Private Limited,Republic of Singapore,MY PGU,Yung-An,A,03 Jun 2026 12:06:52 GMT,08 Jun 2026 07:00:00 GMT,MOL (Europe Africa) Limited,United Kingdom,"20° 41' 55"" N","118° 26' 24"" E",3,4 days
Al Kharsaah,Liquefied Natural Gas Carrier,Goeje Is.,Samsung Shipbuilding & Heavy Industries Company Limited,372674,Live,Bahamas,41972,"LNG QatarMax, 200'+ cbm",116267,Double Hull,C6VG3,135848,1644,315.06,302.00,50.03,50.00,12.00,15.00,B&W Diesel A/S,Nassau,-,Qatar Gas Transport Company Limited (Nakilat) QPSC (60%) & Teekay Corporation (40%),State of Qatar,Qatar Gas Transport Company Limited (Nakilat) QPSC (60%) & Teekay Corporation (40%),State of Qatar,Al Kharsaah Incorporated,Bermuda,RasGas Company Limited (RASGAS),State of Qatar,-,-,9360881,309333000,27.04,2008,-,-,-,-,Doosan Engine Company Limited,16692,21564,6S70ME-C,NorthStandard,American Bureau,-,-,2020-06-20T00:00:00,2015-09-23T00:00:00,2017-08-26T00:00:00,2017-08-17T00:00:00,2027-08-26T00:00:00,2027-08-26T00:00:00,Seapeak Maritime (Glasgow) Limited,United Kingdom,Seapeak Maritime (Glasgow) Limited,United Kingdom,-,-,A,03 Jun 2026 12:10:36 GMT,-,Qatar Gas Transport Company Limited (Nakilat) QPSC (60%) & Teekay Corporation (40%),State of Qatar,"20° 6' 60"" S","56° 35' 36"" E",2,"3 days, 2 hours"
BW Brussels,Liquefied Natural Gas Carrier,Okpo,Hanwha Ocean Company Limited,379966,Live,Singapore,31102,"LNG VLGC, 100'-200'cbm",84483,Double Hull,9V6429,103670,2259,295.00,284.00,43.42,43.40,12.04,13.96,Wartsila Corporation,Singapore,-,BW Group Limited,Bermuda,BW Maritime Private Limited,Republic of Singapore,BW LNG IV Private Limited,Republic of Singapore,-,-,-,-,9368314,563089400,26.00,2009,-,-,-,-,Oy Wartsila AB,34200,19761,12V50DF,Assuranceforeningen Gard,DNV,-,-,-,-,2019-08-01T00:00:00,-,2029-08-03T00:00:00,2029-08-03T00:00:00,BW Fleet Management AS,Norway,BW Fleet Management AS,Norway,FOR ORDERS,-,A,03 Jun 2026 11:18:33 GMT,07 Jun 2026 05:01:00 GMT,BW Maritime Private Limited,Republic of Singapore,"27° 28' 48"" N","70° 31' 18"" W",1,"1 day, 8 hours"
Al Rekayyat,Liquefied Natural Gas Carrier,Ulsan,HD Hyundai Heavy Industries Company Limited,459120,Live,Marshall Islands,42016,"LNG QatarMax, 200'+ cbm",113857,Double Hull,V7QF3,136168,1910,315.16,303.00,50.00,50.00,12.50,14.50,B&W Diesel A/S,Majuro,-,Qatar Gas Transport Company Limited (Nakilat) QPSC,State of Qatar,Qatar Gas Transport Company Limited (Nakilat) QPSC,State of Qatar,Nakilat HHI 1910 LLC,State of Qatar,Qatar Liquefied Gas Company Limited,State of Qatar,-,-,9397339,538003347,27.00,2009,-,-,-,-,HD Hyundai Heavy Industries Company Limited,37320,21564,6S70ME-C,NorthStandard,DNV,-,-,-,-,2019-07-04T00:00:00,-,2029-06-30T00:00:00,2029-06-30T00:00:00,Nakilat Shipping (Qatar) Limited  (NSQL),State of Qatar,Nakilat Shipping (Qatar) Limited  (NSQL),State of Qatar,ARABIAN SEA,-,A,03 Jun 2026 11:17:40 GMT,07 Jun 2026 21:00:00 GMT,Qatar Gas Transport Company Limited (Nakilat) QPSC,State of Qatar,"9° 51' 48"" N","72° 4' 54"" E",2,"3 days, 14 hours"
LNG Barka,Liquefied Natural Gas Carrier,Sakaide,Kawasaki Heavy Industries Limited Shipbuilding Division,580187,Live,Bahamas,36455,"LNG VLGC, 100'-200'cbm",82308,Double Hull,C6WO8,121514,1591,289.50,277.00,49.00,49.00,12.43,14.57,Kawasaki Heavy Industries Limited (Tokyo),Nassau,-,Nippon Yusen Kabushiki Kaisha (NYK Line) (Nippon Yusen Kaisha),Japan,Nippon Yusen Kabushiki Kaisha (NYK Line) (Nippon Yusen Kaisha),Japan,OJV Cayman 3 Limited,Cayman Islands,Osaka Gas Company Limited,Japan,-,-,9341299,308579000,27.00,2008,-,-,-,-,Kawasaki Heavy Industries Limited Shipbuilding Division,27600,37012,UA-400,U.K. Mutual Steam Ship Assurance Association (Bermuda) Ltd,Nippon Kaiji Kyokai,-,-,2018-10-21T00:00:00,-,2018-10-21T00:00:00,-,2028-12-28T00:00:00,2028-12-28T00:00:00,NYK LNG Shipmanagement Limited,Japan,NYK LNG Shipmanagement Limited,Japan,JP SBK,Sakai,A,03 Jun 2026 12:09:28 GMT,04 Jun 2026 03:00:00 GMT,Nippon Yusen Kabushiki Kaisha (NYK Line) (Nippon Yusen Kaisha),Japan,"32° 41' 55"" N","134° 50' 53"" E",2,"2 days, 11 hours"
Al Nuaman,Liquefied Natural Gas Carrier,Okpo,Hanwha Ocean Company Limited,741812,Live,Marshall Islands,45524,"LNG QatarMax, 200'+ cbm",121910,Double Hull,V7QF7,136980,2285,315.00,303.00,-,50.00,13.60,13.40,B&W Diesel A/S,Majuro,-,Qatar Gas Transport Company Limited (Nakilat) QPSC,State of Qatar,Qatar Gas Transport Company Limited (Nakilat) QPSC,State of Qatar,Nakilat DSME 2285 LLC,State of Qatar,Qatar Liquefied Gas Company Limited,State of Qatar,-,-,9431135,538003351,27.00,2009,-,-,-,-,Doosan Engine Company Limited,33178,22554,6S70ME-C,NorthStandard,Lloyds Register,-,-,2024-10-01T00:00:00,-,2024-10-18T00:00:00,-,2029-11-23T00:00:00,2029-11-23T00:00:00,Shell International Trading & Shipping Company Limited (STASCO),United Kingdom,Shell International Trading & Shipping Company Limited (STASCO),United Kingdom,FOR ORDERS,-,A,03 Jun 2026 12:10:35 GMT,30 May 2026 05:05:00 GMT,Qatar Gas Transport Company Limited (Nakilat) QPSC,State of Qatar,"27° 8' 46"" S","46° 55' 25"" E",1,"1 day, 14 hours"
Al Bahiya,Liquefied Natural Gas Carrier,Okpo,Hanwha Ocean Company Limited,741813,Live,Marshall Islands,45524,"LNG QatarMax, 200'+ cbm",100349,Double Hull,V7QF5,136980,2286,315.00,303.00,50.03,50.00,13.60,13.40,B&W Diesel A/S,Majuro,-,Qatar Gas Transport Company Limited (Nakilat) QPSC,State of Qatar,Qatar Gas Transport Company Limited (Nakilat) QPSC,State of Qatar,Nakilat DSME 2286 LLC,State of Qatar,Qatar Liquefied Gas Company Limited,State of Qatar,-,-,9431147,538003349,27.00,2010,-,-,-,-,Doosan Engine Company Limited,33170,22554,6S70ME-C,"Britannia Steam Ship Insurance Association Ltd., The",Lloyds Register,-,-,2024-11-25T00:00:00,-,2024-12-06T00:00:00,-,2030-01-26T00:00:00,2030-01-26T00:00:00,Shell International Trading & Shipping Company Limited (STASCO),United Kingdom,Shell International Trading & Shipping Company Limited (STASCO),United Kingdom,FOR ORDERS,-,A,03 Jun 2026 12:07:11 GMT,05 Jun 2026 21:21:00 GMT,Qatar Gas Transport Company Limited (Nakilat) QPSC,State of Qatar,"17° 52' 50"" N","70° 29' 19"" E",1,"2 days, 2 hours"
Valencia Knutsen,Liquefied Natural Gas Carrier,Okpo,Hanwha Ocean Company Limited,746929,Live,Spain,34573,"LNG VLGC, 100'-200'cbm",97730,Double Hull,EAUZ,110920,2274,290.00,279.00,45.80,45.80,12.90,13.60,Wartsila Corporation,Santa Cruz de Tenerife,-,TS Shipping Invest AS,Norway,Knutsen OAS Shipping AS,Norway,Norspan LNG VII AS,Norway,Repsol Petroleo S.A.,Spain,-,-,9434266,225420000,26.50,2010,-,-,-,-,-,39900,15370,12V50DF,Assuranceforeningen Skuld,DNV,-,-,-,-,2020-10-08T00:00:00,-,2030-09-30T00:00:00,2030-09-30T00:00:00,Knutsen OAS Shipping AS,Norway,Knutsen OAS Shipping AS,Norway,FOR ORDERS,-,A,03 Jun 2026 11:56:15 GMT,11 Jun 2026 13:00:00 GMT,Knutsen OAS Shipping AS,Norway,"40° 42' 31"" N","145° 6' 37"" W",1,"1 day, 8 hours"
Trader III,Liquefied Natural Gas Carrier,Nagasaki,Mitsubishi Heavy Industries Limited Shipbuilding,308642,Dead,Liberia,27911,"LNG VLGC, 100'-200'cbm",76110,Double Hull,-,93038,2165,276.00,263.00,43.40,43.40,11.06,14.44,Mitsubishi Heavy Industries Limited,Monrovia,-,-,-,-,-,-,-,-,-,-,-,9213416,-,25.50,2002,-,Alfa Laval Aalborg A/S,Unknown,Unknown,Mitsubishi Heavy Industries Limited,24454,32794,MS40-2,-,-,-,-,2019-10-01T00:00:00,-,2017-10-01T00:00:00,-,-,-,-,-,-,-,-,-,A,15 Mar 2025 08:06:11 GMT,-,Capital Gas Ship,-,"22° 24' 3"" N","91° 44' 28"" E",9,"4 days, 4 hours"
Rade,Liquefied Natural Gas Carrier,Goeje Is.,Samsung Shipbuilding & Heavy Industries Company Limited,316202,Dead,Comoros,28049,"LNG VLGC, 100'-200'cbm",75109,Double Hull,-,93498,1380,268.24,266.00,42.60,42.60,12.09,8.65,Kawasaki Heavy Industries Limited (Tokyo),Moroni,-,Bangladesh Breakers,Bangladesh,Bangladesh Breakers,Bangladesh,Bangladesh Breakers,Bangladesh,-,-,-,-,9238038,-,20.74,2002,-,Alfa Laval Aalborg A/S,Unknown,Unknown,Kawasaki Heavy Industries Limited Shipbuilding Division,29050,39469,UA-400,British Marine (QBE Insurance Group Limited),-,-,-,2019-09-14T00:00:00,-,2017-11-13T00:00:00,-,-,-,-,-,Bangladesh Breakers,Bangladesh,-,-,A,21 Sep 2025 07:29:13 GMT,-,Bangladesh Breakers,Bangladesh,"22° 28' 46"" N","91° 42' 33"" E",2,"3 hours, 50 minutes"
Arctic Metagaz,Liquefied Natural Gas Carrier,Okpo,Hanwha Ocean Company Limited,321345,Dead,Russia,28154,"LNG VLGC, 100'-200'cbm",77410,Double Hull,-,93844,2212,277.00,266.00,43.44,43.40,12.10,13.90,Kawasaki Heavy Industries Limited (Tokyo),-,-,-,-,-,-,-,-,-,-,-,-,9243148,-,26.00,2003,-,-,-,-,Kawasaki Shipbuilding Corporation,26985,36690,UA-400,-,-,-,-,-,-,2013-05-26T00:00:00,-,-,-,-,-,-,-,PORT SAID FOR ORDER,Port Said,A,02 Mar 2026 18:33:51 GMT,23 Mar 2026 16:00:00 GMT,Lathyrus Shipping Co,-,"35° 53' 45"" N","14° 59' 16"" E",1,"1 day, 3 hours"
Asia Vision,Liquefied Natural Gas Carrier,Goeje Is.,Samsung Shipbuilding & Heavy Industries Company Limited,10656270,Live,Bahamas,32639,"LNG VLGC, 100'-200'cbm",82487,Double Hull,C6AX3,101427,1920,285.00,274.00,-,43.40,11.50,14.50,Wartsila Corporation,Nassau,-,Chevron Corporation,United States of America,Chevron Transport Corporation Limited,United States of America,Chevron Transport Corporation Limited,United States of America,-,-,-,-,9606948,311000182,26.40,2014,-,-,-,-,-,-,-,12V50DF,NorthStandard,American Bureau,-,-,2019-06-30T00:00:00,-,2019-06-30T00:00:00,2019-06-30T00:00:00,2029-06-18T00:00:00,2029-06-18T00:00:00,Chevron Transport Corporation Limited,United States of America,Chevron Transport Corporation Limited,United States of America,"NIIGATA,JAPAN",Niigata,A,03 Jun 2026 12:00:36 GMT,10 Jun 2026 00:01:00 GMT,Chevron Transport Corporation Limited,United States of America,"4° 8' 28"" N","127° 44' 7"" E",1,"1 day, 6 hours"
Maran Gas Lindos,Liquefied Natural Gas Carrier,South Korea,Hanwha Ocean Company Limited,10997720,Live,Greece,31167,"LNG VLGC, 100'-200'cbm",89344,Double Hull,SVCB7,103893,2292,294.20,283.20,-,44.00,11.50,14.50,Unknown Engine Designer,Piraeus,-,Maran Nakilat Company Limited,Cayman Islands,Maran Nakilat Company Limited,Cayman Islands,Olivia International Shipping Corporation,Liberia,BG Group PLC,United Kingdom,-,-,9627502,241351000,26.00,2015,-,-,-,-,-,-,-,12V50DF,Assuranceforeningen Gard,American Bureau,-,-,2017-12-16T00:00:00,-,-,-,2030-06-29T00:00:00,2030-06-29T00:00:00,Maran Gas Maritime Incorporated,Greece,Maran Gas Maritime Incorporated,Greece,FOR ORDERS,-,A,03 Jun 2026 12:03:44 GMT,03 Jun 2026 14:30:00 GMT,Maran Nakilat Company Limited,Cayman Islands,"12° 4' 23"" S","130° 14' 33"" E",2,"2 days, 13 hours"
Maran Gas Efessos,Liquefied Natural Gas Carrier,South Korea,Hanwha Ocean Company Limited,10997876,Live,Greece,31179,"LNG VLGC, 100'-200'cbm",89711,Double Hull,SVBW6,103928,2291,294.20,283.20,44.03,44.00,11.50,14.50,Unknown Engine Designer,Piraeus,-,Maran Nakilat Company Limited,Cayman Islands,Maran Nakilat Company Limited,Cayman Islands,Acrogiali Shipping & Trading S.A.,Liberia,BG Group PLC,United Kingdom,-,-,9627497,241291000,26.00,2014,-,-,-,-,-,-,-,12V50DF,NorthStandard,DNV,-,-,-,-,2019-04-15T00:00:00,-,2029-06-12T00:00:00,2029-06-12T00:00:00,Maran Gas Maritime Incorporated,Greece,Maran Gas Maritime Incorporated,Greece,FOR ORDERS,-,A,03 Jun 2026 12:03:31 GMT,08 Jun 2026 14:01:00 GMT,Maran Nakilat Company Limited,Cayman Islands,"3° 20' 16"" S","146° 32' 1"" E",1,"1 day, 8 hours"
Cool Voyager,Liquefied Natural Gas Carrier,Goeje Is.,Samsung Shipbuilding & Heavy Industries Company Limited,11004342,Live,Malta,30630,"LNG VLGC, 100'-200'cbm",81890,Double Hull,9HA3401,102097,2045,280.57,269.00,43.42,43.40,11.75,14.65,Unknown Engine Designer,Valletta,-,Constantinos Martinos family,Greece,Thenamaris (Ships Management) Incorporated,Greece,Energy Shipping & Trading S.A.,Liberia,-,-,-,-,9636785,229553000,26.50,2013,-,-,-,-,-,-,-,12V50DF,NorthStandard,DNV,-,-,-,-,2018-09-15T00:00:00,-,2028-10-29T00:00:00,2028-10-29T00:00:00,Thenamaris LNG Incorporated,Greece,Thenamaris LNG Incorporated,Greece,FOR ORDERS,-,A,03 Jun 2026 11:59:46 GMT,06 Jun 2026 16:00:00 GMT,Thenamaris (Ships Management) Incorporated,Greece,"10° 50' 42"" N","112° 7' 11"" E",2,"2 days, 9 hours"
Kool Blizzard,Liquefied Natural Gas Carrier,Goeje Is.,Samsung Shipbuilding & Heavy Industries Company Limited,11004427,Live,Marshall Islands,30661,"LNG VLGC, 100'-200'cbm",82200,Double Hull,V7AF2,102611,2047,280.57,269.00,43.42,43.40,12.15,14.65,Wartsila Corporation,Majuro,-,Golar LNG Limited,Bermuda,Cool Company Management AS,Norway,Kool Blizzard Corporation,Marshall Islands,-,-,-,-,9635315,538004981,26.40,2015,-,-,-,-,-,-,-,12V50DF,Assuranceforeningen Gard,DN (provisional), (provisional), (provisional),-,-,2019-12-06T00:00:00,-,2030-01-05T00:00:00,2030-01-05T00:00:00,Cool Company Management AS,Norway,Cool Company Management AS,Norway,AUDRWOPL,Darwin,A,03 Jun 2026 12:07:12 GMT,04 Jun 2026 00:30:00 GMT,Cool Company Management AS,Norway,"11° 58' 56"" S","129° 57' 39"" E",1,"1 day, 6 hours"
Clean Ocean,Liquefied Natural Gas Carrier,Ulsan,HD Hyundai Heavy Industries Company Limited,11016448,Live,Marshall Islands,33763,"LNG VLGC, 100'-200'cbm",89956,Double Hull,V7CY7,105943,2558,289.00,275.00,-,45.60,12.50,13.50,Wartsila Corporation,Majuro,-,China Development Bank (CDB),People's Republic of China,China Development Bank Financial Leasing Company Limited,People's Republic of China,CDBL Ocean Limited,"Hong Kong, S.A.R., China",Yamal Trade Private Limited,Republic of Singapore,-,-,9637492,538005350,26.00,2014,-,Alfa Laval Aalborg A/S,Unknown,Unknown,Wartsila Corporation,-,-,12V50DF,NorthStandard,Lloyds Register,-,-,2024-07-09T00:00:00,-,2024-07-19T00:00:00,-,2029-06-02T00:00:00,2029-06-02T00:00:00,Dynagas Limited,Greece,Dynagas Limited,Greece,FOR ORDERS,-,A,03 Jun 2026 12:05:57 GMT,05 Jun 2026 16:00:00 GMT,China Development Bank Financial Leasing Company Limited,People's Republic of China,"39° 26' 23"" N","11° 2' 42"" W",1,"1 day, 5 hours"
Maran Gas Sparta,Liquefied Natural Gas Carrier,Samho,HD Hyundai Samho Company Limited,11057291,Live,Greece,33854,"LNG VLGC, 100'-200'cbm",90392,Double Hull,SVBW4,105773,S626,289.00,275.00,-,45.00,12.50,13.50,Wartsila Corporation,Piraeus,-,Angelicoussis Shipping Group Limited,Greece,Maran Gas Maritime Incorporated,Greece,Lettuce Maritime Corporation,Liberia,BG Group PLC,United Kingdom,-,-,9650042,241289000,26.00,2015,-,Alfa Laval Aalborg A/S,Unknown,Unknown,-,-,-,8L50DF,Assuranceforeningen Gard,Lloyds Register,-,-,2025-06-06T00:00:00,-,2025-06-06T00:00:00,-,2030-04-19T00:00:00,2030-04-19T00:00:00,Maran Gas Maritime Incorporated,Greece,Maran Gas Maritime Incorporated,Greece,FOR ORDERS,-,A,03 Jun 2026 12:07:23 GMT,13 Jun 2026 16:01:00 GMT,Maran Gas Maritime Incorporated,Greece,"3° 26' 8"" N","113° 0' 9"" E",2,"3 days, 8 hours"
Kool Frost,Liquefied Natural Gas Carrier,Goeje Is.,Samsung Shipbuilding & Heavy Industries Company Limited,11078532,Live,Marshall Islands,30631,"LNG VLGC, 100'-200'cbm",82005,Double Hull,V7AE2,102100,2055,280.50,269.00,-,43.40,11.75,9.25,Wartsila Corporation,Majuro,-,Golar LNG Limited,Bermuda,Cool Company Management AS,Norway,Kool Frost Corporation,Marshall Islands,The Cool Pool Limited,Marshall Islands,-,-,9655042,538004975,21.00,2014,-,-,-,-,Wartsila Deutschland GmbH,21195,28422,6L50DF,Assuranceforeningen Gard,DNV,-,-,2019-11-08T00:00:00,-,2019-11-08T00:00:00,2019-11-08T00:00:00,2029-10-14T00:00:00,2029-10-14T00:00:00,Cool Company Management AS,Norway,Cool Company Management AS,Norway,AUBWB,Barrow Island,A,03 Jun 2026 12:06:48 GMT,04 Jun 2026 16:01:00 GMT,Cool Company Management AS,Norway,"20° 4' 52"" S","116° 40' 52"" E",3,"3 days, 22 hours"
Maran Gas Troy,Liquefied Natural Gas Carrier,Okpo,Hanwha Ocean Company Limited,11107568,Live,Greece,31167,"LNG VLGC, 100'-200'cbm",89240,Double Hull,SVCB8,103893,2406,294.20,283.20,44.03,44.00,12.52,13.48,Unknown Engine Designer,Piraeus,-,Angelicoussis Shipping Group Limited,Greece,Maran Gas Maritime Incorporated,Greece,Helianthus Navigation Corporation,Greece,-,-,-,-,9658240,241352000,26.00,2015,-,-,-,-,-,-,-,12V50DF,NorthStandard,DN (provisional), (provisional), (provisional),-,-,-,-,2030-09-24T00:00:00,2030-09-24T00:00:00,Maran Gas Maritime Incorporated,Greece,Maran Gas Maritime Incorporated,Greece,MY BTU,-,A,03 Jun 2026 12:03:28 GMT,03 Jun 2026 16:00:00 GMT,Maran Gas Maritime Incorporated,Greece,"3° 25' 15"" N","112° 58' 33"" E",1,"1 day, 5 hours"
Asia Venture,Liquefied Natural Gas Carrier,Goeje Is.,Samsung Shipbuilding & Heavy Industries Company Limited,11596228,Live,Bahamas,32639,"LNG VLGC, 100'-200'cbm",82637,Double Hull,C6BC9,101427,2070,285.00,274.00,-,43.40,11.50,14.90,Wartsila Corporation,Nassau,-,Chevron Corporation,United States of America,Chevron Transport Corporation Limited,United States of America,Chevron Transport Corporation Limited,United States of America,-,-,-,-,9680190,311000228,26.40,2017,-,-,-,-,-,21195,28422,12V50DF,NorthStandard,American Bureau,-,-,2019-10-16T00:00:00,-,-,-,2027-06-30T00:00:00,2027-06-30T00:00:00,Chevron Transport Corporation Limited,United States of America,Chevron Transport Corporation Limited,United States of America,JPFTS,Onuki,A,03 Jun 2026 11:49:50 GMT,06 Jun 2026 00:15:00 GMT,Chevron Transport Corporation Limited,United States of America,"22° 39' 13"" N","135° 0' 36"" E",2,"7 hours, 57 minutes"
LNG Saturn,Liquefied Natural Gas Carrier,Nagasaki,Mitsubishi Heavy Industries Limited Shipbuilding,11929231,Live,Bahamas,41022,"LNG VLGC, 100'-200'cbm",86044,Double Hull,C6CD3,136739,2311,288.00,275.00,-,48.94,12.53,13.47,Unknown Engine Designer,Nassau,-,Seno Kisen K.K. (Seno Kisen Company Limited),Japan,Seno Kisen K.K. (Seno Kisen Company Limited),Japan,Erica Navigation S.A.,Panama,-,-,-,-,9696149,311000439,26.00,2016,-,-,-,-,Mitsubishi Heavy Industries Limited,26000,34867,9L50DF,Japan Shipowners Mutual Protection & Indemnity Association,Nippon Kaiji Kyokai,-,-,2019-01-17T00:00:00,-,2016-01-31T00:00:00,-,2031-01-30T00:00:00,2031-01-30T00:00:00,MOL LNG Transport Company Limited,Japan,MOL LNG Transport Company Limited,Japan,AU BWB,Barrow Island,A,03 Jun 2026 12:04:07 GMT,13 Jun 2026 23:00:00 GMT,Seno Kisen K.K. (Seno Kisen Company Limited),Japan,"20° 41' 55"" N","137° 17' 9"" E",1,"1 day, 6 hours"
Murex,Liquefied Natural Gas Carrier,South Korea,Hanwha Ocean Company Limited,12077657,Live,Bahamas,33979,"LNG VLGC, 100'-200'cbm",95235,Double Hull,C6CH7,113263,2416,294.90,282.90,-,46.40,12.50,14.00,MAN Diesel AS,Nassau,-,Industrial and Commercial Bank of China Limited (ICBC),People's Republic of China,ICBC Financial Leasing Company Limited,People's Republic of China,Hai Jiao 1605 Limited,Marshall Islands,Seapeak LLC,Marshall Islands,-,-,9705641,311000475,26.50,2017,-,-,-,-,-,-,-,5G70ME-GI,U.K. Mutual Steam Ship Assurance Association (Bermuda) Ltd,DN (provisional), (provisional), (provisional),-,-,-,-,2026-06-17T00:00:00,2026-06-17T00:00:00,Shell International Trading & Shipping Company Limited (STASCO),United Kingdom,Shell International Trading & Shipping Company Limited (STASCO),United Kingdom,FOR ORDERS,-,A,03 Jun 2026 11:45:39 GMT,28 Jun 2026 06:00:00 GMT,ICBC Financial Leasing Company Limited,People's Republic of China,"35° 54' 27"" N","179° 59' 51"" E",1,"1 day, 7 hours"
Gaslog Gibraltar,Liquefied Natural Gas Carrier,Goeje Is.,Samsung Shipbuilding & Heavy Industries Company Limited,12087104,Live,Bermuda,34930,"LNG VLGC, 100'-200'cbm",94000,Double Hull,ZCEU3,112764,2103,291.08,279.00,-,45.80,11.50,14.70,Wartsila Corporation,Hamilton,-,GasLog Limited,Greece,GasLog Limited,Greece,Gas-Fourteen Limited,Bermuda,Methane Services Limited,United Kingdom,-,-,9707510,310757000,26.20,2016,-,-,-,-,-,-,-,8L50DF,"Britannia Steam Ship Insurance Association Ltd., The",American Bureau,-,-,2019-08-25T00:00:00,-,-,-,2026-10-30T00:00:00,2026-10-30T00:00:00,Gaslog LNG Services Limited,Greece,Gaslog LNG Services Limited,Greece,CNJNG,Tangshan Jingtang,A,03 Jun 2026 12:03:10 GMT,15 Jun 2026 02:00:00 GMT,GasLog Limited,Greece,"17° 26' 31"" S","152° 43' 51"" E",1,"1 day, 14 hours"
Pan Asia,Liquefied Natural Gas Carrier,China,Hudong-Zhonghua Shipbuilding (Group) Company Limited,12259831,Live,"Hong Kong, S.A.R., China",34498,"LNG VLGC, 100'-200'cbm",88613,Double Hull,VRQC2,114996,H1663A,290.10,284.00,-,46.95,11.50,14.75,MAN Energy Solutions SE,Hong Kong,-,Stonepeak Infrastructure Partners (Stonepeak Partners LP),United States of America,Seapeak LLC,Marshall Islands,Pan Asia LNG Transportation Company Limited,"Hong Kong, S.A.R., China",Methane Services Limited,United Kingdom,-,-,9750220,477096200,26.25,2017,-,-,-,-,MAN Diesel AS,-,-,8L51/60DF,NorthStandard,American Bureau,China Classification,-,2020-06-29T00:00:00,-,-,-,2027-10-12T00:00:00,2027-10-12T00:00:00,Seapeak Maritime (Glasgow) Limited,United Kingdom,Seapeak Maritime (Glasgow) Limited,United Kingdom,FOR ORDERS,-,A,03 Jun 2026 11:58:24 GMT,10 Jun 2026 22:00:00 GMT,Seapeak LLC,Marshall Islands,"9° 28' 58"" N","134° 16' 25"" E",1,"1 day, 7 hours"
Marvel Falcon,Liquefied Natural Gas Carrier,South Korea,Samsung Shipbuilding & Heavy Industries Company Limited,12331192,Live,Singapore,37925,"LNG VLGC, 100'-200'cbm",89432,Double Hull,9V5057,114084,2148,293.00,285.00,-,45.80,11.50,14.70,Wartsila Corporation,Singapore,-,Nippon Yusen Kabushiki Kaisha (NYK Line) (Nippon Yusen Kaisha),Japan,Nippon Yusen Kabushiki Kaisha (NYK Line) (Nippon Yusen Kaisha),Japan,Tea Tree Shipping Private Limited,Republic of Singapore,Mitsui & Company Limited,Japan,-,-,9760768,563048500,26.20,2018,-,-,-,-,-,12540,16816,W6X62DF,Assuranceforeningen Gard,American Bureau,-,-,2023-04-24T00:00:00,-,2023-04-24T00:00:00,2023-04-24T00:00:00,2028-04-15T00:00:00,2028-04-15T00:00:00,NYK Shipmanagement Private Limited,Republic of Singapore,NYK Shipmanagement Private Limited,Republic of Singapore,THMAT,-,A,03 Jun 2026 12:05:17 GMT,03 Jun 2026 23:00:00 GMT,Nippon Yusen Kabushiki Kaisha (NYK Line) (Nippon Yusen Kaisha),Japan,"12° 33' 59"" N","101° 12' 3"" E",1,"1 day, 6 hours"
Maran Gas Spetses,Liquefied Natural Gas Carrier,South Korea,Hanwha Ocean Company Limited,12404965,Live,Greece,34128,"LNG VLGC, 100'-200'cbm",96000,Double Hull,SVCS9,113665,2458,294.90,288.50,46.44,46.40,11.50,15.00,MAN Diesel AS,Piraeus,-,Industrial and Commercial Bank of China Limited (ICBC),People's Republic of China,ICBC Financial Leasing Company Limited,People's Republic of China,Hai Jiao 1801 Limited,Marshall Islands,Maran Gas Maritime Incorporated,Greece,Harper Marine Enterprises S.A.,Liberia,9767950,241579000,26.50,2018,-,-,-,-,HD Hyundai Heavy Industries Company Limited,12590,16883,5G70ME-C9-GI,Assuranceforeningen Gard,American Bureau,-,-,-,-,-,-,2028-07-01T00:00:00,2028-07-01T00:00:00,Maran Gas Maritime Incorporated,Greece,Maran Gas Maritime Incorporated,Greece,FOR ORDERS,-,A,03 Jun 2026 11:58:07 GMT,05 Jun 2026 18:31:00 GMT,ICBC Financial Leasing Company Limited,People's Republic of China,"19° 30' 9"" N","69° 11' 50"" E",3,"1 day, 12 hours"
Patris,Liquefied Natural Gas Carrier,South Korea,Hanwha Ocean Company Limited,12409988,Live,Liberia,34427,"LNG VLGC, 100'-200'cbm",95743,Double Hull,D5NT8,114758,2460,294.90,282.90,-,46.40,12.70,13.80,MAN Diesel AS,Monrovia,-,K Line LNG Shipping and Chandris (Hellas),United Kingdom,K Line LNG Shipping and Chandris (Hellas),United Kingdom,Artemis Gas 1 Shipping Incorporated,Marshall Islands,BP Shipping Limited,United Kingdom,-,-,9766889,636018010,26.50,2018,-,Hamworthy Moss AS,Unknown,Unknown,-,21195,28422,5G70ME-C9-GI,Japan Shipowners Mutual Protection & Indemnity Association,LR (provisional), (provisional), (provisional),2025-01-19T00:00:00,-,2022-11-26T00:00:00,-,2028-01-04T00:00:00,2028-01-04T00:00:00,'K' Line Energy Shipping (UK) Limited,United Kingdom,'K' Line Energy Shipping (UK) Limited,United Kingdom,-,-,A,03 Jun 2026 06:41:45 GMT,-,K Line LNG Shipping and Chandris (Hellas),United Kingdom,"25° 25' 10"" N","52° 29' 58"" E",1,"1 day, 5 hours"
Myrina,Liquefied Natural Gas Carrier,South Korea,Hanwha Ocean Company Limited,12433598,Live,Bahamas,33979,"LNG VLGC, 100'-200'cbm",95378,Double Hull,C6CH9,113263,2454,294.90,282.90,-,46.40,12.52,13.98,MAN Diesel AS,Nassau,-,Bank of Communications Company Limited,People's Republic of China,Bank of Communications Financial Leasing Company Limited,People's Republic of China,Xiang CH1 HK International Ship Lease Company Limited,"Hong Kong, S.A.R., China",Shell International Trading & Shipping Company Limited (STASCO),United Kingdom,-,-,9770933,311000477,26.50,2018,-,-,-,-,-,-,-,5G70ME-C9-GI,U.K. Mutual Steam Ship Assurance Association (Bermuda) Ltd,DNV,-,-,-,-,2018-05-08T00:00:00,-,2027-05-04T00:00:00,2027-05-04T00:00:00,Shell International Trading & Shipping Company Limited (STASCO),United Kingdom,Shell International Trading & Shipping Company Limited (STASCO),United Kingdom,FOR ORDERS,-,A,03 Jun 2026 12:05:56 GMT,04 Jun 2026 20:00:00 GMT,Bank of Communications Financial Leasing Company Limited,People's Republic of China,"20° 41' 42"" N","68° 13' 0"" E",1,"2 days, 9 hours"
Adriano Knutsen,Liquefied Natural Gas Carrier,Ulsan,HD Hyundai Heavy Industries Company Limited,12793912,Live,Norway (Int. Register),36678,"LNG VLGC, 100'-200'cbm",96354,Double Hull,LAZO8,122261,2963,298.97,293.60,-,48.00,12.50,8.67,MAN Diesel AS,Haugesund,-,Financial Partners Group Company Limited (FPG),Japan,Financial Partners Group Company Limited (FPG),Japan,Solt Holding Panama 82 SA,Panama,-,-,-,-,9831220,259219000,21.17,2019,-,"Permea Maritime Protection, Air Products N.V.",Unknown,Unknown,HD Hyundai Heavy Industries Company Limited,21195,28422,5G70ME-C9-GI,Assuranceforeningen Skuld,Lloyds Register,-,-,2024-05-26T00:00:00,-,2024-05-17T00:00:00,-,2029-07-09T00:00:00,2029-07-09T00:00:00,Knutsen OAS Shipping AS,Norway,Knutsen OAS Shipping AS,Norway,-,-,A,03 Jun 2026 12:03:36 GMT,-,Financial Partners Group Company Limited (FPG),Japan,"29° 36' 5"" N","32° 21' 40"" E",1,"1 day, 10 hours"
Flex Artemis,Liquefied Natural Gas Carrier,South Korea,Hanwha Ocean Company Limited,12912568,Live,Marshall Islands,34315,"LNG VLGC, 100'-200'cbm",95450,Double Hull,V7A2793,114380,2479,294.90,282.90,-,46.40,16.00,10.50,MAN Diesel AS,Majuro,-,Bank of Communications Company Limited,People's Republic of China,Bocom Leasing Management Hong Kong Company Limited,"Hong Kong, S.A.R., China",Xiang L47 HK International Ship Lease Company Limited,"Hong Kong, S.A.R., China",Flex LNG Management Limited,United Kingdom,-,-,9851634,538008816,26.50,2020,-,-,-,-,-,-,-,5G70ME-C9-GI,Assuranceforeningen Gard,DNV,-,-,-,-,-,-,2030-08-17T00:00:00,2030-08-17T00:00:00,Flex LNG Fleet Management AS,Norway,Flex LNG Fleet Management AS,Norway,FOR ORDERS,Algeciras,A,03 Jun 2026 12:06:46 GMT,15 Jun 2026 08:00:00 GMT,Bocom Leasing Management Hong Kong Company Limited,"Hong Kong, S.A.R., China","34° 48' 40"" N","12° 2' 4"" W",1,"1 day, 6 hours"
Diamond Gas Metropolis,Liquefied Natural Gas Carrier,Samho,HD Hyundai Samho Company Limited,12952744,Live,Bahamas,35269,"LNG VLGC, 100'-200'cbm",89847,Double Bottom,C6EQ2,117564,8029,297.16,291.00,-,46.40,11.50,15.35,Winterthur Gas & Diesel Limited (WinGD),Nassau,-,Nippon Yusen Kabushiki Kaisha (NYK) (50%) & Mitsubishi Corporation (MC) (50%),Japan,Nippon Yusen Kabushiki Kaisha (NYK) (50%) & Mitsubishi Corporation (MC) (50%),Japan,Diamond LNG Shipping 4 Limited,Bahamas,Diamond Gas International Private Limited,Republic of Singapore,-,-,9862487,311000968,26.85,2020,-,-,-,-,HD Hyundai Heavy Industries Company Limited,31279,42539,5X72DF,Assuranceforeningen Gard,American Bureau,-,-,-,-,2020-11-02T00:00:00,-,2030-11-02T00:00:00,2030-11-02T00:00:00,NYK Shipmanagement Private Limited,Republic of Singapore,NYK Shipmanagement Private Limited,Republic of Singapore,CA KTM,-,A,03 Jun 2026 12:01:36 GMT,06 Jun 2026 03:00:00 GMT,Nippon Yusen Kabushiki Kaisha (NYK) (50%) & Mitsubishi Corporation (MC) (50%),Japan,"54° 4' 24"" N","138° 19' 27"" W",1,"1 day, 8 hours"
Gaslog Georgetown,Liquefied Natural Gas Carrier,South Korea,Samsung Shipbuilding & Heavy Industries Company Limited,12958903,Live,Bermuda,34690,"LNG VLGC, 100'-200'cbm",88184,Double Bottom,ZCEZ2,115636,2300,293.16,286.00,-,45.80,11.50,14.70,Unknown Engine Designer,Hamilton,-,GasLog Limited,Greece,GasLog Limited,Greece,GAS-thirty two Limited,Bermuda,-,-,-,-,9864916,310800000,26.20,2020,-,-,-,-,-,-,-,12V50DF,"Britannia Steam Ship Insurance Association Ltd., The",American Bureau,-,-,-,-,-,-,2030-11-15T00:00:00,2030-11-15T00:00:00,Gaslog LNG Services Limited,Greece,Gaslog LNG Services Limited,Greece,OPEN SEA FOR ORDERS,-,A,03 Jun 2026 12:01:09 GMT,02 Jun 2026 21:55:00 GMT,GasLog Limited,Greece,"24° 15' 5"" N","120° 29' 54"" E",1,"1 day, 7 hours"
Diamond Gas Victoria,Liquefied Natural Gas Carrier,South Korea,HD Hyundai Samho Company Limited,13021786,Live,Singapore,35269,"LNG VLGC, 100'-200'cbm",89760,Double Bottom,9V7029,117564,8031,297.16,291.00,-,46.40,11.50,15.35,Winterthur Gas & Diesel Limited (WinGD),Singapore,-,Nippon Yusen Kabushiki Kaisha (NYK) (50%) & Mitsubishi Corporation (MC) (50%),Japan,Nippon Yusen Kabushiki Kaisha (NYK) (50%) & Mitsubishi Corporation (MC) (50%),Japan,Diamond LNG Shipping 6 Private Limited,Republic of Singapore,Diamond Gas International Private Limited,Republic of Singapore,-,-,9874466,563125700,26.85,2021,-,-,-,-,-,-,-,5X72DF,Assuranceforeningen Gard,American Bureau,-,-,-,-,-,-,2026-07-27T00:00:00,2026-07-27T00:00:00,NYK Shipmanagement Private Limited,Republic of Singapore,NYK Shipmanagement Private Limited,Republic of Singapore,CAKTM,-,A,03 Jun 2026 11:48:49 GMT,10 Jun 2026 17:00:00 GMT,Nippon Yusen Kabushiki Kaisha (NYK) (50%) & Mitsubishi Corporation (MC) (50%),Japan,"46° 42' 8"" N","174° 40' 54"" E",2,"1 day, 22 hours"
Ish,Liquefied Natural Gas Carrier,Nagasaki,Mitsubishi Heavy Industries Limited Shipbuilding,263031,Live,Liberia,33269,"LNG VLGC, 100'-200'cbm",71564,Double Hull,ELSG8,110895,2067,293.00,280.00,45.84,45.76,11.27,10.49,Kawasaki Heavy Industries Limited (Tokyo),Monrovia,-,Abu Dhabi National Oil Company (ADNOC),United Arab Emirates,National Gas Shipping Company Limited (NGSCO),United Arab Emirates,National Gas Shipping Company Limited (NGSCO),United Arab Emirates,-,-,-,-,9035864,636010329,21.76,1995,-,-,-,-,Kawasaki Shipbuilding Corporation,14565,35120,UA-400,West of England Mutual Shipowners Protection & Indemnity Association (Luxemburg),DNV,-,-,-,-,2017-11-12T00:00:00,-,2027-10-22T00:00:00,2027-10-22T00:00:00,-,-,National Gas Shipping Company Limited (NGSCO),United Arab Emirates,-,-,A,03 Jun 2026 10:37:36 GMT,-,National Gas Shipping Company Limited (NGSCO),United Arab Emirates,"13° 37' 13"" N","121° 4' 58"" E",10,8 days
Al Wakrah,Liquefied Natural Gas Carrier,Sakaide,Kawasaki Heavy Industries Limited Shipbuilding Division,275278,Live,Marshall Islands,33337,"LNG VLGC, 100'-200'cbm",72453,Double Hull,V7A5142,111124,1446,297.50,288.40,45.75,45.75,11.25,14.25,Mitsubishi Heavy Industries Limited,Majuro,-,Government of The State of Qatar,State of Qatar,QatarEnergy Oil and Gas (1),State of Qatar,QatarEnergy Marine (6) LLC,State of Qatar,Qatar Liquefied Gas Company Limited,State of Qatar,-,-,9086746,538009770,25.50,1998,-,-,-,-,Mitsubishi Heavy Industries Limited,26800,36438,MS40-2,"Britannia Steam Ship Insurance Association Ltd., The",American Bureau,-,-,2018-07-13T00:00:00,-,2018-09-27T00:00:00,-,2028-12-01T00:00:00,2028-12-01T00:00:00,MOL Global Ship Management Private Limited,Republic of Singapore,MOL Global Ship Management Private Limited,Republic of Singapore,MLBU,-,A,22 May 2026 03:16:03 GMT,18 May 2026 04:00:00 GMT,QatarEnergy Oil and Gas (1),State of Qatar,"5° 10' 1"" N","115° 23' 40"" E",1,"1 day, 4 hours"
Puteri Delima Satu,Liquefied Natural Gas Carrier,Ichihara,Mitsui Engineering & Shipbuilding Company Limited (Ichihara),300050,Live,Malaysia,28329,"LNG VLGC, 100'-200'cbm",76190,Double Hull,9MEU4,94430,1506,275.98,263.00,43.40,43.40,11.06,10.03,Mitsubishi Heavy Industries Limited,Port Klang,-,MISC Berhad,Malaysia,MISC Berhad,Malaysia,Southern Gas Terminal (L) Private Limited,Malaysia,-,-,-,-,9211872,533735000,21.09,2002,-,Alfa Laval Aalborg A/S,Unknown,Unknown,Mitsubishi Heavy Industries Limited,24454,32794,MS40-2,Assuranceforeningen Gard,Lloyds Register,-,-,2025-07-18T00:00:00,-,2025-07-18T00:00:00,-,2030-07-17T00:00:00,2030-07-17T00:00:00,MISC Shipmanagement (L) Private Limited,Malaysia,MISC Shipmanagement (L) Private Limited,Malaysia,AEPB,-,A,03 Jun 2026 12:15:40 GMT,19 Jul 2026 09:00:00 GMT,MISC Berhad,Malaysia,"1° 19' 24"" N","104° 10' 33"" E",9,"7 days, 16 hours"
Princess Sapphire,Liquefied Natural Gas Carrier,Nagasaki,Mitsubishi Heavy Industries Limited Shipbuilding,314662,Live,Panama,28333,"LNG VLGC, 100'-200'cbm",76110,Double Hull,3E6045,94446,2169,276.02,263.00,43.40,43.40,12.01,13.49,Mitsubishi Heavy Industries Limited,Panama,-,Nissen Kaiun Company Limited (Nissen Kaiun KK),Japan,Nissen Kaiun Company Limited (Nissen Kaiun KK),Japan,Nissen Kaiun Company Limited (99.0%) & Southern Route Maritime S.A. (1.0%),Panama,-,-,-,-,9229647,352003171,25.50,2003,-,Alfa Laval Aalborg A/S,Unknown,Unknown,Mitsubishi Heavy Industries Limited Shipbuilding,27170,36435,MS40-2,U.K. Mutual Steam Ship Assurance Association (Bermuda) Ltd,Lloyds Register,-,-,2023-11-17T00:00:00,-,2023-11-23T00:00:00,-,2028-09-18T00:00:00,2028-09-18T00:00:00,Synergy Maritime Private Limited,India,Synergy Maritime Private Limited,India,-,-,A,04 Mar 2026 20:26:54 GMT,-,Nissen Kaiun Company Limited (Nissen Kaiun KK),Japan,"25° 31' 56"" N","120° 16' 23"" E",3,"2 days, 9 hours"
Kosmos,Liquefied Natural Gas Carrier,Goeje Is.,Samsung Shipbuilding & Heavy Industries Company Limited,352428,Live,Russia,29001,"LNG VLGC, 100'-200'cbm",81034,Double Hull,UAIF9,96671,1536,285.10,272.04,43.43,43.40,12.10,13.90,Kawasaki Heavy Industries Limited (Tokyo),-,-,Unknown Owners,-,Unknown Owners,-,Unknown Owners,-,-,-,-,-,9300817,273277080,26.00,2005,-,-,-,-,Kawasaki Heavy Industries Limited Shipbuilding Division,26853,36799,UA-400,-,Nippon Kaiji Kyokai,Russian Register of Ships,-,2020-11-19T00:00:00,-,2020-11-19T00:00:00,-,-,-,-,-,Unknown Owners,-,FOR ORDERS,-,A,03 Jun 2026 12:12:08 GMT,23 Jun 2026 08:00:00 GMT,Unknown Owners,-,"27° 1' 24"" S","10° 33' 48"" E",5,"5 days, 16 hours"
LNG Noble,Liquefied Natural Gas Carrier,Ulsan,HD Hyundai Heavy Industries Company Limited,355833,Live,Niue,30135,"LNG VLGC, 100'-200'cbm",77969,Double Hull,E6EE3,100256,1729,288.18,274.99,-,44.20,12.35,13.64,Mitsubishi Heavy Industries Limited,-,-,Unknown Owners,-,Unknown Owners,-,PT Gas Utama Nusantara,Indonesia,Kyushu Electric Power Company Incorporated,Japan,-,-,9315719,542795110,25.99,2007,-,-,-,-,-,29420,31500,MS40-2,London Steamship Owners Mutual Insurance Association Ltd,Nippon Kaiji Kyokai,-,-,-,-,2017-05-25T00:00:00,-,2029-06-27T00:00:00,2029-06-27T00:00:00,Bernhard Schulte Shipmanagement (Singapore) Private Limited,-,Bernhard Schulte Shipmanagement (Singapore) Private Limited,-,-,-,A,17 May 2026 05:49:05 GMT,-,Unknown Owners,-,"3° 55' 60"" N","98° 44' 14"" E",1,"1 day, 12 hours"
Ob River,Liquefied Natural Gas Carrier,Ulsan,HD Hyundai Heavy Industries Company Limited,355844,Live,Marshall Islands,30073,"LNG VLGC, 100'-200'cbm",84682,Double Hull,V7MF2,100244,1719,288.22,275.04,44.26,44.20,12.35,13.63,Kawasaki Heavy Industries Limited (Tokyo),Majuro,-,China Development Bank (CDB),People's Republic of China,China Development Bank Financial Leasing Company Limited,People's Republic of China,Tianjin Color-VI Leasing Limited,People's Republic of China,Dynagas LNG Partners LP,Greece,-,-,9315692,538002846,26.00,2007,-,Alfa Laval Aalborg A/S,Unknown,Unknown,HD Hyundai Heavy Industries Company Limited,23490,31500,UA-400,NorthStandard,Lloyds Register,-,-,2024-09-05T00:00:00,-,2022-08-27T00:00:00,-,2027-07-05T00:00:00,2027-07-05T00:00:00,Dynagas Limited,Greece,Dynagas Limited,Greece,CN YPG,-,A,03 Jun 2026 11:58:23 GMT,02 Jun 2026 23:00:00 GMT,China Development Bank Financial Leasing Company Limited,People's Republic of China,"19° 46' 50"" N","109° 9' 15"" E",1,"1 day, 4 hours"
Amur River,Liquefied Natural Gas Carrier,Ulsan,HD Hyundai Heavy Industries Company Limited,356641,Live,Marshall Islands,30073,"LNG VLGC, 100'-200'cbm",84598,Double Hull,V7NQ5,100244,1734,288.22,275.04,44.20,44.20,26.00,0.50,Kawasaki Heavy Industries Limited (Tokyo),Majuro,-,China Development Bank (CDB),People's Republic of China,China Development Bank Financial Leasing Company Limited,People's Republic of China,Tianjin Color-VII Leasing Limited,People's Republic of China,Dynagas LNG Partners LP,Greece,-,-,9317999,538003001,26.50,2008,-,Alfa Laval Aalborg A/S,Unknown,Unknown,HD Hyundai Heavy Industries Company Limited,23490,31500,UA-400,NorthStandard,Lloyds Register,-,-,2024-09-11T00:00:00,-,2022-07-28T00:00:00,-,2027-07-10T00:00:00,2027-07-10T00:00:00,Dynagas Limited,Greece,Dynagas Limited,Greece,ATLANTIC FOR ORDER,-,A,03 Jun 2026 11:17:36 GMT,31 May 2026 05:00:00 GMT,China Development Bank Financial Leasing Company Limited,People's Republic of China,"3° 0' 54"" N","9° 50' 12"" E",2,45 minutes
LNG Ogun,Liquefied Natural Gas Carrier,Goeje Is.,Samsung Shipbuilding & Heavy Industries Company Limited,357906,Live,Bermuda,29362,"LNG VLGC, 100'-200'cbm",81997,Double Hull,ZCDW3,97874,1564,285.10,274.00,43.44,43.30,12.40,13.60,Mitsubishi Heavy Industries Limited,Hamilton,-,Nippon Yusen Kabushiki Kaisha (NYK Line) (Nippon Yusen Kaisha),Japan,NYK LNG Shipmanagement (UK) Limited,United Kingdom,Okra Shipping No.2 Limited,Bahamas,-,-,-,-,9322815,310542000,26.00,2007,-,Alfa Laval Aalborg A/S,Unknown,Unknown,Mitsubishi Heavy Industries Limited Shipbuilding,26073,35424,MS36-2A,U.K. Mutual Steam Ship Assurance Association (Bermuda) Ltd,Lloyds Register,-,-,2025-04-17T00:00:00,-,2022-07-24T00:00:00,-,2027-06-29T00:00:00,2027-06-29T00:00:00,NYK LNG Shipmanagement (UK) Limited,United Kingdom,NYK LNG Shipmanagement (UK) Limited,United Kingdom,KRINC,Incheon,A,03 Jun 2026 11:19:40 GMT,24 Jun 2026 06:00:00 GMT,NYK LNG Shipmanagement (UK) Limited,United Kingdom,"34° 9' 36"" S","32° 25' 60"" E",1,"1 day, 4 hours"
Seri Bijaksana,Liquefied Natural Gas Carrier,Nagasaki,Mitsubishi Heavy Industries Limited Shipbuilding,361526,Live,Malaysia,31464,"LNG VLGC, 100'-200'cbm",89953,Double Hull,9MHQ7,104881,2222,289.80,276.80,46.50,46.50,11.25,14.55,Mitsubishi Heavy Industries Limited,Port Klang,-,MISC Berhad,Malaysia,MISC Berhad,Malaysia,MISC Berhad,Malaysia,Petronas LNG Sendirian Berhad,Malaysia,-,-,9331658,533051000,25.80,2008,-,-,-,-,Mitsubishi Heavy Industries Limited Shipbuilding,22050,29980,MS36-2A,U.K. Mutual Steam Ship Assurance Association (Bermuda) Ltd,American Bureau,-,-,2018-08-20T00:00:00,2016-01-05T00:00:00,2018-08-20T00:00:00,2018-08-20T00:00:00,2028-04-27T00:00:00,2028-04-27T00:00:00,MISC Berhad,Malaysia,MISC Berhad,Malaysia,SG PGBG,Pengerang,A,03 Jun 2026 12:12:14 GMT,03 Jun 2026 06:00:00 GMT,MISC Berhad,Malaysia,"1° 10' 11"" N","103° 45' 25"" E",3,"3 days, 12 hours"
Seri Begawan,Liquefied Natural Gas Carrier,Nagasaki,Mitsubishi Heavy Industries Limited Shipbuilding,361531,Live,Malaysia,31600,"LNG VLGC, 100'-200'cbm",89902,Double Hull,9MFJ6,105335,2221,289.80,276.80,46.50,46.50,12.40,13.40,Mitsubishi Heavy Industries Limited,Port Klang,-,MISC Berhad,Malaysia,MISC Berhad,Malaysia,MISC Berhad,Malaysia,Petronas LNG Sendirian Berhad,Malaysia,-,-,9331646,533016000,25.80,2007,-,-,-,-,Mitsubishi Heavy Industries Limited Shipbuilding,24500,29980,MS36-2,U.K. Mutual Steam Ship Assurance Association (Bermuda) Ltd,Lloyds Register,-,-,2025-07-24T00:00:00,-,2022-12-26T00:00:00,-,2027-12-03T00:00:00,2027-12-03T00:00:00,MISC Shipmanagement (L) Private Limited,Malaysia,MISC Shipmanagement (L) Private Limited,Malaysia,MYBTU,-,A,03 Jun 2026 12:05:23 GMT,10 Jun 2026 00:00:00 GMT,MISC Berhad,Malaysia,"3° 25' 31"" N","112° 54' 49"" E",1,"1 day, 7 hours"
Al Gattara,Liquefied Natural Gas Carrier,Ulsan,HD Hyundai Heavy Industries Company Limited,362848,Live,Oman,42016,"LNG QatarMax, 200'+ cbm",113590,Double Hull,A4DO7,136410,1791,315.16,303.00,50.04,50.00,12.52,14.48,B&W Diesel A/S,-,-,Qatar Gas Transport Company Limited (Nakilat) QPSC,State of Qatar,Qatar Gas Transport Company Limited (Nakilat) QPSC,State of Qatar,Overseas LNG H1 Corporation,Marshall Islands,-,-,-,-,9337705,461000261,27.00,2007,-,-,-,-,HD Hyundai Heavy Industries Company Limited,37320,25370,6S70ME-C,Assuranceforeningen Gard,DNV,-,-,-,-,2017-10-01T00:00:00,-,2027-11-06T00:00:00,2027-11-06T00:00:00,Nakilat Shipping (Qatar) Limited  (NSQL),State of Qatar,Nakilat Shipping (Qatar) Limited  (NSQL),State of Qatar,QA RLF,Ras Laffan,A,03 Jun 2026 12:00:13 GMT,31 May 2026 20:59:00 GMT,Qatar Gas Transport Company Limited (Nakilat) QPSC,State of Qatar,"18° 10' 34"" N","69° 48' 50"" E",1,"1 day, 13 hours"
Al Aamriya,Liquefied Natural Gas Carrier,Okpo,Hanwha Ocean Company Limited,362873,Live,Marshall Islands,44082,"LNG QatarMax, 200'+ cbm",121935,Double Hull,V7OJ3,136685,2249,315.00,303.00,50.04,50.00,12.00,15.00,B&W Diesel A/S,Majuro,-,Qatar Gas Transport Company (Nakilat) QPSC and J5 Consortium,State of Qatar,Qatar Gas Transport Company (Nakilat) QPSC and J5 Consortium,State of Qatar,J5 Nakilat No.1 Limited,Marshall Islands,-,-,-,-,9338266,538003099,27.04,2008,-,-,-,-,Doosan Engine Company Limited,16589,22250,6S70ME-C,U.K. Mutual Steam Ship Assurance Association (Bermuda) Ltd,American Bureau,-,-,2020-07-01T00:00:00,2016-03-06T00:00:00,2018-03-23T00:00:00,2017-10-25T00:00:00,2028-05-03T00:00:00,2028-05-03T00:00:00,MOL Global Ship Management Private Limited,Republic of Singapore,MOL Global Ship Management Private Limited,Republic of Singapore,-,-,A,03 Jun 2026 12:05:59 GMT,-,Qatar Gas Transport Company (Nakilat) QPSC and J5 Consortium,State of Qatar,"19° 44' 51"" N","68° 40' 16"" E",1,"1 day, 11 hours"
Umm Al Amad,Liquefied Natural Gas Carrier,Okpo,Hanwha Ocean Company Limited,372262,Live,Marshall Islands,44082,"LNG QatarMax, 200'+ cbm",121730,Double Hull,V7OE6,136685,2253,315.00,303.00,50.04,50.00,12.00,15.04,B&W Diesel A/S,Majuro,-,Qatar Gas Transport Company (Nakilat) QPSC and J5 Consortium,State of Qatar,Qatar Gas Transport Company (Nakilat) QPSC and J5 Consortium,State of Qatar,J5 Nakilat No.7 Limited,Marshall Islands,-,-,-,-,9360829,538003073,27.04,2008,-,-,-,-,HSD Engine Company Limited,16589,22501,6S70ME-C,Japan Shipowners Mutual Protection & Indemnity Association,American Bureau,-,-,2018-09-18T00:00:00,2016-07-23T00:00:00,2018-09-18T00:00:00,2018-09-18T00:00:00,2028-09-11T00:00:00,2028-09-11T00:00:00,'K' Line Energy Shipping (UK) Limited,United Kingdom,'K' Line Energy Shipping (UK) Limited,United Kingdom,INDAH,-,A,02 Jun 2026 13:10:10 GMT,27 May 2026 08:00:00 GMT,Qatar Gas Transport Company (Nakilat) QPSC and J5 Consortium,State of Qatar,"25° 42' 5"" N","53° 18' 45"" E",1,"1 day, 11 hours"
Al Thumama,Liquefied Natural Gas Carrier,Ulsan,HD Hyundai Heavy Industries Company Limited,372267,Live,Marshall Islands,42015,"LNG QatarMax, 200'+ cbm",113749,Double Hull,V7NU3,136355,1862,315.00,303.03,-,50.00,13.00,14.00,B&W Diesel A/S,Majuro,-,Qatar Gas Transport Company (Nakilat) QPSC and J5 Consortium,State of Qatar,Qatar Gas Transport Company (Nakilat) QPSC and J5 Consortium,State of Qatar,J5 Nakilat No.2 Limited,Marshall Islands,RasGas Company Limited (RASGAS),State of Qatar,-,-,9360843,538003018,27.00,2008,-,-,-,-,HMM Company Limited,37320,21564,6S70ME-C,U.K. Mutual Steam Ship Assurance Association (Bermuda) Ltd,DNV,-,-,-,-,2018-03-30T00:00:00,-,2028-04-10T00:00:00,2028-04-10T00:00:00,NYK LNG Shipmanagement Limited,Japan,NYK LNG Shipmanagement Limited,Japan,QA RLF,Ras Laffan,A,03 Jun 2026 11:58:53 GMT,31 May 2026 15:00:00 GMT,Qatar Gas Transport Company (Nakilat) QPSC and J5 Consortium,State of Qatar,"15° 42' 21"" N","70° 26' 47"" E",1,"1 day, 16 hours"
Tangguh Sago,Liquefied Natural Gas Carrier,Samho,HD Hyundai Samho Company Limited,372286,Live,Bahamas,31576,"LNG VLGC, 100'-200'cbm",84484,Double Hull,C6XC3,101957,S298,288.43,275.00,44.20,44.20,12.20,13.80,Wartsila Corporation,Nassau,-,Stonepeak Infrastructure Partners (Stonepeak Partners LP),United States of America,Seapeak LLC,Marshall Islands,Tangguh Sago Finance Limited,United Kingdom,-,-,-,-,9361990,308741000,26.00,2009,-,Alfa Laval Aalborg A/S,Unknown,Unknown,Wartsila Corporation,39900,15499,12V50DF,Assuranceforeningen Skuld,Lloyds Register,-,-,2024-06-26T00:00:00,-,2022-05-29T00:00:00,-,2027-06-06T00:00:00,2027-06-06T00:00:00,Seapeak Maritime Limited,Bermuda,Seapeak Maritime (Glasgow) Limited,United Kingdom,ID NTI,Bintuni,A,03 Jun 2026 12:07:52 GMT,18 Jun 2026 08:00:00 GMT,Seapeak LLC,Marshall Islands,"13° 38' 37"" N","131° 50' 55"" E",1,"1 day, 8 hours"
BW Enn Crystal Sky,Liquefied Natural Gas Carrier,Okpo,Hanwha Ocean Company Limited,392762,Live,Singapore,36217,"LNG VLGC, 100'-200'cbm",100524,Double Hull,9V9661,109949,2268,298.00,279.00,-,45.80,12.90,8.10,Wartsila Corporation,Singapore,-,BW Group Limited,Bermuda,BW LNG AS,Norway,BW LNG II Private Limited,Republic of Singapore,ENN Energy Holdings Limited,"Hong Kong, S.A.R., China",-,-,9383900,563222900,21.00,2011,-,-,-,-,Wartsila SACM,14550,19782,12V50DF,Assuranceforeningen Gard,DNV,-,-,2016-04-04T00:00:00,2019-03-13T00:00:00,2022-02-01T00:00:00,2016-04-04T00:00:00,-,-,BW Fleet Management AS,Norway,BW Fleet Management AS,Norway,-,-,A,03 Jun 2026 12:11:42 GMT,-,BW LNG AS,Norway,"5° 59' 53"" N","80° 3' 57"" E",7,"4 days, 23 hours"
Hoegh Gandria,Liquefied Natural Gas Carrier,Goeje Is.,Samsung Shipbuilding & Heavy Industries Company Limited,10997804,Live,Singapore,30631,"LNG VLGC, 100'-200'cbm",82048,Double Hull,9V9227,102100,2021,280.57,269.00,43.42,43.40,12.15,14.65,Wartsila Corporation,Singapore,-,Leif Hoegh & Company Limited (50%) & Morgan Stanley Infrastructure Partners Incorporated (50%),Norway,Hoegh LNG Limited,Norway,Hoegh LNG Gandria Private Limited,Republic of Singapore,Hoegh LNG AS,Norway,-,-,9624914,563216800,26.60,2013,-,-,-,-,-,-,-,12V50DF,Assuranceforeningen Gard,DNV,-,-,-,-,2018-10-02T00:00:00,-,2028-10-03T00:00:00,2028-10-03T00:00:00,Hoegh Evi Fleet Management AS,Norway,Hoegh Evi Fleet Management AS,Norway,TUAS SG,-,A,03 Jun 2026 12:05:07 GMT,04 Dec 2026 08:00:00 GMT,Hoegh LNG Limited,Norway,"1° 14' 38"" N","103° 36' 42"" E",1,"1 day, 8 hours"
Maran Gas Posidonia,Liquefied Natural Gas Carrier,Samho,HD Hyundai Samho Company Limited,11004526,Live,Greece,33854,"LNG VLGC, 100'-200'cbm",90349,Double Hull,SVBW5,105773,S625,288.94,275.00,-,45.60,11.50,13.50,Wartsila Corporation,Piraeus,-,Maran Nakilat Company Limited,Cayman Islands,Maran Nakilat Company Limited,Cayman Islands,Felicite Navigation Incorporated,Liberia,BG Group PLC,United Kingdom,-,-,9633434,241290000,26.00,2014,-,-,-,-,-,21195,28422,12V50DF,NorthStandard,American Bureau,-,-,2019-05-02T00:00:00,-,2019-05-02T00:00:00,2019-05-02T00:00:00,2029-05-22T00:00:00,2029-05-22T00:00:00,Maran Gas Maritime Incorporated,Greece,Maran Gas Maritime Incorporated,Greece,FOR ORDERS,-,A,03 Jun 2026 12:03:41 GMT,12 Jun 2026 16:01:00 GMT,Maran Nakilat Company Limited,Cayman Islands,"4° 44' 37"" N","111° 22' 25"" E",1,"1 day, 8 hours"
Arctic Aurora,Liquefied Natural Gas Carrier,Ulsan,HD Hyundai Heavy Industries Company Limited,11034848,Live,Malta,33759,"LNG VLGC, 100'-200'cbm",73920,Double Hull,9HA3589,100236,2580,288.10,275.00,44.20,44.20,12.50,13.50,Wartsila Corporation,Valletta,-,Dynagas LNG Partners LP,Greece,Dynagas LNG Carriers Limited,Marshall Islands,Noteworthy Shipping Limited,Greece,-,-,-,-,9645970,229767000,26.00,2013,-,Alfa Laval Aalborg A/S,Unknown,Unknown,-,-,-,12V50DF,NorthStandard,Lloyds Register,-,-,2026-05-10T00:00:00,-,2023-09-29T00:00:00,-,2028-07-25T00:00:00,2028-07-25T00:00:00,-,-,Dynagas LNG Carriers Limited,Marshall Islands,NOHFT,Hammerfest,A,03 Jun 2026 12:12:40 GMT,03 Jun 2026 11:00:00 GMT,Dynagas LNG Carriers Limited,Marshall Islands,"70° 46' 5"" N","23° 31' 53"" E",1,"1 day, 9 hours"
Clean Vision,Liquefied Natural Gas Carrier,Ulsan,HD Hyundai Heavy Industries Company Limited,11078528,Live,Malta,33763,"LNG VLGC, 100'-200'cbm",89863,Double Hull,9HA3863,105943,2567,289.00,275.00,-,45.60,12.50,13.50,Wartsila Corporation,Valletta,-,China Development Bank (CDB),People's Republic of China,CDB Leasing (International) Company Limited,"Hong Kong, S.A.R., China",Sea 44 Leasing Company Limited,"Hong Kong, S.A.R., China",Yamal Trade Private Limited,Republic of Singapore,-,-,9655456,256245000,26.00,2015,-,-,-,-,Wartsila Deutschland GmbH,14450,19378,6L50DF,NorthStandard,Bureau Veritas,-,-,2025-10-07T00:00:00,2022-11-09T00:00:00,2025-10-01T00:00:00,2025-10-07T00:00:00,2031-01-05T00:00:00,2031-01-05T00:00:00,Dynagas Limited,Greece,Dynagas Limited,Greece,-,-,A,03 Jun 2026 12:09:53 GMT,-,CDB Leasing (International) Company Limited,"Hong Kong, S.A.R., China","36° 38' 11"" N","6° 42' 11"" W",1,"1 day, 10 hours"
Maran Gas Achilles,Liquefied Natural Gas Carrier,Samho,HD Hyundai Samho Company Limited,11696724,Live,Greece,37136,"LNG VLGC, 100'-200'cbm",92713,Double Hull,SVCD3,113502,S689,290.00,284.00,-,46.40,12.50,13.50,Wartsila Corporation,Piraeus,-,Maran Nakilat Company Limited,Cayman Islands,Maran Nakilat Company Limited,Cayman Islands,Adonis Investment Corporation,Liberia,Methane Services Limited,United Kingdom,-,-,9682588,241365000,26.00,2016,-,Alfa Laval Aalborg A/S,Unknown,Unknown,Wartsila Corporation,5850,7955,8L50DF,NorthStandard,LR (provisional), (provisional), (provisional),2026-02-11T00:00:00,-,2026-02-11T00:00:00,-,2031-01-19T00:00:00,2031-01-19T00:00:00,Maran Gas Maritime Incorporated,Greece,Maran Gas Maritime Incorporated,Greece,FOR ORDERS,-,A,03 Jun 2026 11:58:25 GMT,15 Jun 2026 06:00:00 GMT,Maran Nakilat Company Limited,Cayman Islands,"31° 55' 57"" N","59° 49' 52"" W",1,"1 day, 10 hours"
LNG Abalamabie,Liquefied Natural Gas Carrier,Goeje Is.,Samsung Shipbuilding & Heavy Industries Company Limited,11848514,Live,Bermuda,34970,"LNG VLGC, 100'-200'cbm",86925,Double Hull,ZCER3,116568,2079,292.00,280.00,-,47.80,11.65,14.55,Unknown Engine Designer,Hamilton,-,Nigeria LNG Limited,Nigeria,Nigeria LNG Limited,Nigeria,Bonny Gas Transport Limited,Bermuda,BP p.l.c.,United Kingdom,-,-,9690171,310731000,26.20,2016,-,-,-,-,General Electric Company,12435,16676,N3 HXC 1000 J/8,U.K. Mutual Steam Ship Assurance Association (Bermuda) Ltd,Bureau Veritas,-,-,2021-07-02T00:00:00,2024-03-15T00:00:00,2026-05-01T00:00:00,2021-07-02T00:00:00,-,-,Northern Marine Management Limited,United Kingdom,Northern Marine Management Limited,United Kingdom,NGBON,Bonny,A,03 Jun 2026 12:08:10 GMT,26 Jun 2026 12:00:00 GMT,Nigeria LNG Limited,Nigeria,"2° 52' 13"" S","83° 0' 54"" E",1,"1 day, 6 hours"
SK Audace,Liquefied Natural Gas Carrier,Goeje Is.,Samsung Shipbuilding & Heavy Industries Company Limited,11888269,Live,Panama,36227,"LNG VLGC, 100'-200'cbm",94665,Double Hull,3EKM6,117031,SN2080,292.00,280.00,-,47.80,12.20,14.00,Wartsila Corporation,Panama City,-,Hahn & Company,Republic of Korea,SK Shipping Company Limited,Republic of Korea,Milestone LNG Transport SA,Panama,TotalEnergies SE,France,-,-,9693161,373808000,26.20,2017,-,-,-,-,Doosan Engine Company Limited,13450,18274,W6X62DF,Assuranceforeningen Skuld,BV (provisional), (provisional), (provisional),2022-06-21T00:00:00,2025-08-06T00:00:00,2022-06-01T00:00:00,2022-06-21T00:00:00,2027-07-27T00:00:00,2027-07-27T00:00:00,SK Shipping Company Limited,Republic of Korea,SK Shipping Company Limited,Republic of Korea,FOR ORDERS,-,A,03 Jun 2026 12:05:49 GMT,06 Jun 2026 18:30:00 GMT,SK Shipping Company Limited,Republic of Korea,"4° 40' 23"" N","60° 0' 28"" E",1,"1 day, 5 hours"
Flex Rainbow,Liquefied Natural Gas Carrier,Goeje Is.,Samsung Shipbuilding & Heavy Industries Company Limited,12117150,Live,Marshall Islands,34860,"LNG VLGC, 100'-200'cbm",88564,Double Hull,V7HJ7,115174,2108,293.00,285.00,-,45.80,11.50,14.70,MAN Diesel AS,Majuro,-,SBI Holdings Incorporated,Japan,SBI Leasing Services Company Limited,Japan,LS-MHL13 Company Limited,Marshall Islands,Flex LNG Management Limited,United Kingdom,-,-,9709037,538007620,26.20,2018,-,-,-,-,-,12222,16390,5G70ME-C9.5-GI,Assuranceforeningen Gard,American Bureau,-,-,-,-,-,-,2028-07-08T00:00:00,2028-07-08T00:00:00,Flex LNG Fleet Management AS,Norway,Flex LNG Fleet Management AS,Norway,ATLANTIC FOR ORDERS,-,A,03 Jun 2026 12:00:05 GMT,27 Jun 2026 00:01:00 GMT,SBI Leasing Services Company Limited,Japan,"3° 47' 10"" N","8° 40' 56"" E",2,"2 days, 12 hours"
Vladimir Vize,Liquefied Natural Gas Carrier,South Korea,Hanwha Ocean Company Limited,12259799,Live,"Hong Kong, S.A.R., China",38641,"LNG VLGC, 100'-200'cbm",96852,Double Hull,VRRV5,128806,2426,299.00,283.10,-,50.05,11.76,9.31,Wartsila Corporation,Hong Kong,-,Mitsui O.S.K. Lines Limited (MOL) & COSCO Shipping LNG Investment (Shanghai) Company Limited,Japan,Mitsui O.S.K. Lines Limited (MOL) & COSCO Shipping LNG Investment (Shanghai) Company Limited,Japan,Arctic Green LNG Shipping Limited,"Hong Kong, S.A.R., China",Yamal Trade Private Limited,Republic of Singapore,-,-,9750658,477194200,26.50,2018,-,-,-,-,-,15000,20115,9L50DF,Japan Shipowners Mutual Protection & Indemnity Association,China Classification,China Classification,-,2023-10-01T00:00:00,2021-10-13T00:00:00,2023-10-01T00:00:00,2023-10-01T00:00:00,2028-10-02T00:00:00,2028-10-02T00:00:00,MOL Global Ship Management Private Limited,Republic of Singapore,MOL Global Ship Management Private Limited,Republic of Singapore,FOR ORDERS,-,A,03 Jun 2026 11:55:34 GMT,03 Jun 2026 12:00:00 GMT,Mitsui O.S.K. Lines Limited (MOL) & COSCO Shipping LNG Investment (Shanghai) Company Limited,Japan,"69° 18' 45"" N","34° 17' 0"" E",1,"1 day, 8 hours"
Georgiy Ushakov,Liquefied Natural Gas Carrier,Goeje Is.,Hanwha Ocean Company Limited,12259814,Live,Bahamas,38690,"LNG VLGC, 100'-200'cbm",96796,Double Hull,C6DB9,128969,2433,299.00,283.10,-,50.00,13.00,13.50,Wartsila Corporation,Nassau,-,Seapeak LLC (50%) and China LNG Shipping (Holdings) Limited (50%),Marshall Islands,TC LNG Shipping LLC,Marshall Islands,TC LNG Explorer V LLC,Marshall Islands,Yamal Trade Private Limited,Republic of Singapore,-,-,9750749,311000633,26.50,2019,-,-,-,-,-,15000,20115,9L50DF,Assuranceforeningen Skuld,Bureau Veritas,-,-,2024-09-17T00:00:00,2021-08-19T00:00:00,2024-09-01T00:00:00,-,2029-09-17T00:00:00,2029-09-17T00:00:00,Seapeak Maritime Limited,Bermuda,Seapeak Maritime Limited,Bermuda,FOR ORDERS,-,A,03 Jun 2026 11:57:06 GMT,05 Jun 2026 19:01:00 GMT,TC LNG Shipping LLC,Marshall Islands,"73° 19' 2"" N","72° 55' 32"" E",1,"1 day, 6 hours"
Flex Endeavour,Liquefied Natural Gas Carrier,South Korea,Hanwha Ocean Company Limited,12343463,Live,Marshall Islands,36562,"LNG VLGC, 100'-200'cbm",96000,Double Hull,V7A5602,113049,2447,294.90,282.90,-,46.40,11.50,15.00,MAN Diesel AS,Majuro,-,SBI Holdings Incorporated,Japan,SBI Leasing Services Company Limited,Japan,LS-MHL27 Company Limited,Marshall Islands,Cheniere Energy Incorporated,United States of America,-,-,9762261,538010102,26.50,2018,-,-,-,-,Doosan Engine Company Limited,11975,16059,5G70ME-C9-GI,NorthStandard,American Bureau,-,-,2020-09-14T00:00:00,-,-,-,2028-01-08T00:00:00,2028-01-08T00:00:00,Flex LNG Fleet Management AS,Norway,Flex LNG Fleet Management AS,Norway,FOR ORDERS,-,A,03 Jun 2026 12:06:09 GMT,02 Jun 2026 00:01:00 GMT,SBI Leasing Services Company Limited,Japan,"27° 52' 50"" N","97° 16' 15"" W",1,"1 day, 4 hours"
Boris Davydov,Liquefied Natural Gas Carrier,Goeje Is.,Hanwha Ocean Company Limited,12414683,Live,Cyprus,38641,"LNG VLGC, 100'-200'cbm",96765,Double Hull,5BBK5,128806,2428,299.00,283.10,50.00,50.00,13.00,13.50,Wartsila Corporation,Limassol,-,Industrial and Commercial Bank of China Limited (ICBC),People's Republic of China,ICBC Financial Leasing Company Limited,People's Republic of China,Hai Kuo Shipping 1605 Limited,Cyprus,Yamal Trade Private Limited,Republic of Singapore,-,-,9768394,209356000,26.50,2018,-,-,-,-,-,15000,20115,12V50DF,NorthStandard,Bureau Veritas,-,-,2023-09-04T00:00:00,2020-12-03T00:00:00,2023-09-01T00:00:00,2023-09-04T00:00:00,2028-11-30T00:00:00,2028-11-30T00:00:00,Dynagas Limited,Greece,Dynagas Limited,Greece,FOR ORDERS,-,A,03 Jun 2026 12:07:34 GMT,04 Jun 2026 02:10:00 GMT,ICBC Financial Leasing Company Limited,People's Republic of China,"52° 51' 25"" N","3° 12' 48"" E",1,"1 day, 10 hours"
LNG Schneeweisschen,Liquefied Natural Gas Carrier,Goeje Is.,Hanwha Ocean Company Limited,12531335,Live,Panama,35898,"LNG VLGC, 100'-200'cbm",98747,Double Hull,3EPT9,119660,2462,297.90,291.50,-,47.90,12.50,14.00,Winterthur Gas & Diesel Limited (WinGD),Panama,-,Mitsui O.S.K. Lines Limited (MOL),Japan,MOL LNG Transport (Europe) Limited,United Kingdom,LNG Rose Shipping Corporation,Marshall Islands,Uniper SE,Germany,-,-,9771913,357315000,26.50,2018,-,-,-,-,HD Hyundai Heavy Industries Company Limited,12490,16970,5X72DF,U.K. Mutual Steam Ship Assurance Association (Bermuda) Ltd,BV (provisional), (provisional), (provisional),2023-05-20T00:00:00,2026-04-20T00:00:00,2024-11-01T00:00:00,2023-05-17T00:00:00,2028-07-30T00:00:00,2028-07-30T00:00:00,MOL Global Ship Management Private Limited,Republic of Singapore,MOL Global Ship Management Private Limited,Republic of Singapore,DEBRB,Brunsbuttel,A,03 Jun 2026 12:03:09 GMT,10 Jun 2026 00:01:00 GMT,MOL LNG Transport (Europe) Limited,United Kingdom,"39° 18' 16"" N","44° 12' 19"" W",1,"1 day, 11 hours"
BW Pavilion Aranda,Liquefied Natural Gas Carrier,South Korea,Hanwha Ocean Company Limited,12574885,Live,Singapore,34307,"LNG VLGC, 100'-200'cbm",90613,Double Hull,9V6330,114355,2489,294.98,279.90,-,46.40,12.05,14.45,MAN Diesel AS,Singapore,-,BW Group Limited,Bermuda,BW LNG AS,Norway,BW Diamond LNG Private Limited,Republic of Singapore,Pavilion Energy Private Limited,Republic of Singapore,-,-,9792606,563082400,26.50,2019,-,-,-,-,-,21195,28422,5G70ME-C9-GI,Assuranceforeningen Gard,DNV,-,-,-,-,-,-,2029-09-09T00:00:00,2029-09-09T00:00:00,BW Fleet Management AS,Norway,BW Fleet Management AS,Norway,USSAV,Savannah,A,03 Jun 2026 12:08:28 GMT,13 Jun 2026 04:01:00 GMT,BW LNG AS,Norway,"52° 47' 28"" N","3° 9' 52"" E",1,"1 day, 7 hours"
Gaslog Windsor,Liquefied Natural Gas Carrier,South Korea,Samsung Shipbuilding & Heavy Industries Company Limited,12769015,Live,Bermuda,36212,"LNG VLGC, 100'-200'cbm",92764,Double Hull,ZCEX9,120709,2213,297.07,290.00,-,47.00,11.50,15.50,Winterthur Gas & Diesel Limited (WinGD),Hamilton,-,GasLog Limited,Greece,GasLog Limited,Greece,GAS-twenty eight Limited,Bermuda,Centrica PLC,United Kingdom,-,-,9819650,310787000,27.00,2020,-,-,-,-,-,-,-,5X72DF,West of England Mutual Shipowners Protection & Indemnity Association (Luxemburg),American Bureau,-,-,-,-,-,-,2030-03-31T00:00:00,2030-03-31T00:00:00,Gaslog LNG Services Limited,Greece,Gaslog LNG Services Limited,Greece,ITPVT > USNSS,-,A,03 Jun 2026 12:10:05 GMT,02 Jun 2026 05:00:00 GMT,GasLog Limited,Greece,"29° 44' 29"" N","93° 52' 3"" W",1,"1 day, 12 hours"
Adamastos,Liquefied Natural Gas Carrier,South Korea,HD Hyundai Heavy Industries Company Limited,13007707,Live,Malta,34974,"LNG VLGC, 100'-200'cbm",92789,Double Hull,9HA5361,116581,3109,299.00,291.00,-,46.40,12.50,14.00,Winterthur Gas & Diesel Limited (WinGD),-,-,Doun Kisen Company Limited (Doun Kisen KK),Japan,Doun Kisen Company Limited (Doun Kisen KK),Japan,Shimanami Shipping SA,Panama,Engie SA,France,-,-,9879698,215905000,26.50,2021,-,-,-,-,-,-,-,5X72DF,West of England Mutual Shipowners Protection & Indemnity Association (Luxemburg),LR (provisional), (provisional), (provisional),2026-03-31T00:00:00,-,-,-,2026-08-22T00:00:00,2026-08-22T00:00:00,Capital Gas Ship Management Corporation,Greece,Capital Gas Ship Management Corporation,Greece,BDCGP,Chittagong (Chattogram),A,03 Jun 2026 11:48:31 GMT,07 Jun 2026 00:01:00 GMT,Doun Kisen Company Limited (Doun Kisen KK),Japan,"12° 24' 58"" N","86° 29' 55"" E",1,"1 day, 8 hours"
Kyokai Maru No. 13,Liquefied Petroleum Gas Carrier,-,-,14587046,Live,Japan,-,Unknown size,140,Double Hull,JL5857,198,-,-,-,-,-,-,-,Unknown Engine Designer,-,-,Kyokai Kaiun K.K.,Japan,Kyokai Kaiun K.K.,Japan,Kyokai Kaiun K.K.,Japan,-,-,-,-,9009645,431401216,-,1990,-,-,-,-,-,-,-,-,-,-,-,-,-,-,-,-,-,-,-,-,Kyokai Kaiun K.K.,Japan,-,-,-,06 Feb 2023 23:55:48 GMT,-,Kyokai Kaiun K.K.,Japan,"40° 59' 47"" N","140° 44' 2"" E",1,—
Al Zubarah,Liquefied Natural Gas Carrier,Ichihara,Mitsui Engineering & Shipbuilding Company Limited (Ichihara),272846,Live,Marshall Islands,33323,"LNG VLGC, 100'-200'cbm",72557,Double Hull,V7A5139,111079,1411,297.50,286.29,45.75,45.75,11.25,14.25,Mitsubishi Heavy Industries Limited,Majuro,-,Government of The State of Qatar,State of Qatar,QatarEnergy Oil and Gas (1),State of Qatar,QatarEnergy Marine (1) LLC,State of Qatar,Qatar Liquefied Gas Company Limited,State of Qatar,-,-,9085649,538009767,25.50,1996,-,-,-,-,Mitsubishi Heavy Industries Limited,26800,36440,MS40-2,"Britannia Steam Ship Insurance Association Ltd., The",American Bureau,-,-,2018-06-24T00:00:00,-,2021-05-17T00:00:00,-,-,-,MOL Global Ship Management Private Limited,Republic of Singapore,MOL Global Ship Management Private Limited,Republic of Singapore,-,-,A,02 Feb 2026 22:25:53 GMT,-,QatarEnergy Oil and Gas (1),State of Qatar,"5° 10' 1"" N","115° 28' 27"" E",1,"1 day, 3 hours"
Al Khor,Liquefied Natural Gas Carrier,Nagasaki,Mitsubishi Heavy Industries Limited Shipbuilding,273032,Live,Marshall Islands,33324,"LNG VLGC, 100'-200'cbm",72176,Double Hull,V7A5124,111083,2089,297.50,283.00,45.75,45.75,25.50,0.00,Mitsubishi Heavy Industries Limited,Majuro,-,Government of The State of Qatar,State of Qatar,QatarEnergy Oil and Gas (1),State of Qatar,QatarEnergy Marine (2) LLC,State of Qatar,Qatar Liquefied Gas Company Limited,State of Qatar,-,-,9085613,538009754,25.50,1996,-,-,-,-,Mitsubishi Heavy Industries Limited,26800,36400,MS40,"Britannia Steam Ship Insurance Association Ltd., The",Lloyds Register,-,-,2019-06-07T00:00:00,-,2021-11-17T00:00:00,-,2026-11-12T00:00:00,2026-11-12T00:00:00,NYK LNG Shipmanagement Limited,Japan,NYK LNG Shipmanagement Limited,Japan,-,-,A,24 Feb 2026 01:29:13 GMT,-,QatarEnergy Oil and Gas (1),State of Qatar,"5° 9' 11"" N","115° 25' 34"" E",2,"3 days, 4 hours"
Al Wajbah,Liquefied Natural Gas Carrier,Nagasaki,Mitsubishi Heavy Industries Limited Shipbuilding,273033,Live,Marshall Islands,33348,"LNG VLGC, 100'-200'cbm",72348,Double Hull,V7A5141,111161,2090,297.50,283.00,45.75,45.75,11.25,14.25,Mitsubishi Heavy Industries Limited,Majuro,-,Government of The State of Qatar,State of Qatar,QatarEnergy Oil and Gas (1),State of Qatar,QatarEnergy Marine (4) LLC,State of Qatar,Qatar Liquefied Gas Company Limited,State of Qatar,-,-,9085625,538009769,25.50,1997,-,-,-,-,Mitsubishi Heavy Industries Limited,26800,36440,MS40-2,"Britannia Steam Ship Insurance Association Ltd., The",American Bureau,-,-,2019-10-04T00:00:00,-,2017-04-21T00:00:00,-,2027-05-12T00:00:00,2027-05-12T00:00:00,MOL Global Ship Management Private Limited,Republic of Singapore,MOL Global Ship Management Private Limited,Republic of Singapore,MY LBU,-,A,22 May 2026 00:33:00 GMT,16 May 2026 00:00:00 GMT,QatarEnergy Oil and Gas (1),State of Qatar,"5° 9' 7"" N","115° 28' 36"" E",1,"1 day, 4 hours"
Al Rayyan,Liquefied Natural Gas Carrier,Sakaide,Kawasaki Heavy Industries Limited Shipbuilding Division,275277,Live,Marshall Islands,33338,"LNG VLGC, 100'-200'cbm",72430,Double Hull,V7A5140,111128,1445,297.50,283.00,45.75,45.75,11.25,14.25,Mitsubishi Heavy Industries Limited,Majuro,-,Government of The State of Qatar,State of Qatar,QatarEnergy Oil and Gas (1),State of Qatar,QatarEnergy Marine (3) LLC,State of Qatar,Qatar Liquefied Gas Company Limited,State of Qatar,-,-,9086734,538009768,25.50,1997,-,-,-,-,Mitsubishi Heavy Industries Limited,26800,36438,MS40-2,China Shipowners Mutual Assurance Association,American Bureau,-,-,2019-08-27T00:00:00,-,2017-05-08T00:00:00,-,2027-04-28T00:00:00,2027-04-28T00:00:00,PG Shipmanagement Private Limited,Republic of Singapore,PG Shipmanagement Private Limited,Republic of Singapore,CN GUT,Guangdong Dapeng,A,03 Jun 2026 12:12:09 GMT,27 Jun 2026 06:00:00 GMT,QatarEnergy Oil and Gas (1),State of Qatar,"5° 47' 3"" N","96° 52' 10"" E",1,"1 day, 5 hours"
Al Bidda,Liquefied Natural Gas Carrier,Sakaide,Kawasaki Heavy Industries Limited Shipbuilding Division,275291,Live,Marshall Islands,33337,"LNG VLGC, 100'-200'cbm",72462,Double Bottom,V7A5144,111124,1470,297.50,286.29,45.75,45.75,11.25,14.25,Mitsubishi Heavy Industries Limited,Majuro,-,Government of The State of Qatar,State of Qatar,QatarEnergy Oil and Gas (1),State of Qatar,QatarEnergy Marine (9) LLC,State of Qatar,Qatar Liquefied Gas Company Limited,State of Qatar,-,-,9132741,538009772,25.50,1999,-,-,-,-,Mitsubishi Heavy Industries Limited,26800,36438,MS40-2,"Britannia Steam Ship Insurance Association Ltd., The",American Bureau,-,-,2019-04-27T00:00:00,-,2019-10-27T00:00:00,-,2029-11-14T00:00:00,2029-11-14T00:00:00,MOL Global Ship Management Private Limited,Republic of Singapore,MOL Global Ship Management Private Limited,Republic of Singapore,MY LBU,-,A,17 May 2026 14:43:19 GMT,15 May 2026 01:00:00 GMT,QatarEnergy Oil and Gas (1),State of Qatar,"5° 9' 10"" N","115° 23' 44"" E",1,"1 day, 5 hours"
Al Jasra,Liquefied Natural Gas Carrier,Nagasaki,Mitsubishi Heavy Industries Limited Shipbuilding,275421,Live,Marshall Islands,33350,"LNG VLGC, 100'-200'cbm",72218,Double Hull,V7A5123,111168,2117,297.50,283.00,45.75,45.75,11.25,14.25,Mitsubishi Heavy Industries Limited,Majuro,-,Government of The State of Qatar,State of Qatar,QatarEnergy Oil and Gas (1),State of Qatar,QatarEnergy Marine (10) LLC,State of Qatar,-,-,-,-,9132791,538009753,25.50,2000,-,-,-,-,Mitsubishi Heavy Industries Limited,26800,36438,MS40-2,"Britannia Steam Ship Insurance Association Ltd., The",Nippon Kaiji Kyokai,-,-,2020-09-24T00:00:00,-,2020-09-24T00:00:00,-,-,-,NYK LNG Shipmanagement Limited,Japan,NYK LNG Shipmanagement Limited,Japan,-,-,A,28 Mar 2026 10:29:38 GMT,-,QatarEnergy Oil and Gas (1),State of Qatar,"57° 43' 55"" N","0° 0' 0"" W",2,"2 days, 7 hours"
Broog,Liquefied Natural Gas Carrier,Ichihara,Mitsui Engineering & Shipbuilding Company Limited (Ichihara),275497,Live,Marshall Islands,33336,"LNG VLGC, 100'-200'cbm",72339,Double Hull,V7A5125,111123,1412,297.50,283.00,45.75,45.75,25.50,0.00,Mitsubishi Heavy Industries Limited,Majuro,-,Government of The State of Qatar,State of Qatar,QatarEnergy Oil and Gas (1),State of Qatar,QatarEnergy Marine (5) LLC,State of Qatar,Qatar Liquefied Gas Company Limited,State of Qatar,-,-,9085651,538009755,25.50,1998,-,-,-,-,Mitsubishi Heavy Industries Limited,26800,36438,MS40-2,"Britannia Steam Ship Insurance Association Ltd., The",Lloyds Register,-,-,2018-06-18T00:00:00,-,2018-06-18T00:00:00,-,2028-04-29T00:00:00,2028-04-29T00:00:00,NYK LNG Shipmanagement Limited,Japan,NYK LNG Shipmanagement Limited,Japan,-,-,A,03 Jun 2026 12:05:04 GMT,-,QatarEnergy Oil and Gas (1),State of Qatar,"5° 12' 7"" N","115° 19' 38"" E",1,"1 day, 4 hours"
Zekreet,Liquefied Natural Gas Carrier,Ichihara,Mitsui Engineering & Shipbuilding Company Limited (Ichihara),275502,Live,Marshall Islands,33337,"LNG VLGC, 100'-200'cbm",72316,Double Hull,V7A5143,111124,1432,297.50,283.00,45.75,45.75,10.95,14.55,Mitsubishi Heavy Industries Limited,Majuro,-,Government of The State of Qatar,State of Qatar,QatarEnergy Oil and Gas (1),State of Qatar,QatarEnergy Marine (8) LLC,State of Qatar,-,-,-,-,9132818,538009771,25.50,1998,-,-,-,-,Mitsubishi Heavy Industries Limited,26800,36438,MS40-2,"Britannia Steam Ship Insurance Association Ltd., The",American Bureau,-,-,2018-07-09T00:00:00,-,2018-07-09T00:00:00,-,2028-08-08T00:00:00,2028-08-08T00:00:00,K Marine Ship Management Private Limited,Republic of Singapore,K Marine Ship Management Private Limited,Republic of Singapore,-,-,A,03 Feb 2026 03:48:28 GMT,-,QatarEnergy Oil and Gas (1),State of Qatar,"5° 28' 29"" N","98° 3' 24"" E",2,"2 days, 6 hours"
Merchant,Liquefied Natural Gas Carrier,Goeje Is.,Samsung Shipbuilding & Heavy Industries Company Limited,325088,Live,Marshall Islands,28049,"LNG VLGC, 100'-200'cbm",75059,Double Hull,V7A2269,93498,1416,278.85,266.00,42.60,42.60,12.30,13.70,Kawasaki Heavy Industries Limited (Tokyo),Majuro,-,Sinokor Company Limited,"Hong Kong, S.A.R., China",Sinokor Merchant Marine Company Limited,Republic of Korea,Ocean Tiger Shipping Limited,"Hong Kong, S.A.R., China",-,-,-,-,9250191,538008352,26.00,2003,-,-,-,-,Kawasaki Heavy Industries Limited (Tokyo),29072,39472,UA-400,Japan Shipowners Mutual Protection & Indemnity Association,Bureau Veritas,-,-,2023-05-21T00:00:00,2021-07-02T00:00:00,2023-07-01T00:00:00,2023-05-21T00:00:00,2028-06-30T00:00:00,2028-06-30T00:00:00,Wilhelmsen Ship Management Sendirian Berhad,Malaysia,Wilhelmsen Ship Management Sendirian Berhad,Malaysia,MY MKZ,-,A,03 Jun 2026 12:07:45 GMT,30 Aug 2026 07:42:00 GMT,Sinokor Merchant Marine Company Limited,Republic of Korea,"2° 20' 15"" N","102° 0' 12"" E",2,"1 day, 16 hours"
Prima Concord,Liquefied Natural Gas Carrier,Goeje Is.,Samsung Shipbuilding & Heavy Industries Company Limited,329439,Live,Indonesia,28023,"LNG VLGC, 100'-200'cbm",73989,Double Hull,YDSW2,93410,1428,278.85,266.00,42.63,42.60,1.20,24.80,Kawasaki Heavy Industries Limited (Tokyo),Jakarta,-,PT Prima Nusantara Group,Indonesia,PT Prima Gas Nusantara,Indonesia,P.T. Prima Pasifik Nusantara,Indonesia,-,-,-,-,9256793,525401281,26.00,2003,-,Alfa Laval Aalborg A/S,Unknown,Unknown,Kawasaki Shipbuilding Corporation,25041,33580,UA-400,NorthStandard,RINA Services S.p.A.,-,-,2020-06-02T00:00:00,-,2017-09-01T00:00:00,-,2027-08-31T00:00:00,2027-08-31T00:00:00,Bernhard Schulte Shipmanagement (UK II) Limited,United Kingdom,Bernhard Schulte Shipmanagement (UK II) Limited,United Kingdom,ID JKT,-,A,03 Jun 2026 12:10:56 GMT,02 Jun 2026 10:10:00 GMT,PT Prima Gas Nusantara,Indonesia,"5° 58' 30"" S","106° 47' 56"" E",2,"1 day, 4 hours"
Prima Carrier,Liquefied Natural Gas Carrier,Nagasaki,Mitsubishi Heavy Industries Limited Shipbuilding,345454,Live,Indonesia,33461,"LNG VLGC, 100'-200'cbm",72571,Double Hull,YDOJ2,111539,2187,293.55,276.00,46.09,46.00,11.36,14.14,Mitsubishi Heavy Industries Limited,Jakarta,-,P.T. Soechi Group,Indonesia,PT Soechi Lines Tbk,Indonesia,PT Prima Osean Nusantara,Indonesia,-,-,-,-,9264910,525301553,25.50,2004,-,-,-,-,Mitsubishi Heavy Industries Limited,21320,28985,MS32-2,NorthStandard,RI (provisional), (provisional), (provisional),2019-04-18T00:00:00,-,2021-11-06T00:00:00,-,-,-,Bernhard Schulte Shipmanagement (UK II) Limited,United Kingdom,Bernhard Schulte Shipmanagement (UK II) Limited,United Kingdom,BLL ID,-,A,03 Jun 2026 12:11:43 GMT,03 Jun 2026 23:00:00 GMT,PT Soechi Lines Tbk,Indonesia,"5° 24' 39"" N","97° 8' 56"" E",16,"13 days, 4 hours"
LNG Kano,Liquefied Natural Gas Carrier,Okpo,Hanwha Ocean Company Limited,353802,Live,Bermuda,29640,"LNG VLGC, 100'-200'cbm",83961,Double Hull,ZCDT4,98798,2230,288.20,277.20,43.44,43.40,12.32,13.68,Kawasaki Heavy Industries Limited (Tokyo),Hamilton,-,BW Group Limited,Bermuda,BW LNG AS,Norway,Bergesen LNG IX Private Limited,Bermuda,Nigeria LNG Limited,Nigeria,-,-,9311567,310534000,26.00,2007,-,-,-,-,Kawasaki Heavy Industries Limited Shipbuilding Division,26342,35325,UA-400,Assuranceforeningen Gard,DNV,-,-,-,-,2016-10-27T00:00:00,-,2026-09-02T00:00:00,2026-09-02T00:00:00,BW Fleet Management AS,Norway,BW Fleet Management AS,Norway,IN MUN,Mundra,A,03 Jun 2026 12:04:25 GMT,07 Jun 2026 18:31:00 GMT,BW LNG AS,Norway,"14° 0' 28"" N","65° 42' 60"" E",1,—
LNG Ondo,Liquefied Natural Gas Carrier,Okpo,Hanwha Ocean Company Limited,353804,Live,Bermuda,29640,"LNG VLGC, 100'-200'cbm",83688,Double Hull,ZCDT5,98798,2231,288.20,277.20,43.43,43.40,12.30,13.70,Kawasaki Heavy Industries Limited (Tokyo),Hamilton,-,BW Group Limited,Bermuda,BW LNG AS,Norway,Bergesen LNG X Private Limited,Bermuda,Nigeria LNG Limited,Nigeria,-,-,9311579,310550000,26.00,2007,-,-,-,-,Kawasaki Heavy Industries Limited Shipbuilding Division,26342,35325,UA-400,Assuranceforeningen Gard,DNV,-,-,-,-,2017-07-04T00:00:00,-,2027-09-21T00:00:00,2027-09-21T00:00:00,BW Fleet Management AS,Norway,BW Fleet Management AS,Norway,ES CAR,Cartagena,A,03 Jun 2026 12:11:22 GMT,04 Jun 2026 04:00:00 GMT,BW LNG AS,Norway,"36° 10' 21"" N","3° 33' 1"" W",1,"1 day, 6 hours"
LNG Borno,Liquefied Natural Gas Carrier,Goeje Is.,Samsung Shipbuilding & Heavy Industries Company Limited,357905,Live,Bermuda,29362,"LNG VLGC, 100'-200'cbm",82030,Double Hull,ZCDW4,97874,1563,285.10,274.00,43.40,43.30,12.40,13.60,Mitsubishi Heavy Industries Limited,Hamilton,-,Nippon Yusen Kabushiki Kaisha (NYK Line) (Nippon Yusen Kaisha),Japan,NYK LNG Shipmanagement (UK) Limited,United Kingdom,Okra Shipping No.1 Limited,Bahamas,-,-,-,-,9322803,310543000,26.00,2007,-,Alfa Laval Aalborg A/S,Unknown,Unknown,Mitsubishi Heavy Industries Limited Shipbuilding,26055,35424,MS36-2A,U.K. Mutual Steam Ship Assurance Association (Bermuda) Ltd,Lloyds Register,-,-,2025-07-21T00:00:00,-,2022-09-13T00:00:00,-,2027-09-03T00:00:00,2027-09-03T00:00:00,NYK LNG Shipmanagement (UK) Limited,United Kingdom,NYK LNG Shipmanagement (UK) Limited,United Kingdom,NG BON,Bonny,A,03 Jun 2026 12:10:48 GMT,15 Jun 2026 11:00:00 GMT,NYK LNG Shipmanagement (UK) Limited,United Kingdom,"28° 47' 57"" S","42° 41' 16"" E",2,"2 days, 6 hours"
Tembek,Liquefied Natural Gas Carrier,Goeje Is.,Samsung Shipbuilding & Heavy Industries Company Limited,362852,Live,Marshall Islands,42016,"LNG QatarMax, 200'+ cbm",113586,Double Hull,V7MX8,136410,1605,315.17,303.00,50.04,50.00,12.52,14.48,B&W Diesel A/S,Majuro,-,Qatar Gas Transport Company Limited (Nakilat) QPSC,State of Qatar,Qatar Gas Transport Company Limited (Nakilat) QPSC,State of Qatar,Overseas LNG S1 LLC,State of Qatar,Qatar Liquefied Gas Company Limited,State of Qatar,-,-,9337731,538002921,27.00,2007,-,-,-,-,Doosan Engine Company Limited,37320,25370,6S70ME-C,Assuranceforeningen Gard,DNV,-,-,-,-,2012-09-23T00:00:00,-,2027-11-19T00:00:00,2027-11-19T00:00:00,Nakilat Shipping (Qatar) Limited  (NSQL),State of Qatar,Nakilat Shipping (Qatar) Limited  (NSQL),State of Qatar,-,Ras Laffan,A,06 May 2026 11:40:50 GMT,-,Qatar Gas Transport Company Limited (Nakilat) QPSC,State of Qatar,"7° 57' 1"" N","76° 17' 32"" E",1,"2 days, 3 hours"
Al Hamla,Liquefied Natural Gas Carrier,Goeje Is.,Samsung Shipbuilding & Heavy Industries Company Limited,362853,Live,Marshall Islands,42016,"LNG QatarMax, 200'+ cbm",113584,Double Hull,V7MX9,136410,1606,315.17,303.00,50.05,50.00,12.00,15.00,B&W Diesel A/S,Majuro,-,Qatar Gas Transport Company Limited (Nakilat) QPSC,State of Qatar,Qatar Gas Transport Company Limited (Nakilat) QPSC,State of Qatar,Overseas LNG S2 LLC,State of Qatar,RasGas Company Limited (RASGAS),State of Qatar,-,-,9337743,538002922,27.00,2008,-,-,-,-,HSD Sjo AS,37320,25370,6S70ME-C,Assuranceforeningen Gard,DNV,-,-,-,-,2013-02-05T00:00:00,-,2028-02-15T00:00:00,2028-02-15T00:00:00,Nakilat Shipping (Qatar) Limited  (NSQL),State of Qatar,Nakilat Shipping (Qatar) Limited  (NSQL),State of Qatar,SG SIN>QA RLF,Ras Laffan,A,06 May 2026 12:27:38 GMT,31 May 2026 21:00:00 GMT,Qatar Gas Transport Company Limited (Nakilat) QPSC,State of Qatar,"17° 16' 20"" N","67° 17' 35"" E",1,"1 day, 11 hours"
Seapeak Arwa,Liquefied Natural Gas Carrier,Goeje Is.,Samsung Shipbuilding & Heavy Industries Company Limited,363172,Live,Marshall Islands,32537,"LNG VLGC, 100'-200'cbm",81400,Double Hull,V7PQ5,104169,1625,285.00,275.00,43.40,43.40,12.10,14.50,Wartsila Corporation,Majuro,-,Stonepeak Infrastructure Partners (Stonepeak Partners LP),United States of America,Seapeak LLC,Marshall Islands,Membrane Shipping Limited,Marshall Islands,Yemen LNG Company Limited,Yemeni Republic,-,-,9339260,538003267,26.60,2008,-,-,-,-,Wartsila SACM,11461,15370,12V50DF,NorthStandard,Bureau Veritas,-,-,2023-08-22T00:00:00,2025-11-13T00:00:00,2025-01-01T00:00:00,2023-08-22T00:00:00,2028-09-21T00:00:00,2028-09-21T00:00:00,Seapeak Maritime Limited,Bermuda,Seapeak Maritime Limited,Bermuda,FOR ORDERS,"Bintulu, Sarawak",A,03 Jun 2026 11:05:50 GMT,11 Jun 2026 15:00:00 GMT,Seapeak LLC,Marshall Islands,"20° 18' 18"" N","123° 24' 36"" E",2,"2 days, 12 hours"
Al Utouriya,Liquefied Natural Gas Carrier,Ulsan,HD Hyundai Heavy Industries Company Limited,372314,Live,Marshall Islands,42015,"LNG QatarMax, 200'+ cbm",113609,Double Hull,V7NU5,136355,1875,315.00,303.03,-,50.00,13.00,14.00,B&W Diesel A/S,Majuro,-,Qatar Gas Transport Company (Nakilat) QPSC and J5 Consortium,State of Qatar,Qatar Gas Transport Company (Nakilat) QPSC and J5 Consortium,State of Qatar,J5 Nakilat No.8 Limited,Marshall Islands,RasGas Company Limited (RASGAS),State of Qatar,-,-,9360867,538003020,27.00,2008,-,-,-,-,HMM Company Limited,37320,21564,6S70ME-C,U.K. Mutual Steam Ship Assurance Association (Bermuda) Ltd,DNV,-,-,-,-,2018-07-21T00:00:00,-,2028-09-01T00:00:00,2028-09-01T00:00:00,NYK LNG Shipmanagement Limited,Japan,NYK LNG Shipmanagement Limited,Japan,GI GIB>QA RLF,Ras Laffan,A,03 Jun 2026 11:18:30 GMT,30 May 2026 09:00:00 GMT,Qatar Gas Transport Company (Nakilat) QPSC and J5 Consortium,State of Qatar,"16° 3' 42"" N","70° 13' 24"" E",1,"1 day, 13 hours"
Al Shamal,Liquefied Natural Gas Carrier,Goeje Is.,Samsung Shipbuilding & Heavy Industries Company Limited,372316,Live,Bahamas,41972,"LNG QatarMax, 200'+ cbm",116444,Double Hull,C6VG4,135848,1645,315.06,302.00,50.03,50.00,12.00,15.00,B&W Diesel A/S,Nassau,-,Qatar Gas Transport Company Limited (Nakilat) QPSC (60%) & Teekay Corporation (40%),State of Qatar,Qatar Gas Transport Company Limited (Nakilat) QPSC (60%) & Teekay Corporation (40%),State of Qatar,Al Shamal Incorporated,Bermuda,RasGas Company Limited (RASGAS),State of Qatar,-,-,9360893,309781000,27.04,2008,-,-,-,-,Doosan Engine Company Limited,16692,21564,6S70ME-C,NorthStandard,American Bureau,-,-,2018-02-12T00:00:00,2016-04-06T00:00:00,2018-05-31T00:00:00,2018-02-12T00:00:00,2028-06-30T00:00:00,2028-06-30T00:00:00,Seapeak Maritime (Glasgow) Limited,United Kingdom,Seapeak Maritime (Glasgow) Limited,United Kingdom,FOR ORDERS,-,A,03 Jun 2026 12:05:51 GMT,02 Jun 2026 05:30:00 GMT,Qatar Gas Transport Company Limited (Nakilat) QPSC (60%) & Teekay Corporation (40%),State of Qatar,"19° 3' 27"" N","72° 33' 59"" E",1,"1 day, 11 hours"
Al Sadd,Liquefied Natural Gas Carrier,Okpo,Hanwha Ocean Company Limited,459158,Live,Marshall Islands,45524,"LNG QatarMax, 200'+ cbm",121913,Double Hull,V7QG9,136980,2265,315.00,303.00,50.03,50.00,12.00,15.00,B&W Diesel A/S,Majuro,-,Qatar Gas Transport Company Limited (Nakilat) QPSC,State of Qatar,Qatar Gas Transport Company Limited (Nakilat) QPSC,State of Qatar,Nakilat DSME 2265 LLC,State of Qatar,Qatar Liquefied Gas Company Limited,State of Qatar,-,-,9397341,538003361,27.04,2009,-,-,-,-,HSD Engine Company Limited,16550,21564,6S70ME-C,NorthStandard,American Bureau,-,-,2019-02-18T00:00:00,2017-02-18T00:00:00,2019-02-18T00:00:00,2019-02-18T00:00:00,2029-03-25T00:00:00,2029-03-25T00:00:00,Nakilat Shipping (Qatar) Limited  (NSQL),State of Qatar,Nakilat Shipping (Qatar) Limited  (NSQL),State of Qatar,FOR ORDERS,-,A,03 Jun 2026 12:10:57 GMT,31 May 2026 10:10:00 GMT,Qatar Gas Transport Company Limited (Nakilat) QPSC,State of Qatar,"19° 16' 51"" N","68° 13' 37"" E",2,"3 days, 23 hours"
Kakurei Maru,Liquefied Natural Gas Carrier,Imabari,Higaki Shipbuilding Company Limited,5140190,Live,Japan,-,"LNG, -100'cbm",1801,Double Hull,JD2674,2952,615,86.29,80.30,-,15.10,4.31,2.69,Wartsila Corporation,Tokyo,-,Tsurumi Sunmarine Company Limited (Tsurumi Sunmarine KK),Japan,Tsurumi Sunmarine Company Limited (Tsurumi Sunmarine KK),Japan,Tsurumi Sunmarine Company Limited (Tsurumi Sunmarine KK),Japan,-,-,-,-,9469235,431000792,7.00,2008,-,-,-,-,The Hanshin Diesel Works Limited,2059,2800,LH38L,-,Nippon Kaiji Kyokai,-,-,2020-08-27T00:00:00,-,2018-06-29T00:00:00,-,2028-08-05T00:00:00,2028-08-05T00:00:00,Tsurumi Sunmarine Tanker Company Limited,Japan,Tsurumi Sunmarine Tanker Company Limited,Japan,JP HKP 2E,-,A,03 Jun 2026 12:13:37 GMT,01 Jun 2026 08:30:00 GMT,Tsurumi Sunmarine Company Limited (Tsurumi Sunmarine KK),Japan,"41° 46' 57"" N","140° 43' 19"" E",4,"11 days, 9 hours"
Al Karaana,Liquefied Natural Gas Carrier,Okpo,Hanwha Ocean Company Limited,741810,Live,Marshall Islands,45524,"LNG QatarMax, 200'+ cbm",98205,Double Hull,V7QG6,136980,2284,315.00,303.00,-,50.00,13.62,13.38,B&W Diesel A/S,Majuro,-,Qatar Gas Transport Company Limited (Nakilat) QPSC,State of Qatar,Qatar Gas Transport Company Limited (Nakilat) QPSC,State of Qatar,Nakilat DSME 2284 LLC,State of Qatar,Qatar Liquefied Gas Company Limited,State of Qatar,-,-,9431123,538003358,27.00,2009,-,-,-,-,HSD Engine Company Limited,33100,22554,6S70ME-C,"Britannia Steam Ship Insurance Association Ltd., The",Lloyds Register,-,-,2024-07-31T00:00:00,-,2024-08-20T00:00:00,-,2029-09-30T00:00:00,2029-09-30T00:00:00,Shell International Trading & Shipping Company Limited (STASCO),United Kingdom,Shell International Trading & Shipping Company Limited (STASCO),United Kingdom,FOR ORDERS,-,A,03 Jun 2026 12:08:31 GMT,12 Jun 2026 00:00:00 GMT,Qatar Gas Transport Company Limited (Nakilat) QPSC,State of Qatar,"2° 5' 10"" N","104° 49' 60"" E",1,2 days
No.1Sj Gas,Liquefied Petroleum Gas Carrier,Yawatahama,Kurinoura Dockyard K.K.,13789808,Dead,South Korea,-,Unknown size,3706,Single,-,2931,323,96.05,89.00,14.00,-,5.70,1.30,Unknown Engine Designer,Jeju,-,-,-,-,-,-,-,-,-,-,-,9110066,-,7.00,1994,-,-,-,-,-,-,-,UNKNOWN,-,-,-,-,-,-,-,-,-,-,-,-,-,-,"ALANG,INDIA",-,A,29 Apr 2022 10:06:56 GMT,28 Apr 2022 18:35:00 GMT,Indian Breakers,-,"21° 24' 51"" N","72° 12' 11"" E",3,"9 days, 17 hours"
Energos Celsius,Liquefied Natural Gas Carrier,Goeje Is.,Samsung Shipbuilding & Heavy Industries Company Limited,10997275,Live,Marshall Islands,30764,"LNG VLGC, 100'-200'cbm",82030,Double Hull,V7AF5,102100,2026,280.53,268.97,43.40,43.40,11.75,14.65,Wartsila Corporation,Majuro,-,Golar LNG Limited,Bermuda,Golar LNG Limited,Bermuda,Energos Celcius Corporation,Marshall Islands,"Energos Infrastructure Management, LLC",United States of America,-,-,9626027,538004984,26.40,2013,-,-,-,-,-,-,-,12V50DF,Assuranceforeningen Skuld,DNV,-,-,-,-,2018-11-15T00:00:00,-,2028-10-31T00:00:00,2028-10-31T00:00:00,Wilhelmsen Ship Management Limited (USA),United States of America,Wilhelmsen Ship Management Limited (USA),United States of America,-,-,A,03 Jun 2026 12:06:08 GMT,-,Golar LNG Limited,Bermuda,"1° 31' 36"" S","48° 44' 39"" W",1,"1 day, 5 hours"
Maran Gas Apollonia,Liquefied Natural Gas Carrier,Samho,HD Hyundai Samho Company Limited,11004527,Live,Greece,33854,"LNG VLGC, 100'-200'cbm",90434,Double Hull,SVBV2,105773,S624,289.00,275.00,45.63,45.60,11.50,13.50,Unknown Engine Designer,Piraeus,-,Maran Nakilat Company Limited,Cayman Islands,Maran Nakilat Company Limited,Cayman Islands,Ilida Shipping Company Limited,Liberia,BG Group PLC,United Kingdom,-,-,9633422,241275000,26.00,2013,-,-,-,-,-,-,-,12V50DF,NorthStandard,DNV,-,-,-,-,2018-12-09T00:00:00,-,2029-01-07T00:00:00,2029-01-07T00:00:00,Maran Gas Maritime Incorporated,Greece,Maran Gas Maritime Incorporated,Greece,FOR ORDERS,-,A,03 Jun 2026 11:46:32 GMT,13 Jun 2026 22:00:00 GMT,Maran Nakilat Company Limited,Cayman Islands,"10° 47' 15"" S","152° 4' 46"" E",1,"1 day, 9 hours"
Kool Boreas,Liquefied Natural Gas Carrier,Jinhae,K Shipbuilding Company Limited,11069405,Live,Liberia,34632,"LNG VLGC, 100'-200'cbm",93585,Double Hull,D5FW6,113876,1913,299.90,288.00,45.80,45.80,12.50,13.50,MAN Energy Solutions SE,Monrovia,-,Quantum Pacific Group,Monaco,Cool Company Limited (CoolCo),Bermuda,Persect Marine Limited,Liberia,-,-,-,-,9654880,636016378,26.00,2015,-,"Permea Maritime Protection, Air Products N.V.",Unknown,Unknown,-,21195,28422,8L51/60DF,Assuranceforeningen Gard,LR (provisional), (provisional), (provisional),2025-07-29T00:00:00,-,2025-08-11T00:00:00,-,2030-04-20T00:00:00,2030-04-20T00:00:00,Cool Company Management AS,Norway,Cool Company Management AS,Norway,SGSIN PGBG,Singapore,A,03 Jun 2026 11:31:48 GMT,04 Jun 2026 00:00:00 GMT,Cool Company Limited (CoolCo),Bermuda,"0° 38' 50"" N","106° 3' 26"" E",2,"2 days, 17 hours"
Maran Gas Mystras,Liquefied Natural Gas Carrier,Okpo,Hanwha Ocean Company Limited,11107548,Live,Greece,31167,"LNG VLGC, 100'-200'cbm",89269,Double Hull,SVCB6,103893,2405,294.20,283.20,-,44.00,12.52,13.48,Wartsila Corporation,Piraeus,-,Angelicoussis Shipping Group Limited,Greece,Maran Gas Maritime Incorporated,Greece,Blueskies Shipping Company Limited,Liberia,-,-,-,-,9658238,241350000,26.00,2015,-,Hamworthy Moss AS,Unknown,Unknown,-,-,-,9L50DF,Assuranceforeningen Gard,Lloyds Register,-,-,2025-05-09T00:00:00,-,2025-05-10T00:00:00,-,2030-07-30T00:00:00,2030-07-30T00:00:00,Maran Gas Maritime Incorporated,Greece,Maran Gas Maritime Incorporated,Greece,FOR ORDERS,-,A,03 Jun 2026 12:10:32 GMT,03 Jun 2026 22:15:00 GMT,Maran Gas Maritime Incorporated,Greece,"34° 5' 44"" N","129° 46' 21"" E",2,"2 days, 14 hours"
Seapeak Creole,Liquefied Natural Gas Carrier,Okpo,Hanwha Ocean Company Limited,11628170,Live,Bahamas,33979,"LNG VLGC, 100'-200'cbm",95452,Double Hull,C6BF3,113263,2407,294.90,282.90,46.44,46.40,12.52,13.98,MAN Diesel AS,Nassau,-,Industrial and Commercial Bank of China Limited (ICBC),People's Republic of China,ICBC Financial Leasing Company Limited,People's Republic of China,Hai Jiao 1601 Limited,Marshall Islands,Seapeak LLC,Marshall Islands,-,-,9681687,311000246,26.50,2016,-,-,-,-,-,21195,28422,5G70ME-GI,NorthStandard,DN (provisional), (provisional), (provisional),-,-,2016-02-18T00:00:00,-,2031-02-18T00:00:00,2031-02-18T00:00:00,Seapeak Maritime Limited,Bermuda,Seapeak Maritime Limited,Bermuda,USPLQ,-,A,03 Jun 2026 12:04:48 GMT,06 Jun 2026 05:01:00 GMT,ICBC Financial Leasing Company Limited,People's Republic of China,"25° 25' 58"" N","89° 5' 46"" W",1,"1 day, 11 hours"
Gaslog Glasgow,Liquefied Natural Gas Carrier,Goeje Is.,Samsung Shipbuilding & Heavy Industries Company Limited,11798673,Live,Bermuda,34930,"LNG VLGC, 100'-200'cbm",94400,Double Hull,ZCES6,112764,2073,291.08,279.00,-,45.80,11.50,14.70,Wartsila Corporation,Hamilton,-,GasLog Limited,Greece,GasLog Limited,Greece,Gas Twelve Limited,Bermuda,Methane Services Limited,United Kingdom,-,-,9687021,310744000,26.20,2016,-,-,-,-,-,-,-,8L50DF,"Britannia Steam Ship Insurance Association Ltd., The",American Bureau,-,-,2019-03-24T00:00:00,-,-,-,2026-06-29T00:00:00,2026-06-29T00:00:00,Gaslog LNG Services Limited,Greece,Gaslog LNG Services Limited,Greece,CAKTM,-,A,03 Jun 2026 12:09:52 GMT,04 Jun 2026 13:00:00 GMT,GasLog Limited,Greece,"54° 31' 1"" N","135° 24' 22"" W",1,"1 day, 15 hours"
Castillo de Merida,Liquefied Natural Gas Carrier,Saijo,Imabari Shipbuilding Company Limited (Saijo),12248954,Live,Malta,37801,"LNG VLGC, 100'-200'cbm",93100,Double Hull,9HA4686,126004,8177,296.98,284.00,-,48.70,12.65,13.75,Unknown Engine Designer,Valletta,-,Imabari Shipbuilding Company Limited & Mitsubishi Corporation,Japan,Imabari Shipbuilding Company Limited & Mitsubishi Corporation,Japan,San Isidro LNG I B.V.,Netherlands,Empresa Naviera Elcano SA (ENE),Spain,-,-,9742807,248516000,26.40,2018,-,Alfa Laval Aalborg A/S,Unknown,Unknown,-,-,-,7G70ME-C9.2-GI,"Britannia Steam Ship Insurance Association Ltd., The",Lloyds Register,-,-,2025-09-14T00:00:00,-,2023-06-21T00:00:00,-,2028-03-26T00:00:00,2028-03-26T00:00:00,Empresa Naviera Elcano SA (ENE),Spain,Empresa Naviera Elcano SA (ENE),Spain,USCRP,Corpus Christi,A,30 May 2026 05:01:15 GMT,05 Jul 2026 12:00:00 GMT,Imabari Shipbuilding Company Limited & Mitsubishi Corporation,Japan,"7° 26' 33"" S","79° 24' 50"" E",1,"1 day, 8 hours"
Eduard Toll,Liquefied Natural Gas Carrier,Goeje Is.,Hanwha Ocean Company Limited,12259794,Live,Bahamas,38692,"LNG VLGC, 100'-200'cbm",96840,Double Hull,C6CR2,128975,2423,299.00,283.10,-,50.00,13.00,13.50,Wartsila Corporation,Nassau,-,Seapeak LLC (50%) and China LNG Shipping (Holdings) Limited (50%),Marshall Islands,TC LNG Shipping LLC,Marshall Islands,TC LNG Explorer I LLC,Marshall Islands,Yamal Trade Private Limited,Republic of Singapore,-,-,9750696,311000548,26.50,2017,-,-,-,-,-,15000,20115,9L50DF,NorthStandard,Bureau Veritas,-,-,2025-09-16T00:00:00,2025-09-16T00:00:00,2025-09-01T00:00:00,2022-10-12T00:00:00,2027-12-09T00:00:00,2027-12-09T00:00:00,Seapeak Maritime Limited,Bermuda,Seapeak Maritime Limited,Bermuda,FOR ORDERS,-,A,03 Jun 2026 10:51:43 GMT,04 Jun 2026 00:01:00 GMT,TC LNG Shipping LLC,Marshall Islands,"71° 21' 0"" N","72° 19' 18"" E",1,"1 day, 9 hours"
Vladimir Rusanov,Liquefied Natural Gas Carrier,Goeje Is.,Hanwha Ocean Company Limited,12259869,Live,"Hong Kong, S.A.R., China",38641,"LNG VLGC, 100'-200'cbm",96844,Double Hull,VRRA7,128806,2424,299.00,283.10,-,50.05,11.76,9.31,Wartsila Corporation,Hong Kong,-,Mitsui O.S.K. Lines Limited (MOL) & COSCO Shipping LNG Investment (Shanghai) Company Limited,Japan,Mitsui O.S.K. Lines Limited (MOL) & COSCO Shipping LNG Investment (Shanghai) Company Limited,Japan,Arctic Blue LNG Shipping Limited,"Hong Kong, S.A.R., China",Yamal Trade Private Limited,Republic of Singapore,-,-,9750701,477150100,26.50,2018,-,-,-,-,-,15000,20115,9L50DF,Japan Shipowners Mutual Protection & Indemnity Association,China Classification,China Classification,-,2025-10-06T00:00:00,2025-10-06T00:00:00,2025-10-01T00:00:00,2022-11-01T00:00:00,2028-01-02T00:00:00,2028-01-02T00:00:00,MOL Global Ship Management Private Limited,Republic of Singapore,MOL Global Ship Management Private Limited,Republic of Singapore,FOR ORDERS,-,A,03 Jun 2026 12:00:11 GMT,09 Jun 2026 22:01:00 GMT,Mitsui O.S.K. Lines Limited (MOL) & COSCO Shipping LNG Investment (Shanghai) Company Limited,Japan,"77° 10' 14"" N","61° 51' 33"" E",1,"1 day, 12 hours"
Maran Gas Chios,Liquefied Natural Gas Carrier,South Korea,Hanwha Ocean Company Limited,12265220,Live,Greece,34128,"LNG VLGC, 100'-200'cbm",94945,Double Hull,SVDD2,113763,2456,294.90,279.60,-,46.40,12.90,13.60,MAN Energy Solutions SE,Piraeus,-,Angelicoussis Shipping Group Limited,Greece,Maran Gas Maritime Incorporated,Greece,Pleione Incorporated,Liberia,-,-,-,-,9753014,241636000,26.50,2019,-,-,-,-,-,-,-,7G70ME-C9-GI,Assuranceforeningen Gard,DNV,-,-,-,-,-,-,2029-03-27T00:00:00,2029-03-27T00:00:00,Maran Gas Maritime Incorporated,Greece,Maran Gas Maritime Incorporated,Greece,FOR ORDERS,-,A,03 Jun 2026 11:57:39 GMT,16 Jun 2026 11:00:00 GMT,Maran Gas Maritime Incorporated,Greece,"31° 12' 8"" N","133° 36' 22"" W",1,"1 day, 7 hours"
BW Tulip,Liquefied Natural Gas Carrier,South Korea,Hanwha Ocean Company Limited,12271386,Live,Singapore,34310,"LNG VLGC, 100'-200'cbm",90522,Double Hull,9V5406,114364,2435,294.90,282.90,-,46.40,12.05,14.45,MAN Diesel AS,Singapore,-,BW Group Limited,Bermuda,BW Maritime Private Limited,Republic of Singapore,BW LNG I Private Limited,Republic of Singapore,Total Energies,France,-,-,9758064,563041600,26.50,2018,-,-,-,-,-,21195,28422,5G70ME-C9-GI,NorthStandard,DNV,-,-,-,-,-,-,2028-01-05T00:00:00,2028-01-05T00:00:00,BW Fleet Management AS,Norway,BW Fleet Management AS,Norway,FOR ORDERS,-,A,03 Jun 2026 12:09:32 GMT,15 Jun 2026 00:01:00 GMT,BW Maritime Private Limited,Republic of Singapore,"30° 44' 54"" S","36° 2' 15"" E",1,"1 day, 7 hours"
British Sponsor,Liquefied Natural Gas Carrier,Geoje,Hanwha Ocean Company Limited,12395452,Live,Isle of Man,34609,"LNG VLGC, 100'-200'cbm",94360,Double Hull,MAOR4,115366,2446,294.90,282.90,-,46.40,12.50,8.48,MAN Diesel AS,Douglas,-,Kukje Maritime Investment Corporation (KMARIN),Republic of Korea,Natural Gas Ocean Transportation Investment No.20 Holdco S.A.,Panama,Natural Gas Ocean Transportation Investment No. 20 SPC D S.A.,Panama,BP Shipping Limited,United Kingdom,-,-,9766580,232006295,20.98,2019,-,-,-,-,-,21195,28422,5G70ME-C9-GI,"Britannia Steam Ship Insurance Association Ltd., The",Lloyds Register,-,-,2024-05-21T00:00:00,-,2024-05-11T00:00:00,-,2029-04-23T00:00:00,2029-04-23T00:00:00,BP Shipping Limited,United Kingdom,BP Shipping Limited,United Kingdom,CO CTG,-,A,03 Jun 2026 12:07:19 GMT,02 Jun 2026 11:00:00 GMT,Natural Gas Ocean Transportation Investment No.20 Holdco S.A.,Panama,"10° 16' 55"" N","75° 33' 26"" W",7,"7 days, 8 hours"
British Contributor,Liquefied Natural Gas Carrier,Goeje Is.,Hanwha Ocean Company Limited,12395504,Live,Unknown,34609,"LNG VLGC, 100'-200'cbm",83000,Double Hull,-,115366,2443,294.90,282.90,-,46.40,12.50,8.48,MAN Diesel AS,-,-,Industrial and Commercial Bank of China Limited (ICBC),People's Republic of China,ICBC Financial Leasing Company Limited,People's Republic of China,Hai Kuo Shipping 1533 Limited,Marshall Islands,BP Shipping Limited,United Kingdom,-,-,9766554,-,20.98,2018,-,-,-,-,Doosan Engine Company Limited,21195,28422,5G70ME-C9-GI,"Britannia Steam Ship Insurance Association Ltd., The",LR (provisional), (provisional), (provisional),2025-11-03T00:00:00,-,2023-08-28T00:00:00,-,2028-12-06T00:00:00,2028-12-06T00:00:00,BP Shipping Limited,United Kingdom,BP Shipping Limited,United Kingdom,IN DAH,Dahej,A,23 Feb 2026 17:16:40 GMT,25 Feb 2026 00:01:00 GMT,ICBC Financial Leasing Company Limited,People's Republic of China,"17° 54' 31"" N","69° 53' 56"" E",1,"1 day, 7 hours"
Diamond Gas Sakura,Liquefied Natural Gas Carrier,Nagasaki,Mitsubishi Heavy Industries Limited Shipbuilding,12827193,Live,Singapore,43448,"LNG VLGC, 100'-200'cbm",87494,Double Hull,9V7874,144828,2332,293.50,289.00,-,48.94,11.05,15.95,Wartsila Corporation,Singapore,-,Nippon Yusen Kabushiki Kaisha (NYK) (50%) & Mitsubishi Corporation (MC) (50%),Japan,Nippon Yusen Kabushiki Kaisha (NYK) (50%) & Mitsubishi Corporation (MC) (50%),Japan,Diamond LNG Shipping 3 Private Limited,Republic of Singapore,NYK LNG Shipmanagement Limited,Japan,-,-,9810020,563158500,27.00,2019,-,-,-,-,-,-,-,6L50DF,U.K. Mutual Steam Ship Assurance Association (Bermuda) Ltd,American Bureau,-,-,2022-05-10T00:00:00,-,-,-,2029-05-14T00:00:00,2029-05-14T00:00:00,NYK LNG Shipmanagement Limited,Japan,NYK LNG Shipmanagement Limited,Japan,JPSGL,-,A,03 Jun 2026 11:18:29 GMT,04 Jul 2026 06:00:00 GMT,Nippon Yusen Kabushiki Kaisha (NYK) (50%) & Mitsubishi Corporation (MC) (50%),Japan,"9° 39' 48"" S","24° 33' 24"" W",1,"1 day, 9 hours"
Ekaputra 1,Liquefied Natural Gas Carrier,Nagasaki,Mitsubishi Heavy Industries Limited Shipbuilding,222513,Live,Indonesia,32777,"LNG VLGC, 100'-200'cbm",78988,Double Hull,YBBQ2,109281,2011,290.00,276.00,46.00,46.00,11.83,13.67,Mitsubishi Heavy Industries Limited,-,-,P.T. Humpuss Intermoda Transportasi Tbk,Indonesia,GTS International (GTSI),United Kingdom,Hikmah Sarana Bahari PT,Indonesia,-,-,-,-,8706155,525022371,25.50,1990,-,-,-,-,Mitsubishi Heavy Industries Limited,19895,26680,MITSUBISHI TURBINE,Assuranceforeningen Skuld,Lloyds Register,-,-,2023-09-14T00:00:00,-,2023-12-23T00:00:00,-,2029-02-09T00:00:00,2029-02-09T00:00:00,P.T. Humolco LNG Indonesia,Indonesia,P.T. Humolco LNG Indonesia,Indonesia,ID TJP,-,A,03 Jun 2026 12:11:54 GMT,01 Jun 2026 08:00:00 GMT,GTS International (GTSI),United Kingdom,"5° 57' 46"" S","106° 55' 20"" E",1,"1 month, 6 days"
Karmol LNGT Powership Europe,Liquefied Natural Gas Carrier,Nagasaki,Mitsubishi Heavy Industries Limited Shipbuilding,255502,Live,Liberia,31712,"LNG VLGC, 100'-200'cbm",65473,Double Hull,D5XM9,106045,H011,272.00,259.00,47.20,47.20,11.46,15.04,Mitsubishi Heavy Industries Limited,Monrovia,-,KARMOL - Karpower International B.V. & Mitsui O.S.K. Lines Limited (MOL),Turkiye,KARMOL - Karpower International B.V. & Mitsui O.S.K. Lines Limited (MOL),Turkiye,Europe LNGT Company Limited,Marshall Islands,-,-,-,-,9020766,636020066,26.50,1993,-,-,-,-,Mitsubishi Heavy Industries Limited,23536,32000,MS36-2,NorthStandard,Bureau Veritas,-,-,2018-07-20T00:00:00,-,2025-01-01T00:00:00,-,2029-04-30T00:00:00,2029-04-30T00:00:00,MOL Global Ship Management Private Limited,Republic of Singapore,MOL Global Ship Management Private Limited,Republic of Singapore,-,-,A,03 Jun 2026 12:15:06 GMT,-,KARMOL - Karpower International B.V. & Mitsui O.S.K. Lines Limited (MOL),Turkiye,"25° 58' 8"" N","97° 21' 18"" W",10,"9 days, 2 hours"
SC Serenity,Liquefied Natural Gas Carrier,Okpo,Hanwha Ocean Company Limited,327197,Live,Indonesia,28480,"LNG VLGC, 100'-200'cbm",74893,Double Hull,YDXW3,94934,2216,279.80,268.80,43.40,43.40,11.77,14.23,Kawasaki Heavy Industries Limited (Tokyo),-,-,PT Soechi Group,Indonesia,PT Soechi Lines Tbk,Indonesia,PT Lautan Armada Nusantara,-,Cool Company Management AS,Norway,-,-,9253105,525121090,26.00,2003,-,-,-,-,Kawasaki Heavy Industries Limited Shipbuilding Division,24160,32399,UA-400,NorthStandard,American Bureau,-,-,2019-04-17T00:00:00,-,2019-04-17T00:00:00,2019-04-17T00:00:00,2028-12-14T00:00:00,2028-12-14T00:00:00,Bernhard Schulte Shipmanagement (UK) Limited,United Kingdom,Bernhard Schulte Shipmanagement (UK) Limited,United Kingdom,IDBLL,Bintuni,A,03 Jun 2026 12:12:42 GMT,09 Jun 2026 23:00:00 GMT,PT Soechi Lines Tbk,Indonesia,"3° 31' 51"" S","125° 21' 32"" E",3,"2 days, 11 hours"
LNG Oyo,Liquefied Natural Gas Carrier,Okpo,Hanwha Ocean Company Limited,338164,Live,Bermuda,29268,"LNG VLGC, 100'-200'cbm",83068,Double Hull,ZCDN4,97561,2223,285.48,274.39,-,43.40,12.35,13.65,Kawasaki Heavy Industries Limited (Tokyo),Hamilton,-,BW Group Limited,Bermuda,BW LNG AS,Norway,BW Gas LNG Carriers Private Limited,Bermuda,Nigeria LNG Limited,Nigeria,-,-,9267003,310487000,26.00,2005,-,-,-,-,Kawasaki Heavy Industries Limited Shipbuilding Division,24495,32849,UA-360,Assuranceforeningen Gard,Lloyds Register,-,-,2025-12-02T00:00:00,-,2025-12-05T00:00:00,-,2030-12-28T00:00:00,2030-12-28T00:00:00,BW Fleet Management AS,Norway,BW Fleet Management AS,Norway,PTSIE,Sines,A,03 Jun 2026 12:05:02 GMT,09 Jun 2026 05:00:00 GMT,BW LNG AS,Norway,"10° 39' 30"" N","18° 17' 29"" W",1,"1 day, 10 hours"
Danaputri 1,Liquefied Natural Gas Carrier,Goeje Is.,Samsung Shipbuilding & Heavy Industries Company Limited,352599,Live,Indonesia,28726,"LNG VLGC, 100'-200'cbm",78984,Double Hull,YDFK4,95753,1554,283.06,270.00,43.40,43.40,11.40,14.60,Kawasaki Heavy Industries Limited (Tokyo),-,-,P.T. Gts Internasional Tbk,Indonesia,P.T. Gts Internasional Tbk,Indonesia,P.T. Gts Internasional Tbk,Indonesia,-,-,-,-,9307190,525901876,26.00,2006,-,-,-,-,Kawasaki Heavy Industries Limited Shipbuilding Division,26342,35325,UA-400,Assuranceforeningen Skuld,American Bureau,-,-,2019-11-12T00:00:00,2019-03-17T00:00:00,2016-03-29T00:00:00,2019-11-12T00:00:00,-,-,P.T. Humolco LNG Indonesia,Indonesia,P.T. Humolco LNG Indonesia,Indonesia,ID TGH,Dili,A,03 Jun 2026 11:45:21 GMT,04 Jun 2026 04:00:00 GMT,P.T. Gts Internasional Tbk,Indonesia,"4° 1' 15"" S","131° 50' 23"" E",3,"3 days, 12 hours"
Energos Maria,Liquefied Natural Gas Carrier,Okpo,Hanwha Ocean Company Limited,356824,Live,Marshall Islands,29248,"LNG VLGC, 100'-200'cbm",84823,Double Hull,V7KE3,97491,2234,277.00,274.40,43.40,43.30,12.52,8.74,Kawasaki Heavy Industries Limited (Tokyo),Majuro,-,New Fortress Energy Incorporated,United States of America,Golar LNG Partners LP,Bermuda,Energos Maria LLC,Marshall Islands,"Energos Infrastructure Management, LLC",United States of America,-,-,9320374,538002609,21.26,2006,-,-,-,-,Kawasaki Heavy Industries Limited Shipbuilding Division,26342,35325,UA-400,Assuranceforeningen Gard,DNV,-,-,-,-,2016-04-06T00:00:00,-,2026-06-16T00:00:00,2026-06-16T00:00:00,Northern Marine Management Limited,United Kingdom,Northern Marine Management Limited,United Kingdom,ATLANTIC BASIN,-,A,03 Jun 2026 12:04:16 GMT,01 Jun 2026 16:00:00 GMT,Golar LNG Partners LP,Bermuda,"18° 23' 55"" N","69° 18' 49"" W",1,"1 day, 4 hours"
Gaslog Singapore,Liquefied Natural Gas Carrier,Goeje Is.,Samsung Shipbuilding & Heavy Industries Company Limited,369952,Live,Bermuda,30877,"LNG VLGC, 100'-200'cbm",82339,Double Hull,ZCDZ3,97831,1642,285.10,274.00,43.40,43.40,11.50,14.50,Wartsila Corporation,Hamilton,-,GasLog Limited,Greece,GasLog Limited,Greece,Gas-Two Limited,Bermuda,-,-,-,-,9355604,310594000,26.00,2010,-,-,-,-,Wartsila Deutschland GmbH,34200,15370,12V50DF,West of England Mutual Shipowners Protection & Indemnity Association (Luxemburg),American Bureau,-,-,-,-,-,-,2030-07-27T00:00:00,2030-07-27T00:00:00,Gaslog LNG Services Limited,Greece,Gaslog LNG Services Limited,Greece,US LCH,Lake Charles,A,03 Jun 2026 12:07:27 GMT,04 Jun 2026 05:01:00 GMT,GasLog Limited,Greece,"26° 29' 53"" N","91° 35' 24"" W",1,"1 day, 8 hours"
Fraiha,Liquefied Natural Gas Carrier,Okpo,Hanwha Ocean Company Limited,372261,Live,Marshall Islands,44082,"LNG QatarMax, 200'+ cbm",121913,Double Hull,V7OJ5,136685,2252,315.00,303.00,50.04,50.00,12.00,15.00,B&W Diesel A/S,Majuro,-,Qatar Gas Transport Company (Nakilat) QPSC and J5 Consortium,State of Qatar,Qatar Gas Transport Company (Nakilat) QPSC and J5 Consortium,State of Qatar,J5 Nakilat No.6 Limited,Marshall Islands,RasGas Company Limited (RASGAS),State of Qatar,-,-,9360817,538003101,27.04,2008,-,-,-,-,HSD Engine Company Limited,16589,22501,6S70ME-C,U.K. Mutual Steam Ship Assurance Association (Bermuda) Ltd,American Bureau,-,-,2018-04-13T00:00:00,2016-05-29T00:00:00,2018-08-16T00:00:00,2018-04-13T00:00:00,2028-08-19T00:00:00,2028-08-19T00:00:00,MOL Global Ship Management Private Limited,Republic of Singapore,MOL Global Ship Management Private Limited,Republic of Singapore,-,-,A,03 Jun 2026 12:11:03 GMT,-,Qatar Gas Transport Company (Nakilat) QPSC and J5 Consortium,State of Qatar,"22° 12' 2"" N","68° 30' 38"" E",2,"3 days, 2 hours"
Al Huwaila,Liquefied Natural Gas Carrier,Goeje Is.,Samsung Shipbuilding & Heavy Industries Company Limited,372676,Live,Bahamas,41972,"LNG QatarMax, 200'+ cbm",116285,Double Hull,C6VG2,135848,1643,315.00,302.00,50.03,50.00,12.00,14.51,B&W Diesel A/S,Nassau,-,Qatar Gas Transport Company Limited (Nakilat) QPSC (60%) & Teekay Corporation (40%),State of Qatar,Qatar Gas Transport Company Limited (Nakilat) QPSC (60%) & Teekay Corporation (40%),State of Qatar,Al Huwaila Incorporated,Bermuda,RasGas Company Limited (RASGAS),State of Qatar,-,-,9360879,309255000,27.00,2008,-,-,-,-,HSD Engine Company Limited,37320,21564,6S70ME-C,NorthStandard,American Bureau,-,-,2018-04-10T00:00:00,2016-05-20T00:00:00,2018-04-10T00:00:00,2018-04-10T00:00:00,2028-05-06T00:00:00,2028-05-06T00:00:00,Seapeak Maritime (Glasgow) Limited,United Kingdom,Seapeak Maritime (Glasgow) Limited,United Kingdom,FOR ORDERS,-,A,03 Jun 2026 12:09:37 GMT,30 May 2026 00:00:00 GMT,Qatar Gas Transport Company Limited (Nakilat) QPSC (60%) & Teekay Corporation (40%),State of Qatar,"5° 52' 22"" N","80° 6' 54"" E",2,3 days
Barcelona Knutsen,Liquefied Natural Gas Carrier,Okpo,Hanwha Ocean Company Limited,557763,Live,Spain,34573,"LNG VLGC, 100'-200'cbm",97730,Double Hull,EACW,110920,2267,290.00,279.00,45.80,45.80,12.90,13.60,Wartsila Corporation,Santa Cruz de Tenerife,-,TS Shipping Invest AS,Norway,Knutsen OAS Shipping AS,Norway,Norspan LNG V AS,Norway,-,-,-,-,9401295,224436000,26.50,2010,-,-,-,-,Wartsila Finland oy,39900,46108,12V50DF,Assuranceforeningen Skuld,DNV,-,-,-,-,2020-07-22T00:00:00,-,2030-04-21T00:00:00,2030-04-21T00:00:00,Knutsen OAS Shipping AS,Norway,Knutsen OAS Shipping AS,Norway,CNJYG,Jieyang,A,03 Jun 2026 12:12:03 GMT,06 Jun 2026 16:00:00 GMT,Knutsen OAS Shipping AS,Norway,"14° 1' 56"" N","113° 44' 7"" E",1,"1 day, 8 hours"
Sevilla Knutsen,Liquefied Natural Gas Carrier,Okpo,Hanwha Ocean Company Limited,625225,Live,Spain,34573,"LNG VLGC, 100'-200'cbm",100900,Double Hull,EANB,110920,2269,290.00,279.00,45.80,45.80,13.18,13.32,Wartsila Corporation,Santa Cruz de Tenerife,-,TS Shipping Invest AS,Norway,Knutsen OAS Shipping AS,Norway,Norspan LNG VI AS,Norway,-,-,-,-,9414632,224072000,26.50,2010,-,-,-,-,Wartsila Finland oy,11305,15371,12V50DF,Assuranceforeningen Skuld,DNV,-,-,-,-,2020-07-03T00:00:00,-,2030-05-30T00:00:00,2030-05-30T00:00:00,Knutsen OAS Shipping AS,Norway,Knutsen OAS Shipping AS,Norway,-,-,A,03 Jun 2026 12:11:56 GMT,-,Knutsen OAS Shipping AS,Norway,"55° 28' 49"" N","10° 33' 13"" E",1,"1 day, 7 hours"
Castillo de Santisteban,Liquefied Natural Gas Carrier,Jinhae,K Shipbuilding Company Limited,742767,Live,Malta,34800,"LNG VLGC, 100'-200'cbm",93796,Double Hull,9HA2217,111665,3008,299.90,288.00,-,45.80,12.50,13.50,MAN Energy Solutions SE,Valletta,-,Empresa Naviera Elcano SA (ENE),Spain,Empresa Naviera Elcano SA (ENE),Spain,Naviera Trans Gas AIE,Spain,Shell International Eastern Trading Company (SIETCO),Republic of Singapore,-,-,9433717,215739000,26.00,2010,-,-,-,-,MAN Energy Solutions SE,15000,20380,8L51/60DF,"Britannia Steam Ship Insurance Association Ltd., The",Bureau Veritas,-,-,2020-10-19T00:00:00,2023-06-27T00:00:00,2023-06-01T00:00:00,2020-10-19T00:00:00,-,-,Empresa Naviera Elcano SA (ENE),Spain,Empresa Naviera Elcano SA (ENE),Spain,-,-,A,03 Jun 2026 12:06:50 GMT,-,Empresa Naviera Elcano SA (ENE),Spain,"5° 9' 3"" N","115° 24' 36"" E",1,"1 day, 7 hours"
Grace Dahlia,Liquefied Natural Gas Carrier,Sakaide,Kawasaki Heavy Industries Limited Shipbuilding Division,9107037,Live,Japan,42501,"LNG VLGC, 100'-200'cbm",86512,Double Hull,7JNU,141671,1665,299.98,286.50,-,52.00,11.68,16.50,Kawasaki Heavy Industries Limited (Tokyo),Tokyo,-,Nippon Yusen Kabushiki Kaisha (NYK Line) (Nippon Yusen Kaisha),Japan,Nippon Yusen Kabushiki Kaisha (NYK Line) (Nippon Yusen Kaisha),Japan,Nippon Yusen Kabushiki Kaisha (NYK Line) (Nippon Yusen Kaisha),Japan,-,-,-,-,9540716,432935000,28.00,2013,-,-,-,-,Kawasaki Heavy Industries Limited Shipbuilding Division,29890,36573,URA450,U.K. Mutual Steam Ship Assurance Association (Bermuda) Ltd,Nippon Kaiji Kyokai,-,-,2021-03-08T00:00:00,-,2018-08-03T00:00:00,-,2028-09-26T00:00:00,2028-09-26T00:00:00,NYK Shipmanagement Private Limited,Republic of Singapore,NYK Shipmanagement Private Limited,Republic of Singapore,OMQAL,-,A,03 Jun 2026 12:01:23 GMT,17 Jun 2026 02:00:00 GMT,Nippon Yusen Kabushiki Kaisha (NYK Line) (Nippon Yusen Kaisha),Japan,"11° 21' 55"" N","70° 9' 11"" E",1,"1 day, 6 hours"
WilForce,Liquefied Natural Gas Carrier,Okpo,Hanwha Ocean Company Limited,10996622,Live,Malta,30695,"LNG VLGC, 100'-200'cbm",87750,Double Hull,9HA5779,102315,2289,290.00,280.96,44.04,44.00,12.50,14.50,Unknown Engine Designer,Valletta,-,China Development Bank (CDB),People's Republic of China,China Development Bank Leasing Company Limited,People's Republic of China,Tianjin Blue Ocean-I Leasing Limited,People's Republic of China,Awilco LNG ASA,Norway,-,-,9627954,256276000,26.00,2013,-,-,-,-,-,-,-,12V50DF,Assuranceforeningen Gard,DNV,-,-,-,-,2018-08-13T00:00:00,-,2028-09-16T00:00:00,2028-09-16T00:00:00,Awilco LNG Technical Management AS,Norway,Awilco LNG Technical Management AS,Norway,FOR ORDERS,-,A,03 Jun 2026 11:56:15 GMT,15 Jun 2026 01:00:00 GMT,China Development Bank Leasing Company Limited,People's Republic of China,"6° 46' 53"" N","97° 49' 21"" E",1,"1 day, 5 hours"
Palu LNG,Liquefied Natural Gas Carrier,Goeje Is.,Hanwha Ocean Company Limited,11004362,Live,Malta,31165,"LNG VLGC, 100'-200'cbm",89874,Double Hull,9HA3423,103885,2400,294.20,283.20,-,44.00,11.52,14.10,Unknown Engine Designer,Valletta,-,Bank of Communications Company Limited,People's Republic of China,Bank of Communications Financial Leasing Company Limited,People's Republic of China,Xiang H21 International Ship Lease Company Limited,"Hong Kong, S.A.R., China",TMS Cardiff Gas Limited,Greece,-,-,9636735,229582000,26.00,2014,-,-,-,-,-,-,-,12V50DF,Assuranceforeningen Gard,American Bureau,-,-,2019-03-22T00:00:00,-,2019-09-24T00:00:00,2019-03-22T00:00:00,2029-10-19T00:00:00,2029-10-19T00:00:00,TMS Cardiff Gas Limited,Greece,TMS Cardiff Gas Limited,Greece,FOR ORDERS,-,A,03 Jun 2026 12:08:11 GMT,04 Jun 2026 21:00:00 GMT,Bank of Communications Financial Leasing Company Limited,People's Republic of China,"49° 13' 32"" N","6° 8' 25"" W",3,"3 days, 17 hours"
Maran Gas Alexandria,Liquefied Natural Gas Carrier,Samho,HD Hyundai Samho Company Limited,11057260,Live,Greece,33854,"LNG VLGC, 100'-200'cbm",90494,Double Hull,SVCC2,105773,S627,289.00,275.00,-,45.60,11.50,14.50,Unknown Engine Designer,Piraeus,-,Maran Nakilat Company Limited,Cayman Islands,Maran Nakilat Company Limited,Cayman Islands,Greenmare Navigation Corporation,Liberia,Methane Services Limited,United Kingdom,-,-,9650054,241353000,26.00,2015,-,-,-,-,-,-,-,12V50DF,NorthStandard,American Bureau,-,-,2020-04-12T00:00:00,-,2020-08-28T00:00:00,2020-04-12T00:00:00,2030-09-29T00:00:00,2030-09-29T00:00:00,Maran Gas Maritime Incorporated,Greece,Maran Gas Maritime Incorporated,Greece,FOR ORDERS,-,A,03 Jun 2026 12:09:11 GMT,04 Jun 2026 23:00:00 GMT,Maran Nakilat Company Limited,Cayman Islands,"14° 52' 14"" N","79° 5' 2"" W",4,"3 days, 19 hours"
Kool Glacier,Liquefied Natural Gas Carrier,Samho,HD Hyundai Samho Company Limited,11069886,Live,Marshall Islands,33898,"LNG VLGC, 100'-200'cbm",90607,Double Hull,V7DD9,106290,S658,289.00,275.00,45.63,45.60,26.00,0.00,Unknown Engine Designer,Majuro,-,Quantum Pacific Group,Monaco,Cool Company Limited (CoolCo),Bermuda,Kool Glacier Corporation,Marshall Islands,Golar LNG Limited,Bermuda,-,-,9654696,538005373,26.00,2014,-,-,-,-,-,-,-,12V50DF,Assuranceforeningen Gard,DNV,Lloyds Register,-,2025-02-20T00:00:00,-,2025-03-15T00:00:00,-,2029-10-15T00:00:00,2029-10-15T00:00:00,Cool Company Management AS,Norway,Cool Company Management AS,Norway,FOR ORDERS,-,A,03 Jun 2026 12:07:45 GMT,04 Jun 2026 15:00:00 GMT,Cool Company Limited (CoolCo),Bermuda,"25° 1' 9"" N","87° 50' 20"" W",4,"4 days, 22 hours"
Energy Atlantic,Liquefied Natural Gas Carrier,Jinhae,K Shipbuilding Company Limited,11069902,Live,Malta,32970,"LNG VLGC, 100'-200'cbm",89766,Double Hull,9HA3976,106771,S1670,290.00,278.00,-,46.00,12.60,13.40,MAN Energy Solutions SE,Valletta,-,Kanellakis group of companies,Greece,Alpha Gas SA,Greece,Spectacle Shipping and Trading Limited,Malta,-,-,-,-,9649328,256647000,26.00,2015,-,-,-,-,-,11750,15757,9L51/60DF,Assuranceforeningen Gard,Bureau Veritas,-,-,2025-09-28T00:00:00,2023-10-17T00:00:00,2025-09-01T00:00:00,2025-09-28T00:00:00,2030-09-24T00:00:00,2030-09-24T00:00:00,Alpha Gas SA,Greece,Alpha Gas SA,Greece,US NSS,Sabine Pass,A,03 Jun 2026 11:23:09 GMT,08 Jun 2026 04:00:00 GMT,Alpha Gas SA,Greece,"12° 29' 21"" N","64° 58' 15"" W",1,"1 day, 4 hours"
Seapeak Oak,Liquefied Natural Gas Carrier,Okpo,Hanwha Ocean Company Limited,11628228,Live,Bahamas,33979,"LNG VLGC, 100'-200'cbm",95412,Double Hull,C6BF4,113263,2408,294.90,282.90,46.44,46.40,12.52,13.98,MAN Diesel AS,Nassau,-,China Merchants Bank (CMB),People's Republic of China,CMB Financial Leasing Company Limited,People's Republic of China,Sea 349 Leasing Company Limited,"Hong Kong, S.A.R., China",Seapeak LLC,Marshall Islands,-,-,9681699,311000247,26.50,2016,-,-,-,-,-,21195,28422,5G70ME-C9-GI,NorthStandard,DN (provisional), (provisional), (provisional),-,-,2016-07-19T00:00:00,-,2026-07-19T00:00:00,2026-07-19T00:00:00,Seapeak Maritime Limited,Bermuda,Seapeak Maritime Limited,Bermuda,NLRTM,-,A,03 Jun 2026 12:08:22 GMT,02 Jun 2026 22:00:00 GMT,CMB Financial Leasing Company Limited,People's Republic of China,"51° 58' 16"" N","4° 4' 35"" E",1,"1 day, 6 hours"
Seapeak Vancouver,Liquefied Natural Gas Carrier,Goeje Is.,Hanwha Ocean Company Limited,12234743,Live,Bahamas,33979,"LNG VLGC, 100'-200'cbm",95253,Double Hull,C6CN5,113263,2411,294.90,282.90,-,46.40,12.52,13.98,MAN Diesel AS,Nassau,-,China Merchants Bank (CMB),People's Republic of China,CMB Financial Leasing Company Limited,People's Republic of China,Sea 168 Leasing Company Limited,"Hong Kong, S.A.R., China",Seapeak Maritime (Glasgow) Limited,United Kingdom,-,-,9721401,311000520,26.50,2017,-,-,-,-,-,-,-,5G70ME-C9-GI,NorthStandard,DNV,-,-,-,-,2017-02-28T00:00:00,-,2027-02-28T00:00:00,2027-02-28T00:00:00,Seapeak Maritime Limited,Bermuda,Seapeak Maritime Limited,Bermuda,ESCOBAR,Escobar,A,03 Jun 2026 12:04:42 GMT,05 Jun 2026 03:01:00 GMT,CMB Financial Leasing Company Limited,People's Republic of China,"32° 19' 59"" S","49° 53' 33"" W",1,"1 day, 5 hours"
Rioja Knutsen,Liquefied Natural Gas Carrier,Ulsan,HD Hyundai Heavy Industries Company Limited,12236417,Live,Spain,34873,"LNG VLGC, 100'-200'cbm",92782,Double Hull,EARG,116246,2734,290.00,284.00,-,46.40,21.22,5.18,MAN Energy Solutions SE,Santa Cruz de Tenerife,-,Bank of Communications Company Limited,People's Republic of China,Bocom Leasing Management Hong Kong Company Limited,"Hong Kong, S.A.R., China",Xiang T3 HK International Ship Lease Company Limited,Marshall Islands,Naturgy Energy Group S.A,Spain,-,-,9721736,224451000,26.40,2016,-,Wartsila Corporation,Unknown,Unknown,HD Hyundai Heavy Industries Company Limited,-,-,7G70ME-C9-GI,Assuranceforeningen Skuld,LR (provisional), (provisional), (provisional),2024-08-11T00:00:00,-,2021-09-25T00:00:00,-,2026-11-29T00:00:00,2026-11-29T00:00:00,Knutsen OAS Shipping AS,Norway,Knutsen OAS Shipping AS,Norway,KRUSN,Ulsan,A,03 Jun 2026 12:07:29 GMT,05 Jun 2026 15:00:00 GMT,Bocom Leasing Management Hong Kong Company Limited,"Hong Kong, S.A.R., China","35° 18' 19"" N","129° 49' 18"" E",1,"1 day, 5 hours"
British Listener,Liquefied Natural Gas Carrier,South Korea,Hanwha Ocean Company Limited,12395466,Live,Isle of Man,34609,"LNG VLGC, 100'-200'cbm",94494,Double Hull,MAOR6,115366,2444,294.90,282.90,46.44,46.40,12.50,8.48,MAN Diesel AS,Douglas,-,Industrial and Commercial Bank of China Limited (ICBC),People's Republic of China,ICBC Financial Leasing Company Limited,People's Republic of China,Hai Kuo Shipping 1535 Limited,Marshall Islands,BP Shipping Limited,United Kingdom,-,-,9766566,232006297,20.98,2019,-,-,-,-,Doosan Engine Company Limited,21195,28422,5G70ME-C9-GI,"Britannia Steam Ship Insurance Association Ltd., The",LR (provisional), (provisional), (provisional),2024-02-13T00:00:00,-,2024-02-21T00:00:00,-,2029-01-21T00:00:00,2029-01-21T00:00:00,BP Shipping Limited,United Kingdom,BP Shipping Limited,United Kingdom,CORAL,Piraeus,A,03 Jun 2026 12:07:36 GMT,04 Jun 2026 08:00:00 GMT,ICBC Financial Leasing Company Limited,People's Republic of China,"9° 36' 38"" S","44° 28' 57"" E",1,"1 day, 8 hours"
CNTIC VPower Energy,Liquefied Natural Gas Carrier,Nagasaki,Mitsubishi Heavy Industries Limited Shipbuilding,240315,Live,Liberia,31884,"LNG VLGC, 100'-200'cbm",67003,Double Bottom,D5VZ2,106283,2042,272.00,259.00,47.20,47.20,11.37,11.49,Mitsubishi Heavy Industries Limited,Monrovia,-,CCB (China Construction Bank) Financial Leasing Company Limited,People's Republic of China,CCB Marine Corporation Limited,"Hong Kong, S.A.R., China",Compass Shipping 4 Corporation Limited,"Hong Kong, S.A.R., China",China National Technical Import & Export Corporation (CNTIC),People's Republic of China,-,-,8913174,636019750,22.86,1992,-,-,-,-,Mitsubishi Heavy Industries Limited,17140,23300,MITSUBISHI TURBINE,Steamship Mutual Underwriting Association (Bermuda) Ltd,American Bureau,-,-,2017-09-25T00:00:00,-,2017-11-30T00:00:00,-,-,-,Columbia Shipmanagement Limited,Cyprus,Columbia Shipmanagement Limited,Cyprus,MM RGN,-,A,03 Jun 2026 09:07:44 GMT,14 Nov 2026 16:00:00 GMT,CCB Marine Corporation Limited,"Hong Kong, S.A.R., China","16° 39' 12"" N","96° 15' 36"" E",7,"4 days, 14 hours"
Lady Eva,Liquefied Natural Gas Carrier,Nagasaki,Mitsubishi Heavy Industries Limited Shipbuilding,284435,Live,Indonesia,33550,"LNG VLGC, 100'-200'cbm",76210,Double Hull,YDIF3,111835,2148,290.00,276.00,46.00,46.00,11.68,13.82,Mitsubishi Heavy Industries Limited,-,-,PT Mitrausaha Tanker Persada,Indonesia,PT Mitrausaha Tanker Persada,Indonesia,PT Mitrausaha Tanker Persada,Indonesia,Arcadia Shipping Private Limited,Republic of Singapore,-,-,9165011,525701066,25.50,2000,-,-,-,-,Mitsubishi Heavy Industries Limited,21616,28987,MS32-2,NorthStandard,Lloyds Register,-,-,2024-05-13T00:00:00,-,2024-05-17T00:00:00,-,2029-05-16T00:00:00,2029-05-16T00:00:00,Arcadia Shipping Private Limited,Republic of Singapore,Arcadia Shipping Private Limited,Republic of Singapore,-,-,A,03 Jun 2026 10:29:47 GMT,-,PT Mitrausaha Tanker Persada,Indonesia,"8° 53' 24"" S","116° 44' 18"" E",1,"1 day, 5 hours"
Grand Reach,Liquefied Natural Gas Carrier,Goeje Is.,Samsung Shipbuilding & Heavy Industries Company Limited,352598,Live,"Hong Kong, S.A.R., China",28726,"LNG VLGC, 100'-200'cbm",79046,Double Hull,VRXV9,95753,1553,283.06,270.00,-,43.40,11.40,14.60,Kawasaki Heavy Industries Limited (Tokyo),Hong Kong,-,Unknown Owners,-,Unknown Owners,-,Rising Universe Shipping Limited,"Hong Kong, S.A.R., China",-,-,-,-,9307188,477248600,26.00,2006,-,-,-,-,Kawasaki Heavy Industries Limited Shipbuilding Division,26342,35325,UA-400,West of England Mutual Shipowners Protection & Indemnity Association (Luxemburg),American Bureau,-,-,2019-03-19T00:00:00,2019-02-11T00:00:00,2016-04-19T00:00:00,2016-04-19T00:00:00,2031-04-06T00:00:00,2031-04-06T00:00:00,Executive Ship Management Private Limited,Republic of Singapore,Executive Ship Management Private Limited,Republic of Singapore,CN YGK,Nanjing,A,03 Jun 2026 09:36:17 GMT,02 Jun 2026 20:30:00 GMT,Unknown Owners,-,"32° 32' 56"" N","121° 25' 52"" E",1,"1 day, 6 hours"
Nova Energy,Liquefied Natural Gas Carrier,Ulsan,HD Hyundai Heavy Industries Company Limited,358683,Live,Guyana,30075,"LNG VLGC, 100'-200'cbm",85602,Double Hull,8RAX27,100253,1754,288.18,275.00,44.24,44.24,12.37,13.63,Mitsubishi Heavy Industries Limited,-,-,Unknown Owners,-,Unknown Owners,-,Unknown Owners,-,-,-,-,-,9324277,750833000,26.00,2007,-,Hamworthy Moss AS,Unknown,Unknown,HD Hyundai Heavy Industries Company Limited,28685,39000,MS40-2,-,Russian Register of Ships,-,-,2019-07-16T00:00:00,-,2017-02-06T00:00:00,-,-,-,-,-,-,-,FOR ORDERS,-,A,03 Jun 2026 11:19:07 GMT,09 Jul 2026 15:00:00 GMT,Unknown Owners,-,"54° 32' 36"" N","19° 55' 6"" W",1,"1 day, 4 hours"
Mesaimeer,Liquefied Natural Gas Carrier,Ulsan,HD Hyundai Heavy Industries Company Limited,362850,Live,Marshall Islands,42016,"LNG QatarMax, 200'+ cbm",113852,Double Hull,V7QG8,136168,1908,315.16,303.00,50.00,50.00,12.50,14.50,B&W Diesel A/S,Majuro,-,Qatar Gas Transport Company Limited (Nakilat) QPSC,State of Qatar,Qatar Gas Transport Company Limited (Nakilat) QPSC,State of Qatar,Nakilat HHI 1908 LLC,State of Qatar,Qatar Liquefied Gas Company Limited,State of Qatar,-,-,9337729,538003360,27.00,2009,-,-,-,-,HD Hyundai Heavy Industries Company Limited,37320,25370,6S70ME-C,"Britannia Steam Ship Insurance Association Ltd., The",DNV,-,-,-,-,2014-01-31T00:00:00,-,2029-03-12T00:00:00,2029-03-12T00:00:00,Nakilat Shipping (Qatar) Limited  (NSQL),State of Qatar,Nakilat Shipping (Qatar) Limited  (NSQL),State of Qatar,SG SIN>QA RLF,Ras Laffan,A,03 Jun 2026 12:08:43 GMT,15 Jun 2026 09:01:00 GMT,Qatar Gas Transport Company Limited (Nakilat) QPSC,State of Qatar,"5° 30' 38"" N","97° 52' 37"" E",1,"1 day, 8 hours"
Adam LNG,Liquefied Natural Gas Carrier,Ulsan,HD Hyundai Heavy Industries Company Limited,4003371,Live,Marshall Islands,33914,"LNG VLGC, 100'-200'cbm",90986,Double Hull,V7GR3,105975,2584,289.00,275.00,-,45.60,12.52,7.88,Wartsila Corporation,Majuro,-,Government of the Sultanate of Oman,Sultanate of Oman,Asyad Shipping Company SAOG,Sultanate of Oman,Adam Maritime Transportation Company Limited,Marshall Islands,Gunvor Group Limited,Switzerland,-,-,9501186,538005753,20.12,2014,-,-,-,-,HD Hyundai Heavy Industries Company Limited,21195,28422,12V50DF,NorthStandard,Nippon Kaiji Kyokai,-,-,2021-04-05T00:00:00,-,2019-06-12T00:00:00,-,2029-09-11T00:00:00,2029-09-11T00:00:00,Oman Ship Management Company LLC,Sultanate of Oman,Oman Ship Management Company LLC,Sultanate of Oman,USGLS,Galveston,A,03 Jun 2026 11:56:09 GMT,13 Jun 2026 00:00:00 GMT,Asyad Shipping Company SAOG,Sultanate of Oman,"1° 58' 57"" S","39° 35' 8"" W",1,"1 day, 5 hours"
BW Clear Sky,Liquefied Natural Gas Carrier,Okpo,Hanwha Ocean Company Limited,625271,Live,Singapore,36217,"LNG VLGC, 100'-200'cbm",96811,Double Hull,9V9665,109949,2278,298.00,279.00,-,45.80,12.90,8.10,Wartsila Corporation,Singapore,-,BW Group Limited,Bermuda,BW LNG AS,Norway,BW LNG II Private Limited,Republic of Singapore,TotalEnergies SE,France,-,-,9413327,563223100,21.00,2011,-,-,-,-,Wartsila Corporation,43650,50442,12V50DF,Assuranceforeningen Gard,DNV,-,-,2019-04-20T00:00:00,2019-04-21T00:00:00,2022-02-01T00:00:00,2019-04-21T00:00:00,-,-,BW Fleet Management AS,Norway,BW Fleet Management AS,Norway,FOR ORDERS,-,A,03 Jun 2026 12:05:39 GMT,01 Jun 2026 15:00:00 GMT,BW LNG AS,Norway,"5° 13' 6"" N","97° 5' 53"" E",1,"1 day, 7 hours"
Valera,Liquefied Natural Gas Carrier,Jinhae,K Shipbuilding Company Limited,10998801,Live,Oman,34632,"LNG VLGC, 100'-200'cbm",93486,Double Hull,A4DS5,113876,1910,299.90,288.00,45.83,45.80,12.50,13.50,MAN Energy Solutions SE,-,-,PAO Sovcomflot  (PJSC 'Modern Commercial Fleet'),Russian Federation,PAO Sovcomflot  (PJSC 'Modern Commercial Fleet'),Russian Federation,Boreray Shipping Limited,Liberia,PAO Gazprom (PJSC),Russian Federation,-,-,9630004,461000243,26.00,2014,-,"Permea Maritime Protection, Air Products N.V.",Unknown,Unknown,MAN B&W Diesel SE,21195,28422,9L51/60DF,-,Indian Register,-,-,2019-02-02T00:00:00,-,2019-02-28T00:00:00,-,2029-01-29T00:00:00,2029-01-29T00:00:00,Gas Carriers (SCF) Management - FZCO,United Arab Emirates,Gas Carriers (SCF) Management - FZCO,United Arab Emirates,BALTIC FOR ORDERS,Baltiysk,A,03 Jun 2026 12:12:58 GMT,05 Jun 2026 06:00:00 GMT,PAO Sovcomflot  (PJSC 'Modern Commercial Fleet'),Russian Federation,"59° 35' 30"" N","23° 5' 40"" E",2,"2 days, 17 hours"
Kita LNG,Liquefied Natural Gas Carrier,Goeje Is.,Hanwha Ocean Company Limited,11004363,Live,Malta,31170,"LNG VLGC, 100'-200'cbm",89752,Double Hull,9HA3422,103902,2298,294.20,283.20,-,44.00,12.50,14.10,General Electric Company,Valletta,-,Economou Group of Companies,Greece,TMS Cardiff Gas Limited,Greece,Oceanus LNG Beta LLC,Greece,-,-,-,-,9636723,229581000,26.00,2014,-,-,-,-,GE Marine Engines,13260,17782,N3HXC 1000 J8C,Assuranceforeningen Gard,Bureau Veritas,-,-,2024-06-18T00:00:00,2022-09-03T00:00:00,2024-06-01T00:00:00,2024-06-18T00:00:00,2029-07-13T00:00:00,2029-07-13T00:00:00,-,-,TMS Cardiff Gas Limited,Greece,INDIAN OC.FOR ORDERS,-,A,03 Jun 2026 11:55:46 GMT,09 Jun 2026 00:01:00 GMT,TMS Cardiff Gas Limited,Greece,"8° 53' 29"" N","121° 38' 37"" E",1,"1 day, 6 hours"
LNG Bonny II,Liquefied Natural Gas Carrier,Ulsan,HD Hyundai Heavy Industries Company Limited,11922154,Live,Bermuda,38421,"LNG VLGC, 100'-200'cbm",88100,Double Hull,ZCEQ6,115995,2636,299.50,294.00,-,46.00,26.50,7.90,Wartsila Corporation,-,-,Nigeria LNG Limited,Nigeria,Nigeria LNG Limited,Nigeria,Bonny Gas Transport Limited,Bermuda,-,-,-,-,9692002,310720000,34.40,2015,-,Hamworthy Moss AS,Unknown,Unknown,-,21195,28422,8L50DF,U.K. Mutual Steam Ship Assurance Association (Bermuda) Ltd,LR (provisional), (provisional), (provisional),2025-11-26T00:00:00,-,2025-12-12T00:00:00,-,2030-12-03T00:00:00,2030-12-03T00:00:00,NLNG Shipping & Marine Services Limited,Nigeria,NLNG Shipping & Marine Services Limited,Nigeria,NGBON,Bonny,A,03 Jun 2026 12:07:42 GMT,12 Jun 2026 12:00:00 GMT,Nigeria LNG Limited,Nigeria,"14° 35' 44"" S","8° 51' 50"" E",1,"1 day, 5 hours"
Pacific Breeze,Liquefied Natural Gas Carrier,Sakaide,Kawasaki Heavy Industries Limited Shipbuilding Division,11958442,Live,Marshall Islands,43493,"LNG VLGC, 100'-200'cbm",92830,Double Hull,V7LZ9,144978,1718,299.94,286.50,-,52.00,12.20,15.80,ABB Azipod Oy,Majuro,-,Kawasaki Kisen Kaisha Limited (Kawasaki Kisen KK) ('K' Line),Japan,Kawasaki Kisen Kaisha Limited (Kawasaki Kisen KK) ('K' Line),Japan,Pacific Breeze LNG Transport S.A.,Panama,CPC Corporation Taiwan,"Taiwan, China",-,-,9698123,538007670,28.00,2018,-,-,-,-,ABB OY,15030,11062,AMZ 1120XW08 LSF,Japan Shipowners Mutual Protection & Indemnity Association,BV (provisional), (provisional), (provisional),2023-04-05T00:00:00,2026-02-28T00:00:00,2026-02-01T00:00:00,2023-04-05T00:00:00,2028-03-07T00:00:00,2028-03-07T00:00:00,K Marine Ship Management Private Limited,Republic of Singapore,K Marine Ship Management Private Limited,Republic of Singapore,TWYAN,Yung-An,A,03 Jun 2026 12:02:32 GMT,11 Jun 2026 23:30:00 GMT,Kawasaki Kisen Kaisha Limited (Kawasaki Kisen KK) ('K' Line),Japan,"11° 6' 35"" S","129° 7' 8"" E",3,"4 days, 3 hours"
La Mancha Knutsen,Liquefied Natural Gas Carrier,Ulsan,HD Hyundai Heavy Industries Company Limited,12236471,Live,Spain,34873,"LNG VLGC, 100'-200'cbm",92802,Double Hull,EARD,116246,2733,290.00,284.00,-,46.40,12.67,8.55,MAN Energy Solutions SE,Santa Cruz de Tenerife,-,Bank of Communications Company Limited,People's Republic of China,Bocom Leasing Management Hong Kong Company Limited,"Hong Kong, S.A.R., China",Xiang T2 HK International Ship Lease Company Limited,Marshall Islands,Knutsen OAS Shipping AS,Norway,-,-,9721724,224444000,21.22,2016,-,Wartsila Corporation,Unknown,Unknown,HD Hyundai Heavy Industries Company Limited,-,-,7G70ME-C9-GI,Assuranceforeningen Skuld,LR (provisional), (provisional), (provisional),2024-06-02T00:00:00,-,2021-06-30T00:00:00,-,2026-09-20T00:00:00,2026-09-20T00:00:00,Knutsen OAS Shipping AS,Norway,Knutsen OAS Shipping AS,Norway,USNSS,Sabine Pass,A,03 Jun 2026 12:02:14 GMT,20 Jun 2026 11:00:00 GMT,Bocom Leasing Management Hong Kong Company Limited,"Hong Kong, S.A.R., China","34° 43' 47"" N","37° 36' 6"" W",1,"1 day, 7 hours"
BW Lilac,Liquefied Natural Gas Carrier,South Korea,Hanwha Ocean Company Limited,12271372,Live,Malta,34310,"LNG VLGC, 100'-200'cbm",90714,Double Hull,9HA4715,114364,2436,294.99,282.92,-,46.40,12.05,14.45,MAN Diesel AS,Valletta,-,Industrial and Commercial Bank of China Limited (ICBC),People's Republic of China,ICBC Financial Leasing Company Limited,People's Republic of China,Hai Kuo Shipping 1801 Private Limited,Republic of Singapore,BW LNG AS,Norway,-,-,9758076,248587000,26.50,2018,-,-,-,-,Wartsila Corporation,21195,28422,5G70ME-C9-GI,NorthStandard,DNV,-,-,-,-,-,-,2028-03-17T00:00:00,2028-03-17T00:00:00,BW Fleet Management AS,Norway,BW Fleet Management AS,Norway,NL EEM,Eemshaven,A,03 Jun 2026 11:19:26 GMT,07 Jun 2026 22:01:00 GMT,ICBC Financial Leasing Company Limited,People's Republic of China,"49° 9' 49"" N","8° 55' 30"" W",1,"1 day, 9 hours"
Triputra,Liquefied Natural Gas Carrier,Tsu,NKK Shipbuilding (Nippon Kokan K.K),286786,Live,Indonesia,6006,"LNG, -100'cbm",12493,Double Hull,YBLD2,20017,192,151.03,143.50,28.00,28.00,7.06,8.94,Mitsubishi Heavy Industries Limited,Jakarta,-,P.T. Humpuss Intermoda Transportasi Tbk,Indonesia,P.T. Humpuss Intermoda Transportasi Tbk,Indonesia,PT Bhaskara Inti Samudera,Indonesia,-,-,-,-,9187356,525020429,16.00,2000,-,-,-,-,Mitsubishi Heavy Industries Limited Shipbuilding,7796,10600,MS12,Assuranceforeningen Skuld,Nippon Kaiji Kyokai,-,-,2021-02-18T00:00:00,-,2021-02-18T00:00:00,-,2030-10-19T00:00:00,2030-10-19T00:00:00,P.T. Humpuss Transportasi Kimia,Indonesia,P.T. Humolco LNG Indonesia,Indonesia,ID BOA,-,A,03 Jun 2026 12:10:12 GMT,05 Jun 2026 03:00:00 GMT,P.T. Humpuss Intermoda Transportasi Tbk,Indonesia,"7° 59' 38"" S","116° 8' 16"" E",2,"18 days, 14 hours"
FSU LNG Cap Lopez,Liquefied Natural Gas Carrier,Ulsan,HD Hyundai Heavy Industries Company Limited,320544,Live,St. Vincent & Grenadines,34306,"LNG VLGC, 100'-200'cbm",79885,Double Hull,J8B6647,114354,1429,288.73,274.00,48.00,48.00,11.15,11.70,Mitsubishi Heavy Industries Limited,Kingstown,-,Perenco S.A.,Bahamas,Perenco S.A.,Bahamas,Dixstone Lower Gulf FZCO,United Arab Emirates,-,-,-,-,9241267,376812000,22.85,2003,-,Kvaerner A/S,Unknown,Unknown,-,23505,31521,MS36-2,Assuranceforeningen Skuld,Lloyds Register,-,-,2023-05-10T00:00:00,-,2023-05-22T00:00:00,-,2028-02-26T00:00:00,2028-02-26T00:00:00,V. Ships (UK) Limited,United Kingdom,V. Ships (UK) Limited,United Kingdom,-,-,A,03 Jun 2026 10:09:27 GMT,-,Perenco S.A.,Bahamas,"25° 30' 55"" N","52° 57' 2"" E",1,"1 day, 6 hours"
Cadiz Knutsen,Liquefied Natural Gas Carrier,Cadiz,Navantia Carenas Cadiz,323378,Live,Spain,27251,"LNG VLGC, 100'-200'cbm",77228,Double Hull,ECDQ,90835,103,284.40,271.00,42.50,42.50,11.40,14.00,Kawasaki Heavy Industries Limited (Tokyo),Santa Cruz,-,Seglem Holding AS,Norway,Knutsen LNG AS,Norway,Norspan LNG II AS,Norway,-,-,-,-,9246578,224263000,25.40,2004,-,Alfa Laval Aalborg A/S,Unknown,Unknown,Empresa Nacional Bazan De Construcciones Naval,28386,38066,UA-400,Assuranceforeningen Skuld,Lloyds Register,-,-,2024-06-20T00:00:00,-,2024-06-20T00:00:00,-,2029-05-31T00:00:00,2029-05-31T00:00:00,Knutsen OAS Shipping AS,Norway,Knutsen OAS Shipping AS,Norway,ITVRO,Varazze,A,03 Jun 2026 11:32:41 GMT,12 Jun 2026 04:00:00 GMT,Knutsen LNG AS,Norway,"33° 39' 42"" N","29° 37' 6"" W",1,"1 day, 5 hours"
LNG Adamawa,Liquefied Natural Gas Carrier,Ulsan,HD Hyundai Heavy Industries Company Limited,335639,Live,Bermuda,34797,"LNG VLGC, 100'-200'cbm",79633,Double Hull,ZCDM8,115993,1470,288.73,274.00,48.06,48.00,11.15,15.35,Mitsubishi Heavy Industries Limited,Hamilton,-,Nigeria LNG Limited,Nigeria,Nigeria LNG Limited,Nigeria,Bonny Gas Transport Limited,Bermuda,-,-,-,-,9262211,310469000,26.50,2005,-,Hamworthy Moss AS,Unknown,Unknown,HD Hyundai Heavy Industries Company Limited,23505,31521,MS36-2,U.K. Mutual Steam Ship Assurance Association (Bermuda) Ltd,Lloyds Register,-,-,2025-06-30T00:00:00,-,2025-07-10T00:00:00,-,2030-05-31T00:00:00,2030-05-31T00:00:00,NLNG Shipping & Marine Services Limited,Nigeria,NLNG Shipping & Marine Services Limited,Nigeria,NG BON,Bonny,A,03 Jun 2026 11:21:15 GMT,05 Jun 2026 15:00:00 GMT,Nigeria LNG Limited,Nigeria,"0° 37' 25"" N","0° 59' 23"" W",1,"1 day, 5 hours"
LNG Imo,Liquefied Natural Gas Carrier,Okpo,Hanwha Ocean Company Limited,353805,Live,Bermuda,29640,"LNG VLGC, 100'-200'cbm",83684,Double Hull,ZCDT6,98798,2232,288.20,277.20,43.43,43.40,12.30,13.70,Kawasaki Heavy Industries Limited (Tokyo),Hamilton,-,BW Group Limited,Bermuda,BW LNG AS,Norway,Bergesen LNG XI Private Limited,Bermuda,Nigeria LNG Limited,Nigeria,-,-,9311581,310565000,26.00,2008,-,-,-,-,-,26342,35325,KAWASAKI TURBINE,Assuranceforeningen Gard,DNV,-,-,-,-,2018-05-13T00:00:00,-,2028-06-25T00:00:00,2028-06-25T00:00:00,BW Fleet Management AS,Norway,BW Fleet Management AS,Norway,INDAH,Dahej,A,03 Jun 2026 12:07:56 GMT,02 Jun 2026 22:22:00 GMT,BW LNG AS,Norway,"21° 40' 28"" N","72° 30' 34"" E",1,"1 day, 4 hours"
Grace Acacia,Liquefied Natural Gas Carrier,Ulsan,HD Hyundai Heavy Industries Company Limited,355832,Live,Bahamas,30102,"LNG VLGC, 100'-200'cbm",85214,Double Hull,C6UU9,100341,1728,288.18,274.00,-,44.20,26.00,0.50,Mitsubishi Heavy Industries Limited,Nassau,-,Nippon Yusen Kabushiki Kaisha (NYK Line) (Nippon Yusen Kaisha),Japan,NYK LNG Shipmanagement (UK) Limited,United Kingdom,Algawin Shipping Incorporated,Bahamas,-,-,-,-,9315707,308136000,26.50,2007,-,Alfa Laval Aalborg A/S,Unknown,Unknown,HD Hyundai Heavy Industries Company Limited,29420,31500,MS40-2,U.K. Mutual Steam Ship Assurance Association (Bermuda) Ltd,Lloyds Register,-,-,2024-04-16T00:00:00,-,2022-03-06T00:00:00,-,2027-02-06T00:00:00,2027-02-06T00:00:00,NYK Shipmanagement Private Limited,Republic of Singapore,NYK Shipmanagement Private Limited,Republic of Singapore,-,-,A,03 Jun 2026 12:02:58 GMT,-,NYK LNG Shipmanagement (UK) Limited,United Kingdom,"19° 19' 21"" N","114° 47' 1"" E",1,"1 day, 8 hours"
Methane Nile Eagle,Liquefied Natural Gas Carrier,Goeje Is.,Samsung Shipbuilding & Heavy Industries Company Limited,357545,Live,Bermuda,28726,"LNG VLGC, 100'-200'cbm",79006,Double Hull,ZCDX2,95753,1588,283.06,270.00,43.40,43.40,11.40,14.60,Kawasaki Heavy Industries Limited (Tokyo),Hamilton,-,GasLog Limited,Greece,GasLog Limited,Greece,Egypt LNG Shipping Limited,Bermuda,Methane Services Limited,United Kingdom,-,-,9321770,310551000,26.00,2007,-,-,-,-,Kawasaki Heavy Industries Limited Shipbuilding Division,29029,39469,UA-400,U.K. Mutual Steam Ship Assurance Association (Bermuda) Ltd,American Bureau,-,-,2020-02-05T00:00:00,-,2017-11-03T00:00:00,2017-08-14T00:00:00,2027-12-04T00:00:00,2027-12-04T00:00:00,Gaslog LNG Services Limited,Greece,Gaslog LNG Services Limited,Greece,CN DPG >> AU DAM,Dampier,A,03 Jun 2026 12:11:48 GMT,24 Jun 2026 23:00:00 GMT,GasLog Limited,Greece,"8° 29' 37"" N","120° 27' 50"" E",2,—
Tangguh Towuti,Liquefied Natural Gas Carrier,Okpo,Hanwha Ocean Company Limited,359097,Live,Singapore,29230,"LNG VLGC, 100'-200'cbm",84992,Double Hull,9V7630,97432,2241,285.40,274.40,43.40,43.40,12.50,13.50,Kawasaki Heavy Industries Limited (Tokyo),Singapore,-,Nippon Yusen Kabushiki Kaisha & Samudera Shipping Line Limited,Republic of Singapore,LNG East-West Shipping Company (Singapore) Private Limited,Republic of Singapore,LNG East-West Shipping Company (Singapore) Private Limited,Republic of Singapore,Tangguh Production Sharing Contractors (TPSC),Indonesia,-,-,9325893,563214000,26.00,2008,-,Alfa Laval Aalborg A/S,Unknown,Unknown,Kawasaki Heavy Industries Limited Shipbuilding Division,26342,35325,UA-400,U.K. Mutual Steam Ship Assurance Association (Bermuda) Ltd,Lloyds Register,-,-,2023-10-14T00:00:00,-,2023-10-27T00:00:00,-,2028-10-14T00:00:00,2028-10-14T00:00:00,NYK Shipmanagement Private Limited,Republic of Singapore,NYK Shipmanagement Private Limited,Republic of Singapore,MY LBU,-,A,27 Jan 2025 08:41:09 GMT,22 Jan 2025 06:00:00 GMT,LNG East-West Shipping Company (Singapore) Private Limited,Republic of Singapore,"5° 11' 10"" N","115° 23' 25"" E",1,"1 day, 8 hours"
Al Sahla,Liquefied Natural Gas Carrier,Ulsan,HD Hyundai Heavy Industries Company Limited,372268,Live,Marshall Islands,42015,"LNG QatarMax, 200'+ cbm",104666,Double Hull,V7NU4,136355,1863,315.00,303.03,-,50.00,13.00,14.00,B&W Diesel A/S,Majuro,-,Qatar Gas Transport Company (Nakilat) QPSC and J5 Consortium,State of Qatar,Qatar Gas Transport Company (Nakilat) QPSC and J5 Consortium,State of Qatar,J5 Nakilat No.5 Limited,Marshall Islands,RasGas Company Limited (RASGAS),State of Qatar,-,-,9360855,538003019,27.00,2008,-,-,-,-,HMM Company Limited,37320,21564,6S70ME-C,U.K. Mutual Steam Ship Assurance Association (Bermuda) Ltd,DNV,-,-,-,-,2018-05-09T00:00:00,-,2028-06-13T00:00:00,2028-06-13T00:00:00,NYK LNG Shipmanagement Limited,Japan,NYK LNG Shipmanagement Limited,Japan,XX XXX>QA RLF,Tianjin,A,03 Jun 2026 11:14:56 GMT,03 Jun 2026 03:03:00 GMT,Qatar Gas Transport Company (Nakilat) QPSC and J5 Consortium,State of Qatar,"25° 56' 2"" N","51° 36' 25"" E",1,"1 day, 10 hours"
Shoyu Maru,Liquefied Petroleum Gas Carrier,Onomichi,Mukaishima Zoki Company Limited,3764665,Live,Japan,-,Unknown size,494,Double Hull,JL5676,294,-,50.01,-,-,8.60,-,-,Daihatsu Infinearth Manufactoring Company Limited,-,-,Unknown Owners,-,Unknown Owners,-,Unknown Owners,-,-,-,-,-,8805119,431500849,3.60,1988,-,-,-,-,-,-,-,6DLMB-22S,-,-,-,-,-,-,-,-,-,-,-,-,Unknown Owners,-,>JP TAD,-,A,24 Jan 2020 01:43:55 GMT,24 Jan 2020 11:00:00 GMT,Unknown Owners,-,"34° 16' 55"" N","133° 45' 29"" E",2,"8 days, 21 hours"
Malanje,Liquefied Natural Gas Carrier,Goeje Is.,Samsung Shipbuilding & Heavy Industries Company Limited,4181559,Live,Bahamas,32706,"LNG VLGC, 100'-200'cbm",82729,Double Hull,C6YZ2,100723,1811,285.36,274.00,-,43.40,11.75,14.65,Unknown Engine Designer,Nassau,-,Mizuho Sangyo Company Limited,Japan,Mizuho Sangyo Company Limited,Japan,Fair Wind Navigation S.A.,Panama,Seapeak LLC,Marshall Islands,-,-,9490959,311038600,26.40,2011,-,-,-,-,-,9975,13377,12V50DF,U.K. Mutual Steam Ship Assurance Association (Bermuda) Ltd,American Bureau,-,-,2018-07-16T00:00:00,2018-07-16T00:00:00,2016-07-20T00:00:00,2015-08-08T00:00:00,2026-09-29T00:00:00,2026-09-29T00:00:00,NYK LNG Shipmanagement (UK) Limited,United Kingdom,NYK LNG Shipmanagement (UK) Limited,United Kingdom,NAWVB,Walvis Bay,A,03 Jun 2026 12:11:59 GMT,04 Jun 2026 12:00:00 GMT,Mizuho Sangyo Company Limited,Japan,"28° 31' 14"" S","15° 3' 28"" E",2,"2 days, 12 hours"
Onaiza,Liquefied Natural Gas Carrier,Okpo,Hanwha Ocean Company Limited,459159,Live,Marshall Islands,45524,"LNG QatarMax, 200'+ cbm",121939,Double Hull,V7QH3,136980,2266,315.00,303.00,50.03,50.00,12.00,15.00,B&W Diesel A/S,Majuro,-,Qatar Gas Transport Company Limited (Nakilat) QPSC,State of Qatar,Qatar Gas Transport Company Limited (Nakilat) QPSC,State of Qatar,Nakilat DSME 2266 LLC,State of Qatar,Qatar Liquefied Gas Company Limited,State of Qatar,-,-,9397353,538003363,27.04,2009,-,-,-,-,HSD Engine Company Limited,15861,21564,6S70MC-C,"Britannia Steam Ship Insurance Association Ltd., The",American Bureau,-,-,2019-05-01T00:00:00,2016-09-10T00:00:00,2019-05-01T00:00:00,2019-05-01T00:00:00,2029-04-22T00:00:00,2029-04-22T00:00:00,Nakilat Shipping (Qatar) Limited  (NSQL),State of Qatar,Nakilat Shipping (Qatar) Limited  (NSQL),State of Qatar,-,-,A,03 Jun 2026 12:10:51 GMT,-,Qatar Gas Transport Company Limited (Nakilat) QPSC,State of Qatar,"19° 4' 31"" N","72° 31' 41"" E",1,"1 day, 7 hours"
Bebatik,Liquefied Natural Gas Carrier,St. Nazaire,Chantiers de l'Atlantique,21507,Dead,Brunei,14583,"LNG, -100'cbm",51579,Double Hull,-,48612,G25,256.00,232.00,34.75,34.75,9.45,11.20,Stal-Laval Turbin AB,-,-,-,-,-,-,-,-,-,-,-,-,7121633,-,20.65,1972,-,-,-,-,Chantiers de l'Atlantique,15511,20800,STAL-LAVAL TURBINE,-,-,-,-,-,-,2013-05-28T00:00:00,-,-,-,-,-,-,-,JIANGYIN,-,-,28 May 2018 08:46:26 GMT,23 May 2018 22:54:00 GMT,Shell I.T.,-,"31° 55' 18"" N","120° 11' 28"" E",18,1 month
Belanak,Liquefied Natural Gas Carrier,La Ciotat,Chantiers Navals de La Ciotat Shipbuilding,23200,Dead,Brunei,14583,"LNG, -100'cbm",51579,Double Hull,-,48612,290,257.00,232.00,34.75,34.75,9.45,11.20,Stal-Laval Turbin AB,-,-,-,-,-,-,-,-,-,-,-,-,7347768,-,20.65,1975,-,-,-,-,Chantiers de l'Atlantique,15511,20800,STAL-LAVAL TURBINE,-,-,-,-,-,-,2013-06-24T00:00:00,-,-,-,-,-,-,-,JIANGYIN,-,-,06 Jun 2018 23:22:51 GMT,05 Jun 2018 22:00:00 GMT,Shell I.T.,-,"31° 55' 18"" N","120° 11' 28"" E",17,"1 month, 15 days"
Perle,Liquefied Natural Gas Carrier,Jinhae,K Shipbuilding Company Limited,10998877,Live,Oman,34632,"LNG VLGC, 100'-200'cbm",93152,Double Hull,A4HA6,113876,S1911,299.90,288.00,45.84,45.80,12.52,8.05,MAN Energy Solutions SE,-,-,Unknown Owners,-,Unknown Owners,-,White Agate Marine SPC,Sultanate of Oman,-,-,-,-,9630028,461001004,20.57,2014,-,"Permea Maritime Protection, Air Products N.V.",Unknown,Unknown,STX Engine Company Limited,-,-,8L51/60DF,-,-,Indian Register,-,2019-09-19T00:00:00,-,2019-09-24T00:00:00,-,2029-08-29T00:00:00,2029-08-29T00:00:00,Dreamer Shipmanagement LLC-FZ,United Arab Emirates,Dreamer Shipmanagement LLC-FZ,United Arab Emirates,FOR ORDERS,-,A,03 Jun 2026 12:11:08 GMT,01 Jul 2026 00:00:00 GMT,Unknown Owners,-,"24° 58' 41"" S","50° 15' 29"" E",1,"1 day, 5 hours"
Clean Planet,Liquefied Natural Gas Carrier,Ulsan,HD Hyundai Heavy Industries Company Limited,11016592,Live,Marshall Islands,33763,"LNG VLGC, 100'-200'cbm",89848,Double Hull,V7CY8,105943,2565,289.00,275.00,-,45.60,12.50,13.50,Wartsila Corporation,Majuro,-,China Development Bank (CDB),People's Republic of China,China Development Bank Financial Leasing Company Limited,People's Republic of China,CDBL Planet Limited,"Hong Kong, S.A.R., China",Yamal Trade Private Limited,Republic of Singapore,-,-,9637507,538005351,26.00,2014,-,-,-,-,-,14450,19378,6L50DF,NorthStandard,Bureau Veritas,-,-,2024-08-02T00:00:00,2022-07-12T00:00:00,2024-08-01T00:00:00,2024-08-02T00:00:00,2029-08-27T00:00:00,2029-08-27T00:00:00,Dynagas Limited,Greece,Dynagas Limited,Greece,FOR ORDERS N.ATL,-,A,03 Jun 2026 12:10:08 GMT,15 Jun 2026 12:00:00 GMT,China Development Bank Financial Leasing Company Limited,People's Republic of China,"36° 45' 12"" N","7° 9' 51"" W",1,"1 day, 5 hours"
Cool Explorer,Liquefied Natural Gas Carrier,Goeje Is.,Samsung Shipbuilding & Heavy Industries Company Limited,11025299,Live,Malta,30630,"LNG VLGC, 100'-200'cbm",81893,Double Hull,9HA3616,102097,2049,280.57,269.00,43.42,43.40,11.75,8.77,Unknown Engine Designer,Valletta,-,Constantinos Martinos family,Greece,Thenamaris (Ships Management) Incorporated,Greece,Safe Port Marine Limited,Greece,-,-,-,-,9640023,229796000,20.52,2015,-,-,-,-,-,-,-,12V50DF,NorthStandard,DNV,-,-,-,-,2019-12-04T00:00:00,-,2030-01-08T00:00:00,2030-01-08T00:00:00,Thenamaris LNG Incorporated,Greece,Thenamaris LNG Incorporated,Greece,OMQAL,Qalhat,A,03 Jun 2026 12:11:45 GMT,13 Jun 2026 04:00:00 GMT,Thenamaris (Ships Management) Incorporated,Greece,"2° 32' 21"" N","106° 37' 16"" E",2,"2 days, 12 hours"
LNG Lagos II,Liquefied Natural Gas Carrier,Ulsan,HD Hyundai Heavy Industries Company Limited,11922146,Live,Bermuda,38421,"LNG VLGC, 100'-200'cbm",99025,Double Hull,ZCEQ7,115995,2637,299.50,286.30,-,46.00,12.97,13.53,Wartsila Corporation,-,-,Nigeria LNG Limited,Nigeria,Nigeria LNG Limited,Nigeria,Bonny Gas Transport Limited,Bermuda,-,-,-,-,9692014,310721000,26.50,2016,-,Hamworthy Moss AS,Unknown,Unknown,-,21195,28422,8L50DF,U.K. Mutual Steam Ship Assurance Association (Bermuda) Ltd,LR (provisional), (provisional), (provisional),2024-04-24T00:00:00,-,2021-06-15T00:00:00,-,-,-,NLNG Shipping & Marine Services Limited,Nigeria,NLNG Shipping & Marine Services Limited,Nigeria,SGSIN,Singapore,A,03 Jun 2026 10:30:32 GMT,11 Jun 2026 02:00:00 GMT,Nigeria LNG Limited,Nigeria,"0° 14' 1"" N","79° 29' 3"" E",1,"1 day, 7 hours"
Portovyy,Liquefied Natural Gas Carrier,Okpo,Hanwha Ocean Company Limited,323361,Live,Russia,28136,"LNG VLGC, 100'-200'cbm",77773,Double Hull,UBFV4,94499,2213,277.00,266.00,43.40,43.40,12.10,13.90,Kawasaki Heavy Industries Limited (Tokyo),St. Petersburg,-,PAO Gazprom (PJSC),Russian Federation,PAO Gazprom (PJSC),Russian Federation,PAO Gazprom (PJSC),Russian Federation,-,-,-,-,9246621,273211890,26.00,2003,-,-,-,-,Kawasaki Heavy Industries Limited Shipbuilding Division,26496,35999,UA-360,-,RS (provisional), (provisional), (provisional),2019-08-17T00:00:00,2020-11-11T00:00:00,2019-08-17T00:00:00,2019-08-17T00:00:00,-,-,SCF TM Limited,Russian Federation,SCF TM Limited,Russian Federation,KSPG PORTOVAYA,-,A,30 Jan 2026 11:36:35 GMT,01 Aug 2026 08:01:00 GMT,PAO Gazprom (PJSC),Russian Federation,"60° 30' 36"" N","28° 10' 38"" E",1,"1 day, 6 hours"
Shinju Maru No.1,Liquefied Natural Gas Carrier,Sakaide,Kawasaki Shipbuilding Corporation,332973,Live,Japan,-,"LNG, -100'cbm",1781,Double Hull,JG5697,2936,1529,86.25,80.30,-,15.10,4.18,2.82,The Hanshin Diesel Works Limited,Tokyo,-,"Japan Railway Construction, Transport & Technology Agency",Japan,"Japan Railway Construction, Transport & Technology Agency & NS United Coastal Tanker Kaisha Limited",Japan,"Japan Railway Construction, Transport & Technology Agency & NS United Coastal Tanker Kaisha Limited",Japan,-,-,-,-,9260603,431101044,7.00,2003,-,-,-,-,The Hanshin Diesel Works Limited,1912,2599,6LH36LA,-,Nippon Kaiji Kyokai,-,-,2019-10-15T00:00:00,-,2017-08-01T00:00:00,-,2030-05-22T00:00:00,2030-05-22T00:00:00,NS United Coastal Tanker Kaisha Limited,Japan,NS United Coastal Tanker Kaisha Limited,Japan,JP HIM,-,A,03 Jun 2026 12:09:22 GMT,04 Jun 2026 09:30:00 GMT,"Japan Railway Construction, Transport & Technology Agency & NS United Coastal Tanker Kaisha Limited",Japan,"34° 44' 47"" N","134° 41' 39"" E",2,—
LNG Akwa Ibom,Liquefied Natural Gas Carrier,Ulsan,HD Hyundai Heavy Industries Company Limited,335638,Live,Bermuda,34797,"LNG VLGC, 100'-200'cbm",79633,Double Hull,ZCDL9,115993,1469,288.74,274.00,48.00,48.00,12.30,14.20,Mitsubishi Heavy Industries Limited,Hamilton,-,Nigeria LNG Limited,Nigeria,Nigeria LNG Limited,Nigeria,Bonny Gas Transport Limited,Bermuda,Shell International Trading & Shipping Company Limited (STASCO),United Kingdom,-,-,9262209,310453000,26.50,2004,-,Hamworthy Moss AS,Unknown,Unknown,HD Hyundai Heavy Industries Company Limited,23505,31521,MS36-2,U.K. Mutual Steam Ship Assurance Association (Bermuda) Ltd,Lloyds Register,-,-,2024-12-30T00:00:00,-,2024-12-27T00:00:00,-,2029-11-15T00:00:00,2029-11-15T00:00:00,NLNG Shipping & Marine Services Limited,Nigeria,NLNG Shipping & Marine Services Limited,Nigeria,DAHEJ,-,A,03 Jun 2026 12:08:06 GMT,28 Jun 2026 02:30:00 GMT,Nigeria LNG Limited,Nigeria,"3° 56' 8"" N","6° 51' 39"" E",1,"1 day, 3 hours"
LNG River Niger,Liquefied Natural Gas Carrier,Ulsan,HD Hyundai Heavy Industries Company Limited,335641,Live,Bermuda,34797,"LNG VLGC, 100'-200'cbm",79541,Double Hull,ZCDO3,115993,1472,288.74,274.00,48.06,48.00,12.30,14.20,Mitsubishi Heavy Industries Limited,Hamilton,-,Nigeria LNG Limited,Nigeria,Nigeria LNG Limited,Nigeria,Bonny Gas Transport Limited,Bermuda,-,-,-,-,9262235,310479000,26.50,2006,-,Hamworthy Moss AS,Unknown,Unknown,HMM Company Limited,23505,31521,MS36-2,U.K. Mutual Steam Ship Assurance Association (Bermuda) Ltd,Lloyds Register,-,-,2024-09-27T00:00:00,-,2021-12-07T00:00:00,-,2026-06-28T00:00:00,2026-06-28T00:00:00,NLNG Shipping & Marine Services Limited,Nigeria,NLNG Shipping & Marine Services Limited,Nigeria,TH MAT,Ban Map Ta Phut,A,03 Jun 2026 11:24:38 GMT,16 Jun 2026 17:01:00 GMT,Nigeria LNG Limited,Nigeria,"15° 2' 32"" S","79° 2' 52"" E",2,"2 days, 9 hours"
Clean Energy,Liquefied Natural Gas Carrier,Ulsan,HD Hyundai Heavy Industries Company Limited,358498,Live,Marshall Islands,30073,"LNG VLGC, 100'-200'cbm",85813,Double Hull,V7LG8,100244,1748,288.22,275.04,44.20,44.20,26.00,0.50,Kawasaki Heavy Industries Limited (Tokyo),Majuro,-,China Development Bank (CDB),People's Republic of China,China Development Bank Financial Leasing Company Limited,People's Republic of China,Tianjin Color-V Leasing Limited,People's Republic of China,Dynagas LNG Partners LP,Greece,-,-,9323687,538002742,26.50,2007,-,Alfa Laval Aalborg A/S,Unknown,Unknown,HD Hyundai Heavy Industries Company Limited,28665,38973,UA-400,NorthStandard,Lloyds Register,-,-,2024-09-07T00:00:00,-,2022-04-18T00:00:00,-,2027-03-01T00:00:00,2027-03-01T00:00:00,Dynagas Limited,Greece,Dynagas Limited,Greece,SOUTH CHINA SEA,-,A,03 Jun 2026 12:01:12 GMT,05 Jun 2026 00:00:00 GMT,China Development Bank Financial Leasing Company Limited,People's Republic of China,"13° 7' 36"" N","112° 28' 59"" E",1,"1 day, 7 hours"
Arctic Express,Liquefied Natural Gas Carrier,Ulsan,HD Hyundai Heavy Industries Company Limited,361902,Live,Russia,31576,"LNG VLGC, 100'-200'cbm",84303,Double Hull,UAPF9,102064,1777,288.43,275.00,-,44.20,11.47,14.53,Wartsila Corporation,-,-,Unknown Owners,-,Unknown Owners,-,Unknown Owners,-,-,-,-,-,9333591,273270890,26.00,2007,-,Alfa Laval Aalborg A/S,Unknown,Unknown,-,39990,27124,12V50DF,NorthStandard,Lloyds Register,-,-,2024-09-20T00:00:00,-,2022-06-11T00:00:00,-,2027-07-02T00:00:00,2027-07-02T00:00:00,-,-,Unknown Owners,-,FOR ORDER,-,A,03 Jun 2026 11:04:31 GMT,08 Jun 2026 00:00:00 GMT,Unknown Owners,-,"1° 5' 42"" S","11° 22' 12"" W",1,"1 day, 6 hours"
Cool Rover,Liquefied Natural Gas Carrier,Ulsan,HD Hyundai Heavy Industries Company Limited,361904,Live,Malta,31576,"LNG VLGC, 100'-200'cbm",84455,Double Hull,9HA5734,102064,1779,288.43,275.00,44.20,44.20,12.20,13.80,Wartsila Corporation,Valletta,-,Constantinos Martinos family,Greece,Thenamaris LNG Incorporated,Greece,Vantage Marine Incorporated,Liberia,-,-,-,-,9333618,256195000,26.00,2008,-,Alfa Laval Aalborg A/S,Unknown,Unknown,Fincantieri-Cantieri Navali Italiani S.p.A.,39900,27124,12V50DF,NorthStandard,Lloyds Register,-,-,2023-07-20T00:00:00,-,2023-07-25T00:00:00,-,2028-08-31T00:00:00,2028-08-31T00:00:00,Thenamaris LNG Incorporated,Greece,Thenamaris LNG Incorporated,Greece,CNSGH,Shanghai,A,03 Jun 2026 12:09:40 GMT,09 Jun 2026 06:00:00 GMT,Thenamaris LNG Incorporated,Greece,"32° 34' 26"" N","124° 5' 6"" E",1,"1 day, 4 hours"
Tangguh Palung,Liquefied Natural Gas Carrier,Goeje Is.,Samsung Shipbuilding & Heavy Industries Company Limited,369937,Live,Panama,30877,"LNG VLGC, 100'-200'cbm",82407,Double Hull,H9NH,97897,1634,285.10,274.00,43.40,43.40,11.50,13.91,Unknown Engine Designer,Panama,-,Kawasaki Kisen Kaisha Limited (Kawasaki Kisen KK) ('K' Line),Japan,Kawasaki Kisen Kaisha Limited (Kawasaki Kisen KK) ('K' Line),Japan,Ocean 1919 Shipping No. 3 S.A.,Panama,-,-,-,-,9355379,370766000,26.00,2009,-,-,-,-,Wartsila Deutschland GmbH,11461,15370,UA-400,Japan Shipowners Mutual Protection & Indemnity Association,American Bureau,-,-,2019-04-17T00:00:00,2019-04-17T00:00:00,2016-11-24T00:00:00,2019-04-17T00:00:00,2029-10-21T00:00:00,2029-10-21T00:00:00,K Marine Ship Management Private Limited,Republic of Singapore,K Marine Ship Management Private Limited,Republic of Singapore,-,-,A,06 Apr 2025 03:23:11 GMT,-,Kawasaki Kisen Kaisha Limited (Kawasaki Kisen KK) ('K' Line),Japan,"5° 9' 3"" N","115° 21' 32"" E",1,"1 day, 7 hours"
Lima,Liquefied Natural Gas Carrier,Paris,Constructions Industrielles de la Mediterranee (CNIM),116044,Dead,Comoros,24153,"LNG VLGC, 100'-200'cbm",72319,Double Hull,-,80510,1429,280.62,266.00,41.60,41.60,11.72,15.78,Stal-Laval Turbin AB,Moroni,-,-,-,-,-,-,-,-,-,-,-,7428445,-,27.50,1981,-,-,-,-,Stal-Laval Turbin AB,33557,45000,STAL-LAVAL TURBINE,-,-,-,-,-,-,2010-03-16T00:00:00,-,-,-,-,-,-,-,-,-,-,24 Apr 2017 22:14:14 GMT,-,Maximus Shipping L.,-,"5° 23' 18"" N","114° 50' 37"" E",5,"5 days, 15 hours"
Puteri Firus,Liquefied Natural Gas Carrier,St. Nazaire,Chantiers de l'Atlantique,272889,Dead,Malaysia,25861,"LNG VLGC, 100'-200'cbm",73519,Double Hull,-,86205,I30,274.00,260.56,43.30,43.30,12.00,13.40,Kawasaki Heavy Industries Limited (Tokyo),Port Klang,-,-,-,-,-,-,-,-,-,-,-,9030840,-,25.40,1997,-,Unknown Scrubber Manufacturer,Unknown,Unknown,Kawasaki Shipbuilding Corporation,26717,36326,UA-360,-,-,-,-,2015-01-01T00:00:00,-,2012-10-05T00:00:00,-,-,-,-,-,-,-,-,-,-,06 Jul 2017 18:43:54 GMT,-,Prayati,-,"1° 15' 5"" N","104° 5' 16"" E",12,11 days
Clean Horizon,Liquefied Natural Gas Carrier,Ulsan,HD Hyundai Heavy Industries Company Limited,11078525,Live,Malta,33763,"LNG VLGC, 100'-200'cbm",89831,Double Hull,9HA3808,105943,2566,289.00,275.00,-,45.60,12.50,13.50,Wartsila Corporation,Valletta,-,China Merchants Bank (CMB),People's Republic of China,CMB Financial Leasing Company Limited,People's Republic of China,Sea 43 Leasing Company Limited,"Hong Kong, S.A.R., China",Yamal Trade Private Limited,Republic of Singapore,-,-,9655444,256083000,26.00,2015,-,Alfa Laval Aalborg A/S,Unknown,Unknown,Wartsila Deutschland GmbH,21195,28422,6L50DF,NorthStandard,LR (provisional), (provisional), (provisional),2025-07-03T00:00:00,-,2025-07-03T00:00:00,-,2030-07-20T00:00:00,2030-07-20T00:00:00,Dynagas Limited,Greece,Dynagas Limited,Greece,-,-,A,03 Jun 2026 12:11:54 GMT,-,CMB Financial Leasing Company Limited,People's Republic of China,"71° 59' 18"" N","28° 18' 25"" E",1,"1 day, 5 hours"
LNG Sokoto,Liquefied Natural Gas Carrier,Ulsan,HD Hyundai Heavy Industries Company Limited,303135,Live,Bermuda,34306,"LNG VLGC, 100'-200'cbm",79822,Double Hull,ZCDE4,114354,1296,288.73,274.00,48.09,48.00,11.15,15.35,Mitsubishi Heavy Industries Limited,Hamilton,-,Nigeria LNG Limited,Nigeria,Nigeria LNG Limited,Nigeria,Bonny Gas Transport Limited,Bermuda,-,-,-,-,9216303,310378000,26.50,2002,-,Kvaerner A/S,Unknown,Unknown,-,23184,31521,MS36-2,U.K. Mutual Steam Ship Assurance Association (Bermuda) Ltd,Lloyds Register,-,-,2025-07-11T00:00:00,-,2022-11-10T00:00:00,-,2027-08-28T00:00:00,2027-08-28T00:00:00,Nigeria LNG Limited,Nigeria,Nigeria LNG Limited,Nigeria,FOR_ORDERS,Bonny,A,03 Jun 2026 12:00:40 GMT,24 Jun 2026 07:00:00 GMT,Nigeria LNG Limited,Nigeria,"1° 23' 26"" S","2° 49' 33"" E",1,"1 day, 7 hours"
Neptune,Liquefied Natural Gas Carrier,Goeje Is.,Samsung Shipbuilding & Heavy Industries Company Limited,393321,Live,Norway (Int. Register),30358,"LNG VLGC, 100'-200'cbm",80986,Double Hull,LADV7,96483,1688,283.06,270.00,43.44,43.40,12.40,7.55,Wartsila Corporation,Oslo,-,Leif Hoegh & Company Limited (50%) & Morgan Stanley Infrastructure Partners Incorporated (50%),Norway,Hoegh Evi Fleet Management AS,Norway,SRV Joint Gas Limited,Cayman Islands,Deutsche ReGas GmbH and Company KGAA,Germany,-,-,9385673,257356000,19.95,2009,-,-,-,-,-,41950,18082,12V50DF,Assuranceforeningen Gard,DNV,-,-,-,-,2019-11-07T00:00:00,-,2028-02-29T00:00:00,2028-02-29T00:00:00,Hoegh Evi Fleet Management AS,Norway,Hoegh Evi Fleet Management AS,Norway,FOR ORDERS,-,A,03 Jun 2026 11:58:34 GMT,03 Jul 2026 10:00:00 GMT,Hoegh Evi Fleet Management AS,Norway,"54° 28' 50"" N","13° 35' 53"" E",1,"1 day, 4 hours"
Lobito,Liquefied Natural Gas Carrier,Goeje Is.,Samsung Shipbuilding & Heavy Industries Company Limited,4183086,Live,Bahamas,32706,"LNG VLGC, 100'-200'cbm",82929,Double Hull,C6YZ3,100723,1812,285.36,274.00,-,43.40,11.75,14.65,Unknown Engine Designer,Nassau,-,Tokei Kaiun Limited (K.K.),Japan,Tokei Kaiun Limited (K.K.),Japan,Leo Ocean S.A. (1.0%) & Tokei Kaiun Limited (99.0%),Panama,Angola LNG Supply Services LLC,United States of America,-,-,9490961,311038700,26.40,2011,-,-,-,-,-,39900,53507,12V50DF,NorthStandard,American Bureau,-,-,2018-08-13T00:00:00,2018-08-13T00:00:00,2015-09-04T00:00:00,2015-09-04T00:00:00,2030-09-03T00:00:00,2030-09-03T00:00:00,Seapeak Maritime (Glasgow) Limited,United Kingdom,Seapeak Maritime (Glasgow) Limited,United Kingdom,INDMQ,Dhamara,A,03 Jun 2026 12:00:12 GMT,07 Jun 2026 18:31:00 GMT,Tokei Kaiun Limited (K.K.),Japan,"12° 50' 1"" N","84° 35' 5"" E",1,"1 day, 5 hours"
Fort,Liquefied Natural Gas Carrier,Dunkirk,Societe Industrielle France-Dunkirk,140725,Dead,Unknown,24153,"LNG VLGC, 100'-200'cbm",71787,Double Hull,-,80510,303,280.62,266.00,41.60,41.60,11.72,15.78,Stal-Laval Turbin AB,-,-,-,-,-,-,-,-,-,-,-,-,7428471,-,27.50,1981,-,-,-,-,Chantiers de l'Atlantique,33557,45000,STAL-LAVAL TURBINE,-,American Bureau,-,-,-,-,2008-04-30T00:00:00,-,-,-,-,-,-,-,-,-,A,28 May 2020 23:05:44 GMT,-,Bangladesh Breakers,-,"29° 19' 11"" N","94° 47' 5"" W",2,"2 days, 8 hours"
Ribera del Duero Knutsen,Liquefied Natural Gas Carrier,Okpo,Hanwha Ocean Company Limited,1910427,Live,Norway (Int. Register),36112,"LNG VLGC, 100'-200'cbm",96740,Double Hull,LAHM7,111109,2275,290.00,279.00,45.80,45.80,13.18,8.10,Wartsila Corporation,Haugesund,-,Knutsen NYK LNG Holding AS,Norway,Knutsen NYK LNG Holding VIII AS,Norway,Norspan LNG VIII AS,Norway,Knutsen OAS Shipping AS,Norway,-,-,9477593,259082000,21.28,2010,-,-,-,-,-,39900,53507,12V50DF,Assuranceforeningen Skuld,DNV,-,-,-,-,2020-10-05T00:00:00,-,2030-11-30T00:00:00,2030-11-30T00:00:00,Knutsen OAS Shipping AS,Norway,Knutsen OAS Shipping AS,Norway,USCRP,Corpus Christi,A,03 Jun 2026 12:09:37 GMT,05 Jun 2026 11:00:00 GMT,Knutsen NYK LNG Holding VIII AS,Norway,"25° 8' 7"" N","90° 5' 18"" W",1,"1 day, 5 hours"
LNG Cross River,Liquefied Natural Gas Carrier,Ulsan,HD Hyundai Heavy Industries Company Limited,335640,Live,Bermuda,34797,"LNG VLGC, 100'-200'cbm",79591,Double Hull,ZCDO2,115993,1471,288.74,274.00,48.06,48.00,12.30,14.20,Mitsubishi Heavy Industries Limited,Hamilton,-,Nigeria LNG Limited,Nigeria,Nigeria LNG Limited,Nigeria,Bonny Gas Transport Limited,Bermuda,-,-,-,-,9262223,310478000,26.50,2005,-,Hamworthy Moss AS,Unknown,Unknown,HD Hyundai Heavy Industries Company Limited,23505,31521,MS36-2,U.K. Mutual Steam Ship Assurance Association (Bermuda) Ltd,Lloyds Register,-,-,2025-11-06T00:00:00,-,2025-11-10T00:00:00,-,2030-09-29T00:00:00,2030-09-29T00:00:00,NLNG Shipping & Marine Services Limited,Nigeria,NLNG Shipping & Marine Services Limited,Nigeria,NGBON,Bonny,A,03 Jun 2026 12:13:37 GMT,12 Jun 2026 06:00:00 GMT,Nigeria LNG Limited,Nigeria,"0° 38' 37"" N","10° 9' 19"" W",3,"2 days, 9 hours"
LNG Enugu,Liquefied Natural Gas Carrier,Okpo,Hanwha Ocean Company Limited,338161,Live,Bermuda,26268,"LNG VLGC, 100'-200'cbm",83068,Double Hull,ZCDM5,97561,2222,285.48,274.42,-,43.44,12.35,13.65,Kawasaki Heavy Industries Limited (Tokyo),Hamilton,-,BW Group Limited,Bermuda,BW LNG AS,Norway,BW Gas LNG Carriers Private Limited,Bermuda,Nigeria LNG Limited,Nigeria,-,-,9266994,310482000,26.00,2005,-,-,-,-,Kawasaki Heavy Industries Limited Shipbuilding Division,24495,32849,UA-360,Assuranceforeningen Gard,Lloyds Register,-,-,2025-10-13T00:00:00,-,2025-10-17T00:00:00,-,2030-10-27T00:00:00,2030-10-27T00:00:00,BW Fleet Management AS,Norway,BW Fleet Management AS,Norway,-,-,A,03 Jun 2026 12:12:39 GMT,-,BW LNG AS,Norway,"2° 19' 7"" N","102° 1' 21"" E",3,"2 days, 10 hours"
Al Sheehaniya,Liquefied Natural Gas Carrier,Okpo,Hanwha Ocean Company Limited,372313,Live,Marshall Islands,45524,"LNG QatarMax, 200'+ cbm",122006,Double Hull,V7QH4,136980,2264,315.00,303.00,50.03,50.00,12.00,15.00,B&W Diesel A/S,Majuro,-,Qatar Gas Transport Company Limited (Nakilat) QPSC,State of Qatar,Qatar Gas Transport Company Limited (Nakilat) QPSC,State of Qatar,Nakilat DSME 2264 LLC,State of Qatar,Qatar Liquefied Gas Company Limited,State of Qatar,-,-,9360831,538003364,27.04,2009,-,-,-,-,HSD Engine Company Limited,16550,21564,6S70ME-C,"Britannia Steam Ship Insurance Association Ltd., The",American Bureau,-,-,2018-07-01T00:00:00,2017-03-06T00:00:00,2018-12-27T00:00:00,2018-07-01T00:00:00,2029-02-16T00:00:00,2029-02-16T00:00:00,Nakilat Shipping (Qatar) Limited  (NSQL),State of Qatar,Nakilat Shipping (Qatar) Limited  (NSQL),State of Qatar,-,-,A,03 Jun 2026 12:10:54 GMT,-,Qatar Gas Transport Company Limited (Nakilat) QPSC,State of Qatar,"19° 7' 51"" N","72° 31' 12"" E",1,"1 day, 13 hours"
Titan Unikum,Combined LNG and LPG Gas Carrier,Jiangdu,AVIC Dingheng Shipbuilding Company Limited,5049687,Live,Cyprus,3399,"LNG, -100'cbm",12210,Double Hull,5BEV6,11327,DHJS 2007-001,152.16,142.36,-,19.80,8.30,3.20,B&W Diesel A/S,Limassol,-,Titan LNG B.V.,Netherlands,Titan LNG B.V.,Netherlands,Alm Shipping Limited,Cyprus,BW Epic Kosan Limited,Republic of Singapore,-,-,9468437,210478000,11.50,2011,-,-,-,-,STX Engine Company Limited,8280,11104,6S46MC-C,Assuranceforeningen Gard,DNV,-,-,-,-,2016-05-30T00:00:00,-,2026-06-09T00:00:00,2026-06-09T00:00:00,OSM Tanker Management Private Limited,Republic of Singapore,OSM Tanker Management Private Limited,Republic of Singapore,FUQING,Fuzhou New Port,A,03 Jun 2026 12:11:49 GMT,07 Jun 2026 02:00:00 GMT,Titan LNG B.V.,Netherlands,"25° 4' 22"" N","119° 47' 16"" E",1,"5 days, 4 hours"
Shagra,Liquefied Natural Gas Carrier,Goeje Is.,Samsung Shipbuilding & Heavy Industries Company Limited,726582,Live,Marshall Islands,58585,"LNG QatarMax, 200'+ cbm",126702,Double Hull,V7QF4,163922,1751,345.00,332.00,53.83,53.80,12.00,15.00,B&W Diesel A/S,Majuro,-,Qatar Gas Transport Company Limited (Nakilat) QPSC,State of Qatar,Qatar Gas Transport Company Limited (Nakilat) QPSC,State of Qatar,Nakilat S.H.I. 1751 LLC,State of Qatar,Qatar Liquefied Gas Company Limited,State of Qatar,-,-,9418365,538003348,27.03,2009,-,-,-,-,Doosan Engine Company Limited,18940,25168,7S70ME-C,"Britannia Steam Ship Insurance Association Ltd., The",American Bureau,-,-,2019-09-26T00:00:00,2017-10-10T00:00:00,2019-09-26T00:00:00,2019-09-26T00:00:00,2029-11-22T00:00:00,2029-11-22T00:00:00,Shell International Trading & Shipping Company Limited (STASCO),United Kingdom,Shell International Trading & Shipping Company Limited (STASCO),United Kingdom,PERSIAN GULF,-,A,03 Jun 2026 12:07:11 GMT,16 Jun 2026 00:00:00 GMT,Qatar Gas Transport Company Limited (Nakilat) QPSC,State of Qatar,"18° 13' 30"" N","70° 27' 5"" E",1,—
Adriatic Energy,Liquefied Natural Gas Carrier,Nagasaki,Mitsubishi Heavy Industries Limited Shipbuilding,160303,Dead,Unknown,30717,"LNG VLGC, 100'-200'cbm",67219,Double Hull,-,102390,1889,283.00,269.00,44.50,44.50,10.38,14.62,Mitsubishi Heavy Industries Limited,-,-,-,-,-,-,-,-,-,-,-,-,8110203,-,25.00,1983,-,-,-,-,Mitsubishi Heavy Industries Limited,29419,14121,MITSUBISHI TURBINE,-,-,-,-,2019-09-28T00:00:00,-,2019-09-28T00:00:00,2019-09-28T00:00:00,-,-,-,-,-,-,-,-,A,08 Apr 2023 08:42:37 GMT,-,Sinokor.,-,"22° 23' 56"" N","91° 44' 24"" E",3,"2 days, 21 hours"
Bubuk,Liquefied Natural Gas Carrier,France,Constructions Industrielles de la Mediterranee (CNIM),22063,Dead,Brunei,15812,"LNG, -100'cbm",41370,Double Hull,-,52708,1400,248.00,230.00,34.80,34.80,9.45,11.20,Stal-Laval Turbin AB,-,-,-,-,-,-,-,-,-,-,-,-,7359785,-,20.65,1975,-,-,-,-,Chantiers de l'Atlantique,15511,20800,STAL-LAVAL TURBINE,-,-,-,-,-,-,2009-06-04T00:00:00,-,-,-,-,-,-,-,-,-,-,24 Apr 2015 07:40:58 GMT,-,Chinese Breakers,-,"31° 55' 13"" N","120° 9' 46"" E",21,"1 month, 11 days"
WilPride,Liquefied Natural Gas Carrier,Okpo,Hanwha Ocean Company Limited,10996595,Live,Malta,30695,"LNG VLGC, 100'-200'cbm",87677,Double Hull,9HA5780,102315,2290,289.99,279.00,44.04,44.00,12.50,14.50,Unknown Engine Designer,Valletta,-,China Development Bank (CDB),People's Republic of China,China Development Bank Leasing Company Limited,People's Republic of China,Tianjin Blue Ocean-II Leasing Limited,People's Republic of China,Awilco LNG ASA,Norway,-,-,9627966,256278000,26.00,2013,-,-,-,-,-,-,-,12V50DF,Assuranceforeningen Gard,DNV,-,-,-,-,2018-11-30T00:00:00,-,2028-11-28T00:00:00,2028-11-28T00:00:00,Awilco LNG Technical Management AS,Norway,Awilco LNG Technical Management AS,Norway,FOR ORDERS,-,A,03 Jun 2026 12:10:51 GMT,12 Jun 2026 06:30:00 GMT,China Development Bank Leasing Company Limited,People's Republic of China,"24° 38' 50"" S","48° 28' 4"" E",1,"2 days, 5 hours"
Kool Crystal,Liquefied Natural Gas Carrier,Goeje Is.,Samsung Shipbuilding & Heavy Industries Company Limited,10997745,Live,Marshall Islands,30631,"LNG VLGC, 100'-200'cbm",82058,Double Hull,V7AF6,102100,2022,285.54,268.98,43.40,43.40,12.15,14.65,Wartsila Corporation,Majuro,-,Quantum Pacific Group,Monaco,Cool Company Limited (CoolCo),Bermuda,Kool Crystal Corporation,Marshall Islands,Golar LNG Limited,Bermuda,-,-,9624926,538004985,26.60,2014,-,-,-,-,-,-,-,12V50DF,Assuranceforeningen Gard,DNV,-,-,-,-,2019-06-02T00:00:00,-,2029-05-15T00:00:00,2029-05-15T00:00:00,Cool Company Management AS,Norway,Cool Company Management AS,Norway,CHITTAGONG,Chittagong (Chattogram),A,03 Jun 2026 12:11:55 GMT,16 Jun 2026 18:01:00 GMT,Cool Company Limited (CoolCo),Bermuda,"31° 40' 16"" S","34° 12' 34"" E",3,"1 day, 11 hours"
Yenisei River,Liquefied Natural Gas Carrier,Ulsan,HD Hyundai Heavy Industries Company Limited,10998804,Live,Marshall Islands,33759,"LNG VLGC, 100'-200'cbm",73920,Double Hull,V7AU8,100236,2556,288.10,275.00,44.20,44.20,12.50,12.50,Wartsila Corporation,Majuro,-,Dynagas LNG Partners LP,Greece,Dynagas Operating LP,Marshall Islands,Navajo Marine Limited,Marshall Islands,Dynagas Limited,Greece,-,-,9629586,538005072,25.00,2013,-,Alfa Laval Aalborg A/S,Unknown,Unknown,-,-,-,12V50DF,NorthStandard,Lloyds Register,-,-,2026-03-13T00:00:00,-,2023-08-19T00:00:00,-,2028-07-24T00:00:00,2028-07-24T00:00:00,Dynagas Limited,Greece,Dynagas Limited,Greece,-,-,A,03 Jun 2026 12:11:32 GMT,-,Dynagas Operating LP,Marshall Islands,"36° 36' 57"" N","6° 41' 11"" W",3,"1 day, 9 hours"
Arctic Vostok,Liquefied Natural Gas Carrier,Ulsan,HD Hyundai Heavy Industries Company Limited,303134,Live,Russia,34306,"LNG VLGC, 100'-200'cbm",79885,Double Hull,UAOD7,114354,1295,288.75,274.00,48.09,48.09,12.30,14.20,Mitsubishi Heavy Industries Limited,-,-,Unknown Owners,-,Unknown Owners,-,Lule One Services Incorporated,Liberia,-,-,-,-,9216298,273278330,26.50,2002,-,Kvaerner A/S,Unknown,Unknown,-,23168,31521,MS36-2,-,Russian Register of Ships,-,-,2017-06-11T00:00:00,-,2017-06-30T00:00:00,-,-,-,SMP Techmanagement LLC,Russian Federation,SMP Techmanagement LLC,Russian Federation,-,-,A,03 Jun 2026 12:03:38 GMT,-,Unknown Owners,-,"2° 2' 39"" S","84° 51' 37"" E",1,"1 day, 3 hours"
Gas Garuda,Liquefied Natural Gas Carrier,Okpo,Hanwha Ocean Company Limited,338156,Live,Indonesia,29268,"LNG VLGC, 100'-200'cbm",83068,Double Hull,YDIM4,97561,2221,285.48,274.40,44.00,43.40,11.35,14.65,Kawasaki Heavy Industries Limited (Tokyo),-,-,PT Buana Lintas Lautan Tbk,Indonesia,PT Asia Samudra Line,Indonesia,PT Asia Samudra Line,Indonesia,-,-,-,-,9266982,525121108,26.00,2004,-,-,-,-,Kawasaki Heavy Industries Limited Shipbuilding Division,24495,32849,UA-360,London Steamship Owners Mutual Insurance Association Ltd,Lloyds Register,-,-,2024-11-12T00:00:00,-,2024-11-19T00:00:00,-,2029-11-29T00:00:00,2029-11-29T00:00:00,-,-,PT Asia Samudra Line,Indonesia,ID LAM,-,A,03 Jun 2026 12:00:37 GMT,10 Jun 2026 08:00:00 GMT,PT Asia Samudra Line,Indonesia,"5° 27' 52"" S","105° 57' 35"" E",1,"1 day, 5 hours"
Lalla Fatma N'Soumer,Liquefied Natural Gas Carrier,Kobe,Kawasaki Heavy Industries Limited Shipbuilding Division,343346,Live,Bahamas,35508,"LNG VLGC, 100'-200'cbm",80920,Double Hull,C6TT8,118363,1534,289.50,278.36,49.00,49.00,12.22,14.78,Kawasaki Heavy Industries Limited (Tokyo),Nassau,-,Sonatrach SpA,Algeria,Hyproc Shipping Company,Algeria,Algerian Nippon Gas Transport Corporation,Bahamas,-,-,-,-,9275347,311775000,27.00,2004,-,-,-,-,Kawasaki Heavy Industries Limited Shipbuilding Division,26900,36549,KAWASAKI TURBINE,U.K. Mutual Steam Ship Assurance Association (Bermuda) Ltd,Bureau Veritas,-,-,2025-02-09T00:00:00,2022-12-08T00:00:00,2025-02-01T00:00:00,2019-11-15T00:00:00,2029-10-28T00:00:00,2029-10-28T00:00:00,Hyproc Shipping Company,Algeria,Hyproc Shipping Company,Algeria,DZAZW>TRALI,-,A,03 Jun 2026 12:13:39 GMT,03 Jun 2026 09:00:00 GMT,Hyproc Shipping Company,Algeria,"38° 44' 37"" N","26° 53' 44"" E",2,"1 day, 6 hours"
Soyo,Liquefied Natural Gas Carrier,Goeje Is.,Samsung Shipbuilding & Heavy Industries Company Limited,4181454,Live,Bahamas,32706,"LNG VLGC, 100'-200'cbm",82857,Double Hull,C6YN3,100723,1810,285.36,274.00,-,43.40,11.75,14.65,Unknown Engine Designer,Nassau,-,Tokei Kaiun Limited (K.K.),Japan,Tokei Kaiun Limited (K.K.),Japan,Leo Ocean S.A. (1.0%) & Tokei Kaiun Limited (99.0%),Panama,Angola LNG Supply Services LLC,United States of America,-,-,9475208,311038500,26.40,2011,-,-,-,-,-,9975,13377,12V50DF,NorthStandard,American Bureau,-,-,2018-08-20T00:00:00,2018-07-23T00:00:00,2015-07-03T00:00:00,2015-07-03T00:00:00,2030-07-02T00:00:00,2030-07-02T00:00:00,Seapeak Maritime (Glasgow) Limited,United Kingdom,Seapeak Maritime (Glasgow) Limited,United Kingdom,AO SZA,Soyo,A,03 Jun 2026 12:11:58 GMT,14 Jun 2026 05:00:00 GMT,Tokei Kaiun Limited (K.K.),Japan,"32° 38' 27"" S","16° 37' 8"" E",1,3 days
Cubal,Liquefied Natural Gas Carrier,Goeje Is.,Samsung Shipbuilding & Heavy Industries Company Limited,4183087,Live,Bahamas,32706,"LNG VLGC, 100'-200'cbm",82834,Double Hull,C6YN2,100723,1813,285.36,274.00,44.00,43.40,11.75,14.65,Unknown Engine Designer,Nassau,-,Mizuho Sangyo Company Limited,Japan,Mizuho Sangyo Company Limited,Japan,Fair Wind Navigation S.A.,Panama,Seapeak LLC,Marshall Islands,-,-,9491812,311038400,26.40,2012,-,-,-,-,-,39900,53507,12V50DF,U.K. Mutual Steam Ship Assurance Association (Bermuda) Ltd,American Bureau,-,-,2018-07-30T00:00:00,2019-12-02T00:00:00,2016-11-09T00:00:00,-,2027-01-11T00:00:00,2027-01-11T00:00:00,NYK LNG Shipmanagement (UK) Limited,United Kingdom,NYK LNG Shipmanagement (UK) Limited,United Kingdom,BDCXB > AOSZA,Soyo,A,03 Jun 2026 11:20:24 GMT,22 Jun 2026 05:00:00 GMT,Mizuho Sangyo Company Limited,Japan,"19° 12' 6"" N","90° 40' 30"" E",2,"23 hours, 7 minutes"
Bilis,Liquefied Natural Gas Carrier,France,Constructions Industrielles de la Mediterranee (CNIM),22065,Dead,Brunei,15812,"LNG, -100'cbm",41370,Double Hull,-,52708,1399,258.00,230.00,34.75,34.75,9.45,11.20,Stal-Laval Turbin AB,-,-,-,-,-,-,-,-,-,-,-,-,7347732,-,20.65,1975,-,-,-,-,Chantiers de l'Atlantique,15511,20800,STAL-LAVAL TURBINE,-,-,-,-,-,-,2009-09-25T00:00:00,-,-,-,-,-,-,-,-,-,-,04 Dec 2014 08:15:36 GMT,-,Shell I.T.,-,"30° 8' 46"" N","122° 1' 42"" E",20,"2 months, 14 days"
Sonangol Sambizanga,Liquefied Natural Gas Carrier,Okpo,Hanwha Ocean Company Limited,2217479,Live,Bahamas,31361,"LNG VLGC, 100'-200'cbm",89742,Double Hull,C6YM6,104537,2280,291.08,280.00,43.43,43.40,11.90,14.60,Kawasaki Heavy Industries Limited (Tokyo),Nassau,-,Sociedad Nacional de Combustiveis de Angola EP (SONANGOL),Angola,Sociedad Nacional de Combustiveis de Angola EP (SONANGOL),Angola,Sonangol Sambizanga Limited,Bahamas,-,-,-,-,9475600,311027900,26.54,2011,-,-,-,-,-,-,-,UA-400,Assuranceforeningen Gard,American Bureau,-,-,2018-07-20T00:00:00,2018-07-20T00:00:00,2016-09-03T00:00:00,2015-11-09T00:00:00,2026-10-09T00:00:00,2026-10-09T00:00:00,Pronav Ship Management GmbH & Company KG,Germany,Pronav Ship Management GmbH & Company KG,Germany,AO SZA>IN DAH,Dahej,A,03 Jun 2026 12:10:51 GMT,12 Jun 2026 18:31:00 GMT,Sociedad Nacional de Combustiveis de Angola EP (SONANGOL),Angola,"23° 12' 58"" S","49° 41' 5"" E",1,"2 days, 3 hours"
Sonangol Etosha,Liquefied Natural Gas Carrier,Okpo,Hanwha Ocean Company Limited,2217480,Live,Bahamas,31361,"LNG VLGC, 100'-200'cbm",89932,Double Hull,C6YM5,104537,2281,291.08,280.00,43.43,43.40,11.90,14.60,Kawasaki Heavy Industries Limited (Tokyo),Nassau,-,Sociedad Nacional de Combustiveis de Angola EP (SONANGOL),Angola,Sociedad Nacional de Combustiveis de Angola EP (SONANGOL),Angola,Sonangol Etosha Limited,Bahamas,Chevron Corporation,United States of America,-,-,9482299,311027800,26.54,2011,-,-,-,-,-,-,-,UA-400,Assuranceforeningen Gard,American Bureau,-,-,2018-07-14T00:00:00,2019-10-05T00:00:00,2016-10-07T00:00:00,2015-12-04T00:00:00,2026-10-31T00:00:00,2026-10-31T00:00:00,Pronav Ship Management GmbH & Company KG,Germany,Pronav Ship Management GmbH & Company KG,Germany,IN DMA>AO SZA,Soyo,A,03 Jun 2026 12:12:40 GMT,19 Jun 2026 06:00:00 GMT,Sociedad Nacional de Combustiveis de Angola EP (SONANGOL),Angola,"24° 12' 60"" S","51° 17' 14"" E",5,"5 days, 23 hours"
Torman II,Liquefied Natural Gas Carrier,Sakaide,Kawasaki Heavy Industries Limited Shipbuilding Division,240144,Live,Marshall Islands,31845,"LNG VLGC, 100'-200'cbm",67554,Double Hull,V7A2394,106151,1427,272.00,259.00,47.20,47.20,11.40,11.46,Kawasaki Heavy Industries Limited (Tokyo),Majuro,-,Access LNG (GP) Sarl,Luxembourg,Access LNG FSU BV,Netherlands,Access LNG FSU BV,Netherlands,-,-,-,-,9006681,538008702,22.85,1993,-,-,-,-,Kawasaki Shipbuilding Corporation,23535,32000,UA320,Assuranceforeningen Gard,Bureau Veritas,-,-,-,-,2009-06-29T00:00:00,-,-,-,Northern Marine Management Limited,United Kingdom,Northern Marine Management Limited,United Kingdom,-,-,A,03 Jun 2026 12:07:42 GMT,-,Access LNG FSU BV,Netherlands,"1° 31' 32"" N","104° 1' 30"" E",13,"9 days, 11 hours"
Milaha Ras Laffan,Liquefied Natural Gas Carrier,Goeje Is.,Samsung Shipbuilding & Heavy Industries Company Limited,328719,Live,Malta,27967,"LNG VLGC, 100'-200'cbm",73705,Double Hull,9HA3093,93226,1425,278.85,266.00,42.60,42.60,11.35,14.65,Kawasaki Heavy Industries Limited (Tokyo),Valletta,-,Qatar Navigation Q.P.S.C. (Milaha),State of Qatar,Qatar Shipping Company W.L.L.,State of Qatar,Milaha Ras Laffan GmbH & Company KG,Germany,RasGas Company Limited (RASGAS),State of Qatar,-,-,9255854,229130000,26.00,2004,-,Alfa Laval Aalborg A/S,Unknown,Unknown,Kawasaki Heavy Industries Limited Shipbuilding Division,29454,39499,UA-400,NorthStandard,Lloyds Register,-,-,2024-05-02T00:00:00,-,2024-05-05T00:00:00,-,2029-04-26T00:00:00,2029-04-26T00:00:00,Pronav Ship Management GmbH & Company KG,Germany,Pronav Ship Management GmbH & Company KG,Germany,SINGAPORE EOPL,-,A,03 Jun 2026 12:13:32 GMT,01 Jun 2026 12:12:00 GMT,Qatar Shipping Company W.L.L.,State of Qatar,"1° 47' 35"" N","104° 37' 35"" E",1,"1 day, 6 hours"
LNG Benue,Liquefied Natural Gas Carrier,Okpo,Hanwha Ocean Company Limited,338163,Live,Bermuda,29268,"LNG VLGC, 100'-200'cbm",83068,Double Hull,ZCDQ3,97561,2224,285.48,274.39,-,43.40,12.35,13.65,Kawasaki Heavy Industries Limited (Tokyo),Hamilton,-,BW Group Limited,Bermuda,BW LNG AS,Norway,BW Gas LNG Carriers Private Limited,Bermuda,Nigeria LNG Limited,Nigeria,-,-,9267015,310495000,26.00,2006,-,-,-,-,Kawasaki Heavy Industries Limited Shipbuilding Division,24161,32849,UA-360,Assuranceforeningen Gard,Lloyds Register,-,-,2026-04-01T00:00:00,-,2026-04-08T00:00:00,-,2031-03-28T00:00:00,2031-03-28T00:00:00,BW Fleet Management AS,Norway,BW Fleet Management AS,Norway,NG BON,Bonny,A,03 Jun 2026 12:13:09 GMT,03 Jun 2026 10:30:00 GMT,BW LNG AS,Norway,"4° 25' 1"" N","7° 7' 54"" E",3,"2 days, 10 hours"
Arctic Princess,Liquefied Natural Gas Carrier,Nagasaki,Mitsubishi Heavy Industries Limited Shipbuilding,344545,Live,Norway (Int. Register),36480,"LNG VLGC, 100'-200'cbm",84878,Double Hull,LAGE6,121597,2184,288.00,274.00,49.04,49.00,12.33,10.52,Kawasaki Heavy Industries Limited (Tokyo),Hammerfest,-,Leif Hoegh & Company Limited (50%) & Morgan Stanley Infrastructure Partners Incorporated (50%),Norway,Hoegh Evi Fleet Management AS,Norway,R.B. Quadrangle Leasing Limited,United Kingdom,Equinor ASA,Norway,-,-,9271248,257739000,22.85,2006,-,-,-,-,Mitsubishi Heavy Industries Limited,25184,33772,UA-400,Assuranceforeningen Gard,DNV,-,-,-,-,2015-11-07T00:00:00,-,2031-01-13T00:00:00,2031-01-13T00:00:00,Hoegh Evi Fleet Management AS,Norway,Hoegh LNG Fleet Management AS UK Branch,United Kingdom,-,-,A,08 Jan 2026 01:12:04 GMT,-,Hoegh Evi Fleet Management AS,Norway,"5° 10' 3"" N","115° 26' 37"" E",1,"1 day, 5 hours"
LNG Lokoja,Liquefied Natural Gas Carrier,Okpo,Hanwha Ocean Company Limited,353920,Live,Bermuda,29640,"LNG VLGC, 100'-200'cbm",83965,Double Hull,ZCDT3,98798,2229,288.20,277.20,43.44,43.40,12.32,13.68,Kawasaki Heavy Industries Limited (Tokyo),Hamilton,-,BW Group Limited,Bermuda,BW LNG AS,Norway,Bergesen LNG VIII Private Limited,Republic of Singapore,Nigeria LNG Limited,Nigeria,-,-,9269960,310519000,26.00,2006,-,-,-,-,Kawasaki Heavy Industries Limited Shipbuilding Division,26342,35325,UA-360,Assuranceforeningen Gard,DNV,-,-,-,-,2016-09-21T00:00:00,-,2026-11-28T00:00:00,2026-11-28T00:00:00,BW Fleet Management AS,Norway,BW Fleet Management AS,Norway,NGBON,Bonny,A,03 Jun 2026 12:02:24 GMT,03 Jun 2026 23:01:00 GMT,BW LNG AS,Norway,"2° 15' 43"" N","5° 14' 49"" E",3,"3 days, 13 hours"
North Pioneer,Liquefied Natural Gas Carrier,Hashihama,Shin Kurushima Dockyard Company Limited,356201,Live,Japan,-,"LNG, -100'cbm",1938,Double Hull,JD2130,3055,5368,89.23,83.00,-,15.30,4.31,2.88,Akasaka Diesels Limited,Hakodate,-,"Japan Railway Construction, Transport & Technology Agency",Japan,"Japan Railway Construction, Transport & Technology Agency & Japan Liquid & Gas Transport Company Limited",Japan,"Japan Railway Construction, Transport & Technology Agency & Japan Liquid & Gas Transport Company Limited",Japan,-,-,-,-,9317200,431301776,7.20,2005,-,-,-,-,Akasaka Diesels Limited,2206,3000,A38,-,Nippon Kaiji Kyokai,-,-,2019-09-28T00:00:00,-,2020-10-07T00:00:00,-,2030-11-17T00:00:00,2030-11-17T00:00:00,Iino Gas Transport Company Limited,Japan,Iino Gas Transport Company Limited,Japan,>JP HKP OFF,-,A,03 Jun 2026 12:13:47 GMT,02 Jun 2026 12:30:00 GMT,"Japan Railway Construction, Transport & Technology Agency & Japan Liquid & Gas Transport Company Limited",Japan,"41° 47' 13"" N","140° 39' 56"" E",37,"3 months, 2 days"
Seapeak Magellan,Liquefied Natural Gas Carrier,Goeje Is.,Samsung Shipbuilding & Heavy Industries Company Limited,365491,Live,Denmark (Int. Register),32537,"LNG VLGC, 100'-200'cbm",82265,Double Hull,OWDW2,104484,1626,285.00,275.00,43.40,43.40,12.12,14.48,Wartsila Corporation,Rungsted Kyst,-,Malt LNG Netherlands Holdings BV,Netherlands,Malt LNG Transport APS,Denmark,Seapeak Magellan ApS,Denmark,-,-,-,-,9342487,220636000,26.60,2009,-,-,-,-,Wartsila NSD Helsinki,26500,7653,12V50DF,Assuranceforeningen Skuld,Bureau Veritas,-,-,2024-05-27T00:00:00,2022-04-19T00:00:00,2025-01-01T00:00:00,2024-05-27T00:00:00,2029-04-09T00:00:00,2029-04-09T00:00:00,Seapeak Maritime Limited,Bermuda,Seapeak Maritime Limited,Bermuda,FOR ORDERS,-,A,03 Jun 2026 12:12:02 GMT,15 Jun 2026 11:00:00 GMT,Malt LNG Transport APS,Denmark,"26° 19' 13"" S","48° 12' 12"" E",4,"5 days, 4 hours"
GC,Liquefied Natural Gas Carrier,Massachusetts,General Dynamics Corporation,113073,Dead,Palau,28525,"LNG VLGC, 100'-200'cbm",72650,Double Hull,-,95084,50,285.34,273.41,43.74,43.74,11.53,13.46,General Electric Company,-,-,-,-,-,-,-,-,-,-,-,-,7413232,-,24.99,1979,-,-,-,-,General Electric Company,32065,43000,GENERAL ELECTRIC TURBINE,-,-,-,-,-,-,2009-04-16T00:00:00,-,-,-,-,-,-,-,S'PORE,-,A,08 Jun 2020 13:28:03 GMT,01 Nov 2020 15:00:00 GMT,NKD Maritime,-,"21° 47' 27"" N","72° 8' 37"" E",3,"3 days, 11 hours"
North Energy,Liquefied Natural Gas Carrier,Nagasaki,Mitsubishi Heavy Industries Limited Shipbuilding,153534,Dead,Marshall Islands,30717,"LNG VLGC, 100'-200'cbm",67055,Double Hull,-,102390,1870,283.00,269.00,44.50,44.50,10.80,14.20,Mitsubishi Heavy Industries Limited,Majuro,-,-,-,-,-,-,-,-,-,-,-,8014409,-,25.00,1983,-,-,-,-,Mitsubishi Heavy Industries Limited,26496,36000,MS40-2,-,-,-,-,2019-11-09T00:00:00,-,2019-11-01T00:00:00,2019-11-09T00:00:00,-,-,-,-,-,-,-,-,A,05 Mar 2021 05:38:30 GMT,-,Bangladesh Breakers,-,"51° 50' 60"" N","4° 21' 6"" E",1,"1 day, 3 hours"
Grace Energy,Liquefied Natural Gas Carrier,Nagasaki,Mitsubishi Heavy Industries Limited Shipbuilding,217370,Dead,Panama,32143,"LNG VLGC, 100'-200'cbm",67024,Double Hull,-,107146,MHI 2000,272.00,262.43,47.20,47.20,11.40,15.10,Mitsubishi Heavy Industries Limited,Panama,-,-,-,-,-,-,-,-,-,-,-,8702941,-,26.50,1989,-,-,-,-,Mitsubishi Heavy Industries Limited,17140,23304,MS24,-,-,-,-,2018-02-16T00:00:00,2021-05-17T00:00:00,2018-06-01T00:00:00,2018-02-16T00:00:00,-,-,-,-,-,-,BAN CHITTAGONG,-,A,20 Apr 2023 06:55:57 GMT,20 Apr 2023 07:00:00 GMT,Sinokor.,-,"22° 26' 54"" N","91° 43' 24"" E",6,"4 days, 14 hours"
Lean,Liquefied Natural Gas Carrier,Goeje Is.,Samsung Shipbuilding & Heavy Industries Company Limited,284892,Dead,Unknown,27859,"LNG VLGC, 100'-200'cbm",75154,Double Hull,-,92866,1258,278.85,266.00,42.60,42.60,12.02,13.98,Kawasaki Heavy Industries Limited (Tokyo),-,-,-,-,-,-,-,-,-,-,-,-,9180231,-,26.00,2000,-,-,-,-,Kawasaki Heavy Industries Limited (Tokyo),29053,29052,UA-400,-,-,-,-,2019-11-03T00:00:00,2017-07-24T00:00:00,2020-03-04T00:00:00,2019-11-03T00:00:00,-,-,-,-,-,-,-,-,A,10 Feb 2025 21:02:14 GMT,-,SK Shipping Korea,-,"22° 28' 41"" N","91° 41' 50"" E",1,"1 day, 3 hours"
Kyokuho Maru,Liquefied Petroleum Gas Carrier,Fukuyama,Hongawara Zosen K.K.,10254526,Live,Japan,-,Unknown size,690,Double Hull,JI3478,310,637,-,-,-,-,-,-,-,-,-,Nippon Marine Company Limited,Japan,Nippon Marine Company Limited,Japan,Nippon Marine Company Limited,Japan,-,-,-,-,9572616,431300761,-,2009,-,-,-,-,-,735,986,K28BR,-,-,-,-,-,-,-,-,-,-,-,-,Nippon Marine Company Limited,Japan,-,-,-,-,-,Nippon Marine Company Limited,Japan,-,-,1,—
Gulf Energy,Liquefied Natural Gas Carrier,Groton,General Dynamics Corporation,104234,Live,Marshall Islands,28525,"LNG VLGC, 100'-200'cbm",72472,Double Hull,V7AB6,95016,44,285.29,273.41,43.74,43.74,11.53,13.46,General Electric Company,Majuro,-,Sinokor Company Limited,"Hong Kong, S.A.R., China",Sinokor Petrochemical Company Limited,Republic of Korea,Gulf Energy S.A.,Marshall Islands,-,-,-,-,7390143,538001388,24.99,1978,-,-,-,-,General Electric Company,32065,43000,GENERAL ELECTRIC TURBINE,Japan Shipowners Mutual Protection & Indemnity Association,American Bureau,-,-,-,-,2011-07-06T00:00:00,-,-,-,-,-,Sinokor Petrochemical Company Limited,Republic of Korea,-,-,A,03 Jun 2026 12:12:47 GMT,-,Sinokor Petrochemical Company Limited,Republic of Korea,"59° 21' 33"" N","5° 18' 0"" E",1,"1 day, 2 hours"
LNG Croatia,Liquefied Natural Gas Carrier,Ulsan,HD Hyundai Heavy Industries Company Limited,329399,Live,Croatia,29154,"LNG VLGC, 100'-200'cbm",79950,Double Hull,9A2575,97178,1460,280.17,268.00,43.04,43.00,12.43,14.60,Mitsubishi Heavy Industries Limited,Rijeka,-,LNG Hrvatska doo (LNG Croatia LLC),Republic of Croatia,LNG Hrvatska doo (LNG Croatia LLC),Republic of Croatia,LNG Hrvatska doo (LNG Croatia LLC),Republic of Croatia,Golar LNG Limited,Bermuda,-,-,9256767,238048000,26.00,2020,-,-,-,-,Mitsubishi Heavy Industries Limited,27949,37480,MS40-2,Assuranceforeningen Gard,DNV,-,-,-,-,2020-09-16T00:00:00,-,2030-09-15T00:00:00,2030-09-15T00:00:00,Adria Shipping Management doo,Republic of Croatia,Adria Shipping Management doo,Republic of Croatia,"OMISALJ, CROATIA",-,A,03 Jun 2026 12:08:47 GMT,19 Oct 2026 06:00:00 GMT,LNG Hrvatska doo (LNG Croatia LLC),Republic of Croatia,"45° 12' 4"" N","14° 32' 2"" E",1,"1 day, 4 hours"
Arctic Lady,Liquefied Natural Gas Carrier,Nagasaki,Mitsubishi Heavy Industries Limited Shipbuilding,345453,Live,Norway (Int. Register),36480,"LNG VLGC, 100'-200'cbm",84878,Double Hull,LAGF6,121597,2185,288.00,274.00,49.04,49.00,12.33,10.52,Kawasaki Heavy Industries Limited (Tokyo),Hammerfest,-,Natwest Group  Public Limited Company,United Kingdom,Bank of Scotland Structured Asset Finance Limited,United Kingdom,Barents Leasing Limited,United Kingdom,Tractebel LNG Trading (BVI) Limited,United States of America,-,-,9284192,257742000,22.85,2006,-,-,-,-,Kawasaki Shipbuilding Corporation,25184,33772,UA-400,Assuranceforeningen Gard,DNV,-,-,-,-,2015-08-17T00:00:00,-,2030-08-17T00:00:00,2030-08-17T00:00:00,Hoegh Evi Fleet Management AS,Norway,Hoegh LNG Fleet Management AS UK Branch,United Kingdom,MY LBU,-,A,03 Jun 2026 08:18:11 GMT,03 Jun 2026 01:00:00 GMT,Bank of Scotland Structured Asset Finance Limited,United Kingdom,"5° 9' 50"" N","115° 24' 36"" E",1,"1 day, 3 hours"
Seapeak Meridian,Liquefied Natural Gas Carrier,Goeje Is.,Samsung Shipbuilding & Heavy Industries Company Limited,374692,Live,Denmark (Int. Register),32537,"LNG VLGC, 100'-200'cbm",81929,Double Hull,OWHC2,104169,1633,285.00,275.00,-,43.40,12.10,14.50,Wartsila Corporation,Skovshoved,-,Malt LNG Netherlands Holdings BV,Netherlands,Malt LNG Transport APS,Denmark,Seapeak Meridian ApS,Denmark,Seapeak Maritime (Glasgow) Limited,United Kingdom,-,-,9369904,219061000,26.60,2010,-,-,-,-,Wartsila SACM,11400,15499,12V50DF,Assuranceforeningen Skuld,Bureau Veritas,-,-,2024-08-25T00:00:00,2022-08-01T00:00:00,2025-09-01T00:00:00,2024-08-25T00:00:00,2029-09-16T00:00:00,2029-09-16T00:00:00,Seapeak Maritime Limited,Bermuda,Seapeak Maritime Limited,Bermuda,FOR ORDERS,-,A,03 Jun 2026 12:11:56 GMT,03 Jun 2026 01:00:00 GMT,Malt LNG Transport APS,Denmark,"57° 39' 30"" N","10° 40' 35"" E",1,"1 day, 4 hours"
Shinju Maru No.2,Liquefied Natural Gas Carrier,Imabari,Higaki Shipbuilding Company Limited,761535,Live,Japan,-,"LNG, -100'cbm",1781,Double Hull,JD2812,2930,618,86.29,80.30,-,15.10,4.20,2.80,The Hanshin Diesel Works Limited,Tokyo,-,Chuo Kaiun K.K.,Japan,Chuo Kaiun K.K.,Japan,Chuo Kaiun K.K.,Japan,Shinwa Chemical Tanker Company Limited,Japan,-,-,9433884,431000767,7.00,2008,-,-,-,-,The Hanshin Diesel Works Limited,1912,2564,LH36LA,-,Nippon Kaiji Kyokai,-,-,2020-10-02T00:00:00,-,2020-10-02T00:00:00,-,2029-05-19T00:00:00,2029-05-19T00:00:00,NS United Coastal Tanker Kaisha Limited,Japan,NS United Coastal Tanker Kaisha Limited,Japan,>JP KNM HESAKI OFF,"Kanda, Fukuoka",A,03 Jun 2026 12:09:13 GMT,03 Jun 2026 17:40:00 GMT,Chuo Kaiun K.K.,Japan,"33° 56' 49"" N","131° 5' 56"" E",4,"6 days, 20 hours"
Artica,Liquefied Natural Gas Carrier,Chita,Ishikawajima-Harima Heavy Industries Company Limited,247554,Dead,St. Kitts-Nevis,19852,"LNG, -100'cbm",48857,Double Hull,-,66174,3016,239.00,226.00,40.00,40.00,11.03,15.77,Mitsubishi Heavy Industries Limited,Basseterre,-,-,-,-,-,-,-,-,-,-,-,9001784,-,26.80,1993,-,-,-,-,Mitsubishi Heavy Industries Limited,15660,21000,MS21-2,-,-,-,-,2020-07-16T00:00:00,2015-11-02T00:00:00,2017-09-06T00:00:00,2017-09-06T00:00:00,-,-,-,-,-,-,-,-,A,22 Mar 2023 23:31:52 GMT,-,Indian Breakers,-,"21° 24' 39"" N","72° 12' 30"" E",16,"8 days, 17 hours"
LNG Aries,Liquefied Natural Gas Carrier,Groton,General Dynamics Corporation,70627,Dead,Unknown,28525,"LNG VLGC, 100'-200'cbm",72511,Double Hull,-,95084,42,285.34,273.41,45.74,43.74,11.53,13.46,General Electric Company,-,-,-,-,-,-,-,-,-,-,-,-,7390193,-,24.99,1977,-,-,-,-,General Electric Company,32065,43000,GENERAL ELECTRIC TURBINE,-,-,-,-,-,-,2008-03-13T00:00:00,-,-,-,-,-,-,-,-,-,-,-,-,Indian Breakers,-,-,-,4,"14 days, 16 hours"
LNG Taurus,Liquefied Natural Gas Carrier,Groton,General Dynamics Corporation,117752,Live,Marshall Islands,28525,"LNG VLGC, 100'-200'cbm",72642,Double Hull,V7BX4,95084,48,285.34,273.41,43.90,43.74,10.97,14.02,General Electric Company,Majuro,-,Binder Holdings Limited,Isle of Man,Nova Shipping & Logistics Private Limited,Republic of Singapore,Woodfibre LNG Limited,Canada,-,-,-,-,7390167,538001391,24.99,1979,-,-,-,-,General Electric Company,32065,43000,GENERAL ELECTRIC TURBINE,Assuranceforeningen Gard,American Bureau,-,-,-,-,2009-07-18T00:00:00,-,-,-,NOVA Carriers (Singapore) Private Limited,Republic of Singapore,NOVA Carriers (Singapore) Private Limited,Republic of Singapore,-,-,-,-,-,Nova Shipping & Logistics Private Limited,Republic of Singapore,-,-,2,"3 days, 4 hours"
Pelita Energy,Liquefied Natural Gas Carrier,Tsu,NKK Shipbuilding (Nippon Kokan K.K),277750,Live,Indonesia,4901,"LNG, -100'cbm",10951,Double Hull,YCQR2,16336,153,130.00,124.00,25.70,25.70,7.12,5.98,Mitsubishi Heavy Industries Limited,Jakarta,-,PT Jaya Samudra Karunia Shipping,Indonesia,PT Jaya Samudra Karunia Shipping,Indonesia,PT Lintas Samudra Sejahtera,Indonesia,-,-,-,-,9161510,525300941,13.10,1998,-,-,-,-,Mitsubishi Heavy Industries Limited,5516,7500,MS8-2,London Steamship Owners Mutual Insurance Association Ltd,Nippon Kaiji Kyokai,-,-,2020-12-31T00:00:00,-,2020-12-31T00:00:00,-,2030-12-30T00:00:00,2030-12-30T00:00:00,PT Jaya Samudra Karunia Shipping,Indonesia,PT Jaya Samudra Karunia Shipping,Indonesia,-,-,A,03 Jun 2026 12:11:38 GMT,-,PT Jaya Samudra Karunia Shipping,Indonesia,"0° 0' 36"" N","117° 36' 49"" E",2,27 days
Al Deebel,Liquefied Natural Gas Carrier,Goeje Is.,Samsung Shipbuilding & Heavy Industries Company Limited,352597,Live,Bahamas,28747,"LNG VLGC, 100'-200'cbm",78594,Double Hull,C6UU5,95824,1442,283.00,270.00,-,43.40,11.40,14.60,Unknown Engine Designer,Nassau,-,Mitsui O.S.K. Lines Limited (MOL),Japan,MOL Tankship Management (Europe) Limited,United Kingdom,Peninsula LNG Transport No.3 Limited,Liberia,RasGas Company Limited (RASGAS),State of Qatar,-,-,9307176,308031000,26.00,2005,-,-,-,-,-,29858,40040,MS40-2,U.K. Mutual Steam Ship Assurance Association (Bermuda) Ltd,American Bureau,-,-,2018-11-29T00:00:00,2018-11-23T00:00:00,2015-12-13T00:00:00,-,2030-11-14T00:00:00,2030-11-14T00:00:00,MOL LNG Transport (Europe) Limited,United Kingdom,MOL LNG Transport (Europe) Limited,United Kingdom,QA RLF,Ras Laffan,A,03 Jun 2026 12:10:56 GMT,05 Jun 2026 00:01:00 GMT,MOL Tankship Management (Europe) Limited,United Kingdom,"19° 17' 51"" N","69° 7' 50"" E",1,"1 day, 4 hours"
Energos Grand,Liquefied Natural Gas Carrier,Okpo,Hanwha Ocean Company Limited,353641,Live,Marshall Islands,29248,"LNG VLGC, 100'-200'cbm",84894,Double Hull,V7TH3,97567,2226,285.40,274.40,43.40,43.40,12.52,8.74,Kawasaki Heavy Industries Limited (Tokyo),Majuro,-,Apollo Global Management Incorporated (Apollo Funds),United States of America,"Energos Infrastructure Management, LLC",United States of America,Energos Grand Corporation,Marshall Islands,New Fortress Energy Incorporated,United States of America,-,-,9303560,538003804,21.26,2006,-,-,-,-,Kawasaki Heavy Industries Limited Shipbuilding Division,26342,35325,UA-400,Assuranceforeningen Skuld,Lloyds Register,-,-,2025-03-18T00:00:00,-,2011-01-24T00:00:00,-,2027-04-14T00:00:00,2027-04-14T00:00:00,Bernhard Schulte Shipmanagement (Hellas) SPLLC,Greece,Bernhard Schulte Shipmanagement (Hellas) SPLLC,Greece,-,-,A,03 Jun 2026 12:13:21 GMT,-,"Energos Infrastructure Management, LLC",United States of America,"24° 14' 5"" N","110° 23' 55"" W",1,"1 day, 5 hours"
Maran Gas Coronis,Liquefied Natural Gas Carrier,Okpo,Hanwha Ocean Company Limited,361159,Live,Greece,29248,"LNG VLGC, 100'-200'cbm",79576,Double Hull,SXLQ,97491,2244,285.40,274.40,43.45,43.40,12.00,9.26,Kawasaki Heavy Industries Limited (Tokyo),Piraeus,-,Maran Nakilat Company Limited,Cayman Islands,Maran Nakilat Company Limited,Cayman Islands,Jopica Shipping Company,Liberia,BG Group PLC,United Kingdom,-,-,9331048,240639000,21.26,2007,-,-,-,-,Kawasaki Heavy Industries Limited Shipbuilding Division,26342,35325,UA-400,NorthStandard,DNV,-,-,-,-,2012-05-20T00:00:00,-,2027-07-27T00:00:00,2027-07-27T00:00:00,Maran Gas Maritime Incorporated,Greece,Maran Gas Maritime Incorporated,Greece,-,-,A,22 May 2026 05:23:27 GMT,-,Maran Nakilat Company Limited,Cayman Islands,"5° 8' 57"" N","115° 26' 48"" E",1,"1 day, 5 hours"
Mediterranean Energy,Liquefied Natural Gas Carrier,Nagasaki,Mitsubishi Heavy Industries Limited Shipbuilding,165521,Dead,Marshall Islands,30712,"LNG VLGC, 100'-200'cbm",67552,Double Hull,-,102376,1890,283.00,273.82,44.58,44.51,11.53,13.49,Unknown Engine Designer,Majuro,-,-,-,-,-,-,-,-,-,-,-,8125832,-,25.02,1984,-,-,-,-,Mitsubishi Heavy Industries Limited,29419,39999,UNKNOWN,-,-,-,-,-,-,2014-07-18T00:00:00,-,-,-,-,-,-,-,-,-,A,19 Jul 2021 00:45:44 GMT,-,Bangladesh Breakers,-,"40° 7' 39"" N","65° 39' 44"" W",1,"1 day, 6 hours"
Bekalang,Liquefied Natural Gas Carrier,St. Nazaire,Chantiers de l'Atlantique,21506,Dead,Brunei,14583,"LNG, -100'cbm",51579,Double Hull,-,48612,H25,248.00,232.00,34.75,34.75,9.45,11.20,Stal-Laval Turbin AB,-,-,-,-,-,-,-,-,-,-,-,-,7217896,-,20.65,1973,-,-,-,-,Chantiers de l'Atlantique,15511,20800,STAL-LAVAL TURBINE,-,-,-,-,-,-,2008-09-21T00:00:00,-,-,-,-,-,-,-,-,-,-,-,-,Chinese Breakers,-,-,-,17,"3 months, 3 days"
Bekulan,Liquefied Natural Gas Carrier,St. Nazaire,Chantiers de l'Atlantique,21647,Dead,Brunei,14583,"LNG, -100'cbm",51579,Double Hull,-,48612,I25,247.00,232.00,34.75,34.75,9.45,11.20,Stal-Laval Turbin AB,-,-,-,-,-,-,-,-,-,-,-,-,7235939,-,20.65,1973,-,-,-,-,Chantiers de l'Atlantique,15511,20800,STAL-LAVAL TURBINE,-,-,-,-,-,-,2008-10-20T00:00:00,-,-,-,-,-,-,-,-,-,-,-,-,Shell I.T.,-,-,-,17,"1 month, 4 days"
Belais,Liquefied Natural Gas Carrier,St. Nazaire,Chantiers de l'Atlantique,21671,Dead,Brunei,14583,"LNG, -100'cbm",51579,Double Hull,-,48612,J25,256.00,232.00,34.75,34.75,9.45,11.20,Stal-Laval Turbin AB,-,-,-,-,-,-,-,-,-,-,-,-,7347794,-,20.65,1974,-,-,-,-,Chantiers de l'Atlantique,15511,20800,STAL-LAVAL TURBINE,-,-,-,-,-,-,2004-05-05T00:00:00,-,-,-,-,-,-,-,-,-,-,-,-,Chinese Breakers,-,-,-,17,"1 month, 26 days"
Lara,Liquefied Natural Gas Carrier,Chita,Ishikawajima-Harima Heavy Industries Company Limited,245071,Dead,Comoros,19852,"LNG, -100'cbm",48817,Double Hull,-,66174,3015,228.36,225.94,40.00,40.00,11.02,9.68,Mitsubishi Heavy Industries Limited,Moroni,-,-,-,-,-,-,-,-,-,-,-,9001772,-,20.70,1993,-,-,-,-,Mitsubishi Heavy Industries Limited,15446,21000,MS21-2,-,-,-,-,2018-06-22T00:00:00,2018-06-22T00:00:00,2015-10-17T00:00:00,2015-10-17T00:00:00,-,-,-,-,-,-,INDIA  ALANG,-,A,07 Jul 2023 23:41:50 GMT,07 Jul 2023 03:00:00 GMT,Samudra Alam,-,"21° 41' 42"" N","72° 24' 13"" E",14,"9 days, 15 hours"
Luck,Liquefied Natural Gas Carrier,Dunkirk,Societe Industrielle France-Dunkirk,124474,Dead,Marshall Islands,24153,"LNG VLGC, 100'-200'cbm",72087,Double Hull,V7QM8,80510,302,280.62,266.00,41.60,41.60,11.72,15.78,Stal-Laval Turbin AB,Majuro,-,-,-,-,-,-,-,-,-,-,-,7428469,-,27.50,1981,-,-,-,-,Chantiers de l'Atlantique,33557,45000,STAL-LAVAL TURBINE,-,American Bureau,-,-,-,-,2008-03-18T00:00:00,-,-,-,-,-,-,-,-,-,A,05 Jul 2020 07:11:16 GMT,-,Bangladesh Breakers,-,"24° 52' 55"" N","57° 6' 38"" E",7,"6 days, 9 hours"
Koto,Liquefied Natural Gas Carrier,Sakaide,Kawasaki Heavy Industries Limited Shipbuilding Division,163027,Dead,Panama,29336,"LNG VLGC, 100'-200'cbm",70833,Double Hull,-,97788,1340,281.00,268.00,44.20,44.20,11.52,13.48,Kawasaki Heavy Industries Limited (Tokyo),Panama,-,-,-,-,-,-,-,-,-,-,-,8210209,-,25.00,1984,-,-,-,-,Kawasaki Shipbuilding Corporation,29419,40000,UA450,-,-,-,-,-,-,2004-12-10T00:00:00,-,-,-,-,-,-,-,-,-,-,-,-,Chinese Breakers,-,-,-,9,"7 days, 14 hours"
Castillo de Villalba,Liquefied Natural Gas Carrier,Cadiz,Navantia Carenas Cadiz,315286,Live,Malta,27251,"LNG VLGC, 100'-200'cbm",68530,Double Hull,9HA5928,90835,87,284.37,271.00,42.53,42.50,12.30,13.10,Kawasaki Heavy Industries Limited (Tokyo),Valletta,-,Empresa Naviera Elcano SA (ENE),Spain,Elcano Gas Carriers Limited,Malta,Villalba LNG Shipping Limited,Malta,Gas Natural Sdg SA,Spain,-,-,9236418,256664000,25.40,2003,-,Alfa Laval Aalborg A/S,Unknown,Unknown,Kawasaki Shipbuilding Corporation,28388,38069,UA-400,"Britannia Steam Ship Insurance Association Ltd., The",Lloyds Register,-,-,2026-04-21T00:00:00,-,2023-06-05T00:00:00,-,2028-04-26T00:00:00,2028-04-26T00:00:00,Empresa Naviera Elcano SA (ENE),Spain,Empresa Naviera Elcano SA (ENE),Spain,MY-PEBGA>>>SNG-PGBG,-,A,03 Jun 2026 12:14:26 GMT,02 Jun 2026 11:00:00 GMT,Elcano Gas Carriers Limited,Malta,"1° 9' 56"" N","103° 43' 27"" E",2,"1 day, 14 hours"
Etyfa Prometheas,Liquefied Natural Gas Carrier,Nagasaki,Mitsubishi Heavy Industries Limited Shipbuilding,315582,Live,Cyprus,33437,"LNG VLGC, 100'-200'cbm",72781,Double Hull,5BPG5,114999,2172,290.00,276.00,46.00,46.00,11.50,14.00,Mitsubishi Heavy Industries Limited,Limassol,-,Natural Gas Public Company (DEFA) Limited,Cyprus,Natural Gas Infrastructure Company (ETYFA) Limited,Cyprus,Natural Gas Infrastructure Company (ETYFA) Limited,Cyprus,-,-,-,-,9236614,210060000,25.50,2002,-,-,-,-,Mitsubishi Heavy Industries Limited Shipbuilding,19456,26091,MS32-2,Assuranceforeningen Gard,Lloyds Register,-,-,2024-06-08T00:00:00,-,2024-12-09T00:00:00,-,2029-12-08T00:00:00,2029-12-08T00:00:00,Wilhelmsen Ship Management Sendirian Berhad,Malaysia,Wilhelmsen Ship Management Sendirian Berhad,Malaysia,TBC,-,A,03 Jun 2026 12:12:46 GMT,24 Dec 2026 09:00:00 GMT,Natural Gas Infrastructure Company (ETYFA) Limited,Cyprus,"2° 19' 38"" N","102° 1' 41"" E",1,"21 hours, 12 minutes"
Shandong Juniper,Liquefied Natural Gas Carrier,Nagasaki,Mitsubishi Heavy Industries Limited Shipbuilding,327309,Live,Singapore,33437,"LNG VLGC, 100'-200'cbm",72740,Double Hull,S6AE7,111459,2183,290.00,276.00,46.00,46.00,11.48,14.02,Mitsubishi Heavy Industries Limited,Singapore,-,Abu Dhabi National Oil Company (ADNOC),United Arab Emirates,Abu Dhabi Marine Operations & Services Company LLC (ADNOC Logistics & Services),United Arab Emirates,Jan Marine LNG Private Limited,Republic of Singapore,Shell Tankers Singapore Private Limited,Republic of Singapore,National Australia Finance (Vessel Leasing No.1) Limited,Australia,9253222,563574000,25.50,2004,-,-,-,-,Mitsubishi Heavy Industries Limited,21616,28987,MS32-2,China Shipowners Mutual Assurance Association,Lloyds Register,-,-,2024-03-15T00:00:00,-,2024-03-21T00:00:00,-,2029-01-29T00:00:00,2029-01-29T00:00:00,Shell International Trading & Shipping Company Limited (STASCO),United Kingdom,Shell International Trading & Shipping Company Limited (STASCO),United Kingdom,KUALA LINGGI,-,A,03 Jun 2026 12:13:27 GMT,16 Jul 2026 03:00:00 GMT,Abu Dhabi Marine Operations & Services Company LLC (ADNOC Logistics & Services),United Arab Emirates,"2° 18' 49"" N","101° 56' 8"" E",1,"1 day, 5 hours"
Berge Arzew,Liquefied Natural Gas Carrier,Okpo,Hanwha Ocean Company Limited,328107,Live,Bahamas,28154,"LNG VLGC, 100'-200'cbm",77470,Double Hull,C6TQ5,93844,2217,277.00,266.00,43.40,43.30,11.40,9.86,Kawasaki Heavy Industries Limited (Tokyo),Nassau,-,BW Group Limited,Bermuda,BW Maritime Private Limited,Republic of Singapore,Berge Arzew Partner AS & Sonatrach Berge Arzew Corporation,Bahamas,-,-,-,-,9256597,311745000,21.26,2004,-,-,-,-,Kawasaki Heavy Industries Limited Shipbuilding Division,-,36690,UA-400,Assuranceforeningen Gard,DNV,-,-,-,-,2014-05-16T00:00:00,-,2029-06-03T00:00:00,2029-06-03T00:00:00,BW Fleet Management AS,Norway,BW Fleet Management AS,Norway,DZ SKI>TR MRA,Skikda,A,03 Jun 2026 12:14:20 GMT,15 Jun 2026 02:05:00 GMT,BW Maritime Private Limited,Republic of Singapore,"36° 53' 13"" N","6° 57' 18"" E",1,"1 day, 3 hours"
Arctic Voyager,Liquefied Natural Gas Carrier,Sakaide,Kawasaki Heavy Industries Limited Shipbuilding Division,344535,Live,Bahamas,35572,"LNG VLGC, 100'-200'cbm",75434,Double Hull,C6VL2,118571,1532,289.50,277.00,48.50,48.40,11.56,10.14,Kawasaki Heavy Industries Limited (Tokyo),Nassau,-,"K Line, Equinor, Mitsui & Company & lino Kaiun",Japan,"K Line, Equinor, Mitsui & Company & lino Kaiun",Japan,Northern LNG Transport Company II Limited,Cayman Islands,Equinor ASA,Norway,-,-,9275335,309998000,21.70,2006,-,-,-,-,Kawasaki Heavy Industries Limited Shipbuilding Division,26900,36073,UA-400,Assuranceforeningen Gard,DNV,-,-,-,-,2016-06-27T00:00:00,-,2026-07-14T00:00:00,2026-07-14T00:00:00,'K' Line Energy Shipping (UK) Limited,United Kingdom,'K' Line Energy Shipping (UK) Limited,United Kingdom,INDAH,Dahej,A,03 Jun 2026 12:11:46 GMT,03 Jul 2026 19:01:00 GMT,"K Line, Equinor, Mitsui & Company & lino Kaiun",Japan,"43° 23' 34"" N","14° 35' 45"" W",1,"1 day, 5 hours"
Karadeniz LNGT Powership Anatolia,Liquefied Natural Gas Carrier,St. Nazaire,Chantiers de l'Atlantique,353654,Live,Liberia,29322,"LNG VLGC, 100'-200'cbm",86389,Double Hull,5LCH7,97741,N32,289.60,274.10,43.35,43.35,12.50,13.75,Wartsila Corporation,Monrovia,-,Karadeniz Holding A.S.,Turkiye,Karadeniz Holding A.S.,Turkiye,Karpowership Americas Company Limited,Marshall Islands,Karmarine Karadeniz Denizcilik ve Ticaret A.S.,Turkiye,-,-,9306495,636021105,26.25,2006,-,-,-,-,Wartsila Finland oy,11400,15499,12V50DF,Assuranceforeningen Skuld,Bureau Veritas,-,-,2022-10-20T00:00:00,2019-12-11T00:00:00,2023-06-01T00:00:00,2019-12-11T00:00:00,2027-10-19T00:00:00,2027-10-19T00:00:00,Synergy Maritime Private Limited,India,Synergy Maritime Private Limited,India,-,-,A,06 May 2026 11:19:27 GMT,-,Karadeniz Holding A.S.,Turkiye,"40° 42' 21"" N","29° 27' 52"" E",1,"1 day, 6 hours"
Iberica Knutsen,Liquefied Natural Gas Carrier,Okpo,Hanwha Ocean Company Limited,358519,Live,Norway (Int. Register),28175,"LNG VLGC, 100'-200'cbm",77541,Double Hull,LAHN6,93915,2236,277.00,268.30,43.44,43.40,12.10,9.16,Unknown Engine Designer,Haugesund,-,TS Shipping Invest AS,Norway,Knutsen OAS Shipping AS,Norway,Norspan LNG III AS,Norway,Naturgy Aprovisionamientos SA,Spain,-,-,9326603,257990000,21.26,2006,-,-,-,-,Kawasaki Heavy Industries Limited Shipbuilding Division,-,-,UNKNOWN TURBINE,Assuranceforeningen Skuld,DNV,-,-,-,-,2016-05-18T00:00:00,-,2026-08-08T00:00:00,2026-08-08T00:00:00,Knutsen OAS Shipping AS,Norway,Knutsen OAS Shipping AS,Norway,NO HFT,Hammerfest,A,03 Jun 2026 12:06:03 GMT,06 Jun 2026 21:00:00 GMT,Knutsen OAS Shipping AS,Norway,"62° 10' 20"" N","4° 1' 50"" W",2,"2 days, 7 hours"
Cheikh Bouamama,Liquefied Natural Gas Carrier,Tsu,Universal Shipbuilding Corporation - SEE NOW AS JAPAN MARINE UNITED CORPORATION (JMU),358623,Live,Bahamas,15856,"LNG, -100'cbm",39483,Double Hull,C6XE4,52855,88,219.81,212.81,35.00,35.00,9.98,12.57,Mitsubishi Heavy Industries Limited,Nassau,-,Sonatrach SpA,Algeria,Hyproc Shipping Company,Algeria,Skikda LNG Transport Corporation,Bahamas,-,-,-,-,9324344,311006300,22.55,2008,-,-,-,-,Mitsubishi Heavy Industries Limited,15000,20394,MS21-2,U.K. Mutual Steam Ship Assurance Association (Bermuda) Ltd,Bureau Veritas,-,-,2023-11-24T00:00:00,2021-07-11T00:00:00,2024-03-01T00:00:00,2023-11-24T00:00:00,2028-07-28T00:00:00,2028-07-28T00:00:00,Hyproc Shipping Company,Algeria,Hyproc Shipping Company,Algeria,DZAAE,Annaba,A,03 Jun 2026 12:13:41 GMT,28 May 2026 14:00:00 GMT,Hyproc Shipping Company,Algeria,"36° 56' 38"" N","7° 48' 7"" E",1,"2 days, 19 hours"
Kool Ice,Liquefied Natural Gas Carrier,Goeje Is.,Samsung Shipbuilding & Heavy Industries Company Limited,11016208,Live,Marshall Islands,30661,"LNG VLGC, 100'-200'cbm",81534,Double Hull,V7AE5,102200,2048,280.57,269.00,43.42,43.40,12.15,14.65,Wartsila Corporation,Majuro,-,Quantum Pacific Group,Monaco,Cool Company Limited (CoolCo),Bermuda,Kool Ice Corporation,Marshall Islands,GAIL (India) Limited,India,-,-,9637325,538004976,26.40,2015,-,-,-,-,-,-,-,12V50DF,Assuranceforeningen Gard,DNV,-,-,-,-,2019-12-14T00:00:00,-,2030-02-06T00:00:00,2030-02-06T00:00:00,Cool Company Management AS,Norway,Cool Company Management AS,Norway,FOR ORDER,-,A,03 Jun 2026 12:02:25 GMT,05 Jun 2026 00:01:00 GMT,Cool Company Limited (CoolCo),Bermuda,"13° 55' 50"" S","10° 50' 26"" E",1,"1 day, 8 hours"
Cesi Gladstone,Liquefied Natural Gas Carrier,Shanghai,Hudong-Zhonghua Shipbuilding (Group) Company Limited,11298119,Live,"Hong Kong, S.A.R., China",39967,"LNG VLGC, 100'-200'cbm",95638,Double Hull,VRPI2,113397,H1715A,289.96,278.00,-,45.60,11.70,14.81,Unknown Engine Designer,Hong Kong,-,China COSCO Shipping Corporation Limited (China Cosco Shipping Group) (COSCO Shipping) (COSCOCS),People's Republic of China,COSCO Shipping Energy Transportation Company Limited (CSET),People's Republic of China,China Energy Aspiration LNG Shipping Company Limited,"Hong Kong, S.A.R., China",-,-,-,-,9672820,477348600,26.51,2016,-,Wartsila Corporation,Unknown,Unknown,General Electric Company,-,-,N3 HXC 1000 J/8,U.K. Mutual Steam Ship Assurance Association (Bermuda) Ltd,LR (provisional),CS (provisional), (provisional),2024-09-04T00:00:00,-,2021-09-04T00:00:00,-,2026-10-30T00:00:00,2026-10-30T00:00:00,China Energy Ship Management Company Limited,"Hong Kong, S.A.R., China",China Energy Ship Management Company Limited,"Hong Kong, S.A.R., China",HY CN,-,A,03 Jun 2026 11:51:06 GMT,06 Jun 2026 00:01:00 GMT,COSCO Shipping Energy Transportation Company Limited (CSET),People's Republic of China,"12° 45' 56"" N","128° 27' 14"" E",2,"2 days, 17 hours"
Maran Gas Hector,Liquefied Natural Gas Carrier,Samho,HD Hyundai Samho Company Limited,11696552,Live,Greece,37136,"LNG VLGC, 100'-200'cbm",92640,Double Hull,SVCI7,113502,S691,290.00,284.00,-,46.40,12.50,13.90,Wartsila Corporation,Piraeus,-,Angelicoussis Shipping Group Limited,Greece,Maran Gas Maritime Incorporated,Greece,Dylan Corporation,Liberia,-,-,-,-,9682605,241425000,26.40,2016,-,Alfa Laval Aalborg A/S,Unknown,Unknown,-,-,-,12V50DF,NorthStandard,LR (provisional), (provisional), (provisional),2024-07-01T00:00:00,-,2021-09-03T00:00:00,-,2026-11-07T00:00:00,2026-11-07T00:00:00,Maran Gas Maritime Incorporated,Greece,Maran Gas Maritime Incorporated,Greece,FOR ORDERS,-,A,03 Jun 2026 12:01:55 GMT,25 Jun 2026 05:00:00 GMT,Maran Gas Maritime Incorporated,Greece,"32° 7' 0"" S","10° 7' 4"" E",1,"1 day, 11 hours"
Attalos,Liquefied Natural Gas Carrier,Ulsan,HD Hyundai Heavy Industries Company Limited,12950750,Live,Malta,34974,"LNG VLGC, 100'-200'cbm",92789,Double Hull,9HA5282,116581,3108,299.00,291.00,-,46.40,12.60,13.90,Winterthur Gas & Diesel Limited (WinGD),Valletta,-,Bank of Communications Company Limited,People's Republic of China,Bocom Leasing Management Hong Kong Company Limited,"Hong Kong, S.A.R., China",Xiangrui International Ship Lease Company Limited,"Hong Kong, S.A.R., China",BP Shipping Limited,United Kingdom,-,-,9862920,215785000,26.50,2021,-,-,-,-,HD Hyundai Heavy Industries Company Limited,31664,43063,5X72DF,West of England Mutual Shipowners Protection & Indemnity Association (Luxemburg),Lloyds Register,-,-,2024-03-07T00:00:00,-,-,-,2026-08-12T00:00:00,2026-08-12T00:00:00,Capital Gas Ship Management Corporation,Greece,Capital Gas Ship Management Corporation,Greece,CNSNZ,Shenzhen,A,03 Jun 2026 12:02:23 GMT,14 Jun 2026 16:01:00 GMT,Bocom Leasing Management Hong Kong Company Limited,"Hong Kong, S.A.R., China","23° 22' 15"" S","60° 45' 41"" E",1,"1 day, 6 hours"
Dorado LNG,Liquefied Natural Gas Carrier,South Korea,Samsung Shipbuilding & Heavy Industries Company Limited,12956957,Live,Malta,34603,"LNG VLGC, 100'-200'cbm",94000,Double Hull,9HA5190,115345,2276,293.00,286.00,-,45.80,12.02,14.18,Unknown Engine Designer,Valletta,-,Industrial and Commercial Bank of China Limited (ICBC),People's Republic of China,ICBC Financial Leasing Company Limited,People's Republic of China,Hai Kuo Shipping 2052G Limited,"Hong Kong, S.A.R., China",Cheniere Energy Incorporated,United States of America,-,-,9863182,215578000,26.20,2020,-,-,-,-,-,-,-,12V50DF,Assuranceforeningen Gard,American Bureau,-,-,-,-,2020-12-21T00:00:00,-,2030-12-21T00:00:00,2030-12-21T00:00:00,TMS Cardiff Gas Limited,Greece,TMS Cardiff Gas Limited,Greece,OPEN SEA FOR ORDERS,-,A,03 Jun 2026 11:51:30 GMT,08 Jul 2026 22:00:00 GMT,ICBC Financial Leasing Company Limited,People's Republic of China,"23° 51' 18"" N","84° 19' 12"" W",1,"1 day, 6 hours"
LNGShips Manhattan,Liquefied Natural Gas Carrier,Ulsan,HD Hyundai Heavy Industries Company Limited,12989967,Live,Malta,34962,"LNG VLGC, 100'-200'cbm",93534,Double Bottom,9HA5270,116542,3039,299.00,291.00,-,46.40,11.50,15.00,Winterthur Gas & Diesel Limited (WinGD),Valletta,-,Economou Group of Companies,Greece,TMS Cardiff Gas Limited,Greece,Cardiff LNG Theta Owning LLC,Marshall Islands,Shell Tankers Singapore Private Limited,Republic of Singapore,-,-,9872901,215755000,26.50,2021,-,-,-,-,HD Hyundai Heavy Industries Company Limited,-,-,5X72DF,Assuranceforeningen Gard,American Bureau,-,-,-,-,-,-,-,-,TMS Cardiff Gas Limited,Greece,TMS Cardiff Gas Limited,Greece,-,-,A,03 Jun 2026 12:00:06 GMT,-,TMS Cardiff Gas Limited,Greece,"1° 15' 12"" N","103° 36' 25"" E",2,"2 days, 23 hours"
Diamond Gas Crystal,Liquefied Natural Gas Carrier,Samho,HD Hyundai Samho Company Limited,12993317,Live,Singapore,35269,"LNG VLGC, 100'-200'cbm",89847,Double Bottom,9V7021,117564,8030,297.16,291.00,-,46.40,11.50,15.35,Winterthur Gas & Diesel Limited (WinGD),Singapore,-,Nippon Yusen Kabushiki Kaisha (NYK) (50%) & Mitsubishi Corporation (MC) (50%),Japan,Nippon Yusen Kabushiki Kaisha (NYK) (50%) & Mitsubishi Corporation (MC) (50%),Japan,Diamond LNG Shipping 5 Private Limited,Republic of Singapore,Diamond Gas International Private Limited,Republic of Singapore,-,-,9874454,563125300,26.85,2021,-,-,-,-,-,-,-,5X72DF,Assuranceforeningen Gard,American Bureau,-,-,-,-,2021-05-30T00:00:00,-,-,-,NYK Shipmanagement Private Limited,Republic of Singapore,NYK Shipmanagement Private Limited,Republic of Singapore,CA KTM,Yeosu,A,03 Jun 2026 11:59:31 GMT,05 Jul 2026 14:00:00 GMT,Nippon Yusen Kabushiki Kaisha (NYK) (50%) & Mitsubishi Corporation (MC) (50%),Japan,"35° 53' 28"" N","131° 1' 44"" E",1,"1 day, 8 hours"
MOL Hestia,Liquefied Natural Gas Carrier,South Korea,Hanwha Ocean Company Limited,13037156,Live,Marshall Islands,34662,"LNG VLGC, 100'-200'cbm",93798,Double Hull,V7A4656,115540,2505,294.90,288.50,-,46.40,12.52,13.98,Unknown Engine Designer,Majuro,-,Mitsui O.S.K. Lines Limited (MOL),Japan,MOL LNG Transport (Europe) Limited,United Kingdom,LNG Harmonia Shipping Corporation,Marshall Islands,-,-,-,-,9885996,538009374,26.50,2021,-,-,-,-,-,-,-,12V50DF,Assuranceforeningen Gard,BV (provisional),NK (provisional), (provisional),-,2024-09-05T00:00:00,2021-07-01T00:00:00,-,2026-07-25T00:00:00,2026-07-25T00:00:00,Northern Marine Management Limited,United Kingdom,Northern Marine Management Limited,United Kingdom,SGSIN - PWBGB,-,A,02 Jun 2026 08:46:21 GMT,02 Jun 2026 00:00:00 GMT,MOL LNG Transport (Europe) Limited,United Kingdom,"1° 17' 49"" N","103° 39' 25"" E",1,"1 day, 11 hours"
Orion Monet,Liquefied Natural Gas Carrier,South Korea,Samsung Shipbuilding & Heavy Industries Company Limited,13051954,Live,France,34459,"LNG VLGC, 100'-200'cbm",88779,Double Hull,FMXD,114864,2319,293.16,286.00,-,45.80,12.02,14.18,Unknown Engine Designer,Marseilles,-,Orion Global Transport France SAS,France,Orion Global Transport France SAS,France,SNC Stella Lease,France,Cheniere Energy Incorporated,United States of America,-,-,9888766,228451800,26.20,2022,-,-,-,-,-,-,-,12V50DF,Assuranceforeningen Gard,Lloyds Register,-,-,2025-02-25T00:00:00,-,-,-,2027-03-31T00:00:00,2027-03-31T00:00:00,Bernhard Schulte Shipmanagement (Hellas) SPLLC,Greece,Bernhard Schulte Shipmanagement (Hellas) SPLLC,Greece,GIGIB,Gibraltar,A,03 Jun 2026 11:56:52 GMT,04 Jun 2026 08:00:00 GMT,Orion Global Transport France SAS,France,"36° 52' 13"" N","0° 5' 51"" W",1,"1 day, 6 hours"
LNG Endeavour,Liquefied Natural Gas Carrier,South Korea,Samsung Shipbuilding & Heavy Industries Company Limited,13283906,Live,France,34622,"LNG VLGC, 100'-200'cbm",88798,Double Hull,FMPL,115408,2355,293.00,286.00,-,45.80,12.00,14.20,Unknown Engine Designer,Marseilles,-,Nippon Yusen Kabushiki Kaisha (NYK Line) (Nippon Yusen Kaisha),Japan,Nippon Yusen Kabushiki Kaisha (NYK Line) (Nippon Yusen Kaisha),Japan,Delphine LNG Shipping SAS,France,Gazocean S.A.,France,-,-,9893606,228408700,26.20,2021,-,-,-,-,-,-,-,12V50DF,U.K. Mutual Steam Ship Assurance Association (Bermuda) Ltd,BV (provisional), (provisional), (provisional),-,2024-09-25T00:00:00,2021-10-01T00:00:00,-,2026-10-19T00:00:00,2026-10-19T00:00:00,Gazocean S.A.,France,Gazocean S.A.,France,SG SIN,-,A,03 Jun 2026 12:02:31 GMT,03 Jun 2026 06:30:00 GMT,Nippon Yusen Kabushiki Kaisha (NYK Line) (Nippon Yusen Kaisha),Japan,"1° 11' 22"" N","103° 40' 50"" E",1,"1 day, 7 hours"
Vivirt City LNG,Liquefied Natural Gas Carrier,South Korea,HD Hyundai Samho Company Limited,13363612,Live,Liberia,34889,"LNG VLGC, 100'-200'cbm",92854,Double Hull,5LBB6,116299,8025,299.00,291.00,-,46.40,11.50,9.67,Unknown Engine Designer,Monrovia,-,Hahn & Company,Republic of Korea,H-Line Shipping Company Limited,Republic of Korea,Triton 3 SA,Liberia,Vitol International Shipping Private Limited,Republic of Singapore,-,-,9895238,636020860,21.17,2021,-,-,-,-,-,-,-,12V50DF,"Britannia Steam Ship Insurance Association Ltd., The",American Bureau,Korean Register,-,-,-,-,-,2026-12-05T00:00:00,2026-12-05T00:00:00,H-Line Shipping Company Limited,Republic of Korea,H-Line Shipping Company Limited,Republic of Korea,INDAH,Dahej,A,03 Jun 2026 11:48:29 GMT,18 Jun 2026 18:31:00 GMT,H-Line Shipping Company Limited,Republic of Korea,"20° 37' 26"" S","5° 9' 45"" W",1,"1 day, 5 hours"
Santander Knutsen,Liquefied Natural Gas Carrier,South Korea,HD Hyundai Samho Company Limited,13371895,Live,Norway (Int. Register),34254,"LNG VLGC, 100'-200'cbm",95548,Double Hull,LAQZ8,114180,8091,298.97,291.00,-,46.40,12.50,8.52,Winterthur Gas & Diesel Limited (WinGD),Haugesund,-,China Merchants Bank (CMB),People's Republic of China,CMB Financial Leasing Company Limited,People's Republic of China,Oriental Leasing 17 Company Limited,Republic of Ireland,Knutsen OAS Shipping AS,Norway,-,-,9904170,259147000,21.02,2022,-,-,-,-,-,-,-,5X72DF,Assuranceforeningen Skuld,LR (provisional), (provisional), (provisional),2024-11-01T00:00:00,-,-,-,2027-06-15T00:00:00,2027-06-15T00:00:00,Knutsen OAS Shipping AS,Norway,Knutsen OAS Shipping AS,Norway,AUASB,Ashburton,A,03 Jun 2026 12:02:01 GMT,07 Jun 2026 07:00:00 GMT,CMB Financial Leasing Company Limited,People's Republic of China,"4° 26' 16"" S","117° 44' 43"" E",1,"1 day, 6 hours"
Huelva Knutsen,Liquefied Natural Gas Carrier,South Korea,HD Hyundai Samho Company Limited,13371900,Live,Norway (Int. Register),34254,"LNG VLGC, 100'-200'cbm",95548,Double Hull,LARB8,114180,8094,298.97,291.00,-,46.40,12.50,8.52,Winterthur Gas & Diesel Limited (WinGD),Haugesund,-,China Merchants Bank (CMB),People's Republic of China,CMB Financial Leasing Company Limited,People's Republic of China,Oriental Leasing 65 Company Limited,Republic of Ireland,Knutsen OAS Shipping AS,Norway,-,-,9904209,259148000,21.02,2022,-,-,-,-,-,-,-,5X72DF,Assuranceforeningen Skuld,LR (provisional), (provisional), (provisional),2024-12-06T00:00:00,-,-,-,2027-10-11T00:00:00,2027-10-11T00:00:00,Knutsen OAS Shipping AS,Norway,Knutsen OAS Shipping AS,Norway,SG SIN,Singapore,A,03 Jun 2026 12:03:04 GMT,08 Jun 2026 06:00:00 GMT,CMB Financial Leasing Company Limited,People's Republic of China,"9° 50' 42"" S","78° 3' 36"" E",2,"2 days, 14 hours"
Global Sealine,Liquefied Natural Gas Carrier,South Korea,Hanwha Ocean Company Limited,13378942,Live,Marshall Islands,34674,"LNG VLGC, 100'-200'cbm",93080,Double Hull,V7A4694,115579,2503,294.90,288.50,46.44,46.40,12.50,14.00,Unknown Engine Designer,Majuro,-,Industrial and Commercial Bank of China Limited (ICBC),People's Republic of China,ICBC Financial Leasing Company Limited,People's Republic of China,Hai Kuo Shipping 2219G Limited,"Hong Kong, S.A.R., China",Nakilat Shipping (Qatar) Limited  (NSQL),State of Qatar,-,-,9880477,538009406,26.50,2022,-,-,-,-,-,-,-,12V50DF,NorthStandard,DNV,-,-,-,-,-,-,2027-01-24T00:00:00,2027-01-24T00:00:00,Nakilat Shipping (Qatar) Limited  (NSQL),State of Qatar,Nakilat Shipping (Qatar) Limited  (NSQL),State of Qatar,ATLANTIC FOR ORDERS,Atlantic Field,A,03 Jun 2026 12:02:06 GMT,27 Jun 2026 09:00:00 GMT,ICBC Financial Leasing Company Limited,People's Republic of China,"19° 31' 49"" S","61° 14' 41"" E",1,"1 day, 7 hours"
Rex Tillerson,Liquefied Natural Gas Carrier,China,Hudong-Zhonghua Shipbuilding (Group) Company Limited,13407903,Live,Liberia,37174,"LNG VLGC, 100'-200'cbm",93076,Double Bottom,5LPT9,115480,H1790A,299.00,291.00,45.00,45.00,11.50,8.36,Wartsila Corporation,Monrovia,-,Mitsui O.S.K. Lines Limited (MOL),Japan,Mitsui O.S.K. Lines Limited (MOL),Japan,Oryx LNG No 1 Shipping Corporation,Liberia,Qatar Energy (QE),State of Qatar,-,-,9953248,636023860,20.84,2024,-,-,-,-,-,-,-,6X72DF,Japan Shipowners Mutual Protection & Indemnity Association,China Classification,American Bureau,-,-,-,-,-,2029-09-11T00:00:00,2029-09-11T00:00:00,MOL Global Ship Management Private Limited,Republic of Singapore,MOL Global Ship Management Private Limited,Republic of Singapore,TW TXG>AU GLT,Gladstone,A,03 Jun 2026 12:02:03 GMT,04 Jun 2026 14:14:00 GMT,Mitsui O.S.K. Lines Limited (MOL),Japan,"18° 37' 29"" S","152° 59' 33"" E",1,"1 day, 6 hours"
Limail,Liquefied Natural Gas Carrier,China,Hudong-Zhonghua Shipbuilding (Group) Company Limited,13407962,Live,Liberia,37174,"LNG VLGC, 100'-200'cbm",92982,Double Bottom,5LOH5,115480,H1793A,299.00,291.00,45.00,45.00,11.50,8.36,Wartsila Corporation,Monrovia,-,Mitsui O.S.K. Lines Limited (MOL),Japan,Mitsui O.S.K. Lines Limited (MOL),Japan,Oryx LNG No 4 Shipping Corporation,Liberia,Qatar Liquefied Gas Company Limited,State of Qatar,-,-,9953274,636023560,20.84,2025,-,-,-,-,-,-,-,6X72DF,Assuranceforeningen Gard,China Classification,American Bureau,-,-,-,-,-,2030-01-16T00:00:00,2030-01-16T00:00:00,MOL Global Ship Management Private Limited,Republic of Singapore,MOL Global Ship Management Private Limited,Republic of Singapore,KRINC,Incheon,A,03 Jun 2026 11:41:21 GMT,30 Jun 2026 00:01:00 GMT,Mitsui O.S.K. Lines Limited (MOL),Japan,"23° 29' 53"" S","4° 57' 23"" W",1,"1 day, 6 hours"
Ferrol Knutsen,Liquefied Natural Gas Carrier,South Korea,HD Hyundai Samho Company Limited,13448450,Live,France,34254,"LNG VLGC, 100'-200'cbm",95548,Double Hull,FMRR,114180,8095,298.97,291.00,46.40,46.40,26.30,0.20,Winterthur Gas & Diesel Limited (WinGD),-,-,TS Shipping Invest AS,Norway,Knutsen OAS Shipping AS,Norway,Caroline 85 SASU,France,Shell International Trading & Shipping Company Limited (STASCO),United Kingdom,-,-,9918145,228420700,26.50,2023,-,-,-,-,-,-,-,5X72DF,Assuranceforeningen Skuld,Lloyds Register,-,-,2025-05-27T00:00:00,-,-,-,2028-01-11T00:00:00,2028-01-11T00:00:00,Knutsen OAS Shipping AS,Norway,Knutsen OAS Shipping AS,Norway,FOR ORDERS,Singapore,A,03 Jun 2026 11:57:02 GMT,22 Jun 2026 11:00:00 GMT,Knutsen OAS Shipping AS,Norway,"3° 3' 40"" N","100° 46' 6"" E",2,"2 days, 14 hours"
New Brave,Liquefied Natural Gas Carrier,South Korea,HD Hyundai Heavy Industries Company Limited,13558447,Live,Liberia,34254,"LNG VLGC, 100'-200'cbm",95819,Double Hull,5LQO5,114221,3221,299.00,291.00,46.40,46.40,12.50,8.52,Winterthur Gas & Diesel Limited (WinGD),Monrovia,-,Harim Holdings Company Limited,Republic of Korea,Pan Ocean Company Limited,Republic of Korea,POS Maritime FF SA,Liberia,Shell International Trading & Shipping Company Limited (STASCO),United Kingdom,-,-,9926908,636024019,21.02,2024,-,-,-,-,HD Hyundai Heavy Industries Company Limited,-,-,5X72DF,U.K. Mutual Steam Ship Assurance Association (Bermuda) Ltd,DNV,Korean Register,-,-,-,-,-,2029-08-11T00:00:00,2029-08-11T00:00:00,POS SM Company Limited,Republic of Korea,POS SM Company Limited,Republic of Korea,GRREV,Revithoussa,A,03 Jun 2026 12:03:53 GMT,05 Jun 2026 04:00:00 GMT,Pan Ocean Company Limited,Republic of Korea,"36° 55' 38"" N","12° 27' 45"" E",3,"3 days, 17 hours"
Maran Gas Kastelorizo,Liquefied Natural Gas Carrier,South Korea,Hanwha Ocean Company Limited,13826513,Live,Greece,35105,"LNG VLGC, 100'-200'cbm",93087,Double Bottom,SVDW6,115118,2529,294.90,285.60,46.40,46.40,11.50,15.00,MAN Diesel AS,Piraeus,-,Angelicoussis Shipping Group Limited,Greece,Maran Gas Maritime Incorporated,Greece,Nagea Maritime Corporation,Greece,-,-,-,-,9956408,241907000,26.50,2024,-,-,-,-,-,-,-,5G70ME-C9-GI,NorthStandard,American Bureau,-,-,-,-,-,-,2029-11-28T00:00:00,2029-11-28T00:00:00,-,-,Maran Gas Maritime Incorporated,Greece,FOR ORDERS,-,A,03 Jun 2026 12:04:03 GMT,11 Jun 2026 11:00:00 GMT,Maran Gas Maritime Incorporated,Greece,"17° 49' 14"" N","18° 17' 35"" W",1,"1 day, 7 hours"
New Green,Liquefied Natural Gas Carrier,South Korea,HD Hyundai Heavy Industries Company Limited,13833713,Live,Liberia,34267,"LNG VLGC, 100'-200'cbm",95746,Double Hull,5LSE8,114221,3224,299.00,291.00,46.40,46.40,12.50,8.52,Winterthur Gas & Diesel Limited (WinGD),Monrovia,-,Harim Holdings Company Limited,Republic of Korea,Pan Ocean Company Limited,Republic of Korea,POS Maritime HF SA,Liberia,Shell International Trading & Shipping Company Limited (STASCO),United Kingdom,-,-,9947500,636024356,21.02,2024,-,-,-,-,MAN Energy Solutions SE,-,-,5X72DF,NorthStandard,DNV,Korean Register,-,-,-,-,-,2029-10-31T00:00:00,2029-10-31T00:00:00,POS SM Company Limited,Republic of Korea,POS SM Company Limited,Republic of Korea,FOR ORDER,-,A,03 Jun 2026 11:47:40 GMT,08 Jun 2026 13:00:00 GMT,Pan Ocean Company Limited,Republic of Korea,"54° 7' 29"" N","135° 3' 35"" W",2,8 minutes
Greenergy Pearl,Liquefied Natural Gas Carrier,China,Hudong-Zhonghua Shipbuilding (Group) Company Limited,13851441,Live,Singapore,37174,"LNG VLGC, 100'-200'cbm",93627,Double Bottom,9V8592,115148,H1881A,299.00,291.00,46.40,46.40,11.50,14.75,Winterthur Gas & Diesel Limited (WinGD),Singapore,-,Bank of Communications Company Limited,People's Republic of China,Bocom Leasing Management Hong Kong Company Limited,"Hong Kong, S.A.R., China",Xingtong International Ship Lease Private Limited,Republic of Singapore,Mitsui O.S.K. Lines Limited (MOL),Japan,-,-,9961489,563234600,26.25,2024,-,-,-,-,-,-,-,5X72DF,Assuranceforeningen Skuld,CS (provisional),AB (provisional), (provisional),-,-,-,-,2029-12-22T00:00:00,2029-12-22T00:00:00,MOL Global Ship Management Private Limited,Republic of Singapore,MOL Global Ship Management Private Limited,Republic of Singapore,IN DAH,-,A,03 Jun 2026 11:56:31 GMT,01 Jun 2026 22:16:00 GMT,Bocom Leasing Management Hong Kong Company Limited,"Hong Kong, S.A.R., China","21° 40' 12"" N","72° 30' 35"" E",1,"1 day, 6 hours"
Maran Gas Syros,Liquefied Natural Gas Carrier,South Korea,Hanwha Ocean Company Limited,13851449,Live,Greece,35105,"LNG VLGC, 100'-200'cbm",92600,Double Hull,SVEA4,115118,2537,294.90,288.50,46.40,46.40,12.50,14.00,MAN Diesel AS,-,-,Angelicoussis Shipping Group Limited,Greece,Maran Gas Maritime Incorporated,Greece,Jainblue Shiptrade Incorporated,Greece,-,-,-,-,9961398,241001000,26.50,2025,-,-,-,-,Doosan Engine Company Limited,-,-,5G70ME-C9-GI,NorthStandard,Lloyds Register,-,-,-,-,-,-,2030-10-09T00:00:00,2030-10-09T00:00:00,Maran Gas Maritime Incorporated,Greece,Maran Gas Maritime Incorporated,Greece,FOR ORDERS,-,A,03 Jun 2026 12:00:04 GMT,11 Jun 2026 22:00:00 GMT,Maran Gas Maritime Incorporated,Greece,"10° 54' 31"" S","122° 13' 24"" E",2,"2 days, 20 hours"
Puteri Selangor,Liquefied Natural Gas Carrier,South Korea,HD Hyundai Samho Company Limited,13854588,Live,Liberia,33153,"LNG VLGC, 100'-200'cbm",94409,Double Hull,5LQX3,110511,8188,289.97,281.30,-,46.10,12.50,13.80,Unknown Engine Designer,Monrovia,-,Bank of Communications Company Limited,People's Republic of China,Bocom Leasing Management Hong Kong Company Limited,"Hong Kong, S.A.R., China",Taitong International Ship Lease Company Limited,"Hong Kong, S.A.R., China",SK Shipping Company Limited,Republic of Korea,-,-,9976109,636024084,26.30,2025,-,-,-,-,-,-,-,12V50DF,"Britannia Steam Ship Insurance Association Ltd., The",BV (provisional),KR (provisional), (provisional),-,-,2025-07-01T00:00:00,-,2030-07-24T00:00:00,2030-07-24T00:00:00,SK Shipping Company Limited,Republic of Korea,SK Shipping Company Limited,Republic of Korea,KR PUS,Busan,A,03 Jun 2026 12:01:23 GMT,04 Jun 2026 01:00:00 GMT,Bocom Leasing Management Hong Kong Company Limited,"Hong Kong, S.A.R., China","34° 50' 52"" N","129° 51' 43"" E",2,"2 days, 16 hours"
Woodside Jirrubakura,Liquefied Natural Gas Carrier,South Korea,Hanwha Ocean Company Limited,13857186,Live,Bermuda,35105,"LNG VLGC, 100'-200'cbm",93649,Single,ZCHG4,115183,2534,294.90,285.60,46.40,46.40,11.50,15.00,MAN Diesel AS,Hamilton,-,China Merchants Bank (CMB),People's Republic of China,CMB Financial Leasing Company Limited,People's Republic of China,Sea 313 Leasing Company Ltd,"Hong Kong, S.A.R., China",-,-,-,-,9962421,310852000,26.50,2025,-,-,-,-,-,-,-,5G70ME-C10-GI,"Britannia Steam Ship Insurance Association Ltd., The",American Bureau,-,-,-,-,-,-,2030-09-24T00:00:00,2030-09-24T00:00:00,-,-,CMB Financial Leasing Company Limited,People's Republic of China,AUASB,Ashburton,A,03 Jun 2026 12:00:24 GMT,05 Jun 2026 07:00:00 GMT,CMB Financial Leasing Company Limited,People's Republic of China,"20° 6' 31"" S","115° 46' 18"" E",1,"1 day, 10 hours"
Gaslog Italy,Liquefied Natural Gas Carrier,South Korea,Hanwha Ocean Company Limited,13858858,Live,Bermuda,35105,"LNG VLGC, 100'-200'cbm",93570,Single,ZCHF5,115204,2532,294.90,285.60,46.40,46.40,11.50,15.00,MAN Diesel AS,Hamilton,-,China Merchants Bank (CMB),People's Republic of China,CMB Financial Leasing Company Limited,People's Republic of China,Sea 311 Leasing Company Limited,"Hong Kong, S.A.R., China",Gaslog LNG Services Limited,Greece,-,-,9962407,310849000,26.50,2024,-,-,-,-,-,-,-,5G70ME-C10-GI,"Britannia Steam Ship Insurance Association Ltd., The",American Bureau,-,-,-,-,-,-,2029-08-22T00:00:00,2029-08-22T00:00:00,-,-,CMB Financial Leasing Company Limited,People's Republic of China,NGBON,Bonny,A,03 Jun 2026 12:02:00 GMT,06 Jun 2026 23:01:00 GMT,CMB Financial Leasing Company Limited,People's Republic of China,"6° 30' 11"" S","6° 5' 55"" E",1,"1 day, 6 hours"
Puteri Sarawak,Liquefied Natural Gas Carrier,Ulsan,HD Hyundai Samho Company Limited,13907756,Live,Liberia,33153,"LNG VLGC, 100'-200'cbm",94409,Double Hull,5LQX2,110511,3371,289.90,281.30,-,46.10,12.50,13.80,Unknown Engine Designer,Monrovia,-,CCB (China Construction Bank) Financial Leasing Company Limited,People's Republic of China,CCB Marine Corporation Limited,"Hong Kong, S.A.R., China",Compass Shipping 98 Corporation Limited,"Hong Kong, S.A.R., China",-,-,-,-,9975533,636024083,26.30,2025,-,-,-,-,-,-,-,12V50DF,"Britannia Steam Ship Insurance Association Ltd., The",Korean Register,Bureau Veritas,-,-,-,-,-,2030-03-30T00:00:00,2030-03-30T00:00:00,SK Shipping Company Limited,Republic of Korea,SK Shipping Company Limited,Republic of Korea,CA KTM,-,A,03 Jun 2026 11:48:37 GMT,18 Jun 2026 10:00:00 GMT,CCB Marine Corporation Limited,"Hong Kong, S.A.R., China","39° 37' 53"" N","165° 59' 4"" E",2,"3 days, 15 hours"
HL Alyssa Warner,Liquefied Natural Gas Carrier,South Korea,Samsung Shipbuilding & Heavy Industries Company Limited,13907762,Live,Liberia,34703,"LNG VLGC, 100'-200'cbm",80000,Double Hull,5LVG2,115677,2607,290.00,284.50,-,45.80,12.00,8.74,Unknown Engine Designer,Monrovia,-,Hahn & Company,Republic of Korea,H-Line Shipping Company Limited,Republic of Korea,Neptune 1 SA,Liberia,ExxonMobil Corporation,United States of America,-,-,9972359,636024983,20.74,2025,-,-,-,-,-,-,-,12V50DF,"Britannia Steam Ship Insurance Association Ltd., The",Korean Register,Lloyds Register,-,-,-,-,-,2030-03-30T00:00:00,2030-03-30T00:00:00,Northern Marine Management Limited,United Kingdom,Northern Marine Management Limited,United Kingdom,SG OLNG 1,-,A,03 Jun 2026 12:02:59 GMT,02 Jun 2026 23:00:00 GMT,H-Line Shipping Company Limited,Republic of Korea,"1° 14' 2"" N","103° 40' 17"" E",1,"1 day, 8 hours"
Athos LNG,Liquefied Natural Gas Carrier,South Korea,Samsung Shipbuilding & Heavy Industries Company Limited,13907776,Live,Liberia,34715,"LNG VLGC, 100'-200'cbm",80000,Double Bottom,5LPS7,115718,2635,290.00,284.50,45.80,45.80,11.50,9.24,Unknown Engine Designer,Monrovia,-,SBI Holdings Incorporated,Japan,SBI Leasing Services Company Limited,Japan,LS-LBR 11 Company Limited,Liberia,Osaka Gas International Transport Incorporated,Japan,-,-,9972672,636023851,20.74,2024,-,-,-,-,-,-,-,12V50DF,Assuranceforeningen Gard,American Bureau,-,-,-,-,-,-,2029-09-29T00:00:00,2029-09-29T00:00:00,TMS Cardiff Gas Limited,Greece,TMS Cardiff Gas Limited,Greece,SGSIN PWGBA,-,A,03 Jun 2026 12:00:06 GMT,02 Jun 2026 23:30:00 GMT,SBI Leasing Services Company Limited,Japan,"1° 11' 51"" N","103° 39' 53"" E",1,"1 day, 6 hours"
Puteri Mahsuri,Liquefied Natural Gas Carrier,Ulsan,HD Hyundai Heavy Industries Company Limited,13911848,Live,Marshall Islands,33099,"LNG VLGC, 100'-200'cbm",93414,Double Hull,V7A6228,110331,3298,289.97,281.30,-,46.10,12.50,13.80,Winterthur Gas & Diesel Limited (WinGD),Majuro,-,Bank of Communications Company Limited,People's Republic of China,Bocom Leasing Management Hong Kong Company Limited,"Hong Kong, S.A.R., China",Xiang H136 International Ship Lease Company Limited,"Hong Kong, S.A.R., China",Hyundai LNG Shipping Company Limited,Republic of Korea,-,-,9947603,538010570,26.30,2024,-,-,-,-,HD Hyundai Heavy Industries Company Limited,-,-,5X72DF,Steamship Mutual Underwriting Association (Bermuda) Ltd,BV (provisional),LR (provisional), (provisional),-,-,2024-10-01T00:00:00,-,2029-10-03T00:00:00,2029-10-03T00:00:00,Hyundai LNG Shipping Company Limited,Republic of Korea,Hyundai LNG Shipping Company Limited,Republic of Korea,CAKTM,-,A,03 Jun 2026 12:01:51 GMT,31 May 2026 16:00:00 GMT,Bocom Leasing Management Hong Kong Company Limited,"Hong Kong, S.A.R., China","53° 59' 55"" N","128° 40' 60"" W",2,"2 days, 12 hours"
Puteri Mayang,Liquefied Natural Gas Carrier,Ulsan,HD Hyundai Heavy Industries Company Limited,13911850,Live,Marshall Islands,33099,"LNG VLGC, 100'-200'cbm",93414,Double Hull,V7A6229,110331,3299,289.90,281.30,-,46.10,12.50,13.80,Winterthur Gas & Diesel Limited (WinGD),Majuro,-,Bank of Communications Company Limited,People's Republic of China,Bocom Leasing Management Hong Kong Company Limited,"Hong Kong, S.A.R., China",Xiang H137 International Ship Lease Company Limited,"Hong Kong, S.A.R., China",Hyundai LNG Shipping Company Limited,Republic of Korea,-,-,9947615,538010571,26.30,2025,-,-,-,-,HD Hyundai Heavy Industries Company Limited,-,-,5X72DF,"Britannia Steam Ship Insurance Association Ltd., The",Korean Register,DNV,-,-,-,-,-,2030-01-09T00:00:00,2030-01-09T00:00:00,Hyundai LNG Shipping Company Limited,Republic of Korea,Hyundai LNG Shipping Company Limited,Republic of Korea,QINGDAO,Qingdao,A,03 Jun 2026 12:00:42 GMT,07 Jun 2026 00:01:00 GMT,Bocom Leasing Management Hong Kong Company Limited,"Hong Kong, S.A.R., China","19° 8' 56"" N","120° 14' 12"" E",3,"1 day, 11 hours"
Elisa Ardea,Liquefied Natural Gas Carrier,South Korea,HD Hyundai Samho Company Limited,13914826,Live,France,35625,"LNG VLGC, 100'-200'cbm",95120,Double Hull,FMZP,118753,8049,297.23,291.00,-,46.40,12.50,14.00,Unknown Engine Designer,Marseilles,-,Nippon Yusen Kabushiki Kaisha (NYK Line) (Nippon Yusen Kaisha),Japan,Nippon Yusen Kabushiki Kaisha (NYK Line) (Nippon Yusen Kaisha),Japan,Violette LNG Shipping SAS,France,-,-,-,-,9980540,228465700,26.50,2024,-,-,-,-,-,-,-,12V50DF,Assuranceforeningen Gard,BV (provisional), (provisional), (provisional),-,-,2024-12-01T00:00:00,-,2029-12-02T00:00:00,2029-12-02T00:00:00,-,-,Nippon Yusen Kabushiki Kaisha (NYK Line) (Nippon Yusen Kaisha),Japan,US XXX,Stamford,A,03 Jun 2026 11:40:05 GMT,01 Jul 2026 17:00:00 GMT,Nippon Yusen Kabushiki Kaisha (NYK Line) (Nippon Yusen Kaisha),Japan,"13° 40' 23"" S","66° 29' 5"" E",3,"3 days, 17 hours"
Elisa Halcyon,Liquefied Natural Gas Carrier,South Korea,HD Hyundai Samho Company Limited,13916416,Live,France,35625,"LNG VLGC, 100'-200'cbm",95418,Double Hull,FOLI,110000,8174,297.23,291.00,-,46.40,12.50,14.00,Winterthur Gas & Diesel Limited (WinGD),Marseilles,-,Nippon Yusen Kabushiki Kaisha (NYK) And Geogas LNG,France,France LNG Shipping SAS,France,SNC Van Gogh Bail,France,EDF LNG Shipping Limited,France,-,-,9980552,228488900,26.50,2025,-,-,-,-,Winterthur Gas & Diesel Limited (WinGD),32250,43248,5X72DF,Assuranceforeningen Gard,BV (provisional), (provisional), (provisional),-,-,2025-10-01T00:00:00,-,2030-10-30T00:00:00,2030-10-30T00:00:00,Gazocean S.A.,France,Gazocean S.A.,France,TTPTF,Galveston,A,03 Jun 2026 11:58:31 GMT,01 Jun 2026 13:00:00 GMT,France LNG Shipping SAS,France,"10° 11' 29"" N","61° 41' 52"" W",1,"1 day, 5 hours"
Archy Vanguard,Liquefied Natural Gas Carrier,South Korea,Hanwha Ocean Company Limited,13916842,Live,Marshall Islands,34608,"LNG VLGC, 100'-200'cbm",94655,Single,V7A7124,115889,2550,294.90,285.60,-,46.40,12.50,14.00,Unknown Engine Designer,Majuro,-,Mitsui O.S.K. Lines Limited (MOL),Japan,MOL Energia Private Limited,Republic of Singapore,MOL Encean Private Limited,Republic of Singapore,-,-,-,-,9970674,538011431,26.50,2025,-,-,-,-,-,-,-,12V50DF,U.K. Mutual Steam Ship Assurance Association (Bermuda) Ltd,-,Nippon Kaiji Kyokai,-,-,-,2025-09-01T00:00:00,-,2030-09-29T00:00:00,2030-09-29T00:00:00,MOL Global Ship Management Private Limited,Republic of Singapore,MOL Global Ship Management Private Limited,Republic of Singapore,NORTH AUSTRALIA,Kawasaki,A,03 Jun 2026 11:46:41 GMT,11 Jul 2026 00:01:00 GMT,MOL Energia Private Limited,Republic of Singapore,"15° 28' 28"" N","127° 45' 45"" E",1,"1 day, 9 hours"
Umm Swayyah,Liquefied Natural Gas Carrier,South Korea,Hanwha Ocean Company Limited,13916845,Live,Liberia,34494,"LNG VLGC, 100'-200'cbm",94325,Single,5LTD6,114983,2547,294.90,285.60,-,46.40,12.50,14.00,MAN Energy Solutions SE,Monrovia,-,"K3 Consortium ((H-Line, SK Shipping, Pan Ocean)",Republic of Korea,"K3 Consortium ((H-Line, SK Shipping, Pan Ocean)",Republic of Korea,KCP 1 SA,Liberia,Qatar Liquefied Gas Company Limited,State of Qatar,-,-,9976915,636024551,26.50,2025,-,-,-,-,-,24090,32305,5G70ME-C10.5-GA,NorthStandard,BV (provisional),KR (provisional), (provisional),-,-,2025-01-01T00:00:00,-,2030-01-06T00:00:00,2030-01-06T00:00:00,POS SM Company Limited,Republic of Korea,POS SM Company Limited,Republic of Korea,OPEN Q FERRY,-,A,03 Jun 2026 11:09:06 GMT,10 Jun 2026 22:00:00 GMT,"K3 Consortium ((H-Line, SK Shipping, Pan Ocean)",Republic of Korea,"36° 24' 15"" N","64° 11' 26"" W",1,"1 day, 8 hours"
Puteri Terengganu,Liquefied Natural Gas Carrier,South Korea,HD Hyundai Samho Company Limited,13944723,Live,Liberia,33153,"LNG VLGC, 100'-200'cbm",80690,Single,5LQW7,110511,8189,289.97,281.30,-,46.10,12.50,13.80,Unknown Engine Designer,Monrovia,-,Bank of Communications Company Limited,People's Republic of China,Bocom Leasing Management Hong Kong Company Limited,"Hong Kong, S.A.R., China",Tairui International Ship Lease Company Limited,"Hong Kong, S.A.R., China",SK Shipping Company Limited,Republic of Korea,-,-,9976111,636024080,26.30,2025,-,-,-,-,-,-,-,12V50DF,"Britannia Steam Ship Insurance Association Ltd., The",BV (provisional),KR (provisional), (provisional),-,-,2025-08-01T00:00:00,-,2030-08-30T00:00:00,2030-08-30T00:00:00,SK Shipping Company Limited,Republic of Korea,SK Shipping Company Limited,Republic of Korea,AUGLT,Gladstone,A,03 Jun 2026 11:57:58 GMT,13 Jun 2026 14:01:00 GMT,Bocom Leasing Management Hong Kong Company Limited,"Hong Kong, S.A.R., China","24° 47' 48"" N","126° 37' 29"" E",1,"1 day, 6 hours"
Puteri Pahang,Liquefied Natural Gas Carrier,South Korea,Samsung Heavy Industries Company Limited,14038511,Live,Liberia,35745,"LNG VLGC, 100'-200'cbm",89183,Double Hull,5LVR8,115251,2631,290.02,286.00,-,45.80,20.74,5.46,Unknown Engine Designer,Monrovia,-,Bank of Communications Company Limited,People's Republic of China,Bocom Leasing Management Hong Kong Company Limited,"Hong Kong, S.A.R., China",Xiang L39 HK International Ship Lease Company Limited,"Hong Kong, S.A.R., China",H-Line Shipping Company Limited,Republic of Korea,-,-,9974149,636025078,26.20,2025,-,-,-,-,-,-,-,12V50DF,"Britannia Steam Ship Insurance Association Ltd., The",Korean Register,Lloyds Register,-,-,-,-,-,2030-07-17T00:00:00,2030-07-17T00:00:00,H-Line Shipping Company Limited,Republic of Korea,H-Line Shipping Company Limited,Republic of Korea,MYBTU,"Bintulu, Sarawak",A,03 Jun 2026 11:51:54 GMT,07 Jun 2026 05:00:00 GMT,Bocom Leasing Management Hong Kong Company Limited,"Hong Kong, S.A.R., China","3° 28' 33"" N","112° 54' 14"" E",2,"2 days, 11 hours"
Woodsidescarletibis,Liquefied Natural Gas Carrier,South Korea,HD Hyundai Samho Company Limited,14228435,Live,Liberia,34438,"LNG VLGC, 100'-200'cbm",95846,Double Hull,5LQA4,114795,H8170,299.00,291.96,-,46.40,12.50,8.52,Unknown Engine Designer,Monrovia,-,Hyundai Glovis Company Limited,Republic of Korea,Hyundai Glovis Company Limited,Republic of Korea,GL NV36 Shipping Incorporated,Liberia,Woodside Energy Group Limited,Australia,-,-,9975040,636023910,21.02,2024,-,-,-,-,-,-,-,12V50DF,NorthStandard,DNV,Korean Register,-,-,-,-,-,2029-06-26T00:00:00,2029-06-26T00:00:00,G-Marine Service Company Limited (GMS),Republic of Korea,G-Marine Service Company Limited (GMS),Republic of Korea,AUDAM,Dampier,A,03 Jun 2026 11:58:22 GMT,07 Jun 2026 21:00:00 GMT,Hyundai Glovis Company Limited,Republic of Korea,"0° 13' 24"" N","126° 33' 43"" E",2,"2 days, 21 hours"
K.Jasmine,Liquefied Natural Gas Carrier,Okpo,Hanwha Ocean Company Limited,378953,Live,Panama,29258,"LNG VLGC, 100'-200'cbm",84935,Double Hull,3EPQ5,97529,2260,285.40,270.01,43.40,43.40,12.62,13.38,Kawasaki Heavy Industries Limited (Tokyo),Panama,-,Samra Midas (SM) Group,Republic of Korea,Korea LNG Trading Company Limited (KOLT),Republic of Korea,Kolt JV No.1 SA,Panama,-,-,-,-,9373008,352906000,26.00,2008,-,Alfa Laval Aalborg A/S,Unknown,Unknown,Kawasaki Heavy Industries Limited Shipbuilding Division,28460,38165,UA-400,U.K. Mutual Steam Ship Assurance Association (Bermuda) Ltd,Lloyds Register,Korean Register,-,2026-05-18T00:00:00,-,2023-05-24T00:00:00,-,2028-05-08T00:00:00,2028-05-08T00:00:00,KLC SM Company Limited,Republic of Korea,KLC SM Company Limited,Republic of Korea,KRINC,Incheon,A,03 Jun 2026 12:03:52 GMT,04 Jun 2026 23:00:00 GMT,Korea LNG Trading Company Limited (KOLT),Republic of Korea,"34° 21' 22"" N","128° 51' 19"" E",1,"1 day, 8 hours"
