Name,LLI Vessel Type,Built At,Built By,LLI NO,Status,Flag,Net Weight,Vessel Type and Size,DWT,Hull Type,Call Sign,Gross Tonnes,Yard Number,Length Overall (m),Length Between Perpendicular (m),Breadth Extreme (m),Breadth Moulded (m),Maximum Draught (m),Freeboard (m),Designed By,Port Of Registry,TEU Capacity,Beneficial Owner,Beneficial Owner Country/Region,Commercial Operator,Commercial Operator Country/Region,Registered Owner,Registered Owner Country/Region,Third Party Operator,Third Party Operator Country/Region,Nominal Owner,Nominal Owner Country/Region,IMO,MMSI,Depth (m),Built,Scrubber installation type,Scrubber manufacturer,Scrubber operating arrangement,Scrubber type,Engine Built By,Engine Power (kW),Engine Horsepower,Engine Designation,P & I Club,Class 1,Class 2,Class 3,Last docking survey date,Last intermediate survey date,Last special survey date,Last tailshaft survey date,Next Docking Survey Date,Next Special Survey Date,ISM Manager,ISM Manager Country/Region,Technical Manager,Technical Manager Country/Region,AIS Destination,Matched Destination,Latest AIS message type,Latest AIS message timestamp,AIS ETA,Company contact,Company contact Country/Region,Lat,Lng
Da Kun Shan,asphalt tanker,China,Gezhouba Group Shipyard,10013556,Live,"Hong Kong, S.A.R., China",1647,1'+ dwt,6162,Double Hull,VRTC8,5493,GMSC086,106.84,101.50,-,17.60,6.50,3.60,Yanmar Diesel Engine Company Limited,Hong Kong,-,Wideshine Enterprises Company Limited,People's Republic of China,Tianjin Southwest Maritime Limited (TSM),People's Republic of China,Ever Peace Maritime Limited,"Hong Kong, S.A.R., China",-,-,-,-,9567685,477455600,10.10,2009,-,-,-,-,Qingdao Zichai Boyang Diesel Engine Company Limited,3310,4497,8N330-EN,West of England Mutual Shipowners Protection & Indemnity Association (Luxemburg),Bureau Veritas,-,-,2024-09-01T00:00:00,2023-01-16T00:00:00,2025-07-01T00:00:00,2019-12-10T00:00:00,2029-08-31T00:00:00,2029-08-31T00:00:00,Tianjin Southwest Maritime Limited (TSM),People's Republic of China,Tianjin Southwest Maritime Limited (TSM),People's Republic of China,HONGKONG,Hong Kong,A,17 Aug 2026 14:12:16 GMT,19 Aug 2026 08:00:00 GMT,Tianjin Southwest Maritime Limited (TSM),People's Republic of China,"24° 41' 56"" N","119° 18' 16"" E"
Orange Star,fruit juice tanker,Split,Brodogradiliste Brodosplit Shipbuilding,10014384,Live,Liberia,10329,1'+ dwt,36994,Double Hull,A8WP6,34432,469,189.90,182.00,-,32.24,10.15,6.95,B&W Diesel A/S,Monrovia,-,Atlanship SA,Switzerland,Atlanship SA,Switzerland,North Sea Reefer Enterprise S.A.,Switzerland,-,-,-,-,9564384,636014800,17.10,2011,-,-,-,-,Brodosplit-Tvornica Dizel Motora d.o.o.,8600,11685,6S50MC-C,NorthStandard,Bureau Veritas,-,-,2026-03-16T00:00:00,2024-03-04T00:00:00,2026-03-01T00:00:00,2024-03-04T00:00:00,2031-02-17T00:00:00,2031-02-17T00:00:00,Atlanship SA,Switzerland,Atlanship SA,Switzerland,BRSSZ,Santos,A,17 Aug 2026 13:30:20 GMT,27 Aug 2026 08:00:00 GMT,Atlanship SA,Switzerland,"16° 41' 23"" N","51° 12' 11"" W"
Hanyu Empire,asphalt tanker,Nanjing,Nanjing Yonghua Shipbuilding Industry Company Limited,10016223,Live,South Korea,1745,1'+ dwt,5999,Double Hull,DSQP2,4387,YHSC-0710,102.40,95.00,-,17.00,7.02,1.88,HD Hyundai Heavy Industries Company Limited,Jeju,-,Hanyu Company Limited,Republic of Korea,Hanyu Company Limited,Republic of Korea,Hanyu Company Limited,Republic of Korea,-,-,-,-,9561112,441652000,8.90,2010,-,-,-,-,The Hanshin Diesel Works Limited,2620,3028,9H25/33P,Korea Shipowners Mutual Protection & Indemnity Association,Korean Register,-,-,-,-,-,-,2029-03-04T00:00:00,2029-03-04T00:00:00,Hanyu Company Limited,Republic of Korea,Hanyu Company Limited,Republic of Korea,"ULSAN,KR",Ulsan,A,17 Aug 2026 14:14:32 GMT,20 Aug 2026 08:30:00 GMT,Hanyu Company Limited,Republic of Korea,"28° 8' 56"" N","122° 44' 1"" E"
Vetor Quinto,wine tanker,Kyrksaetrora,Vaagen Verft Engineering AS,100174,Live,Italy,235,-1' dwt,944,Single,INVR,619,27,62.03,55.30,9.45,9.45,3.66,0.39,Deutz AG,Naples,-,Vetor S.r.l.,Italy,Vetor S.r.l.,Italy,Vetor S.r.l.,Italy,-,-,-,-,6360696,247222900,4.05,1963,-,-,-,-,Deutz AG,588,800,RBV6M545,-,RINA Services S.p.A.,-,-,-,-,2018-05-31T00:00:00,-,2028-05-31T00:00:00,2028-05-31T00:00:00,-,-,Vetor S.r.l.,Italy,MANFREDONIA>TREMITI,-,A,17 Aug 2026 14:14:02 GMT,17 Aug 2026 14:30:00 GMT,Vetor S.r.l.,Italy,"42° 6' 52"" N","15° 29' 39"" E"
Elizabeth 1,asphalt tanker,Haiphong,Haiphong PTS Shipbuilding Company Limited,10019771,Live,Indonesia,493,1'+ dwt,2107,Double Hull,YDWH3,1730,S-001,78.64,72.00,-,12.00,5.80,0.81,Akasaka Diesels Limited,Cilacap,-,PT Aspindo Bahari Luas,Indonesia,PT Aspindo Bahari Luas,Indonesia,PT Aspindo Bahari Luas,Indonesia,-,-,-,-,9540900,525801660,5.80,2009,-,-,-,-,Akasaka Diesels Limited,1765,2039,A34S,Hydor AS,RI (provisional), (provisional), (provisional),-,-,2010-03-01T00:00:00,-,2029-09-29T00:00:00,2029-09-29T00:00:00,PT Aspindo Bahari Luas,Indonesia,PT Aspindo Bahari Luas,Indonesia,CILACAP,Cilacap (Tjilatjap),A,17 Aug 2026 12:56:27 GMT,18 Aug 2026 12:00:00 GMT,PT Aspindo Bahari Luas,Indonesia,"8° 21' 26"" S","111° 9' 54"" E"
Bumi Sarana,asphalt tanker,Tokyo,Shin Kurushima Dockyard Company Limited,100360,Live,Indonesia,681,1'+ dwt,2506,Double Hull,-,1477,772,75.00,70.01,12.37,12.37,5.34,0.40,Daihatsu Diesel Manufacturing Company Limited,-,-,Rio Grande Company Limited,Japan,Rio Grande Company Limited,Japan,Rio Grande Shipping Overseas Corporation S.A.,Panama,-,-,-,-,7373559,-,5.74,1973,-,-,-,-,Daihatsu Diesel Manufacturing Company Limited,1491,2000,6DSM-32F,-,-,-,-,-,-,-,-,-,-,-,-,Rio Grande Company Limited,Japan,-,-,-,-,-,Rio Grande Company Limited,Japan,-,-
Athel,molasses tanker,Lowestoft,Richards (Shipbuilders) Limited,100365,Live,Trinidad & Tobago,302,1'+ dwt,1031,Single,9YFB,812,530,59.00,-,10.40,10.06,4.00,0.30,Mirrlees Blackstone Limited,-,-,Associated Marine Services Limited,Trinidad & Tobago,Associated Marine Services Limited,Trinidad & Tobago,Associated Marine Services Limited,Trinidad & Tobago,-,-,-,-,7413220,-,4.30,1977,-,-,-,-,Mirrlees Blackstone Limited,447,600,ESL6,-,-,-,-,-,-,-,-,-,-,-,-,Associated Marine Services Limited,Trinidad & Tobago,-,-,-,-,-,Associated Marine Services Limited,Trinidad & Tobago,-,-
Taira Maru,asphalt tanker,Yawatahama,Kurinoura Dockyard K.K.,10054231,Live,Japan,-,1'+ dwt,1435,Double Hull,JD2968,748,411,69.99,68.00,-,11.30,4.33,0.27,The Hanshin Diesel Works Limited,-,-,Taira Kisen K.K.,Japan,Taira Kisen K.K.,Japan,Taira Kisen K.K.,Japan,-,-,-,-,9553098,431001045,4.60,2009,-,-,-,-,The Hanshin Diesel Works Limited,1124,1800,LH30LG,-,-,-,-,-,-,-,-,-,-,-,-,Taira Kisen K.K.,Japan,>JP YKK/3  OFF,-,A,17 Aug 2026 14:13:09 GMT,13 Aug 2026 09:00:00 GMT,Taira Kisen K.K.,Japan,"34° 57' 19"" N","136° 38' 43"" E"
Fang Cheng Gang,asphalt tanker,Yichang,China Gezhouba Group Machinery & Ship Company Limited,10084354,Live,"Hong Kong, S.A.R., China",1647,1'+ dwt,6192,Double Hull,VRHQ6,5493,GMSC87,106.84,101.50,-,17.60,6.50,3.60,Yanmar Diesel Engine Company Limited,Hong Kong,-,Wideshine Enterprises Company Limited,People's Republic of China,Fangchenggang Southwest Maritime Limited,People's Republic of China,United Rich Maritime Limited,"Hong Kong, S.A.R., China",-,-,-,-,9571674,477963300,10.10,2010,-,-,-,-,Qingdao Zichai Boyang Diesel Engine Company Limited,3310,4497,8N330-EN,West of England Mutual Shipowners Protection & Indemnity Association (Luxemburg),Bureau Veritas,-,-,2025-04-15T00:00:00,2022-07-12T00:00:00,2025-04-01T00:00:00,2015-04-21T00:00:00,2030-04-25T00:00:00,2030-04-25T00:00:00,Tianjin Southwest Maritime Limited (TSM),People's Republic of China,Tianjin Southwest Maritime Limited (TSM),People's Republic of China,PWBGA SINGAPORE,-,A,17 Aug 2026 14:15:29 GMT,15 Aug 2026 03:00:00 GMT,Fangchenggang Southwest Maritime Limited,People's Republic of China,"1° 14' 58"" N","103° 42' 57"" E"
Erica 10,asphalt tanker,Wenling,Zhejiang Tianshi Shipbuilding Company Limited,10088103,Live,Indonesia,1717,1'+ dwt,5869,Double Hull,YCHV,4126,TY2,112.10,105.50,16.20,16.20,6.00,2.00,Yanmar Diesel Engine Company Limited,Jakarta,-,P.T. Bitumen Marasende,Indonesia,P.T. Bitumen Marasende,Indonesia,P.T. Bitumen Marasende,Indonesia,-,-,-,-,9572862,525003391,8.00,2012,-,-,-,-,Shaanxi Diesel Engine Factory,2574,3452,6N330-EN,-,Indian Register,-,-,-,-,2022-11-16T00:00:00,-,2027-04-10T00:00:00,2027-04-10T00:00:00,P.T. Edricko Shipping Lines,Indonesia,P.T. Edricko Shipping Lines,Indonesia,CIGADING_ID,-,A,17 Aug 2026 14:06:38 GMT,12 Aug 2026 16:48:00 GMT,P.T. Bitumen Marasende,Indonesia,"6° 0' 8"" S","105° 56' 21"" E"
Anjaneya,asphalt tanker,Zhoushan,Zhoushan Haichen Marine Service & Ship Engineering Company Limited,10172014,Live,Palau,1900,1'+ dwt,6250,Double Hull,T8A4840,4476,HC08-01,110.30,102.70,-,16.80,6.50,2.00,Yanmar Diesel Engine Company Limited,Malakal Harbor,-,Anjaneya Shipping Corporation,Marshall Islands,Anjaneya Shipping Corporation,Marshall Islands,Anjaneya Shipping Corporation,Marshall Islands,-,-,-,-,9578323,511101469,8.50,2010,-,-,-,-,Qingdao Zichai Boyang Diesel Engine Company Limited,2574,2973,6N330-EN,-,China Classification,-,-,-,-,-,-,2028-12-11T00:00:00,2028-12-11T00:00:00,Sabine Marine Services,India,Sabine Marine Services,India,"DIGHI,IN",-,A,17 Aug 2026 14:01:25 GMT,21 Aug 2026 06:00:00 GMT,Anjaneya Shipping Corporation,Marshall Islands,"23° 12' 3"" N","66° 39' 44"" E"
Suzuka Maru,asphalt tanker,Yawatahama,Kurinoura Dockyard K.K.,10186296,Live,Japan,-,1'+ dwt,1437,Double Hull,JD3012,748,412,69.99,68.00,-,11.30,4.33,0.27,The Hanshin Diesel Works Limited,-,-,Nakata Kaiun Company Limited,Japan,Nakata Kaiun Company Limited,Japan,Nakata Kaiun Company Limited,Japan,-,-,-,-,9566215,431001206,4.60,2010,-,-,-,-,Hanshin Nainenki Kogyo,1124,1800,LH30L,-,-,-,-,-,-,-,-,-,-,-,-,Nakata Kaiun Company Limited,Japan,>JP SGM ENEOS 6-H,Ishinomaki,A,17 Aug 2026 14:14:58 GMT,18 Aug 2026 08:40:00 GMT,Nakata Kaiun Company Limited,Japan,"38° 24' 56"" N","141° 16' 39"" E"
Vassilios XVIII,asphalt tanker,Aukra,Vard Norway Offshore AS,102042,Live,Togo,677,1'+ dwt,2575,Double Hull,5VAU9,1471,60,69.70,64.40,12.70,12.70,5.70,0.91,SKL Motoren-und Systemtechnik GmbH,-,-,M. Koutlakis & Company Limited,Greece,Vassiliki II Shipping Company,Greece,Vasilios XVIII Shipping Company,Greece,Vassilios Shipping Company,Greece,-,-,7606932,671151000,6.60,1977,-,-,-,-,SKL Motoren-und Systemtechnik GmbH,984,1320,8NVD48-2U,-,-,-,-,-,-,2001-03-01T00:00:00,-,-,-,-,-,Vassiliki II Shipping Company,Greece,-,-,-,-,-,Vassiliki II Shipping Company,Greece,-,-
Xing Hai Wan,asphalt tanker,Guangzhou,Guangzhou Huangpu Shipbuilding Company Limited,10242903,Live,Panama,1669,1'+ dwt,6123,Double Hull,HP5831,5565,2288,106.99,101.50,-,17.60,6.50,3.61,The Hanshin Diesel Works Limited,Panama,-,China COSCO Shipping Corporation Limited (China Cosco Shipping Group) (COSCO Shipping) (COSCOCS),People's Republic of China,COSCO Shipping Asphalt (Hainan) Company Limited,People's Republic of China,Xinghaiwan Maritime S.A.,People's Republic of China,-,-,-,-,9570113,371737000,10.10,2010,-,-,-,-,Wartsila Italia S.p.A.,3060,3380,9L26B2,China Shipowners Mutual Assurance Association,China Classification,-,-,-,-,2019-07-13T00:00:00,-,2029-07-12T00:00:00,2029-07-12T00:00:00,COSCO Shipping Asphalt (Hainan) Company Limited,People's Republic of China,COSCO Shipping Asphalt (Hainan) Company Limited,People's Republic of China,STEINKJER,Steinkjer,A,17 Aug 2026 14:15:05 GMT,19 Aug 2026 01:00:00 GMT,COSCO Shipping Asphalt (Hainan) Company Limited,People's Republic of China,"58° 0' 19"" N","4° 54' 59"" E"
Ning Hai Wan,asphalt tanker,Guangzhou,Guangzhou Huangpu Shipbuilding Company Limited,10271692,Live,Panama,1669,1'+ dwt,6264,Double Hull,3FNA,5565,2289,106.99,101.50,-,17.60,6.60,3.50,The Hanshin Diesel Works Limited,Panama,-,China COSCO Shipping Corporation Limited (China Cosco Shipping Group) (COSCO Shipping) (COSCOCS),People's Republic of China,COSCO Shipping Asphalt (Hainan) Company Limited,People's Republic of China,Ninghaiwan Maritime Company Limited,"Hong Kong, S.A.R., China",-,-,-,-,9578385,371078000,10.10,2010,-,-,-,-,Wartsila NSD Italia SpA,3060,3380,9L26B2,China Shipowners Mutual Assurance Association,China Classification,-,-,-,-,2020-04-09T00:00:00,-,2030-01-06T00:00:00,2030-01-06T00:00:00,COSCO Shipping Asphalt (Hainan) Company Limited,People's Republic of China,COSCO Shipping Asphalt (Hainan) Company Limited,People's Republic of China,GUISHAN CHINA,-,A,17 Aug 2026 14:10:13 GMT,16 Aug 2026 03:00:00 GMT,COSCO Shipping Asphalt (Hainan) Company Limited,People's Republic of China,"22° 57' 13"" N","113° 33' 3"" E"
Iver Balance,asphalt tanker,Ulsan,HD Hyundai Mipo Company Limited,10307244,Live,Portugal,1784,1'+ dwt,6180,Double Hull,CQ2366,5948,2300,109.94,102.20,-,18.20,6.60,3.41,The Hanshin Diesel Works Limited,-,-,Vroon Group B.V.,Netherlands,Iver Ships B.V.,Netherlands,HB Tankship I B.V.,Netherlands,-,-,-,-,9588251,255915908,10.00,2011,-,-,-,-,The Hanshin Diesel Works Limited,2942,3997,LH46L,Steamship Mutual Underwriting Association (Bermuda) Ltd,RI (provisional), (provisional), (provisional),-,-,2017-03-02T00:00:00,-,2031-02-20T00:00:00,2031-02-20T00:00:00,Iver Ships B.V.,Netherlands,Iver Ships B.V.,Netherlands,MA MOH,-,A,17 Aug 2026 14:13:26 GMT,15 Aug 2026 00:00:00 GMT,Iver Ships B.V.,Netherlands,"33° 44' 13"" N","7° 21' 32"" W"
Iver Beauty,asphalt tanker,Ulsan,HD Hyundai Mipo Company Limited,10307245,Live,Gibraltar,1784,1'+ dwt,6175,Double Hull,ZDKD4,5948,2301,109.94,102.20,-,18.20,6.60,3.41,The Hanshin Diesel Works Limited,Gibraltar,-,Vroon Group B.V.,Netherlands,Iver Ships B.V.,Netherlands,HB Tankship II BV,Netherlands,-,-,-,-,9588263,236594000,10.00,2011,-,-,-,-,-,2942,4982,LH46L,Steamship Mutual Underwriting Association (Bermuda) Ltd,RI (provisional), (provisional), (provisional),-,-,2017-04-13T00:00:00,-,2031-03-17T00:00:00,2031-03-17T00:00:00,Iver Ships B.V.,Netherlands,Iver Ships B.V.,Netherlands,GR AGT,-,A,17 Aug 2026 14:15:51 GMT,16 Aug 2026 14:45:00 GMT,Iver Ships B.V.,Netherlands,"37° 53' 41"" N","23° 9' 13"" E"
Iver Best,asphalt tanker,Ulsan,HD Hyundai Mipo Company Limited,10307246,Live,Portugal,1784,1'+ dwt,6187,Double Hull,CQ2525,5948,2302,109.94,102.20,-,18.20,6.60,3.41,The Hanshin Diesel Works Limited,-,-,Vroon Group B.V.,Netherlands,Iver Ships B.V.,Netherlands,HB Tankship III B.V.,Netherlands,-,-,-,-,9588275,255916096,10.00,2011,-,-,-,-,The Hanshin Diesel Works Limited,2942,3997,LH46L,Steamship Mutual Underwriting Association (Bermuda) Ltd,RI (provisional), (provisional), (provisional),-,-,2017-09-13T00:00:00,-,2026-10-04T00:00:00,2026-10-04T00:00:00,Iver Ships B.V.,Netherlands,Iver Ships B.V.,Netherlands,ES TAR,Tarragona,A,17 Aug 2026 14:14:18 GMT,19 Aug 2026 02:00:00 GMT,Iver Ships B.V.,Netherlands,"36° 14' 38"" N","3° 14' 2"" W"
Iver Blessing,asphalt tanker,Ulsan,HD Hyundai Mipo Company Limited,10307247,Live,Gibraltar,1784,1'+ dwt,6189,Double Hull,ZDKP2,5948,2303,109.94,102.20,-,18.20,6.60,3.41,The Hanshin Diesel Works Limited,Gibraltar,-,Vroon B.V.,Netherlands,Iver Ships B.V.,Netherlands,HB Tankship IV B.V.,Netherlands,-,-,-,-,9588287,236623000,10.00,2011,-,-,-,-,The Hanshin Diesel Works Limited,2942,3997,LH46L,Steamship Mutual Underwriting Association (Bermuda) Ltd,RI (provisional), (provisional), (provisional),-,-,2018-07-20T00:00:00,-,2026-11-14T00:00:00,2026-11-14T00:00:00,Iver Ships B.V.,Netherlands,Iver Ships B.V.,Netherlands,FOR ORDERS,-,A,17 Aug 2026 14:14:36 GMT,16 Aug 2026 06:00:00 GMT,Iver Ships B.V.,Netherlands,"37° 54' 36"" N","23° 6' 20"" E"
Pacific Explorer,asphalt tanker,Taizhou(Jiangsu),Taizhou Ocean Vessel Building and Repairing,10326317,Live,Mali (False Flag),1717,1'+ dwt,5902,Double Hull,TZAC4,4126,CYC-109,112.10,105.75,-,16.20,6.01,2.01,Yanmar Diesel Engine Company Limited,-,-,Unknown Owners,-,Unknown Owners,-,Unknown Owners,-,-,-,-,-,9571052,649555000,8.00,2011,-,-,-,-,Yanmar Diesel Engine Company Limited,2574,3500,6N330-EN,-,-,-,-,-,-,2021-07-29T00:00:00,-,-,-,-,-,Unknown Owners,-,-,-,A,17 Aug 2026 14:15:00 GMT,-,Unknown Owners,-,"25° 27' 47"" N","55° 13' 9"" E"
Rudra,asphalt tanker,Linhai,Taizhou Ocean Vessel Building and Repairing,10326318,Live,Palau,1717,1'+ dwt,5884,Double Hull,T8A4097,4126,CYC-110,112.10,105.50,-,16.20,6.00,2.00,Yanmar Diesel Engine Company Limited,Malakal Harbor,-,Unknown Owners,-,Unknown Owners,-,Rudra Shipping Incorporated,Liberia,-,-,-,-,9571064,511100880,8.00,2011,-,-,-,-,Qingdao Zichai Boyang Diesel Engine Company Limited,2574,3497,6N330,Hydor AS,China Classification,-,-,-,-,-,-,-,-,Vaishnav Ship Management Private Limited,India,Vaishnav Ship Management Private Limited,India,-,-,A,17 Aug 2026 14:13:31 GMT,-,Unknown Owners,-,"25° 22' 44"" N","56° 29' 55"" E"
Praiano,wine tanker,Savona,Cantieri Navali Solimano,104120,Live,Italy,875,1'+ dwt,2426,Single,IBFU,1397,41,88.10,82.50,11.00,11.00,4.36,0.64,Deutz MWM AG,Naples,-,Marnavi S.p.A.,Italy,Marnavi S.p.A.,Italy,Marnavi S.p.A.,Italy,Agencia Maritima Giuseppe Rallo,Italy,-,-,6826418,247531000,5.00,1968,-,-,-,-,Deutz MWM AG,919,1250,TBD484-8U,West of England Mutual Shipowners Protection & Indemnity Association (Luxemburg),RINA Services S.p.A.,-,-,-,-,2017-10-31T00:00:00,-,2027-10-31T00:00:00,2027-10-31T00:00:00,-,-,Ares Holdings S.r.l.,Italy,IT ALI,-,A,17 Aug 2026 14:03:00 GMT,17 Aug 2026 05:00:00 GMT,Marnavi S.p.A.,Italy,"38° 33' 44"" N","14° 34' 55"" E"
The Chief,asphalt tanker,Rijeka,3 Maj Brodogradiliste d.d.,10569175,Live,Marshall Islands,3612,1'+ dwt,14912,Double Hull,V7AO4,10866,719,133.26,128.20,-,23.00,8.60,3.90,Wartsila Corporation,Majuro,-,China Minsheng Bank Corporation Limited,People's Republic of China,Minsheng Blueocean Leasing Corporation Limited,"Hong Kong, S.A.R., China",Minsheng Ruihong (Tianjin) Shipping Leasing Company Limited,People's Republic of China,Trafigura Maritime Ventures Limited,Malta,-,-,9492361,538005036,12.40,2013,-,-,-,-,Wartsila Finland oy,4500,6114,W6x35,Steamship Mutual Underwriting Association (Bermuda) Ltd,Bureau Veritas,-,-,2025-10-31T00:00:00,2022-11-20T00:00:00,2024-10-01T00:00:00,2025-10-31T00:00:00,2029-11-11T00:00:00,2029-11-11T00:00:00,Executive Ship Management Private Limited,Republic of Singapore,Executive Ship Management Private Limited,Republic of Singapore,FOR ORDERS,-,A,17 Aug 2026 13:55:17 GMT,04 Sep 2026 10:00:00 GMT,Minsheng Blueocean Leasing Corporation Limited,"Hong Kong, S.A.R., China","6° 14' 23"" S","129° 2' 56"" W"
Palanca Sheriff,asphalt tanker,Rijeka,3 Maj Brodogradiliste d.d.,10569177,Live,Marshall Islands,3612,1'+ dwt,14936,Double Hull,V7ZC8,10866,717,133.28,128.20,24.00,23.00,8.60,3.80,Wartsila Corporation,Majuro,-,Nippo Shipping (Nippo Kaiun K.K.) Company Limited,Japan,Nippo Shipping (Nippo Kaiun K.K.) Company Limited,Japan,NCN Corporation,Panama,-,-,-,-,9492311,538004792,12.40,2013,-,-,-,-,3 Maj Brodogradiliste d.d.,4500,6114,W6x35,Steamship Mutual Underwriting Association (Bermuda) Ltd,Bureau Veritas,-,-,2026-04-24T00:00:00,2023-03-12T00:00:00,2026-05-01T00:00:00,2026-04-24T00:00:00,2030-01-04T00:00:00,2030-01-04T00:00:00,-,-,Nippo Shipping (Nippo Kaiun K.K.) Company Limited,Japan,FOR ORDERS,-,A,17 Aug 2026 14:14:10 GMT,13 Aug 2026 02:00:00 GMT,Nippo Shipping (Nippo Kaiun K.K.) Company Limited,Japan,"51° 24' 55"" N","2° 39' 16"" E"
The Prospector,asphalt tanker,Rijeka,3 Maj Brodogradiliste d.d.,10569189,Live,Marshall Islands,3612,1'+ dwt,14968,Double Hull,V7AK6,10830,718,134.60,128.20,-,23.00,8.60,3.80,Wartsila Corporation,Majuro,-,China Minsheng Bank Corporation Limited,People's Republic of China,Minsheng Financial Leasing Company Limited,People's Republic of China,Minsheng Ruichuan (Tianjin) Shipping Leasing Company Limited,People's Republic of China,Puma Energy Supply And Trading Private Limited,Republic of Singapore,-,-,9492323,538005016,12.40,2013,-,-,-,-,3 Maj Brodogradiliste d.d.,4500,6114,W6x35,Steamship Mutual Underwriting Association (Bermuda) Ltd,Bureau Veritas,-,-,2023-05-27T00:00:00,2026-03-14T00:00:00,2023-09-01T00:00:00,2023-05-27T00:00:00,2028-05-27T00:00:00,2028-05-27T00:00:00,Optra Shipping Limited,Greece,Optra Shipping Limited,Greece,FOR ORDERS,-,A,17 Aug 2026 14:13:31 GMT,18 Aug 2026 10:00:00 GMT,Minsheng Financial Leasing Company Limited,People's Republic of China,"16° 58' 22"" N","109° 5' 39"" E"
The Amigo,asphalt tanker,Rijeka,3 Maj Brodogradiliste d.d.,10569248,Live,Marshall Islands,3612,1'+ dwt,14911,Double Hull,V7ZC7,10866,716,133.26,128.20,23.00,23.00,8.60,3.80,Wartsila Corporation,Majuro,-,China Minsheng Bank Corporation Limited,People's Republic of China,Minsheng Financial Leasing Company Limited,People's Republic of China,Minsheng Haishi (Tianjin) Shipping Leasing Company Limited,People's Republic of China,Trafigura Beheer B.V.,Netherlands,-,-,9492309,538004791,12.40,2012,-,-,-,-,3 Maj Brodogradiliste d.d.,4500,6114,W6x35,Steamship Mutual Underwriting Association (Bermuda) Ltd,Bureau Veritas,-,-,2025-10-14T00:00:00,2023-03-03T00:00:00,2025-01-01T00:00:00,2025-10-13T00:00:00,2029-12-05T00:00:00,2029-12-05T00:00:00,Optra Shipping Limited,Greece,Optra Shipping Limited,Greece,FOR ORDERS,-,A,17 Aug 2026 13:33:38 GMT,19 Aug 2026 11:00:00 GMT,Minsheng Financial Leasing Company Limited,People's Republic of China,"16° 18' 18"" N","78° 4' 12"" W"
Pusaka Gemilang,asphalt tanker,Nanjing,Nanjing East Star Shipbuilding Company Limited,10580415,Live,Malaysia,1143,1'+ dwt,3543,Double Hull,9M2715,3811,ESS100202,97.25,92.00,-,16.00,5.30,2.60,Mak Motoren GmbH & Company KG,Port Klang,-,Blackhem Holdings Sendirian Berhad,Malaysia,May Maritime Services Sendirian Berhad,Malaysia,LG Maritime Sendirian Berhad,Malaysia,-,-,-,-,9553945,533132391,8.19,2011,-,-,-,-,Caterpillar Motoren GmbH & Company KG,2000,3777,6M25,-,-,RINA Services S.p.A.,-,-,-,-,-,2029-06-03T00:00:00,2029-06-03T00:00:00,May Maritime Services Sendirian Berhad,Malaysia,May Maritime Services Sendirian Berhad,Malaysia,CNYGP,Yangpu Port,A,17 Aug 2026 14:07:03 GMT,18 Aug 2026 04:45:00 GMT,May Maritime Services Sendirian Berhad,Malaysia,"17° 16' 42"" N","108° 48' 40"" E"
Courage 7,asphalt tanker,Nanjing,Nanjing East Star Shipbuilding Company Limited,10580416,Live,Gabon,1143,1'+ dwt,3527,Double Hull,TRAY6,3811,ESS100203,97.50,92.57,16.00,16.00,5.30,2.61,Mak Motoren GmbH & Company KG,Libreville,-,Etihad Group,United Arab Emirates,Etihad Engineering & Marine Services FZC,United Arab Emirates,AAA Maritime Shipping S.A.,Panama,-,-,-,-,9553957,626046000,8.20,2015,-,-,-,-,-,2817,3777,6M25,-,-,-,-,-,-,-,-,-,-,Eternal Ship Management Private Limited,India,Eternal Ship Management Private Limited,India,MUSCAT.OMAN,-,A,22 Sep 2025 09:19:55 GMT,19 Sep 2025 02:30:00 GMT,Etihad Engineering & Marine Services FZC,United Arab Emirates,"23° 42' 51"" N","58° 26' 41"" E"
Sidra Al Wakra,asphalt tanker,Linhai,Zhejiang Linhai Haifeng Shipbuilding Company Limited,10625966,Live,Qatar,1070,1'+ dwt,3453,Double Hull,A7SW,2512,HF0905,90.63,82.60,-,14.20,5.35,0.86,Daihatsu Infinearth Manufactoring Company Limited,-,-,Qatar Fuel Company QSC (WOQOD),State of Qatar,WOQOD Marine Services Company,State of Qatar,Sidra Al Wakra Shipping Company,Liberia,-,-,-,-,9588976,466007000,6.20,2012,-,-,-,-,Daihatsu Infinearth Manufactoring Company Limited,1912,2915,6DKM28,Assuranceforeningen Skuld,RINA Services S.p.A.,-,-,-,-,2017-05-30T00:00:00,-,2027-06-26T00:00:00,2027-06-26T00:00:00,WOQOD Marine Services Company,State of Qatar,WOQOD Marine Services Company,State of Qatar,MESD,-,A,17 Aug 2026 13:10:27 GMT,07 Dec 2026 20:00:00 GMT,WOQOD Marine Services Company,State of Qatar,"24° 56' 23"" N","51° 35' 1"" E"
Radha Mohan,asphalt tanker,Taizhou(Jiangsu),Taizhou Huaji Shipbuilding Company Limited,10626655,Live,Barbados,1717,1'+ dwt,5895,Double Hull,8PKO2,4126,HL-18,112.10,105.75,-,16.20,6.01,2.01,Yanmar Diesel Engine Company Limited,Bridgetown,-,Unknown Owners,-,Unknown Owners,-,R S G Shipping Incorporated,Marshall Islands,-,-,-,-,9600803,314731000,8.00,2011,-,-,-,-,Qingdao Zichai Boyang Diesel Engine Company Limited,2574,3497,6N330,Hydor AS,RINA Services S.p.A.,-,-,-,-,-,-,2026-10-16T00:00:00,2026-10-16T00:00:00,Equator Maritime Ship Management (FZE),United Arab Emirates,Equator Maritime Ship Management (FZE),United Arab Emirates,VIZAG INDIA,Visakhapatnam,A,17 Aug 2026 14:10:17 GMT,15 Aug 2026 22:00:00 GMT,Unknown Owners,-,"17° 41' 43"" N","83° 16' 22"" E"
Al Jazeera II,water tanker,Piraeus,Nava Shipyard,10952235,Live,Bahrain,107,-1' dwt,540,Single,A9D2506,312,-,33.00,31.70,11.75,11.75,2.41,0.79,Cummins Incorporated,Bahrain,-,Al Jazeera Shipping Company W.L.L.,Kingdom of Bahrain,Al Jazeera Shipping Company W.L.L.,Kingdom of Bahrain,Al Jazeera Shipping Company W.L.L.,Kingdom of Bahrain,-,-,-,-,8647127,408201000,3.20,1978,-,-,-,-,Cummins Incorporated,143,194,N-855-M,-,Bureau Veritas,-,-,2026-07-19T00:00:00,2023-12-13T00:00:00,2026-07-01T00:00:00,2020-06-28T00:00:00,-,-,-,-,Al Jazeera Shipping Company W.L.L.,Kingdom of Bahrain,-,-,Both,11 Jul 2026 04:12:55 GMT,-,Al Jazeera Shipping Company W.L.L.,Kingdom of Bahrain,"26° 11' 50"" N","50° 36' 14"" E"
VP Asphalt 2,asphalt tanker,Vietnam,Hong Ha Shipbuilding Company,10996270,Live,Vietnam,935,1'+ dwt,3095,Double Hull,3WIT9,3118,HH16,98.00,90.97,15.00,15.00,4.61,2.41,Wartsila Corporation,Haiphong,-,Vietnam National Petroleum Group (Tong Cong Ty Xang Dau) (PETROLIMEX),Vietnam,Vietnam National Petroleum Group (Tong Cong Ty Xang Dau) (PETROLIMEX),Vietnam,VP Petrochemical Transport Joint Stock Company,Vietnam,-,-,-,-,9616395,574001760,7.00,2013,-,-,-,-,Wartsila Italia S.p.A.,2486,3334,6L26,West of England Mutual Shipowners Protection & Indemnity Association (Luxemburg),Vietnam,DNV,-,-,-,2017-07-13T00:00:00,-,2027-07-13T00:00:00,2027-07-13T00:00:00,Vietnam Petroleum Transport Joint Stock Company (VIPCO),Vietnam,Vietnam Petroleum Transport Joint Stock Company (VIPCO),Vietnam,HAIPHONG,-,A,17 Aug 2026 14:14:35 GMT,16 Aug 2026 07:00:00 GMT,Vietnam National Petroleum Group (Tong Cong Ty Xang Dau) (PETROLIMEX),Vietnam,"20° 53' 28"" N","106° 37' 12"" E"
Barin 59,water tanker,U.S.A.,-,10996508,Live,Iran,277,Unknown size,444,Single,9BAU,490,-,50.55,50.55,9.75,9.75,-,-,Caterpillar Incorporated,Bandar Imam Khomeini,-,Unknown Owners,-,Unknown Owners,-,Unknown Owners,-,-,-,-,-,7620392,422323000,4.57,1945,-,-,-,-,Caterpillar Incorporated,787,1055,D399,-,ASIA Classification Society,-,-,-,-,-,-,-,-,-,-,Unknown Owners,-,BANDAR ABBAS,-,A,27 Oct 2024 13:38:06 GMT,03 Feb 2025 23:45:00 GMT,Unknown Owners,-,"27° 9' 32"" N","56° 16' 10"" E"
San Du Ao,asphalt tanker,Fuzhou,Fujian Shenglong Shipbuilding Company Limited,10997047,Live,"Hong Kong, S.A.R., China",3197,1'+ dwt,12779,Double Hull,VRIP6,9963,SL801,146.00,137.20,22.00,22.00,7.90,2.90,B&W Diesel A/S,Hong Kong,-,Aviation Industry Corporation of China,People's Republic of China,AVIC International Leasing Company Limited,People's Republic of China,Bright Sandu Shipping Limited,Marshall Islands,Xin Yuan Ocean Shipping (HK) Group Limited,"Hong Kong, S.A.R., China",-,-,9608752,477229900,10.80,2011,-,-,-,-,Yichang Marine Diesel Engine Plant,4440,6033,6S35MC,China Shipowners Mutual Assurance Association,Bureau Veritas,-,-,2024-07-18T00:00:00,2024-07-18T00:00:00,2026-07-01T00:00:00,2019-06-25T00:00:00,-,-,Columbia Shipmanagement (Singapore) Private Limited,Republic of Singapore,Columbia Shipmanagement (Singapore) Private Limited,Republic of Singapore,COBAQ>USALB,-,A,17 Aug 2026 13:18:13 GMT,22 Aug 2026 07:00:00 GMT,AVIC International Leasing Company Limited,People's Republic of China,"20° 34' 18"" N","73° 3' 0"" W"
Iver Brilliant,asphalt tanker,Ulsan,HD Hyundai Mipo Company Limited,10997120,Live,Netherlands,1831,1'+ dwt,6265,Double Hull,PBCR,6105,2323,112.00,104.68,-,18.20,6.70,3.31,MAN Energy Solutions SE,Breskens,-,Vroon Group B.V.,Netherlands,Iver Ships B.V.,Netherlands,HB Tankship VI B.V.,Netherlands,Trafigura Beheer B.V.,Netherlands,-,-,9616761,244308000,10.00,2012,-,-,-,-,Oy Wartsila AB,3500,5064,7L32,Steamship Mutual Underwriting Association (Bermuda) Ltd,RI (provisional), (provisional), (provisional),-,-,2017-05-04T00:00:00,-,2027-05-04T00:00:00,2027-05-04T00:00:00,Iver Ships B.V.,Netherlands,Iver Ships B.V.,Netherlands,NOTOS,Tromso,A,17 Aug 2026 14:15:17 GMT,18 Aug 2026 03:00:00 GMT,Iver Ships B.V.,Netherlands,"69° 13' 8"" N","13° 38' 39"" E"
Asphalt Spirit,asphalt tanker,Istanbul,Sedef Shipbuilding Incorporated  (Sedef Gemi Insaati AS),10997438,Live,Marshall Islands,3800,1'+ dwt,14484,Double Hull,V7XS3,10491,175,139.95,134.70,-,21.00,10.60,2.86,Wartsila Corporation,Majuro,-,Vitol Holding II S.A.,Luxembourg,VALT Asphalt Sarl,United States of America,Asphalt Spirit Private Limited,Republic of Singapore,-,-,-,-,9612557,538004558,13.46,2012,-,-,-,-,Wartsila Finland oy,4500,6114,9L32,U.K. Mutual Steam Ship Assurance Association (Bermuda) Ltd,Bureau Veritas,-,-,2022-05-22T00:00:00,2025-03-06T00:00:00,2024-12-01T00:00:00,2022-05-22T00:00:00,2027-02-06T00:00:00,2027-02-06T00:00:00,LSC SIA,Republic of Latvia,LSC SIA,Republic of Latvia,-,Maceio,A,17 Aug 2026 13:49:52 GMT,-,VALT Asphalt Sarl,United States of America,"0° 11' 22"" N","47° 12' 3"" W"
VP Asphalt 1,asphalt tanker,Vietnam,Hong Ha Shipbuilding Company,10997847,Live,Vietnam,938,1'+ dwt,3102,Double Hull,3WIA9,3125,HH15,98.00,91.03,15.00,15.00,4.60,2.41,Unknown Engine Designer,Haiphong,-,Vietnam National Petroleum Group (Tong Cong Ty Xang Dau) (PETROLIMEX),Vietnam,Vietnam National Petroleum Group (Tong Cong Ty Xang Dau) (PETROLIMEX),Vietnam,VP Petrochemical Transport Joint Stock Company,Vietnam,-,-,-,-,9616383,574001620,7.00,2012,-,-,-,-,Wartsila Italia S.p.A.,2490,3339,6L26,West of England Mutual Shipowners Protection & Indemnity Association (Luxemburg),Vietnam,DNV,-,-,-,2017-04-14T00:00:00,-,2027-04-14T00:00:00,2027-04-14T00:00:00,Vietnam Petroleum Transport Joint Stock Company (VIPCO),Vietnam,Vietnam Petroleum Transport Joint Stock Company (VIPCO),Vietnam,RAYONG,-,A,17 Aug 2026 14:13:41 GMT,12 Aug 2026 23:00:00 GMT,Vietnam National Petroleum Group (Tong Cong Ty Xang Dau) (PETROLIMEX),Vietnam,"12° 35' 26"" N","101° 13' 49"" E"
Iver Bright,asphalt tanker,Ulsan,HD Hyundai Mipo Company Limited,10998674,Live,Netherlands,1831,1'+ dwt,6265,Double Hull,PCCB,6105,2322,112.00,104.68,-,18.20,6.70,3.31,MAN Energy Solutions SE,Breskens,-,Vroon Group B.V.,Netherlands,Iver Ships B.V.,Netherlands,HB Tankship V B.V.,Netherlands,-,-,-,-,9616759,244283000,10.00,2012,-,-,-,-,Oy Wartsila AB,3500,4755,7L32,Steamship Mutual Underwriting Association (Bermuda) Ltd,RI (provisional), (provisional), (provisional),-,-,2017-04-15T00:00:00,-,2027-05-30T00:00:00,2027-05-30T00:00:00,Iver Ships B.V.,Netherlands,Iver Ships B.V.,Netherlands,USDET,-,A,17 Aug 2026 14:15:27 GMT,17 Aug 2026 11:00:00 GMT,Iver Ships B.V.,Netherlands,"42° 16' 45"" N","83° 7' 9"" W"
Tasco Amarit,asphalt tanker,Japan,Shin Kurushima Dockyard Company Limited,10998824,Live,Thailand,1832,1'+ dwt,7525,Double Hull,HSB4699,6106,5698,104.90,99.95,-,19.60,6.98,4.02,Unknown Engine Designer,Bangkok,-,Tipco Asphalt Public Company Limited,Thailand,Tipco Maritime Company Limited (The Marine Group),Thailand,Tasco Shipping Company Limited,Thailand,-,-,-,-,9615999,567463000,11.00,2012,-,-,-,-,Makita Corporation,3900,5064,LH46L,Assuranceforeningen Skuld,Nippon Kaiji Kyokai,-,-,2020-07-15T00:00:00,-,2017-07-28T00:00:00,-,2027-07-26T00:00:00,2027-07-26T00:00:00,Tipco Maritime Company Limited (The Marine Group),Thailand,Tipco Maritime Company Limited (The Marine Group),Thailand,AU TSV,Townsville,A,17 Aug 2026 14:15:38 GMT,28 Aug 2026 18:00:00 GMT,Tipco Maritime Company Limited (The Marine Group),Thailand,"2° 15' 27"" N","105° 21' 53"" E"
Kingbird Arrow,asphalt tanker,Ulsan,HD Hyundai Mipo Company Limited,11004421,Live,Marshall Islands,4683,1'+ dwt,19308,Double Hull,V7A3903,15607,2325,157.00,148.50,23.50,23.50,9.60,5.40,Cummins Incorporated,Majuro,-,Kawana Kaiun (Company Limited) K.K.,Japan,Kawana Kaiun (Company Limited) K.K.,Japan,KTM Corporation SA,Panama,Trafigura Beheer B.V.,Netherlands,-,-,9635389,538090712,15.00,2013,-,-,-,-,-,201,9078,NT-855-M,Steamship Mutual Underwriting Association (Bermuda) Ltd,DNV,-,-,-,-,2018-11-06T00:00:00,-,2028-11-22T00:00:00,2028-11-22T00:00:00,Suntech Ship Management Private Limited,Republic of Singapore,Suntech Ship Management Private Limited,Republic of Singapore,FOR ORDERS,Singapore East Anchorage,A,17 Aug 2026 14:07:33 GMT,24 Aug 2026 02:00:00 GMT,Kawana Kaiun (Company Limited) K.K.,Japan,"5° 50' 41"" N","84° 59' 59"" E"
Bluebird Arrow,asphalt tanker,Ulsan,HD Hyundai Mipo Company Limited,11004422,Live,Marshall Islands,4683,1'+ dwt,19379,Double Hull,V7A3959,15607,2324,157.00,148.50,23.50,23.50,9.60,5.40,Unknown Engine Designer,Majuro,-,Shichifukugumi Company Limited,Japan,Shichifukugumi Company Limited,Japan,Seven Shipping S.A.,Panama,-,-,-,-,9635377,538090720,15.00,2013,-,-,-,-,-,6769,9078,LH46L,Steamship Mutual Underwriting Association (Bermuda) Ltd,DNV,-,-,-,-,2017-12-15T00:00:00,-,2028-01-18T00:00:00,2028-01-18T00:00:00,Suntech Ship Management Private Limited,Republic of Singapore,Suntech Ship Management Private Limited,Republic of Singapore,FOR ORDERS,-,A,17 Aug 2026 14:16:09 GMT,28 Aug 2026 09:00:00 GMT,Shichifukugumi Company Limited,Japan,"22° 54' 14"" N","60° 45' 19"" E"
Blue Kingdom,asphalt tanker,Saiki,K.K. Miura Zosensho,11004448,Live,Panama,596,1'+ dwt,2240,Double Hull,3FLI8,1984,1381,79.89,74.00,-,13.20,5.01,1.39,Akasaka Diesels Limited,Panama,-,Dojima Marine Company Limited,Japan,Dojima Marine Company Limited,Japan,TKC Panama S.A.,Panama,Wooil Marine Company Limited,Republic of Korea,-,-,9634828,373706000,6.40,2012,-,-,-,-,Akasaka Diesels Limited,1618,2517,A34C,Japan Shipowners Mutual Protection & Indemnity Association,Nippon Kaiji Kyokai,-,-,2020-05-11T00:00:00,-,2017-07-27T00:00:00,-,2027-07-29T00:00:00,2027-07-29T00:00:00,Wooil Marine Company Limited,Republic of Korea,Dojima Marine Company Limited,Japan,JP-SBK/OFF,-,A,17 Aug 2026 14:13:32 GMT,19 Aug 2026 01:00:00 GMT,Dojima Marine Company Limited,Japan,"31° 15' 6"" N","131° 26' 35"" E"
Yu Shun 88,asphalt tanker,Unknown,-,11011100,Live,China,-,1'+ dwt,4210,Single,BKVK5,2940,-,97.00,-,15.00,15.00,3.50,-,Unknown Engine Designer,Zhoushan,-,Zhejiang Yushun Shipping Company Limited,People's Republic of China,Zhejiang Yushun Shipping Company Limited,People's Republic of China,Zhejiang Yushun Shipping Company Limited,People's Republic of China,-,-,-,-,8555520,413443140,-,2011,-,-,-,-,-,2397,3214,6N330-EN,-,-,-,-,-,-,-,-,-,-,Zhejiang Xinhang Shipping Company Limited,People's Republic of China,Zhejiang Xinhang Shipping Company Limited,People's Republic of China,ZHOU SHAN,-,A,17 Aug 2026 14:07:06 GMT,17 Aug 2026 06:00:00 GMT,Zhejiang Yushun Shipping Company Limited,People's Republic of China,"30° 2' 60"" N","121° 58' 6"" E"
Barakah,water tanker,Hardinxveld,Damen Shipyards (Hardinxveld) B.V.,110152,Live,United Arab Emirates,302,-1' dwt,950,Single,-,544,598,50.00,-,10.20,10.00,1.70,1.80,Caterpillar Incorporated,Abu Dhabi,-,Royal Boat Group,United Arab Emirates,Royal Boat Group,United Arab Emirates,Royal Boat Group,United Arab Emirates,-,-,-,-,7710240,-,3.50,1978,-,-,-,-,Caterpillar Incorporated,541,725,D348TA,-,-,-,-,-,-,1992-11-01T00:00:00,-,-,-,-,-,Royal Boat Group,United Arab Emirates,IRAQ,-,A,08 Oct 2021 13:31:17 GMT,11 Oct 2021 20:30:00 GMT,Royal Boat Group,United Arab Emirates,"25° 23' 52"" N","55° 28' 2"" E"
Black Dragon,asphalt tanker,Yawatahama,Kurinoura Dockyard K.K.,11069335,Live,Panama,632,1'+ dwt,2329,Double Hull,3FBS2,2106,425,79.89,74.00,-,14.00,4.71,1.39,Akasaka Diesels Limited,Panama,-,Nippon Yusen Kabushiki Kaisha (NYK Line) (Nippon Yusen Kaisha),Japan,ENEOS Ocean Corporation,Japan,IM Marine S.A. Incorporated (80%) & Sunny Cape Maritime S.A. (20%),Panama,Itochu Corporation,Japan,-,-,9652301,373901000,6.10,2012,-,-,-,-,Akasaka Diesels Limited,1912,2612,A37,Japan Shipowners Mutual Protection & Indemnity Association,Nippon Kaiji Kyokai,-,-,2020-04-17T00:00:00,-,2017-07-18T00:00:00,-,2027-09-24T00:00:00,2027-09-24T00:00:00,Fine Ocean Marine Company Limited,Republic of Korea,Fine Ocean Marine Company Limited,Republic of Korea,KR.YOS,Yeosu,A,17 Aug 2026 14:08:26 GMT,19 Aug 2026 13:00:00 GMT,ENEOS Ocean Corporation,Japan,"39° 28' 43"" N","135° 53' 19"" E"
JS Onsan,asphalt tanker,Yueqing,Zhejiang Yueqing Changhong Shipbuilding Company Limited,11091546,Live,South Korea,1717,1'+ dwt,5881,Double Hull,D8BV,4091,AT007,112.10,105.75,-,16.20,6.01,1.99,Unknown Engine Designer,Jeju,-,Jisung Global Company Limited,Republic of Korea,Jisung Global Company Limited,Republic of Korea,Jisung Shipping Company Limited,Republic of Korea,-,-,-,-,9657519,441968000,8.00,2012,-,-,-,-,Shaanxi Diesel Engine Factory,2943,3947,6N330-EN,Assuranceforeningen Gard,Korean Register,-,-,-,-,-,-,2027-06-27T00:00:00,2027-06-27T00:00:00,Jisung Shipping Company Limited,Republic of Korea,Jisung Shipping Company Limited,Republic of Korea,SHD-CN,-,A,17 Aug 2026 09:23:14 GMT,12 Aug 2026 19:00:00 GMT,Jisung Global Company Limited,Republic of Korea,"36° 51' 40"" N","122° 22' 28"" E"
The Blacksmith,asphalt tanker,Ulsan,HD Hyundai Mipo Company Limited,11126132,Live,Marshall Islands,6859,1'+ dwt,31289,Double Hull,V7BB9,23009,2365,183.00,175.00,-,27.42,10.00,6.40,B&W Diesel A/S,Majuro,-,Shinomiya Tanker KK (Shinomiya Tanker Company Limited),Japan,Shinomiya Tanker KK (Shinomiya Tanker Company Limited),Japan,Four Shrine Corporation,Panama,-,-,-,-,9659660,538005111,16.40,2013,-,-,-,-,HD Hyundai Heavy Industries Company Limited,7050,9579,6S46MC-C,Steamship Mutual Underwriting Association (Bermuda) Ltd,Bureau Veritas,-,-,2019-03-30T00:00:00,2022-02-06T00:00:00,2026-02-01T00:00:00,2023-12-03T00:00:00,2028-12-17T00:00:00,2028-12-17T00:00:00,Executive Ship Management Private Limited,Republic of Singapore,Executive Ship Management Private Limited,Republic of Singapore,CN TXG,-,A,17 Aug 2026 14:15:49 GMT,20 Aug 2026 02:00:00 GMT,Shinomiya Tanker KK (Shinomiya Tanker Company Limited),Japan,"33° 58' 41"" N","128° 39' 6"" E"
The Diplomat,asphalt tanker,Ulsan,HD Hyundai Mipo Company Limited,11126169,Live,Marshall Islands,6859,1'+ dwt,30094,Double Hull,V7BU8,23009,2366,183.00,175.00,-,27.42,10.00,6.40,B&W Diesel A/S,Majuro,-,China Minsheng Bank Corporation Limited,People's Republic of China,Minsheng Blueocean Leasing Corporation Limited,"Hong Kong, S.A.R., China",Minsheng Ruixin (Tianjin) Shipping Leasing Company Limited,People's Republic of China,Puma Energy International BV,Netherlands,-,-,9659672,538005203,16.40,2014,-,-,-,-,HD Hyundai Heavy Industries Company Limited,7050,9579,6S46MC-C,Steamship Mutual Underwriting Association (Bermuda) Ltd,Bureau Veritas,-,-,2019-05-19T00:00:00,2022-02-09T00:00:00,2024-04-01T00:00:00,2024-02-08T00:00:00,2029-04-07T00:00:00,2029-04-07T00:00:00,Executive Ship Management Private Limited,Republic of Singapore,Executive Ship Management Private Limited,Republic of Singapore,FOR ORDERS,-,A,17 Aug 2026 14:09:57 GMT,22 Aug 2026 01:00:00 GMT,Minsheng Blueocean Leasing Corporation Limited,"Hong Kong, S.A.R., China","5° 49' 26"" N","86° 0' 49"" E"
Zhuang Yuan Ao,asphalt tanker,Dalian,COSCO (Dalian) Shipyard Company Limited,11139246,Live,"Hong Kong, S.A.R., China",3197,1'+ dwt,12000,Double Hull,VRKU4,9963,N409,146.00,137.20,-,22.00,7.80,3.00,B&W Diesel A/S,Hong Kong,-,-,-,-,-,Bright Zhuang Yuan Shipping Ltd,Marshall Islands,Xin De Yuan (Hong Kong) Shipping Limited,"Hong Kong, S.A.R., China",-,-,9650339,477938700,10.80,2012,-,-,-,-,Yichang Marine Diesel Engine Plant,4440,6033,6S35MC,China Shipowners Mutual Assurance Association,Bureau Veritas,-,-,2024-10-16T00:00:00,2024-10-16T00:00:00,2022-09-01T00:00:00,2017-07-21T00:00:00,2027-07-25T00:00:00,2027-07-25T00:00:00,Wallem Shipmanagement Limited (WSM),"Hong Kong, S.A.R., China",Wallem Shipmanagement Limited (WSM),"Hong Kong, S.A.R., China",NLRTM-FIPOR,-,A,17 Aug 2026 14:16:29 GMT,19 Aug 2026 03:00:00 GMT,Bright Zhuang Yuan Shipping Ltd,Marshall Islands,"56° 59' 4"" N","18° 48' 22"" E"
Kowa Maru No.8,asphalt tanker,Hakata,Hakata Shipbuilding Company Limited,11145002,Live,Japan,-,1'+ dwt,1418,Double Hull,JD3441,749,752,69.95,-,-,10.80,4.41,0.29,The Hanshin Diesel Works Limited,Matsuyama,-,"Japan Railway Construction, Transport & Technology Agency",Japan,"Japan Railway Construction, Transport & Technology Agency & Shinei Kaiun K.K. (Shinei Marine Company Limited)",Japan,"Japan Railway Construction, Transport & Technology Agency & Shinei Kaiun K.K. (Shinei Marine Company Limited)",Japan,-,-,-,-,9652636,431004009,4.70,2012,-,-,-,-,The Hanshin Diesel Works Limited,1471,2000,LA32G,-,Nippon Kaiji Kyokai,-,-,2019-12-20T00:00:00,-,2017-11-28T00:00:00,-,2026-12-22T00:00:00,2026-12-22T00:00:00,Shinei Kaiun K.K. (Shinei Marine Company Limited),Japan,Shinei Kaiun K.K. (Shinei Marine Company Limited),Japan,>JP YOK AZ,-,A,17 Aug 2026 14:16:27 GMT,18 Aug 2026 08:20:00 GMT,"Japan Railway Construction, Transport & Technology Agency & Shinei Kaiun K.K. (Shinei Marine Company Limited)",Japan,"34° 34' 22"" N","138° 44' 10"" E"
Tovra,edible oil tanker,Tyne,Clelands Shipbuilders Limited,111507,Live,Russia,358,1'+ dwt,1188,Single,UIFM,1037,342,72.32,68.07,11.20,11.20,3.30,0.81,Alpha Diesels A/S,Archangel,-,Bunkering Company JSC,Russian Federation,Bunkering Company JSC,Russian Federation,Bunkering Company JSC,Russian Federation,-,-,-,-,7719002,273433290,4.12,1978,-,-,-,-,Alpha Diesels A/S,925,1240,8V23L-VO,-,-,-,-,-,-,2020-09-11T00:00:00,-,-,-,-,-,Bunkering Company JSC,Russian Federation,ARHANGELSK,-,A,07 May 2020 04:11:31 GMT,13 Nov 2020 08:00:00 GMT,Bunkering Company JSC,Russian Federation,"64° 30' 40"" N","40° 35' 14"" E"
Marlin Pearl,asphalt tanker,Yueqing,Xinshun Shipyard Group Company Limited,1121251,Live,Panama,1661,1'+ dwt,6003,Double Hull,3E7849,5539,XS0806,106.99,101.50,-,17.60,6.50,3.60,The Hanshin Diesel Works Limited,Panama,-,Chandra Asri Group,Indonesia,PT Chandra Daya Investasi TBK,Indonesia,Chandra Maritime International Private Limited,Republic of Singapore,-,-,-,-,9468530,352006245,10.10,2011,-,-,-,-,Wartsila Italia S.p.A.,3060,4158,9L26B2,-,-,-,-,2021-03-11T00:00:00,2024-05-04T00:00:00,2026-04-01T00:00:00,2021-03-11T00:00:00,-,-,Arcadia Shipping Private Limited,Republic of Singapore,Arcadia Shipping Private Limited,Republic of Singapore,FOR ORDERS,-,A,17 Aug 2026 14:13:15 GMT,15 Aug 2026 20:50:00 GMT,PT Chandra Daya Investasi TBK,Indonesia,"38° 1' 44"" N","23° 35' 43"" E"
RMS Watercourse,water tanker,Hull,Drypool Engineering & Dry Dock Company Limited,11219570,Live,U.K.,86,-1' dwt,300,Single,GSEW,285,-,40.10,-,4.00,-,1.50,2.01,Unknown Engine Designer,-,-,"Alan, Annette, David & Michael Pratt",United Kingdom,"Alan, Annette, David & Michael Pratt",United Kingdom,"Alan, Annette, David & Michael Pratt",United Kingdom,-,-,-,-,7340796,235093292,3.51,1973,-,-,-,-,-,-,-,UNKNOWN,-,Overseas Marine Certification Services,-,-,-,-,-,-,-,-,-,-,"Alan, Annette, David & Michael Pratt",United Kingdom,-,-,A,29 Jul 2026 06:30:29 GMT,-,"Alan, Annette, David & Michael Pratt",United Kingdom,"51° 23' 5"" N","0° 31' 7"" E"
Kiymet Ana,asphalt tanker,Taizhou,Taizhou Hongda Ship Industry Company Limited,11230089,Live,Liberia,1566,1'+ dwt,5848,Double Hull,5LRX7,4178,FX-118,112.10,105.50,16.20,16.20,6.37,1.63,Yanmar Diesel Engine Company Limited,Monrovia,-,Guven Holding,Turkiye,Guven Holding,Turkiye,Kiymet Ana Shipping Limited,Liberia,-,-,-,-,9669263,636024297,8.00,2021,-,-,-,-,Qingdao Zichai Boyang Diesel Engine Company Limited,2574,3999,6N330-EN,London Steamship Owners Mutual Insurance Association Ltd,RINA Services S.p.A.,-,-,-,-,-,-,2031-04-13T00:00:00,2031-04-13T00:00:00,Mavera Denizcilik Dis Ticaret Limited Sirketi,Turkiye,Mavera Denizcilik Dis Ticaret Limited Sirketi,Turkiye,TNRDS,Rades Anchorage,A,17 Aug 2026 14:11:24 GMT,17 Aug 2026 12:00:00 GMT,Guven Holding,Turkiye,"36° 48' 25"" N","10° 23' 8"" E"
Naxos,wine tanker,Bordeaux,Constructions Industrielles Bordeaux (France-Gironde),11257,Live,Italy,612,1'+ dwt,2176,Double Hull,ITIY,1429,270,79.51,71.50,12.30,12.30,5.11,0.52,Mak Motoren GmbH & Company KG,Naples,-,Vetor S.r.l.,Italy,Vetor S.r.l.,Italy,Vetor S.r.l.,Italy,-,-,-,-,6909909,247448000,5.60,1969,-,-,-,-,Atlas-Mak Maschinenbau GmbH,1765,2400,6MU551AK,-,RINA Services S.p.A.,-,-,-,-,2014-04-30T00:00:00,-,-,-,-,-,Vetor S.r.l.,Italy,-,-,A,07 Feb 2026 07:07:34 GMT,-,Vetor S.r.l.,Italy,"41° 13' 28"" N","13° 34' 14"" E"
Castillo de Pambre,asphalt tanker,Istanbul,Sedef Shipbuilding Incorporated  (Sedef Gemi Insaati AS),11265748,Live,Malta,1916,1'+ dwt,8353,Double Hull,9HA3312,6388,176,110.00,105.70,20.00,19.50,7.60,3.00,MAN Diesel AS,Valletta,-,Empresa Naviera Elcano SA (ENE),Spain,Empresa Naviera Elcano SA (ENE),Spain,Ojeda Shipping Limited,Malta,-,-,-,-,9661857,229412000,10.60,2013,-,-,-,-,"MAN B&W Diesel AS, Alpha Diesel",2040,2772,6L27/38,"Britannia Steam Ship Insurance Association Ltd., The",Bureau Veritas,-,-,2023-07-18T00:00:00,2021-08-14T00:00:00,2024-09-01T00:00:00,2023-07-18T00:00:00,2028-07-03T00:00:00,2028-07-03T00:00:00,Empresa Naviera Elcano SA (ENE),Spain,Empresa Naviera Elcano SA (ENE),Spain,MANDR,-,A,17 Aug 2026 14:14:34 GMT,18 Aug 2026 11:00:00 GMT,Empresa Naviera Elcano SA (ENE),Spain,"36° 39' 58"" N","6° 46' 14"" W"
Orange Ocean,fruit juice tanker,Ulsan,HD Hyundai Mipo Company Limited,11350328,Live,Liberia,6806,1'+ dwt,22918,Double Hull,D5DS2,22687,8133,170.00,162.40,-,26.00,9.90,5.40,B&W Diesel A/S,Monrovia,-,Atlanship SA,Switzerland,Atlanship SA,Switzerland,International Bulk Reefers Incorporated,Liberia,-,-,-,-,9675391,636015956,15.30,2014,-,-,-,-,HD Hyundai Heavy Industries Company Limited,7220,9810,6S50ME-B9,NorthStandard,Bureau Veritas,-,-,2023-11-16T00:00:00,2022-03-12T00:00:00,2024-01-01T00:00:00,2023-11-16T00:00:00,2029-03-11T00:00:00,2029-03-11T00:00:00,Atlanship SA,Switzerland,Atlanship SA,Switzerland,USEWR,New York,A,17 Aug 2026 13:27:27 GMT,18 Aug 2026 12:00:00 GMT,Atlanship SA,Switzerland,"36° 43' 44"" N","70° 26' 20"" W"
Orange Blossom 2,fruit juice tanker,Ulsan,HD Hyundai Mipo Company Limited,11350348,Live,Liberia,6806,1'+ dwt,22874,Double Hull,D5DS3,22687,8134,170.00,162.40,26.00,26.00,9.90,5.40,B&W Diesel A/S,Monrovia,-,Atlanship SA,Switzerland,Atlanship SA,Switzerland,Atlantic Reefer Corporation Incorporated,Liberia,-,-,-,-,9675406,636015957,15.30,2014,-,-,-,-,-,7220,9810,6S50ME-B9,U.K. Mutual Steam Ship Assurance Association (Bermuda) Ltd,Bureau Veritas,-,-,2024-07-16T00:00:00,2022-04-21T00:00:00,2024-07-01T00:00:00,2024-07-16T00:00:00,2029-07-03T00:00:00,2029-07-03T00:00:00,Atlanship SA,Switzerland,Atlanship SA,Switzerland,BRSSZ,Santos,A,17 Aug 2026 14:12:03 GMT,29 Aug 2026 10:00:00 GMT,Atlanship SA,Switzerland,"35° 13' 4"" N","16° 3' 6"" W"
Sindaco Malvito V,water tanker,Elmshorn,D.W. Kremer Sohn,115667,Live,Italy,193,-1' dwt,774,Single,IRIR,491,1064,58.67,54.29,8.60,8.60,3.42,0.26,Deutz AG,Naples,-,Vetor S.r.l.,Italy,Vetor S.r.l.,Italy,Vetor S.r.l.,Italy,-,-,-,-,5080093,247223300,3.74,1958,-,-,-,-,Deutz AG,478,650,RBV6M545,-,RINA Services S.p.A.,-,-,-,-,2014-07-07T00:00:00,-,2029-07-07T00:00:00,2029-07-07T00:00:00,-,-,Vetor S.r.l.,Italy,IT TMT.  IT MFR.,-,A,17 Aug 2026 14:12:06 GMT,17 Aug 2026 03:00:00 GMT,Vetor S.r.l.,Italy,"41° 37' 20"" N","15° 55' 9"" E"
Cosmic 9,asphalt tanker,Linhai,Linhai Jianghai Shipbuilding,1162272,Live,Indonesia,1098,1'+ dwt,3337,Double Hull,YCUI,2027,2006-5,82.02,79.98,-,13.50,5.30,0.70,Halliburton Productos Limitada,Tanjung Pinang,-,PT Pelayaran Nasional Lestari,Indonesia,PT Pelayaran Nasional Lestari,Indonesia,PT Pelayaran Nasional Lestari,Indonesia,-,-,-,-,9460306,525011107,6.00,2007,-,-,-,-,Wuxi Antai Power Machinery Company,735,999,G6300ZC,-,-,-,-,-,-,-,-,-,-,Aeromic Shipping (S) Private Limited,Republic of Singapore,Aeromic Shipping (S) Private Limited,Republic of Singapore,-,-,A,30 May 2025 06:59:31 GMT,-,PT Pelayaran Nasional Lestari,Indonesia,"10° 11' 50"" S","123° 31' 39"" E"
Nank-II,edible oil tanker,La Spezia,Navali Affini C.L.E.M.N.A.- Societa Cooperativa Responsabilita Limitata Lavoratori Edili Meccanici,116721,Live,Angola (False Flag),556,1'+ dwt,2520,Double Hull,D3P5433,1639,11,76.00,71.51,11.52,11.51,4.77,0.74,Deutz AG,-,-,Unknown Owners,-,Unknown Owners,-,Transuige - Sociedade de Transitarios e Transportes Ltda,Angola,-,-,-,-,7117424,-,5.50,1971,-,-,-,-,Deutz AG,716,960,RSBA8M528,-,-,-,-,-,-,1999-08-27T00:00:00,-,-,-,-,-,Unknown Owners,-,MERAK,-,A,06 Feb 2020 22:50:43 GMT,05 May 2020 05:37:00 GMT,Unknown Owners,-,"5° 56' 56"" S","105° 59' 55"" E"
Buana Mas Persada,edible oil tanker,Japan,Hamamoto Shipbuilding,11713908,Live,Indonesia,585,Unknown size,1722,Single,PMUI,997,-,-,60.80,-,12.00,5.20,0.70,The Hanshin Diesel Works Limited,Tanjung Priok,-,P.T. Indomas Bahari Makmur,Indonesia,P.T. Indomas Bahari Makmur,Indonesia,P.T. Indomas Bahari Makmur,Indonesia,-,-,-,-,-,-,5.90,1990,-,-,-,-,Niigata Power Systems Company Limited - Niigata Diesel Engine Company Limited,1193,1600,6M30GT,-,Biro Klasifikasi Indonesia,-,-,-,-,-,-,-,-,-,-,P.T. Indomas Bahari Makmur,Indonesia,-,-,-,-,-,P.T. Indomas Bahari Makmur,Indonesia,-,-
Rosanna A.,water tanker,Genoa,Cantieri del Mediterraneo S.p.A.,117441,Live,Italy,539,1'+ dwt,1312,Single,ILTL,958,128,63.00,57.50,11.50,11.50,4.85,0.63,Ansaldo S.p.A.,Palermo,-,Vetor S.r.l.,Italy,Vetor S.r.l.,Italy,Vetor S.r.l.,Italy,-,-,-,-,6717526,247508000,5.47,1967,-,-,-,-,Ansaldo S.p.A.,956,1300,Q320/8RS,-,RINA Services S.p.A.,-,-,-,-,2018-07-03T00:00:00,-,2028-07-03T00:00:00,2028-07-03T00:00:00,-,-,Vetor S.r.l.,Italy,-,Ponza,A,17 Aug 2026 14:13:11 GMT,-,Vetor S.r.l.,Italy,"40° 55' 15"" N","12° 58' 12"" E"
Hanyu Imperial,asphalt tanker,Hakata,Murakami Hide Shipbuilding Company Limited,11821784,Live,South Korea,1283,1'+ dwt,5249,Double Hull,D7MA,4275,598,102.51,93.00,-,17.80,5.91,2.99,B&W Diesel A/S,-,-,Hanyu Company Limited,Republic of Korea,Hanyu Company Limited,Republic of Korea,Hanyu Company Limited,Republic of Korea,-,-,-,-,9687631,440696000,8.90,2013,-,-,-,-,Hitachi Shipbuilding Corporation (Innoshima),2600,4057,5L35MC,Korea Shipowners Mutual Protection & Indemnity Association,Korean Register,-,-,2018-11-09T00:00:00,-,2018-11-09T00:00:00,-,2028-12-08T00:00:00,2028-12-08T00:00:00,Hanyu Company Limited,Republic of Korea,Hanyu Company Limited,Republic of Korea,ULSAN-KR,-,A,17 Aug 2026 14:15:58 GMT,16 Aug 2026 23:00:00 GMT,Hanyu Company Limited,Republic of Korea,"35° 27' 21"" N","129° 26' 1"" E"
FS Bitumen No.1,asphalt tanker,Fukuoka,Fukuoka Shipbuilding Company Limited,11914423,Live,Panama,1386,1'+ dwt,4999,Double Hull,3E3807,4620,N-2060,105.50,99.90,-,18.00,5.72,2.20,B&W Diesel A/S,Panama,-,Simosa Group,"Taiwan, China",Simosa Shipping Company Limited,"Hong Kong, S.A.R., China",Simosa Shipping (Panama) Corporation,-,-,-,-,-,9692428,352002131,8.00,2014,-,-,-,-,Makita Corporation,2750,4258,5L35MC,U.K. Mutual Steam Ship Assurance Association (Bermuda) Ltd,China Corporation of Shipping,-,-,2019-03-08T00:00:00,-,2019-03-08T00:00:00,-,-,-,Simosa Shipping (Taiwan) Company Limited,"Taiwan, China",Simosa Shipping (Taiwan) Company Limited,"Taiwan, China",HAIPHONG,Haiphong,A,17 Aug 2026 14:11:25 GMT,18 Aug 2026 10:00:00 GMT,Simosa Shipping Company Limited,"Hong Kong, S.A.R., China","20° 9' 45"" N","109° 56' 12"" E"
Tasco Nirand,asphalt tanker,Hashihama,Shin Kurushima Dockyard Company Limited,11958272,Live,Thailand,1267,1'+ dwt,4481,Double Hull,HSB4960,4225,5798,104.22,97.00,-,17.00,5.75,3.05,B&W Diesel A/S,Bangkok,-,Tipco Asphalt Public Company Limited,Thailand,Tipco Maritime Company Limited (The Marine Group),Thailand,Alpha Maritime Company Limited,Thailand,-,-,-,-,9689809,567502000,8.80,2014,-,-,-,-,Makita Corporation,2450,4027,4L35MC,Assuranceforeningen Skuld,Nippon Kaiji Kyokai,-,-,2019-08-05T00:00:00,-,2019-08-05T00:00:00,-,2029-08-05T00:00:00,2029-08-05T00:00:00,Tipco Maritime Company Limited (The Marine Group),Thailand,Tipco Maritime Company Limited (The Marine Group),Thailand,MYKEM,Kemaman,A,17 Aug 2026 04:36:13 GMT,18 Aug 2026 15:00:00 GMT,Tipco Maritime Company Limited (The Marine Group),Thailand,"10° 36' 57"" N","100° 48' 11"" E"
Igneada,asphalt tanker,Istanbul,Turkiye Gemi Sanayii A.S. Shipbuilding,120330,Live,Unknown,481,1'+ dwt,1862,Single,-,1396,127,77.91,71.15,12.60,12.50,4.73,0.48,Deutz MWM AG,-,-,Alfa Tanker Tasimacilik Sanayi ve Ticaret AS,Turkiye,Alfa Tanker Tasimacilik Sanayi ve Ticaret AS,Turkiye,Sebat Denizcilik Tasimacilik Sanayi Ticaret Anonim Sirketi,Turkiye,-,-,-,-,5026645,-,5.21,1961,-,-,-,-,Deutz MWM AG,1160,1577,D440-8,-,-,-,-,-,-,1995-03-01T00:00:00,-,-,-,-,-,-,-,-,-,-,-,-,Alfa Tanker Tasimacilik Sanayi ve Ticaret AS,Turkiye,-,-
Great Crane,asphalt tanker,Osaki,Sasaki Shipbuilding Company Limited,12059834,Live,Japan,318,1'+ dwt,1253,Single,7JOY,1062,681,69.99,-,-,11.00,4.08,0.57,The Hanshin Diesel Works Limited,Osaka,-,Senko Company Limited,Japan,Senko Line Company Limited,Japan,Itochu Enex Company Limited & Senko Line Company Limited & Shibakou Marine Company Limited,Japan,-,-,-,-,9673692,432915000,4.65,2013,-,-,-,-,The Hanshin Diesel Works Limited,1176,1600,LH28LRG,-,Nippon Kaiji Kyokai,-,-,2020-04-11T00:00:00,-,2018-04-20T00:00:00,-,2028-05-12T00:00:00,2028-05-12T00:00:00,Mihara Kisen Y.K.,Japan,Senko Line Company Limited,Japan,>JP FNB FN,Chiba,A,17 Aug 2026 14:09:42 GMT,16 Aug 2026 07:30:00 GMT,Senko Line Company Limited,Japan,"35° 40' 36"" N","139° 59' 6"" E"
Stark,asphalt tanker,Istanbul,Turkiye Gemi Sanayii A.S. Shipbuilding,121173,Live,Unknown (Congo False),371,1'+ dwt,1219,Single,-,797,6,62.20,61.40,10.00,10.00,4.09,0.16,Deutz MWM AG,-,-,Anadolu Uluslararasi Ticaret ve Tasimacilik A.S. (Anadolu International Trade & Shipping Company Limited),Turkiye,Anadolu Uluslararasi Ticaret ve Tasimacilik A.S. (Anadolu International Trade & Shipping Company Limited),Turkiye,Anadolu Uluslararasi Ticaret ve Tasimacilik A.S. (Anadolu International Trade & Shipping Company Limited),Turkiye,-,-,-,-,7105419,-,4.25,1973,-,-,-,-,Deutz MWM AG,884,601,TRH435SU,-,-,-,-,-,-,1994-04-01T00:00:00,-,-,-,Anadolu Uluslararasi Ticaret ve Tasimacilik A.S. (Anadolu International Trade & Shipping Company Limited),Turkiye,Anadolu Uluslararasi Ticaret ve Tasimacilik A.S. (Anadolu International Trade & Shipping Company Limited),Turkiye,-,-,-,16 Apr 2017 18:35:12 GMT,-,Anadolu Uluslararasi Ticaret ve Tasimacilik A.S. (Anadolu International Trade & Shipping Company Limited),Turkiye,"34° 2' 49"" N","11° 28' 31"" E"
Ryoumei Maru,asphalt tanker,Miura,Miura Shipbuilding Company Limited,12117518,Live,Japan,323,1'+ dwt,1226,Double Hull,7JQC,1061,1501,69.98,-,-,11.50,4.01,0.49,The Hanshin Diesel Works Limited,Yokohama,-,Nippon Gas Line Company Limited,Japan,Nippon Gas Line Company Limited,Japan,Kyokuyu Kaiun Company Limited,Japan,-,-,-,-,9682083,432941000,4.50,2013,-,-,-,-,The Hanshin Diesel Works Limited,1323,1800,LA28G,Japan Shipowners Mutual Protection & Indemnity Association,Nippon Kaiji Kyokai,-,-,2020-09-17T00:00:00,-,2018-09-13T00:00:00,-,2028-09-23T00:00:00,2028-09-23T00:00:00,Kyokuyu Kaiun Company Limited,Japan,Kyokuyu Kaiun Company Limited,Japan,>JP TXD OFF /E,Tokuyamakudamatsu,A,17 Aug 2026 14:16:11 GMT,19 Aug 2026 15:30:00 GMT,Nippon Gas Line Company Limited,Japan,"37° 36' 19"" N","137° 18' 13"" E"
Yuyo Maru,asphalt tanker,Japan,Asakawa Shipbuilding Company Limited,12169877,Live,Japan,-,1'+ dwt,1312,Double Hull,JD3669,746,591,69.32,65.00,-,11.20,4.31,0.34,B&W Diesel A/S,Imabari,-,Yoshida Kaiun K.K.,Japan,Yoshida Kaiun K.K.,Japan,Yoshida Kaiun K.K.,Japan,-,-,-,-,9709283,431005234,4.65,2014,-,-,-,-,Akasaka Diesels Limited,1471,2000,6L35MC,-,Nippon Kaiji Kyokai,-,-,2021-01-26T00:00:00,-,2019-01-17T00:00:00,-,2029-03-24T00:00:00,2029-03-24T00:00:00,-,-,Yoshida Kaiun K.K.,Japan,>JP SGM OFF /WM,-,A,17 Aug 2026 14:14:26 GMT,17 Aug 2026 15:00:00 GMT,Yoshida Kaiun K.K.,Japan,"38° 19' 7"" N","141° 2' 23"" E"
Bukit I,edible oil tanker,Hiroshima,Tsuneishi Shipbuilding Company Limited,121733,Live,Indonesia,435,1'+ dwt,1173,Single,YBWC,687,-,61.00,56.60,-,9.66,-,0.51,Makita Corporation,Jakarta,-,P.T. Pelayaran Armada Segara Perkasa,Indonesia,P.T. Pelayaran Armada Segara Perkasa,Indonesia,P.T. Pelayaran Armada Segara Perkasa,Indonesia,-,-,-,-,7220128,525015517,4.45,1965,-,-,-,-,Makita Corporation,820,1100,D5HC36,-,-,-,-,-,-,1994-08-01T00:00:00,-,-,-,-,-,P.T. Pelayaran Armada Segara Perkasa,Indonesia,-,-,-,-,-,P.T. Pelayaran Armada Segara Perkasa,Indonesia,-,-
Hua Hang He Shun,asphalt tanker,Huanggang,Wuhan Nanhua Huanggang Jiangbei Shipyard Company Limited,12237789,Live,China,1617,1'+ dwt,6111,Double Hull,BPMR2,5392,NHJB510,108.00,102.00,18.00,17.60,6.50,3.61,Yanmar Diesel Engine Company Limited,Wuhan,-,Wuhan Datong Industry Company Limited,People's Republic of China,Wuhan Datong Industry Company Limited,People's Republic of China,Wuhan Datong Industry Company Limited,People's Republic of China,-,-,-,-,9677882,413825408,10.10,2014,-,-,-,-,Qingdao Zichai Boyang Diesel Engine Company Limited,2574,4687,6N330-EW,West of England Mutual Shipowners Protection & Indemnity Association (Luxemburg),China Classification,-,-,-,-,2019-03-02T00:00:00,-,2029-02-24T00:00:00,2029-02-24T00:00:00,Wuhan New Port Datong International Shipping Company Limited,People's Republic of China,Wuhan New Port Datong International Shipping Company Limited,People's Republic of China,ZHOUSHAN CN,Zhoushan Port,A,17 Aug 2026 14:15:37 GMT,14 Aug 2026 04:00:00 GMT,Wuhan Datong Industry Company Limited,People's Republic of China,"29° 45' 2"" N","122° 57' 58"" E"
Angel Blue,asphalt tanker,Yawatahama,Kurinoura Dockyard K.K.,12239095,Live,Panama,492,1'+ dwt,1621,Double Hull,3FBF6,1637,432,74.98,69.95,12.00,12.00,4.50,1.30,The Hanshin Diesel Works Limited,Panama,-,Itochu Corporation,Japan,Itochu Enex Company Limited,Japan,ET Marine SA Incorporated (80%) & SK Marine SA (20%),Panama,-,-,-,-,9711585,373395000,5.80,2014,-,-,-,-,The Hanshin Diesel Works Limited,1765,2233,LA34G,NorthStandard,Nippon Kaiji Kyokai,Overseas Marine Certification Services,-,2020-04-22T00:00:00,-,2018-05-29T00:00:00,-,2028-05-28T00:00:00,2028-05-28T00:00:00,Fine Ocean Marine Company Limited,Republic of Korea,Fine Ocean Marine Company Limited,Republic of Korea,KR YOS,-,A,17 Aug 2026 14:16:31 GMT,18 Aug 2026 23:00:00 GMT,Itochu Enex Company Limited,Japan,"37° 34' 14"" N","137° 29' 18"" E"
Jaya Ocean,asphalt tanker,Japan,Murakami Hide Shipbuilding Company Limited,12239855,Live,Singapore,1283,1'+ dwt,5250,Double Hull,9V2957,4275,610,102.51,98.50,-,17.80,5.91,2.84,B&W Diesel A/S,Singapore,-,Nippon Yusen Kabushiki Kaisha (NYK Line) (Nippon Yusen Kaisha),Japan,ENEOS Ocean Corporation,Japan,Jaya Trade Private Limited,Republic of Singapore,-,-,-,-,9726839,565390000,8.75,2014,-,-,-,-,Hitachi Zosen Corporation,2600,4057,5L35MC,Japan Shipowners Mutual Protection & Indemnity Association,Nippon Kaiji Kyokai,-,-,2019-11-02T00:00:00,-,2019-11-02T00:00:00,-,2029-11-12T00:00:00,2029-11-12T00:00:00,NYK Energy Ocean Shipmanagement Private Limited,Republic of Singapore,NYK Energy Ocean Shipmanagement Private Limited,Republic of Singapore,CNYPG,-,A,17 Aug 2026 09:45:20 GMT,15 Aug 2026 04:00:00 GMT,ENEOS Ocean Corporation,Japan,"19° 51' 55"" N","109° 7' 52"" E"
Essayra,fruit juice tanker,Zhoushan,Yangfan Group Company Limited,12241613,Live,Liberia,8281,1'+ dwt,39202,Single,D5KW2,27600,BC38K-DM10,179.99,176.65,30.00,30.00,10.50,4.50,B&W Diesel A/S,Monrovia,-,Wisby Tankers AB,Sweden,Wisby Tankers AB,Sweden,R&M HG Wave Incorporated,Marshall Islands,-,-,-,-,9735452,636017418,15.00,2016,-,-,-,-,-,6050,12942,5S50ME-B,Swedish Club (Sverige Angfartygs Assurans Forening),DNV,-,-,-,-,-,-,2031-04-20T00:00:00,2031-04-20T00:00:00,Wisby Shipmanagement AB,Sweden,Wisby Shipmanagement AB,Sweden,BE GNE,Gent (Ghent),A,17 Aug 2026 14:11:35 GMT,22 Aug 2026 04:00:00 GMT,Wisby Tankers AB,Sweden,"32° 4' 32"" N","18° 1' 5"" W"
Yesilkoy 1,asphalt tanker,Rendsburg,HDW Nobiskrug GmbH & Company KG,12244,Live,Unknown,516,1'+ dwt,1875,Single,-,1207,632,73.00,68.00,11.21,11.21,4.77,0.34,Mak Motoren GmbH & Company KG,-,-,-,-,-,-,-,-,-,-,-,-,5418408,-,5.11,1963,-,-,-,-,Mak Motoren GmbH & Company KG,895,1200,6ZU451AK,-,-,-,-,-,-,1992-11-01T00:00:00,-,-,-,-,-,-,-,-,-,-,-,-,Besiktas,-,-,-
Seroja X,edible oil tanker,Pulau Batam,P.T. Usda Seroja Jaya,12245291,Live,Indonesia,-,1'+ dwt,4175,Single,JZZQ,2091,H-020,89.34,-,16.00,15.00,5.34,0.81,Yanmar Diesel Engine Company Limited,Batam,-,P.T. Usda Seroja Jaya,Indonesia,P.T. Usda Seroja Jaya,Indonesia,P.T. Usda Seroja Jaya,Indonesia,-,-,-,-,9735725,525020223,5.34,2014,-,-,-,-,Yanmar Diesel Engine Company Limited,485,2600,6AYM-WST,London Steamship Owners Mutual Insurance Association Ltd,RINA Services S.p.A.,-,-,-,-,2019-05-06T00:00:00,-,2029-03-28T00:00:00,2029-03-28T00:00:00,P.T. Usda Seroja Jaya,Indonesia,P.T. Usda Seroja Jaya,Indonesia,GRESIK,-,A,17 Aug 2026 14:12:39 GMT,12 Aug 2026 01:00:00 GMT,P.T. Usda Seroja Jaya,Indonesia,"7° 10' 33"" S","112° 40' 35"" E"
Ayer Cherdas,water tanker,China,-,12256910,Live,Singapore,144,-1' dwt,626,Single,9V2801,481,286,45.00,-,10.00,9.80,3.80,-,Caterpillar Incorporated,Singapore,-,PSA International Limited,Republic of Singapore,PSA Marine Private Limited,Republic of Singapore,PSA Marine Private Limited,Republic of Singapore,-,-,-,-,9698745,565102000,-,2014,-,-,-,-,Caterpillar Incorporated,634,1042,C32,-,Lloyds Register,-,-,2024-07-10T00:00:00,-,2024-08-13T00:00:00,-,2029-07-02T00:00:00,2029-07-02T00:00:00,-,-,PSA Marine Private Limited,Republic of Singapore,-,-,A,17 Aug 2026 14:16:24 GMT,-,PSA Marine Private Limited,Republic of Singapore,"1° 15' 25"" N","103° 50' 27"" E"
Palanca Cadiz,asphalt tanker,Rijeka,3 Maj Brodogradiliste d.d.,12259835,Live,Marshall Islands,3612,1'+ dwt,14882,Double Hull,V7RI4,10830,731,133.35,128.20,23.00,23.00,8.60,3.81,Wartsila Corporation,Majuro,-,Nippo Shipping (Nippo Kaiun K.K.) Company Limited,Japan,Nippo Shipping (Nippo Kaiun K.K.) Company Limited,Japan,NCN Corporation,Panama,-,-,-,-,9748007,538007108,12.40,2017,-,-,-,-,3 Maj Brodogradiliste d.d.,4500,6114,W6x35,Steamship Mutual Underwriting Association (Bermuda) Ltd,American Bureau,-,-,-,2020-01-14T00:00:00,2022-05-01T00:00:00,-,2027-01-17T00:00:00,2027-01-17T00:00:00,-,-,Nippo Shipping (Nippo Kaiun K.K.) Company Limited,Japan,CASJB,Saint-John,A,17 Aug 2026 14:16:24 GMT,17 Aug 2026 08:00:00 GMT,Nippo Shipping (Nippo Kaiun K.K.) Company Limited,Japan,"45° 16' 26"" N","66° 2' 23"" W"
Palanca Rio,asphalt tanker,Rijeka,3 Maj Brodogradiliste d.d.,12259881,Live,Marshall Islands,3612,1'+ dwt,14882,Double Hull,V7QS4,10830,730,133.35,128.20,23.00,23.00,8.60,3.81,Wartsila Corporation,Majuro,-,Nippo Shipping (Nippo Kaiun K.K.) Company Limited,Japan,Nippo Shipping (Nippo Kaiun K.K.) Company Limited,Japan,NCN Corporation,Panama,Trafigura Beheer B.V.,Netherlands,-,-,9747998,538006907,12.40,2016,-,-,-,-,3 Maj Brodogradiliste d.d.,4500,6114,W6x35,Steamship Mutual Underwriting Association (Bermuda) Ltd,American Bureau,-,-,2021-02-08T00:00:00,2019-08-08T00:00:00,2021-04-01T00:00:00,2021-02-08T00:00:00,-,-,Executive Ship Management Private Limited,Republic of Singapore,Executive Ship Management Private Limited,Republic of Singapore,GRSKA,Skaramangas,A,17 Aug 2026 14:07:37 GMT,31 Aug 2026 06:00:00 GMT,Nippo Shipping (Nippo Kaiun K.K.) Company Limited,Japan,"37° 45' 5"" N","53° 43' 15"" W"
Duangtalay 8,water tanker,Malaysia,-,12259898,Live,Malaysia,138,-1' dwt,500,Single,9MYQ8,338,-,38.00,-,10.00,8.00,3.70,-,Unknown Engine Designer,Port Klang,-,Ocean Shine Ventures Limited,British Virgin Islands,Ocean Shine Ventures Limited,British Virgin Islands,Ocean Shine Ventures Limited,British Virgin Islands,-,-,-,-,9744817,533000092,-,2014,-,-,-,-,-,-,-,UNKNOWN,British Marine (QBE Insurance Group Limited),-,-,-,-,-,-,-,-,-,-,-,Ocean Shine Ventures Limited,British Virgin Islands,EOPL,-,A,17 Aug 2026 14:12:27 GMT,18 Dec 2026 12:00:00 GMT,Ocean Shine Ventures Limited,British Virgin Islands,"2° 8' 36"" N","104° 44' 54"" E"
Ayer Cherdek,water tanker,China,-,12263727,Live,Singapore,-,-1' dwt,627,Single,9V2802,481,287,45.00,-,10.00,9.80,3.80,-,Caterpillar Incorporated,Singapore,-,PSA International Limited,Republic of Singapore,PSA Marine Private Limited,Republic of Singapore,PSA Marine Private Limited,Republic of Singapore,-,-,-,-,9698812,565173000,-,2014,-,-,-,-,Caterpillar Incorporated,634,1042,C32,-,Lloyds Register,-,-,2024-09-05T00:00:00,-,2024-10-05T00:00:00,-,2029-08-03T00:00:00,2029-08-03T00:00:00,-,-,PSA Marine Private Limited,Republic of Singapore,SINGAPORE,-,A,17 Aug 2026 14:16:07 GMT,14 Aug 2026 00:00:00 GMT,PSA Marine Private Limited,Republic of Singapore,"1° 15' 26"" N","103° 50' 31"" E"
Ayer Chomel,water tanker,China,-,12264183,Live,Singapore,144,-1' dwt,550,Single,9V2803,481,290,45.00,-,-,9.80,3.80,-,Caterpillar Incorporated,Singapore,-,PSA International Limited,Republic of Singapore,PSA Marine Private Limited,Republic of Singapore,PSA Marine Private Limited,Republic of Singapore,-,-,-,-,9710921,565243000,-,2014,-,-,-,-,Caterpillar Incorporated,634,1042,C32,-,Lloyds Register,-,-,2024-10-21T00:00:00,-,2024-11-27T00:00:00,-,2029-10-23T00:00:00,2029-10-23T00:00:00,-,-,PSA Marine Private Limited,Republic of Singapore,-,-,A,17 Aug 2026 14:11:28 GMT,-,PSA Marine Private Limited,Republic of Singapore,"1° 13' 49"" N","103° 49' 14"" E"
T.Esra,asphalt tanker,Istanbul,RMK Marine Shipyard,12265146,Live,Turkiye,4702,1'+ dwt,19968,Double Hull,TCA3220,15674,NB092,156.45,147.85,25.03,25.00,9.27,5.33,Unknown Engine Designer,Istanbul,-,Koc Holding AS (KOC),Turkiye,(TUPRAS) Turkiye Petrol Rafinerileri A.S. (Turkish Petroleum Refineries Corporation),Turkiye,Kartal Tankercilik AS,Turkiye,Ditas Deniz Isletmeciligi ve Tankerciligi A.S.,Turkiye,-,-,9679878,271043916,14.60,2014,-,-,-,-,-,6788,9103,5RT-flex 50 DF,Assuranceforeningen Skuld,DNV,-,-,-,-,2019-12-27T00:00:00,-,2029-09-19T00:00:00,2029-09-19T00:00:00,Ditas Deniz Isletmeciligi ve Tankerciligi A.S.,Turkiye,Ditas Deniz Isletmeciligi ve Tankerciligi A.S.,Turkiye,TRTUT>TRALI,-,A,17 Aug 2026 14:12:58 GMT,14 Aug 2026 07:30:00 GMT,(TUPRAS) Turkiye Petrol Rafinerileri A.S. (Turkish Petroleum Refineries Corporation),Turkiye,"38° 49' 27"" N","26° 56' 51"" E"
Bitumen Heiwa,asphalt tanker,Japan,Nakatani Shipbuilding Company Limited,12265212,Live,Singapore,1082,1'+ dwt,3606,Double Hull,9V9986,3604,640,96.50,89.90,16.50,16.50,5.41,2.99,Akasaka Diesels Limited,Singapore,-,Hiin Holdings Private Limited,Republic of Singapore,Hiin Holdings Private Limited,Republic of Singapore,Chawin Investments Private Limited,Republic of Singapore,-,-,-,-,9751121,563233100,8.40,2015,-,-,-,-,Akasaka Diesels Limited,1912,3648,A37,-,Nippon Kaiji Kyokai,-,-,2020-10-21T00:00:00,-,2020-10-21T00:00:00,-,2030-11-05T00:00:00,2030-11-05T00:00:00,Aeromic Shipping (S) Private Limited,Republic of Singapore,Aeromic Shipping (S) Private Limited,Republic of Singapore,VUNGTAU-VN,Vung Tau,A,17 Aug 2026 14:13:31 GMT,19 Aug 2026 12:00:00 GMT,Hiin Holdings Private Limited,Republic of Singapore,"16° 20' 33"" N","110° 15' 34"" E"
San Bacco,asphalt tanker,Nanjing,AVIC Dingheng Shipbuilding Company Limited,12267375,Live,Malta,1411,1'+ dwt,4995,Double Hull,9HA4021,4703,AD0022,108.00,103.50,17.20,17.20,6.00,3.01,Wartsila Corporation,Valletta,-,Wisby Tankers AB,Sweden,Wisby Tankers AB,Sweden,Wisby Tankers AB,Sweden,-,-,-,-,9753818,256831000,9.00,2015,-,-,-,-,Wartsila Yuchai Engine Company (WYEC),3000,4076,6L32,Assuranceforeningen Gard,BV (provisional), (provisional), (provisional),2026-04-30T00:00:00,2024-01-28T00:00:00,2026-05-01T00:00:00,2026-05-10T00:00:00,-,-,ABC Maritime AG,Switzerland,ABC Maritime AG,Switzerland,GB TEE > FR DON,-,A,17 Aug 2026 14:13:45 GMT,13 Aug 2026 16:00:00 GMT,Wisby Tankers AB,Sweden,"47° 8' 15"" N","2° 25' 3"" W"
San Biagio,asphalt tanker,Jiangsu,AVIC Dingheng Shipbuilding Company Limited,12267377,Live,Malta,1411,1'+ dwt,4968,Double Side,9HA4020,4703,AD0023,108.00,103.50,17.20,17.20,6.00,3.01,Wartsila Corporation,Valletta,-,Wisby Tankers AB,Sweden,Wisby Tankers AB,Sweden,Wisby Tankers AB,Sweden,-,-,-,-,9753820,256837000,9.00,2015,-,-,-,-,Wartsila Yuchai Engine Company (WYEC),3000,4076,6L32,Assuranceforeningen Gard,AB (provisional),AB (provisional), (provisional),2026-03-13T00:00:00,2024-05-29T00:00:00,2026-03-01T00:00:00,2026-03-11T00:00:00,2031-04-25T00:00:00,2031-04-25T00:00:00,ABC Maritime AG,Switzerland,ABC Maritime AG,Switzerland,ASPROPYRGOS,-,A,17 Aug 2026 14:13:15 GMT,16 Aug 2026 15:30:00 GMT,Wisby Tankers AB,Sweden,"38° 0' 58"" N","23° 33' 30"" E"
Bituma,asphalt tanker,Nanjing,China Merchants Jinling Shipyard (Yangzhou) Dingheng Company Limited,12267380,Live,Netherlands,1411,1'+ dwt,4995,Double Hull,PDSW,4703,AD0055,108.00,103.50,17.20,17.20,6.00,3.01,Wartsila Corporation,Dordrecht,-,-,-,-,-,-,-,-,-,-,-,9753832,244994000,9.00,2016,-,-,-,-,Wartsila Yuchai Engine Company (WYEC),3000,4076,6L32,Assuranceforeningen Skuld,BV (provisional), (provisional), (provisional),2026-03-30T00:00:00,2023-09-11T00:00:00,2026-07-01T00:00:00,2026-03-30T00:00:00,-,-,-,-,-,-,SE NRK > NL RTM,Rotterdam,A,17 Aug 2026 14:15:57 GMT,17 Aug 2026 14:30:00 GMT,Suisse O.,-,"52° 3' 1"" N","3° 46' 20"" E"
Bitfjord,asphalt tanker,Nanjing,AVIC Dingheng Shipbuilding Company Limited,12267381,Live,Netherlands,1411,1'+ dwt,4993,Double Hull,PCSV,4703,AD0056,108.00,103.50,17.20,17.20,6.00,3.01,Wartsila Corporation,Dordrecht,-,Tarbit Shipping AB,Sweden,Tarbit Tankers B.V.,Netherlands,Bulgersteyn B.V.,Netherlands,-,-,-,-,9753844,244090224,9.00,2017,-,-,-,-,Wartsila Yuchai Engine Company (WYEC),3000,4076,6L32,Assuranceforeningen Skuld,Bureau Veritas,-,-,2021-01-19T00:00:00,2024-11-28T00:00:00,2021-12-01T00:00:00,2021-01-19T00:00:00,2027-01-10T00:00:00,2027-01-10T00:00:00,Tarbit Tankers Services B.V.,Netherlands,Tarbit Tankers Services B.V.,Netherlands,SE VST > FR PJE,-,A,17 Aug 2026 14:14:17 GMT,16 Aug 2026 17:00:00 GMT,Tarbit Tankers B.V.,Netherlands,"49° 28' 47"" N","0° 7' 4"" W"
The Judge,asphalt tanker,Ulsan,HD Hyundai Mipo Company Limited,12269208,Live,Marshall Islands,8403,1'+ dwt,37770,Double Hull,V7XB4,28164,2509,183.06,174.00,32.20,32.20,10.50,6.50,B&W Diesel A/S,Majuro,-,Hisamoto Kisen Company Limited (Hisamoto Kisen KK),Japan,Hisamoto Kisen Company Limited (Hisamoto Kisen KK),Japan,Pacific Light Marine S.A.,Panama,-,-,-,-,9755725,538007137,17.00,2016,-,-,-,-,HD Hyundai Heavy Industries Company Limited,7510,10204,6S50ME-B9,Steamship Mutual Underwriting Association (Bermuda) Ltd,BV (provisional), (provisional), (provisional),2020-03-11T00:00:00,2023-01-19T00:00:00,2026-02-01T00:00:00,2020-03-11T00:00:00,2030-03-10T00:00:00,2030-03-10T00:00:00,Executive Ship Management Private Limited,Republic of Singapore,Executive Ship Management Private Limited,Republic of Singapore,FOR ORDERS,-,A,17 Aug 2026 14:10:12 GMT,18 Aug 2026 03:00:00 GMT,Hisamoto Kisen Company Limited (Hisamoto Kisen KK),Japan,"26° 20' 37"" N","91° 36' 10"" W"
Tatlisum,water tanker,Tuzla,Rota Denizcilik Ticaret A.S.,12318631,Live,Turkiye,214,-1' dwt,600,Single,TCBE6,373,19,49.51,44.84,-,8.00,3.11,0.49,Volvo Penta AB,Istanbul,-,Ipek Su Denizcilik Sanayi ve Ticaret Limited Sirketi,Turkiye,Ipek Su Denizcilik Sanayi ve Ticaret Limited Sirketi,Turkiye,Ipek Su Denizcilik Sanayi ve Ticaret Limited Sirketi,Turkiye,-,-,-,-,9075498,271002181,3.60,1993,-,-,-,-,-,405,551,TAMD162,Turk P&I,-,-,-,-,-,-,-,-,-,-,-,Ipek Su Denizcilik Sanayi ve Ticaret Limited Sirketi,Turkiye,-,-,A,17 Aug 2026 14:12:55 GMT,-,Ipek Su Denizcilik Sanayi ve Ticaret Limited Sirketi,Turkiye,"40° 59' 13"" N","28° 55' 53"" E"
Palanca Miami,asphalt tanker,Ulsan,HD Hyundai Mipo Company Limited,12331361,Live,Marshall Islands,8403,1'+ dwt,36681,Double Hull,V7WZ8,28164,2510,183.06,174.00,32.20,32.20,10.50,6.50,B&W Diesel A/S,Majuro,-,China Minsheng Bank Corporation Limited,People's Republic of China,Minsheng Blueocean Leasing Corporation Limited,"Hong Kong, S.A.R., China",Minsheng Yangzhou (Tianjin) Shipping Leasing Company Limited,People's Republic of China,Trafigura Beheer B.V.,Netherlands,-,-,9757254,538007136,17.00,2017,-,-,-,-,HD Hyundai Heavy Industries Company Limited,7510,10204,6S50ME-B9,Steamship Mutual Underwriting Association (Bermuda) Ltd,BV (provisional), (provisional), (provisional),2026-04-01T00:00:00,2022-12-24T00:00:00,2025-02-01T00:00:00,2026-04-01T00:00:00,2030-02-10T00:00:00,2030-02-10T00:00:00,Executive Ship Management Private Limited,Republic of Singapore,Executive Ship Management Private Limited,Republic of Singapore,FOR ORDERS,-,A,17 Aug 2026 14:09:26 GMT,18 Aug 2026 18:00:00 GMT,Minsheng Blueocean Leasing Corporation Limited,"Hong Kong, S.A.R., China","33° 45' 59"" N","18° 57' 50"" E"
Ciherang- III,water tanker,Jakarta,P.T. Adhiguna Shipyard,12355949,Live,Indonesia,200,Unknown size,358,Single,-,207,-,-,28.80,-,8.00,2.60,0.40,Unknown Engine Designer,Jakarta,-,PT Pertamina (Persero),Indonesia,PT Pertamina (Persero),Indonesia,PT Pertamina (Persero),Indonesia,-,-,-,-,7712509,-,3.00,1977,-,-,-,-,-,181,243,6CHNSP18/22,-,-,-,-,-,-,-,-,-,-,-,-,PT Pertamina (Persero),Indonesia,-,-,-,-,-,PT Pertamina (Persero),Indonesia,-,-
Ciherang- IV,water tanker,Jakarta,P.T. Adhiguna Shipyard,12357212,Live,Indonesia,200,Unknown size,-,Single,-,207,-,-,28.80,-,8.00,-,0.55,Unknown Engine Designer,Jakarta,-,PT Pertamina (Persero),Indonesia,PT Pertamina (Persero),Indonesia,PT Pertamina (Persero),Indonesia,-,-,-,-,7712511,-,3.00,1979,-,-,-,-,-,181,243,6CHNSP18/22,-,-,-,-,-,-,-,-,-,-,-,-,PT Pertamina (Persero),Indonesia,-,-,-,-,-,PT Pertamina (Persero),Indonesia,-,-
Pwb- I,water tanker,Jakarta,-,12357970,Live,Indonesia,-,Unknown size,-,Single,-,224,-,-,28.00,-,3.00,-,0.55,Unknown Engine Designer,Jakarta,-,PT Pertamina (Persero),Indonesia,PT Pertamina (Persero),Indonesia,PT Pertamina (Persero),Indonesia,-,-,-,-,7641267,-,3.00,1972,-,-,-,-,-,483,648,6CHNSP18/22,-,-,-,-,-,-,-,-,-,-,-,-,PT Pertamina (Persero),Indonesia,-,-,-,-,-,PT Pertamina (Persero),Indonesia,-,-
Asphalt Splendor,asphalt tanker,Jiangsu,AVIC Dingheng Shipbuilding Company Limited,12377238,Live,Marshall Islands,7835,1'+ dwt,37087,Double Hull,V7PQ7,26119,AD0019,179.90,176.90,30.60,30.60,10.40,6.40,Sulzer Turbomachinery Services,Majuro,-,Vitol Holding II S.A.,Luxembourg,VALT Asphalt Sarl,United States of America,Asphalt Splendor Private Limited,Republic of Singapore,-,-,-,-,9763332,538006655,16.80,2015,-,-,-,-,-,9326,12506,5RT-Flex50-D,U.K. Mutual Steam Ship Assurance Association (Bermuda) Ltd,Lloyds Register,-,-,2025-11-19T00:00:00,-,2025-11-22T00:00:00,-,2030-12-14T00:00:00,2030-12-14T00:00:00,LSC SIA,Republic of Latvia,LSC SIA,Republic of Latvia,KE MBA,Mombasa,A,17 Aug 2026 12:44:56 GMT,20 Aug 2026 16:00:00 GMT,VALT Asphalt Sarl,United States of America,"4° 34' 23"" N","54° 12' 32"" E"
Amber Bay,asphalt tanker,Wuhan,Qingshan Shipyard of China Changjiang National Shipping Group,12395506,Live,"Hong Kong, S.A.R., China",3199,1'+ dwt,12799,Double Hull,VRPC7,10377,QS128001,146.10,137.20,22.00,22.00,7.90,2.90,B&W Diesel A/S,Hong Kong,-,Xin Yuan Enterprises Group Limited,People's Republic of China,Phoenix Shipping (Hong Kong) Limited,"Hong Kong, S.A.R., China",Phoenix Shipping (Hong Kong) Limited,"Hong Kong, S.A.R., China",-,-,-,-,9764520,477900100,10.80,2016,-,-,-,-,Yichang Marine Diesel Engine Plant,4440,6033,6S35MC-C,China Shipowners Mutual Assurance Association,BV (provisional), (provisional), (provisional),2025-12-18T00:00:00,2023-12-17T00:00:00,2025-12-01T00:00:00,2025-12-18T00:00:00,2031-01-14T00:00:00,2031-01-14T00:00:00,Columbia Shipmanagement (Singapore) Private Limited,Republic of Singapore,Columbia Shipmanagement (Singapore) Private Limited,Republic of Singapore,US GYV>MX PGO,-,A,17 Aug 2026 14:10:09 GMT,16 Aug 2026 12:00:00 GMT,Phoenix Shipping (Hong Kong) Limited,"Hong Kong, S.A.R., China","21° 20' 41"" N","89° 40' 19"" W"
T.Aylin,asphalt tanker,Tuzla,RMK Marine Shipyard,12407065,Live,Turkiye,4702,1'+ dwt,19928,Double Hull,TCA3418,15674,093,156.50,147.90,25.03,25.00,9.25,5.35,B&W Diesel A/S,Istanbul,-,Koc Holding AS (KOC),Turkiye,(TUPRAS) Turkiye Petrol Rafinerileri A.S. (Turkish Petroleum Refineries Corporation),Turkiye,Maltepe Tankercilik A.S.,Turkiye,Ditas Deniz Isletmeciligi ve Tankerciligi A.S.,Turkiye,-,-,9679880,271044068,14.60,2015,-,-,-,-,-,6788,9103,6S46ME-B8.2,Assuranceforeningen Skuld,DNV,-,-,-,-,2020-02-14T00:00:00,-,2030-03-02T00:00:00,2030-03-02T00:00:00,Ditas Deniz Isletmeciligi ve Tankerciligi A.S.,Turkiye,Ditas Deniz Isletmeciligi ve Tankerciligi A.S.,Turkiye,TRALI,-,A,17 Aug 2026 14:14:43 GMT,17 Aug 2026 09:00:00 GMT,(TUPRAS) Turkiye Petrol Rafinerileri A.S. (Turkish Petroleum Refineries Corporation),Turkiye,"38° 53' 3"" N","26° 57' 13"" E"
Damia Desgagnes,asphalt tanker,Istanbul,Besiktas Likid Tasimacilik Denizcilik Ticaret A.S.,12409943,Live,Canada,3761,1'+ dwt,14719,Double Hull,CFAV,11978,60,135.00,132.60,23.50,23.00,7.90,3.40,Sulzer Turbomachinery Services,Quebec,-,Royal Bank of Canada,Canada,Royal Bank of Canada,Canada,Royal Bank of Canada,Canada,Transport Desgagnes Incorporated,Canada,-,-,9766437,316031773,11.30,2017,-,-,-,-,Diesel United Limited,5450,7405,5RT-flex 50 DF,-,BV (provisional), (provisional), (provisional),2022-04-01T00:00:00,2025-03-09T00:00:00,2022-04-01T00:00:00,2022-04-01T00:00:00,2027-03-30T00:00:00,2027-03-30T00:00:00,Transport Desgagnes Incorporated,Canada,Transport Desgagnes Incorporated,Canada,MONTREAL,-,A,17 Aug 2026 14:12:53 GMT,11 Aug 2026 07:00:00 GMT,Royal Bank of Canada,Canada,"45° 32' 3"" N","73° 32' 26"" W"
Seitoku Maru,asphalt tanker,Japan,Nakatani Shipbuilding Company Limited,12419748,Live,Japan,-,1'+ dwt,1403,Double Hull,JD3818,749,633,71.06,67.00,11.20,11.20,4.29,0.31,Wartsila Norway AS,Matsuyama,-,Nippon Gas Line Company Limited,Japan,Nippon Gas Line Company Limited,Japan,Nippon Tokushusen K.K.,Japan,-,-,-,-,9739599,431006388,4.60,2015,-,-,-,-,Akasaka Diesels Limited,1471,1373,AX33BR,-,Nippon Kaiji Kyokai,-,-,2020-05-22T00:00:00,-,2020-05-22T00:00:00,-,2030-05-31T00:00:00,2030-05-31T00:00:00,-,-,Nippon Gas Line Company Limited,Japan,JP SGM ENEOS 6H,"Sendai, Miyagi",A,17 Aug 2026 14:15:31 GMT,18 Aug 2026 15:00:00 GMT,Nippon Gas Line Company Limited,Japan,"35° 28' 16"" N","140° 43' 38"" E"
Mia Desgagnes,asphalt tanker,Istanbul,Besiktas Likid Tasimacilik Denizcilik Ticaret A.S.,12452390,Live,Canada,4332,1'+ dwt,14986,Double Hull,CFAU,12061,61,135.00,132.60,23.50,23.50,7.90,3.40,Sulzer Turbomachinery Services,Quebec,-,Groupe Desgagnes Incorporated,Canada,Transport Desgagnes Incorporated,Canada,Transport Desgagnes Incorporated,Canada,-,-,-,-,9772278,316031772,11.30,2017,-,-,-,-,Diesel United Limited,5450,7405,5RT-flex 50 DF,-,BV (provisional), (provisional), (provisional),2022-12-17T00:00:00,2025-10-07T00:00:00,2022-12-01T00:00:00,2022-12-17T00:00:00,2027-11-08T00:00:00,2027-11-08T00:00:00,Transport Desgagnes Incorporated,Canada,Transport Desgagnes Incorporated,Canada,AUPALUK,-,A,17 Aug 2026 12:58:51 GMT,16 Aug 2026 00:00:00 GMT,Transport Desgagnes Incorporated,Canada,"59° 18' 48"" N","69° 37' 24"" W"
Iver Ambassador,asphalt tanker,Nanjing,Zijinshan Shipyard,12479497,Live,Marshall Islands,2102,1'+ dwt,7673,Double Hull,V7RR7,7009,ZJS-T026,109.90,104.95,20.00,20.00,7.00,4.11,B&W Diesel A/S,Majuro,-,Trans-World International Shipping (Hong Kong) Limited,"Hong Kong, S.A.R., China",Trans-World International Shipping (Hong Kong) Limited,"Hong Kong, S.A.R., China",Trans-World International Shipping (Hong Kong) Limited,"Hong Kong, S.A.R., China",-,-,-,-,9768514,538006821,11.10,2015,-,-,-,-,-,3570,4512,6S35MC-C9,Steamship Mutual Underwriting Association (Bermuda) Ltd,RI (provisional), (provisional), (provisional),-,-,2017-03-15T00:00:00,-,2030-05-17T00:00:00,2030-05-17T00:00:00,-,-,Trans-World International Shipping (Hong Kong) Limited,"Hong Kong, S.A.R., China",FOR ORDERS,-,A,17 Aug 2026 14:14:59 GMT,16 Aug 2026 16:00:00 GMT,Trans-World International Shipping (Hong Kong) Limited,"Hong Kong, S.A.R., China","51° 30' 55"" N","0° 8' 29"" E"
Da Hua Shan,asphalt tanker,Guangzhou,Guangzhou Wenchong Shipyard Company Limited,12508656,Live,"Hong Kong, S.A.R., China",3224,1'+ dwt,12972,Double Hull,VRQD4,10748,GWS497,139.00,132.00,22.80,22.80,7.90,3.90,Fuji Diesel Company Limited,Hong Kong,-,-,-,-,-,-,-,-,-,-,-,9779757,477858500,11.80,2017,-,-,-,-,CSSC Marine Power Company Limited,4200,5707,6S40ME-B,West of England Mutual Shipowners Protection & Indemnity Association (Luxemburg),BV (provisional), (provisional), (provisional),2022-03-07T00:00:00,2025-01-27T00:00:00,2025-11-01T00:00:00,2022-03-07T00:00:00,2027-02-12T00:00:00,2027-02-12T00:00:00,-,-,-,-,FOR ORDERS,-,A,17 Aug 2026 14:09:20 GMT,21 Aug 2026 13:00:00 GMT,Tianjin Southwest,-,"25° 13' 32"" N","87° 23' 21"" W"
Da Ming Shan,asphalt tanker,Guangzhou,Guangzhou Wenchong Shipyard Company Limited,12508769,Live,"Hong Kong, S.A.R., China",3224,1'+ dwt,12980,Double Hull,VRPU5,10748,GWS496,139.00,132.00,22.80,22.80,7.90,3.90,Fuji Diesel Company Limited,Hong Kong,-,-,-,-,-,-,-,-,-,-,-,9779745,477669700,11.80,2016,-,-,-,-,CSSC Marine Power Company Limited,4200,5707,6S40ME-B,West of England Mutual Shipowners Protection & Indemnity Association (Luxemburg),BV (provisional), (provisional), (provisional),2021-11-21T00:00:00,2024-09-25T00:00:00,2026-07-01T00:00:00,2021-11-21T00:00:00,-,-,-,-,-,-,FOR ORDER,-,A,17 Aug 2026 14:11:19 GMT,27 Aug 2026 16:00:00 GMT,Tianjin Southwest,-,"30° 27' 44"" N","21° 17' 25"" W"
Guo Hong 11,asphalt tanker,China,Taizhou Hongda Ship Industry Company Limited,12517864,Live,China,1493,1'+ dwt,4628,Double Hull,BKDP,2995,2011-02,96.17,89.80,-,15.20,6.00,0.90,Unknown Engine Designer,-,-,Zhoushan Hongfu Commercial Holdings Company Limited,People's Republic of China,Zhoushan Hongfu Logistics Company Limited,People's Republic of China,Zhoushan Hongfu Energy and Chemical Shipping Company Limited,People's Republic of China,-,-,-,-,8678748,413447620,6.90,2012,-,-,-,-,-,2424,3251,6N330-EN,-,-,-,-,-,-,-,-,-,-,-,-,Zhoushan Hongfu Logistics Company Limited,People's Republic of China,GUANG ZHOU,Guangzhou,A,17 Aug 2026 14:06:58 GMT,19 Aug 2026 08:00:00 GMT,Zhoushan Hongfu Logistics Company Limited,People's Republic of China,"23° 20' 51"" N","117° 19' 29"" E"
Gao Yu 2,asphalt tanker,China,Taizhou Hongda Ship Industry Company Limited,12517902,Live,China,1493,1'+ dwt,4998,Double Hull,BOBG6,2995,2011-03,96.17,89.80,-,15.20,6.00,0.90,Unknown Engine Designer,-,-,Zhejiang Gaoyu Shipping Limited,People's Republic of China,Zhejiang Gaoyu Shipping Limited,People's Republic of China,Zhejiang Gaoyu Shipping Limited,People's Republic of China,-,-,-,-,8681458,413450740,6.90,2013,-,-,-,-,-,2424,3251,6N330-EN,-,-,-,-,-,-,-,-,-,-,Ningbo FTZ Cosnavi International Shipping Management Company Limited,People's Republic of China,Ningbo FTZ Cosnavi International Shipping Management Company Limited,People's Republic of China,-,-,A,17 Aug 2026 12:33:01 GMT,-,Zhejiang Gaoyu Shipping Limited,People's Republic of China,"23° 0' 18"" N","112° 49' 54"" E"
M.T. Partex - 2,edible oil tanker,Dhaka,-,12541534,Live,Bangladesh,521,1'+ dwt,1682,Double Hull,-,1055,LUCKY-8,65.60,63.00,11.52,11.50,3.55,1.25,Unknown Engine Designer,Chittagong,-,Unknown Owners,-,Unknown Owners,-,BK International,Bangladesh,-,-,-,-,9741944,-,4.80,2015,-,-,-,-,-,1267,1699,K38M,-,-,-,-,-,-,2015-05-20T00:00:00,-,-,-,BK International,Bangladesh,BK International,Bangladesh,-,-,-,-,-,Unknown Owners,-,-,-
Partex - 1,edible oil tanker,Bangladesh,-,12541535,Live,Bangladesh,521,1'+ dwt,1682,Double Hull,-,1055,LUCKY 07,65.60,63.00,11.52,11.50,3.55,1.26,Unknown Engine Designer,Chittagong,-,Lalmai Traders,Bangladesh,Lalmai Traders,Bangladesh,Lalmai Traders,Bangladesh,-,-,-,-,9741932,-,4.80,2015,-,-,-,-,-,1267,1699,K38M,-,Indian Register,-,-,-,-,2015-06-21T00:00:00,-,2030-06-21T00:00:00,2030-06-21T00:00:00,Lalmai Traders,Bangladesh,Lalmai Traders,Bangladesh,-,-,-,-,-,Lalmai Traders,Bangladesh,-,-
Bit Hero,asphalt tanker,Tuzla,RMK Marine Shipyard,12548901,Live,Netherlands,2219,1'+ dwt,9921,Double Hull,PBTE,7447,106,119.90,116.20,19.40,19.40,8.30,2.50,Wartsila Corporation,Dordrecht,-,Tarbit Shipping AB,Sweden,Tarbit Shipping AB,Sweden,Theodora Tankers Services B.V.,Netherlands,-,-,-,-,9786645,244150081,10.80,2018,-,-,-,-,Wartsila Finland oy,3480,4728,6L32,Assuranceforeningen Skuld,Bureau Veritas,-,-,2023-02-28T00:00:00,2026-02-07T00:00:00,2023-02-01T00:00:00,2023-02-28T00:00:00,2028-03-18T00:00:00,2028-03-18T00:00:00,Tarbit Tankers Services B.V.,Netherlands,Tarbit Tankers Services B.V.,Netherlands,SG SIN>KR KAN,Gwangyang,A,17 Aug 2026 14:07:22 GMT,19 Aug 2026 12:00:00 GMT,Tarbit Shipping AB,Sweden,"27° 31' 27"" N","124° 54' 27"" E"
Bit Eco,asphalt tanker,Tuzla,RMK Marine Shipyard,12548902,Live,Netherlands,2219,1'+ dwt,9921,Double Hull,PCUE,7447,105,119.90,116.20,19.40,19.40,8.30,2.50,Wartsila Corporation,Dordrecht,-,-,-,-,-,-,-,-,-,-,-,9786633,244110414,10.80,2017,-,-,-,-,Wartsila Finland oy,3480,4728,6L32,-,Bureau Veritas,-,-,2022-09-19T00:00:00,2024-07-19T00:00:00,2022-09-01T00:00:00,2022-09-19T00:00:00,2027-10-03T00:00:00,2027-10-03T00:00:00,-,-,-,-,SGSIN > ZARCB,Richards Bay,A,17 Aug 2026 13:47:27 GMT,25 Aug 2026 08:00:00 GMT,Tarbit,-,"18° 35' 25"" S","41° 6' 14"" E"
Sidra Al Ghariya,asphalt tanker,China,Zhejiang Zhenxing Shiprepair & Building Company Limited,12562219,Live,Qatar,1070,1'+ dwt,3454,Double Hull,A7SG,2512,ZX106,90.63,82.60,14.20,14.20,6.20,0.00,Daihatsu Infinearth Manufactoring Company Limited,-,-,Qatar Fuel Company QSC (WOQOD),State of Qatar,WOQOD Marine Services Company,State of Qatar,Sidra Al Ghariya Shipping Company,Liberia,-,-,-,-,9787443,466006000,6.20,2016,-,-,-,-,Daihatsu Infinearth Manufactoring Company Limited,1912,2915,6DKM-28E,Assuranceforeningen Skuld,Lloyds Register,-,-,2025-03-25T00:00:00,-,2016-08-25T00:00:00,-,2026-08-24T00:00:00,2026-08-24T00:00:00,WOQOD Marine Services Company,State of Qatar,WOQOD Marine Services Company,State of Qatar,-,-,A,17 Aug 2026 14:15:08 GMT,-,WOQOD Marine Services Company,State of Qatar,"24° 52' 45"" N","51° 36' 28"" E"
TCK Kai,asphalt tanker,South Korea,-,12566108,Live,Malaysia,1678,1'+ dwt,3200,Single,9M3643,2998,-,99.00,-,16.00,16.00,4.50,1.70,Unknown Engine Designer,Port Klang,-,T&C Marine Sendirian Berhad,Malaysia,T&C Marine Sendirian Berhad,Malaysia,T&C Marine Sendirian Berhad,Malaysia,-,-,-,-,8682397,533133131,6.20,2013,-,-,-,-,-,2427,3254,7L35MC,-,-,-,-,-,-,-,-,-,-,-,-,T&C Marine Sendirian Berhad,Malaysia,PORTKELANG,-,A,17 Aug 2026 14:11:24 GMT,16 Aug 2026 11:00:00 GMT,T&C Marine Sendirian Berhad,Malaysia,"3° 4' 12"" N","101° 20' 30"" E"
General Ismet Gayibov,water tanker,Kerch,JSC Zaliv Shipyard,125724,Live,Azerbaijan,600,1'+ dwt,1660,Single,4JAP,1611,446,83.55,74.80,12.03,12.03,4.65,0.65,"Skodaexport, a.s.",Baku,-,Azerbaijan Caspian Shipping Closed Joint Stock Company (ASCO),Republic of Azerbaijan,Azerbaijan Caspian Shipping Closed Joint Stock Company (ASCO),Republic of Azerbaijan,Azerbaijan Caspian Shipping Closed Joint Stock Company (ASCO),Republic of Azerbaijan,-,-,-,-,7218620,423178100,5.30,1972,-,-,-,-,CKD Praha DIZ a.s.,1491,2000,8DR43/61-V1,-,-,-,-,-,-,2020-09-25T00:00:00,-,-,-,-,-,Azerbaijan Caspian Shipping Closed Joint Stock Company (ASCO),Republic of Azerbaijan,-,-,-,-,-,Azerbaijan Caspian Shipping Closed Joint Stock Company (ASCO),Republic of Azerbaijan,-,-
Asphalt Synergy,asphalt tanker,Jiangdu,China Merchants Jinling Shipyard (Yangzhou) Dingheng Company Limited,12574839,Live,Marshall Islands,7835,1'+ dwt,36771,Double Hull,V7ZV9,26118,AD0038,179.90,176.90,30.60,30.60,10.40,6.40,Sulzer Turbomachinery Services,Majuro,-,-,-,-,-,-,-,-,-,-,-,9794159,538007666,16.80,2018,-,-,-,-,-,8725,12505,5RT-Flex50-D,U.K. Mutual Steam Ship Assurance Association (Bermuda) Ltd,Lloyds Register,-,-,2025-01-30T00:00:00,-,2022-11-28T00:00:00,-,2028-01-07T00:00:00,2028-01-07T00:00:00,-,-,-,-,USMSY (SW PASS),Albany,A,17 Aug 2026 13:20:48 GMT,24 Aug 2026 15:00:00 GMT,Sargeant,-,"36° 10' 16"" N","70° 51' 48"" W"
Lilstella,asphalt tanker,Mawei,Fujian Mawei Shipbuilding Limited,12587645,Live,"Hong Kong, S.A.R., China",2187,1'+ dwt,7944,Double Hull,VRUQ8,7293,MW5071,109.90,104.00,20.00,20.00,7.30,3.80,Mitsubishi Heavy Industries Limited,Hong Kong,-,Xin Yuan Enterprises Group Limited,People's Republic of China,Bilxin Shipping Group Private Limited,Republic of Singapore,Z&L Blue Whale Shipping Limited,"Hong Kong, S.A.R., China",-,-,-,-,9794771,477809900,11.10,2017,-,-,-,-,Akasaka Diesels Limited,3200,4348,6UEC33LSE-C2,China Shipowners Mutual Assurance Association,Bureau Veritas,-,-,2022-03-18T00:00:00,2024-11-30T00:00:00,2025-11-01T00:00:00,2022-03-18T00:00:00,2027-01-02T00:00:00,2027-01-02T00:00:00,-,-,Bilxin Shipping Group Private Limited,Republic of Singapore,ROGAL-GRAGT,Agio Theodoroi,A,17 Aug 2026 14:09:50 GMT,19 Aug 2026 08:00:00 GMT,Bilxin Shipping Group Private Limited,Republic of Singapore,"40° 43' 7"" N","27° 29' 32"" E"
Orcstella,asphalt tanker,Mawei,Fujian Mawei Shipbuilding Limited,12587646,Live,"Hong Kong, S.A.R., China",2187,1'+ dwt,7991,Double Hull,VRUR9,7293,MW5072,109.90,104.00,20.00,20.00,7.30,3.80,Mitsubishi Heavy Industries Limited,Hong Kong,-,-,-,-,-,-,-,-,-,-,-,9794783,477811900,11.10,2017,-,-,-,-,Akasaka Diesels Limited,3200,4348,6UEC33LSE-C2,China Shipowners Mutual Assurance Association,Bureau Veritas,-,-,2025-05-12T00:00:00,2025-05-12T00:00:00,2023-12-01T00:00:00,2022-06-02T00:00:00,2027-03-07T00:00:00,2027-03-07T00:00:00,-,-,-,-,ID BAH,Bahudopi,A,17 Aug 2026 13:12:55 GMT,19 Aug 2026 12:00:00 GMT,Bilxin,-,"4° 1' 18"" N","123° 59' 42"" E"
Atlantic Asphalt,asphalt tanker,Guangzhou,Guangzhou Wenchong Shipyard Company Limited,12587699,Live,Marshall Islands,4345,1'+ dwt,17764,Double Hull,V7PH4,14485,GWS514,160.00,155.00,23.50,23.50,8.50,4.71,Fuji Diesel Company Limited,Majuro,-,Thome Singapore Holdings Private Limited,Republic of Singapore,Thome Ship Management Private Limited,Republic of Singapore,Nave Shipping SA,Liberia,Asphaltos Trade S.A.,Panama,-,-,9798428,538007471,13.20,2017,-,-,-,-,-,4460,6060,6S40ME-B9,Assuranceforeningen Gard,Bureau Veritas,-,-,2022-07-20T00:00:00,2025-10-13T00:00:00,2022-07-01T00:00:00,2022-07-20T00:00:00,2027-09-21T00:00:00,2027-09-21T00:00:00,Thome Ship Management Private Limited,Republic of Singapore,Thome Ship Management Private Limited,Republic of Singapore,FOR ORDERS,-,A,17 Aug 2026 14:05:14 GMT,20 Aug 2026 17:00:00 GMT,Thome Ship Management Private Limited,Republic of Singapore,"20° 13' 6"" N","83° 28' 30"" W"
White Star,asphalt tanker,China,Chengxi Shipyard Company Limited,12589281,Live,Unknown,2261,1'+ dwt,7800,Double Hull,-,7538,CX5401,119.00,112.00,20.40,20.40,6.70,3.95,Yanmar Diesel Engine Company Limited,-,-,Unknown Owners,-,Unknown Owners,-,White Star 2026 Maritime Limited Liability Company,Marshall Islands,-,-,-,-,1133282,-,10.65,2017,-,-,-,-,-,3400,5773,6EY18LW,U.K. Mutual Steam Ship Assurance Association (Bermuda) Ltd,American Bureau,-,-,2020-05-15T00:00:00,-,-,-,2027-05-31T00:00:00,2027-05-31T00:00:00,-,-,Unknown Owners,-,FOR_ORDERS,-,A,20 Jul 2026 10:59:36 GMT,18 Jul 2026 11:00:00 GMT,Unknown Owners,-,"15° 49' 54"" N","87° 58' 52"" W"
White Horse,asphalt tanker,China,Chengxi Shipyard Company Limited,12589306,Live,Marshall Islands,2261,1'+ dwt,7869,Double Hull,V7CM3,7538,CX5402,119.00,112.00,20.42,20.40,6.70,4.37,Akasaka Diesels Limited,Majuro,-,Kumiai Senpaku Company Limited,Japan,Kumiai Senpaku Company Limited,Japan,Southern Pacific Holding Corporation,Panama,Clearlake Shipping Limited,Republic of Singapore,-,-,9799111,538007746,11.07,2018,-,-,-,-,Hudong Heavy Machinery Company Limited,3400,5773,6S35ME-B9,NorthStandard,American Bureau,-,-,-,-,-,-,2028-03-09T00:00:00,2028-03-09T00:00:00,Synergy Maritime Private Limited,India,Synergy Maritime Private Limited,India,FOR ORDERS,-,A,17 Aug 2026 13:33:33 GMT,18 Aug 2026 10:00:00 GMT,Kumiai Senpaku Company Limited,Japan,"17° 46' 47"" N","74° 1' 42"" W"
Seri Mayaa,asphalt tanker,Takamatsu,Koa Sangyo K.K.,12598246,Live,Malaysia,412,-1' dwt,699,Single,9MWT7,291,581,46.50,43.00,-,9.80,-,-,-,Port Klang,-,Dynamic Environ Sendirian Berhad,Malaysia,Dynamic Environ Sendirian Berhad,Malaysia,Dynamic Environ Sendirian Berhad,Malaysia,-,-,-,-,9105346,533130662,5.20,1994,-,-,-,-,-,-,-,-,-,-,-,-,-,-,-,-,-,-,Bridge Maritime Solutions Sendirian Berhad,Malaysia,Bridge Maritime Solutions Sendirian Berhad,Malaysia,MAHARANI,-,A,06 Jun 2026 06:46:06 GMT,01 Sep 2026 00:50:00 GMT,Dynamic Environ Sendirian Berhad,Malaysia,"2° 3' 1"" N","102° 33' 9"" E"
Da Tai Shan,asphalt tanker,Guangzhou,Guangzhou Hangtong Shipbuilding & Shipping Company Limited,12600313,Live,"Hong Kong, S.A.R., China",2159,1'+ dwt,7843,Double Hull,VRRN5,7197,HT152205,109.90,104.00,20.00,20.00,7.25,3.85,Akasaka Diesels Limited,Hong Kong,-,Wideshine Enterprises Company Limited,People's Republic of China,Fangchenggang Southwest Maritime Limited,People's Republic of China,Ocean Summer Maritime Limited,"Hong Kong, S.A.R., China",-,-,-,-,9803120,477151700,11.10,2018,-,-,-,-,CSSC Marine Power Company Limited,3328,4522,6S35ME-B9.5,West of England Mutual Shipowners Protection & Indemnity Association (Luxemburg),Bureau Veritas,-,-,2023-05-09T00:00:00,2025-12-22T00:00:00,2025-11-01T00:00:00,2023-05-09T00:00:00,2028-02-08T00:00:00,2028-02-08T00:00:00,Tianjin Southwest Maritime Limited (TSM),People's Republic of China,Tianjin Southwest Maritime Limited (TSM),People's Republic of China,PEBGC SG SIN,Singapore East Anchorage,A,17 Aug 2026 14:05:51 GMT,18 Aug 2026 23:00:00 GMT,Fangchenggang Southwest Maritime Limited,People's Republic of China,"2° 6' 37"" S","108° 40' 13"" E"
Poestella,asphalt tanker,Wuhan,Qingshan Shipyard of China Changjiang National Shipping Group,12600958,Live,Singapore,2187,1'+ dwt,8021,Double Hull,9V5121,7293,QS74991,109.90,104.00,20.00,20.00,7.30,3.80,Mitsubishi Heavy Industries Limited,Singapore,-,Xin Yuan Enterprises Group Limited,People's Republic of China,Bilxin Shipping Group Private Limited,Republic of Singapore,Poestella Shipping Private Limited,Republic of Singapore,-,-,-,-,9803235,563008900,11.10,2017,-,-,-,-,Akasaka Diesels Limited,3200,4348,6UEC33LSE-C2,China Shipowners Mutual Assurance Association,BV (provisional), (provisional), (provisional),2022-03-24T00:00:00,2025-02-24T00:00:00,2024-03-01T00:00:00,2022-03-24T00:00:00,2027-01-09T00:00:00,2027-01-09T00:00:00,Bernhard Schulte Shipmanagement (Singapore) Private Limited,-,Bernhard Schulte Shipmanagement (Singapore) Private Limited,-,NL AMS > GB EAM,Eastham,A,17 Aug 2026 14:15:53 GMT,19 Aug 2026 07:00:00 GMT,Bilxin Shipping Group Private Limited,Republic of Singapore,"50° 15' 45"" N","1° 22' 41"" W"
Rostella,asphalt tanker,Wuhan,Qingshan Shipyard of China Changjiang National Shipping Group,12600976,Live,Singapore,2187,1'+ dwt,7996,Double Hull,9V5116,7293,QS74992,109.90,104.00,20.00,20.00,7.30,3.80,Mitsubishi Heavy Industries Limited,Singapore,-,Xin Yuan Enterprises Group Limited,People's Republic of China,Bilxin Shipping Group Private Limited,Republic of Singapore,Rostella Shipping Private Limited,Republic of Singapore,-,-,-,-,9803247,563017700,11.10,2017,-,-,-,-,Akasaka Diesels Limited,3200,4348,6UEC33LSE-C2,Assuranceforeningen Skuld,BV (provisional), (provisional), (provisional),2022-05-24T00:00:00,2025-02-20T00:00:00,2022-06-01T00:00:00,2022-05-23T00:00:00,2027-04-17T00:00:00,2027-04-17T00:00:00,-,-,Bilxin Shipping Group Private Limited,Republic of Singapore,AUADL >> HKLAM,Lamjane,A,17 Aug 2026 14:07:43 GMT,21 Aug 2026 04:00:00 GMT,Bilxin Shipping Group Private Limited,Republic of Singapore,"9° 10' 8"" N","120° 27' 8"" E"
Bitumen Hikari,asphalt tanker,Japan,Murakami Hide Shipbuilding Company Limited,12601350,Live,Singapore,1156,1'+ dwt,4478,Double Hull,9V8178,3853,629,99.71,95.70,17.80,17.80,5.52,2.18,B&W Diesel A/S,Singapore,-,-,-,-,-,-,-,-,-,-,-,9801419,563165300,7.70,2017,-,-,-,-,Hitachi Zosen Corporation,2600,3803,5L35MC,-,Nippon Kaiji Kyokai,-,-,2019-10-25T00:00:00,-,2017-01-12T00:00:00,-,2031-04-15T00:00:00,2031-04-15T00:00:00,-,-,-,-,DONGGUAN-CHINA,-,A,17 Aug 2026 14:16:02 GMT,16 Aug 2026 21:00:00 GMT,Hakushin Kisen,-,"22° 7' 19"" N","113° 46' 24"" E"
Aspire,asphalt tanker,Japan,Nakatani Shipbuilding Company Limited,12601369,Live,Malaysia,1082,1'+ dwt,3537,Double Hull,9M3646,3605,650,96.50,89.90,16.50,16.50,5.41,2.99,Akasaka Diesels Limited,Port Klang,-,-,-,-,-,-,-,-,-,-,-,9799666,533133151,8.40,2015,-,-,-,-,Akasaka Diesels Limited,1912,3649,A37,West of England Mutual Shipowners Protection & Indemnity Association (Luxemburg),Nippon Kaiji Kyokai,-,-,2020-04-23T00:00:00,-,2017-04-27T00:00:00,-,2027-04-26T00:00:00,2027-04-26T00:00:00,-,-,-,-,-,-,A,17 Aug 2026 14:16:43 GMT,-,Hong L.,-,"1° 16' 40"" N","103° 35' 29"" E"
Kowa Maru No.3,asphalt tanker,Hakata,Hakata Shipbuilding Company Limited,12601389,Live,Japan,-,1'+ dwt,1459,Double Hull,JD4102,749,822,70.95,67.00,11.20,11.20,4.30,0.30,The Hanshin Diesel Works Limited,Matsuyama,-,Shinei Kaiun K.K. (Shinei Marine Company Limited),Japan,Shinei Kaiun K.K. (Shinei Marine Company Limited),Japan,Shinei Kaiun K.K. (Shinei Marine Company Limited),Japan,-,-,-,-,9798600,431008542,4.60,2016,-,-,-,-,The Hanshin Diesel Works Limited,1323,1800,LA30G,-,Nippon Kaiji Kyokai,-,-,2021-01-14T00:00:00,-,2021-01-14T00:00:00,-,2031-01-13T00:00:00,2031-01-13T00:00:00,Shinei Kaiun K.K. (Shinei Marine Company Limited),Japan,Shinei Kaiun K.K. (Shinei Marine Company Limited),Japan,>JP YKK SW41,-,A,17 Aug 2026 14:13:09 GMT,16 Aug 2026 16:20:00 GMT,Shinei Kaiun K.K. (Shinei Marine Company Limited),Japan,"34° 59' 50"" N","136° 39' 39"" E"
Dew,water tanker,Nantong,Jiangsu Haitong Offshore Engineering Equipment Company Limited,12603011,Live,Singapore,135,-1' dwt,481,Single,9V3765,365,JSHT035,43.30,40.96,8.00,8.00,2.91,0.39,Unknown Engine Designer,Singapore,-,-,-,-,-,Golden Island Marine Services Private Limited,Republic of Singapore,-,-,-,-,9787728,565761000,3.30,2016,-,-,-,-,-,590,878,6EY17W,-,Korean Register,-,-,-,-,-,-,2031-04-11T00:00:00,2031-04-11T00:00:00,-,-,Golden Island Marine Services Private Limited,Republic of Singapore,ASPLU,-,A,17 Aug 2026 14:14:17 GMT,15 Aug 2026 14:00:00 GMT,Golden Island Marine Services Private Limited,Republic of Singapore,"1° 13' 22"" N","103° 43' 33"" E"
JS Jiangyin,asphalt tanker,Zhenjiang,Jiangsu Sanfeng Shipbuilding Industries Company Limited,12603673,Live,South Korea,2428,1'+ dwt,7507,Double Hull,DSMA9,5060,SF-005,118.00,110.00,17.60,17.60,6.81,2.19,Fuji Diesel Company Limited,Jeju,-,Jisung Global Company Limited,Republic of Korea,Jisung Global Company Limited,Republic of Korea,Jisung Energy Company Limited,Republic of Korea,-,-,-,-,9796028,440007000,9.00,2016,-,-,-,-,-,3360,4506,6H32/40P,Assuranceforeningen Gard,Korean Register,-,-,-,-,-,-,2031-01-08T00:00:00,2031-01-08T00:00:00,Jisung Shipping Company Limited,Republic of Korea,Jisung Shipping Company Limited,Republic of Korea,-,-,A,16 Aug 2026 02:06:33 GMT,-,Jisung Global Company Limited,Republic of Korea,"35° 4' 23"" N","128° 59' 39"" E"
Rossi A. Desgagnes,asphalt tanker,Istanbul,Besiktas Gemi Insa A.S.,12604586,Live,Canada,4332,1'+ dwt,14919,Double Hull,CFCI,12061,63,135.00,132.60,23.50,23.50,7.90,3.40,Sulzer Turbomachinery Services,Quebec,-,Groupe Desgagnes Incorporated,Canada,Transport Desgagnes Incorporated,Canada,Transport Desgagnes Incorporated,Canada,-,-,-,-,9804435,316033265,11.30,2019,-,-,-,-,Diesel United Limited,5450,7405,5RT-flex 50 DF,-,BV (provisional), (provisional), (provisional),2024-03-30T00:00:00,2022-03-25T00:00:00,2024-03-01T00:00:00,2024-03-30T00:00:00,2029-04-29T00:00:00,2029-04-29T00:00:00,Transport Desgagnes Incorporated,Canada,Transport Desgagnes Incorporated,Canada,HOPE BAY,Hope Bay,A,17 Aug 2026 14:15:29 GMT,20 Aug 2026 12:00:00 GMT,Transport Desgagnes Incorporated,Canada,"72° 58' 49"" N","74° 27' 32"" W"
Leo Asphalt II,asphalt tanker,Japan,Murakami Hide Shipbuilding Company Limited,12610073,Live,Singapore,1283,1'+ dwt,5255,Double Hull,9V4001,4275,627,102.51,98.50,17.80,17.80,5.91,2.84,B&W Diesel A/S,Singapore,-,-,-,-,-,-,-,-,-,-,-,9806689,563316700,8.75,2017,-,-,-,-,Hitachi Zosen Corporation,2600,4057,5L35MC,U.K. Mutual Steam Ship Assurance Association (Bermuda) Ltd,Nippon Kaiji Kyokai,-,-,2020-05-08T00:00:00,-,2017-05-26T00:00:00,-,2027-05-25T00:00:00,2027-05-25T00:00:00,-,-,-,-,CNYPG,Yangpu Port,A,17 Aug 2026 14:06:09 GMT,20 Aug 2026 06:00:00 GMT,ENEOS Ocean Corporat,-,"7° 55' 41"" N","107° 46' 14"" E"
Ryoei Maru No.11,asphalt tanker,Japan,Murakami Hide Shipbuilding Company Limited,12610098,Live,Japan,-,1'+ dwt,1455,Double Hull,JD4215,749,636,69.95,65.00,11.50,11.50,4.20,0.40,Daihatsu Infinearth Manufactoring Company Limited,Imabari,-,"Japan Railway Construction, Transport & Technology Agency",Japan,"Japan Railway Construction, Transport & Technology Agency & Yamaoka Kisen K.K.",Japan,"Japan Railway Construction, Transport & Technology Agency & Yamaoka Kisen K.K.",Japan,-,-,-,-,9806691,431009835,4.60,2017,-,-,-,-,Daihatsu Infinearth Manufactoring Company Limited,1471,1373,6DKM-26E,-,Nippon Kaiji Kyokai,-,-,2019-10-11T00:00:00,-,2017-09-20T00:00:00,-,2027-09-19T00:00:00,2027-09-19T00:00:00,Yamaoka Kisen K.K.,Japan,Yamaoka Kisen K.K.,Japan,>JP HKS OFF,-,A,17 Aug 2026 14:16:03 GMT,18 Aug 2026 06:00:00 GMT,"Japan Railway Construction, Transport & Technology Agency & Yamaoka Kisen K.K.",Japan,"33° 47' 15"" N","131° 44' 36"" E"
Bitumen Kosei,asphalt tanker,Imabari,Murakami Hide Shipbuilding Company Limited,12610110,Live,Panama,1279,1'+ dwt,5261,Double Hull,3FHK7,4264,649,102.51,98.50,17.80,17.80,5.90,2.85,B&W Diesel A/S,Panama,-,-,-,-,-,-,-,-,-,-,-,9806756,353757000,8.75,2017,-,-,-,-,-,2600,3533,5L35MC,-,BV (provisional), (provisional), (provisional),2026-01-14T00:00:00,2025-11-30T00:00:00,2024-02-01T00:00:00,-,2027-09-12T00:00:00,2027-09-12T00:00:00,-,-,-,-,BALIKPAPAN INDONESIA,Balikpapan,A,17 Aug 2026 14:08:51 GMT,18 Aug 2026 23:00:00 GMT,Hakushin Kisen,-,"2° 8' 13"" N","119° 22' 7"" E"
Da Wei Shan,asphalt tanker,Guangzhou,Guangzhou Hangtong Shipbuilding & Shipping Company Limited,12616226,Live,"Hong Kong, S.A.R., China",2159,1'+ dwt,7860,Double Hull,VRQW7,7197,HT152203,109.90,104.00,20.00,20.00,7.25,3.85,Akasaka Diesels Limited,Hong Kong,-,Unknown Owners,-,Unknown Owners,-,Ocean March Maritime Limited,"Hong Kong, S.A.R., China",-,-,-,-,9803118,477096700,11.10,2017,-,-,-,-,CSSC Marine Power Company Limited,3328,4522,6S35ME-B9.5,Assuranceforeningen Skuld,Bureau Veritas,-,-,2022-07-10T00:00:00,2025-07-07T00:00:00,2026-03-01T00:00:00,2022-07-10T00:00:00,2027-09-21T00:00:00,2027-09-21T00:00:00,Tianjin Southwest Maritime Limited (TSM),People's Republic of China,Tianjin Southwest Maritime Limited (TSM),People's Republic of China,BOTANY_BAY/AUS,Port Botany,A,17 Aug 2026 14:10:25 GMT,16 Aug 2026 02:00:00 GMT,Unknown Owners,-,"34° 11' 9"" S","151° 37' 33"" E"
Tonny,water tanker,Moss,AS Moss Vaerft & Dokk,126473,Live,Norway,149,Unknown size,447,Single,LLKH,499,104,46.06,-,7.70,7.62,-,-,Wartsila Norway AS,Kopervik,-,Barents AS,Norway,Barents AS,Norway,Barents Ocean AS,Norway,-,-,-,-,5262263,258043000,5.50,1942,-,-,-,-,Wartsila Norway AS,522,700,7ACA,-,-,-,-,-,-,-,-,-,-,-,-,Barents AS,Norway,FISHFARMS,-,A,17 Aug 2026 14:15:58 GMT,01 Jan 2027 19:00:00 GMT,Barents AS,Norway,"68° 47' 19"" N","16° 32' 33"" E"
FS Bitumen No. 2,asphalt tanker,China,Zijinshan Shipyard,12698507,Live,Panama,2291,1'+ dwt,7769,Double Hull,3FPO6,7634,T031,109.90,104.95,20.00,20.00,7.00,4.10,Unknown Engine Designer,Panama,-,Simosa Group,"Taiwan, China",Simosa Shipping Company Limited,"Hong Kong, S.A.R., China",Simosa Marine Corporation,Panama,-,-,-,-,9796559,371135000,11.10,2017,-,-,-,-,Makita Corporation,3030,5819,6UEC33LSE-C2,U.K. Mutual Steam Ship Assurance Association (Bermuda) Ltd,Nippon Kaiji Kyokai,China Corporation of Shipping,-,2020-01-03T00:00:00,-,2017-01-18T00:00:00,-,2027-01-17T00:00:00,2027-01-17T00:00:00,Simosa Shipping (Taiwan) Company Limited,"Taiwan, China",Simosa Shipping (Taiwan) Company Limited,"Taiwan, China",FOR ORDERS,-,A,17 Aug 2026 14:13:45 GMT,16 Aug 2026 11:30:00 GMT,Simosa Shipping Company Limited,"Hong Kong, S.A.R., China","24° 34' 32"" N","67° 1' 25"" E"
3B Destiny,asphalt tanker,China,Zijinshan Shipyard,12698509,Live,Malta,2099,1'+ dwt,7645,Double Hull,9HA5742,6998,ZJS-T030,109.90,104.95,20.00,20.00,7.00,4.10,Unknown Engine Designer,Valletta,-,BB Energy Group Holding Limited,United Arab Emirates,3B Shipping Limited,"Hong Kong, S.A.R., China",3B Destiny Incorporated,Malta,-,-,-,-,9799446,256206000,11.10,2017,-,-,-,-,-,4110,5512,6UEC33LSE-C2,NorthStandard,Korean Register,-,-,-,-,2017-04-28T00:00:00,-,2027-04-27T00:00:00,2027-04-27T00:00:00,Azora Marine Company,Greece,Azora Marine Company,Greece,CHEKKA,Chekka,A,17 Aug 2026 14:12:33 GMT,21 Aug 2026 08:00:00 GMT,3B Shipping Limited,"Hong Kong, S.A.R., China","38° 18' 11"" N","19° 27' 14"" E"
Tasco Tara,asphalt tanker,Ulsan,HD Hyundai Mipo Company Limited,12698894,Live,Singapore,3098,1'+ dwt,12689,Double Hull,9V2967,10326,2635,130.00,126.54,22.50,22.50,8.00,4.40,Unknown Engine Designer,Singapore,-,Tipco Asphalt Public Company Limited,Thailand,Tipco Maritime Company Limited (The Marine Group),Thailand,Pacific Bitumen Shipping Private Limited,Republic of Singapore,-,-,-,-,9808522,563037600,12.40,2017,-,-,-,-,-,4000,7021,LH46L,Assuranceforeningen Skuld,Nippon Kaiji Kyokai,-,-,2020-08-10T00:00:00,-,-,-,2027-10-22T00:00:00,2027-10-22T00:00:00,Tipco Maritime Company Limited (The Marine Group),Thailand,Tipco Maritime Company Limited (The Marine Group),Thailand,AU_BTB,Port Botany,A,17 Aug 2026 14:08:53 GMT,26 Aug 2026 01:00:00 GMT,Tipco Maritime Company Limited (The Marine Group),Thailand,"8° 5' 53"" S","125° 42' 16"" E"
Bikala  Star,water tanker,Erlenbach,Erlenbacher Schiffswerft Maschinen- und Stahlbau GmbH,12702,Live,Unknown,316,1'+ dwt,1100,Single,T8A2313,499,1004,62.00,60.56,9.00,8.97,3.53,0.49,Mak Motoren GmbH & Company KG,-,-,Unknown Owners,-,Unknown Owners,-,Unknown Owners,-,-,-,-,-,6808791,-,4.02,1968,-,-,-,-,Atlas-Mak Maschinenbau GmbH,671,900,9M451AK,-,-,-,-,-,-,-,-,-,-,-,-,Unknown Owners,-,-,-,A,13 Oct 2025 17:40:55 GMT,-,Unknown Owners,-,"5° 38' 22"" N","0° 1' 2"" E"
Lim Family,edible oil tanker,Unknown,-,12721984,Live,Thailand,-,-1' dwt,750,Single,HSB5592,427,-,-,-,-,-,4.20,-,Unknown Engine Designer,-,-,P Nuangkumma,Thailand,P Nuangkumma,Thailand,P Nuangkumma,Thailand,-,-,-,-,9779666,567001920,-,2015,-,-,-,-,-,400,536,K38M,-,-,-,-,-,-,-,-,-,-,-,-,P Nuangkumma,Thailand,-,-,-,21 Apr 2018 00:12:41 GMT,-,P Nuangkumma,Thailand,"4° 50' 11"" N","103° 33' 58"" E"
Fu Jie 1,asphalt tanker,China,-,12728493,Live,China,1676,1'+ dwt,5000,Double Hull,BKOM6,2993,-,96.17,89.80,-,15.20,3.80,3.10,Unknown Engine Designer,-,-,Zhoushan Fujie Shipping Company Limited,People's Republic of China,Zhoushan Fujie Shipping Company Limited,People's Republic of China,Zhoushan Fujie Shipping Company Limited,People's Republic of China,-,-,-,-,8695100,413447070,6.90,2012,-,-,-,-,-,2187,2933,6N330-EN,-,-,-,-,-,-,-,-,-,-,-,-,Zhoushan Fujie Shipping Company Limited,People's Republic of China,ZHOU SHAN,-,-,07 Aug 2018 01:32:49 GMT,06 Aug 2018 10:00:00 GMT,Zhoushan Fujie Shipping Company Limited,People's Republic of China,"30° 0' 8"" N","122° 4' 21"" E"
Juice Express,fruit juice tanker,Zhongshan,Guangxin Shipbuilding & Heavy Industry Company Limited,12735465,Live,Liberia,1309,1'+ dwt,4701,Single,D5NI8,4364,GS15206,99.90,97.90,15.40,15.40,6.10,2.65,Mak Motoren GmbH & Company KG,Monrovia,212,Seatrade Holding B.V.,Netherlands,Seatrade Groningen B.V.,Netherlands,Juice Express Shipping Company N.V.,Curacao,-,-,-,-,9812456,636017922,8.75,2018,-,-,-,-,CSSC Motoren Anqing-Kiel Company Limited,2666,3622,8M25,Assuranceforeningen Skuld,Bureau Veritas,-,-,2023-06-23T00:00:00,2026-05-18T00:00:00,2023-06-01T00:00:00,2023-06-23T00:00:00,2028-03-11T00:00:00,2028-03-11T00:00:00,Seatrade Groningen B.V.,Netherlands,Seatrade Groningen B.V.,Netherlands,CRMOB,Crombie,A,17 Aug 2026 13:43:23 GMT,19 Aug 2026 22:00:00 GMT,Seatrade Groningen B.V.,Netherlands,"18° 11' 2"" N","83° 44' 59"" W"
Tai Hua Wan,asphalt tanker,China,Chengxi Shipyard Company Limited,12744319,Live,China,2224,1'+ dwt,7652,Double Hull,BOPD,7414,CX5403,114.92,108.50,19.50,19.50,7.15,3.85,B&W Diesel A/S,Haikou,-,China COSCO Shipping Corporation Limited (China Cosco Shipping Group) (COSCO Shipping) (COSCOCS),People's Republic of China,COSCO Shipping Asphalt (Hainan) Company Limited,People's Republic of China,COSCO Shipping Asphalt (Hainan) Company Limited,People's Republic of China,-,-,-,-,9814387,413527080,11.00,2018,-,-,-,-,Dalian Marine Diesel Company Limited,3330,5714,6S35ME-B9.5-Tier III,China Shipowners Mutual Assurance Association,CS (provisional), (provisional), (provisional),-,-,2018-04-12T00:00:00,-,2028-04-11T00:00:00,2028-04-11T00:00:00,COSCO Shipping Asphalt (Hainan) Company Limited,People's Republic of China,COSCO Shipping Asphalt (Hainan) Company Limited,People's Republic of China,MOHAMMEDIA,-,A,17 Aug 2026 14:11:31 GMT,18 Aug 2026 13:00:00 GMT,COSCO Shipping Asphalt (Hainan) Company Limited,People's Republic of China,"35° 52' 21"" N","4° 24' 51"" W"
Sheng Hua Wan,asphalt tanker,China,Chengxi Shipyard Company Limited,12744320,Live,China,2224,1'+ dwt,7641,Double Hull,BOPB,7414,CX5406,114.92,108.50,19.50,19.50,7.15,3.85,B&W Diesel A/S,Haikou,-,China COSCO Shipping Corporation Limited (China Cosco Shipping Group) (COSCO Shipping) (COSCOCS),People's Republic of China,COSCO Shipping Asphalt (Hainan) Company Limited,People's Republic of China,COSCO Shipping Asphalt (Hainan) Company Limited,People's Republic of China,-,-,-,-,9814416,413527980,11.00,2018,-,-,-,-,Dalian Marine Diesel Company Limited,3330,5714,6S35ME-B9.5-Tier III,China Shipowners Mutual Assurance Association,CS (provisional), (provisional), (provisional),-,-,2018-09-19T00:00:00,-,2028-09-18T00:00:00,2028-09-18T00:00:00,COSCO Shipping Asphalt (Hainan) Company Limited,People's Republic of China,COSCO Shipping Asphalt (Hainan) Company Limited,People's Republic of China,-,-,A,17 Aug 2026 14:15:37 GMT,-,COSCO Shipping Asphalt (Hainan) Company Limited,People's Republic of China,"36° 53' 41"" N","7° 45' 57"" E"
Kang Hua Wan,asphalt tanker,China,Chengxi Shipyard Company Limited,12744322,Live,China,2224,1'+ dwt,7651,Double Hull,BOPC,7414,CX5405,114.92,108.50,19.50,19.50,7.15,3.85,B&W Diesel A/S,Haikou,-,China COSCO Shipping Corporation Limited (China Cosco Shipping Group) (COSCO Shipping) (COSCOCS),People's Republic of China,COSCO Shipping Asphalt (Hainan) Company Limited,People's Republic of China,COSCO Shipping Asphalt (Hainan) Company Limited,People's Republic of China,-,-,-,-,9814404,413527910,11.00,2018,-,-,-,-,Dalian Marine Diesel Company Limited,3330,5714,6S35ME-B9.5-Tier III,China Shipowners Mutual Assurance Association,China Classification,-,-,-,-,2018-09-19T00:00:00,-,2028-09-18T00:00:00,2028-09-18T00:00:00,COSCO Shipping Asphalt (Hainan) Company Limited,People's Republic of China,COSCO Shipping Asphalt (Hainan) Company Limited,People's Republic of China,RAYONG,Rayong,A,17 Aug 2026 14:14:26 GMT,23 Aug 2026 04:00:00 GMT,COSCO Shipping Asphalt (Hainan) Company Limited,People's Republic of China,"22° 31' 9"" N","117° 8' 2"" E"
Rong Hua Wan,asphalt tanker,China,Chengxi Shipyard Company Limited,12744324,Live,China,2224,1'+ dwt,7634,Double Hull,BOPE,7414,CX5404,114.92,108.50,19.50,19.50,7.15,3.86,B&W Diesel A/S,Haikou,-,China COSCO Shipping Corporation Limited (China Cosco Shipping Group) (COSCO Shipping) (COSCOCS),People's Republic of China,COSCO Shipping Asphalt (Hainan) Company Limited,People's Republic of China,COSCO Shipping Asphalt (Hainan) Company Limited,People's Republic of China,-,-,-,-,9814399,413527660,11.00,2018,-,-,-,-,Dalian Marine Diesel Company Limited,3330,5714,6S35ME-B9.5-Tier III,China Shipowners Mutual Assurance Association,China Classification,-,-,-,-,2018-05-23T00:00:00,-,2028-05-22T00:00:00,2028-05-22T00:00:00,COSCO Shipping Asphalt (Hainan) Company Limited,People's Republic of China,COSCO Shipping Asphalt (Hainan) Company Limited,People's Republic of China,DZ ANNABA,-,A,17 Aug 2026 14:14:47 GMT,17 Aug 2026 19:00:00 GMT,COSCO Shipping Asphalt (Hainan) Company Limited,People's Republic of China,"37° 13' 2"" N","6° 55' 14"" E"
Palanca River,asphalt tanker,China,Chengxi Shipyard Company Limited,12746554,Live,Marshall Islands,7842,1'+ dwt,36819,Double Hull,V7DR6,26141,CX5305A,179.90,176.90,30.60,30.60,16.80,0.00,Sulzer Turbomachinery Services,Majuro,-,Trafigura Beheer B.V.,Netherlands,White Flag Ventures LIV LLC,Marshall Islands,White Flag Ventures LIV LLC,Marshall Islands,-,-,-,-,9815458,538007747,16.80,2018,-,-,-,-,Hudong Heavy Machinery Company Limited,6400,8696,5RT-FLEX50,Steamship Mutual Underwriting Association (Bermuda) Ltd,Lloyds Register,-,-,2026-03-06T00:00:00,-,2024-03-01T00:00:00,-,2028-02-04T00:00:00,2028-02-04T00:00:00,Synergy Maritime Private Limited,India,Synergy Maritime Private Limited,India,BEANR>GRAGT,Agio Theodoroi,A,17 Aug 2026 14:16:27 GMT,26 Aug 2026 03:00:00 GMT,White Flag Ventures LIV LLC,Marshall Islands,"50° 8' 25"" N","2° 3' 25"" W"
Sulfur Advance,asphalt tanker,Jiangsu,Jiangsu Islands Shipbuilding Industry Company Limited,12750180,Live,Panama,1166,1'+ dwt,4959,Double Hull,HOOB,3887,ISI5001T,99.90,99.90,16.20,16.20,6.33,1.97,Yanmar Diesel Engine Company Limited,Panama,-,Unknown Owners,-,Unknown Owners,-,KIS Sulfur Advance Company SA,Panama,-,-,-,-,9814105,374065000,8.30,2018,-,-,-,-,Yanmar Diesel Engine Company Limited,2360,3824,8EY26W,Assuranceforeningen Gard,Korean Register,-,-,-,-,2018-01-10T00:00:00,-,2028-01-09T00:00:00,2028-01-09T00:00:00,Jisung Shipping Company Limited,Republic of Korea,Jisung Shipping Company Limited,Republic of Korea,"ZHENJIANG,CN",-,A,17 Aug 2026 14:10:06 GMT,17 Aug 2026 06:00:00 GMT,Unknown Owners,-,"32° 11' 28"" N","119° 33' 17"" E"
Cumhuriyet,asphalt tanker,China,Zhejiang Zhenxing Shiprepair & Building Company Limited,12753742,Live,Turkiye,1813,1'+ dwt,6600,Double Hull,TCA7064,5311,ZX128,109.70,104.00,17.00,17.00,6.70,2.00,Daihatsu Infinearth Manufactoring Company Limited,Istanbul,-,-,-,-,-,-,-,-,-,-,-,9817298,271050337,8.70,2017,-,-,-,-,Daihatsu Infinearth Manufactoring Company Limited,2700,4643,8DKM-28,Assuranceforeningen Skuld,American Bureau,-,-,2024-11-30T00:00:00,2025-08-27T00:00:00,2022-10-03T00:00:00,2024-11-30T00:00:00,2027-09-20T00:00:00,2027-09-20T00:00:00,-,-,-,-,ROGAL,Galati,A,17 Aug 2026 13:48:51 GMT,17 Aug 2026 23:00:00 GMT,Seacon S.G.,-,"42° 9' 42"" N","29° 23' 33"" E"
Kan Wo,asphalt tanker,Mawei,Fujian Mawei Shipbuilding Limited,12759613,Live,"Hong Kong, S.A.R., China",1858,1'+ dwt,6454,Double Hull,VRRG2,6194,MW508-1,109.90,104.00,20.00,20.00,6.50,3.30,Mitsubishi Heavy Industries Limited,Hong Kong,-,Compass Shipping Company Limited,"Hong Kong, S.A.R., China",Compass Shipping Company Limited,"Hong Kong, S.A.R., China",Kanwo Shipping Company Limited,"Hong Kong, S.A.R., China",-,-,-,-,9811074,477142800,9.80,2017,-,-,-,-,Akasaka Diesels Limited,2480,5109,6UEC33LSII,West of England Mutual Shipowners Protection & Indemnity Association (Luxemburg),American Bureau,-,-,-,-,-,-,2027-12-24T00:00:00,2027-12-24T00:00:00,Fortuna Shipping and Marine Services Private Limited,Republic of Singapore,Fortuna Shipping and Marine Services Private Limited,Republic of Singapore,YEOSU/ KR,Yeosu,A,17 Aug 2026 14:16:51 GMT,18 Aug 2026 20:00:00 GMT,Compass Shipping Company Limited,"Hong Kong, S.A.R., China","29° 59' 47"" N","123° 40' 32"" E"
Jastella,asphalt tanker,Mawei,Fujian Mawei Shipbuilding Limited,12759631,Live,"Hong Kong, S.A.R., China",2187,1'+ dwt,7947,Double Hull,VRQY9,7293,MW5073,109.90,104.00,20.00,20.00,7.30,3.80,Mitsubishi Heavy Industries Limited,Hong Kong,-,Xin Yuan Enterprises Group Limited,People's Republic of China,Bilxin Shipping Group Private Limited,Republic of Singapore,Jastella Shipping Hong Kong Limited,"Hong Kong, S.A.R., China",-,-,-,-,9812121,477103400,11.10,2018,-,-,-,-,Yichang Marine Diesel Engine Plant,3200,4348,6UEC33LSE-C2,China Shipowners Mutual Assurance Association,Bureau Veritas,-,-,2023-04-05T00:00:00,2026-04-21T00:00:00,2023-04-01T00:00:00,2026-04-21T00:00:00,2028-04-08T00:00:00,2028-04-08T00:00:00,Fujian Xinyuanxinlanhai Import and Export Trade Company Limited,People's Republic of China,Fujian Xinyuanxinlanhai Import and Export Trade Company Limited,People's Republic of China,AU GLT,Gladstone,A,17 Aug 2026 14:05:17 GMT,18 Aug 2026 22:00:00 GMT,Bilxin Shipping Group Private Limited,Republic of Singapore,"27° 48' 57"" S","153° 58' 20"" E"
Baustella,asphalt tanker,Mawei,Fujian Mawei Shipbuilding Limited,12759632,Live,"Hong Kong, S.A.R., China",2187,1'+ dwt,7995,Double Hull,VRQZ3,7293,MW5074,109.90,104.00,20.00,20.00,7.30,3.80,Mitsubishi Heavy Industries Limited,Hong Kong,-,Aviation Industry Corporation of China,People's Republic of China,AVIC International Leasing Company Limited,People's Republic of China,Bright Baustella Shipping Limited,Liberia,Xin Yuan Enterprises Group Limited,People's Republic of China,-,-,9812133,477103600,11.10,2018,-,-,-,-,Yichang Marine Diesel Engine Plant,3200,4348,6UEC33LSE-C2,China Shipowners Mutual Assurance Association,Bureau Veritas,-,-,2022-12-18T00:00:00,2026-04-06T00:00:00,2023-12-01T00:00:00,2022-12-18T00:00:00,2028-01-31T00:00:00,2028-01-31T00:00:00,Seacon Ships Management Company Limited,"Hong Kong, S.A.R., China",Seacon Ships Management Company Limited,"Hong Kong, S.A.R., China",RO GAL,Galati,A,17 Aug 2026 14:14:00 GMT,17 Aug 2026 08:00:00 GMT,AVIC International Leasing Company Limited,People's Republic of China,"45° 25' 26"" N","28° 9' 32"" E"
New Horizon,asphalt tanker,Miura,Miura Shipbuilding Company Limited,12759637,Live,Singapore,1195,1'+ dwt,3736,Double Hull,9V5465,3983,1561,105.11,99.00,16.50,16.50,5.11,3.24,B&W Diesel A/S,Singapore,-,Nippon Gas Line Company Limited,Japan,Crystal Water Navigation Private Limited,Republic of Singapore,Crystal Water Navigation Private Limited,Republic of Singapore,-,-,-,-,9816024,563039300,8.35,2017,-,-,-,-,Makita Corporation,2750,3882,5L35MC,Japan Shipowners Mutual Protection & Indemnity Association,Nippon Kaiji Kyokai,-,-,2020-10-08T00:00:00,-,2017-12-01T00:00:00,-,2027-11-30T00:00:00,2027-11-30T00:00:00,Executive Ship Management Private Limited,Republic of Singapore,Executive Ship Management Private Limited,Republic of Singapore,"SG SIN,PEBGC",-,A,17 Aug 2026 14:11:02 GMT,14 Aug 2026 08:15:00 GMT,Crystal Water Navigation Private Limited,Republic of Singapore,"1° 17' 31"" N","103° 57' 42"" E"
Sidra Qatar,asphalt tanker,Linhai,Linhai Huipu Shipbuilding Company Limited,12763989,Live,Qatar,1203,1'+ dwt,4020,Double Hull,A7SQ,3138,HP 1506,99.80,95.00,15.00,15.00,5.40,1.80,Daihatsu Infinearth Manufactoring Company Limited,Doha,-,Qatar Fuel Company QSC (WOQOD),State of Qatar,WOQOD Marine Services Company,State of Qatar,Sidra Qatar Shipping Company,State of Qatar,-,-,-,-,9796597,466012000,7.20,2017,-,-,-,-,Shaanxi Diesel Engine Factory,1912,3347,6DKM-28E,Assuranceforeningen Skuld,China Classification,China Classification,-,-,-,2017-04-13T00:00:00,-,2027-01-17T00:00:00,2027-01-17T00:00:00,WOQOD Marine Services Company,State of Qatar,WOQOD Marine Services Company,State of Qatar,-,-,A,17 Aug 2026 14:16:35 GMT,-,WOQOD Marine Services Company,State of Qatar,"1° 14' 42"" N","103° 48' 52"" E"
Guang Zhou Wan,asphalt tanker,Qingdao,Wuchang Shipbuilding Industry Company Limited,12774238,Live,China,3324,1'+ dwt,13307,Double Hull,BOST,11081,AH0002AL,145.90,138.00,22.60,22.60,7.90,3.90,Fuji Diesel Company Limited,Haikou,-,China COSCO Shipping Corporation Limited (China Cosco Shipping Group) (COSCO Shipping) (COSCOCS),People's Republic of China,COSCO Shipping Asphalt (Hainan) Company Limited,People's Republic of China,COSCO Shipping Asphalt (Hainan) Company Limited,People's Republic of China,-,-,-,-,9802578,413526060,11.80,2017,-,-,-,-,Dalian Marine Diesel Company Limited,4320,7337,6S40ME-B9.5,China Shipowners Mutual Assurance Association,China Classification,-,-,-,-,-,-,2027-03-30T00:00:00,2027-03-30T00:00:00,COSCO Shipping Asphalt (Hainan) Company Limited,People's Republic of China,COSCO Shipping Asphalt (Hainan) Company Limited,People's Republic of China,BOTANY BAY AUS,Port Botany,A,17 Aug 2026 13:55:26 GMT,23 Aug 2026 18:00:00 GMT,COSCO Shipping Asphalt (Hainan) Company Limited,People's Republic of China,"11° 19' 1"" S","146° 16' 22"" E"
Jin Zhou Wan,asphalt tanker,Qingdao,Wuchang Shipbuilding Industry Company Limited,12782847,Live,China,3324,1'+ dwt,13265,Double Hull,BOSU,11081,AH0003AL,145.90,138.00,22.60,22.60,7.90,3.90,Fuji Diesel Company Limited,Haikou,-,China COSCO Shipping Corporation Limited (China Cosco Shipping Group) (COSCO Shipping) (COSCOCS),People's Republic of China,COSCO Shipping Asphalt (Hainan) Company Limited,People's Republic of China,COSCO Shipping Asphalt (Hainan) Company Limited,People's Republic of China,-,-,-,-,9802580,413526050,11.80,2017,-,-,-,-,Dalian Marine Diesel Company Limited,4320,7337,6S40ME-B9,China Shipowners Mutual Assurance Association,CS (provisional), (provisional), (provisional),-,-,2017-06-10T00:00:00,-,2027-06-09T00:00:00,2027-06-09T00:00:00,COSCO Shipping Asphalt (Hainan) Company Limited,People's Republic of China,COSCO Shipping Asphalt (Hainan) Company Limited,People's Republic of China,FOR ORDERS,La Teja,A,17 Aug 2026 14:01:19 GMT,01 Sep 2026 03:00:00 GMT,COSCO Shipping Asphalt (Hainan) Company Limited,People's Republic of China,"17° 28' 23"" S","36° 57' 26"" W"
Taihai 3,asphalt tanker,China,Zijinshan Shipyard,12790553,Live,"Hong Kong, S.A.R., China",2099,1'+ dwt,8027,Double Hull,VRRA6,6998,ZJS-T038,109.90,104.95,20.00,20.00,7.01,4.09,B&W Diesel A/S,Hong Kong,-,Ocean Power Shipping Management Company Limited,"Hong Kong, S.A.R., China",Ocean Power Shipping Management Company Limited,"Hong Kong, S.A.R., China",Ocean Power Shipping Management Company Limited,"Hong Kong, S.A.R., China",-,-,-,-,9811098,477112500,11.10,2017,-,-,-,-,CSSC-MES Diesel Company Limited (CMD),4110,5512,6S35MC,West of England Mutual Shipowners Protection & Indemnity Association (Luxemburg),Korean Register,-,-,-,-,2017-08-22T00:00:00,-,2027-08-21T00:00:00,2027-08-21T00:00:00,Wuhan Yidong Shipping Management Company Limited,People's Republic of China,Wuhan Yidong Shipping Management Company Limited,People's Republic of China,TIANJIN,-,A,17 Aug 2026 14:14:06 GMT,14 Aug 2026 13:00:00 GMT,Ocean Power Shipping Management Company Limited,"Hong Kong, S.A.R., China","38° 57' 13"" N","117° 44' 23"" E"
LG Asphalt 2,asphalt tanker,China,Zhejiang Zhenxing Shiprepair & Building Company Limited,12804191,Live,Malaysia,1515,1'+ dwt,5274,Double Hull,9MWS7,5051,ZX122,99.50,94.50,18.60,18.60,5.80,3.21,Zibo Diesel Engine Factory,Port Klang,-,Blackhem Holdings Sendirian Berhad,Malaysia,May Maritime Services Sendirian Berhad,Malaysia,May Tanker Sendirian Berhad,Malaysia,-,-,-,-,9826885,533130658,9.00,2016,-,-,-,-,Qingdao Zichai Boyang Diesel Engine Company Limited,1920,4501,ZC8270ZLC-6,-,China Classification,-,-,-,-,2017-09-28T00:00:00,-,2027-09-27T00:00:00,2027-09-27T00:00:00,May Maritime Services Sendirian Berhad,Malaysia,May Maritime Services Sendirian Berhad,Malaysia,MYPKG,-,A,17 Aug 2026 14:14:16 GMT,13 Aug 2026 11:00:00 GMT,May Maritime Services Sendirian Berhad,Malaysia,"2° 47' 54"" N","101° 20' 9"" E"
Kartika 1,edible oil tanker,Pulau Batam,PT Palma Progress Shipyard,12815970,Live,Indonesia,1251,1'+ dwt,3596,Double Hull,YBVB2,2529,601,80.00,77.30,20.00,20.00,3.51,1.99,Unknown Engine Designer,Tanjung Priok,-,PT KSA Offshore,Indonesia,PT KSA Offshore,Indonesia,PT KSA Offshore,Indonesia,-,-,-,-,9828728,525100588,5.50,2017,-,-,-,-,Yanmar Diesel Engine Co,1220,2927,6L20,London Steamship Owners Mutual Insurance Association Ltd,Nippon Kaiji Kyokai,-,-,2021-03-24T00:00:00,-,-,-,-,-,PT KSA Offshore,Indonesia,PT KSA Offshore,Indonesia,SAMPIT,-,A,17 Aug 2026 14:13:42 GMT,17 Aug 2026 10:00:00 GMT,PT KSA Offshore,Indonesia,"2° 44' 23"" S","112° 55' 8"" E"
Lotstella,asphalt tanker,Mawei,Fujian Mawei Shipbuilding Limited,12827245,Live,"Hong Kong, S.A.R., China",2099,1'+ dwt,7988,Double Hull,VRRX8,6999,MW5075,109.90,104.00,20.00,20.00,7.30,3.80,Mitsubishi Heavy Industries Limited,Hong Kong,-,Aviation Industry Corporation of China,People's Republic of China,AVIC International Leasing Company Limited,People's Republic of China,Bright Lostella Shipping Limited,Liberia,Lotus Star Shipping (Hong Kong) Limited,"Hong Kong, S.A.R., China",-,-,9832121,477191100,11.10,2018,-,-,-,-,Yichang Marine Diesel Engine Plant,3200,4348,6UEC33LSE-C2,China Shipowners Mutual Assurance Association,Bureau Veritas,-,-,2023-11-15T00:00:00,2021-12-24T00:00:00,2023-11-01T00:00:00,2023-11-15T00:00:00,2028-11-14T00:00:00,2028-11-14T00:00:00,Wallem Shipmanagement Limited (WSM),"Hong Kong, S.A.R., China",Wallem Shipmanagement Limited (WSM),"Hong Kong, S.A.R., China",CAKTM>KRPUS,Busan,A,17 Aug 2026 14:15:21 GMT,19 Aug 2026 18:00:00 GMT,AVIC International Leasing Company Limited,People's Republic of China,"40° 36' 50"" N","139° 0' 52"" E"
LT Amber,asphalt tanker,Taixing,DaYang Offshore Equipment Company Limited,12858170,Live,Singapore,1252,1'+ dwt,4466,Double Hull,9V5431,4175,SH076,99.90,93.90,17.00,16.40,5.60,2.90,Akasaka Diesels Limited,Singapore,-,Yujin Holdings Limited,Republic of Singapore,LT Marine Private Limited,Republic of Singapore,LT Asphalt Private Limited,Republic of Singapore,-,-,-,-,9824863,563037700,8.50,2018,-,-,-,-,Akasaka Diesels Limited,2100,2853,A38,-,Bureau Veritas,-,-,2022-10-01T00:00:00,2026-02-07T00:00:00,2022-10-01T00:00:00,-,2028-01-01T00:00:00,2028-01-01T00:00:00,JR Orion Services Private Limited,Republic of Singapore,JR Orion Services Private Limited,Republic of Singapore,PEBGC  SG,-,A,17 Aug 2026 14:15:50 GMT,15 Aug 2026 03:45:00 GMT,LT Marine Private Limited,Republic of Singapore,"1° 14' 24"" N","103° 48' 0"" E"
LT Beryl,asphalt tanker,Taixing,DaYang Offshore Equipment Company Limited,12883526,Live,Singapore,1252,1'+ dwt,4434,Double Hull,9V5432,4175,SH077,99.90,93.90,17.00,16.40,5.60,2.90,Akasaka Diesels Limited,Singapore,-,Yujin Holdings Limited,Republic of Singapore,LT Marine Private Limited,Republic of Singapore,LT Bitumen Private Limited,Republic of Singapore,-,-,-,-,9824875,563037800,8.50,2018,-,-,-,-,Akasaka Diesels Limited,2100,2853,A38,-,BV (provisional), (provisional), (provisional),2022-11-16T00:00:00,2026-03-10T00:00:00,2022-11-01T00:00:00,-,2028-01-24T00:00:00,2028-01-24T00:00:00,JR Orion Services Private Limited,Republic of Singapore,JR Orion Services Private Limited,Republic of Singapore,BINTULU MALAYSIA,"Bintulu, Sarawak",A,17 Aug 2026 13:21:28 GMT,17 Aug 2026 23:00:00 GMT,LT Marine Private Limited,Republic of Singapore,"3° 33' 36"" N","111° 31' 48"" E"
Wabo 5,water tanker,Netherlands,-,12916098,Live,Netherlands,-,-1' dwt,589,Single,PC5939,124,-,57.00,-,7.00,6.90,2.60,-,Unknown Engine Designer,-,-,Unknown Owners,-,Unknown Owners,-,Unknown Owners,-,-,-,-,-,7944803,244150528,-,1963,-,-,-,-,SAAB-Scania,339,449,DSI-14,-,-,-,-,-,-,-,-,-,-,-,-,Unknown Owners,-,A,-,A,17 Aug 2026 14:16:45 GMT,11 Jan 2027 15:22:00 GMT,Unknown Owners,-,"52° 25' 1"" N","4° 51' 16"" E"
Rezeki Bersama,edible oil tanker,Indonesia,PT Karyasindo Samudra Biru Shipyard,12957280,Live,Indonesia,1204,1'+ dwt,4300,Single,JZFK,2299,-,-,79.20,-,19.52,-,-,Yanmar Diesel Engine Company Limited,Batam,-,P.T. Putra Satria Abadi,Indonesia,P.T. Putra Satria Abadi,Indonesia,P.T. Putra Satria Abadi,Indonesia,-,-,-,-,8689008,525023146,5.49,2013,-,-,-,-,Yanmar Diesel Engine Company Limited,618,829,6AYM-WET,-,Biro Klasifikasi Indonesia,-,-,-,-,-,-,-,-,-,-,P.T. Putra Satria Abadi,Indonesia,-,-,Both,17 Aug 2026 14:07:44 GMT,-,P.T. Putra Satria Abadi,Indonesia,"7° 7' 25"" S","112° 39' 15"" E"
Smooth Sea 21,asphalt tanker,Thailand,-,12971191,Live,Thailand,325,1'+ dwt,1310,Single,HSB5956,966,-,69.00,63.20,11.00,10.57,3.50,1.50,Unknown Engine Designer,-,-,Smooth Sea Company Limited,Thailand,Smooth Sea Company Limited,Thailand,Smooth Sea Company Limited,Thailand,-,-,-,-,8776394,-,5.00,2011,-,-,-,-,-,1182,1182,UNKNOWN,-,-,-,-,-,-,-,-,-,-,Smooth Sea Company Limited,Thailand,Smooth Sea Company Limited,Thailand,MAHACHAI,Sriracha,A,30 Apr 2026 06:18:59 GMT,28 Apr 2026 23:00:00 GMT,Smooth Sea Company Limited,Thailand,"13° 8' 40"" N","100° 53' 32"" E"
Hua Hang He Chang,asphalt tanker,China,Chongqing Chuandong Shipbuilding Industry Company Limited,12974946,Live,China,1622,1'+ dwt,6111,Single,BUSA6,5408,HT0145,108.00,102.00,18.00,17.60,6.50,3.60,Yanmar Diesel Engine Company Limited,Wuhan,-,Hubei Provincial Port Group,People's Republic of China,Wuhan New Port Datong International Shipping Company Limited,People's Republic of China,Wuhan New Port Datong International Shipping Company Limited,People's Republic of China,-,-,-,-,9856995,413593850,10.10,2018,-,-,-,-,Qingdao Zichai Boyang Diesel Engine Company Limited,2574,4696,6N330-EW,West of England Mutual Shipowners Protection & Indemnity Association (Luxemburg),China Classification,-,-,-,-,-,-,2028-12-04T00:00:00,2028-12-04T00:00:00,Wuhan New Port Datong International Shipping Company Limited,People's Republic of China,Wuhan New Port Datong International Shipping Company Limited,People's Republic of China,CN TXG,-,A,17 Aug 2026 14:12:39 GMT,19 Aug 2026 14:00:00 GMT,Wuhan New Port Datong International Shipping Company Limited,People's Republic of China,"35° 29' 1"" N","124° 31' 46"" E"
Prism,water tanker,Taizhou(Zhejiang),-,12977288,Live,Singapore,162,-1' dwt,630,Single,9V8658,440,CZ1703,43.40,41.01,-,9.00,3.00,0.80,Cummins Incorporated,Singapore,-,Unknown Owners,-,Unknown Owners,-,Dews Spring Private Limited,Republic of Singapore,-,-,-,-,9847360,563067950,3.80,2018,-,-,-,-,Chongqing Cummins Engine Company Limited,373,507,K19,-,Bureau Veritas,-,-,2024-01-03T00:00:00,-,2024-01-01T00:00:00,-,2028-12-13T00:00:00,2028-12-13T00:00:00,-,-,Golden Island Private Limited,Republic of Singapore,ASPLU,-,A,17 Aug 2026 14:14:27 GMT,17 Aug 2026 19:11:00 GMT,Unknown Owners,-,"1° 13' 21"" N","103° 43' 33"" E"
Sukses Bersama 18,edible oil tanker,Pulau Batam,PT Karyasindo Samudra Biru Shipyard,12999558,Live,Indonesia,1263,Unknown size,-,Single,YETU,2416,-,82.64,79.75,-,19.52,-,-,Mitsubishi Heavy Industries Limited,Batam,-,PT Putra Sumber Bahari,Indonesia,PT Putra Sumber Bahari,Indonesia,PT Putra Sumber Bahari,Indonesia,-,-,-,-,8698841,525018367,5.48,2014,-,-,-,-,Mitsubishi Heavy Industries Limited Shipbuilding,768,1030,S6R2-MPTK2,-,Biro Klasifikasi Indonesia,-,-,-,-,-,-,-,-,-,-,PT Putra Sumber Bahari,Indonesia,JAMBI,-,A,17 Aug 2026 14:15:27 GMT,16 Aug 2026 18:00:00 GMT,PT Putra Sumber Bahari,Indonesia,"1° 27' 26"" S","103° 41' 43"" E"
Hafsa 1,water tanker,United Arab Emirates,-,13005727,Live,United Arab Emirates,-,Unknown size,-,Single,A6E3124,145,-,30.00,-,7.00,-,-,-,Unknown Engine Designer,-,-,Unknown Owners,-,Unknown Owners,-,Unknown Owners,-,-,-,-,-,9840544,470976000,-,2015,-,-,-,-,-,-,-,UNKNOWN,British Marine (QBE Insurance Group Limited),-,-,-,-,-,-,-,-,-,-,-,Unknown Owners,-,-,-,Both,17 Aug 2026 14:15:47 GMT,-,Unknown Owners,-,"25° 22' 14"" N","55° 22' 12"" E"
Jac,water tanker,Le Havre,ACH - Construction Navale,13006,Live,Unknown,862,1'+ dwt,3200,Single,-,2128,1216,90.99,84.00,13.50,13.50,5.47,0.83,Mak Motoren GmbH & Company KG,-,-,Sicilship S.r.l.,Italy,Sicilnavi S.r.l.,Italy,Dunfield Investments Limited,Gibraltar,-,-,-,-,7360227,-,6.30,1975,-,-,-,-,Mak Motoren GmbH & Company KG,2685,3600,12M453,-,-,-,-,-,-,-,-,-,-,Sicilnavi S.r.l.,Italy,Sicilnavi S.r.l.,Italy,-,-,-,-,-,Sicilnavi S.r.l.,Italy,-,-
Ning Yuan Xing Guang,asphalt tanker,China,Linhai Huipu Shipbuilding Company Limited,13060049,Live,China,-,1'+ dwt,5258,Single,BOAR5,3651,HJ201704,100.00,95.00,16.00,16.00,6.00,2.01,Unknown Engine Designer,Zhoushan,-,Unknown Owners,-,Unknown Owners,-,Zhoushan Ningyuan Shipping Company Limited,People's Republic of China,-,-,-,-,9896000,413216050,8.00,2019,-,-,-,-,-,2743,3678,6N330-EN,-,-,-,-,-,-,-,-,2029-09-03T00:00:00,2029-09-03T00:00:00,-,-,Zhoushan Ningyuan Shipping Company Limited,People's Republic of China,TAI ZHOU,-,A,17 Aug 2026 14:12:02 GMT,16 Aug 2026 20:10:00 GMT,Unknown Owners,-,"32° 18' 40"" N","119° 44' 8"" E"
Atsuta Maru,asphalt tanker,Japan,Murakami Hide Shipbuilding Company Limited,13293496,Live,Japan,-,1'+ dwt,1428,Double Hull,JD4711,749,658,69.97,-,11.50,11.50,4.26,0.34,Daihatsu Infinearth Manufactoring Company Limited,Tokyo,-,Cosmo Oil Company Limited,Japan,Cosmo Oil Company Limited,Japan,Cosmo Kaiun Company Limited,Japan,-,-,-,-,9875707,431014666,4.60,2020,-,-,-,-,Daihatsu Infinearth Manufactoring Company Limited,1024,1373,6DKM-26E,-,Nippon Kaiji Kyokai,-,-,-,-,-,-,2030-04-07T00:00:00,2030-04-07T00:00:00,Cosmo Kaiun Company Limited,Japan,Cosmo Kaiun Company Limited,Japan,>JP SBK XX KOMATSU,-,A,17 Aug 2026 14:15:08 GMT,15 Aug 2026 14:00:00 GMT,Cosmo Oil Company Limited,Japan,"34° 30' 52"" N","135° 24' 6"" E"
Su Deryasi 3,water tanker,Unknown,-,13296769,Live,Turkiye,108,-1' dwt,343,Single,TC5799,227,-,42.00,-,8.00,-,-,-,Unknown Engine Designer,Istanbul,-,Su Deryasi Denizcilik ve Ticaret AS,Turkiye,Su Deryasi Denizcilik ve Ticaret AS,Turkiye,Su Deryasi Denizcilik ve Ticaret AS,Turkiye,-,-,-,-,8992716,271010473,-,1991,-,-,-,-,-,487,653,6NVD26A-2,-,-,-,-,-,-,-,-,-,-,-,-,Su Deryasi Denizcilik ve Ticaret AS,Turkiye,-,-,A,17 Aug 2026 14:14:42 GMT,-,Su Deryasi Denizcilik ve Ticaret AS,Turkiye,"40° 57' 5"" N","29° 5' 18"" E"
White Pearl,asphalt tanker,Jiangyin,Chengxi Shipyard Company Limited,13407878,Live,Marshall Islands,7857,1'+ dwt,36754,Double Hull,V7A4872,26192,CX5407,179.90,176.90,30.60,30.60,10.40,6.40,Unknown Engine Designer,Majuro,-,Kumiai Senpaku Company Limited,Japan,Kumiai Senpaku Company Limited,Japan,Southern Pacific Holding Corporation,Panama,Clearlake Shipping Limited,Republic of Singapore,-,-,9917957,538009544,16.80,2021,-,-,-,-,-,9341,12527,5RT-Flex50-D,NorthStandard,BV (provisional), (provisional), (provisional),-,2025-01-05T00:00:00,2021-12-01T00:00:00,-,2026-12-13T00:00:00,2026-12-13T00:00:00,Synergy Maritime Private Limited,India,Synergy Maritime Private Limited,India,FOR ORDERS,-,A,17 Aug 2026 13:14:30 GMT,28 Aug 2026 13:00:00 GMT,Kumiai Senpaku Company Limited,Japan,"33° 57' 14"" N","29° 9' 50"" W"
Bitu River,asphalt tanker,Weihai,China Merchants Jinling Shipyard (Weihai) Company Limited,13471422,Live,Panama,3959,1'+ dwt,16542,Double Hull,HOA2224,13220,CMYZ0093,145.80,140.75,26.20,26.20,7.20,3.62,Wartsila Corporation,Panama,-,Rubis SCA,France,Rubis Asphalt Middle East DMCC,United Arab Emirates,Bitu River Shipping Corporation,Panama,-,-,-,-,9918133,352001163,10.80,2022,-,-,-,-,-,6106,8188,9L26,Assuranceforeningen Skuld,RI (provisional), (provisional), (provisional),-,-,-,-,2027-09-27T00:00:00,2027-09-27T00:00:00,Maritec Tanker Management Private Limited,India,Maritec Tanker Management Private Limited,India,ARMED GUARDS ONBOARD,-,A,17 Aug 2026 14:16:08 GMT,19 Aug 2026 14:30:00 GMT,Rubis Asphalt Middle East DMCC,United Arab Emirates,"6° 6' 13"" N","1° 16' 23"" E"
City-38,edible oil tanker,Bangladesh,-,13549208,Live,Bangladesh,-,1'+ dwt,3500,Double Hull,-,2334,CG HULL-43,87.00,-,16.00,16.00,4.25,1.96,Yuchai Marine Power Company Limited,Chittagong,-,Unknown Owners,-,Unknown Owners,-,City Edible Oil Limited,Bangladesh,-,-,-,-,9853967,-,6.20,2020,-,-,-,-,Yuchai Marine Power Company Limited,882,2784,YC6CL1200L-C20,-,RINA Services S.p.A.,-,-,-,-,-,-,2030-10-31T00:00:00,2030-10-31T00:00:00,-,-,Unknown Owners,-,-,-,-,-,-,Unknown Owners,-,-,-
Asuzanmaru,asphalt tanker,Kumamoto,Shinosaki Zosen,13589868,Live,Japan,-,1'+ dwt,1532,Double Hull,JD2969,747,128,65.00,65.00,12.00,12.00,4.74,0.26,Unknown Engine Designer,Tokyo,-,Unknown Owners,-,Unknown Owners,-,Daiichi Kaiun Company Limited,Japan,-,-,-,-,9568380,431016755,5.00,2009,-,-,-,-,-,1022,1371,LH30L,-,-,-,-,-,-,-,-,-,-,-,-,Unknown Owners,-,> JP YKK  CE-1,Sakai,A,17 Aug 2026 14:15:20 GMT,18 Aug 2026 11:10:00 GMT,Unknown Owners,-,"33° 39' 32"" N","135° 15' 13"" E"
Tokuichi Maru No.10,molasses tanker,Hakata,Murakami Hide Shipbuilding Company Limited,136467,Live,Panama,317,1'+ dwt,1529,Single,-,499,172,59.00,-,9.50,-,4.20,0.60,Unknown Engine Designer,Panama,-,Y.K. Fukagawa Kaiun,Japan,Y.K. Fukagawa Kaiun,Japan,Y.K. Fukagawa Kaiun,Japan,-,-,-,-,7913373,-,4.80,1979,-,-,-,-,-,895,1200,12V-71-N,-,-,-,-,-,-,-,-,-,-,-,-,Y.K. Fukagawa Kaiun,Japan,-,-,-,-,-,Y.K. Fukagawa Kaiun,Japan,-,-
Zetae Triuamt,water tanker,Iraq,-,13661390,Live,St. Kitts-Nevis,189,-1' dwt,811,Single,V4GD5,460,TS 0584,44.83,43.40,9.55,9.55,3.09,0.92,Unknown Engine Designer,Basseterre,-,Unknown Owners,-,Unknown Owners,-,ITM Shipholding International Incorporated,Panama,-,-,-,-,8774889,341127001,4.00,2015,-,-,-,-,-,-,-,UNKNOWN,-,Indian Register,-,-,-,-,-,-,2029-04-28T00:00:00,2029-04-28T00:00:00,-,-,Unknown Owners,-,HAMRIYAH,-,A,17 Aug 2026 14:13:23 GMT,29 Oct 2026 10:45:00 GMT,Unknown Owners,-,"25° 33' 53"" N","55° 5' 20"" E"
Mcasphalt Advantage,asphalt tanker,Nanhui,Wuhu Anrun Shipbuilding Company Limited,13731855,Live,Canada,3760,1'+ dwt,12917,Double Hull,VAAT,12534,W2121,140.00,137.10,23.75,23.75,6.80,4.90,Wartsila Corporation,Hamilton,-,Colas Group,France,McAsphalt Marine Transportation Limited,Canada,McAsphalt Marine Transportation Limited,Canada,-,-,-,-,9940057,316017550,11.70,2024,-,-,-,-,-,5907,7921,9L20DF,NorthStandard,BV (provisional), (provisional), (provisional),-,-,2025-02-01T00:00:00,-,2029-09-05T00:00:00,2029-09-05T00:00:00,McAsphalt Marine Transportation Limited,Canada,McAsphalt Marine Transportation Limited,Canada,NANTICOKE,Sarnia,A,17 Aug 2026 14:10:26 GMT,12 Aug 2026 21:00:00 GMT,McAsphalt Marine Transportation Limited,Canada,"42° 48' 37"" N","79° 14' 56"" W"
Aubrig,edible oil tanker,Turkey,Meltem Beykoz Tersanesi,13790746,Live,Switzerland,-,Unknown size,-,Single,HE7280,750,-,79.90,-,9.54,-,2.80,-,Unknown Engine Designer,-,-,Interstream Barging Vegoil AG,Switzerland,Interstream Barging Vegoil AG,Switzerland,Interstream Barging Vegoil AG,Switzerland,-,-,-,-,7932032,269057280,-,1981,-,-,-,-,-,-,-,UNKNOWN,-,-,-,-,-,-,-,-,-,-,-,-,Interstream Barging Vegoil AG,Switzerland,-,-,A,08 Aug 2026 18:00:13 GMT,-,Interstream Barging Vegoil AG,Switzerland,"52° 38' 10"" N","5° 3' 48"" E"
Northern Pathfinder,Compressed Natural Gas Carrier,China,Dalian New Shipbuilding Heavy Industry Company Limited,13813009,Live,Norway,3189,1'+ dwt,10189,Single,JXMT,10627,G7500-2,130.00,127.80,21.20,21.20,8.00,3.00,Unknown Engine Designer,Stavanger,-,Northern Lights JV DA,Norway,Northern Lights JV DA,Norway,Northern Lights JV DA,Norway,'K' Line Energy Shipping (UK) Limited,United Kingdom,-,-,9954230,257874000,11.00,2024,-,-,-,-,-,-,-,UNKNOWN,Assuranceforeningen Gard,DNV,-,-,-,-,-,-,2029-12-27T00:00:00,2029-12-27T00:00:00,'K' Line Energy Shipping (UK) Limited,United Kingdom,'K' Line Energy Shipping (UK) Limited,United Kingdom,NOBVK,Brevik,A,17 Aug 2026 14:16:22 GMT,16 Aug 2026 15:00:00 GMT,Northern Lights JV DA,Norway,"58° 40' 2"" N","9° 31' 31"" E"
Waterboot 10,water tanker,Zwijndrecht(NLD),Scheepswerf Gebroeders Kooiman B.V.,13827048,Live,Netherlands,-,Unknown size,-,Single,PF2118,215,116,35.00,-,6.00,-,2.00,-,Unknown Engine Designer,-,-,Unknown Owners,-,Unknown Owners,-,Unknown Owners,-,-,-,-,-,-,244670997,-,1963,-,-,-,-,-,471,632,6CHNSP18/22,-,-,-,-,-,-,-,-,-,-,-,-,Unknown Owners,-,-,-,A,17 Aug 2026 14:15:40 GMT,-,Unknown Owners,-,"51° 54' 13"" N","4° 26' 8"" E"
Igea,water tanker,Messina,-,13841722,Live,Italy,-,-1' dwt,250,Single,IMDZ,154,-,31.96,-,6.66,-,-,-,Unknown Engine Designer,-,-,Unknown Owners,-,Unknown Owners,-,Unknown Owners,-,-,-,-,-,7000542,-,-,1969,-,-,-,-,-,383,513,BF12L714,-,-,-,-,-,-,-,-,-,-,-,-,Unknown Owners,-,-,-,-,-,-,Unknown Owners,-,-,-
B. B. Tirtha,water tanker,-,-,13849595,Live,India,-,-1' dwt,600,Single,-,194,-,-,-,-,-,-,-,Unknown Engine Designer,-,-,Unknown Owners,-,Unknown Owners,-,Unknown Owners,-,-,-,-,-,8709212,-,-,1989,-,-,-,-,-,-,-,UNKNOWN,-,-,-,-,-,-,-,-,-,-,-,-,Unknown Owners,-,-,-,-,-,-,Unknown Owners,-,-,-
Mashimizu Maru,water tanker,-,-,13850806,Live,Japan,-,-1' dwt,400,Single,JI3348,151,-,-,-,-,-,-,-,Unknown Engine Designer,-,-,Unknown Owners,-,Unknown Owners,-,Unknown Owners,-,-,-,-,-,8801747,-,-,1988,-,-,-,-,-,378,507,6L26BGSH,-,-,-,-,-,-,-,-,-,-,-,-,Unknown Owners,-,-,-,-,-,-,Unknown Owners,-,-,-
Vodoley-2,water tanker,-,-,13851701,Live,Russia,-,Unknown size,-,Single,-,152,-,-,-,-,-,-,-,Unknown Engine Designer,-,-,Unknown Owners,-,Unknown Owners,-,Unknown Owners,-,-,-,-,-,8936188,-,-,1979,-,-,-,-,-,380,509,6CHNSP18/22,-,-,-,-,-,-,-,-,-,-,-,-,Unknown Owners,-,-,-,-,-,-,Unknown Owners,-,-,-
Tosui Maru No 15,water tanker,-,-,13851703,Live,Japan,-,-1' dwt,210,Single,JG2611,107,-,-,-,-,-,-,-,Unknown Engine Designer,-,-,Unknown Owners,-,Unknown Owners,-,Unknown Owners,-,-,-,-,-,8942345,-,-,1968,-,-,-,-,-,305,409,6L26BGSH,-,-,-,-,-,-,-,-,-,-,-,-,Unknown Owners,-,-,-,-,-,-,Unknown Owners,-,-,-
Doshi Maru,water tanker,-,-,13851720,Live,Japan,-,-1' dwt,360,Single,JG3033,199,-,-,-,-,-,-,-,Unknown Engine Designer,-,-,Unknown Owners,-,Unknown Owners,-,Unknown Owners,-,-,-,-,-,8944276,-,-,1971,-,-,-,-,-,449,602,6L26BGSH,-,-,-,-,-,-,-,-,-,-,-,-,Unknown Owners,-,-,-,-,-,-,Unknown Owners,-,-,-
Meisui Maru,water tanker,-,-,13851980,Live,Japan,-,-1' dwt,371,Single,JH3350,130,-,-,-,-,-,-,-,Unknown Engine Designer,-,-,Unknown Owners,-,Unknown Owners,-,Unknown Owners,-,-,-,-,-,8925139,-,-,1996,-,-,-,-,-,-,-,UNKNOWN,-,-,-,-,-,-,-,-,-,-,-,-,Unknown Owners,-,-,-,-,-,-,Unknown Owners,-,-,-
Hosei Maru No. 3,edible oil tanker,Japan,-,13852551,Live,Japan,-,-1' dwt,816,Single,JD2055,498,-,-,-,-,-,-,-,Unknown Engine Designer,-,-,Unknown Owners,-,Unknown Owners,-,Unknown Owners,-,-,-,-,-,8997558,431402001,-,2005,-,-,-,-,-,-,-,UNKNOWN,-,-,-,-,-,-,-,-,-,-,-,-,Unknown Owners,-,>JP KWS OFF,-,A,17 Aug 2026 14:15:12 GMT,18 Aug 2026 12:40:00 GMT,Unknown Owners,-,"35° 30' 27"" N","139° 50' 17"" E"
Ito Maru No. 2,edible oil tanker,-,-,13853935,Live,Japan,-,-1' dwt,325,Single,JG5220,112,-,-,-,-,-,-,-,Unknown Engine Designer,-,-,Unknown Owners,-,Unknown Owners,-,Unknown Owners,-,-,-,-,-,9071179,431008968,-,1993,-,-,-,-,-,314,421,6LU26G,-,-,-,-,-,-,-,-,-,-,-,-,Unknown Owners,-,-,-,A,15 Apr 2026 10:15:27 GMT,-,Unknown Owners,-,"34° 34' 52"" N","137° 21' 27"" E"
Jinsho,edible oil tanker,-,-,13853936,Live,Japan,-,-1' dwt,540,Single,JL6088,199,-,-,-,-,-,-,-,Unknown Engine Designer,-,-,Unknown Owners,-,Unknown Owners,-,Unknown Owners,-,-,-,-,-,9072604,431500145,-,1993,-,-,-,-,-,449,602,6LU26G,-,-,-,-,-,-,-,-,-,-,-,-,Unknown Owners,-,-,-,-,-,-,Unknown Owners,-,-,-
Kaihei Maru No. 5,edible oil tanker,-,-,13853941,Live,Japan,-,-1' dwt,535,Single,JG5160,204,-,-,-,-,-,-,-,Unknown Engine Designer,-,-,Unknown Owners,-,Unknown Owners,-,Unknown Owners,-,-,-,-,-,9072678,-,-,1993,-,-,-,-,-,456,611,6LU26G,-,-,-,-,-,-,-,-,-,-,-,-,Unknown Owners,-,-,-,-,-,-,Unknown Owners,-,-,-
Eiwa Maru,edible oil tanker,-,-,13853953,Live,South Korea,-,-1' dwt,313,Single,-,140,-,-,-,-,-,-,-,Unknown Engine Designer,-,-,Unknown Owners,-,Unknown Owners,-,Unknown Owners,-,-,-,-,-,9072941,-,-,1993,-,-,-,-,-,-,-,UNKNOWN,-,-,-,-,-,-,-,-,-,-,-,-,Unknown Owners,-,-,-,-,-,-,Unknown Owners,-,-,-
Global 168,edible oil tanker,-,-,13853981,Live,Mongolia,-,-1' dwt,776,Single,JVRE8,370,-,-,-,-,-,-,-,Unknown Engine Designer,Ulan Bator,-,Makmur Marine Petroleum Sendirian Berhad,Malaysia,Makmur Marine Petroleum Sendirian Berhad,Malaysia,Makmur Marine Petroleum Sendirian Berhad,Malaysia,-,-,-,-,9078347,457615000,-,1993,-,-,-,-,-,660,885,6LU26G,British Marine (QBE Insurance Group Limited),-,-,-,-,-,-,-,-,-,-,-,Makmur Marine Petroleum Sendirian Berhad,Malaysia,-,-,Both,17 Aug 2026 14:06:14 GMT,-,Makmur Marine Petroleum Sendirian Berhad,Malaysia,"1° 30' 35"" N","104° 0' 48"" E"
Shabnam-3,edible oil tanker,-,-,13854778,Live,Bangladesh,-,1'+ dwt,1300,Single,-,747,-,-,-,-,-,-,-,Unknown Engine Designer,-,-,Unknown Owners,-,Unknown Owners,-,Unknown Owners,-,-,-,-,-,9663893,-,-,2014,-,-,-,-,-,-,-,UNKNOWN,-,-,-,-,-,-,-,-,-,-,-,-,Unknown Owners,-,-,-,-,-,-,Unknown Owners,-,-,-
Valkenburg,edible oil tanker,-,-,13856582,Live,Netherlands,-,Unknown size,-,Single,-,-,-,-,-,-,-,-,-,Unknown Engine Designer,-,-,Unknown Owners,-,Unknown Owners,-,Unknown Owners,-,-,-,-,-,8104462,-,-,1958,-,-,-,-,-,-,-,UNKNOWN,-,-,-,-,-,-,-,-,-,-,-,-,Unknown Owners,-,-,-,-,-,-,Unknown Owners,-,-,-
Atlantic Narval,asphalt tanker,Singapore,Wuhu Shipyard Company Limited,13912835,Live,Singapore,5973,1'+ dwt,24316,Double Hull,9V7107,19913,W2061,168.70,164.20,28.20,28.20,9.20,5.30,MAN Diesel AS,Singapore,-,Tipco Asphalt Public Company Limited,Thailand,Tipco Maritime Company Limited (The Marine Group),Thailand,Atlantic Narval Shipping Private Limited,Republic of Singapore,-,-,-,-,9930210,563186800,14.50,2023,-,-,-,-,-,7878,10564,6G60ME-C10,Assuranceforeningen Skuld,Bureau Veritas,-,-,-,2026-03-31T00:00:00,-,-,2028-04-25T00:00:00,2028-04-25T00:00:00,Tipco Maritime Company Limited (The Marine Group),Thailand,Tipco Maritime Company Limited (The Marine Group),Thailand,ZACPT,Cape Town,A,17 Aug 2026 14:11:51 GMT,17 Aug 2026 23:00:00 GMT,Tipco Maritime Company Limited (The Marine Group),Thailand,"34° 49' 49"" S","18° 53' 29"" E"
Baltic Narval,asphalt tanker,Singapore,Wuhu Shipyard Company Limited,13912836,Live,Singapore,5973,1'+ dwt,24323,Single,9V7108,19913,W2062,168.70,164.20,28.20,28.20,9.20,5.30,Unknown Engine Designer,Singapore,-,Colas Group,France,Continental Bitumen France,France,Baltic Narval Shipping Private Limited,Republic of Singapore,Tipco Maritime Company Limited (The Marine Group),Thailand,-,-,9930222,563195800,14.50,2023,-,-,-,-,-,-,-,UNKNOWN,Assuranceforeningen Skuld,Bureau Veritas,-,-,-,2026-07-03T00:00:00,-,-,2028-07-17T00:00:00,2028-07-17T00:00:00,Tipco Maritime Company Limited (The Marine Group),Thailand,Tipco Maritime Company Limited (The Marine Group),Thailand,GIGIB,Gibraltar,A,17 Aug 2026 14:15:52 GMT,17 Aug 2026 04:00:00 GMT,Continental Bitumen France,France,"36° 10' 49"" N","4° 56' 6"" W"
Da An 68,asphalt tanker,China,Zhejiang Xinzhou Shipbuilding Company Limited,13948404,Live,China,-,1'+ dwt,4979,Single,BOXC2,4345,XZ2020-10,99.90,96.08,17.00,-,6.23,1.98,Unknown Engine Designer,Zhanjiang,-,Unknown Owners,-,Unknown Owners,-,Zhanjiang Daan Shipping Company Limited,Unknown,-,-,-,-,9978418,413335940,8.00,2022,-,-,-,-,-,3056,4098,6N330-EN,-,-,-,-,-,-,-,-,-,-,Zhanjiang Daan Shipping Company Limited,Unknown,Zhanjiang Daan Shipping Company Limited,Unknown,MAOMING,-,A,17 Aug 2026 11:07:08 GMT,18 Aug 2026 15:00:00 GMT,Unknown Owners,-,"21° 13' 37"" N","108° 36' 15"" E"
Koundinya,water tanker,Unknown,-,14007449,Live,India,78,-1' dwt,284,Single,VTPK,186,1,30.60,29.45,7.62,7.60,2.20,0.81,Unknown Engine Designer,Chennai,-,Libraa Group,India,Libraa Ship Management Private Limited,India,Libraa Ship Management Private Limited,India,-,-,-,-,9981013,419001743,3.00,2023,-,-,-,-,Ashok Leyland Ltd,-,-,UNKNOWN,-,Indian Register,-,-,-,-,-,-,2028-02-01T00:00:00,2028-02-01T00:00:00,Libraa Ship Management Private Limited,India,Libraa Ship Management Private Limited,India,-,-,A,29 Jan 2026 11:06:51 GMT,-,Libraa Ship Management Private Limited,India,"17° 41' 56"" N","83° 16' 25"" E"
Zest,asphalt tanker,China,Zhejiang Donghong Shipyard Company,14017116,Live,Liberia,2061,1'+ dwt,6732,Double Hull,5LWQ9,4723,DH2015-1,113.60,107.40,16.80,16.80,6.60,2.21,Unknown Engine Designer,Monrovia,-,Nippon Maritime Bank Company Limited (Nihon Maritime Bank KK),Japan,Nippon Maritime Bank Company Limited (Nihon Maritime Bank KK),Japan,NMB Shipping Limited,Liberia,SPM Shipping FZCO,United Arab Emirates,-,-,9970129,636025281,8.80,2023,-,-,-,-,-,2574,4316,6N330-EW,NorthStandard,China Classification,-,-,-,-,-,-,2028-02-23T00:00:00,2028-02-23T00:00:00,Royal Marine Shipmanagement Private Limited,Republic of Singapore,Royal Marine Shipmanagement Private Limited,Republic of Singapore,-,-,A,17 Aug 2026 14:12:23 GMT,-,Nippon Maritime Bank Company Limited (Nihon Maritime Bank KK),Japan,"25° 22' 55"" N","56° 28' 15"" E"
Havva Ana,asphalt tanker,Netherlands,-,14021620,Live,Liberia,4500,1'+ dwt,8864,Double Hull,5LPJ6,6803,FX-1918,119.99,114.00,18.50,18.50,7.30,2.21,Unknown Engine Designer,Monrovia,-,Guven Holding,Turkiye,Guven Holding,Turkiye,Havva Ana Shipping Limited,Liberia,-,-,-,-,9997385,636023781,9.50,2024,-,-,-,-,-,2727,3657,UNKNOWN,London Steamship Owners Mutual Insurance Association Ltd,RI (provisional), (provisional), (provisional),-,-,-,-,2029-06-25T00:00:00,2029-06-25T00:00:00,Mavera Denizcilik Dis Ticaret Limited Sirketi,Turkiye,Mavera Denizcilik Dis Ticaret Limited Sirketi,Turkiye,SAYNB,Yanbu al-Bahr,A,17 Aug 2026 14:11:09 GMT,18 Aug 2026 23:00:00 GMT,Guven Holding,Turkiye,"31° 50' 16"" N","31° 50' 2"" E"
Da An 78,asphalt tanker,Taizhou(Zhejiang),Zhejiang Mingfei Shipbuilding Company Limited,14037487,Live,China,2437,1'+ dwt,5775,Single,BPBG9,4352,MF2021-01,100.00,96.05,17.00,17.00,6.23,1.98,Unknown Engine Designer,Zhanjiang,-,Unknown Owners,-,Unknown Owners,-,Zhanjiang Da'an Water Trans,People's Republic of China,-,-,-,-,1015480,413387320,8.00,2023,-,-,-,-,-,3059,4102,6N330-EN,-,-,-,-,-,-,-,-,-,-,-,-,Unknown Owners,-,JIEYANG,Jieyang,A,17 Aug 2026 14:06:56 GMT,17 Aug 2026 07:00:00 GMT,Unknown Owners,-,"22° 51' 45"" N","116° 14' 3"" E"
White Allegra,asphalt tanker,Jiangyin,Chengxi Shipyard Company Limited,14041235,Live,Marshall Islands,4320,1'+ dwt,17779,Double Hull,V7A7291,14402,CX5408,160.00,155.00,23.50,23.50,8.50,4.70,Unknown Engine Designer,Majuro,-,Kumiai Senpaku Company Limited,Japan,Kumiai Senpaku Company Limited,Japan,Southern Pacific Holding Corporation,Panama,Clearlake Shipping Limited,Republic of Singapore,-,-,9973353,538010705,13.20,2023,-,-,-,-,-,6440,8636,6S40ME-B9,NorthStandard,BV (provisional), (provisional), (provisional),-,-,2023-10-01T00:00:00,-,2028-10-15T00:00:00,2028-10-15T00:00:00,Synergy Maritime Private Limited,India,Synergy Maritime Private Limited,India,FOR ORDERS,-,A,17 Aug 2026 14:15:16 GMT,11 Aug 2026 14:30:00 GMT,Kumiai Senpaku Company Limited,Japan,"35° 49' 33"" N","4° 48' 45"" W"
Bitu Ocean,asphalt tanker,Jiangdu,China Merchants Jinling Shipyard (Yangzhou) Dingheng Company Limited,14158297,Live,Panama,5139,1'+ dwt,17999,Double Hull,3E7052,12063,CMYZ0138,149.90,145.03,22.80,22.80,9.35,2.75,Unknown Engine Designer,Panama,-,-,-,-,-,-,-,-,-,-,-,1030595,352004813,12.10,2026,-,-,-,-,-,5767,7734,6S40ME-B9,Assuranceforeningen Skuld,RINA Services S.p.A.,-,-,-,-,-,-,2031-01-26T00:00:00,2031-01-26T00:00:00,-,-,-,-,ZADUR,Durban,A,17 Aug 2026 14:13:58 GMT,26 Aug 2026 08:00:00 GMT,Rubis Energie,-,"9° 26' 0"" S","5° 2' 10"" E"
Asphalt Sonata,asphalt tanker,Jiangyin,Chengxi Shipyard Company Limited,14212318,Live,Marshall Islands,7857,1'+ dwt,36703,Double Hull,V7A7550,26192,CX5409,179.90,176.90,30.60,30.60,10.40,6.40,-,Majuro,-,Vitol Holding BV,Netherlands,Vitol International Shipping Private Limited,Republic of Singapore,Asphalt Sonata Private Limited,Republic of Singapore,Elandra Holdings Limited,Marshall Islands,-,-,9986831,538010878,16.80,2024,-,-,-,-,-,9341,12527,5RT-Flex50-D,U.K. Mutual Steam Ship Assurance Association (Bermuda) Ltd,BV (provisional), (provisional), (provisional),-,-,-,-,2029-02-26T00:00:00,2029-02-26T00:00:00,LSC SIA,Republic of Latvia,LSC SIA,Republic of Latvia,GRAGT,Agio Theodoroi,A,17 Aug 2026 14:12:32 GMT,19 Aug 2026 09:00:00 GMT,Vitol International Shipping Private Limited,Republic of Singapore,"36° 8' 48"" N","18° 20' 1"" E"
Windpower,asphalt tanker,China,Zhejiang Tenglong Shipbuilding Company Limited,14213355,Live,Panama,4500,1'+ dwt,8500,Double Hull,3E6943,6803,FX-1919,114.00,114.00,18.50,18.50,7.30,2.20,Unknown Engine Designer,Panama,-,Queensway Navigation Company Limited,Greece,Queensway Navigation Company Limited,Greece,Corvus Shipping International Company,Liberia,-,-,-,-,1016056,352004677,9.50,2024,-,-,-,-,-,4039,5416,6UEC33LSE-C2,Assuranceforeningen Gard,-,Overseas Marine Certification Services,-,-,-,-,-,2029-11-15T00:00:00,2029-11-15T00:00:00,Queensway Navigation Company Limited,Greece,Queensway Navigation Company Limited,Greece,RO MID,Midia,A,17 Aug 2026 14:13:31 GMT,19 Aug 2026 13:00:00 GMT,Queensway Navigation Company Limited,Greece,"39° 34' 15"" N","25° 41' 46"" E"
Makarios,asphalt tanker,China,Zhejiang Tenglong Shipbuilding Company Limited,14213356,Live,Panama,-,1'+ dwt,8790,Single,3E8914,6803,FX-1920,119.99,-,18.50,18.50,7.30,2.21,Unknown Engine Designer,Panama,-,-,-,-,-,-,-,-,-,-,-,1044194,352005699,9.50,2025,-,-,-,-,-,3926,5265,6UEC33LSE-C2,-,RINA Services S.p.A.,-,-,-,-,-,-,2030-06-19T00:00:00,2030-06-19T00:00:00,-,-,-,-,BNJAR IDN,-,A,17 Aug 2026 14:13:49 GMT,16 Aug 2026 16:30:00 GMT,Aeromic,-,"3° 17' 51"" S","114° 34' 4"" E"
Wavepower,asphalt tanker,China,Zhejiang Zhenxing Shiprepair & Building Company Limited,14213359,Live,Panama,2520,1'+ dwt,8524,Single,3E7268,6805,ZX2309,119.99,114.00,18.50,18.50,7.30,2.21,Yanmar Diesel Engine Company Limited,Panama,-,Queensway Navigation Company Limited,Greece,Queensway Navigation Company Limited,Greece,Cetus Shipping International Company,Liberia,-,-,-,-,1043097,352005065,9.50,2025,-,-,-,-,Yanmar Diesel Engine Co,3310,5417,8N330-EN,Assuranceforeningen Gard,China Classification,-,-,-,-,-,-,2030-02-10T00:00:00,2030-02-10T00:00:00,Queensway Navigation Company Limited,Greece,Queensway Navigation Company Limited,Greece,GI GIB,Gibraltar,A,17 Aug 2026 14:16:36 GMT,16 Aug 2026 18:00:00 GMT,Queensway Navigation Company Limited,Greece,"36° 20' 35"" N","4° 29' 2"" W"
JUAN DE DIOS FRAGA MORENO,asphalt tanker,Frederikshavn,Danyard A/S,142152,Live,Cuba,298,1'+ dwt,1010,Single,CL3054,993,297,70.65,64.50,10.82,10.80,3.38,1.84,Deutz AG,-,-,Annex Shipping Corporation S.A.,Panama,Annex Shipping Corporation S.A.,Panama,Annex Shipping Corporation S.A.,Panama,-,-,-,-,7017806,323094110,5.22,1970,-,-,-,-,Deutz AG,710,952,SBA8M528,-,-,-,-,-,-,2000-08-01T00:00:00,-,-,-,-,-,Annex Shipping Corporation S.A.,Panama,-,-,-,-,-,Annex Shipping Corporation S.A.,Panama,-,-
DS Sophia,asphalt tanker,China,Zhejiang Donghong Shipbuilding Company Limited,14250651,Live,Indonesia,2140,1'+ dwt,7494,Double Hull,-,7136,DH2023-1,109.80,102.43,20.00,20.00,7.16,4.04,Mitsubishi Heavy Industries Limited,-,-,PT Dongsuh Dongbo Shipping Indonesia,Indonesia,PT Dongsuh Dongbo Shipping Indonesia,Indonesia,PT Dongsuh Dongbo Shipping Indonesia,Indonesia,-,-,-,-,1061312,525110741,11.20,2025,-,-,-,-,Mitsubishi Heavy Industries Limited,4980,5580,6UEC33LSE-C2,Steamship Mutual Underwriting Association (Bermuda) Ltd,Korean Register,-,-,-,-,-,-,2030-01-01T00:00:00,2030-01-01T00:00:00,Pelayaran Gantari Maritim PT,Indonesia,Pelayaran Gantari Maritim PT,Indonesia,LIAN YUN GANG,-,A,17 Aug 2026 14:09:07 GMT,11 Aug 2026 10:00:00 GMT,PT Dongsuh Dongbo Shipping Indonesia,Indonesia,"34° 49' 33"" N","119° 48' 46"" E"
Pyi,edible oil tanker,Gdansk,Stocznia Wisla,142534,Live,Myanmar,420,1'+ dwt,1426,Single,XYNO,1019,1300/5,65.00,-,10.80,10.41,4.70,0.50,Sulzer Turbomachinery Services,-,-,Myanma Petroleum Enterprises,Union of Myanmar,Myanma Petroleum Enterprises,Union of Myanmar,Myanma Petroleum Enterprises,Union of Myanmar,-,-,-,-,7922544,506074000,5.20,1980,-,-,-,-,Zaklady Przemyslu Metalowego H. Cegielski S.A.,1096,1470,8ASL25/30,-,-,-,-,-,-,1990-08-01T00:00:00,-,-,-,-,-,Myanma Petroleum Enterprises,Union of Myanmar,-,-,-,-,-,Myanma Petroleum Enterprises,Union of Myanmar,-,-
Pechora,water tanker,-,-,14279578,Live,Comoros,-,-1' dwt,474,Single,D6A4163,275,-,-,-,-,-,-,-,Unknown Engine Designer,Moroni,-,Ocean Bunkers,Pakistan,Ocean Bunkers,Pakistan,Ocean Bunkers,Pakistan,-,-,-,-,8683846,620800163,-,2011,-,-,-,-,-,-,-,UNKNOWN,-,-,-,-,-,-,-,-,-,-,-,-,Ocean Bunkers,Pakistan,-,-,A,17 Aug 2026 14:12:42 GMT,-,Ocean Bunkers,Pakistan,"25° 32' 24"" N","55° 4' 7"" E"
Vita F.,water tanker,Imabari,Asakawa Shipbuilding Company Limited,143313,Live,Italy,658,1'+ dwt,2541,Single,IPNX,1415,193,76.80,71.50,12.00,12.00,5.20,0.37,Daihatsu Diesel Manufacturing Company Limited,Palermo,-,Enomare S.p.A.,Italy,Enomare S.p.A.,Italy,Enomare S.p.A.,Italy,-,-,-,-,7123916,247391000,5.57,1971,-,-,-,-,Daihatsu Diesel Manufacturing Company Limited,1491,2000,6DSM-32F,-,-,-,-,-,-,-,-,-,-,-,-,Enomare S.p.A.,Italy,-,-,-,-,-,Enomare S.p.A.,Italy,-,-
Fu Zhou Wan,asphalt tanker,China,Fujian Mawei Shipbuilding Limited,14355261,Live,Malta,2551,1'+ dwt,9000,Single,9HA6428,7000,MW518-2,119.80,117.00,21.20,21.20,7.10,4.10,MAN Energy Solutions SE,Valletta,-,China COSCO Shipping Corporation Limited (China Cosco Shipping Group) (COSCO Shipping) (COSCOCS),People's Republic of China,COSCO Shipping Asphalt (Hainan) Company Limited,People's Republic of China,Anhaiwan Maritime Company Limited,"Hong Kong, S.A.R., China",-,-,-,-,1079668,249906000,11.20,2026,-,-,-,-,-,3420,4586,6S35ME-C9.7-LPSCR,West of England Mutual Shipowners Protection & Indemnity Association (Luxemburg),China Classification,-,-,-,-,-,-,2031-04-13T00:00:00,2031-04-13T00:00:00,-,-,COSCO Shipping Asphalt (Hainan) Company Limited,People's Republic of China,ES TAR,Tarragona,A,17 Aug 2026 14:15:19 GMT,18 Aug 2026 00:01:00 GMT,COSCO Shipping Asphalt (Hainan) Company Limited,People's Republic of China,"39° 28' 4"" N","1° 0' 5"" E"
Quan Zhou Wan,asphalt tanker,China,Fujian Mawei Shipbuilding Limited,14355262,Live,Malta,2551,1'+ dwt,9000,Double Hull,9HA6431,7000,MW518-3,119.80,117.00,21.20,21.20,7.10,4.10,Unknown Engine Designer,Valletta,-,China COSCO Shipping Corporation Limited (China Cosco Shipping Group) (COSCO Shipping) (COSCOCS),People's Republic of China,COSCO Shipping Asphalt (Hainan) Company Limited,People's Republic of China,Xinghaiwan Maritime Company Limited,People's Republic of China,-,-,-,-,1079670,249908000,11.20,2025,-,-,-,-,-,5762,7727,LH46L,West of England Mutual Shipowners Protection & Indemnity Association (Luxemburg),-,-,-,-,-,-,-,-,-,COSCO Shipping Asphalt (Hainan) Company Limited,People's Republic of China,COSCO Shipping Asphalt (Hainan) Company Limited,People's Republic of China,FOR ORDER,Guayaquil,A,17 Aug 2026 14:00:00 GMT,18 Aug 2026 20:00:00 GMT,COSCO Shipping Asphalt (Hainan) Company Limited,People's Republic of China,"0° 54' 51"" N","84° 28' 32"" W"
Perwita Satu,asphalt tanker,Groningen,Nieuwe Noord Nederlandse Scheeps. B.V.,143652,Live,Indonesia,1099,1'+ dwt,3894,Double Hull,YHCP,2327,399,93.05,85.98,13.50,13.50,5.90,1.00,Wartsila Corporation,Jakarta,-,Perwita Tanker,Indonesia,Perwita Tanker,Indonesia,Perwita Tanker,Indonesia,-,-,-,-,7922453,525011052,6.90,1980,-,-,-,-,Wartsila Finland oy,1119,1500,4R32,-,-,-,-,-,-,-,-,-,-,-,-,Perwita Tanker,Indonesia,CILACAB H B,-,-,22 Feb 2017 13:49:33 GMT,20 Sep 2021 14:30:00 GMT,Perwita Tanker,Indonesia,"5° 58' 10"" S","106° 7' 45"" E"
ZHONG YANG YUAN HANG,asphalt tanker,-,-,14369134,Live,China,1677,1'+ dwt,4492,Double Hull,-,2996,-,95.00,91.30,16.00,15.80,6.00,1.00,Unknown Engine Designer,Ningbo,-,Zhejiang Provincial Seaport Investment and Operation Group Company Limited,People's Republic of China,Zhejiang Seaport Financial Leasing Company Limited,People's Republic of China,Zhejiang Seaport Financial Leasing Company Limited,People's Republic of China,-,-,-,-,1059319,413541280,7.00,2023,-,-,-,-,-,2425,3252,6N330-EN,-,-,-,-,-,-,-,-,2028-11-30T00:00:00,2028-11-30T00:00:00,Zhejiang Seaport Shipping Company Limited,People's Republic of China,Zhejiang Seaport Financial Leasing Company Limited,People's Republic of China,NING   BO,Ningbo Port,A,17 Aug 2026 14:11:46 GMT,18 Aug 2026 09:00:00 GMT,Zhejiang Seaport Financial Leasing Company Limited,People's Republic of China,"31° 13' 20"" N","122° 46' 19"" E"
Power One,asphalt tanker,Aukra,Vard Norway Offshore AS,144254,Live,Unknown,663,1'+ dwt,2950,Double Bottom,-,1843,72,76.90,71.60,12.72,12.70,5.80,1.00,Deutz MWM AG,-,-,Power Contracting Company (Offshore) SAL,Lebanon,Power Contracting Company (Offshore) SAL,Lebanon,Power Contracting Company (Offshore) SAL,Lebanon,-,-,-,-,7931129,-,6.80,1980,-,-,-,-,Deutz MWM AG,2013,2700,TBD510-6,-,-,-,-,-,-,2006-04-05T00:00:00,-,-,-,ADCO SAL,Lebanon,ADCO SAL,Lebanon,POINT LISAS,-,A,02 Apr 2021 23:38:15 GMT,25 Apr 2021 00:05:00 GMT,Power Contracting Company (Offshore) SAL,Lebanon,"10° 39' 33"" N","61° 36' 34"" W"
8 Woo Jin,edible oil tanker,South Korea,-,14432424,Live,South Korea,-,-1' dwt,438,Single,-,297,-,-,-,-,-,-,-,Unknown Engine Designer,-,-,Unknown Owners,-,Unknown Owners,-,Unknown Owners,-,-,-,-,-,8989678,440038740,-,-,-,-,-,-,-,-,-,UNKNOWN,-,-,-,-,-,-,-,-,-,-,-,-,Unknown Owners,-,BUSAN,-,A,17 Aug 2026 04:59:14 GMT,31 Jan 2027 16:30:00 GMT,Unknown Owners,-,"35° 7' 21"" N","129° 3' 6"" E"
Hong Bo 16,asphalt tanker,China,Zhejiang Donghong Shipyard Company,14433981,Live,China,2140,1'+ dwt,7485,Double Hull,BPYQ2,7136,DH2024-15,109.80,103.80,20.00,20.00,7.15,4.05,Unknown Engine Designer,-,-,Unknown Owners,-,Unknown Owners,-,Yinkai Shipping (Hainan) Company Limited,People's Republic of China,-,-,-,-,1068889,413607840,11.20,2025,-,-,-,-,-,4161,5580,6UEC33LSE-C2,American Steamship Owners Mutual Protection & Indemnity Association,China Classification,-,-,-,-,-,-,2030-02-26T00:00:00,2030-02-26T00:00:00,Shanghai Huayang Maritime Sci-Tech Development Company Limited,People's Republic of China,Shanghai Huayang Maritime Sci-Tech Development Company Limited,People's Republic of China,CN ZHOUSHAN,-,A,17 Aug 2026 13:52:45 GMT,13 Aug 2026 09:40:00 GMT,Unknown Owners,-,"29° 59' 20"" N","122° 8' 26"" E"
Ning Yuan Qiu Shui,asphalt tanker,China,-,14454712,Live,China,-,1'+ dwt,4945,Single,-,4027,-,100.00,95.00,16.00,16.00,5.95,2.06,Unknown Engine Designer,Zhoushan,-,Unknown Owners,-,Unknown Owners,-,Zhoushan Ningyuan Shipping Company Limited,People's Republic of China,-,-,-,-,1132599,413621180,8.00,2025,-,-,-,-,-,2915,3909,6N330-EN,-,-,-,-,-,-,-,-,-,-,-,-,Unknown Owners,-,WENZHOU,-,A,17 Aug 2026 13:27:17 GMT,14 Aug 2026 06:15:00 GMT,Unknown Owners,-,"27° 58' 42"" N","121° 19' 60"" E"
White Alba,asphalt tanker,Jiangyin,Chengxi Shipyard Company Limited,14491775,Live,Malta,4320,1'+ dwt,17729,Double Hull,9HA6411,14402,CX5410,160.00,155.00,23.50,23.50,8.50,4.70,-,Valletta,-,Kumiai Senpaku Company Limited,Japan,Kumiai Senpaku Company Limited,Japan,Southern Pacific Holding Corporation,Panama,-,-,-,-,1059929,249859000,13.20,2026,-,-,-,-,-,6440,8636,6S40ME-B9,NorthStandard,Bureau Veritas,-,-,-,-,2026-01-01T00:00:00,-,2031-01-13T00:00:00,2031-01-13T00:00:00,Synergy Maritime Private Limited,India,Synergy Maritime Private Limited,India,FOR ORDERS,-,A,17 Aug 2026 13:34:48 GMT,17 Aug 2026 16:00:00 GMT,Kumiai Senpaku Company Limited,Japan,"10° 52' 37"" N","79° 47' 19"" W"
Ning Yuan Bai He,asphalt tanker,China,Linhai Huipu Shipbuilding Company Limited,14500868,Live,China,2255,1'+ dwt,4979,Single,BPES6,4027,HJ202105-02,100.00,95.00,16.00,16.00,6.00,2.06,Unknown Engine Designer,Zhoushan,-,Unknown Owners,-,Unknown Owners,-,Zhoushan Ningyuan Shipping Company Limited,People's Republic of China,-,-,-,-,1017995,413512480,8.00,2023,-,-,-,-,-,2915,3909,6N330-EN,-,-,-,-,-,-,-,-,2028-04-27T00:00:00,2028-04-27T00:00:00,Zhoushan Ningyuan Shipping Company Limited,People's Republic of China,Zhoushan Ningyuan Shipping Company Limited,People's Republic of China,QUANZHOU,Quanzhou Port,A,17 Aug 2026 14:12:04 GMT,18 Aug 2026 10:00:00 GMT,Unknown Owners,-,"25° 28' 13"" N","119° 53' 8"" E"
Le Infinity,asphalt tanker,China,Zhejiang Zhenxing Shiprepair & Building Company Limited,14519277,Live,Malaysia,1806,1'+ dwt,6240,Single,9M3652,5362,ZX2306,109.70,104.00,17.00,17.00,6.70,2.01,Unknown Engine Designer,Port Klang,-,Blackhem Holdings Sendirian Berhad,Malaysia,May Maritime Services Sendirian Berhad,Malaysia,May Tanker Sendirian Berhad,Malaysia,-,-,-,-,1065875,533133476,8.70,2024,-,-,-,-,-,2647,4671,A41S,-,China Classification,-,-,-,-,-,-,2030-08-03T00:00:00,2030-08-03T00:00:00,-,-,May Maritime Services Sendirian Berhad,Malaysia,CN YPG,Yangpu Port,A,17 Aug 2026 13:54:41 GMT,21 Aug 2026 04:00:00 GMT,May Maritime Services Sendirian Berhad,Malaysia,"6° 34' 16"" N","107° 3' 16"" E"
Berjaya 5,water tanker,-,-,14549388,Live,Sao Tome & Principe,-,-1' dwt,972,Single,S9A6,470,-,-,-,-,-,-,-,Unknown Engine Designer,-,-,Unknown Owners,-,Unknown Owners,-,Unknown Owners,-,-,-,-,-,1127879,668116205,-,2008,-,-,-,-,-,-,-,UNKNOWN,-,New United International Marine Services LTD,-,-,-,-,-,-,-,-,-,-,Unknown Owners,-,EOPL,-,A,02 Sep 2025 03:56:06 GMT,02 Sep 2025 15:00:00 GMT,Unknown Owners,-,"2° 16' 54"" N","104° 55' 3"" E"
Stratos,asphalt tanker,Nanhui,Wuhu Shipyard Company Limited,14553718,Live,Panama,7853,1'+ dwt,36839,Single,3EA4163,26175,W23111,179.90,176.90,30.60,30.60,10.40,6.40,Unknown Engine Designer,Panama,-,Teodor Oceanic DMCC,United Arab Emirates,Teodor Shipping LLC,United Arab Emirates,Teodor Shipping LLC,United Arab Emirates,-,-,-,-,1080045,352006342,16.80,2025,-,-,-,-,-,9338,12522,5RT-Flex50-D,-,Bureau Veritas,-,-,-,-,-,-,-,-,-,-,Teodor Shipping LLC,United Arab Emirates,SEA TRIAL,-,A,19 Jul 2026 05:08:11 GMT,29 Dec 2026 08:00:00 GMT,Teodor Shipping LLC,United Arab Emirates,"29° 45' 30"" N","95° 5' 52"" W"
Chang Hong 6,asphalt tanker,-,-,14576624,Live,China,-,1'+ dwt,6026,Single,-,4105,-,112.10,105.50,-,16.20,6.00,2.00,-,-,-,Unknown Owners,-,Unknown Owners,-,Yueqing Changhong Shipbuilding Company Limited,People's Republic of China,-,-,-,-,8748268,-,8.00,2010,-,-,-,-,-,-,-,-,-,-,-,-,-,-,-,-,-,-,-,-,Unknown Owners,-,-,-,A,13 Aug 2025 14:15:22 GMT,-,Unknown Owners,-,"1° 35' 4"" N","102° 53' 53"" E"
Feresa,asphalt tanker,Jiangsu,China Merchants Jinling Shipyard (Yangzhou) Dingheng Company Limited,14583376,Live,Luxembourg,2323,1'+ dwt,7850,Single,LXAS4,7746,CMYZ0145,119.30,116.30,20.40,-,7.20,3.80,Unknown Engine Designer,-,-,Unknown Owners,-,Unknown Owners,-,SAS Valmy Financement 12,France,-,-,-,-,1054931,253000150,11.00,2025,-,-,-,-,-,4379,5872,6UEC33LSE-C2,Assuranceforeningen Skuld,Bureau Veritas,-,-,-,-,2025-12-01T00:00:00,-,2030-12-28T00:00:00,2030-12-28T00:00:00,Societe d'Armement et de Transports S.A. (SOCATRA),France,Societe d'Armement et de Transports S.A. (SOCATRA),France,AOLAD>GIGIB,Gibraltar,A,17 Aug 2026 14:07:36 GMT,19 Aug 2026 12:00:00 GMT,Unknown Owners,-,"29° 57' 32"" N","13° 35' 45"" W"
Beluga,asphalt tanker,Jiangsu,China Merchants Jinling Shipyard (Yangzhou) Dingheng Company Limited,14583381,Live,Luxembourg,2323,1'+ dwt,7850,Single,LXAS3,7746,CMYZ0144,119.30,116.30,20.40,-,7.20,3.80,Unknown Engine Designer,Luxembourg,-,Bred Banque Populaire,France,Ingepar S.A.,France,SAS Valmy Financement 11,France,Societe d'Armement et de Transports S.A. (SOCATRA),France,-,-,1054929,253000149,11.00,2025,-,-,-,-,-,4379,5872,6UEC33LSE-C2,Assuranceforeningen Skuld,Bureau Veritas,-,-,-,-,2025-12-01T00:00:00,-,2030-12-18T00:00:00,2030-12-18T00:00:00,Societe d'Armement et de Transports S.A. (SOCATRA),France,Societe d'Armement et de Transports S.A. (SOCATRA),France,GIGIB FOR ORDERS,Gibraltar,A,17 Aug 2026 14:12:12 GMT,14 Aug 2026 17:00:00 GMT,Ingepar S.A.,France,"36° 1' 24"" N","14° 54' 58"" E"
Dongjing Palanka,asphalt tanker,Yangzhou,Chengxi Shipyard Company Limited,14583394,Live,China,7826,1'+ dwt,17000,Double Hull,BQNH3,14500,CX5411,160.00,155.00,23.50,23.50,8.50,4.70,Unknown Engine Designer,-,-,Kumiai Senpaku Company Limited,Japan,Kumiai Senpaku Company Limited,Japan,Southern Pacific Holding Corporation,Panama,-,-,-,-,1059943,412457140,13.20,2026,-,-,-,-,-,6467,8672,6S40ME-B9,NorthStandard,Bureau Veritas,-,-,-,-,-,-,-,-,-,-,Kumiai Senpaku Company Limited,Japan,-,-,A,17 Aug 2026 08:37:46 GMT,-,Kumiai Senpaku Company Limited,Japan,"32° 19' 40"" N","119° 47' 45"" E"
Sirenia,asphalt tanker,Jiangsu,China Merchants Jinling Shipyard (Yangzhou) Dingheng Company Limited,14584914,Live,Luxembourg,2323,1'+ dwt,7850,Double Hull,LXAU7,7746,CMYZ0146,119.30,116.30,20.40,-,7.20,3.80,Unknown Engine Designer,Luxembourg,-,Bred Banque Populaire,France,Ingepar S.A.,France,SAS Valmy Financement 19,France,-,-,-,-,1054943,253000171,11.00,2025,-,-,-,-,-,4379,5872,6UEC33LSE-C2,-,Bureau Veritas,-,-,-,-,2026-04-01T00:00:00,-,2031-04-23T00:00:00,2031-04-23T00:00:00,Societe d'Armement et de Transports S.A. (SOCATRA),France,Societe d'Armement et de Transports S.A. (SOCATRA),France,MED FOR ORDERS,-,A,17 Aug 2026 14:08:43 GMT,14 Aug 2026 17:00:00 GMT,Ingepar S.A.,France,"37° 27' 13"" N","23° 55' 28"" E"
Qin Zhou Wan,asphalt tanker,China,Fujian Mawei Shipbuilding Limited,14584979,Live,Malta,2551,1'+ dwt,9813,Double Hull,9HA6432,8505,MW518-1,119.80,117.00,21.20,21.20,7.10,4.10,Unknown Engine Designer,Valletta,-,-,-,-,-,-,-,-,-,-,-,1079656,249910000,11.20,2025,-,-,-,-,-,3420,6223,6S35ME-C9.7-LPSCR,China Shipowners Mutual Assurance Association,CS (provisional), (provisional), (provisional),-,-,-,-,2031-01-27T00:00:00,2031-01-27T00:00:00,-,-,-,-,MX PGO,-,A,17 Aug 2026 14:14:13 GMT,17 Aug 2026 10:00:00 GMT,COSCO Shipping A.,-,"21° 20' 45"" N","89° 40' 27"" W"
Fuji Lava,asphalt tanker,Yueqing,Xinshun Shipyard Group Company Limited,1460055,Live,Malta,1661,1'+ dwt,6065,Double Hull,9HA5256,5539,XS-0805,106.99,101.50,-,17.60,10.08,0.02,Wartsila Corporation,Valletta,-,Enea Management Incorporated,Greece,Enea Management Incorporated,Greece,Fuji Lava Maritime Limited,Malta,Stolt-Nielsen Singapore Private Limited,Republic of Singapore,-,-,9468528,215712000,10.10,2010,-,-,-,-,-,3060,4160,9L26,West of England Mutual Shipowners Protection & Indemnity Association (Luxemburg),Lloyds Register,-,-,2024-11-27T00:00:00,-,2025-09-29T00:00:00,-,2030-10-24T00:00:00,2030-10-24T00:00:00,Enea Management Incorporated,Greece,Enea Management Incorporated,Greece,GB AVO,-,A,17 Aug 2026 14:15:11 GMT,17 Aug 2026 16:00:00 GMT,Enea Management Incorporated,Greece,"51° 19' 21"" N","3° 45' 57"" W"
Ilias P.,water tanker,Genoa,Ansaldo S.p.A.,146114,Live,Tonga (False Flag),103,-1' dwt,224,Single,A3CI6,150,865,32.00,-,6.00,-,2.40,0.30,Unknown Engine Designer,-,-,Unknown Owners,-,Unknown Owners,-,Unknown Owners,-,-,-,-,-,5270181,-,2.70,1946,-,-,-,-,-,112,150,BF12L714,-,-,-,-,-,-,-,-,-,-,-,-,Unknown Owners,-,-,-,-,-,-,Unknown Owners,-,-,-
Elisabeth,asphalt tanker,Wenling,Zhejiang Tenglong Shipbuilding Company Limited,14624457,Live,Netherlands,-,1'+ dwt,8801,Single,PBQW,6803,FX-1921,119.99,-,11.20,-,7.30,2.20,Unknown Engine Designer,-,-,Chen family,"Hong Kong, S.A.R., China",Ocean Shine Shipping Company Limited,"Hong Kong, S.A.R., China",Ocean Shine Shipping Company Limited,"Hong Kong, S.A.R., China",-,-,-,-,1078509,244410000,9.50,2025,-,-,-,-,-,4039,5416,6UEC33LSE-C2,-,RINA Services S.p.A.,-,-,-,-,-,-,2030-11-17T00:00:00,2030-11-17T00:00:00,-,-,Ocean Shine Shipping Company Limited,"Hong Kong, S.A.R., China",CN YPG,-,A,17 Aug 2026 14:13:43 GMT,14 Aug 2026 05:00:00 GMT,Ocean Shine Shipping Company Limited,"Hong Kong, S.A.R., China","19° 55' 54"" N","108° 52' 15"" E"
Tasco Prasit,asphalt tanker,Japan,Sasaki Shipbuilding Company Limited,14625296,Live,Thailand,2081,1'+ dwt,8544,Double Hull,HSB2989,6400,729,109.95,105.00,20.00,19.80,7.60,2.20,Unknown Engine Designer,-,-,Tipco Asphalt Public Company Limited,Thailand,Tipco Maritime Company Limited (The Marine Group),Thailand,Bitumen Marine Company Limited,Thailand,-,-,-,-,1110022,567657000,9.80,2026,-,-,-,-,-,-,-,UNKNOWN,-,Bureau Veritas,-,-,-,-,-,-,-,-,Tipco Maritime Company Limited (The Marine Group),Thailand,Tipco Maritime Company Limited (The Marine Group),Thailand,-,-,A,12 Aug 2026 00:19:49 GMT,-,Tipco Maritime Company Limited (The Marine Group),Thailand,"34° 13' 31"" N","132° 55' 2"" E"
Irene Syndic,edible oil tanker,Busum,Buesumer Werft GmbH,15004,Live,Nigeria,359,1'+ dwt,1135,Single,-,732,215,61.93,57.00,10.10,10.10,3.68,0.31,Mak Motoren GmbH & Company KG,-,-,Zeek (Nigeria) Limited,Nigeria,Zeek (Nigeria) Limited,Nigeria,Zeek (Nigeria) Limited,Nigeria,-,-,-,-,6418845,-,3.99,1964,-,-,-,-,Mak Motoren GmbH & Company KG,746,1000,4ZU451AK,-,-,-,-,-,-,-,-,-,-,-,-,Zeek (Nigeria) Limited,Nigeria,-,-,-,-,-,Zeek (Nigeria) Limited,Nigeria,-,-
Aegean,asphalt tanker,Rendsburg,HDW Nobiskrug GmbH & Company KG,150457,Live,Mongolia,790,1'+ dwt,2770,Double Hull,JVFE8,1900,708,86.98,80.59,12.50,12.40,5.04,0.96,Mak Motoren GmbH & Company KG,Ulan Bator,-,Unknown Owners,-,Unknown Owners,-,Omay Global Insaat Sanayi ve Ticaret Limited Sirket,Turkiye,-,-,-,-,8027705,457517000,6.00,1981,-,-,-,-,Fried. Krupp AG Hoesch-Krupp,1823,2445,6M453,-,Phoenix Register of Shipping,-,-,-,-,2000-04-07T00:00:00,-,-,-,Symrna Trade Incorporated,Turkiye,Symrna Trade Incorporated,Turkiye,-,-,A,12 May 2026 11:34:29 GMT,-,Unknown Owners,-,"33° 39' 25"" N","24° 41' 36"" E"
Wan Quan Hai,asphalt tanker,Pakistan,Karachi Shipyard & Engineering Works Limited,150512,Live,"Hong Kong, S.A.R., China",1193,1'+ dwt,4702,Single,VRBV9,3506,174,101.63,95.03,15.20,15.20,6.33,1.57,Semt Pielstick SA,Hong Kong,-,China COSCO Shipping Corporation Limited (China Cosco Shipping Group) (COSCO Shipping) (COSCOCS),People's Republic of China,Lanhai Medical Industry Investment Company Limited,People's Republic of China,Lanhai Medical Industry Investment Company Limited,People's Republic of China,-,-,-,-,7931246,477125700,7.90,1982,-,-,-,-,Pielstick (Blohm & Voss) Semt,2237,3000,6PC2-2L-400,-,-,-,-,-,-,2000-02-01T00:00:00,-,-,-,-,-,Lanhai Medical Industry Investment Company Limited,People's Republic of China,-,-,-,-,-,Lanhai Medical Industry Investment Company Limited,People's Republic of China,-,-
Subblic,edible oil tanker,Tokyo,Shin Kurushima Dockyard Company Limited,153317,Live,Unknown,1983,1'+ dwt,5989,Single,-,3570,1478,101.00,94.00,16.01,16.01,6.78,1.42,Akasaka Diesels Limited,-,-,Milyan R Trade International Company Limited,"Hong Kong, S.A.R., China",Milyan R Trade International Company Limited,"Hong Kong, S.A.R., China",Milyan R Trade International Company Limited,"Hong Kong, S.A.R., China",-,-,-,-,8126082,-,8.20,1981,-,-,-,-,Akasaka Diesels Limited,2028,3200,DM46,-,-,-,-,-,-,1995-07-01T00:00:00,-,-,-,-,-,-,-,-,-,-,12 Dec 2019 08:39:47 GMT,-,Milyan R Trade International Company Limited,"Hong Kong, S.A.R., China","26° 48' 19"" N","119° 42' 21"" E"
Maraki II,water tanker,Perama,Geomar Hellenic Shipyard,1540638,Live,Nigeria,129,-1' dwt,526,Single,5ODR,323,-,44.80,41.60,7.52,7.50,3.40,0.60,Caterpillar Incorporated,-,-,Unknown Owners,-,Unknown Owners,-,Unknown Owners,-,-,-,-,-,8943519,657150600,4.00,1997,-,-,-,-,Caterpillar Incorporated,441,600,3516,-,-,-,-,-,-,-,-,-,-,-,-,Unknown Owners,-,-,-,A,21 Apr 2025 21:59:42 GMT,-,Unknown Owners,-,"6° 15' 34"" N","4° 29' 30"" E"
Candy Conqueror,edible oil tanker,Istanbul,Meltem Beykoz Tersanesi,160620,Live,Guyana,602,1'+ dwt,2525,Double Hull,8RTZ,1734,40,84.00,78.92,13.01,13.01,4.85,1.17,Mak Motoren GmbH & Company KG,-,-,Global Commercial Import & Transport Incorporated,Guyana,Global Commercial Import & Transport Incorporated,Guyana,Global Commercial Import & Transport Incorporated,Guyana,-,-,-,-,8129450,750000053,6.02,1983,-,-,-,-,Fried. Krupp AG Hoesch-Krupp,1342,1800,8M452AK,-,-,-,-,-,-,2013-06-30T00:00:00,-,-,-,-,-,Global Commercial Import & Transport Incorporated,Guyana,GEORGETOWN,-,A,26 Mar 2025 13:05:19 GMT,09 Apr 2025 12:00:00 GMT,Global Commercial Import & Transport Incorporated,Guyana,"6° 50' 24"" N","58° 27' 0"" W"
Yacyreta,edible oil tanker,Montevideo,Kambara (Uruguay) S.A.,163553,Live,Paraguay,-,-1' dwt,800,Single,ZPBZ,391,P3,44.00,-,11.00,-,2.10,0.90,Niigata Shipbuilding & Repair Incorporated,-,-,Emparex S.r.l.,Paraguay,Emparex S.r.l.,Paraguay,Emparex S.r.l.,Paraguay,-,-,-,-,8209327,-,3.00,1982,-,-,-,-,-,224,300,6L13CX,-,-,-,-,-,-,-,-,-,-,-,-,Emparex S.r.l.,Paraguay,-,-,-,-,-,Emparex S.r.l.,Paraguay,-,-
Guanoco,asphalt tanker,Floro,Ankerlokken Nye Verft Floro AS,164246,Live,Venezuela,4518,1'+ dwt,15715,Double Bottom,YYBI,10569,119,153.00,142.81,22.71,22.70,9.81,1.50,B&W Diesel A/S,-,-,Navigator Holdings Limited,United Kingdom,Naviera Ultranav Limitada,Chile,Guanoco Shipping Inc,Panama,-,-,-,-,8117512,775014000,11.31,1983,-,-,-,-,Kvaerner A/S,6691,8973,6L55GFCA,-,-,-,-,-,-,2011-03-17T00:00:00,-,-,-,-,-,Naviera Ultranav Limitada,Chile,CARDON,-,-,14 Nov 2018 01:14:49 GMT,17 Apr 2019 17:00:00 GMT,Naviera Ultranav Limitada,Chile,"11° 37' 38"" N","70° 14' 15"" W"
Phantom 1,asphalt tanker,Tokyo,Shin Kurushima Dockyard Company Limited,164437,Live,Tanzania,325,1'+ dwt,1299,Single,-,949,1612,68.00,62.01,10.00,10.00,4.40,0.10,The Hanshin Diesel Works Limited,-,-,Unknown Owners,-,Unknown Owners,-,Unknown Owners,-,-,-,-,-,8312514,-,4.50,1983,-,-,-,-,The Hanshin Diesel Works Limited,1193,1600,6EL30,-,-,-,-,-,-,-,-,-,-,-,-,Unknown Owners,-,-,-,Both,17 Feb 2025 06:35:50 GMT,-,Unknown Owners,-,"22° 34' 55"" N","120° 17' 44"" E"
Ariston,wine tanker,Savona,Cantieri Navali Solimano,1664,Live,Italy,554,1'+ dwt,1820,Single,IWYT,1104,42,68.90,63.45,11.00,11.00,4.61,0.41,Deutz MWM AG,Naples,-,Marnavi S.p.A.,Italy,Marnavi S.p.A.,Italy,Marnavi S.p.A.,Italy,-,-,-,-,7006338,247559000,5.00,1970,-,-,-,-,Deutz MWM AG,919,1250,TBD484,West of England Mutual Shipowners Protection & Indemnity Association (Luxemburg),RINA Services S.p.A.,-,-,-,-,2017-10-03T00:00:00,-,2027-10-03T00:00:00,2027-10-03T00:00:00,Ares Holdings S.r.l.,Italy,Ares Holdings S.r.l.,Italy,ITGIT,-,A,17 Aug 2026 14:15:59 GMT,17 Aug 2026 15:00:00 GMT,Marnavi S.p.A.,Italy,"38° 28' 49"" N","15° 52' 27"" E"
Samia-2,asphalt tanker,Hakata,Kinoura Shipbuilding Company Limited,171307,Live,Bangladesh,557,1'+ dwt,1250,Single,S2ET,749,101,67.90,56.01,10.20,10.20,3.70,0.60,The Hanshin Diesel Works Limited,Chittagong,-,Ebadee Petro Carriers Private Limited,Bangladesh,Ebadee Petro Carriers Private Limited,Bangladesh,Ebadee Petro Carriers Private Limited,Bangladesh,-,-,-,-,8351302,-,4.30,1983,-,-,-,-,The Hanshin Diesel Works Limited,1323,1800,6EL30,-,-,-,-,-,-,2018-12-01T00:00:00,-,-,-,-,-,Ebadee Petro Carriers Private Limited,Bangladesh,-,-,-,-,-,Ebadee Petro Carriers Private Limited,Bangladesh,-,-
Nurhasanah Tiga,asphalt tanker,Ehime,Shirahama Shipbuilding Company Limited,171333,Live,Indonesia,589,1'+ dwt,2256,Single,PMKD,1446,113,79.10,72.23,12.00,12.00,5.20,0.40,The Hanshin Diesel Works Limited,Tanjung Pinang,-,P.T. Bahari Samudera Sentosa,Indonesia,P.T. Bahari Samudera Sentosa,Indonesia,P.T. Bahari Samudera Sentosa,Indonesia,-,-,-,-,8310504,525011117,5.60,1984,-,-,-,-,The Hanshin Diesel Works Limited,1491,2000,6EL32,-,-,-,-,-,-,-,-,-,-,P.T. Bahari Samudera Sentosa,Indonesia,P.T. Bahari Samudera Sentosa,Indonesia,-,-,A,23 Nov 2022 10:39:24 GMT,-,P.T. Bahari Samudera Sentosa,Indonesia,"5° 50' 19"" S","106° 46' 54"" E"
Cosmic 3,asphalt tanker,Pesaro,Cantiere Navale di Pesaro,172410,Live,Indonesia,1067,1'+ dwt,3276,Double Bottom,PMHB,2026,54,88.27,81.77,13.40,13.21,5.07,0.38,Alpha Diesels A/S,Tanjung Pinang,-,PT Restu Prima Lestari,Indonesia,PT Restu Prima Lestari,Indonesia,PT Restu Prima Lestari,Indonesia,-,-,-,-,8303460,525011165,5.45,1984,-,-,-,-,Alpha Diesels A/S,1916,2570,9L28/32,-,-,-,-,-,-,-,-,-,-,-,-,PT Restu Prima Lestari,Indonesia,-,-,A,07 Jun 2021 12:26:33 GMT,-,PT Restu Prima Lestari,Indonesia,"1° 15' 58"" N","103° 50' 26"" E"
Aleksandr Glukhov,asphalt tanker,Fredrikstad,Seutelvens Verksted,17337,Live,Russia,472,1'+ dwt,1986,Double Hull,UBTH8,1573,100,85.00,79.80,12.20,12.20,4.10,2.40,Mak Motoren GmbH & Company KG,-,-,OOO Avtotransportnoe Predpriyatie No.1 (Automotive Transport Enterprise No. 1 JSC),Russian Federation,OOO Avtotransportnoe Predpriyatie No.1 (Automotive Transport Enterprise No. 1 JSC),Russian Federation,OOO Avtotransportnoe Predpriyatie No.1 (Automotive Transport Enterprise No. 1 JSC),Russian Federation,-,-,-,-,7113686,273351240,6.50,1971,-,-,-,-,Atlas-Mak Maschinenbau GmbH,1193,1600,8M451AK,-,-,-,-,-,-,1997-06-01T00:00:00,-,-,-,-,-,OOO Avtotransportnoe Predpriyatie No.1 (Automotive Transport Enterprise No. 1 JSC),Russian Federation,SPB,-,A,10 Aug 2026 01:27:27 GMT,08 Aug 2026 01:00:00 GMT,OOO Avtotransportnoe Predpriyatie No.1 (Automotive Transport Enterprise No. 1 JSC),Russian Federation,"60° 6' 36"" N","29° 23' 57"" E"
Hong Teng You 6,asphalt tanker,Guangzhou,Guangzhou Wenchong Shipyard Company Limited,174404,Live,China,2212,1'+ dwt,4971,Single,-,3951,-,105.90,99.00,16.00,16.00,6.67,2.33,Semt Pielstick SA,Guangzhou,-,Unknown Owners,-,Unknown Owners,-,Unknown Owners,-,-,-,-,-,8328575,413682019,9.00,1984,-,-,-,-,Niigata Shipbuilding & Repair Incorporated,2206,5230,6PC2-5L-400,-,-,-,-,-,-,2007-06-09T00:00:00,-,-,-,-,-,Unknown Owners,-,-,-,A,10 Jul 2025 21:53:37 GMT,-,Unknown Owners,-,"34° 19' 20"" N","119° 44' 15"" E"
Ocean Princess 1,asphalt tanker,Usuki,Usuki Shipyard Company Limited,175101,Live,Panama,1646,1'+ dwt,4993,Double Hull,3EVR9,3293,1543,104.73,98.02,15.53,15.51,6.70,1.13,The Hanshin Diesel Works Limited,Panama,-,Prime Tankers LLC,United Arab Emirates,Prime Tankers LLC,United Arab Emirates,Star Shipping Incorporated,Panama,-,-,-,-,8413306,373094000,7.83,1984,-,-,-,-,The Hanshin Diesel Works Limited,2983,4000,6EL44,MS Amlin,PR (provisional), (provisional), (provisional),-,-,-,-,-,-,Prime Tankers LLC,United Arab Emirates,Prime Tankers LLC,United Arab Emirates,BIN QASIM,-,-,27 Jan 2019 04:00:35 GMT,21 Jun 2019 18:00:00 GMT,Prime Tankers LLC,United Arab Emirates,"24° 46' 36"" N","67° 18' 22"" E"
Ling Zhou,asphalt tanker,Wuhan,Wuchang Shipbuilding Industry Company Limited,175325,Live,"Hong Kong, S.A.R., China",1419,1'+ dwt,4946,Single,VRYN5,3967,-,105.26,99.00,16.00,16.00,6.50,2.50,Halliburton Productos Limitada,Hong Kong,-,China Merchants Group Limited,"Hong Kong, S.A.R., China",Nanjing Tanker Corporation,People's Republic of China,Well Honour Shipping Limited,"Hong Kong, S.A.R., China",-,-,-,-,8330841,477154000,9.00,1984,-,-,-,-,Hudong Heavy Machinery Company Limited,2237,3000,6ESDZ43/82,-,-,-,-,-,-,-,-,-,-,-,-,Nanjing Tanker Corporation,People's Republic of China,-,-,-,-,-,Nanjing Tanker Corporation,People's Republic of China,-,-
Long Phu 09,molasses tanker,Imabari,Higaki Shipbuilding Company Limited,176434,Live,Vietnam,2336,1'+ dwt,7088,Double Bottom,XVGJ,4409,S21-01,107.78,100.01,17.61,17.61,5.51,2.90,Mitsubishi Heavy Industries Limited,Ho Chi Minh City,-,Vietnam National Petroleum Group (Tong Cong Ty Xang Dau) (PETROLIMEX),Vietnam,Petrolimex Joint Stock Tanker Company (PJTACO),Vietnam,Petrolimex Joint Stock Tanker Company (PJTACO),Vietnam,-,-,-,-,8419350,574012001,8.41,1985,-,-,-,-,Kobe Diesel Company Limited,2438,3315,6UEC37H,West of England Mutual Shipowners Protection & Indemnity Association (Luxemburg),Vietnam,-,-,-,-,2004-07-01T00:00:00,-,-,-,Petrolimex Joint Stock Tanker Company (PJTACO),Vietnam,Petrolimex Joint Stock Tanker Company (PJTACO),Vietnam,DA NANG,-,A,17 Aug 2026 14:15:34 GMT,16 Aug 2026 23:00:00 GMT,Petrolimex Joint Stock Tanker Company (PJTACO),Vietnam,"16° 4' 16"" N","108° 15' 34"" E"
Jane Asphalt,asphalt tanker,Yawatahama,Kurinoura Dockyard K.K.,1974475,Live,Panama,1523,1'+ dwt,6033,Double Hull,3ERR7,5076,402,109.99,104.50,-,18.20,6.01,3.59,Mitsubishi Heavy Industries Limited,Panama,-,Unknown Owners,-,Unknown Owners,-,Arkville Corporation,Panama,-,-,-,-,9459577,370151000,9.60,2008,-,-,-,-,Akasaka Diesels Limited,3120,4200,6UEC37LA,Assuranceforeningen Gard,Nippon Kaiji Kyokai,-,-,2021-03-25T00:00:00,-,2018-04-10T00:00:00,-,2028-06-09T00:00:00,2028-06-09T00:00:00,Bernhard Schulte Shipmanagement (Deutschland) GmbH & Company KG,Germany,Bernhard Schulte Shipmanagement (Deutschland) GmbH & Company KG,Germany,CIABJ,-,A,17 Aug 2026 14:15:29 GMT,11 Aug 2026 11:00:00 GMT,Unknown Owners,-,"5° 13' 49"" N","4° 2' 33"" W"
Surabaya Bersinar,asphalt tanker,Tokyo,-,203160,Live,Indonesia,438,1'+ dwt,1300,Single,YEBK,1006,1872,68.82,63.00,10.80,10.80,4.18,0.32,The Hanshin Diesel Works Limited,Tanjung Pinang,-,Surabaya Shipping Line P.T,Indonesia,Surabaya Shipping Line P.T,Indonesia,Surabaya Shipping Line P.T,Indonesia,-,-,-,-,8519265,525011089,4.50,1986,-,-,-,-,The Hanshin Diesel Works Limited,1193,1600,6EL30,-,-,-,-,-,-,-,-,-,-,-,-,Surabaya Shipping Line P.T,Indonesia,-,-,-,14 Mar 2019 06:33:44 GMT,-,Surabaya Shipping Line P.T,Indonesia,"7° 14' 28"" S","112° 46' 16"" E"
Edricko 1,asphalt tanker,Tokyo,Shin Kurushima Dockyard Company Limited,205432,Live,Indonesia,476,1'+ dwt,1212,Single,YDQO,900,009599,66.21,60.40,10.00,10.00,4.30,0.20,Akasaka Diesels Limited,Jakarta,-,P.T. Bitumen Marasende,Indonesia,P.T. Bitumen Marasende,Indonesia,P.T. Bitumen Marasende,Indonesia,-,-,-,-,8223505,525015113,4.50,1983,-,-,-,-,Akasaka Diesels Limited,1342,1800,A31,-,Biro Klasifikasi Indonesia,-,-,-,-,2017-11-29T00:00:00,-,-,-,P.T. Bitumen Marasende,Indonesia,P.T. Bitumen Marasende,Indonesia,-,-,A,17 Aug 2026 02:05:09 GMT,-,P.T. Bitumen Marasende,Indonesia,"5° 23' 56"" S","119° 6' 37"" E"
An Da Jiang,asphalt tanker,Huangpu,Guangzhou Huangpu Shipbuilding Company Limited,206040,Live,China,1285,1'+ dwt,5021,Single,BVLA,3951,-,106.04,99.00,16.00,16.00,6.50,2.50,Semt Pielstick SA,Haikou,-,China COSCO Shipping Corporation Limited (China Cosco Shipping Group) (COSCO Shipping) (COSCOCS),People's Republic of China,COSCO Shipping Asphalt (Hainan) Company Limited,People's Republic of China,COSCO Shipping Asphalt (Hainan) Company Limited,People's Republic of China,-,-,-,-,8720773,-,9.00,1986,-,-,-,-,Shanghai Hudong Heavy Machinery Shangchuan Diesel Company Limited,2205,3000,6PC2-5L-400,-,-,-,-,-,-,2007-04-07T00:00:00,-,-,-,COSCO Shipping Asphalt (Hainan) Company Limited,People's Republic of China,COSCO Shipping Asphalt (Hainan) Company Limited,People's Republic of China,NAN SHA,Guangzhou,A,22 Apr 2025 04:10:39 GMT,22 Apr 2025 17:00:00 GMT,COSCO Shipping Asphalt (Hainan) Company Limited,People's Republic of China,"22° 0' 48"" N","113° 52' 38"" E"
Lamindo I,asphalt tanker,Hakata,Murakami Hide Shipbuilding Company Limited,207203,Live,Indonesia,509,1'+ dwt,2655,Double Bottom,YHEM,1469,115,78.52,72.00,12.02,12.00,5.51,0.99,The Hanshin Diesel Works Limited,Jakarta,-,P.T. Lamin Shipping,Indonesia,P.T. Lamin Shipping,Indonesia,P.T. Lamin Shipping,Indonesia,-,-,-,-,7394072,-,6.50,1974,-,-,-,-,The Hanshin Diesel Works Limited,1715,2300,6LUS38,-,-,-,-,-,-,1998-12-01T00:00:00,-,-,-,-,-,P.T. Lamin Shipping,Indonesia,-,-,-,-,-,P.T. Lamin Shipping,Indonesia,-,-
Tatiana V,asphalt tanker,Imabari,Asakawa Shipbuilding Company Limited,207670,Live,Ecuador,798,1'+ dwt,2120,Single,HCTA,1323,228,68.00,68.00,11.99,11.99,4.90,0.65,Akasaka Diesels Limited,Guayaquil,-,Acotramar C.A.,Ecuador,Acotramar C.A.,Ecuador,Acotramar C.A.,Ecuador,-,-,-,-,7326635,-,5.55,1973,-,-,-,-,Akasaka Diesels Limited,1641,2200,AH38,-,-,-,-,-,-,1992-04-01T00:00:00,-,-,-,-,-,Acotramar C.A.,Ecuador,-,-,-,-,-,Acotramar C.A.,Ecuador,-,-
Kanha J,asphalt tanker,Sumoto,Nakatani Shipbuilding Company Limited,211616,Live,Tanzania,456,1'+ dwt,1150,Single,5IM600,1056,4746,68.70,63.00,10.00,10.00,4.65,1.25,Akasaka Diesels Limited,-,-,Unknown Owners,-,Unknown Owners,-,Rptd Sold Undisclosed Interest,-,-,-,-,-,8130576,-,5.90,1982,-,-,-,-,Akasaka Diesels Limited,1324,1800,A31,-,Overseas Marine Certification Services,-,-,-,-,-,-,-,-,-,-,-,-,-,-,A,18 Aug 2022 13:37:53 GMT,-,Unknown Owners,-,"25° 28' 7"" N","55° 29' 52"" E"
Sicilia,water tanker,Istanbul,Turkiye Gemi Sanayii A.S. Shipbuilding,213123,Live,Guinea-Bissau,235,-1' dwt,450,Single,J5AF4,361,73,44.50,42.50,7.70,7.70,3.20,0.40,Sulzer Turbomachinery Services,-,-,Unknown Owners,-,Unknown Owners,-,Live Fish Carrier Shipping & Trading Corporation,Marshall Islands,-,-,-,-,8129486,630001043,3.60,1987,-,-,-,-,Sulzer Turbomachinery Services,467,635,6AL20/24,-,Phoenix Register of Shipping,-,-,-,-,1995-12-01T00:00:00,-,-,-,Live Fish Carrier Shipping & Trading Corporation,Marshall Islands,Live Fish Carrier Shipping & Trading Corporation,Marshall Islands,-,-,A,16 Mar 2026 02:48:48 GMT,-,Unknown Owners,-,"20° 45' 50"" N","94° 22' 19"" W"
Riva 3,asphalt tanker,Pesaro,Cantiere Navale di Pesaro,214355,Live,Comoros,1049,1'+ dwt,3665,Double Hull,D6A4070,2456,61,93.02,84.90,14.00,14.00,5.51,0.86,Wartsila Corporation,Moroni,-,Unknown Owners,-,Unknown Owners,-,Stormy Ocean Ship Services SA,Honduras,-,-,-,-,8521244,620800070,6.37,1988,-,-,-,-,Wartsila Finland oy,2360,3208,6R32,-,-,-,-,2018-08-06T00:00:00,2016-09-06T00:00:00,2018-08-06T00:00:00,2016-09-06T00:00:00,-,-,Mariam Shipping SA,United Arab Emirates,Mariam Shipping SA,United Arab Emirates,-,-,A,17 Aug 2026 14:13:25 GMT,-,Unknown Owners,-,"24° 43' 5"" N","56° 32' 29"" E"
Majuan 5,edible oil tanker,Nandan,Masui Zosensho K.K.,214545,Live,Indonesia,327,1'+ dwt,1150,Single,YCNF,595,101,56.00,52.00,-,9.20,4.35,0.25,The Hanshin Diesel Works Limited,Jakarta,-,P.T. Masittah Latief Pelayaran,Indonesia,P.T. Masittah Latief Pelayaran,Indonesia,P.T. Masittah Latief Pelayaran,Indonesia,PT Bangun Mitra Sejahtera,Indonesia,-,-,7300095,525015656,4.60,1971,-,-,-,-,Mitsubishi Heavy Industries Limited,895,750,6LUS28,-,Biro Klasifikasi Indonesia,-,-,-,-,1996-04-01T00:00:00,-,-,-,-,-,P.T. Masittah Latief Pelayaran,Indonesia,-,-,A,13 Jul 2026 07:34:11 GMT,-,P.T. Masittah Latief Pelayaran,Indonesia,"7° 13' 42"" N","175° 50' 52"" W"
Granit,water tanker,Izmir,-,214564,Live,Turkiye,194,-1' dwt,528,Single,TC3651,291,-,49.00,-,7.60,-,3.10,0.30,Unknown Engine Designer,Istanbul,-,Sutur su Dagitim ve Ticaret Limited,Turkiye,Sutur su Dagitim ve Ticaret Limited,Turkiye,Sutur su Dagitim ve Ticaret Limited,Turkiye,-,-,-,-,8883874,271010167,3.40,1980,-,-,-,-,-,112,150,6CHNSP18/22,-,-,-,-,-,-,-,-,-,-,-,-,Sutur su Dagitim ve Ticaret Limited,Turkiye,-,-,Both,17 Aug 2026 14:14:11 GMT,-,Sutur su Dagitim ve Ticaret Limited,Turkiye,"40° 46' 21"" N","29° 38' 34"" E"
Shanjaya,edible oil tanker,Japan,Taihei Kogyo K.K.,2215029,Live,Indonesia,430,Unknown size,-,Single,YGVL,800,-,63.30,58.05,-,9.80,-,-,Unknown Engine Designer,Ternate,-,P.T. Hokari Linex Pratama,Indonesia,P.T. Hokari Linex Pratama,Indonesia,P.T. Hokari Linex Pratama,Indonesia,-,-,-,-,-,-,4.90,1983,-,-,-,-,Yanmar Diesel Engine Company Limited,895,1200,6300ZCD-3,-,Biro Klasifikasi Indonesia,-,-,-,-,-,-,-,-,-,-,P.T. Hokari Linex Pratama,Indonesia,-,-,-,-,-,P.T. Hokari Linex Pratama,Indonesia,-,-
Zhe Zhou Liang You 17,edible oil tanker,Shanghai,Hudong-Zhonghua Shipbuilding (Group) Company Limited,2215088,Live,China,327,1'+ dwt,1000,Single,BLVH,823,-,67.42,60.00,-,10.00,3.90,0.60,"Skodaexport, a.s.",Zhoushan,-,Government of The People's Republic of China,People's Republic of China,Government of The People's Republic of China,People's Republic of China,Government of The People's Republic of China,People's Republic of China,-,-,-,-,8829737,412405760,4.50,1974,-,-,-,-,"Skodaexport, a.s.",721,980,6L350IIPN,-,-,-,-,-,-,-,-,-,-,-,-,Government of The People's Republic of China,People's Republic of China,-,-,B,23 Jan 2026 18:11:01 GMT,-,Government of The People's Republic of China,People's Republic of China,"14° 29' 58"" S","7° 56' 50"" E"
Cosmic 10,asphalt tanker,China,-,2215577,Live,Indonesia,1599,1'+ dwt,4986,Double Hull,PMAL,2996,4,99.00,94.58,15.00,14.80,6.30,1.00,Unknown Engine Designer,Tanjung Pinang,-,Korindo Group,Indonesia,P.T. Pelayaran Korindo,Indonesia,P.T. Pelayaran Korindo,Indonesia,-,-,-,-,9460344,525011110,7.30,2007,-,-,-,-,Guangzhou Diesel Engine Factory,1765,2400,8320ZCD-6,Korea Shipowners Mutual Protection & Indemnity Association,Biro Klasifikasi Indonesia,-,-,-,-,-,-,-,-,-,-,P.T. Pelayaran Korindo,Indonesia,-,-,A,11 Aug 2026 05:34:20 GMT,-,P.T. Pelayaran Korindo,Indonesia,"5° 56' 45"" S","106° 7' 51"" E"
Raoul F.,wine tanker,Piraeus,Nafs Filipou,223564,Live,Italy,192,-1' dwt,100,Single,IXSF,332,-,41.50,40.00,8.21,8.00,-,-,VM Motori (SPA),Leghorn,-,Athena S.r.l.s.,Italy,Athena S.r.l.s.,Italy,Athena S.r.l.s.,Italy,-,-,-,-,8841424,247377500,3.50,1987,-,-,-,-,VM Motori (SPA),149,200,1308MHI,-,RINA Services S.p.A.,-,-,-,-,2018-04-10T00:00:00,-,2028-04-10T00:00:00,2028-04-10T00:00:00,-,-,Athena S.r.l.s.,Italy,-,-,A,17 Aug 2026 14:14:53 GMT,-,Athena S.r.l.s.,Italy,"43° 33' 46"" N","10° 18' 11"" E"
Ampar 5,molasses tanker,Shimonoseki,Kanmon Shipbuilding Company Limited,225466,Live,Thailand,339,1'+ dwt,1300,Single,HSB2185,695,293,61.00,-,10.00,-,4.30,0.50,Yanmar Diesel Engine Company Limited,-,-,P.S.V. Supply Company Limited,Thailand,P.S.V. Supply Company Limited,Thailand,P.S.V. Supply Company Limited,Thailand,-,-,-,-,6920850,-,4.80,1969,-,-,-,-,Kobe Hatsudoki,858,1150,6EBFHS,-,-,-,-,-,-,-,-,-,-,-,-,P.S.V. Supply Company Limited,Thailand,-,-,-,-,-,P.S.V. Supply Company Limited,Thailand,-,-
Bonggaya No.30,edible oil tanker,Sandakan,Oceanic Engineering Sendirian Berhad,227666,Live,Unknown,195,-1' dwt,644,Single,-,564,-,54.00,-,12.20,12.20,2.00,1.10,Caterpillar Incorporated,-,-,Alfa-Link Sendirian Berhad,Malaysia,Alfa-Link Sendirian Berhad,Malaysia,Alfa-Link Sendirian Berhad,Malaysia,-,-,-,-,8428519,-,3.10,1984,-,-,-,-,Caterpillar Incorporated,291,390,3408,-,-,-,-,-,-,1999-09-01T00:00:00,-,-,-,-,-,Alfa-Link Sendirian Berhad,Malaysia,-,-,-,-,-,Alfa-Link Sendirian Berhad,Malaysia,-,-
Lady Diana,asphalt tanker,Tokyo,Shin Kurushima Dockyard Company Limited,231003,Live,Tanzania,325,1'+ dwt,1145,Double Hull,5IM547,1009,1613,68.00,62.20,10.00,10.00,4.07,0.43,The Hanshin Diesel Works Limited,-,-,Prime Tankers LLC,United Arab Emirates,Prime Tankers LLC,United Arab Emirates,Star Shipping Incorporated,Panama,-,-,-,-,8312526,-,4.50,1983,-,-,-,-,The Hanshin Diesel Works Limited,1176,1600,6LUN28,-,-,-,-,-,-,2010-04-27T00:00:00,-,-,-,Global Tankers Limited,United Arab Emirates,Prime Tankers LLC,United Arab Emirates,-,-,A,14 Jun 2024 11:50:05 GMT,-,Prime Tankers LLC,United Arab Emirates,"14° 2' 31"" N","95° 23' 14"" W"
Sea Argus,asphalt tanker,Stroobos,Scheepswerf & Machinefabriek Barkmeijer Stroobos B.V. Shipbuilding,232674,Live,Gambia,983,1'+ dwt,4059,Double Hull,C51286,2920,258,96.00,90.71,14.53,14.50,5.91,2.37,Kromhout Motorenfabriek D. Goedkoop Jr N.V.,-,-,Unknown Owners,-,Unknown Owners,-,Unknown Owners,-,-,-,-,-,9004815,629009274,8.28,1991,-,-,-,-,Stork-Werkspoor Diesel B.V.,2130,2379,8SW280,-,-,-,-,-,-,2017-02-09T00:00:00,-,2026-09-30T00:00:00,2026-09-30T00:00:00,-,-,Unknown Owners,-,FOR ORDER,-,A,04 Aug 2026 17:16:07 GMT,02 Aug 2026 18:29:00 GMT,Unknown Owners,-,"31° 37' 28"" N","29° 49' 5"" E"
Tirta Samudra XVI,asphalt tanker,Braila,Vard RO Offshore Braila SA,232753,Live,Unknown,1314,1'+ dwt,4624,Double Hull,-,4231,1303,101.50,94.13,16.40,16.40,7.20,1.40,MAN Energy Solutions SE,-,184,Far East Shipping & Trade Incorporated,Tuvalu,Far East Shipping & Trade Incorporated,Tuvalu,Far East Shipping & Trade Incorporated,Tuvalu,-,-,-,-,8607581,-,8.60,1991,-,-,-,-,Ucm Resita SA (Uzina Constructoare De Masini Sa Resita Romania)),2796,3750,6L40/54A,-,-,-,-,-,-,2003-08-01T00:00:00,-,-,-,Raffles Shipmanagement Services Private Limited,Republic of Singapore,Far East Shipping & Trade Incorporated,Tuvalu,-,-,-,-,-,Far East Shipping & Trade Incorporated,Tuvalu,-,-
Patriot Sejati,edible oil tanker,Dordrecht,Scheepswerf & Machinefabriek Biesbosch-Dordrecht B.V.,233256,Live,Indonesia,384,1'+ dwt,1104,Single,PLNG,770,460,63.00,57.50,9.40,9.40,4.20,0.00,Deutz AG,Jakarta,-,P.T. Trans Palm Nusantara,Indonesia,P.T. Trans Palm Nusantara,Indonesia,P.T. Trans Palm Nusantara,Indonesia,-,-,-,-,6500038,-,4.20,1965,-,-,-,-,Deutz AG,597,800,RBV6M545,-,-,-,-,-,-,1997-09-01T00:00:00,-,-,-,P.T. Trans Palm Nusantara,Indonesia,P.T. Trans Palm Nusantara,Indonesia,-,-,-,-,-,P.T. Trans Palm Nusantara,Indonesia,-,-
Molli,asphalt tanker,Hakata,Murakami Hide Shipbuilding Company Limited,233302,Live,Comoros,862,1'+ dwt,3348,Single,D6A4289,2873,323,97.16,89.50,15.00,15.00,5.20,2.50,Akasaka Diesels Limited,Moroni,-,Unknown Owners,-,Unknown Owners,-,Unknown Owners,-,-,-,-,-,9020443,620800289,7.70,1991,-,-,-,-,Akasaka Diesels Limited,2427,3300,A41,-,Polski Rejestr Statkow,-,-,-,-,2009-03-02T00:00:00,-,-,-,-,-,Unknown Owners,-,KFK,-,A,17 Aug 2026 14:12:23 GMT,15 Aug 2026 16:30:00 GMT,Unknown Owners,-,"25° 24' 10"" N","56° 28' 27"" E"
Majuan 3,edible oil tanker,Ehime,Shirahama Shipbuilding Company Limited,233424,Live,Indonesia,592,1'+ dwt,1908,Single,YCWV,946,-,71.00,67.50,-,10.80,4.63,0.37,The Hanshin Diesel Works Limited,Jakarta,-,P.T. Masittah Latief Pelayaran,Indonesia,P.T. Masittah Latief Pelayaran,Indonesia,P.T. Masittah Latief Pelayaran,Indonesia,-,-,-,-,7629491,525015657,5.00,1973,-,-,-,-,The Hanshin Diesel Works Limited,1193,680,6LUD32,-,-,-,-,-,-,1995-11-01T00:00:00,-,-,-,-,-,P.T. Masittah Latief Pelayaran,Indonesia,-,-,A,17 Jan 2026 20:58:29 GMT,-,P.T. Masittah Latief Pelayaran,Indonesia,"1° 14' 50"" N","103° 46' 38"" E"
Plankton,fish oil tanker,Khabarovsk,Khabarovsk Shipbuilding Osipovskiy Kirov,234704,Live,Unknown,202,-1' dwt,561,Single,-,674,503,54.00,-,9.50,-,4.50,0.70,SKL Motoren-und Systemtechnik GmbH,-,-,-,-,-,-,-,-,-,-,-,-,8330475,-,5.20,1984,-,-,-,-,SKL Motoren-und Systemtechnik GmbH,597,801,6NVD48A-2U,-,-,-,-,-,-,-,-,-,-,-,-,-,-,-,-,-,-,-,Blaslov,-,-,-
R Ocean,asphalt tanker,Singapore,President Marine Private Limited,235022,Live,Togo,1599,1'+ dwt,3764,Double Hull,5VJG2,2962,NB-078,93.80,87.46,14.60,14.60,6.01,1.29,Kromhout Motorenfabriek D. Goedkoop Jr N.V.,-,-,Unknown Owners,-,Unknown Owners,-,Capital Company for Shipping & Trading Corporation,Panama,-,-,-,-,9044633,671525100,7.30,1991,-,-,-,-,Stork-Werkspoor Diesel B.V.,2461,3300,9SW280,-,Korean Register,-,-,-,-,2016-08-29T00:00:00,-,2026-08-30T00:00:00,2026-08-30T00:00:00,Danforth Marine Services LLC,United Arab Emirates,Danforth Marine Services LLC,United Arab Emirates,-,-,A,15 Aug 2026 12:42:59 GMT,-,Unknown Owners,-,"25° 26' 50"" N","56° 35' 57"" E"
Eve,asphalt tanker,Imabari,Murakami Hide Shipbuilding Company Limited,235232,Live,Comoros,862,1'+ dwt,3748,Double Hull,D6A4350,2873,327,97.16,89.50,15.00,15.00,7.70,2.17,Akasaka Diesels Limited,Moroni,-,Unknown Owners,-,Unknown Owners,-,Bright Galaxy SA,Panama,-,-,-,-,9020467,620800350,9.87,1991,-,-,-,-,Akasaka Diesels Limited,2427,3298,A41,-,PR (provisional), (provisional), (provisional),-,-,2015-06-09T00:00:00,-,-,-,-,-,Unknown Owners,-,-,-,A,21 Jul 2026 13:39:57 GMT,-,Unknown Owners,-,"31° 22' 50"" N","32° 18' 1"" E"
Zapadnyy,molasses tanker,Ruse,Rousse Shipyard J.S.C.,235516,Live,Comoros,990,1'+ dwt,3297,Single,D6A3621,1896,467,77.53,73.20,14.34,14.02,5.34,1.16,SKL Motoren-und Systemtechnik GmbH,Moroni,-,Wectra Marine Limited,Belize,Wectra Marine Limited,Belize,Wectra Marine Limited,Belize,-,-,-,-,8711837,620999607,6.50,1988,-,-,-,-,SKL Motoren-und Systemtechnik GmbH,882,1203,8NVD48A-2U,Hydor AS,Phoenix Register of Shipping,-,-,-,-,2014-08-11T00:00:00,-,-,-,PE Veliero Ukraine,Ukraine,PE Veliero Ukraine,Ukraine,DKAAR,-,A,17 Aug 2026 14:13:31 GMT,19 Aug 2026 21:00:00 GMT,Wectra Marine Limited,Belize,"55° 49' 45"" N","19° 58' 38"" E"
Edricko 8,asphalt tanker,Singapore,Southern Ocean Shipbuilding Company Private Limited,236075,Live,Indonesia,997,1'+ dwt,3862,Double Hull,YHSI,3321,189,97.00,90.20,15.70,15.70,5.36,2.44,Akasaka Diesels Limited,Jakarta,-,P.T. Bitumen Marasende,Indonesia,P.T. Bitumen Marasende,Indonesia,P.T. Bitumen Marasende,Indonesia,-,-,-,-,9034224,525015029,7.80,1992,-,-,-,-,Akasaka Diesels Limited,2426,3300,A41,-,Indian Register,-,-,-,-,2006-11-01T00:00:00,-,2029-07-22T00:00:00,2029-07-22T00:00:00,P.T. Bitumen Marasende,Indonesia,P.T. Bitumen Marasende,Indonesia,SIBOLGA,-,A,17 Aug 2026 14:16:16 GMT,18 Aug 2026 20:00:00 GMT,P.T. Bitumen Marasende,Indonesia,"1° 1' 6"" S","100° 22' 46"" E"
Edricko 2,asphalt tanker,Nomi,Nakatani Shipbuilding Company Limited,236367,Live,Indonesia,485,1'+ dwt,2131,Single,PKVT,1588,543,79.00,73.00,12.00,12.00,5.15,0.85,Akasaka Diesels Limited,Jakarta,-,P.T. Bitumen Marasende,Indonesia,P.T. Bitumen Marasende,Indonesia,P.T. Speciality Tanker Indonesia,Indonesia,-,-,-,-,9031909,525015249,6.00,1991,-,-,-,-,Akasaka Diesels Limited,1323,1800,A31R,-,Nippon Kaiji Kyokai,Biro Klasifikasi Indonesia,-,2019-06-23T00:00:00,-,2021-06-19T00:00:00,-,-,-,P.T. Bitumen Marasende,Indonesia,P.T. Bitumen Marasende,Indonesia,CILACAP,Cilacap (Tjilatjap),A,17 Aug 2026 14:05:01 GMT,20 Aug 2026 07:00:00 GMT,P.T. Bitumen Marasende,Indonesia,"5° 4' 17"" S","106° 10' 53"" E"
Erica 9,asphalt tanker,Ehime,Shirahama Shipbuilding Company Limited,237006,Live,Indonesia,398,1'+ dwt,1231,Single,JZMF,979,155,68.80,63.00,10.80,10.80,4.12,0.38,The Hanshin Diesel Works Limited,Jakarta,-,P.T. Edricko Shipping Lines,Indonesia,P.T. Edricko Shipping Lines,Indonesia,P.T. Edricko Shipping Lines,Indonesia,-,-,-,-,9020845,525023229,4.50,1991,-,-,-,-,The Hanshin Diesel Works Limited,1323,1800,6LH31G,-,Nippon Kaiji Kyokai,Biro Klasifikasi Indonesia,-,2018-10-20T00:00:00,-,2018-12-26T00:00:00,-,-,-,P.T. Bitumen Marasende,Indonesia,P.T. Bitumen Marasende,Indonesia,IDN MAKASSAR,-,A,25 Jun 2026 05:39:14 GMT,25 Jun 2026 10:00:00 GMT,P.T. Edricko Shipping Lines,Indonesia,"5° 6' 41"" S","119° 24' 46"" E"
Argo Maris,asphalt tanker,Yawatahama,Kurinoura Dockyard K.K.,237073,Live,Netherlands Antilles,377,1'+ dwt,1229,Single,PJQ10,685,296,69.00,63.00,10.80,10.80,3.96,0.64,Akasaka Diesels Limited,-,-,Alliance Ship Management FZE,United Arab Emirates,Alliance Ship Management FZE,United Arab Emirates,Sol Eris Shipping Incorporation,Panama,-,-,-,-,9041643,306745000,4.60,1991,-,-,-,-,Akasaka Diesels Limited,1323,1530,K31R,-,-,-,-,-,-,2009-11-11T00:00:00,-,-,-,Hessonite Ship Management LLC,United Arab Emirates,Hessonite Ship Management LLC,United Arab Emirates,PSQ,-,A,17 Aug 2026 13:54:23 GMT,17 Aug 2026 12:00:00 GMT,Alliance Ship Management FZE,United Arab Emirates,"23° 37' 32"" N","58° 34' 7"" E"
Smooth Sea 5,asphalt tanker,Japan,Mukaishima Zoki Company Limited,240274,Live,Thailand,-,1'+ dwt,1283,Double Bottom,HSB3850,699,636,68.20,63.00,10.80,10.80,4.10,0.40,Akasaka Diesels Limited,-,-,Smooth Sea Company Limited,Thailand,Smooth Sea Company Limited,Thailand,Smooth Sea Company Limited,Thailand,-,-,-,-,9033402,567053900,4.50,1992,-,-,-,-,Akasaka Diesels Limited,1323,1800,A31R,-,-,-,-,-,-,2003-01-01T00:00:00,-,-,-,Nathalin Management Company Limited,Thailand,Smooth Sea Company Limited,Thailand,MAE KLANG,-,A,23 Apr 2020 00:55:59 GMT,23 Apr 2020 22:00:00 GMT,Smooth Sea Company Limited,Thailand,"13° 34' 47"" N","100° 34' 56"" E"
Blue Majesty,asphalt tanker,Zhoushan,Zhoushan Haichen Ship Engineering Company Limited,2408140,Live,Cook Islands,1211,1'+ dwt,4173,Double Hull,E5U4846,2684,HX06-03,93.20,93.20,-,14.00,5.65,1.26,Halliburton Productos Limitada,Avatiu,-,Unknown Owners,-,Unknown Owners,-,Royal Marine Shipping SA,Panama,-,-,-,-,9481178,518998866,6.90,2007,-,-,-,-,Guangzhou Diesel Engine Factory,1765,2400,8320ZCD-4,Hydor AS,Indian Register,-,-,-,-,2023-09-07T00:00:00,-,2027-12-02T00:00:00,2027-12-02T00:00:00,Blue Lagoon Shipping FZE,United Arab Emirates,Blue Lagoon Shipping FZE,United Arab Emirates,-,-,A,17 Aug 2026 14:13:23 GMT,-,Unknown Owners,-,"25° 36' 56"" N","55° 5' 12"" E"
Janana,asphalt tanker,Singapore,Keppel Hitachi Zosen Limited,241153,Live,United Arab Emirates,2510,1'+ dwt,9365,Double Bottom,A6ME,6796,193,127.00,119.75,19.20,19.20,7.87,2.38,MAN Energy Solutions SE,-,-,Abu Dhabi National Oil Company (ADNOC),United Arab Emirates,Abu Dhabi Marine Operations & Services Company LLC (ADNOC Logistics & Services),United Arab Emirates,Janana Company - Sole Proprietorship LLC,United Arab Emirates,National Gas Shipping Company Limited (NGSCO),United Arab Emirates,-,-,9034236,470293000,10.25,1993,-,-,-,-,MAN Energy Solutions SE,3361,4507,6L40/54,West of England Mutual Shipowners Protection & Indemnity Association (Luxemburg),Lloyds Register,-,-,2026-05-15T00:00:00,-,2023-05-18T00:00:00,-,2028-05-08T00:00:00,2028-05-08T00:00:00,Abu Dhabi Marine Operations & Services Company LLC (ADNOC Logistics & Services),United Arab Emirates,Abu Dhabi Marine Operations & Services Company LLC (ADNOC Logistics & Services),United Arab Emirates,-,-,A,17 Aug 2026 14:16:07 GMT,-,Abu Dhabi Marine Operations & Services Company LLC (ADNOC Logistics & Services),United Arab Emirates,"25° 6' 6"" N","52° 55' 58"" E"
Gloria Sentosa,asphalt tanker,Uwajima,Kurinoura Dockyard K.K.,241422,Live,Indonesia,382,1'+ dwt,1420,Single,PNNB,955,302,63.00,63.00,10.80,10.80,4.10,0.50,Akasaka Diesels Limited,-,-,Mamiri Line,Indonesia,Mamiri Line,Indonesia,Mamiri Line,Indonesia,-,-,-,-,9047958,525006041,4.60,1992,-,-,-,-,Akasaka Diesels Limited,1342,1800,K31R,Hydor AS,Biro Klasifikasi Indonesia,-,-,-,-,-,-,-,-,-,-,Mamiri Line,Indonesia,-,-,A,17 Aug 2026 14:12:49 GMT,-,Mamiri Line,Indonesia,"7° 8' 15"" S","112° 40' 5"" E"
Noble One,asphalt tanker,Hakata,Murakami Hide Shipbuilding Company Limited,241524,Live,Cook Islands,891,1'+ dwt,3778,Double Hull,E5U3818,2967,335,99.96,92.30,15.00,15.00,5.45,2.25,Akasaka Diesels Limited,Avatiu,-,Blue Lagoon Shipping FZE,United Arab Emirates,Blue Lagoon Shipping FZE,United Arab Emirates,Nobleway Shipping Limited,Marshall Islands,-,-,-,-,9031894,518100907,7.70,1992,-,-,-,-,Akasaka Diesels Limited,2427,3300,A41,-,Polski Rejestr Statkow,-,-,2021-02-24T00:00:00,-,2010-12-31T00:00:00,-,2030-12-12T00:00:00,2030-12-12T00:00:00,Blue Lagoon Shipping FZE,United Arab Emirates,Blue Lagoon Shipping FZE,United Arab Emirates,"SHARJAH,UAE",-,A,17 Aug 2026 14:12:42 GMT,10 Aug 2026 14:30:00 GMT,Blue Lagoon Shipping FZE,United Arab Emirates,"25° 38' 15"" N","55° 6' 9"" E"
Sheng Hang Hua 8,asphalt tanker,Zhoushan,Zhejiang Dongpeng Shiprepair & Building Company Limited,2415985,Live,China,2538,1'+ dwt,8131,Double Hull,BOWV4,5612,06-011,120.11,112.00,18.00,18.00,6.60,2.80,MAN Diesel AS,Nanjing,-,Nanjing Shenghang Shipping Company Limited,People's Republic of China,Nanjing Shenghang Shipping Company Limited,People's Republic of China,Nanjing Shenghang Shipping Company Limited,People's Republic of China,-,-,-,-,9485564,412470820,9.40,2008,-,-,-,-,Zhenjiang Marine Diesel Works,2380,3236,7L27/38,U.K. Mutual Steam Ship Assurance Association (Bermuda) Ltd,China Classification,-,-,-,-,2019-01-31T00:00:00,-,2028-10-08T00:00:00,2028-10-08T00:00:00,Nanjing Shenghang Shipping Company Limited,People's Republic of China,Nanjing Shenghang Shipping Company Limited,People's Republic of China,-,-,A,17 Aug 2026 14:06:33 GMT,-,Nanjing Shenghang Shipping Company Limited,People's Republic of China,"34° 44' 18"" N","119° 27' 9"" E"
Kai Hang Sheng,asphalt tanker,Kinoe,Sasaki Shipbuilding Company Limited,245042,Live,Sierra Leone,-,1'+ dwt,1300,Single,9LS2239,499,567,68.33,63.00,10.80,10.80,4.23,0.27,Niigata Shipbuilding & Repair Incorporated,Freetown,-,Unknown Owners,-,Unknown Owners,-,Land Well Enterprises Corporation,Anguilla,-,-,-,-,9058878,667002536,4.50,1993,-,-,-,-,Daihatsu Infinearth Manufactoring Company Limited,1342,1800,6M31AGTE,British Marine (QBE Insurance Group Limited),-,-,-,-,-,-,-,-,-,-,-,Unknown Owners,-,FU AN,-,A,17 Aug 2026 05:10:18 GMT,17 Aug 2026 15:00:00 GMT,Unknown Owners,-,"26° 37' 54"" N","119° 49' 11"" E"
Ouro do Brasil,fruit juice tanker,Floro,Vard (Norway) Floro AS,250762,Live,Liberia,4566,1'+ dwt,19519,Double Bottom,ELPP9,15218,252,172.00,160.60,26.00,26.00,9.50,5.00,Sulzer Turbomachinery Services,Monrovia,-,Citrosuco Fias GmbH,Germany,Citrosuco Fias GmbH,Germany,Promenade Shipping Corporation,Liberia,-,-,-,-,9018646,636009832,14.50,1993,-,-,-,-,Zaklady Przemyslu Metalowego H. Cegielski S.A.,12349,16560,6RTA62,Assuranceforeningen Skuld,DNV,-,-,-,-,2018-04-15T00:00:00,-,2028-04-30T00:00:00,2028-04-30T00:00:00,Citrosuco Europe N.V.,Belgium,Citrosuco Europe N.V.,Belgium,USILG,"Wilmington, DE",A,17 Aug 2026 13:20:47 GMT,30 Aug 2026 04:00:00 GMT,Citrosuco Fias GmbH,Germany,"12° 50' 42"" S","35° 33' 36"" W"
Orange Wave,fruit juice tanker,Kristiansund,Umoe Sterkoder Shipbuilding A/S,251223,Live,Liberia,4033,1'+ dwt,16700,Double Bottom,ELPX7,13444,139,157.40,144.40,26.00,26.00,9.32,5.18,B&W Diesel A/S,Monrovia,-,Atlanship SA,Switzerland,Atlanship SA,Switzerland,International Bulk Reefers Incorporated,Liberia,-,-,-,-,9057123,636009894,14.50,1993,-,-,-,-,B&W Diesel A/S,9100,12344,5S60MC6,U.K. Mutual Steam Ship Assurance Association (Bermuda) Ltd,Lloyds Register,-,-,2025-06-01T00:00:00,-,2025-06-01T00:00:00,-,2030-05-31T00:00:00,2030-05-31T00:00:00,Atlanship SA,Switzerland,Atlanship SA,Switzerland,-,-,A,17 Aug 2026 14:13:48 GMT,-,Atlanship SA,Switzerland,"51° 54' 20"" N","4° 26' 16"" E"
Viva 962,edible oil tanker,Rybinsk,JSC Shipbuilding Yard Slip,252717,Live,Cameroon,646,1'+ dwt,2942,Double Hull,TJM0137,1913,04927,90.06,83.30,12.30,12.00,4.40,1.56,SKL Motoren-und Systemtechnik GmbH,-,-,Unknown Owners,-,Unknown Owners,-,Viva Shipping 962 Corporation,Panama,-,-,-,-,8878764,613818504,5.96,1993,-,-,-,-,SKL Motoren-und Systemtechnik GmbH,521,699,6NVD48A-2U,-,-,-,-,-,-,2014-09-04T00:00:00,-,-,-,-,-,Unknown Owners,-,"UW,745",-,A,21 Feb 2026 14:30:10 GMT,23 Sep 2026 06:00:00 GMT,Unknown Owners,-,"42° 27' 43"" N","27° 26' 30"" E"
Vostochnyy,molasses tanker,Ruse,Rousse Shipyard J.S.C.,255075,Live,Ukraine,1014,1'+ dwt,3290,Double Hull,UUZB,1896,461,77.53,73.20,14.34,14.02,5.36,1.14,SKL Motoren-und Systemtechnik GmbH,-,-,Government of the Republic of Ukraine,Ukraine,State Enterprise Ukrainian Sea Ports Authority,Ukraine,State Enterprise 'Maritime Administration of Chornomorsk Fishing Port' (MACFP),Ukraine,-,-,-,-,8711772,272792000,6.50,1988,-,-,-,-,SKL Motoren-und Systemtechnik GmbH,894,1199,8NVD48A-2U,-,Shipping Register of Ukraine (SRU),-,-,-,-,2008-07-10T00:00:00,-,-,-,Wectra Impex SL,Turkiye,Wectra Impex SL,Turkiye,-,-,A,28 Feb 2022 08:05:52 GMT,-,State Enterprise Ukrainian Sea Ports Authority,Ukraine,"46° 56' 39"" N","32° 0' 53"" E"
Ali Mustafayev,water tanker,Nizhniy Novgorod,Krasnoye Sormovo Shipbuilding,255241,Live,Azerbaijan,1353,1'+ dwt,4056,Single,4JJL,4510,80,113.20,105.83,16.60,16.60,4.80,2.60,Russkiy Diesel Firm,Baku,-,Azerbaijan Caspian Shipping Closed Joint Stock Company (ASCO),Republic of Azerbaijan,Azerbaijan Caspian Shipping Closed Joint Stock Company (ASCO),Republic of Azerbaijan,Azerbaijan Caspian Shipping Closed Joint Stock Company (ASCO),Republic of Azerbaijan,-,-,-,-,8860494,423179100,7.40,1991,-,-,-,-,Zavod Dvigatel Revolyutsii,1100,1495,6CHRNP36/45,Hydor AS,Russian Register of Ships,-,-,-,-,2016-09-05T00:00:00,-,-,-,-,-,Azerbaijan Caspian Shipping Closed Joint Stock Company (ASCO),Republic of Azerbaijan,AUMHAVEN,-,A,17 Aug 2026 12:47:00 GMT,17 Aug 2026 22:00:00 GMT,Azerbaijan Caspian Shipping Closed Joint Stock Company (ASCO),Republic of Azerbaijan,"40° 9' 0"" N","50° 9' 18"" E"
Hai You 2,asphalt tanker,Ruichang,Jiangzhou Union Shipbuilding Company Limited,255422,Live,China,1043,1'+ dwt,2232,Single,BEMB3,1691,A426,83.10,76.05,-,12.80,4.60,1.30,Halliburton Productos Limitada,Wuhan,-,Wuhan Datong Industry Company Limited,People's Republic of China,Wuhan Datong Industry Company Limited,People's Republic of China,Wuhan Datong Industry Company Limited,People's Republic of China,-,-,-,-,9063158,413326760,5.90,1993,-,-,-,-,Shanghai Hudong Heavy Machinery Shangchuan Diesel Company Limited,1699,2279,6350ZC-1T,-,-,-,-,-,-,2007-04-04T00:00:00,-,-,-,Wuhan Datong Industry Company Limited,People's Republic of China,Wuhan Datong Industry Company Limited,People's Republic of China,-,-,A,30 Aug 2024 19:12:12 GMT,-,Wuhan Datong Industry Company Limited,People's Republic of China,"5° 29' 49"" S","67° 53' 49"" W"
Helmy Rejeki,asphalt tanker,Wenzhou,Wenzhou Xinhua Shipbuilding,255443,Live,Indonesia,981,1'+ dwt,2980,Double Hull,JZLJ,2916,9106,93.15,84.90,15.80,15.80,5.80,1.81,Halliburton Productos Limitada,Jakarta,-,P.T. Ardila Insan Sejahtera,Indonesia,P.T. Ardila Insan Sejahtera,Indonesia,P.T. Ardila Insan Sejahtera,Indonesia,-,-,-,-,9052795,525024157,7.60,1993,-,-,-,-,Hudong Heavy Machinery Company Limited,2426,3000,6ESDZ36/82,-,Biro Klasifikasi Indonesia,-,-,-,-,2012-12-14T00:00:00,-,-,-,-,-,Weihai Tongjin Trade Company Limited,People's Republic of China,-,-,A,30 Jul 2025 05:12:08 GMT,-,P.T. Ardila Insan Sejahtera,Indonesia,"5° 53' 34"" S","106° 5' 41"" E"
Principe Trader,water tanker,Akitsu,Shin Kurushima Dockyard Company Limited,255514,Live,Nigeria,-,1'+ dwt,3991,Double Bottom,5NQV2,2065,2800,93.82,87.00,14.00,14.00,6.20,1.10,The Hanshin Diesel Works Limited,-,-,Century Energy Services Limited,Nigeria,Century Energy Services Limited,Nigeria,Century Energy Services Limited,Nigeria,-,-,-,-,9084968,657833000,7.30,1993,-,-,-,-,The Hanshin Diesel Works Limited,2574,3499,6LH41LA,-,-,-,-,-,-,2002-10-01T00:00:00,-,-,-,Redwise Maritime Services B.V.,Netherlands,Century Energy Services Limited,Nigeria,-,-,-,-,-,Century Energy Services Limited,Nigeria,-,-
Jupiter,asphalt tanker,Hakata,Hakata Shipbuilding Company Limited,256666,Live,Malaysia,337,1'+ dwt,1420,Single,9M2068,749,556,70.20,65.00,11.50,11.50,4.50,0.10,Akasaka Diesels Limited,Port Klang,-,Unknown Owners,-,Unknown Owners,-,Unknown Owners,-,-,-,-,-,9087611,533131093,4.60,1994,-,-,-,-,Akasaka Diesels Limited,1324,1800,A31,-,-,-,-,-,-,-,-,-,-,-,-,Unknown Owners,-,-,-,A,17 Aug 2026 14:08:43 GMT,-,Unknown Owners,-,"2° 11' 10"" N","102° 9' 39"" E"
Turmalin,water tanker,Ruse,Rousse Shipyard J.S.C.,257707,Live,Russia,1014,1'+ dwt,3226,Single,UEML,1895,451,77.53,73.24,14.34,14.34,5.40,1.10,SKL Motoren-und Systemtechnik GmbH,Nakhodka,-,Dilmas Company Limited,Russian Federation,Dilmas Company Limited,Russian Federation,Dilmas Company Limited,Russian Federation,-,-,-,-,8724808,273434770,6.50,1986,-,-,-,-,SKL Motoren-und Systemtechnik GmbH,882,1200,8NVD48A-2U,-,Russian Register of Ships,-,-,-,-,2018-12-11T00:00:00,-,-,-,Dilmas Company Limited,Russian Federation,Dilmas Company Limited,Russian Federation,VLADIVOSTOK,-,A,17 Aug 2026 14:09:21 GMT,15 Aug 2026 05:00:00 GMT,Dilmas Company Limited,Russian Federation,"43° 4' 26"" N","131° 47' 20"" E"
Tirso,water tanker,Pellestrina,Cantiere Navale de Poli S.p.A.,260003,Live,Italy,435,1'+ dwt,1350,Single,IGTS,990,149,64.00,-,10.10,-,4.10,0.80,Fiat Avio SpA,-,-,Government of Italy,Italy,Government of Italy,Italy,Ministero della Difesa,Italy,-,-,-,-,9107461,247992000,4.90,1994,-,-,-,-,Fincantieri-Cantieri Navali Italiani S.p.A. Ancona,944,1266,BL230.6L,-,-,-,-,-,-,-,-,-,-,-,-,Government of Italy,Italy,PLYMOUTH,-,A,17 Jan 2025 16:55:22 GMT,24 Sep 2026 07:30:00 GMT,Government of Italy,Italy,"37° 14' 1"" N","15° 12' 60"" E"
Bocac,water tanker,Kraljevica,-,261377,Live,Croatia,153,-1' dwt,255,Single,9A6196,219,340,33.59,32.20,6.70,6.70,2.37,0.43,Unknown Engine Designer,-,-,Jadranska Plovidba d.o.o.,Republic of Croatia,Jadranska Plovidba d.o.o.,Republic of Croatia,Jadranska Plovidba d.o.o.,Republic of Croatia,-,-,-,-,6405771,-,2.80,1955,-,-,-,-,-,108,145,UNKNOWN,-,Hrvatski Register,-,-,-,-,2023-06-20T00:00:00,-,-,-,-,-,Jadranska Plovidba d.o.o.,Republic of Croatia,-,-,-,-,-,Jadranska Plovidba d.o.o.,Republic of Croatia,-,-
Tanker 231,water tanker,Ismailia,Timsah Shipbuilding Company,262673,Live,Egypt,-,-1' dwt,400,Single,-,300,373,42.00,-,7.80,-,2.70,0.30,SKL Motoren-und Systemtechnik GmbH,-,-,Government of The Arab Republic of Egypt,Arab Republic of Egypt,Suez Canal Authority,Arab Republic of Egypt,Suez Canal Authority,Arab Republic of Egypt,-,-,-,-,7928548,-,3.00,1986,-,-,-,-,SKL Motoren-und Systemtechnik GmbH,579,777,6NVD36-1U,-,-,-,-,-,-,-,-,-,-,-,-,Suez Canal Authority,Arab Republic of Egypt,-,-,-,-,-,Suez Canal Authority,Arab Republic of Egypt,-,-
Sol do Brasil,fruit juice tanker,Floro,Vard (Norway) Floro AS,263113,Live,Liberia,4566,1'+ dwt,19463,Double Bottom,ELQQ4,15218,253,172.00,160.60,26.00,26.00,9.50,5.00,Sulzer Turbomachinery Services,Monrovia,-,Maritime Services Aleuropa GmbH,Germany,Maritime Services Aleuropa GmbH,Germany,Esplanade Shipping Corporation,Liberia,-,-,-,-,9018658,636010032,14.50,1994,-,-,-,-,Zaklady Przemyslu Metalowego H. Cegielski S.A.,12349,16560,6RTA62,Assuranceforeningen Skuld,DNV,-,-,-,-,2019-10-08T00:00:00,-,-,-,Citrosuco Europe N.V.,Belgium,Citrosuco Europe N.V.,Belgium,-,-,A,20 Nov 2024 08:29:04 GMT,-,Maritime Services Aleuropa GmbH,Germany,"38° 28' 42"" N","21° 6' 0"" E"
Helix,asphalt tanker,Kinoe,Sasaki Shipbuilding Company Limited,264667,Live,Comoros,413,1'+ dwt,1396,Double Hull,D6A4318,1062,595,74.33,70.03,11.20,11.20,4.50,0.50,The Hanshin Diesel Works Limited,Moroni,-,Unknown Owners,-,Unknown Owners,-,Unknown Owners,-,-,-,-,-,9115432,620800318,5.00,1995,-,-,-,-,The Hanshin Diesel Works Limited,1471,2000,6LH36LG,-,Phoenix Register of Shipping,-,-,-,-,2008-12-18T00:00:00,-,-,-,-,-,Unknown Owners,-,BASRAH,-,A,17 Aug 2026 14:15:33 GMT,18 Aug 2026 00:00:00 GMT,Unknown Owners,-,"28° 9' 20"" N","49° 19' 38"" E"
Margaretha I,asphalt tanker,Imabari,Asakawa Shipbuilding Company Limited,266302,Live,Indonesia,260,1'+ dwt,1305,Single,JZYG,1076,385,67.95,64.00,11.20,11.20,4.22,0.48,Akasaka Diesels Limited,Jakarta,-,PT Aspindo Bahari Luas,Indonesia,PT Aspindo Bahari Luas,Indonesia,PT Aspindo Bahari Luas,Indonesia,-,-,-,-,9118733,525019669,4.70,1995,-,-,-,-,Akasaka Diesels Limited,1471,2000,A34R,-,Biro Klasifikasi Indonesia,-,-,-,-,2009-01-29T00:00:00,-,-,-,PT. Bahari Nusantara,Indonesia,PT Aspindo Bahari Luas,Indonesia,-,-,A,17 Aug 2026 14:16:39 GMT,-,PT Aspindo Bahari Luas,Indonesia,"7° 42' 13"" S","108° 59' 32"" E"
Vamsee,asphalt tanker,Hakata,Hakata Shipbuilding Company Limited,267162,Live,India,300,1'+ dwt,1059,Single,AWDG,697,577,69.81,65.00,11.50,11.50,3.51,0.89,The Hanshin Diesel Works Limited,Chennai,-,Vamsee Shipping Carrier Private Limited,India,Vamsee Shipping Carrier Private Limited,India,Vamsee Shipping Carrier Private Limited,India,-,-,-,-,9124691,419000806,4.40,1995,-,-,-,-,The Hanshin Diesel Works Limited,1176,1600,6LH31G,Hydor AS,Indian Register,-,-,-,-,2023-07-10T00:00:00,-,2028-04-23T00:00:00,2028-04-23T00:00:00,Sushe Marine Services Private Limited,India,Sushe Marine Services Private Limited,India,-,-,A,17 Aug 2026 14:05:52 GMT,-,Vamsee Shipping Carrier Private Limited,India,"20° 16' 47"" N","86° 40' 35"" E"
Urgozo,water tanker,Bilbao,S.L. Ardeag,267446,Live,Spain,-,-1' dwt,325,Single,EDJI,170,138,29.00,-,6.60,-,3.10,0.20,Caterpillar Incorporated,Bilbao,-,Grupo Financiero Ibaizabal SL,Spain,Compania de Remolcadores Ibaizabal S.A.,Spain,Compania de Remolcadores Ibaizabal S.A.,Spain,-,-,-,-,8411750,-,3.30,1985,-,-,-,-,Caterpillar Incorporated,250,335,3406,"Britannia Steam Ship Insurance Association Ltd., The",-,-,-,-,-,-,-,-,-,-,-,Compania de Remolcadores Ibaizabal S.A.,Spain,-,-,-,-,-,Compania de Remolcadores Ibaizabal S.A.,Spain,-,-
Alabaster,asphalt tanker,Yawatahama,Kurinoura Dockyard K.K.,268240,Live,Indonesia,434,1'+ dwt,1230,Single,PNKK,937,282,68.94,63.00,10.80,10.80,4.05,0.45,The Hanshin Diesel Works Limited,Surabaya,-,P.T Bahtera Samudera Line,Indonesia,P.T Bahtera Samudera Line,Indonesia,P.T Bahtera Samudera Line,Indonesia,-,-,-,-,9011208,525019566,4.50,1990,-,-,-,-,The Hanshin Diesel Works Limited,1014,1600,6LH31G-D,-,Biro Klasifikasi Indonesia,-,-,-,-,-,-,-,-,-,-,P.T Bahtera Samudera Line,Indonesia,-,-,A,11 Aug 2026 19:44:45 GMT,-,P.T Bahtera Samudera Line,Indonesia,"2° 14' 36"" N","101° 32' 21"" E"
Nichiasu Maru No.15,asphalt tanker,Yawatahama,Kurinoura Dockyard K.K.,268901,Live,China,-,1'+ dwt,1369,Single,-,599,178,64.00,-,10.00,-,4.50,0.00,Akasaka Diesels Limited,-,-,Government of The People's Republic of China,People's Republic of China,Government of The People's Republic of China,People's Republic of China,Government of The People's Republic of China,People's Republic of China,-,-,-,-,8223581,-,4.50,1983,-,-,-,-,Akasaka Diesels Limited,1193,1600,A28R,-,-,-,-,-,-,-,-,-,-,-,-,Government of The People's Republic of China,People's Republic of China,-,-,-,-,-,Government of The People's Republic of China,People's Republic of China,-,-
Aurora Majesty,asphalt tanker,Shimizu,Kanasashi Shipbuilding Company Limited,269004,Live,Panama,1219,1'+ dwt,4685,Double Bottom,3FNZ2,4063,3372,104.23,97.50,17.00,17.00,5.77,3.03,B&W Diesel A/S,Panama,-,-,-,-,-,Lunar Wave Shipping Lines Incorporated,Panama,-,-,-,-,9125346,357641000,8.80,1995,-,-,-,-,Makita Corporation,2588,3520,4L35MC,-,-,-,-,-,-,2010-08-19T00:00:00,-,-,-,Oasis Marine F.Z.E,United Arab Emirates,Oasis Marine F.Z.E,United Arab Emirates,-,-,A,17 Aug 2026 06:12:07 GMT,-,Lunar Wave Shipping Lines Incorporated,Panama,"5° 52' 39"" N","80° 16' 9"" E"
Kao 308,water tanker,Kaohsiung,Taiwan Machinery Manufacturing Corporation,269563,Live,"Taiwan, China",141,-1' dwt,628,Single,-,424,-,47.00,-,9.60,-,-,-,Matsui Iron Works Company Limited,-,-,Kaohsiung Harbour Bureau,"Taiwan, China",Kaohsiung Harbour Bureau,"Taiwan, China",Kaohsiung Harbour Bureau,"Taiwan, China",-,-,-,-,8877332,-,3.80,1993,-,-,-,-,Matsui Iron Works Company Limited,168,225,ML624GHS,-,-,-,-,-,-,-,-,-,-,-,-,Kaohsiung Harbour Bureau,"Taiwan, China",-,-,-,-,-,Kaohsiung Harbour Bureau,"Taiwan, China",-,-
Prince IX,asphalt tanker,Dordrecht,Scheepswerf & Machinefabriek Biesbosch-Dordrecht B.V.,269872,Live,Panama,1207,1'+ dwt,4450,Double Hull,HPFA,4025,867,105.00,99.90,15.80,15.80,5.77,2.26,MAN Energy Solutions SE,Panama,-,Unknown Owners,-,Unknown Owners,-,Elite Ship Management Incorporated,Panama,-,-,-,-,9133599,352491000,8.00,1995,-,-,-,-,MAN Energy Solutions SE,3080,4187,7L32/40,-,-,-,-,2017-11-02T00:00:00,2017-11-02T00:00:00,2015-10-13T00:00:00,2017-11-02T00:00:00,-,-,-,-,Unknown Owners,-,KFK,-,A,17 Aug 2026 14:15:43 GMT,08 Oct 2026 05:00:00 GMT,Unknown Owners,-,"25° 17' 1"" N","56° 52' 32"" E"
Simran,asphalt tanker,Yawatahama,Kurinoura Dockyard K.K.,270405,Live,Panama,317,1'+ dwt,1312,Double Hull,HO4359,1043,331,71.00,65.00,10.82,10.80,4.13,0.47,Akasaka Diesels Limited,Panama,-,Glory International FZ-LLC,United Arab Emirates,Glory International FZ-LLC,United Arab Emirates,Great Eastern Investment Incorporated,Panama,-,-,-,-,9136644,356762000,4.60,1995,-,-,-,-,Akasaka Diesels Limited,1471,2000,K31SR,MS Amlin,-,-,-,-,-,2017-10-02T00:00:00,-,-,-,Global Tankers Private Limited,India,Global Tankers Private Limited,India,KAZ,-,A,12 Aug 2026 09:46:07 GMT,01 Jan 2027 00:00:00 GMT,Glory International FZ-LLC,United Arab Emirates,"25° 32' 58"" N","56° 57' 55"" E"
Rina 27,asphalt tanker,Kochi(JPN),Shin Kochi Heavy Industries Shipbuilding,271417,Live,Indonesia,522,1'+ dwt,1354,Single,YBXN2,1153,7070,69.86,60.00,12.00,12.00,4.06,0.94,The Hanshin Diesel Works Limited,Batam,-,PT Pelayaran Nasional Lestari,Indonesia,PT Pelayaran Nasional Lestari,Indonesia,PT Pelayaran Nasional Lestari,Indonesia,-,-,-,-,9128855,525100764,5.00,1995,-,-,-,-,The Hanshin Diesel Works Limited,1323,1800,6LH30L,-,Nippon Kaiji Kyokai,-,-,2019-06-03T00:00:00,-,2019-06-03T00:00:00,-,2029-06-02T00:00:00,2029-06-02T00:00:00,PT Pelayaran Sinar Mandiri Sejahtera,Indonesia,PT Pelayaran Sinar Mandiri Sejahtera,Indonesia,BATU AMPAR,-,A,17 Aug 2026 14:08:10 GMT,20 Aug 2026 02:00:00 GMT,PT Pelayaran Nasional Lestari,Indonesia,"2° 14' 3"" S","108° 47' 10"" E"
Vodoley-4,water tanker,Kherson,JSC Kherson Shipbuilding,271689,Live,Azerbaijan,162,-1' dwt,565,Single,-,637,4,53.00,-,9.70,-,3.40,0.80,Russkiy Diesel Firm,-,-,Caspian Oil Fleet,Republic of Azerbaijan,Caspian Oil Fleet,Republic of Azerbaijan,Caspian Oil Fleet,Republic of Azerbaijan,-,-,-,-,8884268,-,4.20,1978,-,-,-,-,Russkiy Diesel Firm,447,600,6DR30/50-5-3,-,-,-,-,-,-,1980-06-01T00:00:00,-,-,-,-,-,Caspian Oil Fleet,Republic of Azerbaijan,-,-,-,-,-,Caspian Oil Fleet,Republic of Azerbaijan,-,-
Liman IV,water tanker,Geesthacht,Schiffswerft Geesthacht GmbH,272520,Live,Unknown,113,-1' dwt,500,Single,-,236,358,33.00,-,7.00,-,3.10,0.40,Deutz AG,-,-,T.D.I. Liman Isletmesi,Turkiye,T.D.I. Liman Isletmesi,Turkiye,T.D.I. Liman Isletmesi,Turkiye,-,-,-,-,7642247,-,3.50,1938,-,-,-,-,Deutz AG,179,240,RBV6M336,-,-,-,-,-,-,-,-,-,-,-,-,T.D.I. Liman Isletmesi,Turkiye,-,-,-,-,-,T.D.I. Liman Isletmesi,Turkiye,-,-
Kemerkoy 3,water tanker,Lauenburg,J.G. Hitzler Schiffswerft & Maschinenfabrik GmbH & Company KG,272521,Live,Unknown,94,-1' dwt,500,Single,-,231,531,37.00,-,7.00,-,2.70,0.30,Waggon und Maschinenbau GmbH (WUMAG),-,-,Tac Denizcilik Sanayi ve Ticaret Limited Sirketi,Turkiye,Tac Denizcilik Sanayi ve Ticaret Limited Sirketi,Turkiye,Tac Denizcilik Sanayi ve Ticaret Limited Sirketi,Turkiye,-,-,-,-,7642261,-,3.00,1951,-,-,-,-,-,164,220,6Z36U,-,-,-,-,-,-,-,-,-,-,-,-,Tac Denizcilik Sanayi ve Ticaret Limited Sirketi,Turkiye,-,-,-,-,-,Tac Denizcilik Sanayi ve Ticaret Limited Sirketi,Turkiye,-,-
Sarana Prima,asphalt tanker,Hakata,Murakami Hide Shipbuilding Company Limited,273049,Live,Malaysia,372,1'+ dwt,1486,Single,9MWY3,749,376,69.90,65.12,11.50,11.50,4.28,0.32,Akasaka Diesels Limited,Port Klang,-,Blackhem Holdings Sendirian Berhad,Malaysia,May Maritime Services Sendirian Berhad,Malaysia,May Maritime Services Sendirian Berhad,Malaysia,-,-,-,-,9132844,533130712,4.60,1996,-,-,-,-,Akasaka Diesels Limited,1323,1800,A31R,-,-,-,-,-,-,2016-01-13T00:00:00,-,-,-,-,-,May Maritime Services Sendirian Berhad,Malaysia,PORTKELANG,-,A,17 Aug 2026 14:11:44 GMT,01 Jan 2027 13:32:00 GMT,May Maritime Services Sendirian Berhad,Malaysia,"3° 1' 14"" N","101° 21' 24"" E"
Black Maya,asphalt tanker,Hiroshima,Hitachi Shipbuilding Corporation (Mukaishima),273614,Live,Netherlands Antilles,469,1'+ dwt,2005,Double Hull,PJN9,1354,87,83.45,77.60,11.00,11.00,4.46,1.58,Akasaka Diesels Limited,-,-,Unknown Owners,-,Unknown Owners,-,Hessonite Ship Management LLC,United Arab Emirates,-,-,-,-,9118800,306108000,6.04,1995,-,-,-,-,Akasaka Diesels Limited,1323,1800,A31R,-,-,-,-,-,-,2013-08-28T00:00:00,-,-,-,Hessonite Ship Management LLC,United Arab Emirates,Hessonite Ship Management LLC,United Arab Emirates,PSQ/OMAN,-,A,17 Aug 2026 14:16:14 GMT,18 Aug 2026 01:00:00 GMT,Unknown Owners,-,"23° 46' 5"" N","58° 34' 29"" E"
Haio,asphalt tanker,Yawatahama,Kurinoura Dockyard K.K.,273627,Live,Belize,-,-1' dwt,723,Single,V3KU3,438,146,52.00,-,8.40,-,3.40,0.30,Akasaka Diesels Limited,Belize City,-,L.G. Company S.A.,Panama,L.G. Company S.A.,Panama,L.G. Company S.A.,Panama,-,-,-,-,7921394,-,3.70,1980,-,-,-,-,Akasaka Diesels Limited,522,700,MH23R,-,-,-,-,-,-,-,-,-,-,-,-,L.G. Company S.A.,Panama,-,-,-,-,-,L.G. Company S.A.,Panama,-,-
Bulag,water tanker,Baku,Vano Stura Shipyard,273648,Live,Azerbaijan,150,-1' dwt,439,Single,-,236,419,35.17,33.25,8.01,7.58,3.12,0.48,Russkiy Diesel Firm,Baku,-,Azerbaijan Caspian Shipping Closed Joint Stock Company (ASCO),Republic of Azerbaijan,Azerbaijan Caspian Shipping Closed Joint Stock Company (ASCO),Republic of Azerbaijan,Azerbaijan Caspian Shipping Closed Joint Stock Company (ASCO),Republic of Azerbaijan,-,-,-,-,8885171,423190100,3.60,1994,-,-,-,-,Daldizel Factory,169,226,6CHSPN18/22,-,-,-,-,-,-,2015-06-12T00:00:00,-,-,-,-,-,Azerbaijan Caspian Shipping Closed Joint Stock Company (ASCO),Republic of Azerbaijan,"BULLA,DENIZ",-,A,23 Aug 2024 00:19:07 GMT,01 Jan 2025 01:01:00 GMT,Azerbaijan Caspian Shipping Closed Joint Stock Company (ASCO),Republic of Azerbaijan,"40° 18' 51"" N","49° 49' 22"" E"
Kanas,asphalt tanker,Onomichi,Onomichi Shipbuilding Company Limited,273835,Live,Vanuatu,12369,1'+ dwt,46432,Double Hull,YJRV9,28559,403,182.50,172.00,32.23,32.23,12.64,6.49,B&W Diesel A/S,Port Vila,-,Unknown Owners,-,Unknown Owners,-,Kanas Shipping Limited,"Hong Kong, S.A.R., China",-,-,-,-,9127693,577727000,19.13,1996,-,-,-,-,Mitsui Engineering & Shipbuilding Company Limited,8562,11640,6S50MC6,-,RINA Services S.p.A.,Overseas Marine Certification Services,-,2019-12-04T00:00:00,2019-12-04T00:00:00,2016-09-28T00:00:00,2016-09-28T00:00:00,2031-04-03T00:00:00,2031-04-03T00:00:00,Toptech Maritime Service Company Limited,People's Republic of China,Toptech Maritime Service Company Limited,People's Republic of China,-,-,A,17 Aug 2026 14:04:54 GMT,-,Unknown Owners,-,"25° 39' 52"" N","55° 6' 54"" E"
Edricko 6,asphalt tanker,Nomi,Nakatani Shipbuilding Company Limited,273874,Live,Indonesia,319,1'+ dwt,1405,Single,PMSW,1017,S571,71.44,67.00,11.20,11.20,4.28,0.32,The Hanshin Diesel Works Limited,Jakarta,-,P.T. Bitumen Marasende,Indonesia,P.T. Bitumen Marasende,Indonesia,P.T. Bitumen Marasende,Indonesia,-,-,-,-,9146833,525015425,4.60,1996,-,-,-,-,The Hanshin Diesel Works Limited,1789,2400,LH36LG,-,Indian Register,-,-,-,-,-,-,2030-01-07T00:00:00,2030-01-07T00:00:00,P.T. Bitumen Marasende,Indonesia,P.T. Bitumen Marasende,Indonesia,BADAS,-,A,17 Aug 2026 12:54:07 GMT,16 Aug 2026 12:48:00 GMT,P.T. Bitumen Marasende,Indonesia,"8° 27' 42"" S","117° 22' 24"" E"
Sunrise 1,water tanker,Tuzla,Torgem Shipbuilding Industry & Trade Company Incorporated,274721,Live,Tanzania,188,-1' dwt,615,Single,5IM872,389,52,42.33,36.95,7.40,7.40,3.19,0.11,SKL Motoren-und Systemtechnik GmbH,-,-,Sunrise Shipping FZE,United Arab Emirates,Sunrise Shipping FZE,United Arab Emirates,Sunrise Shipping FZE,United Arab Emirates,-,-,-,-,9071662,677077200,3.30,1994,-,-,-,-,SKL Motoren-und Systemtechnik GmbH,223,299,6NVD26A-2,-,-,-,-,-,-,2012-09-01T00:00:00,-,-,-,-,-,Sunrise Shipping FZE,United Arab Emirates,AJMAN,-,-,30 Jul 2019 05:36:49 GMT,25 Oct 2019 14:40:00 GMT,Sunrise Shipping FZE,United Arab Emirates,"25° 26' 29"" N","55° 18' 2"" E"
Star Bonaire,edible oil tanker,Harlingen,Scheepswerf en Reparatiebedrijf Harlingen BV,276424,Live,Netherlands,796,1'+ dwt,3400,Double Side,PHHU,2257,202,89.90,84.98,11.90,11.90,5.15,1.40,Wartsila China Limited,Zaandam,-,Koole (Contractors) Holding BV,Netherlands,C. Koole Tanktransport B.V.,Netherlands,Star Bonaire B.V.,Netherlands,-,-,-,-,9148453,246359000,6.55,1997,-,-,-,-,Wartsila Finland oy,1485,2019,9L20,-,Bureau Veritas,-,-,2024-07-12T00:00:00,2024-07-25T00:00:00,2022-01-01T00:00:00,2021-06-30T00:00:00,2027-01-17T00:00:00,2027-01-17T00:00:00,Star Bonaire B.V.,Netherlands,Star Bonaire B.V.,Netherlands,ROTTERDAM,-,A,17 Aug 2026 14:16:52 GMT,15 Aug 2026 21:00:00 GMT,C. Koole Tanktransport B.V.,Netherlands,"51° 57' 27"" N","4° 7' 32"" E"
Hercules,asphalt tanker,Singapore,President Marine Private Limited,276756,Live,Palau,1316,1'+ dwt,4780,Double Hull,T8A3472,4386,212,105.00,98.60,18.03,18.00,5.00,2.00,Wartsila Corporation,-,-,Unknown Owners,-,Unknown Owners,-,Seamelina Limited,Marshall Islands,-,-,-,-,9155248,511100348,7.00,1997,-,-,-,-,Wartsila Finland oy,2460,3344,6R32,-,Russian Register of Ships,-,-,-,-,2017-08-02T00:00:00,-,-,-,Venga Maritime Corporation,Marshall Islands,Venga Maritime Corporation,Marshall Islands,-,-,A,17 Aug 2026 13:35:04 GMT,-,Unknown Owners,-,"41° 52' 45"" N","40° 50' 28"" E"
B2 Ocean,asphalt tanker,Singapore,Southern Ocean Shipbuilding Company Private Limited,276844,Live,Comoros,1179,1'+ dwt,4661,Double Hull,D6A3498,3932,218,97.65,91.35,17.00,17.00,5.80,2.41,Wartsila Corporation,Moroni,-,Unknown Owners,-,Unknown Owners,-,Unknown Owners,-,-,-,-,-,9144184,620999559,8.20,1996,-,-,-,-,Wartsila Finland oy,2460,3345,6R32,-,-,-,-,-,-,2016-06-02T00:00:00,-,-,-,-,-,Unknown Owners,-,-,-,A,17 Aug 2026 14:16:01 GMT,-,Unknown Owners,-,"25° 25' 20"" N","55° 18' 2"" E"
A3R H,asphalt tanker,Stroobos,Scheepswerf & Machinefabriek Barkmeijer Stroobos B.V. Shipbuilding,276919,Live,Comoros,1321,1'+ dwt,6649,Double Hull,D6A3994,4405,285,113.44,107.50,15.80,15.80,6.66,2.84,Rolls-Royce Marine A/S,Moroni,-,Unknown Owners,-,Unknown Owners,-,A3R H Shipping Inc,Liberia,-,-,-,-,9142502,620999994,9.50,1997,-,-,-,-,Ulstein Bergen AS,3690,5017,BRM-9,Hydor AS,Indian Register,-,-,-,-,2022-12-27T00:00:00,-,2027-05-31T00:00:00,2027-05-31T00:00:00,S A Marine Services,India,S A Marine Services,India,ARM GUARD ONBOARD,-,A,17 Aug 2026 13:49:31 GMT,24 Aug 2026 17:00:00 GMT,Unknown Owners,-,"0° 31' 30"" S","50° 3' 2"" E"
Jerusalem,asphalt tanker,Yawatahama,Kurinoura Dockyard K.K.,277896,Live,Bangladesh,448,1'+ dwt,1350,Single,S2EW,695,151,64.00,59.52,10.00,3.91,3.90,0.60,Akasaka Diesels Limited,-,-,Ebadee Petro Carriers Private Limited,Bangladesh,Ebadee Petro Carriers Private Limited,Bangladesh,Ebadee Petro Carriers Private Limited,Bangladesh,-,-,-,-,7921447,-,4.50,1980,-,-,-,-,Akasaka Diesels Limited,1193,1600,DM33,-,-,-,-,-,-,-,-,-,-,-,-,Ebadee Petro Carriers Private Limited,Bangladesh,-,-,-,-,-,Ebadee Petro Carriers Private Limited,Bangladesh,-,-
Pusaka Prima,asphalt tanker,Hashihama,Shin Kurushima Dockyard Company Limited,279000,Live,Malaysia,1281,1'+ dwt,4147,Single,9MWY9,4268,H 2906,106.18,99.95,18.20,18.20,4.50,3.51,Akasaka Diesels Limited,Port Klang,-,Blackhem Holdings Sendirian Berhad,Malaysia,May Maritime Services Sendirian Berhad,Malaysia,May Tanker Sendirian Berhad,Malaysia,-,-,-,-,9154141,533130716,8.00,1996,-,-,-,-,Akasaka Diesels Limited,1912,2210,A37,-,RINA Services S.p.A.,-,-,-,-,2018-01-26T00:00:00,-,2028-01-26T00:00:00,2028-01-26T00:00:00,May Maritime Services Sendirian Berhad,Malaysia,May Maritime Services Sendirian Berhad,Malaysia,-,-,A,17 Aug 2026 13:26:20 GMT,-,May Maritime Services Sendirian Berhad,Malaysia,"2° 7' 12"" N","111° 20' 18"" E"
Bitumen Star,asphalt tanker,Hakata,Murakami Hide Shipbuilding Company Limited,279003,Live,Cook Islands,1190,1'+ dwt,4993,Single,E5U4182,3964,390,102.99,97.00,17.80,17.80,5.80,2.70,Akasaka Diesels Limited,Avatiu,-,Unknown Owners,-,Unknown Owners,-,FM Marine Incorporated,Marshall Islands,-,-,-,-,9159282,518998204,8.50,1997,-,-,-,-,Akasaka Diesels Limited,2647,3600,A41S,-,Nippon Kaiji Kyokai,-,-,2020-12-17T00:00:00,-,2017-09-08T00:00:00,-,2027-02-21T00:00:00,2027-02-21T00:00:00,Gurukripa Marine Services Private Limited,India,Gurukripa Marine Services Private Limited,India,-,-,A,17 Aug 2026 14:12:23 GMT,-,Unknown Owners,-,"25° 23' 9"" N","56° 31' 26"" E"
Asa 01,asphalt tanker,Kinoe,Sasaki Shipbuilding Company Limited,279038,Live,Indonesia,-,1'+ dwt,1535,Double Hull,YDCU2,747,607,69.98,65.00,12.00,12.00,4.45,0.55,Akasaka Diesels Limited,-,-,Unknown Owners,-,Unknown Owners,-,Unknown Owners,-,-,-,-,-,9159505,525701243,5.00,1996,-,-,-,-,Akasaka Diesels Limited,1323,1800,A31R,Hydor AS,Biro Klasifikasi Indonesia,-,-,-,-,2016-01-25T00:00:00,-,-,-,-,-,Unknown Owners,-,-,-,A,17 Aug 2026 14:16:30 GMT,-,Unknown Owners,-,"7° 11' 31"" S","112° 43' 25"" E"
Athena Voyage,asphalt tanker,Jingjiang,Jingjiang Shipyard,279299,Live,Palau,2706,1'+ dwt,10767,Double Hull,T8A4855,9020,JS96-002,135.48,126.00,-,21.40,8.10,3.60,B&W Diesel A/S,Malakal Harbor,-,Unknown Owners,-,Unknown Owners,-,Athena Voyage Shipping INC,India,-,-,-,-,9159816,511101478,11.80,1999,-,-,-,-,Yichang Marine Diesel Engine Plant,4200,5500,6S35MC,Hydor AS,China Classification,-,-,-,-,2017-06-01T00:00:00,-,2027-04-15T00:00:00,2027-04-15T00:00:00,-,-,Silver Gate Ship Management,India,IN KRW,Karwar,A,17 Aug 2026 14:10:57 GMT,21 Aug 2026 10:00:00 GMT,Unknown Owners,-,"6° 0' 52"" N","81° 38' 21"" E"
Sumber Mutiara IV,edible oil tanker,Kinoe,Sasaki Shipbuilding Company Limited,279908,Live,Indonesia,331,-1' dwt,999,Single,PLXB,571,102,54.00,49.00,-,9.00,4.00,0.40,Otsuka Diesel,Jakarta,-,P.T. Sirontalo Perkasa,Indonesia,P.T. Sirontalo Perkasa,Indonesia,P.T. Sirontalo Perkasa,Indonesia,-,-,-,-,6711065,-,4.40,1967,-,-,-,-,Otsuka Diesel,746,1000,SODHS6X25,-,-,-,-,-,-,1994-06-01T00:00:00,-,-,-,-,-,P.T. Sirontalo Perkasa,Indonesia,-,-,-,-,-,P.T. Sirontalo Perkasa,Indonesia,-,-
Straits Abadi,asphalt tanker,Kinoe,Sasaki Shipbuilding Company Limited,280296,Live,Malaysia,365,1'+ dwt,1524,Single,9MWK2,747,610,69.88,-,12.00,12.00,4.45,0.55,Akasaka Diesels Limited,Port Klang,-,Blackhem Holdings Sendirian Berhad,Malaysia,May Maritime Services Sendirian Berhad,Malaysia,May Maritime Services Sendirian Berhad,Malaysia,-,-,-,-,9163099,533130595,5.00,1997,-,-,-,-,Akasaka Diesels Limited,1323,1800,A31R,-,-,-,-,-,-,2011-01-11T00:00:00,-,-,-,May Maritime Services Sendirian Berhad,Malaysia,May Maritime Services Sendirian Berhad,Malaysia,MYPKG,-,A,17 Aug 2026 14:15:12 GMT,23 Jan 2027 00:06:00 GMT,May Maritime Services Sendirian Berhad,Malaysia,"3° 2' 53"" N","101° 20' 51"" E"
Langust,water tanker,Svetlyy,Sudoremont-Zapad Joint Stock Company,280903,Live,Russia,77,-1' dwt,314,Single,-,191,42,29.45,28.50,8.15,7.58,3.12,0.48,Russkiy Diesel Firm,Novorossiysk,-,A/O Portovyy Flot (PORTOFLOT),Russian Federation,A/O Portovyy Flot (PORTOFLOT),Russian Federation,A/O Portovyy Flot (PORTOFLOT),Russian Federation,-,-,-,-,8832588,-,3.60,1990,-,-,-,-,Daldizel Factory,167,224,6CHNSP18/22,-,-,-,-,-,-,2011-10-14T00:00:00,-,-,-,-,-,JSC 'Fleet of Novorossiysk Commercial Sea Port',Russian Federation,-,-,-,-,-,A/O Portovyy Flot (PORTOFLOT),Russian Federation,-,-
Poseidon Eco,asphalt tanker,Wismar,Wadan Yards MTW GmbH,281857,Live,Guinea-Bissau,5054,1'+ dwt,15441,Double Hull,J5BB7,10404,276,145.88,137.00,22.52,22.50,8.70,2.55,B&W Diesel A/S,-,-,Unknown Owners,-,Unknown Owners,-,Poseidon Eco Shipping Incorporated,Marshall Islands,-,-,-,-,9169770,630001243,11.25,1999,-,-,-,-,MAN Energy Solutions SE,5300,7201,8S35MC,-,Indian Register,-,-,2019-07-12T00:00:00,2017-08-13T00:00:00,2024-01-01T00:00:00,2019-07-12T00:00:00,2029-07-07T00:00:00,2029-07-07T00:00:00,Jacinto Marine Services,India,Jacinto Marine Services,India,KAZ IRAQ,-,A,17 Aug 2026 14:11:04 GMT,20 Aug 2026 03:30:00 GMT,Unknown Owners,-,"25° 49' 55"" N","56° 56' 20"" E"
Nelma,water tanker,Svetlyy,Sudoremont-Zapad Joint Stock Company,284497,Live,Russia,73,-1' dwt,296,Single,-,191,15,29.00,-,7.60,-,3.10,0.50,Russkiy Diesel Firm,-,-,Kaliningrad Fishing Port Authority,Russian Federation,Kaliningrad Fishing Port Authority,Russian Federation,Kaliningrad Fishing Port Authority,Russian Federation,-,-,-,-,8328733,-,3.60,1983,-,-,-,-,Russian Engine Builders,167,224,6CHNSP18/22,-,-,-,-,-,-,-,-,-,-,-,-,Kaliningrad Fishing Port Authority,Russian Federation,-,-,-,-,-,Kaliningrad Fishing Port Authority,Russian Federation,-,-
Hatsumizu Maru,water tanker,Osaka,Osaka Shipbuilding Company Limited,284606,Live,Japan,-,-1' dwt,226,Single,JI2051,176,-,26.00,-,7.70,-,2.40,0.70,Unknown Engine Designer,-,-,Hokoku Service Y.K.,Japan,Hokoku Service Y.K.,Japan,Hokoku Service Y.K.,Japan,-,-,-,-,6407925,-,3.10,1964,-,-,-,-,Fuji Diesel Company Limited,373,500,6L26BGSH,-,-,-,-,-,-,-,-,-,-,-,-,Hokoku Service Y.K.,Japan,-,-,-,18 Feb 2018 08:28:09 GMT,-,Hokoku Service Y.K.,Japan,"9° 11' 47"" S","165° 39' 41"" E"
Sea Bass,water tanker,La Spezia,Cantiere Navale O.R.A.M. SRL,285992,Live,Panama,350,-1' dwt,791,Single,HOA7298,407,80,45.50,43.00,8.02,8.00,-,-,Deutz AG,Panama,-,Francesco Adorno,Italy,Francesco Adorno,Italy,Ralf Holdings Limited,Malta,-,-,-,-,6821793,-,3.20,1968,-,-,-,-,Deutz AG,380,250,BF8M1015MC,West of England Mutual Shipowners Protection & Indemnity Association (Luxemburg),RINA Services S.p.A.,-,-,-,-,2017-02-22T00:00:00,-,-,-,-,-,Ralf Holdings Limited,Malta,SALERNO,-,A,07 Nov 2022 07:41:43 GMT,17 Mar 2023 19:00:00 GMT,Francesco Adorno,Italy,"37° 59' 20"" N","13° 42' 47"" E"
Rebekah,asphalt tanker,Kinoe,Hitachi Zosen Corporation,286970,Live,Indonesia,436,1'+ dwt,1378,Single,PMCW,987,371,67.00,63.00,11.51,11.51,4.22,0.78,The Hanshin Diesel Works Limited,Jakarta,-,P.T. Arta Samudera Line,Indonesia,P.T. Arta Samudera Line,Indonesia,P.T. Arta Samudera Line,Indonesia,-,-,-,-,8310487,525130307,5.00,1983,-,-,-,-,The Hanshin Diesel Works Limited,1030,1400,6LUN28AG,-,Biro Klasifikasi Indonesia,-,-,-,-,-,-,-,-,-,-,P.T. Arta Samudera Line,Indonesia,-,-,A,17 Aug 2026 11:31:30 GMT,-,P.T. Arta Samudera Line,Indonesia,"3° 44' 7"" S","114° 30' 22"" E"
Athe Nova,asphalt tanker,Yawatahama,Kurinoura Dockyard K.K.,287325,Live,Kyrgyzstan,751,1'+ dwt,2915,Double Hull,-,2502,348,95.50,89.50,13.80,13.80,4.80,1.60,Akasaka Diesels Limited,-,-,Unknown Owners,-,Unknown Owners,-,Unknown Owners,-,-,-,-,-,9188116,451800888,6.40,1998,-,-,-,-,Akasaka Diesels Limited,1912,2600,A37,-,-,-,-,-,-,2012-04-02T00:00:00,-,-,-,-,-,Unknown Owners,-,-,-,A,17 Aug 2026 13:58:22 GMT,-,Unknown Owners,-,"23° 37' 31"" N","58° 34' 5"" E"
Lady Swithin II,water tanker,Guangzhou,Guangdong New China Shipyard,295530,Live,Nigeria,274,1'+ dwt,1166,Single,5NGX3,917,123,57.00,54.80,15.00,15.00,2.20,1.00,Caterpillar Incorporated,Lagos,-,High Tide Marine Nig Limited,Nigeria,High Tide Marine Nig Limited,Nigeria,High Tide Marine Nig Limited,Nigeria,-,-,-,-,9206889,657313000,3.20,1999,-,-,-,-,Caterpillar Incorporated,538,730,3412,-,-,-,-,-,-,2004-11-01T00:00:00,-,-,-,-,-,High Tide Marine Nig Limited,Nigeria,-,-,B,25 Sep 2025 16:54:53 GMT,-,High Tide Marine Nig Limited,Nigeria,"4° 58' 24"" N","8° 19' 22"" E"
Arena,asphalt tanker,Hashihama,Shin Kurushima Dockyard Company Limited,2960298,Live,Nicaragua (False Flag),325,1'+ dwt,1266,Single,-,992,2560,68.82,63.20,11.00,10.81,4.05,0.45,The Hanshin Diesel Works Limited,-,-,Unknown Owners,-,Unknown Owners,-,Unknown Owners,-,-,-,-,-,8806321,350007623,4.50,1988,-,-,-,-,-,1177,1600,6EL30,-,-,-,-,-,-,-,-,-,-,-,-,Unknown Owners,-,-,-,A,17 Aug 2026 14:13:32 GMT,-,Unknown Owners,-,"25° 16' 8"" N","55° 15' 23"" E"
Alkis S.,water tanker,Piraeus,Porfyroglu Katsikas Tsortanidis Bros. Company Limited,296710,Live,Greece,97,-1' dwt,300,Single,SV4483,146,-,29.00,-,6.00,-,-,-,Volvo Penta AB,Piraeus,-,Hydrodotiki Group of Companies,Greece,Hydrodotiki Group of Companies,Greece,Watership Maritime Company,Greece,-,-,-,-,7829663,-,3.30,1978,-,-,-,-,Volvo Penta AB,216,290,TMD121,-,-,-,-,-,-,-,-,-,-,-,-,Hydrodotiki Group of Companies,Greece,-,-,-,-,-,Hydrodotiki Group of Companies,Greece,-,-
Giannakis,water tanker,Greece,Tzouvelekis,297489,Live,Greece,98,-1' dwt,414,Single,SV5649,174,-,33.30,-,6.00,-,-,-,MAN Energy Solutions SE,Piraeus,-,Seka Bunkering Stations SA,Greece,Seka Bunkering Stations SA,Greece,Seka 02 Maritime Company,Greece,-,-,-,-,8327569,237087400,3.31,1981,-,-,-,-,MAN Energy Solutions SE,183,246,D2566MTE,-,-,-,-,-,-,-,-,-,-,-,-,Seka Bunkering Stations SA,Greece,-,-,-,-,-,Seka Bunkering Stations SA,Greece,-,-
Bithav,asphalt tanker,Dordrecht,Scheepswerf & Machinefabriek Biesbosch-Dordrecht B.V.,299714,Live,Netherlands,1494,1'+ dwt,6384,Double Hull,PCAQ,4980,895,114.60,109.70,16.45,16.45,6.70,3.16,Wartsila Corporation,Dordrecht,-,Tarbit Shipping AB,Sweden,Tarbit Tankers B.V.,Netherlands,Cassiopeia B.V.,Netherlands,-,-,-,-,9211535,246697000,9.85,2000,-,-,-,-,Wartsila Nederland BV,4258,5710,6L38,Assuranceforeningen Skuld,Bureau Veritas,-,-,2025-02-18T00:00:00,2022-04-22T00:00:00,2025-02-01T00:00:00,2023-06-09T00:00:00,2030-02-17T00:00:00,2030-02-17T00:00:00,Tarbit Tankers Services B.V.,Netherlands,Tarbit Tankers Services B.V.,Netherlands,NL RTM,-,A,17 Aug 2026 14:14:58 GMT,17 Aug 2026 08:00:00 GMT,Tarbit Tankers B.V.,Netherlands,"51° 56' 54"" N","3° 48' 3"" E"
Ryosei Maru,asphalt tanker,Nomi,Nakatani Shipbuilding Company Limited,300690,Live,Japan,-,1'+ dwt,1417,Single,JL6618,749,585,71.44,-,11.20,11.20,4.30,0.30,The Hanshin Diesel Works Limited,Seiyo,-,Ishimine Kaiun K.K.,Japan,Ishimine Kaiun K.K.,Japan,Ishimine Kaiun K.K.,Japan,-,-,-,-,8944173,431301018,4.60,1998,-,-,-,-,The Hanshin Diesel Works Limited,1471,2000,6LH32LG,-,Nippon Kaiji Kyokai,-,-,2020-09-07T00:00:00,-,2020-09-07T00:00:00,-,2030-09-08T00:00:00,2030-09-08T00:00:00,Ishimine Kaiun K.K.,Japan,Ishimine Kaiun K.K.,Japan,>JP YOK XX NNX,Yokohama,A,17 Aug 2026 14:14:48 GMT,18 Aug 2026 04:00:00 GMT,Ishimine Kaiun K.K.,Japan,"34° 42' 10"" N","139° 10' 24"" E"
C.M. Tantawan,asphalt tanker,Tokyo,Shin Kurushima Dockyard Company Limited,301490,Live,Thailand,351,1'+ dwt,1599,Single,HSB2973,1170,-,65.00,60.00,12.50,12.50,4.39,1.81,Niigata Shipbuilding & Repair Incorporated,-,-,Bank of Ayudhya,Thailand,Bank of Ayudhya,Thailand,Ayudhya Development Leasing Company Limited (ADLC),Thailand,Chemstar Shipping Company Limited,Thailand,-,-,8403088,567040700,6.20,1984,-,-,-,-,Niigata Shipbuilding & Repair Incorporated,1342,1800,6M31AGT,-,-,-,-,-,-,-,-,-,-,Chemstar Shipping Company Limited,Thailand,Chemstar Shipping Company Limited,Thailand,-,-,-,-,-,Bank of Ayudhya,Thailand,-,-
Thistle,water tanker,Hull,Drypool Engineering & Dry Dock Company Limited,304162,Live,Trinidad & Tobago,86,-1' dwt,300,Single,-,288,1546,40.00,-,7.50,-,2.60,0.90,Mirrlees Blackstone Limited,-,-,Coloured Fin Limited,Trinidad & Tobago,Coloured Fin Limited,Trinidad & Tobago,Coloured Fin Limited,Trinidad & Tobago,-,-,-,-,8943870,-,3.50,1974,-,-,-,-,Mirrlees Blackstone Limited,447,600,ERS8M,-,-,-,-,-,-,-,-,-,-,-,-,Coloured Fin Limited,Trinidad & Tobago,-,-,-,-,-,Coloured Fin Limited,Trinidad & Tobago,-,-
Orange Sky,fruit juice tanker,Saiki,Saiki Heavy Industries Shipbuilding,304462,Live,Liberia,6619,1'+ dwt,26863,Double Hull,ELZU2,22063,1102,171.59,163.60,27.00,27.00,10.42,4.38,Mitsubishi Heavy Industries Limited,Monrovia,-,Atlanship SA,Switzerland,Atlanship SA,Switzerland,Adriatic Reefer Corporation Incorporated,Liberia,-,-,-,-,9228370,636011527,14.80,2000,-,-,-,-,Mitsubishi Heavy Industries Limited,7159,9600,6UEC52LA,U.K. Mutual Steam Ship Assurance Association (Bermuda) Ltd,Lloyds Register,-,-,2025-03-28T00:00:00,-,2025-06-28T00:00:00,-,2030-08-30T00:00:00,2030-08-30T00:00:00,Atlanship SA,Switzerland,Atlanship SA,Switzerland,BRSSZ,Santos,A,17 Aug 2026 14:08:03 GMT,21 Aug 2026 12:00:00 GMT,Atlanship SA,Switzerland,"8° 31' 9"" S","34° 26' 12"" W"
Iscaria,asphalt tanker,Hamburg,J.J. Sietas Shipbuilding GmbH & Company KG,30447,Live,Nigeria,558,1'+ dwt,2437,Double Bottom,5N2235,1859,701,82.76,77.70,11.84,11.79,4.75,1.86,Deutz AG,-,-,Expanse Oil and Gas Limited,Nigeria,Expanse Oil and Gas Limited,Nigeria,Expanse Oil and Gas Limited,Nigeria,-,-,-,-,7330052,657282300,6.61,1973,-,-,-,-,Deutz AG,1007,1350,RSBA12M528,-,-,-,-,-,-,2018-05-10T00:00:00,-,-,-,-,-,Expanse Oil and Gas Limited,Nigeria,FSLS,-,Both,17 Aug 2026 14:11:23 GMT,25 Dec 2026 06:00:00 GMT,Expanse Oil and Gas Limited,Nigeria,"4° 40' 2"" N","7° 9' 22"" E"
Jeranto,wine tanker,Le Havre,ACH - Construction Navale,30641,Live,Italy,623,1'+ dwt,2171,Single,IVZH,1430,203,81.30,74.80,12.40,12.40,4.81,0.79,Mak Motoren GmbH & Company KG,Naples,-,Marnavi S.p.A.,Italy,Marnavi S.p.A.,Italy,Marnavi S.p.A.,Italy,-,-,-,-,7038628,247381000,5.60,1971,-,-,-,-,Fried. Krupp AG Hoesch-Krupp,1765,2400,6MU551AK,West of England Mutual Shipowners Protection & Indemnity Association (Luxemburg),RINA Services S.p.A.,-,-,-,-,2014-10-31T00:00:00,-,2029-10-31T00:00:00,2029-10-31T00:00:00,-,-,Ares Holdings S.r.l.,Italy,ITSLA,-,A,17 Aug 2026 14:08:32 GMT,17 Aug 2026 05:00:00 GMT,Marnavi S.p.A.,Italy,"38° 33' 40"" N","14° 52' 30"" E"
Molahauler,molasses tanker,Cebu,Cebu Shipyard & Eng. Works Incorporated,306522,Live,Philippines,214,-1' dwt,559,Single,DYUM,418,7,53.00,-,11.50,-,1.60,0.80,Detroit Diesel Corporation,-,-,Total Bulk Corporation,Philippines,Total Bulk Corporation,Philippines,Total Bulk Corporation,Philippines,-,-,-,-,7635567,-,2.40,1978,-,-,-,-,General Motors Corporation,268,360,12V-71-N,-,-,-,-,-,-,-,-,-,-,-,-,Total Bulk Corporation,Philippines,-,-,-,-,-,Total Bulk Corporation,Philippines,-,-
Carlos Fischer,fruit juice tanker,Mangalia,Daewoo-Mangalia Heavy Industries S.A.,311824,Live,Liberia,9902,1'+ dwt,43067,Double Bottom,A8AC4,33005,147,204.88,194.25,32.20,32.20,11.40,7.80,Sulzer Turbomachinery Services,Monrovia,280,Citrosuco Fias GmbH,Germany,Citrosuco Fias GmbH,Germany,Victoria Shipping International Corporation,Liberia,-,-,-,-,9230995,636011561,19.20,2002,-,-,-,-,Wartsila Italia S.p.A.,28350,30201,7RTA84,Assuranceforeningen Skuld,DNV,-,-,-,-,2017-05-25T00:00:00,-,2027-04-30T00:00:00,2027-04-30T00:00:00,Citrosuco Europe N.V.,Belgium,Citrosuco Europe N.V.,Belgium,BRSSZ>USPME,Port Manatee,A,17 Aug 2026 14:04:12 GMT,19 Aug 2026 14:00:00 GMT,Citrosuco Fias GmbH,Germany,"21° 23' 19"" N","75° 35' 33"" W"
Karel,water tanker,Svetlyy,Sudoremont-Zapad Joint Stock Company,315482,Live,Russia,91,-1' dwt,296,Single,-,191,1,29.45,27.50,8.15,8.15,3.12,0.48,Russkiy Diesel Firm,Murmansk,-,Pomor-Servis Company Limited,Russian Federation,Pomor-Servis Company Limited,Russian Federation,Pomor-Servis Company Limited,Russian Federation,-,-,-,-,8859859,-,3.60,1991,-,-,-,-,Daldizel Factory,165,224,6CHNSP18/22,-,Russian Register of Ships,-,-,-,-,2020-03-12T00:00:00,-,-,-,-,-,Pomor-Servis Company Limited,Russian Federation,-,-,-,-,-,Pomor-Servis Company Limited,Russian Federation,-,-
Rodnik,water tanker,Perama,Argo Shipbuilding & Shiprepairing Company S.A.,32031,Live,Ukraine,334,1'+ dwt,1200,Single,-,709,61,63.71,56.85,9.33,9.30,3.99,0.41,Deutz MWM AG,Odessa,-,Sea Commercial Port of Odessa,Ukraine,Sea Commercial Port of Odessa,Ukraine,Sea Commercial Port of Odessa,Ukraine,-,-,-,-,7011060,272009400,4.40,1971,-,-,-,-,Deutz MWM AG,895,1200,TBD484-6,-,-,-,-,-,-,1997-07-01T00:00:00,-,-,-,-,-,Sea Commercial Port of Odessa,Ukraine,-,-,-,01 Apr 2019 10:01:01 GMT,-,Sea Commercial Port of Odessa,Ukraine,"46° 29' 18"" N","30° 44' 51"" E"
Premium do Brasil,fruit juice tanker,Mangalia,Daewoo-Mangalia Heavy Industries S.A.,320762,Live,Liberia,9902,1'+ dwt,43002,Double Hull,A8BL4,33005,148,204.98,194.25,32.20,32.20,11.40,7.80,Sulzer Turbomachinery Services,Monrovia,-,Citrosuco Fias GmbH,Germany,Citrosuco Fias GmbH,Germany,Premium International Shipping Corporation,Germany,Exmar N.V.,Belgium,-,-,9242089,636011792,19.20,2003,-,-,-,-,Wartsila Italia S.p.A.,22521,30201,7RTA84,Assuranceforeningen Skuld,DNV,-,-,-,-,2013-08-25T00:00:00,-,2028-08-31T00:00:00,2028-08-31T00:00:00,Citrosuco Europe N.V.,Belgium,Citrosuco Europe N.V.,Belgium,USPME,-,A,17 Aug 2026 14:13:35 GMT,12 Aug 2026 12:30:00 GMT,Citrosuco Fias GmbH,Germany,"27° 37' 40"" N","82° 33' 48"" W"
Zhe Yu Lou 2,asphalt tanker,Guangzhou,CSSC Offshore & Marine Engineering Group Company Limited,321747,Live,China,231,-1' dwt,782,Single,-,492,-,61.00,-,8.20,-,-,-,Halliburton Productos Limitada,-,-,Zhejiang Communications Investment Group Company Limited,People's Republic of China,Zhejiang Xiangshan Marine Shipping Company,People's Republic of China,Zhejiang Xiangshan Marine Shipping Company,People's Republic of China,-,-,-,-,8955249,412401750,4.10,1984,-,-,-,-,Guangzhou Diesel Engine Factory,219,294,6300,-,-,-,-,-,-,-,-,-,-,-,-,Zhejiang Xiangshan Marine Shipping Company,People's Republic of China,WEN ZHOU,-,A,02 Aug 2026 14:31:36 GMT,06 Dec 2026 00:00:00 GMT,Zhejiang Xiangshan Marine Shipping Company,People's Republic of China,"27° 43' 45"" N","120° 40' 20"" E"
Rayan 02,asphalt tanker,Nomi,Nakatani Shipbuilding Company Limited,326588,Live,Comoros,338,1'+ dwt,1255,Double Hull,D6A3560,998,532,68.84,63.00,10.80,10.80,4.10,0.40,The Hanshin Diesel Works Limited,Moroni,-,Aurum Ship Management FZC,United Arab Emirates,Aurum Ship Management FZC,United Arab Emirates,Bituflex Shipping Incorporated,United Arab Emirates,-,-,-,-,8915110,620999561,4.50,1990,-,-,-,-,The Hanshin Diesel Works Limited,1323,1800,6EL30,-,Polski Rejestr Statkow,-,-,-,2020-07-25T00:00:00,2012-05-07T00:00:00,-,-,-,-,-,-,-,-,-,A,17 Aug 2026 12:57:12 GMT,-,Aurum Ship Management FZC,United Arab Emirates,"24° 48' 11"" N","56° 38' 12"" E"
Yumi Maru,edible oil tanker,Shimonoseki,Odo Shipbuilding & Engineering Company Limited,327296,Live,Japan,-,-1' dwt,460,Single,JG4875,193,368,44.50,40.01,-,7.20,3.34,0.16,The Hanshin Diesel Works Limited,Tokyo,-,Ajinomoto Butsuryu K.K.,Japan,Ajinomoto Butsuryu K.K.,Japan,Ajinomoto Butsuryu K.K.,Japan,-,-,-,-,8915201,431100305,3.50,1990,-,-,-,-,The Hanshin Diesel Works Limited,746,1000,6LU26G,-,-,-,-,-,-,-,-,-,-,-,-,Ajinomoto Butsuryu K.K.,Japan,-,-,-,-,-,Ajinomoto Butsuryu K.K.,Japan,-,-
Bit Force,asphalt tanker,Shanghai,Shanghai Edward Shipbuilding Company Limited,328957,Live,Netherlands,1884,1'+ dwt,7130,Double Hull,PCXW,6280,H125,116.90,109.30,18.00,18.00,7.50,2.71,Wartsila Corporation,Dordrecht,-,Tarbit Shipping AB,Sweden,Tarbit Tankers B.V.,Netherlands,Ciconia B.V.,Netherlands,-,-,ABS Credit Finans AB,Sweden,9256420,244813000,10.20,2003,-,-,-,-,Wartsila Italia S.p.A.,4350,5910,6L38,Assuranceforeningen Skuld,Bureau Veritas,-,-,2026-04-26T00:00:00,2026-04-26T00:00:00,2023-05-01T00:00:00,2023-05-04T00:00:00,2028-04-06T00:00:00,2028-04-06T00:00:00,Tarbit Tankers Services B.V.,Netherlands,Tarbit Tankers Services B.V.,Netherlands,NLRTM>SEOXE,Oxelosund,A,17 Aug 2026 14:11:52 GMT,19 Aug 2026 06:00:00 GMT,Tarbit Tankers B.V.,Netherlands,"53° 50' 24"" N","8° 53' 31"" E"
Bit Power,asphalt tanker,Shanghai,Shanghai Edward Shipbuilding Company Limited,328958,Live,Netherlands,2018,1'+ dwt,6996,Double Hull,PDSV,6556,H126,116.90,115.15,18.00,18.00,7.50,2.71,Wartsila Corporation,Dordrecht,-,Tarbit Shipping AB,Sweden,Tarbit Tankers B.V.,Netherlands,Carnisse B.V.,Netherlands,-,-,-,-,9256432,244944000,10.20,2003,-,-,-,-,Wartsila Nederland BV,4350,5914,6L38,Assuranceforeningen Skuld,Bureau Veritas,-,-,2023-12-11T00:00:00,2021-11-11T00:00:00,2023-12-01T00:00:00,2023-12-11T00:00:00,2028-12-04T00:00:00,2028-12-04T00:00:00,Tarbit Tankers Services B.V.,Netherlands,Tarbit Tankers Services B.V.,Netherlands,DK KOG > BE ANR,-,A,17 Aug 2026 14:14:06 GMT,15 Aug 2026 10:00:00 GMT,Tarbit Tankers B.V.,Netherlands,"51° 15' 13"" N","4° 22' 2"" E"
Alma Nova,asphalt tanker,Saiki,K.K. Miura Zosensho,329962,Live,St. Kitts-Nevis,600,1'+ dwt,2309,Single,V4JG4,1999,1251,79.99,74.00,13.20,13.20,4.90,1.50,Akasaka Diesels Limited,Basseterre,-,Unknown Owners,-,Unknown Owners,-,Seaway Transport Limited,Liberia,-,-,-,-,9257486,341028000,6.40,2001,-,-,-,-,Akasaka Diesels Limited,1618,2200,A34CR,Hydor AS,Bureau Veritas,-,-,2025-06-16T00:00:00,2025-06-16T00:00:00,2026-02-01T00:00:00,-,2026-09-30T00:00:00,2026-09-30T00:00:00,-,-,Unknown Owners,-,KHOR AL ZUBAIR,Khor al Zubair,A,17 Aug 2026 14:16:04 GMT,17 Aug 2026 21:00:00 GMT,Unknown Owners,-,"29° 5' 27"" N","49° 38' 33"" E"
Theodoros,wine tanker,Le Havre,ACH - Construction Navale,3304,Live,Panama,286,-1' dwt,980,Single,HO2418,634,5155,62.97,57.00,9.90,9.90,3.80,0.29,MAN Energy Solutions SE,Panama,-,Italian Breakers,Italy,Italian Breakers,Italy,Italian Breakers,Italy,-,-,-,-,6807333,-,4.09,1967,-,-,-,-,MAN Energy Solutions SE,1107,1485,G7V30/45ATL,-,-,-,-,-,-,-,-,-,-,-,-,Italian Breakers,Italy,-,-,-,-,-,Italian Breakers,Italy,-,-
Star Elroi,edible oil tanker,Boizenburg,Elbewerft Boizenburg GmbH (EWB),33042,Live,Nigeria,419,1'+ dwt,1516,Double Hull,5N2501,1161,216,70.99,65.20,10.37,10.10,4.50,1.30,Caterpillar Incorporated,-,62,Unknown Owners,-,Unknown Owners,-,Vinnex Investment Services Limited,Nigeria,-,-,-,-,7221275,657311400,5.80,1972,-,-,-,-,Caterpillar Incorporated,870,1183,3512,-,-,-,-,-,-,2014-03-14T00:00:00,-,-,-,-,-,Unknown Owners,-,-,-,A,17 Aug 2026 14:11:58 GMT,-,Unknown Owners,-,"6° 22' 35"" N","3° 23' 21"" E"
Monolit,water tanker,Boizenburg,Elbewerft Boizenburg GmbH (EWB),330729,Live,Unknown,78,-1' dwt,270,Single,-,305,1613,43.08,38.25,7.62,-,3.21,0.27,SKL Motoren-und Systemtechnik GmbH,-,-,Monolit-D Limited,Republic of Azerbaijan,Monolit-D Limited,Republic of Azerbaijan,Monolit-D Limited,Republic of Azerbaijan,-,-,-,-,6872508,-,3.48,1958,-,-,-,-,SKL Motoren-und Systemtechnik GmbH,224,300,8NVD36,-,-,-,-,-,-,2009-11-16T00:00:00,-,-,-,-,-,Monolit-D Limited,Republic of Azerbaijan,-,-,-,-,-,Monolit-D Limited,Republic of Azerbaijan,-,-
Bulag-2,water tanker,Baku,Vano Stura Shipyard,331119,Live,Azerbaijan,120,-1' dwt,455,Single,-,236,422,35.17,33.25,8.01,8.01,3.12,0.48,Barnaultransmash Holding Company Joint Stock Company,Baku,-,Azerbaijan Caspian Shipping Closed Joint Stock Company (ASCO),Republic of Azerbaijan,Azerbaijan Caspian Shipping Closed Joint Stock Company (ASCO),Republic of Azerbaijan,Azerbaijan Caspian Shipping Closed Joint Stock Company (ASCO),Republic of Azerbaijan,-,-,-,-,8963143,423243100,3.60,1999,-,-,-,-,Barnaultransmash Holding Company Joint Stock Company,169,226,3D6N-235,-,Russian Register of Ships,-,-,-,-,2015-12-25T00:00:00,-,-,-,-,-,Azerbaijan Caspian Shipping Closed Joint Stock Company (ASCO),Republic of Azerbaijan,-,-,A,14 Aug 2026 03:59:15 GMT,-,Azerbaijan Caspian Shipping Closed Joint Stock Company (ASCO),Republic of Azerbaijan,"40° 2' 4"" N","49° 37' 41"" E"
Trader,edible oil tanker,Apatin,Apatin Shipbuilding,332869,Live,Russia,593,1'+ dwt,2721,Single,UBUN9,1910,1088,89.67,84.75,12.29,12.29,4.00,1.80,Unknown Engine Designer,Astrakhan,-,Uni-Tanker Group Limited,Russian Federation,Uni-Tanker Group Limited,Russian Federation,Uni-Tanker Group Limited,Russian Federation,-,-,-,-,8872514,273385110,5.80,1986,-,-,-,-,-,460,2458,6T23LU-2,-,Russian Register of Ships,-,-,-,-,2019-07-12T00:00:00,-,-,-,Uni-Tanker Group Limited,Russian Federation,Uni-Tanker Group Limited,Russian Federation,-,-,A,23 Mar 2026 18:41:32 GMT,-,Uni-Tanker Group Limited,Russian Federation,"40° 16' 48"" N","49° 47' 42"" E"
Timi,wine tanker,Elsfleth,Elsflether Werft GmbH & Company KG,33446,Live,Panama,583,1'+ dwt,1628,Double Bottom,HO5365,1212,340,64.57,59.01,10.40,10.40,5.18,0.82,Deutz AG,Panama,-,Matco Trading LLC,United Arab Emirates,Matco Trading LLC,United Arab Emirates,Matco Trading LLC,United Arab Emirates,Veesham Shipping Incorporated,United Arab Emirates,-,-,6409636,370321000,6.00,1964,-,-,-,-,Deutz AG,984,1320,RBV8M545,-,-,-,-,-,-,-,-,-,-,Veesham Shipping Incorporated,United Arab Emirates,Veesham Shipping Incorporated,United Arab Emirates,-,-,-,-,-,Matco Trading LLC,United Arab Emirates,-,-
Citrus Vita Brasil,fruit juice tanker,Stralsund,Volkswerft Stralsund GmbH - NOW SEE P&S WERFTEN GMBH,3347506,Live,Liberia,9274,1'+ dwt,34966,Single,D5LW3,30912,482,210.56,198.74,29.80,29.80,11.40,5.00,B&W Diesel A/S,Monrovia,2478,Citrosuco Fias GmbH,Germany,Citrosuco Fias GmbH,Germany,Citrus Vita Brasil Shipping Company,Liberia,Citrosuco Europe N.V.,Belgium,-,-,9491836,636017610,16.40,2009,-,-,-,-,Hanwha Engine Company Limited,21469,29189,7L70ME-C,Assuranceforeningen Skuld,DNV,-,-,-,-,2018-10-25T00:00:00,-,2028-10-25T00:00:00,2028-10-25T00:00:00,Citrosuco Europe N.V.,Belgium,Citrosuco Europe N.V.,Belgium,BR SSZ,Santos,A,17 Aug 2026 13:24:09 GMT,25 Aug 2026 12:00:00 GMT,Citrosuco Fias GmbH,Germany,"14° 59' 42"" N","24° 2' 18"" W"
Bitflower,asphalt tanker,Lemmer,VEKA Shipyard Lemmer B.V.,336872,Live,Sweden,1480,1'+ dwt,6314,Double Hull,SBJE,4936,694,114.60,108.90,16.45,16.45,6.70,3.15,Wartsila Corporation,Skarhamn,-,Tarbit Shipping AB,Sweden,Tarbit Shipping AB,Sweden,Tarbit Shipping AB,Sweden,-,-,-,-,9263930,266009000,9.85,2003,-,-,-,-,Wartsila Nederland BV,4350,5910,6L38,Assuranceforeningen Skuld,Bureau Veritas,-,-,2026-02-10T00:00:00,2026-03-24T00:00:00,2023-03-01T00:00:00,2023-03-31T00:00:00,2028-06-03T00:00:00,2028-06-03T00:00:00,Tarbit Shipping AB,Sweden,Tarbit Shipping AB,Sweden,IS AKU >  LT KLJ,-,A,17 Aug 2026 13:55:26 GMT,22 Aug 2026 00:00:00 GMT,Tarbit Shipping AB,Sweden,"65° 11' 57"" N","11° 1' 56"" W"
Asphalt Teranga,asphalt tanker,Kraljevica,Brodogradiliste Kraljevica Limited,336885,Live,Panama,2172,1'+ dwt,9230,Double Hull,3E2157,6292,531,108.50,99.60,18.60,18.60,8.34,1.27,Wartsila Corporation,Panama,-,Rubis SCA,France,Rubis SCA,France,Blue Round Shipping Corporation,Panama,-,-,-,-,9263942,352001408,10.60,2005,-,-,-,-,Wartsila Finland oy,4000,5438,8L32,Assuranceforeningen Skuld,RINA Services S.p.A.,-,-,2015-01-11T00:00:00,2017-12-18T00:00:00,2022-04-01T00:00:00,2015-01-11T00:00:00,2030-11-16T00:00:00,2030-11-16T00:00:00,Maritec Tanker Management Private Limited,India,Maritec Tanker Management Private Limited,India,ESRGA,Arinaga,A,17 Aug 2026 14:12:30 GMT,23 Aug 2026 12:00:00 GMT,Rubis SCA,France,"37° 38' 58"" N","9° 3' 7"" E"
Hemera,asphalt tanker,Kraljevica,Brodogradiliste Kraljevica Limited,336895,Live,Unknown,2172,1'+ dwt,9214,Double Hull,T8A4764,6292,532,108.50,99.60,18.60,18.60,8.34,2.26,Wartsila Corporation,-,-,Unknown Owners,-,Unknown Owners,-,Unknown Owners,-,-,-,-,-,9263954,-,10.60,2006,-,-,-,-,Wartsila Finland oy,4000,5435,8L32,-,-,-,-,2021-05-26T00:00:00,2023-05-15T00:00:00,2024-05-01T00:00:00,2021-05-26T00:00:00,-,-,-,-,Unknown Owners,-,-,Khor al Fakkan,A,13 Jul 2026 17:16:30 GMT,-,Unknown Owners,-,"25° 40' 38"" N","56° 38' 13"" E"
Elisabeth J,asphalt tanker,Ningbo,Zhejiang Shipbuilding Company Limited,336943,Live,Cyprus,1193,1'+ dwt,4389,Double Hull,5BRE4,3977,ZJB00093,106.00,96.71,15.80,15.80,6.00,3.41,Mak Motoren GmbH & Company KG,Limassol,-,Bitumen Scheepvaart Elisabeth B.V.,Netherlands,Bitumen Scheepvaart Elisabeth B.V.,Netherlands,Bitumen Scheepvaart Elisabeth B.V.,Netherlands,Internationaal Transport Gebr. Van Der Lee BV,Netherlands,-,-,9264116,212651000,9.40,2002,-,-,-,-,Fried. Krupp AG Hoesch-Krupp,2919,3915,6M32,MS Amlin,Bureau Veritas,-,-,2026-01-27T00:00:00,2026-01-27T00:00:00,2023-02-01T00:00:00,2023-02-10T00:00:00,2027-12-03T00:00:00,2027-12-03T00:00:00,Bitumen Scheepvaart Elisabeth B.V.,Netherlands,Bitumen Scheepvaart Elisabeth B.V.,Netherlands,DODRECHT,-,A,17 Aug 2026 14:14:12 GMT,16 Aug 2026 13:00:00 GMT,Bitumen Scheepvaart Elisabeth B.V.,Netherlands,"51° 47' 19"" N","4° 37' 50"" E"
Ain Zeft,asphalt tanker,Ruse,Rousse Shipyard J.S.C.,337413,Live,Algeria,1273,1'+ dwt,4999,Double Hull,7TGQ,4243,703,108.41,100.50,15.20,15.20,6.05,3.25,Mak Motoren GmbH & Company KG,Oran,-,Sonatrach SpA,Algeria,Hyproc Shipping Company,Algeria,Hyproc Shipping Company,Algeria,-,-,-,-,9265380,605076180,9.30,2008,-,-,-,-,Caterpillar Motoren GmbH & Company KG,2800,3807,6M32,Assuranceforeningen Gard,DNV,-,-,-,-,2018-12-11T00:00:00,-,2028-12-29T00:00:00,2028-12-29T00:00:00,Hyproc Shipping Company,Algeria,Hyproc Shipping Company,Algeria,IT AUG,-,A,17 Aug 2026 14:16:53 GMT,19 Aug 2026 07:00:00 GMT,Hyproc Shipping Company,Algeria,"37° 12' 60"" N","8° 45' 36"" E"
Ras Tomb,asphalt tanker,Ruse,Rousse Shipyard J.S.C.,337415,Live,Algeria,1273,1'+ dwt,4999,Double Hull,7TGR,4243,704,108.42,100.50,15.20,15.20,6.05,3.25,Mak Motoren GmbH & Company KG,Oran,-,Sonatrach SpA,Algeria,Hyproc Shipping Company,Algeria,Hyproc Shipping Company,Algeria,-,-,-,-,9265392,605076190,9.30,2010,-,-,-,-,Caterpillar Motoren GmbH & Company KG,3000,3467,6M32,Assuranceforeningen Gard,DNV,-,-,-,-,2016-03-04T00:00:00,-,2030-12-01T00:00:00,2030-12-01T00:00:00,Hyproc Shipping Company,Algeria,Hyproc Shipping Company,Algeria,DZALG,-,A,17 Aug 2026 14:16:06 GMT,17 Aug 2026 11:00:00 GMT,Hyproc Shipping Company,Algeria,"36° 45' 44"" N","3° 6' 20"" E"
Aquatic,water tanker,Colchester,Rowhedge Ironworks Limited,338292,Live,U.K.,101,-1' dwt,315,Single,-,199,945,35.00,-,7.20,7.17,2.30,0.50,Kelvin Diesels PLC,-,-,Thames Shipping Services Limited,United Kingdom,Thames Shipping Services Limited,United Kingdom,Thames Shipping Services Limited,United Kingdom,-,-,-,-,5426572,-,2.80,1963,-,-,-,-,-,179,240,T8,-,-,-,-,-,-,-,-,-,-,Thames Shipping Services Limited,United Kingdom,Thames Shipping Services Limited,United Kingdom,-,-,-,-,-,Thames Shipping Services Limited,United Kingdom,-,-
Chorokhi,water tanker,Astrakhan,OAO Astrakhanskaya Sudoverf,339549,Live,Ukraine,57,-1' dwt,70,Single,UVQM,477,101,31.00,-,7.10,6.90,2.10,1.90,Russkiy Diesel Firm,-,-,Batumi Sea Trading Port Limited,Republic of Georgia,Batumi Sea Trading Port Limited,Republic of Georgia,Batumi Sea Trading Port Limited,Republic of Georgia,-,-,-,-,9076806,-,4.00,1992,-,-,-,-,Russian Engine Builders,235,315,6CHSPN2A18-315,-,Shipping Register of Ukraine (SRU),-,-,-,-,2018-12-04T00:00:00,-,-,-,-,-,Batumi Sea Trading Port Limited,Republic of Georgia,-,-,B,11 Sep 2023 05:15:01 GMT,-,Batumi Sea Trading Port Limited,Republic of Georgia,"41° 39' 5"" N","41° 38' 39"" E"
Marine Flux,asphalt tanker,Ningbo,Zhejiang Shipbuilding Company Limited,340867,Live,Barbados,1219,1'+ dwt,4500,Double Hull,8PQQ,4064,ZJB01-104,106.00,98.72,-,15.80,6.00,3.75,Mak Motoren GmbH & Company KG,Bridgetown,-,Candour Tankers FZE,United Arab Emirates,Candour Tankers FZE,United Arab Emirates,Marine Flux Shipping Incorporated,Marshall Islands,-,-,-,-,9272565,314001159,9.75,2003,-,-,-,-,Caterpillar Incorporated,2919,3915,6M32,Hydor AS,China Classification,-,-,2019-12-07T00:00:00,2021-07-08T00:00:00,2018-05-24T00:00:00,2019-12-04T00:00:00,2028-06-02T00:00:00,2028-06-02T00:00:00,Ocean Sphere Ship Management (FZE),United Arab Emirates,Ocean Sphere Ship Management (FZE),United Arab Emirates,SHINAS,Shinas,A,17 Aug 2026 14:09:33 GMT,20 Aug 2026 08:00:00 GMT,Candour Tankers FZE,United Arab Emirates,"23° 52' 28"" N","65° 23' 55"" E"
Tasco Phoenix,asphalt tanker,Yawatahama,Kurinoura Dockyard K.K.,341110,Live,Thailand,457,1'+ dwt,2058,Double Hull,HSB7509,1523,374,78.00,72.00,12.00,12.00,5.01,0.79,Akasaka Diesels Limited,Bangkok,-,Tipco Asphalt Public Company Limited,Thailand,Tipco Maritime Company Limited (The Marine Group),Thailand,Alpha Maritime Company Limited,Thailand,-,-,-,-,9276298,567594000,5.80,2002,-,-,-,-,Akasaka Diesels Limited,1765,2400,A34S,Assuranceforeningen Skuld,Nippon Kaiji Kyokai,-,-,2020-07-24T00:00:00,-,2017-08-28T00:00:00,-,2027-07-26T00:00:00,2027-07-26T00:00:00,Tipco Maritime Company Limited (The Marine Group),Thailand,Tipco Maritime Company Limited (The Marine Group),Thailand,TH URT,-,A,17 Aug 2026 09:54:35 GMT,16 Aug 2026 08:00:00 GMT,Tipco Maritime Company Limited (The Marine Group),Thailand,"9° 9' 47"" N","99° 23' 12"" E"
SRP-150-19,water tanker,Nakhodka,Nakhodkinskiy Shiprepairs Yard,342790,Live,Russia,58,-1' dwt,163,Single,-,173,19,35.75,33.50,7.50,7.50,1.71,0.69,Russkiy Diesel Firm,Nakhodka,-,Y. Kozlov & D. Korneev,Russian Federation,Y. Kozlov & D. Korneev,Russian Federation,Y. Kozlov & D. Korneev,Russian Federation,-,-,-,-,8932778,-,2.40,1973,-,-,-,-,Russian Engine Builders,165,224,6CHNSP18/22,-,Russian Register of Ships,-,-,-,-,2018-05-31T00:00:00,-,-,-,-,-,Port-Servis Limited,Russian Federation,-,-,-,-,-,Y. Kozlov & D. Korneev,Russian Federation,-,-
AB Victory,asphalt tanker,Tuzla,Selah Shipyard (Selah Makina Sanayi ve Ticaret A.S.),343274,Live,Palau,1667,1'+ dwt,5850,Double Hull,T8A3505,3923,35,105.50,98.50,16.80,16.80,6.48,1.72,MAN Energy Solutions SE,Malakal Harbor,-,Kukkis Trading & Consultancy FZE LLC,United Arab Emirates,Kukkis Trading & Consultancy FZE LLC,United Arab Emirates,AB Shipping Incorporated,Panama,-,-,-,-,9287871,511100371,8.20,2003,-,-,-,-,MAN Energy Solutions SE,3360,4568,7L32/40,-,Indian Register,-,-,2018-01-26T00:00:00,2016-07-26T00:00:00,2018-10-01T00:00:00,2018-01-26T00:00:00,2028-10-14T00:00:00,2028-10-14T00:00:00,Seaglobe Ship Management Private Limited,India,Seaglobe Ship Management Private Limited,India,AE HAM,-,A,17 Aug 2026 14:11:32 GMT,13 Aug 2026 23:00:00 GMT,Kukkis Trading & Consultancy FZE LLC,United Arab Emirates,"25° 28' 19"" N","55° 29' 8"" E"
Asphalt Alliance,asphalt tanker,Tuzla,Selah Shipyard (Selah Makina Sanayi ve Ticaret A.S.),343275,Live,Panama,1667,1'+ dwt,5850,Double Hull,3E2200,3923,36,105.50,97.80,16.80,16.80,6.48,1.71,MAN Energy Solutions SE,Panama,-,Inter Global Shipping Limited,United Arab Emirates,Inter Global Shipping Limited,United Arab Emirates,Galant Shipping Incorporated,Panama,-,-,-,-,9287883,352002037,8.20,2004,-,-,-,-,MAN Energy Solutions SE,3360,4565,7L32/40,West of England Mutual Shipowners Protection & Indemnity Association (Luxemburg),Bureau Veritas,-,-,2024-07-12T00:00:00,2022-01-08T00:00:00,2024-07-01T00:00:00,2024-07-12T00:00:00,2029-02-28T00:00:00,2029-02-28T00:00:00,Avinya Ship Management Services LLC,United Arab Emirates,Avinya Ship Management Services LLC,United Arab Emirates,RMC_UAE,-,A,17 Aug 2026 14:14:04 GMT,15 Aug 2026 15:00:00 GMT,Inter Global Shipping Limited,United Arab Emirates,"25° 56' 39"" N","56° 3' 25"" E"
KG 1,water tanker,Mukaishima,Hitachi Shipbuilding Corporation (Mukaishima),343643,Live,Unknown,356,1'+ dwt,1106,Double Hull,-,736,27,66.50,62.00,10.00,10.00,3.92,0.63,Niigata Shipbuilding & Repair Incorporated,-,-,Aim Global Shipping & Fuel Supply L.L.C.,United Arab Emirates,Aim Global Shipping & Fuel Supply L.L.C.,United Arab Emirates,Aim Global Shipping & Fuel Supply L.L.C.,United Arab Emirates,-,-,-,-,8921327,-,4.55,1990,-,-,-,-,Niigata Shipbuilding & Repair Incorporated,1000,1000,6M28BFT,-,-,-,-,-,-,2018-09-09T00:00:00,-,-,-,AGS Marine Services Incorporated,Panama,AGS Marine Services Incorporated,Panama,DUBAI    ANCHORAGE,-,A,23 Jan 2026 17:35:11 GMT,25 Jun 2026 10:00:00 GMT,Aim Global Shipping & Fuel Supply L.L.C.,United Arab Emirates,"25° 50' 36"" N","57° 9' 22"" E"
Kesinee Marine 1,edible oil tanker,Hakata,Murakami Hide Shipbuilding Company Limited,343702,Live,Thailand,-,1'+ dwt,1230,Single,HSB2822,499,258,64.00,60.00,10.00,10.00,3.20,1.30,Niigata Shipbuilding & Repair Incorporated,-,-,Shabnam Vegetable Oil Industries Limited,Bangladesh,Shabnam Vegetable Oil Industries Limited,Bangladesh,Shabnam Vegetable Oil Industries Limited,Bangladesh,-,-,-,-,8610540,-,4.50,1986,-,-,-,-,Niigata Shipbuilding & Repair Incorporated,746,1000,6M28BGT,-,-,-,-,-,-,-,-,-,-,-,-,Shabnam Vegetable Oil Industries Limited,Bangladesh,CHITTAGONG,-,-,17 Sep 2018 12:04:21 GMT,31 Dec 2018 23:59:00 GMT,Shabnam Vegetable Oil Industries Limited,Bangladesh,"22° 16' 37"" N","91° 48' 8"" E"
Armada,water tanker,Saiki,K.K. Miura Zosensho,343758,Live,Unknown,336,1'+ dwt,1274,Single,-,714,763,58.00,-,10.01,10.00,4.00,0.50,The Hanshin Diesel Works Limited,-,-,APC Marine Proprietary Limited,Australia,APC Marine Proprietary Limited,Australia,APC Marine Singapore Private Limited,Republic of Singapore,-,-,-,-,8604424,-,4.50,1986,-,-,-,-,The Hanshin Diesel Works Limited,1044,1400,6LUN28A,-,-,-,-,-,-,-,-,-,-,-,-,APC Marine Proprietary Limited,Australia,-,-,-,-,-,APC Marine Proprietary Limited,Australia,-,-
Tasco Amata,asphalt tanker,Hashihama,Shin Kurushima Dockyard Company Limited,344171,Live,Thailand,1811,1'+ dwt,7139,Double Hull,HSB2978,6035,5226,105.00,99.95,19.60,19.60,6.73,4.27,B&W Diesel A/S,Bangkok,-,Tipco Asphalt Public Company Limited,Thailand,Tipco Maritime Company Limited (The Marine Group),Thailand,Bitumen Marine Company Limited,Thailand,-,-,-,-,9279680,567226000,11.00,2003,-,-,-,-,Makita Corporation,3883,5310,6L35MC,Assuranceforeningen Skuld,Nippon Kaiji Kyokai,-,-,2021-03-05T00:00:00,-,2018-05-09T00:00:00,-,2028-06-02T00:00:00,2028-06-02T00:00:00,Tipco Maritime Company Limited (The Marine Group),Thailand,Tipco Maritime Company Limited (The Marine Group),Thailand,THRYG,-,A,17 Aug 2026 14:13:41 GMT,13 Aug 2026 06:00:00 GMT,Tipco Maritime Company Limited (The Marine Group),Thailand,"12° 36' 43"" N","101° 14' 30"" E"
Tasco Anan,asphalt tanker,Hakata,Murakami Hide Shipbuilding Company Limited,344678,Live,Thailand,1058,1'+ dwt,3851,Double Hull,HSB4561,3525,532,102.95,97.50,-,17.80,4.80,2.45,Akasaka Diesels Limited,Bangkok,-,Tipco Asphalt Public Company Limited,Thailand,Tipco Maritime Company Limited (The Marine Group),Thailand,Tasco Shipping Company Limited,Thailand,-,-,-,-,9279642,567423000,7.25,2003,-,-,-,-,The Hanshin Diesel Works Limited,2206,2999,A45S,Assuranceforeningen Skuld,Nippon Kaiji Kyokai,-,-,2018-06-11T00:00:00,-,2018-06-11T00:00:00,-,2028-07-17T00:00:00,2028-07-17T00:00:00,Tipco Maritime Company Limited (The Marine Group),Thailand,Tipco Maritime Company Limited (The Marine Group),Thailand,MYKEM,Kemaman,A,17 Aug 2026 14:02:31 GMT,17 Aug 2026 20:00:00 GMT,Tipco Maritime Company Limited (The Marine Group),Thailand,"5° 12' 38"" N","103° 23' 13"" E"
Maharani Tama,asphalt tanker,Kinoe,Sasaki Shipbuilding Company Limited,345349,Live,Indonesia,1049,1'+ dwt,3800,Double Hull,PMQH,2481,530,97.00,91.00,-,13.80,5.70,1.45,Akasaka Diesels Limited,Makassar,-,Kalla Group,Indonesia,P.T. Bumi Lintas Tama,Indonesia,P.T. Bumi Lintas Tama,Indonesia,-,-,-,-,8905452,525016324,7.15,1989,-,-,-,-,Akasaka Diesels Limited,1398,1900,A31,-,KI (provisional), (provisional), (provisional),-,-,-,-,-,-,P.T. Bumi Lintas Tama,Indonesia,P.T. Bumi Lintas Tama,Indonesia,0SI KARI^GBE1  0,-,-,02 Aug 2017 03:12:48 GMT,20 Aug 2022 20:04:00 GMT,P.T. Bumi Lintas Tama,Indonesia,"5° 54' 16"" S","106° 7' 14"" E"
Rose Marine,edible oil tanker,Imabari,Asakawa Shipbuilding Company Limited,345576,Live,Indonesia,231,-1' dwt,911,Single,YHAE,662,338,58.32,54.00,9.01,9.01,3.94,0.46,The Hanshin Diesel Works Limited,Palembang,-,P.T. Adovelin Raharja,Indonesia,P.T. Adovelin Raharja,Indonesia,P.T. Adovelin Raharja,Indonesia,-,-,-,-,8718316,525023031,4.40,1988,-,-,-,-,The Hanshin Diesel Works Limited,736,1000,6LU28G,-,-,-,-,-,-,-,-,-,-,P.T. Adovelin Raharja,Indonesia,P.T. Adovelin Raharja,Indonesia,-,-,-,29 Apr 2018 22:36:18 GMT,-,P.T. Adovelin Raharja,Indonesia,"12° 10' 52"" S","158° 33' 3"" E"
Halmia,edible oil tanker,Kiel,"Lindenau GmbH, Schiffswerft & Maschinenfabrik",34621,Live,Sweden,385,1'+ dwt,1300,Double Bottom,SJQO,886,125,67.00,61.19,9.86,9.85,4.25,0.25,Mak Motoren GmbH & Company KG,Halmstad,-,Sinbad Shipping AB,Sweden,Sinbad Shipping AB,Sweden,Rederi-AB Halmia,Sweden,-,-,-,-,6411598,265509480,4.50,1964,-,-,-,-,Mak Motoren GmbH & Company KG,820,1100,8MU451AK,-,-,-,-,-,-,1992-06-01T00:00:00,-,-,-,-,-,Sinbad Shipping AB,Sweden,-,-,-,-,-,Sinbad Shipping AB,Sweden,-,-
Selenia,asphalt tanker,Eregli,Madenci Gemi Sanayii Limited Shipbuilding,346663,Live,Palau,1513,1'+ dwt,5765,Double Hull,T8A4772,5046,22,109.66,104.10,18.00,17.80,6.00,2.61,Mak Motoren GmbH & Company KG,Malakal Harbor,-,Unknown Owners,-,Unknown Owners,-,Shannon Lines Incorporated,Marshall Islands,-,-,-,-,9286437,511101414,8.60,2004,-,-,-,-,Caterpillar Motoren GmbH & Company KG,3360,2864,8M32,Hydor AS,China Classification,-,-,-,-,2019-05-02T00:00:00,-,2029-04-28T00:00:00,2029-04-28T00:00:00,Apurva Marine Services Private Limited,India,Apurva Marine Services Private Limited,India,PORT RASHID,-,A,17 Aug 2026 14:12:01 GMT,17 Aug 2026 11:00:00 GMT,Unknown Owners,-,"25° 32' 54"" N","54° 57' 23"" E"
Pusaka Abadi,asphalt tanker,Yawatahama,Kurinoura Dockyard K.K.,347379,Live,Malaysia,1014,1'+ dwt,4318,Double Hull,9M2072,3378,375,99.70,93.50,15.60,15.60,5.61,1.89,Akasaka Diesels Limited,Port Klang,-,Blackhem Holdings Sendirian Berhad,Malaysia,May Maritime Services Sendirian Berhad,Malaysia,May Tanker Sendirian Berhad,Malaysia,-,-,-,-,9288162,533131107,7.50,2002,-,-,-,-,Akasaka Diesels Limited,2427,3300,A41,-,Nippon Kaiji Kyokai,-,-,2020-12-27T00:00:00,-,2018-01-01T00:00:00,-,2028-03-26T00:00:00,2028-03-26T00:00:00,May Maritime Services Sendirian Berhad,Malaysia,May Maritime Services Sendirian Berhad,Malaysia,-,-,A,17 Aug 2026 14:11:44 GMT,-,May Maritime Services Sendirian Berhad,Malaysia,"3° 4' 57"" N","101° 20' 5"" E"
Azov,edible oil tanker,Mitrovica,Brodogradiliste Tito,348613,Live,Russia,593,1'+ dwt,2704,Single,UHDR,1910,1112,89.67,84.75,12.29,12.29,4.00,1.80,Unknown Engine Designer,Taganrog,-,Vadim Vikulov and family,Russian Federation,LLC Aston Enterprise Agency,Russian Federation,Azovo-Donskaya Company,Russian Federation,-,-,-,-,8943260,273437770,5.80,1987,-,-,-,-,-,466,625,6T23LU-2,-,Russian Register of Ships,-,-,-,-,2020-07-30T00:00:00,-,-,-,LLC 'Traveler Shipping' (Traveler Shipping Limited),Russian Federation,LLC 'Traveler Shipping' (Traveler Shipping Limited),Russian Federation,ASTRAKHAN,-,A,17 Aug 2026 14:05:53 GMT,07 Dec 2026 22:00:00 GMT,LLC Aston Enterprise Agency,Russian Federation,"44° 42' 4"" N","47° 44' 43"" E"
Asphaltea,asphalt tanker,Onomichi,Onomichi Shipbuilding Company Limited,349428,Live,Guinea-Bissau,13580,1'+ dwt,46178,Double Hull,J5AX9,27284,501,182.50,172.00,32.20,32.20,12.60,5.51,B&W Diesel A/S,-,-,Unknown Owners,-,Unknown Owners,-,Galene Shipping Company,Marshall Islands,-,-,-,-,9288382,630001209,18.10,2004,-,-,-,-,Mitsui Engineering & Shipbuilding Company Limited (Tamano),8580,11665,6S50MC6,-,RINA Services S.p.A.,-,-,2019-06-18T00:00:00,2017-05-03T00:00:00,2019-06-18T00:00:00,2019-06-18T00:00:00,2029-07-27T00:00:00,2029-07-27T00:00:00,Toptech Maritime Service Company Limited,People's Republic of China,Toptech Maritime Service Company Limited,People's Republic of China,-,-,A,17 Aug 2026 14:13:00 GMT,-,Unknown Owners,-,"24° 43' 54"" N","56° 38' 53"" E"
Harapan Baru,asphalt tanker,Yawatahama,Kurinoura Dockyard K.K.,349634,Live,Malaysia,1522,1'+ dwt,6068,Double Hull,9MYQ7,5072,373,109.99,104.50,18.20,18.20,6.00,3.60,Mitsubishi Heavy Industries Limited,Port Klang,-,Blackhem Holdings Sendirian Berhad,Malaysia,May Maritime Services Sendirian Berhad,Malaysia,May Tanker Sendirian Berhad,Malaysia,May Maritime Services Sendirian Berhad,Malaysia,-,-,9291171,533130819,9.60,2002,-,-,-,-,Akasaka Diesels Limited,3089,4200,6UEC37LA,-,China Classification,-,-,-,-,2016-04-27T00:00:00,-,2031-04-26T00:00:00,2031-04-26T00:00:00,May Maritime Services Sendirian Berhad,Malaysia,May Maritime Services Sendirian Berhad,Malaysia,MYTJMANIS,-,A,17 Aug 2026 06:11:37 GMT,20 Aug 2026 17:00:00 GMT,May Maritime Services Sendirian Berhad,Malaysia,"5° 50' 37"" N","118° 56' 19"" E"
Asphalt Transporter,asphalt tanker,Kraljevica,Brodogradiliste Kraljevica Limited,350469,Live,Cyprus,2172,1'+ dwt,9221,Double Hull,C4WE2,6292,533,108.50,99.90,18.60,18.60,8.34,2.27,Wartsila Corporation,Limassol,-,Vitol Holding II S.A.,Luxembourg,VALT Asphalt Sarl,United States of America,Asphalt Transporter Shipping Company Limited,Cyprus,-,-,-,-,9293533,212442000,10.60,2006,-,-,-,-,Wartsila Finland oy,4000,5435,8L32,NorthStandard,Bureau Veritas,-,-,2026-04-06T00:00:00,2026-04-06T00:00:00,2023-09-01T00:00:00,2023-02-01T00:00:00,2028-01-24T00:00:00,2028-01-24T00:00:00,Interorient Marine Services Limited,Cyprus,Interorient Marine Services Limited,Cyprus,AU NTL,Newcastle,A,17 Aug 2026 14:11:09 GMT,18 Aug 2026 21:00:00 GMT,VALT Asphalt Sarl,United States of America,"37° 46' 19"" S","150° 11' 31"" E"
Asphalt Carrier,asphalt tanker,Kraljevica,Brodogradiliste Kraljevica Limited,350470,Live,Marshall Islands,2172,1'+ dwt,9230,Double Hull,V7UC8,6292,534,108.50,99.99,18.60,18.60,8.34,2.27,Wartsila Corporation,Majuro,-,Unknown Owners,-,Unknown Owners,-,Asphalt Carriers Private Limited,Republic of Singapore,-,-,-,-,9293545,538003932,10.60,2010,-,-,-,-,Wartsila Finland oy,4000,5435,8L32,U.K. Mutual Steam Ship Assurance Association (Bermuda) Ltd,Bureau Veritas,-,-,2025-08-08T00:00:00,2023-04-06T00:00:00,2025-08-01T00:00:00,2025-08-11T00:00:00,2030-06-02T00:00:00,2030-06-02T00:00:00,LSC SIA,Republic of Latvia,LSC SIA,Republic of Latvia,USALB,Albany,A,17 Aug 2026 14:11:22 GMT,17 Aug 2026 16:00:00 GMT,Unknown Owners,-,"40° 9' 25"" N","73° 17' 44"" W"
Lira Serena,asphalt tanker,Ningbo,Zhejiang Shipbuilding Company Limited,350510,Live,Nicaragua (False Flag),1219,1'+ dwt,4531,Double Hull,H7XS1,4064,ZJB02105,106.00,98.72,-,15.80,6.30,3.46,Mak Motoren GmbH & Company KG,-,-,Unknown Owners,-,Unknown Owners,-,Unknown Owners,-,-,-,-,-,9297101,350619000,9.75,2004,-,-,-,-,Caterpillar Motoren GmbH & Company KG,2880,3862,6M32,Hydor AS,Turk Loydu,-,-,2024-01-14T00:00:00,2021-12-08T00:00:00,2025-07-01T00:00:00,2024-01-14T00:00:00,2029-02-17T00:00:00,2029-02-17T00:00:00,-,-,Unknown Owners,-,-,-,A,17 Aug 2026 14:12:37 GMT,-,Unknown Owners,-,"5° 54' 9"" N","80° 4' 56"" E"
Ayer Molek,water tanker,China,-,351979,Live,Singapore,114,-1' dwt,498,Single,9V5886,305,-,41.49,41.49,9.00,9.00,2.70,0.40,Caterpillar Incorporated,Singapore,-,PSA International Limited,Republic of Singapore,PSA Marine Private Limited,Republic of Singapore,PSA Marine Private Limited,Republic of Singapore,-,-,-,-,8955392,563001280,3.10,1993,-,-,-,-,Unknown Engine Builder,375,503,3412,-,-,-,-,-,-,2004-03-02T00:00:00,-,-,-,-,-,PSA Marine Private Limited,Republic of Singapore,-,-,A,08 Oct 2022 04:14:01 GMT,-,PSA Marine Private Limited,Republic of Singapore,"1° 17' 26"" N","103° 45' 39"" E"
Ayer Manis,water tanker,China,-,351980,Live,Singapore,114,-1' dwt,499,Single,9V5855,305,4478,41.49,41.48,-,9.00,2.70,0.40,Caterpillar Incorporated,Singapore,-,PSA International Limited,Republic of Singapore,PSA Marine Private Limited,Republic of Singapore,PSA Marine Private Limited,Republic of Singapore,-,-,-,-,8898879,563001270,3.10,1993,-,-,-,-,Unknown Engine Builder,375,503,3412,-,-,-,-,-,-,2008-08-28T00:00:00,-,-,-,-,-,PSA Marine Private Limited,Republic of Singapore,-,-,A,17 Aug 2026 14:16:47 GMT,-,PSA Marine Private Limited,Republic of Singapore,"1° 15' 27"" N","103° 50' 31"" E"
Iver Bitumen,asphalt tanker,Masan,Geo Marine Engineering & Shipbuilding Company,3543266,Live,Portugal,1750,1'+ dwt,6482,Double Hull,CQ2923,5836,102,109.90,102.00,-,18.22,6.70,3.31,The Hanshin Diesel Works Limited,-,-,Vroon Group B.V.,Netherlands,Vroon B.V.,Netherlands,WS Tankship I B.V.,Netherlands,-,-,-,-,9438949,255917294,10.00,2009,-,-,-,-,The Hanshin Diesel Works Limited,2942,3400,LH46L,Steamship Mutual Underwriting Association (Bermuda) Ltd,RI (provisional), (provisional), (provisional),-,-,2019-12-17T00:00:00,-,2029-12-13T00:00:00,2029-12-13T00:00:00,Iver Ships B.V.,Netherlands,Iver Ships B.V.,Netherlands,FOR ORDERS,-,A,17 Aug 2026 14:08:01 GMT,18 Aug 2026 09:00:00 GMT,Vroon B.V.,Netherlands,"35° 35' 3"" N","21° 32' 7"" E"
Hanyu Victoria,asphalt tanker,Hashihama,Shin Kurushima Dockyard Company Limited,356203,Live,South Korea,1689,1'+ dwt,6852,Double Hull,DSRP4,5074,5415,99.93,93.00,20.00,19.20,7.25,1.65,B&W Diesel A/S,Jeju,-,Hanyu Company Limited,Republic of Korea,Hanyu Company Limited,Republic of Korea,Hanyu Company Limited,Republic of Korea,-,-,-,-,9317212,440370000,8.90,2006,-,-,-,-,Makita Corporation,3250,4419,5L35MC,Korea Shipowners Mutual Protection & Indemnity Association,Korean Register,-,-,-,-,2011-02-25T00:00:00,-,2031-03-23T00:00:00,2031-03-23T00:00:00,Hanyu Company Limited,Republic of Korea,Hanyu Company Limited,Republic of Korea,KR USN,-,A,17 Aug 2026 14:11:02 GMT,14 Aug 2026 04:00:00 GMT,Hanyu Company Limited,Republic of Korea,"35° 26' 56"" N","129° 24' 48"" E"
Sunbird Arrow,asphalt tanker,Naruto,Kanrei Shipbuilding Company Limited,358677,Live,Marshall Islands,3888,1'+ dwt,15002,Double Hull,V7A3960,12959,398,144.00,134.00,23.53,23.50,8.98,4.52,B&W Diesel A/S,Majuro,-,Nippo Shipping (Nippo Kaiun K.K.) Company Limited,Japan,Nippo Shipping (Nippo Kaiun K.K.) Company Limited,Japan,NCN Corporation and Nippo Shipping Company Limited,Japan,Gearbulk Shipowning Limited,Bermuda,-,-,9323821,538090721,13.50,2006,-,-,-,-,Makita Corporation,7175,8290,7S42MC,Steamship Mutual Underwriting Association (Bermuda) Ltd,DNV,-,-,-,-,2015-12-07T00:00:00,-,2031-02-10T00:00:00,2031-02-10T00:00:00,Suntech Ship Management Private Limited,Republic of Singapore,Suntech Ship Management Private Limited,Republic of Singapore,FOR ORDERS,-,A,17 Aug 2026 14:12:42 GMT,17 Aug 2026 03:00:00 GMT,Nippo Shipping (Nippo Kaiun K.K.) Company Limited,Japan,"24° 59' 44"" N","55° 3' 25"" E"
Selina,water tanker,Bangkok,Bangkok Shipbuilding Company,361200,Live,Thailand,124,-1' dwt,300,Single,-,187,033,31.42,29.82,-,7.01,2.50,0.68,Detroit Diesel Corporation,Bangkok,-,Gulf Transport Company Limited,Thailand,Gulf Transport Company Limited,Thailand,Gulf Transport Company Limited,Thailand,-,-,-,-,7912068,-,3.18,1979,-,-,-,-,-,391,525,12V-71-N,-,-,-,-,-,-,-,-,-,-,-,-,Gulf Transport Company Limited,Thailand,-,-,-,-,-,Gulf Transport Company Limited,Thailand,-,-
Peseta,water tanker,Tuzla,Gemak Shipbuilding Industry and Trading S.A.,361707,Live,Panama,117,-1' dwt,350,Single,HP6084,250,12,35.80,-,8.20,-,3.18,0.32,Unknown Engine Designer,Panama,-,Untay Kozak - Rizanur Meral,Turkiye,Untay Kozak - Rizanur Meral,Turkiye,Aksam Denizcilik ve Ticaret A.S.,Turkiye,-,-,-,-,9044889,372553000,3.50,1993,-,-,-,-,-,246,330,UNKNOWN,-,-,-,-,-,-,-,-,-,-,-,-,Untay Kozak - Rizanur Meral,Turkiye,-,-,-,30 Jun 2017 23:58:13 GMT,-,Untay Kozak - Rizanur Meral,Turkiye,"7° 16' 51"" S","112° 43' 43"" E"
Bahri D.,water tanker,Tuzla,Rota Denizcilik Ticaret A.S.,362413,Live,Turkiye,182,-1' dwt,552,Single,TC7708,272,-,46.64,-,-,7.60,-,-,Volvo Penta AB,Istanbul,-,Borlu Cevik Akaryakit A.S.,Turkiye,Borlu Cevik Akaryakit A.S.,Turkiye,Borlu Cevik Akaryakit A.S.,Turkiye,-,-,-,-,8973459,271010907,3.00,1994,-,-,-,-,Volvo Penta AB,545,731,TAMD162C,MS Amlin,-,-,-,-,-,-,-,-,-,-,-,Borlu Cevik Akaryakit A.S.,Turkiye,-,-,A,17 Aug 2026 14:14:11 GMT,-,Borlu Cevik Akaryakit A.S.,Turkiye,"40° 46' 30"" N","29° 38' 52"" E"
Cesare,wine tanker,Savona,Cantieri Navali Solimano,3643,Live,Italy,479,1'+ dwt,1785,Single,IWYS,1152,44,68.91,63.45,11.00,11.00,4.60,0.41,Deutz MWM AG,Naples,-,Vetor S.r.l.,Italy,Vetor S.r.l.,Italy,Vetor S.r.l.,Italy,-,-,-,-,7041338,247223400,5.00,1971,-,-,-,-,Deutz MWM AG,1214,1650,TBRHS345AU,-,RINA Services S.p.A.,-,-,-,-,2017-11-30T00:00:00,-,2027-11-30T00:00:00,2027-11-30T00:00:00,-,-,Vetor S.r.l.,Italy,ITGAE,-,A,17 Aug 2026 14:13:39 GMT,17 Aug 2026 05:00:00 GMT,Vetor S.r.l.,Italy,"41° 13' 57"" N","13° 34' 13"" E"
Orange Sun,fruit juice tanker,Floro,Vard (Norway) Floro AS,365681,Live,Liberia,9921,1'+ dwt,43420,Double Hull,A8HY8,33070,146,204.85,194.25,32.20,32.20,11.40,7.80,B&W Diesel A/S,Monrovia,-,Atlanship SA,Switzerland,Atlanship SA,Switzerland,Arctic Reefer Corporation Incorporated,Liberia,-,-,-,-,9342580,636012804,19.20,2007,-,-,-,-,Kawasaki Heavy Industries Limited Shipbuilding Division,15820,21509,7S60MC-C,NorthStandard,Lloyds Register,-,-,2026-06-03T00:00:00,-,2022-02-11T00:00:00,-,-,-,Atlanship SA,Switzerland,Atlanship SA,Switzerland,USTPA,Tampa,A,17 Aug 2026 14:07:58 GMT,29 Aug 2026 22:00:00 GMT,Atlanship SA,Switzerland,"19° 3' 28"" S","38° 35' 34"" W"
Dahi Byulbyul,edible oil tanker,Tuzla,Tersan Tersanecilik Tasimacilik Sanayi ve Ticaret AS (Yalova),365912,Live,Russia,1904,1'+ dwt,6444,Double Hull,UHQX,4534,H-009,138.70,132.80,16.74,16.74,4.30,1.70,Wartsila China Limited,Taganrog,-,Unknown Owners,-,Unknown Owners,-,'Eneya' LLC,Russian Federation,-,-,-,-,9342657,273430590,6.00,2005,-,-,-,-,Wartsila Deutschland GmbH,1120,1523,6L20,-,Russian Register of Ships,-,-,-,-,2015-06-22T00:00:00,-,-,-,-,-,Unknown Owners,-,-,-,A,12 Aug 2026 11:52:57 GMT,-,Unknown Owners,-,"40° 15' 46"" N","51° 34' 14"" E"
African Asphalt,asphalt tanker,Oskarshamn,NYA Oskarshamns Varv. A/B,36774,Live,Nigeria,3244,1'+ dwt,9719,Double Hull,5NFH,5512,402,125.50,120.15,16.03,16.01,8.26,2.72,Deutz MWM AG,Lagos,-,Unknown Owners,-,Unknown Owners,-,Unknown Owners,-,-,-,-,-,7226330,-,10.98,1972,-,-,-,-,Deutz MWM AG,3310,2250,TBD510-6,-,-,-,-,-,-,2003-03-01T00:00:00,-,-,-,-,-,Unknown Owners,-,HOUMA,-,A,24 Apr 2026 15:19:58 GMT,31 Dec 2026 15:30:00 GMT,Unknown Owners,-,"6° 19' 42"" N","3° 21' 4"" E"
Y L W,asphalt tanker,Ningbo,Zhejiang Shipbuilding Company Limited,371898,Live,Barbados,1659,1'+ dwt,5900,Double Hull,8POW,5530,ZJB05-035,106.84,101.50,-,17.60,6.45,3.65,B&W Diesel A/S,Bridgetown,-,Kukkis Trading & Consultancy FZE LLC,United Arab Emirates,Kukkis Trading & Consultancy FZE LLC,United Arab Emirates,BA Shipping Incorporated,Panama,-,-,-,-,9360398,314101000,10.10,2007,-,-,-,-,Yichang Marine Diesel Engine Plant,4502,6037,6S35MC,Hydor AS,-,-,-,2019-08-12T00:00:00,-,2017-01-04T00:00:00,-,2027-01-03T00:00:00,2027-01-03T00:00:00,Saffron Factory Infomatics Private Limited,India,Saffron Factory Infomatics Private Limited,India,DURBAN SA,Durban,A,17 Aug 2026 13:43:57 GMT,23 Aug 2026 06:00:00 GMT,Kukkis Trading & Consultancy FZE LLC,United Arab Emirates,"13° 27' 0"" S","42° 3' 54"" E"
Janesia Asphalt IV,asphalt tanker,Yawatahama,Kurinoura Dockyard K.K.,378176,Live,Singapore,1014,1'+ dwt,4317,Double Hull,9V3383,3378,388,99.70,93.50,15.60,15.60,5.61,1.89,Akasaka Diesels Limited,Singapore,-,Nippon Yusen Kabushiki Kaisha (NYK Line) (Nippon Yusen Kaisha),Japan,NYK Energy Ocean Corporation,Japan,NYK Energy Ocean Asia Private Limited,Republic of Singapore,-,-,-,-,9370991,566376000,7.50,2006,-,-,-,-,Akasaka Diesels Limited,2427,3300,A41,Japan Shipowners Mutual Protection & Indemnity Association,Nippon Kaiji Kyokai,-,-,2019-04-02T00:00:00,-,2016-06-18T00:00:00,-,2031-06-13T00:00:00,2031-06-13T00:00:00,NYK Energy Ocean Shipmanagement Private Limited,Republic of Singapore,NYK Energy Ocean Shipmanagement Private Limited,Republic of Singapore,KR ULSAN,-,A,17 Aug 2026 14:13:55 GMT,17 Aug 2026 01:00:00 GMT,NYK Energy Ocean Corporation,Japan,"35° 30' 8"" N","129° 21' 54"" E"
Parsumash,asphalt tanker,Kainan,Wakayama Zosen,381116,Live,Iran,429,-1' dwt,661,Single,EQFA,866,518,56.00,49.50,11.00,10.80,4.00,0.50,Unknown Engine Designer,Bandar Bushehr,-,Ashayeri J.,Iran,Ashayeri J.,Iran,Ashayeri J.,Iran,-,-,-,-,7518850,422388000,4.50,1975,-,-,-,-,Caterpillar Incorporated,1121,1503,6EL30,-,ASIA Classification Society,-,-,-,-,-,-,-,-,-,-,Ashayeri J.,Iran,-,-,-,-,-,Ashayeri J.,Iran,-,-
Permata Niaga,asphalt tanker,Ningbo,Ningbo Beilun Lantian (Blue Sky Shipbuilding Company Limited),384823,Live,Indonesia,1010,1'+ dwt,2915,Double Hull,PNEF,1855,-,88.46,81.75,-,13.40,4.94,1.06,Halliburton Productos Limitada,Makassar,-,Permata Timur Lines,Indonesia,Permata Timur Lines,Indonesia,Permata Timur Lines,Indonesia,-,-,-,-,9375161,525019526,6.00,2006,-,-,-,-,Ningbo C.S.I. Power & Machinery Group Company Limited,736,1000,G6300ZC,-,-,-,-,-,-,-,-,-,-,-,-,Permata Timur Lines,Indonesia,-,-,-,10 Sep 2019 11:11:39 GMT,-,Permata Timur Lines,Indonesia,"6° 5' 47"" S","106° 52' 49"" E"
Black Shark,asphalt tanker,Tuzla,Gisan Shipbuilding & Shipping,3888330,Live,Italy,1808,1'+ dwt,8476,Double Hull,ICNX,6026,48,116.97,109.40,-,19.00,7.50,2.76,Wartsila Corporation,Ravenna,-,Mediterranea di Navigazione S.p.A.,Italy,Mediterranea di Navigazione S.p.A.,Italy,Mediterranea di Navigazione S.p.A.,Italy,-,-,-,-,9480655,247288900,10.25,2010,-,-,-,-,Wartsila Italia S.p.A.,3060,4158,9L26B,NorthStandard,RINA Services S.p.A.,-,-,-,-,2015-05-28T00:00:00,-,2030-03-02T00:00:00,2030-03-02T00:00:00,Mediterranea di Navigazione S.p.A.,Italy,Mediterranea di Navigazione S.p.A.,Italy,FRLAV,-,A,17 Aug 2026 14:13:52 GMT,16 Aug 2026 05:30:00 GMT,Mediterranea di Navigazione S.p.A.,Italy,"43° 23' 43"" N","4° 59' 37"" E"
Kapetan MRS,water tanker,Split,-,391494,Live,Croatia,146,-1' dwt,400,Single,9A7682,346,-,44.25,40.90,-,7.90,3.51,0.66,Alpha Diesels A/S,Split,-,Kapetan Mrs doo,Republic of Croatia,Kapetan Mrs doo,Republic of Croatia,Kapetan Mrs doo,Republic of Croatia,-,-,-,-,8846448,238173740,4.17,1953,-,-,-,-,-,224,300,405-24VO,-,Hrvatski Register,-,-,-,-,2022-05-27T00:00:00,-,-,-,Kapetan Mrs doo,Republic of Croatia,Kapetan Mrs doo,Republic of Croatia,LAMJANA,-,A,16 Aug 2026 18:56:51 GMT,16 Aug 2026 20:30:00 GMT,Kapetan Mrs doo,Republic of Croatia,"44° 2' 40"" N","15° 12' 10"" E"
Staffetta,water tanker,-,-,392601,Live,Italy,105,Unknown size,-,Single,-,215,-,37.10,34.65,7.08,-,-,-,Unknown Engine Designer,-,-,Government of Italy,Italy,Government of Italy,Italy,Ministero della Difesa,Italy,-,-,-,-,-,-,3.62,2005,-,-,-,-,-,126,169,D7ATA,-,-,-,-,-,-,-,-,-,-,-,-,Government of Italy,Italy,-,-,-,-,-,Government of Italy,Italy,-,-
Monalinda 81,water tanker,Yokkaichi,Suzuki Shipyard Company Limited,394928,Live,Philippines,301,1'+ dwt,1200,Single,DUNA9,498,-,47.50,44.00,-,11.00,3.72,1.29,Mitsubishi Heavy Industries Limited,Manila,-,RBL Fishing Corporation,Philippines,RBL Fishing Corporation,Philippines,RBL Fishing Corporation,Philippines,-,-,-,-,7649142,-,5.01,1974,-,-,-,-,Matsui Iron Works Company Limited,969,1300,MS28FSC,-,-,-,-,-,-,-,-,-,-,-,-,RBL Fishing Corporation,Philippines,-,-,-,-,-,RBL Fishing Corporation,Philippines,-,-
Pushpak,asphalt tanker,Ningbo,Zhejiang Jingang Shipbuilding Company Limited,396630,Live,Cook Islands,1659,1'+ dwt,6143,Double Hull,E5U3869,5530,ZJB05-143,106.84,101.50,17.60,17.60,6.63,3.47,Wartsila Corporation,Avatiu,-,Unknown Owners,-,Unknown Owners,-,Pushpak Shipping Incorporated,Marshall Islands,Prime Chartering FZ LLC,United Arab Emirates,-,-,9383340,518100958,10.10,2007,-,-,-,-,Yichang Marine Diesel Engine Plant,4000,5438,8L32,Hydor AS,Indian Register,-,-,2020-07-08T00:00:00,-,2023-04-05T00:00:00,-,2027-08-25T00:00:00,2027-08-25T00:00:00,Sasvat Shipping Services,India,Sasvat Shipping Services,India,-,-,A,17 Aug 2026 14:13:00 GMT,-,Unknown Owners,-,"24° 44' 12"" N","56° 33' 44"" E"
Paritosh,asphalt tanker,Ningbo,Zhejiang Shipbuilding Company Limited,396631,Live,Comoros,1659,1'+ dwt,6108,Double Hull,D6A4211,5530,ZJB05-144,106.84,101.50,17.60,17.60,6.45,3.65,Wartsila Corporation,Moroni,-,Unknown Owners,-,Unknown Owners,-,Paritosh Shipping Incorporated,Marshall Islands,-,-,-,-,9383352,620800211,10.10,2008,-,-,-,-,Wartsila Finland oy,4000,5438,8L32,-,Indian Register,-,-,-,-,2023-02-25T00:00:00,-,2028-01-07T00:00:00,2028-01-07T00:00:00,S A Marine Services,India,S A Marine Services,India,"HAMRIYAH,UAE",Al Hamriyah,A,06 Aug 2026 23:45:30 GMT,03 Aug 2026 12:30:00 GMT,Unknown Owners,-,"0° 0' 30"" N","0° 2' 34"" W"
Ocean Prime,asphalt tanker,Chongqing,Chuanjiang Shipyard,4027801,Live,Guinea-Bissau,1254,1'+ dwt,4999,Double Hull,J5BB6,3686,B06-01,101.90,96.00,-,16.02,5.90,2.10,China Engine Builder,Bissau,-,ABN Corporation,State of Qatar,Ali Bin Naser Al Misnad Transport & Trading WLL,State of Qatar,ABN Marine S.A.,Panama,-,-,-,-,9485019,630001242,8.00,2008,-,-,-,-,Ningbo C.S.I. Power & Machinery Group Company Limited,2000,2719,G8300ZC16B,-,China Classification,-,-,-,-,2018-05-28T00:00:00,-,2028-01-20T00:00:00,2028-01-20T00:00:00,Blue Lagoon Shipping FZE,United Arab Emirates,Blue Lagoon Shipping FZE,United Arab Emirates,-,-,A,17 Aug 2026 14:13:21 GMT,-,Ali Bin Naser Al Misnad Transport & Trading WLL,State of Qatar,"25° 36' 8"" N","55° 4' 18"" E"
Ayer Melati,water tanker,Singapore,Sing Koon Seng Private Limited Shipbuilding,407266,Live,Singapore,115,-1' dwt,220,Single,-,306,SKS634,43.00,-,9.00,-,3.00,-,Unknown Engine Designer,Singapore,-,PSA International Limited,Republic of Singapore,PSA Marine Private Limited,Republic of Singapore,PSA Marine Private Limited,Republic of Singapore,-,-,-,-,8325846,563006050,-,1984,-,-,-,-,-,471,632,3412T,-,-,-,-,-,-,-,-,-,-,-,-,PSA Marine Private Limited,Republic of Singapore,-,-,-,-,-,PSA Marine Private Limited,Republic of Singapore,-,-
Jalveer,asphalt tanker,Ningbo,Ningbo Xinle Shipbuilding Company Limited,4085622,Live,Guinea-Bissau,1759,1'+ dwt,6395,Double Hull,J5BA4,5363,XK-121,119.95,112.80,-,16.80,6.26,1.94,Mak Motoren GmbH & Company KG,Bissau,-,Unknown Owners,-,Unknown Owners,-,Jal Shipping Inc,Liberia,-,-,-,-,9486283,630001231,8.20,2008,-,-,-,-,Daihatsu Infinearth Manufactoring Company Limited,2500,3431,9M25,Hydor AS,China Classification,-,-,-,-,2016-10-26T00:00:00,-,2026-10-25T00:00:00,2026-10-25T00:00:00,Dominance Ship Management Private Limited,India,Dominance Ship Management Private Limited,India,"SHINAS,OMAN",-,A,11 Jun 2026 04:32:41 GMT,10 Jun 2026 14:00:00 GMT,Unknown Owners,-,"24° 51' 12"" N","56° 46' 13"" E"
Lala Khedidja,water tanker,Galatz,Damen Shipyards Galatz S.A.,412776,Live,Algeria,-,-1' dwt,300,Single,-,223,1117,34.05,34.05,-,8.31,2.60,0.60,Volvo Penta AB,Algiers,-,Entreprise Portuaire d'Alger,Algeria,Entreprise Portuaire d'Alger,Algeria,Entreprise Portuaire d'Alger,Algeria,-,-,-,-,9393838,-,3.20,2006,-,-,-,-,Volvo Penta AB,126,169,D7ATA,-,-,-,-,-,-,2013-01-01T00:00:00,-,-,-,Entreprise Portuaire d'Alger,Algeria,Entreprise Portuaire d'Alger,Algeria,-,-,-,-,-,Entreprise Portuaire d'Alger,Algeria,-,-
Asphalt Express,asphalt tanker,Rongcheng,Huanghai Shipbuilding Company Limited,427166,Live,Panama,1985,1'+ dwt,6855,Double Bottom,3EYX9,6457,HCY-43,117.63,110.63,19.70,19.70,6.45,2.05,Daihatsu Infinearth Manufactoring Company Limited,Panama,629,Richmond Group,United Arab Emirates,Richmond Mercantile Limited FZC,United Arab Emirates,Marine Managers Corporation,Panama,-,-,-,-,9394739,371334000,8.50,2007,-,-,-,-,Shaanxi Diesel Engine Factory,3826,2210,8DKM-28,West of England Mutual Shipowners Protection & Indemnity Association (Luxemburg),Nippon Kaiji Kyokai,-,-,-,-,-,-,2027-08-26T00:00:00,2027-08-26T00:00:00,Lilly Maritime Private Limited,India,Lilly Maritime Private Limited,India,FUJAIRAH,Fujairah,A,17 Aug 2026 14:12:56 GMT,31 Aug 2026 18:00:00 GMT,Richmond Mercantile Limited FZC,United Arab Emirates,"16° 31' 51"" S","40° 39' 44"" E"
Redo,asphalt tanker,Elmshorn,D.W. Kremer Sohn,44012,Live,Russia,390,1'+ dwt,1649,Double Hull,UIBX,1302,1099,73.00,66.54,11.28,11.20,4.62,0.63,Deutz AG,St. Petersburg,-,Unknown Owners,-,Unknown Owners,-,Komtreyd Limited,Russian Federation,-,-,-,-,5424990,273447270,5.25,1963,-,-,-,-,Deutz AG,746,1000,RBV8M545,-,-,-,-,-,-,2010-12-25T00:00:00,-,-,-,-,-,Komtreyd Limited,Russian Federation,-,-,A,21 Jan 2025 16:07:06 GMT,-,Unknown Owners,-,"69° 0' 29"" N","33° 3' 27"" E"
Arctica,asphalt tanker,Lodose,Lodose Varv AB,45310,Live,Russia,1258,1'+ dwt,4408,Double Hull,UBOF2,2653,152,98.94,93.12,12.52,12.50,6.65,0.97,Sulzer Turbomachinery Services,-,-,-,-,-,-,"OOO ""NV-Bunker"" (""NW-Bunker"" LLC)",Russian Federation,-,-,-,-,6920147,273333320,7.62,1969,-,-,-,-,Deutz MWM AG,3150,4280,6ZL40/48,-,-,-,-,-,-,-,-,-,-,EBS Management AB,Sweden,EBS Management AB,Sweden,RULED-RUULU,-,A,17 Aug 2026 14:13:28 GMT,16 Aug 2026 17:00:00 GMT,"OOO ""NV-Bunker"" (""NW-Bunker"" LLC)",Russian Federation,"59° 42' 10"" N","28° 22' 26"" E"
Meroula,asphalt tanker,Lodose,Lodose Varv AB,45312,Live,Greece,1485,1'+ dwt,4225,Double Hull,SXRF,2569,153,98.94,92.51,12.53,12.50,6.43,1.17,Ruston Diesels Limited,-,-,Meroula Shipping Company Naftiki Eferia,Greece,Meroula Shipping Company Naftiki Eferia,Greece,Meroula Shipping Company Naftiki Eferia,Greece,-,-,-,-,7004330,240703000,7.60,1969,-,-,-,-,English Electric Diesels Limited,1834,2460,9ATCM,-,-,-,-,-,-,1993-06-01T00:00:00,-,-,-,-,-,Meroula Shipping Company Naftiki Eferia,Greece,-,-,-,-,-,Meroula Shipping Company Naftiki Eferia,Greece,-,-
Bitonia,asphalt tanker,Huanggang,Wuhan Nanhua Huanggang Jiangbei Shipyard Company Limited,4542874,Live,Netherlands,1397,1'+ dwt,4972,Double Hull,PDRW,4657,JB47001BC,99.90,95.00,-,16.00,6.35,2.65,Wartsila Corporation,Dordrecht,-,Tarbit Shipping AB,Sweden,Tarbit Tankers B.V.,Netherlands,Baloeran B.V.,Netherlands,-,-,-,-,9503902,246354000,9.00,2012,-,-,-,-,Wartsila Finland oy,4000,5364,8L32,Assuranceforeningen Skuld,Bureau Veritas,-,-,2025-03-05T00:00:00,2025-03-05T00:00:00,2022-03-01T00:00:00,2025-03-05T00:00:00,2027-04-25T00:00:00,2027-04-25T00:00:00,Tarbit Tankers Services B.V.,Netherlands,Tarbit Tankers Services B.V.,Netherlands,NODRM>SEGOT,-,A,17 Aug 2026 14:15:13 GMT,17 Aug 2026 11:00:00 GMT,Tarbit Tankers B.V.,Netherlands,"57° 41' 36"" N","11° 50' 42"" E"
Bitland,asphalt tanker,Huanggang,Wuhan Nanhua Huanggang Jiangbei Shipyard Company Limited,4543113,Live,Netherlands,1397,1'+ dwt,4972,Double Hull,PCXU,4657,JB47002BC,99.90,95.00,16.00,16.00,6.35,2.65,Wartsila Corporation,Dordrecht,-,Tarbit Shipping AB,Sweden,Tarbit Tankers B.V.,Netherlands,Ciconia B.V.,Netherlands,-,-,-,-,9503914,244784000,9.00,2012,-,-,-,-,-,3400,4623,8L32,Assuranceforeningen Skuld,Bureau Veritas,-,-,2025-04-11T00:00:00,2025-04-11T00:00:00,2022-05-01T00:00:00,2022-05-05T00:00:00,2027-06-28T00:00:00,2027-06-28T00:00:00,Tarbit Tankers Services B.V.,Netherlands,Tarbit Tankers Services B.V.,Netherlands,SENYN > DKAAR,-,A,17 Aug 2026 14:15:46 GMT,19 Aug 2026 08:00:00 GMT,Tarbit Tankers B.V.,Netherlands,"58° 55' 0"" N","17° 58' 8"" E"
Antonello,wine tanker,Groningen,Nieuwe Noord Nederlandse Scheeps. B.V.,45500,Live,Italy,589,1'+ dwt,1694,Single,IKVS,1070,370,70.10,65.00,11.60,11.60,4.17,0.45,Deutz AG,Naples,-,Marnavi S.p.A.,Italy,Marnavi S.p.A.,Italy,Marnavi S.p.A.,Italy,-,-,-,-,7105691,247422000,4.60,1971,-,-,-,-,Klockner Humboldt Deutz AG,971,1320,RBV8M545,West of England Mutual Shipowners Protection & Indemnity Association (Luxemburg),RINA Services S.p.A.,-,-,-,-,2015-04-13T00:00:00,-,2030-06-30T00:00:00,2030-06-30T00:00:00,-,-,Ares Holdings S.r.l.,Italy,IT GIT,-,A,17 Aug 2026 14:15:31 GMT,17 Aug 2026 18:00:00 GMT,Marnavi S.p.A.,Italy,"38° 29' 35"" N","15° 26' 29"" E"
Victory 1,asphalt tanker,China,-,471639,Live,Panama,1016,1'+ dwt,3211,Double Hull,3E6699,2008,0503,84.02,84.00,-,13.00,5.25,1.05,Halliburton Productos Limitada,Panama,-,Unknown Owners,-,Unknown Owners,-,Hongkong Huaxiang Trading Limited,"Hong Kong, S.A.R., China",-,-,-,-,9398644,352004398,6.30,2006,-,-,-,-,China Engine Builder,1287,1726,G6300ZC18B,-,Overseas Marine Certification Services,-,-,-,-,-,-,-,-,Tianjin Yixinyuan Information Consulting Company Limited,People's Republic of China,Tianjin Yixinyuan Information Consulting Company Limited,People's Republic of China,SOHAR,-,A,06 Aug 2026 23:16:44 GMT,07 Aug 2026 10:00:00 GMT,Unknown Owners,-,"25° 22' 52"" N","56° 33' 16"" E"
Northern Star,asphalt tanker,Linhai,Linhai Huipu Shipbuilding Company Limited,4751824,Live,Palau,1265,1'+ dwt,4999,Double Hull,T8A5458,3691,HP0605,101.90,96.00,-,16.00,5.93,2.08,Halliburton Productos Limitada,Malakal Harbor,-,Unknown Owners,-,Unknown Owners,-,F B Marine Ltd,Marshall Islands,-,-,-,-,9462990,511101927,8.00,2000,-,-,-,-,Guangzhou Diesel Engine Factory,2060,2801,8320ZCD-6,American Steamship Owners Mutual Protection & Indemnity Association,China Classification,-,-,-,-,2018-08-05T00:00:00,-,2028-04-22T00:00:00,2028-04-22T00:00:00,Northern Star Maritime LLC,Cook Islands,Northern Star Maritime LLC,Cook Islands,-,-,A,17 Aug 2026 14:12:57 GMT,-,Unknown Owners,-,"25° 24' 59"" N","56° 30' 14"" E"
Lagos Mariner,asphalt tanker,Le Havre,ACH - Construction Navale,47536,Live,Nigeria,1533,1'+ dwt,5270,Double Bottom,5NBBK,3347,-,104.00,96.00,15.82,15.82,6.54,1.11,Ruston Diesels Limited,-,-,Kotram Nigeria Limited,Nigeria,Kotram Nigeria Limited,Nigeria,Kotram Nigeria Limited,Nigeria,-,-,-,-,7302770,-,7.65,1973,-,-,-,-,Ruston Paxman Diesels Limited,2500,1700,6ATCM,-,-,-,-,-,-,1997-06-01T00:00:00,-,-,-,-,-,Kotram Nigeria Limited,Nigeria,-,-,-,-,-,Kotram Nigeria Limited,Nigeria,-,-
Ayer Mawar,water tanker,Singapore,Pan-Asia Shipyard & Engineering Company Private Limited,491975,Live,Singapore,134,-1' dwt,450,Single,-,299,PA/59,43.00,-,9.00,-,2.80,-,Unknown Engine Designer,Singapore,-,Unknown Owners,-,Unknown Owners,-,Unknown Owners,-,-,-,-,-,8017229,563006850,-,1981,-,-,-,-,-,336,450,3412T,-,-,-,-,-,-,-,-,-,-,-,-,Unknown Owners,-,-,-,-,-,-,Unknown Owners,-,-,-
Ayer Mancur,water tanker,-,Sing Koon Seng Private Limited Shipbuilding,494537,Live,Singapore,115,-1' dwt,220,Single,-,306,635,38.00,-,9.00,-,3.10,-,Unknown Engine Designer,Singapore,-,PSA International Limited,Republic of Singapore,PSA Marine Private Limited,Republic of Singapore,PSA Marine Private Limited,Republic of Singapore,-,-,-,-,8325858,563006060,-,1984,-,-,-,-,-,471,632,3412T,-,-,-,-,-,-,-,-,-,-,-,-,PSA Marine Private Limited,Republic of Singapore,-,-,A,16 Jun 2023 01:49:42 GMT,-,PSA Marine Private Limited,Republic of Singapore,"58° 50' 29"" N","18° 24' 47"" E"
Nhyira,edible oil tanker,Erlenbach,Erlenbacher Schiffswerft Maschinen- und Stahlbau GmbH,50750,Live,Unknown,371,1'+ dwt,1392,Double Hull,-,1003,1013,65.91,60.70,11.02,11.02,4.09,1.38,Deutz MWM AG,-,-,Unknown Owners,-,Unknown Owners,-,Unknown Owners,-,-,-,-,-,7018616,-,5.47,1970,-,-,-,-,Deutz MWM AG,783,1050,TBD484-6U,MS Amlin,-,-,-,-,-,2005-11-09T00:00:00,-,-,-,-,-,Unknown Owners,-,P ASIMA,-,A,06 Jul 2021 06:24:00 GMT,01 Dec 2021 06:30:00 GMT,Unknown Owners,-,"5° 32' 3"" N","5° 40' 38"" E"
Keshava,asphalt tanker,Linhai,Zhejiang Fangyuan Ship Industry Company Limited,5145400,Live,Gabon,1250,1'+ dwt,4999,Double Hull,TRAM6,3686,JH506G3,101.90,96.00,16.00,16.00,5.90,2.10,Halliburton Productos Limitada,Libreville,-,Ningbo FTZ Cosnavi International Shipping Management Company Limited,People's Republic of China,Ningbo FTZ Cosnavi International Shipping Management Company Limited,People's Republic of China,Ningbo FTZ Cosnavi International Shipping Management Company Limited,People's Republic of China,-,-,-,-,9459319,626229000,8.00,2008,-,-,-,-,Guangzhou Diesel Engine Factory,2060,2801,8320ZCD-6,Hydor AS,China Classification,-,-,-,-,2018-04-11T00:00:00,-,2028-04-15T00:00:00,2028-04-15T00:00:00,Ningbo FTZ Cosnavi International Shipping Management Company Limited,People's Republic of China,Ningbo FTZ Cosnavi International Shipping Management Company Limited,People's Republic of China,-,-,A,17 Aug 2026 14:13:57 GMT,-,Ningbo FTZ Cosnavi International Shipping Management Company Limited,People's Republic of China,"25° 28' 13"" N","55° 30' 27"" E"
Valais,wine tanker,Le Havre,ACH - Construction Navale,52462,Live,Italy,689,1'+ dwt,2227,Single,IVHA,1435,206,81.30,74.80,12.40,12.40,4.83,0.67,Mak Motoren GmbH & Company KG,Naples,-,Vetor S.r.l.,Italy,Vetor S.r.l.,Italy,Vetor S.r.l.,Italy,-,-,-,-,7116901,247230000,5.60,1971,-,-,-,-,Fried. Krupp AG Hoesch-Krupp,1765,2400,6MU551AK,-,RINA Services S.p.A.,-,-,-,-,2015-04-03T00:00:00,-,2030-01-31T00:00:00,2030-01-31T00:00:00,Vetor S.r.l.,Italy,Vetor S.r.l.,Italy,FAVIGNANA,-,A,17 Aug 2026 14:16:22 GMT,16 Aug 2026 13:00:00 GMT,Vetor S.r.l.,Italy,"38° 7' 44"" N","13° 22' 2"" E"
Cheng X,asphalt tanker,Vigo,Astilleros Armon S.A.,5313012,Live,Barbados,1890,1'+ dwt,7196,Double Hull,8P2537,4474,54,105.20,98.80,17.00,17.00,7.80,2.01,Mak Motoren GmbH & Company KG,Bridgetown,-,Unknown Owners,-,Unknown Owners,-,Cheng X Shipping Incorporated,Liberia,Blue Ocean Maritime Consultancies Services,United Arab Emirates,-,-,9441219,314001006,9.80,2008,-,-,-,-,Caterpillar Motoren GmbH & Company KG,2910,3954,6M32,American Steamship Owners Mutual Protection & Indemnity Association,Hrvatski Register,-,-,2018-06-11T00:00:00,2015-06-16T00:00:00,2018-06-11T00:00:00,2018-06-11T00:00:00,2029-12-12T00:00:00,2029-12-12T00:00:00,Spring Ship Management FZE,United Arab Emirates,Spring Ship Management FZE,United Arab Emirates,DURBANARMGUARDONBRD,-,A,17 Aug 2026 14:12:36 GMT,12 Aug 2026 10:18:00 GMT,Unknown Owners,-,"29° 52' 34"" S","31° 0' 25"" E"
Asma,asphalt tanker,Linhai,Linhai Jianghai Shipbuilding,553559,Live,Comoros,1331,1'+ dwt,4450,Double Hull,D6A2542,2628,-,99.90,93.20,14.00,14.00,5.70,1.20,China Engine Builder,Moroni,-,Unknown Owners,-,Unknown Owners,-,JWP Shipping and Trading Incorporated,Marshall Islands,-,-,-,-,9411604,620542000,6.90,2006,-,-,-,-,Ningbo Zhonghua,1765,2400,G8300ZC18B,-,-,-,-,-,-,-,-,-,-,Deship Marine Management & Trading Limited,Turkiye,Deship Marine Management & Trading Limited,Turkiye,-,-,A,17 Aug 2026 13:19:02 GMT,-,Unknown Owners,-,"18° 46' 9"" N","37° 57' 54"" E"
Eugenia,water tanker,Kiel,"Lindenau GmbH, Schiffswerft & Maschinenfabrik",56042,Live,Nigeria,1219,1'+ dwt,3501,Single,5NTI,2211,140,93.91,84.31,13.45,13.45,5.79,0.97,MAN Energy Solutions SE,-,-,PDOS Continental Resources Limited,Nigeria,PDOS Continental Resources Limited,Nigeria,PDOS Continental Resources Limited,Nigeria,-,-,-,-,6828911,-,6.76,1969,-,-,-,-,MAN Energy Solutions SE,1529,2050,G8V40/60,-,-,-,-,-,-,1995-09-01T00:00:00,-,-,-,-,-,PDOS Continental Resources Limited,Nigeria,-,-,-,-,-,PDOS Continental Resources Limited,Nigeria,-,-
Ambar,asphalt tanker,Rotterdam,Smits Mfbk en Scheepreparatie,56716,Live,Honduras,304,1'+ dwt,1110,Single,HQKZ6,487,651,69.00,63.38,9.61,9.61,3.84,0.41,Deutz AG,San Lorenzo,-,Italia S.p.A.,Italy,Italia S.p.A.,Italy,Butterfly Shipping Management,Panama,-,-,-,-,6423125,-,4.25,1964,-,-,-,-,Deutz AG,746,1000,DEUTZ DIESEL,-,-,-,-,-,-,-,-,-,-,-,-,Italia S.p.A.,Italy,-,-,-,-,-,Italia S.p.A.,Italy,-,-
Imextrans 17,edible oil tanker,Haiphong,Trung Hai Company Limited,567641,Live,Vietnam,240,-1' dwt,849,Single,-,499,-,55.70,51.90,-,9.00,3.25,0.70,Unknown Engine Designer,Haiphong,-,"Vietnam, Government of the Socialist Republic of",Vietnam,Vietnam Bank for Agriculture and Rural Development (AGRIBANK),Vietnam,Agribank Leasing Company II (ALCII),Vietnam,-,-,-,-,9022960,-,3.95,2002,-,-,-,-,Weifang Diesel Engine Factory,245,333,UNKNOWN,-,-,-,-,-,-,-,-,-,-,-,-,Ha Long Import Export & Sea Transport J.S. Company,Vietnam,-,-,-,-,-,Vietnam Bank for Agriculture and Rural Development (AGRIBANK),Vietnam,-,-
M3S X,asphalt tanker,Linhai,Zhejiang Linhai Haifeng Shipbuilding Company Limited,576525,Live,St. Kitts-Nevis,943,1'+ dwt,2891,Double Hull,V4LI6,2063,LJX5503,88.02,79.98,13.50,13.50,5.20,0.80,Halliburton Productos Limitada,-,-,NewLead Holdings Limited,Greece,NewLead Shipping S.A.,Greece,Nepheli Marine Company,People's Republic of China,-,-,-,-,9405617,341938001,6.00,2008,-,-,-,-,Ningbo C.S.I. Power & Machinery Group Company Limited,1324,1799,G6300ZC18B,MS Amlin,Indian Register,-,-,-,-,2016-04-01T00:00:00,-,2029-09-04T00:00:00,2029-09-04T00:00:00,-,-,NewLead Shipping S.A.,Greece,-,-,A,16 Aug 2026 16:31:01 GMT,-,NewLead Shipping S.A.,Greece,"0° 2' 41"" N","0° 3' 26"" W"
Sapphire,edible oil tanker,Japan,Omishima Dock K.K.,601311,Live,Indonesia,592,1'+ dwt,2000,Single,YFZP,983,1057,68.80,62.50,11.00,11.00,-,-,Unknown Engine Designer,Jakarta,-,P.T. Indofood Sukses Makmur Tbk,Indonesia,P.T. Pelayaran Tahta Bahtera,Indonesia,P.T. Pelayaran Tahta Bahtera,Indonesia,-,-,-,-,7639288,-,5.00,1977,-,-,-,-,Akasaka Diesels Limited,895,1200,6EL30,-,-,-,-,-,-,-,-,-,-,P.T. Pelayaran Tahta Bahtera,Indonesia,P.T. Pelayaran Tahta Bahtera,Indonesia,-,-,-,-,-,P.T. Pelayaran Tahta Bahtera,Indonesia,-,-
Highsea Challenge,water tanker,Hakata,Murakami Hide Shipbuilding Company Limited,6014496,Live,Sri Lanka,95,-1' dwt,523,Single,4RAW,316,296,47.52,44.00,8.00,8.00,3.30,0.20,Niigata Shipbuilding & Repair Incorporated,Colombo,-,Freedom of High Seas Private Limited,Sri Lanka,Freedom of High Seas Private Limited,Sri Lanka,Freedom of High Seas Private Limited,Sri Lanka,-,-,-,-,8907498,417222310,3.50,1989,-,-,-,-,Matsui Iron Works Company Limited,588,800,6M26KGHS,-,Indian Register,-,-,-,-,2023-08-31T00:00:00,-,2028-08-14T00:00:00,2028-08-14T00:00:00,Freedom of High Seas Private Limited,Sri Lanka,Freedom of High Seas Private Limited,Sri Lanka,-,-,A,16 Aug 2026 16:46:23 GMT,-,Freedom of High Seas Private Limited,Sri Lanka,"6° 56' 22"" N","79° 50' 38"" E"
Action,asphalt tanker,Chongqing,Chongqing Dongfeng Ship Industry Company,6016332,Live,Portugal,1509,1'+ dwt,5897,Double Hull,CQXP,4999,K08-1008,99.15,93.15,18.00,18.00,6.50,3.11,Mak Motoren GmbH & Company KG,Porto Santo,-,Vroon B.V.,Netherlands,Vroon B.V.,Netherlands,North Sea B.V.,Gibraltar,-,-,-,-,9507984,255917000,9.60,2010,-,-,-,-,Caterpillar Motoren GmbH & Company KG,2970,4472,9M25,U.K. Mutual Steam Ship Assurance Association (Bermuda) Ltd,RINA Services S.p.A.,-,-,-,-,2015-12-12T00:00:00,-,2030-12-14T00:00:00,2030-12-14T00:00:00,Norbulk Shipping UK Limited,United Kingdom,Norbulk Shipping UK Limited,United Kingdom,GBDUN,-,A,17 Aug 2026 14:11:41 GMT,17 Aug 2026 06:15:00 GMT,Vroon B.V.,Netherlands,"56° 27' 50"" N","2° 56' 36"" W"
Zhen Zhu Wan,asphalt tanker,Huangpu,Guangzhou Huangpu Shipbuilding Company Limited,610864,Live,Liberia,1671,1'+ dwt,6315,Double Hull,5LTI6,5569,2263,106.84,101.50,-,17.60,6.60,3.50,Wartsila Corporation,Monrovia,-,China COSCO Shipping Corporation Limited (China Cosco Shipping Group) (COSCO Shipping) (COSCOCS),People's Republic of China,COSCO Shipping Asphalt (Hainan) Company Limited,People's Republic of China,Pinghaiwan Maritime Company Limited,"Hong Kong, S.A.R., China",-,-,-,-,9406855,636093328,10.10,2008,-,-,-,-,Wartsila Finland oy,4000,4622,8L32,China Shipowners Mutual Assurance Association,China Classification,-,-,-,-,2018-07-11T00:00:00,-,2028-07-27T00:00:00,2028-07-27T00:00:00,-,-,COSCO Shipping Asphalt (Hainan) Company Limited,People's Republic of China,TIANJIN,-,A,17 Aug 2026 14:14:23 GMT,15 Aug 2026 17:00:00 GMT,COSCO Shipping Asphalt (Hainan) Company Limited,People's Republic of China,"38° 56' 59"" N","117° 45' 16"" E"
Unitar,asphalt tanker,Petrozavodsk,Onega Shipyard Limited,6219490,Live,Norway (Int. Register),898,1'+ dwt,3870,Single,LANA5,2996,202,89.92,84.43,14.00,14.00,5.81,1.34,Wartsila Corporation,Grimstad,-,A/S United Shipping & Trading Company,Denmark,Uni-Tankers A/S,Denmark,Uni-Vessels ApS,Denmark,-,-,-,-,9505687,257364000,7.15,2009,-,-,-,-,Wartsila Italia S.p.A.,1950,3252,6L26A2,Assuranceforeningen Gard,Bureau Veritas,-,-,2023-11-02T00:00:00,2021-08-06T00:00:00,2023-11-01T00:00:00,2018-11-02T00:00:00,2028-11-02T00:00:00,2028-11-02T00:00:00,-,-,Uni-Tankers A/S,Denmark,ODENSE GABET PLT,-,A,17 Aug 2026 14:12:56 GMT,16 Aug 2026 07:00:00 GMT,Uni-Tankers A/S,Denmark,"55° 28' 18"" N","10° 32' 11"" E"
Bitumen Shouri,asphalt tanker,Nomi,Nakatani Shipbuilding Company Limited,627589,Live,Indonesia,1083,1'+ dwt,3638,Double Hull,YDYI3,3609,610,96.50,89.90,-,16.50,5.41,2.99,Daihatsu Infinearth Manufactoring Company Limited,-,-,PT Pelayaran Nasional Lestari,Indonesia,PT Pelayaran Nasional Lestari,Indonesia,PT Pelayaran Nasional Lestari,Indonesia,-,-,-,-,9411446,525121099,8.40,2007,-,-,-,-,Daihatsu Infinearth Manufactoring Company Limited,1912,2209,6DKM-28,-,Nippon Kaiji Kyokai,-,-,2020-03-17T00:00:00,-,2017-03-15T00:00:00,-,2027-04-19T00:00:00,2027-04-19T00:00:00,Aeromic Shipping (S) Private Limited,Republic of Singapore,Aeromic Shipping (S) Private Limited,Republic of Singapore,SGSIN,Singapore,A,17 Aug 2026 14:08:28 GMT,19 Aug 2026 10:00:00 GMT,PT Pelayaran Nasional Lestari,Indonesia,"2° 28' 3"" S","106° 51' 31"" E"
Iver Ambition,asphalt tanker,Kraljevica,Brodogradiliste Kraljevica Limited,6585420,Live,Portugal,2152,1'+ dwt,8962,Double Hull,CRYC,6296,547,108.50,99.90,-,18.60,8.41,2.20,Wartsila Corporation,Porto Santo,-,Vroon B.V.,Netherlands,Iver Ships B.V.,Netherlands,HB Tankship XI BV,Netherlands,-,-,-,-,9439163,255984000,10.60,2009,-,-,-,-,Wartsila Finland oy,4000,4623,8L32,Steamship Mutual Underwriting Association (Bermuda) Ltd,RINA Services S.p.A.,-,-,-,-,2015-06-01T00:00:00,-,2029-12-16T00:00:00,2029-12-16T00:00:00,Iver Ships B.V.,Netherlands,Iver Ships B.V.,Netherlands,NO MJF,-,A,17 Aug 2026 14:16:48 GMT,21 Aug 2026 12:00:00 GMT,Iver Ships B.V.,Netherlands,"51° 19' 48"" N","3° 49' 6"" E"
Elvita,asphalt tanker,Avaldsnes,Karmsund Verft & Mek. Verksted,70504,Live,Unknown,329,1'+ dwt,1295,Single,-,1097,11,76.23,69.79,12.28,12.25,3.23,1.97,Caterpillar Incorporated,-,-,Kotram Nigeria Limited,Nigeria,Kotram Nigeria Limited,Nigeria,Richbam Logistic & Gas International Limited,Nigeria,-,-,-,-,7105079,-,5.20,1980,-,-,-,-,Caterpillar Incorporated,1030,1126,D399,-,-,-,-,-,-,1996-04-01T00:00:00,-,-,-,-,-,Kotram Nigeria Limited,Nigeria,-,-,-,-,-,Kotram Nigeria Limited,Nigeria,-,-
Oratank,edible oil tanker,Trondheim,Aker Trondelag AS,71214,Live,Nigeria,454,1'+ dwt,1438,Single,-,988,662,72.90,67.70,11.52,11.50,3.57,0.03,Mak Motoren GmbH & Company KG,Lagos,-,Chelsea Marine Limited,Nigeria,Chelsea Marine Limited,Nigeria,Chelsea Marine Limited,Nigeria,-,-,-,-,6902810,-,3.60,1968,-,-,-,-,Atlas-Mak Maschinenbau GmbH,820,1100,6M451,-,-,-,-,-,-,1996-12-11T00:00:00,-,-,-,-,-,Chelsea Marine Limited,Nigeria,-,-,-,-,-,Chelsea Marine Limited,Nigeria,-,-
New Grace,asphalt tanker,Takuma,Sanuki Shipbuilding & Iron Works Company,7133906,Live,Singapore,1526,1'+ dwt,5910,Double Hull,9VPN7,5085,1322,109.99,104.50,-,18.20,6.01,3.59,Mitsubishi Heavy Industries Limited,Singapore,-,Nippon Gas Line Company Limited,Japan,Crystal Water Navigation Private Limited,Republic of Singapore,Crystal Water Navigation Private Limited,Republic of Singapore,-,-,-,-,9459682,565974000,9.60,2008,-,-,-,-,Akasaka Diesels Limited,3120,4241,6UEC37LA,Japan Shipowners Mutual Protection & Indemnity Association,Nippon Kaiji Kyokai,-,-,2019-04-27T00:00:00,-,2016-06-21T00:00:00,-,-,-,Executive Ship Management Private Limited,Republic of Singapore,Executive Ship Management Private Limited,Republic of Singapore,TH BKK,Bangkok,A,17 Aug 2026 14:07:18 GMT,18 Aug 2026 10:00:00 GMT,Crystal Water Navigation Private Limited,Republic of Singapore,"9° 37' 52"" N","102° 39' 2"" E"
Sunny Noah,molasses tanker,Niigata,Niigata Shipbuilding & Repair Incorporated,7323505,Live,Japan,2090,1'+ dwt,6690,Double Hull,JD3284,4551,29,109.61,103.10,-,17.20,6.76,2.14,B&W Diesel A/S,Tokyo,-,Asahi Tanker Company Limited,Japan,Asahi Tanker Company Limited,Japan,Asahi Tanker Company Limited,Japan,-,-,-,-,9474357,431003074,8.90,2008,-,-,-,-,Imex Company Limited,3250,4418,5L35MC,-,Nippon Kaiji Kyokai,-,-,2020-09-16T00:00:00,-,2018-07-04T00:00:00,-,2028-07-30T00:00:00,2028-07-30T00:00:00,Star Management Associates,Japan,Eiyu Kaiun K.K. (Company Limited),Japan,JP TXD OFF,Tokuyamakudamatsu,A,17 Aug 2026 14:15:28 GMT,18 Aug 2026 00:00:00 GMT,Asahi Tanker Company Limited,Japan,"33° 58' 32"" N","131° 44' 55"" E"
Argo No.2,water tanker,Perama,Argo Shipbuilding & Shiprepairing Company S.A.,7324218,Live,Greece,114,Unknown size,-,Single,SV2563,163,16,35.06,-,5.97,5.92,-,-,Unknown Engine Designer,Piraeus,-,Piraeus Port Authority S.A.,Greece,Piraeus Port Authority S.A.,Greece,Piraeus Port Authority S.A.,Greece,-,-,-,-,5023356,-,-,1962,-,-,-,-,Alpha Diesels A/S,149,200,D2566MTE,-,-,-,-,-,-,-,-,-,-,-,-,Piraeus Port Authority S.A.,Greece,-,-,-,-,-,Piraeus Port Authority S.A.,Greece,-,-
Marawah,water tanker,Gorinchem,Damen Shipyards (Gorinchem) B.V.,73246,Live,United Arab Emirates,304,-1' dwt,750,Single,-,544,11,50.00,-,10.20,10.00,2.70,0.80,Caterpillar Incorporated,-,-,Royal Boat Group,United Arab Emirates,Royal Boat Group,United Arab Emirates,Royal Boat Group,United Arab Emirates,-,-,-,-,7528142,-,3.50,1976,-,-,-,-,Caterpillar Incorporated,541,725,D348TA,-,-,-,-,-,-,1995-05-01T00:00:00,-,-,-,-,-,Royal Boat Group,United Arab Emirates,-,-,-,-,-,Royal Boat Group,United Arab Emirates,-,-
RMS 1,asphalt tanker,Fuling,Chuandong Shipyard,741894,Live,Panama,1251,1'+ dwt,4923,Double Hull,3E2161,3726,HT0100,101.90,96.00,-,16.02,5.90,2.10,Yanmar Diesel Engine Company Limited,Panama,-,Unknown Owners,-,Unknown Owners,-,Aquawings Shipping Corporation,Panama,-,-,-,-,9418963,352001413,8.00,2008,-,-,-,-,Qingdao Zichai Boyang Diesel Engine Company Limited,2427,2803,6N330-SN,-,Overseas Marine Certification Services,China Classification,-,-,-,2018-03-10T00:00:00,-,2028-03-09T00:00:00,2028-03-09T00:00:00,Aquawings Shipping Corporation,Panama,Aquawings Shipping Corporation,Panama,HAMRIYH AE,-,A,27 Jan 2026 14:20:22 GMT,11 Sep 2026 01:00:00 GMT,Unknown Owners,-,"25° 27' 54"" N","55° 30' 16"" E"
Transko Bima,asphalt tanker,Fuling,Chuandong Shipyard,741896,Live,Indonesia,1464,1'+ dwt,4923,Double Hull,YBOJ2,3633,HT0099,101.90,96.00,-,16.02,5.90,2.11,Yanmar Diesel Engine Company Limited,Jakarta,-,PT Pertamina (Persero),Indonesia,P.T. Pertamina Trans Kontinental,Indonesia,P.T. Pertamina Trans Kontinental,Indonesia,-,-,-,-,9418951,525104001,8.00,2015,-,-,-,-,-,2427,3302,6N330-SN,NorthStandard,Biro Klasifikasi Indonesia,-,-,-,-,2013-06-02T00:00:00,-,-,-,-,-,P.T. Pertamina Trans Kontinental,Indonesia,CILACAP,-,A,17 Aug 2026 14:15:12 GMT,16 Aug 2026 23:00:00 GMT,P.T. Pertamina Trans Kontinental,Indonesia,"7° 44' 47"" S","109° 3' 16"" E"
Aegina,water tanker,Greece,-,744740,Live,Greece,206,-1' dwt,667,Single,SW3394,387,-,51.00,-,8.00,-,2.70,0.55,Mercedes-Benz,Piraeus,-,Hydrodotiki Group of Companies,Greece,Hydrodotiki Group of Companies,Greece,Hydromarine II Maritime,Greece,-,-,-,-,8989329,237096900,3.25,1957,-,-,-,-,-,679,911,OM403,Thomas Miller Speciality Underwriting Agency Limited,-,-,-,-,-,-,-,-,-,-,-,Hydrodotiki Group of Companies,Greece,-,-,A,18 Dec 2024 15:46:32 GMT,-,Hydrodotiki Group of Companies,Greece,"37° 44' 41"" N","23° 25' 37"" E"
Cristy,asphalt tanker,Ningbo,Ningbo Dongfang Shipyard Company Limited,748750,Live,Palau,1260,1'+ dwt,4352,Double Hull,T8A2186,2664,-,93.20,93.20,-,14.00,5.70,1.20,Unknown Engine Designer,-,-,Unknown Owners,-,Unknown Owners,-,BA Marine Private Limited,Republic of Singapore,-,-,-,-,9424297,511227000,6.90,2007,-,-,-,-,Ningbo C.S.I. Power & Machinery Group Company Limited,2059,2800,8320ZCD-6,Hydor AS,Overseas Marine Certification Services,-,-,-,-,-,-,-,-,-,-,Unknown Owners,-,E.OPL,-,A,17 Aug 2026 14:13:12 GMT,10 Aug 2026 23:30:00 GMT,Unknown Owners,-,"1° 54' 28"" N","104° 44' 5"" E"
Shiva,asphalt tanker,Fuzhou,PLA 4807 Shipyard,749212,Live,Barbados,3816,1'+ dwt,11891,Double Hull,8PQL,8580,11,134.85,125.13,22.00,22.00,7.55,3.05,B&W Diesel A/S,Bridgetown,-,Unknown Owners,-,Unknown Owners,-,Shiva Shipping Incorporated,Marshall Islands,-,-,-,-,9427146,314151000,10.60,2007,-,-,-,-,Yichang Marine Diesel Engine Plant,4440,6037,6S35MC,Hydor AS,China Classification,-,-,-,-,2016-05-09T00:00:00,-,-,-,-,-,-,-,-,-,A,17 Aug 2026 14:12:23 GMT,-,Unknown Owners,-,"25° 23' 49"" N","56° 27' 19"" E"
Global Genesis,asphalt tanker,China,-,749759,Live,Unknown,1331,1'+ dwt,4008,Double Hull,E5U3771,2641,37,99.90,93.20,-,14.00,5.66,1.24,China Engine Builder,Avatiu,-,Unknown Owners,-,Unknown Owners,-,Asbong Shipping Lines Incorporated,Panama,Global Tankers Private Limited,India,-,-,9451501,518100860,6.90,2007,-,-,-,-,Ningbo Zhonghua,1765,2400,G8300ZC18B,MS Amlin,PR (provisional), (provisional), (provisional),-,-,2019-10-23T00:00:00,-,-,-,Glory International FZ-LLC,United Arab Emirates,Glory International FZ-LLC,United Arab Emirates,KAZ,-,A,18 Apr 2024 19:54:48 GMT,18 Apr 2024 05:00:00 GMT,Unknown Owners,-,"24° 48' 2"" N","57° 33' 53"" E"
Bit Redo,asphalt tanker,Rijeka,3 Maj Brodogradiliste d.d.,7580072,Live,Netherlands,2152,1'+ dwt,8881,Double Hull,PBHK,6334,720,108.50,99.60,18.60,18.60,8.25,2.35,Wartsila Corporation,Dordrecht,-,Tarbit Shipping AB,Sweden,Tarbit Tankers B.V.,Netherlands,Pegasus B.V.,Netherlands,-,-,-,-,9439175,245198000,10.60,2012,-,-,-,-,Wartsila Finland oy,4000,5435,W8L32D,Assuranceforeningen Skuld,Bureau Veritas,-,-,2025-03-05T00:00:00,2025-03-07T00:00:00,2022-11-01T00:00:00,2022-11-04T00:00:00,2027-11-26T00:00:00,2027-11-26T00:00:00,Tarbit Tankers Services B.V.,Netherlands,Tarbit Tankers Services B.V.,Netherlands,KR KPO > CN JIA,-,A,17 Aug 2026 14:15:11 GMT,17 Aug 2026 04:00:00 GMT,Tarbit Tankers B.V.,Netherlands,"31° 34' 22"" N","121° 20' 47"" E"
STS-19,water tanker,Russia,-,766842,Live,Russia,-,-1' dwt,75,Single,-,122,19,31.40,30.00,6.18,-,-,-,Unknown Engine Designer,Petropavlovsk-Kamchatskiy,-,Marine Ecology Company Limited,Russian Federation,Marine Ecology Company Limited,Russian Federation,Marine Ecology Company Limited,Russian Federation,-,-,-,-,8993162,-,1.60,1984,-,-,-,-,-,165,221,6CHNSP18/22,-,-,-,-,-,-,2015-09-11T00:00:00,-,-,-,-,-,Marine Ecology Company Limited,Russian Federation,-,-,-,-,-,Marine Ecology Company Limited,Russian Federation,-,-
Tejasvi,asphalt tanker,Ningbo,Ningbo Dongfang Shipyard Company Limited,777572,Live,Palau,1227,1'+ dwt,4999,Double Hull,T8A3465,3757,DFC06-028,101.90,96.00,16.00,16.00,5.91,2.10,Halliburton Productos Limitada,Malakal Harbor,-,Unknown Owners,-,Unknown Owners,-,Tejasvi Shipping Incorporated,Liberia,-,-,-,-,9440289,511100342,8.00,2008,-,-,-,-,Guangzhou Diesel Engine Factory,2060,2060,8320ZCD-6,Hydor AS,Polski Rejestr Statkow,-,-,-,-,2008-03-28T00:00:00,-,2028-03-27T00:00:00,2028-03-27T00:00:00,Sacramento Marine Services,India,Sacramento Marine Services,India,KFK<UAE>,-,A,12 Aug 2026 22:08:45 GMT,12 Aug 2026 20:00:00 GMT,Unknown Owners,-,"25° 49' 1"" N","56° 53' 60"" E"
Bintang Mas,water tanker,Jambi,-,8073542,Live,Indonesia,22,Unknown size,-,Single,YB3447,37,-,16.60,15.30,-,4.60,1.78,0.72,Caterpillar Incorporated,Pulau Sambu,-,P.T. Mandiri Putera Sejahtra,Indonesia,P.T. Mandiri Putera Sejahtra,Indonesia,P.T. Mandiri Putera Sejahtra,Indonesia,-,-,-,-,-,-,2.50,1990,-,-,-,-,-,-,150,3306,-,-,-,-,-,-,-,-,-,-,-,-,P.T. Mandiri Putera Sejahtra,Indonesia,-,-,-,-,-,P.T. Mandiri Putera Sejahtra,Indonesia,-,-
Padmanabh,asphalt tanker,Wenling,Zhejiang Tianshi Shipbuilding Company Limited,8273211,Live,Palau,1717,1'+ dwt,5887,Double Hull,T8A5555,4126,TY1,112.10,105.50,16.20,16.20,6.00,2.01,Yanmar Diesel Engine Company Limited,-,-,Unknown Owners,-,Unknown Owners,-,Padmanabh Shipping Incorporated,Marshall Islands,-,-,-,-,9483774,511102012,8.00,2009,-,-,-,-,Qingdao Zichai Boyang Diesel Engine Company Limited,2574,3497,6N330-EN,Hydor AS,Indian Register,-,-,2019-03-28T00:00:00,2017-07-24T00:00:00,2019-03-28T00:00:00,2019-03-28T00:00:00,2029-02-05T00:00:00,2029-02-05T00:00:00,Myshipping Technical Services,India,Myshipping Technical Services,India,-,Khor al Fakkan,A,17 Aug 2026 14:12:57 GMT,-,Unknown Owners,-,"25° 24' 24"" N","56° 25' 51"" E"
Tasco Sakorn,asphalt tanker,Nomi,Nakatani Shipbuilding Company Limited,8390666,Live,Singapore,1083,1'+ dwt,3624,Double Hull,9V7789,3609,617,96.50,89.90,-,16.50,5.41,2.99,Daihatsu Infinearth Manufactoring Company Limited,Singapore,-,Reta Link Private Limited,Republic of Singapore,Reta Link Private Limited,Republic of Singapore,AD Shipping Private Limited,Republic of Singapore,-,-,-,-,9523782,564018000,8.40,2009,-,-,-,-,Daihatsu Infinearth Manufactoring Company Limited,1912,2602,6DKM-28,Assuranceforeningen Skuld,Nippon Kaiji Kyokai,-,-,2019-03-17T00:00:00,-,2019-03-17T00:00:00,-,2029-04-22T00:00:00,2029-04-22T00:00:00,Tipco Maritime Company Limited (The Marine Group),Thailand,Tipco Maritime Company Limited (The Marine Group),Thailand,VN GDB,-,A,17 Aug 2026 14:16:01 GMT,17 Aug 2026 07:45:00 GMT,Reta Link Private Limited,Republic of Singapore,"10° 39' 21"" N","107° 1' 8"" E"
Janesia Asphalt V,asphalt tanker,Yawatahama,Kurinoura Dockyard K.K.,853653,Live,Singapore,1523,1'+ dwt,6057,Double Hull,9V2272,5076,398,109.99,104.50,-,18.20,6.01,3.59,Mitsubishi Heavy Industries Limited,Singapore,-,Nippon Yusen Kabushiki Kaisha (NYK Line) (Nippon Yusen Kaisha),Japan,NYK Energy Ocean Corporation,Japan,NYK Energy Ocean Asia Private Limited,Republic of Singapore,-,-,-,-,9442160,563501000,9.60,2007,-,-,-,-,Akasaka Diesels Limited,3120,4200,6UEC37LA,Japan Shipowners Mutual Protection & Indemnity Association,Nippon Kaiji Kyokai,-,-,2019-07-22T00:00:00,-,2017-05-23T00:00:00,-,2027-05-22T00:00:00,2027-05-22T00:00:00,NYK Energy Ocean Shipmanagement Private Limited,Republic of Singapore,NYK Energy Ocean Shipmanagement Private Limited,Republic of Singapore,SINGAPORE,Singapore,A,17 Aug 2026 14:10:06 GMT,25 Aug 2026 08:00:00 GMT,NYK Energy Ocean Corporation,Japan,"29° 7' 30"" S","113° 31' 1"" E"
Pesona Marina,wine tanker,Singapore,-,857573,Live,St. Kitts-Nevis,-,1'+ dwt,1300,Single,V4RV,614,-,75.00,-,32.00,-,-,-,Unknown Engine Designer,-,-,B-Twin Ship Management Incorporated,Republic of Singapore,B-Twin Ship Management Incorporated,Republic of Singapore,B-Twin Ship Management Incorporated,Republic of Singapore,-,-,-,-,7909229,-,-,1979,-,-,-,-,-,905,1213,6MU451A,-,-,-,-,-,-,-,-,-,-,-,-,B-Twin Ship Management Incorporated,Republic of Singapore,-,-,-,-,-,B-Twin Ship Management Incorporated,Republic of Singapore,-,-
Viraj,asphalt tanker,China,Linhai Huipu Shipbuilding Company Limited,8587316,Live,Cook Islands,1255,1'+ dwt,4999,Double Hull,E5U4362,3691,HP0607,101.90,96.50,16.00,16.00,5.92,2.08,Halliburton Productos Limitada,Avatiu,-,Unknown Owners,-,Unknown Owners,-,Viraj Shipping Inc,Marshall Islands,-,-,-,-,9463009,518998382,8.00,2009,-,-,-,-,Guangzhou Diesel Engine Factory,2060,2801,8320ZCD-6,Hydor AS,Korean Register,-,-,-,-,2019-04-17T00:00:00,-,2029-04-16T00:00:00,2029-04-16T00:00:00,Avik Ship Management,India,Avik Ship Management,India,KFK UAE ALC,-,A,17 Aug 2026 14:12:57 GMT,15 Aug 2026 09:36:00 GMT,Unknown Owners,-,"25° 22' 23"" N","56° 27' 19"" E"
Peng Hu Wan,asphalt tanker,Guangzhou,Guangzhou Huangpu Shipbuilding Company Limited,8839801,Live,China,1671,1'+ dwt,6327,Double Hull,BQCZ,5569,2264,106.84,101.50,-,17.60,6.60,3.50,Wartsila Corporation,Haikou,-,China COSCO Shipping Corporation Limited (China Cosco Shipping Group) (COSCO Shipping) (COSCOCS),People's Republic of China,COSCO Shipping Asphalt (Hainan) Company Limited,People's Republic of China,COSCO Shipping Asphalt (Hainan) Company Limited,People's Republic of China,-,-,-,-,9469314,413369000,10.10,2008,-,-,-,-,Wartsila Finland oy,4000,4622,8L32,China Shipowners Mutual Assurance Association,China Classification,-,-,-,-,2018-05-19T00:00:00,-,2028-05-18T00:00:00,2028-05-18T00:00:00,COSCO Shipping Asphalt (Hainan) Company Limited,People's Republic of China,COSCO Shipping Asphalt (Hainan) Company Limited,People's Republic of China,MY PKG,Port Klang (Pelabuhan Klang),A,17 Aug 2026 14:06:40 GMT,19 Aug 2026 19:00:00 GMT,COSCO Shipping Asphalt (Hainan) Company Limited,People's Republic of China,"7° 24' 29"" N","107° 52' 57"" E"
Bitumax,asphalt tanker,China,Zhejiang Zhenyu Shipbuilding Company Limited,8880514,Live,Panama,1255,1'+ dwt,4999,Double Hull,3E2244,3691,HZY2006016,101.90,96.00,16.00,16.00,5.91,2.09,Halliburton Productos Limitada,Panama,-,Unknown Owners,-,Unknown Owners,-,Songshan HK Limited,"Hong Kong, S.A.R., China",-,-,-,-,9509334,352002260,8.00,2008,-,-,-,-,Guangzhou Diesel Engine Factory,2060,2801,8320ZCD-6,-,China Classification,Overseas Marine Certification Services,-,-,-,2018-07-26T00:00:00,-,2028-08-14T00:00:00,2028-08-14T00:00:00,Songshan HK Limited,"Hong Kong, S.A.R., China",Songshan HK Limited,"Hong Kong, S.A.R., China",AE RMC,-,A,05 Apr 2026 00:01:26 GMT,17 Sep 2026 18:00:00 GMT,Unknown Owners,-,"10° 36' 50"" N","106° 46' 10"" E"
Asfendou,asphalt tanker,Wenling,Zhejiang Tenglong Shipbuilding Company Limited,8925573,Live,Portugal,1265,1'+ dwt,4999,Double Hull,CQ2823,3691,619,101.90,96.00,-,16.00,5.90,2.10,Halliburton Productos Limitada,-,-,Queensway Navigation Company Limited,Greece,Queensway Navigation Company Limited,Greece,Rifia Shipmanagement SA,Greece,-,-,-,-,9521643,255917254,8.00,2008,-,-,-,-,Guangzhou Diesel Engine Factory,2060,2380,8320ZCD-6,"Britannia Steam Ship Insurance Association Ltd., The",China Classification,-,-,-,-,2019-05-21T00:00:00,-,2029-06-15T00:00:00,2029-06-15T00:00:00,Queensway Navigation Company Limited,Greece,Queensway Navigation Company Limited,Greece,GR SKG,Thessaloniki,A,17 Aug 2026 14:16:17 GMT,18 Aug 2026 05:00:00 GMT,Queensway Navigation Company Limited,Greece,"39° 16' 44"" N","23° 30' 42"" E"
Bitu,asphalt tanker,Busan,Geo Marine Engineering & Shipbuilding Company,8930089,Live,Panama,1749,1'+ dwt,6603,Double Hull,3E6982,5832,110,110.20,102.00,-,18.20,6.70,3.31,HD Hyundai Heavy Industries Company Limited,Panama,-,Unknown Owners,-,Unknown Owners,-,Ornella Shipping Incorporated,Marshall Islands,-,-,-,-,9531765,352004730,10.00,2010,-,-,-,-,HD Hyundai Heavy Industries Company Limited,2610,3546,9H25/33P,-,Bureau Veritas,-,-,2025-11-27T00:00:00,2023-08-05T00:00:00,2025-11-01T00:00:00,2025-11-27T00:00:00,2030-05-05T00:00:00,2030-05-05T00:00:00,Meta Marine Solutions FZE,United Arab Emirates,Meta Marine Solutions FZE,United Arab Emirates,SHINAS OPL,-,A,17 Aug 2026 14:15:56 GMT,18 Aug 2026 01:30:00 GMT,Unknown Owners,-,"24° 0' 30"" N","58° 3' 40"" E"
Ambica,asphalt tanker,Yichang,Gezhouba Group Shipyard,8935593,Live,Barbados,1647,1'+ dwt,6163,Double Hull,8PRE,5493,GMSC-002,106.84,101.50,-,17.60,6.50,3.61,Yanmar Diesel Engine Company Limited,Bridgetown,-,Unknown Owners,-,Unknown Owners,-,Amico Shipping Incorporated,Marshall Islands,-,-,-,-,9505003,314170000,10.10,2009,-,-,-,-,Qingdao Zichai Boyang Diesel Engine Company Limited,3310,4500,8N330-EN,American Steamship Owners Mutual Protection & Indemnity Association,Korean Register,-,-,-,-,2015-02-01T00:00:00,-,2029-02-25T00:00:00,2029-02-25T00:00:00,-,-,Unknown Owners,-,-,-,A,17 Aug 2026 14:12:57 GMT,-,Unknown Owners,-,"25° 24' 36"" N","56° 28' 24"" E"
Ayer Melor,water tanker,Singapore,Pan-Asia Shipyard & Engineering Company Private Limited,922110,Live,Singapore,134,-1' dwt,450,Single,-,299,PA/60,43.01,41.51,9.05,9.01,2.60,0.53,Caterpillar Incorporated,Singapore,-,PSA International Limited,Republic of Singapore,PSA International Limited,Republic of Singapore,PSA International Limited,Republic of Singapore,-,-,-,-,8017231,-,3.13,1981,-,-,-,-,Caterpillar Incorporated,331,450,3412,-,-,-,-,-,-,-,-,-,-,-,-,PSA International Limited,Republic of Singapore,-,-,-,-,-,PSA International Limited,Republic of Singapore,-,-
Red Hook,water tanker,Brownsville,Keppel AmFELS Incorporated,9243495,Live,U.S.A.,1176,1'+ dwt,4372,Double Bottom,WDE4476,3135,P191,106.83,101.19,19.00,16.22,4.88,1.67,Wartsila Corporation,New York,-,City of New York,United States of America,City of New York,United States of America,Department of Environmental Protection (Wastewater Treatment),United States of America,-,-,-,-,9501916,367353660,6.55,2008,-,-,-,-,Wartsila Italia S.p.A.,2040,3345,6L26B2,-,American Bureau,-,-,2018-11-21T00:00:00,2016-11-22T00:00:00,2018-11-21T00:00:00,2018-11-21T00:00:00,2028-11-06T00:00:00,2028-11-06T00:00:00,-,-,City of New York,United States of America,NYC SLUDGE DOCK,-,A,17 Aug 2026 14:15:38 GMT,12 Feb 2027 18:16:00 GMT,City of New York,United States of America,"40° 48' 1"" N","73° 52' 45"" W"
Nesseland,edible oil tanker,-,-,9251706,Live,Netherlands,-,Unknown size,-,Single,-,-,-,-,-,-,-,-,-,-,-,-,Unknown Owners,-,Unknown Owners,-,Unknown Owners,-,-,-,-,-,-,-,-,2008,-,-,-,-,-,-,-,-,-,-,-,-,-,-,-,-,-,-,-,-,Unknown Owners,-,-,-,-,-,-,Unknown Owners,-,-,-
Pontus,asphalt tanker,Yawatahama,Kurinoura Dockyard K.K.,9262423,Live,Palau,1275,1'+ dwt,5752,Double Hull,T8A4763,4249,403,104.49,98.50,18.00,17.80,6.21,2.79,Akasaka Diesels Limited,Malakal Harbor,-,Unknown Owners,-,Unknown Owners,-,Tapi Lines Incorporated,Marshall Islands,-,-,-,-,9511179,511101407,9.00,2008,-,-,-,-,Akasaka Diesels Limited,2647,3598,A41S,Hydor AS,Nippon Kaiji Kyokai,-,-,2019-04-02T00:00:00,-,2016-06-02T00:00:00,-,-,-,Ashore Marine Services Private Limited,India,Ashore Marine Services Private Limited,India,-,-,A,17 Aug 2026 14:12:01 GMT,-,Unknown Owners,-,"25° 42' 22"" N","55° 13' 1"" E"
Nathan,asphalt tanker,Linhai,Zhejiang Hongguan Shipbuilding Company Limited,9278581,Live,Palau,1051,1'+ dwt,3416,Double Hull,T8A5052,2512,HG-01,90.58,85.32,14.20,14.20,5.37,0.83,China Engine Builder,-,-,NewLead Holdings Limited,Greece,NewLead Shipping S.A.,Greece,Compania Naviera Kastro S.A.,Liberia,-,-,-,-,9513361,511101597,6.20,2009,-,-,-,-,Guangzhou Diesel Engine Factory,1545,2099,6320ZC,American Steamship Owners Mutual Protection & Indemnity Association,Polski Rejestr Statkow,-,-,2018-08-31T00:00:00,-,2018-08-01T00:00:00,-,2028-08-30T00:00:00,2028-08-30T00:00:00,-,-,NewLead Shipping S.A.,Greece,GALATI,-,A,17 Aug 2026 00:43:32 GMT,22 Jan 2027 18:00:00 GMT,NewLead Shipping S.A.,Greece,"45° 26' 29"" N","28° 4' 45"" E"
Agrasen,asphalt tanker,Linhai,Zhejiang Hongguan Shipbuilding Company Limited,9278582,Live,Palau,1051,1'+ dwt,3370,Double Hull,T8A4838,2512,HG-02,90.57,85.32,14.20,14.20,5.35,0.86,China Engine Builder,Malakal Harbor,-,Unknown Owners,-,Unknown Owners,-,B Princess Shipping Incorporated,Panama,-,-,-,-,9520431,511101467,6.20,2009,-,-,-,-,Ningbo C.S.I. Power & Machinery Group Company Limited,1471,1999,G6300ZC16B,Hydor AS,RINA Services S.p.A.,Overseas Marine Certification Services,-,-,-,2020-06-01T00:00:00,-,2030-01-31T00:00:00,2030-01-31T00:00:00,Vaishnav Ship Management Private Limited,India,Vaishnav Ship Management Private Limited,India,-,Khor al Fakkan,A,17 Aug 2026 14:12:57 GMT,-,Unknown Owners,-,"25° 24' 12"" N","56° 28' 49"" E"
My Worry,asphalt tanker,Fuling,Chuandong Shipyard,9340758,Live,Marshall Islands,1251,1'+ dwt,4881,Double Hull,V7A7150,3726,HT0101,101.90,96.00,-,16.00,5.90,2.10,Yanmar Diesel Engine Company Limited,Majuro,-,Unknown Owners,-,Unknown Owners,-,Jopet Shipping & Trading Incorporated,Marshall Islands,-,-,-,-,9546150,538010615,8.00,2009,-,-,-,-,Qingdao Zichai Boyang Diesel Engine Company Limited,2427,2427,6N330-SN,American Steamship Owners Mutual Protection & Indemnity Association,China Classification,-,-,-,-,2018-12-24T00:00:00,-,2029-01-03T00:00:00,2029-01-03T00:00:00,Deship Marine Management & Trading Limited,Turkiye,Deship Marine Management & Trading Limited,Turkiye,GR AGT,-,A,17 Aug 2026 14:15:07 GMT,12 Aug 2026 04:00:00 GMT,Unknown Owners,-,"37° 54' 24"" N","23° 3' 42"" E"
MGI One,asphalt tanker,Wenling,Zhejiang Tianshi Shipbuilding Company Limited,9368300,Live,Unknown,1071,1'+ dwt,3357,Double Hull,-,2511,TY11,90.60,85.32,14.20,14.20,5.35,0.86,China Engine Builder,-,-,Unknown Owners,-,Unknown Owners,-,Experienced Services Incorporated,Liberia,-,-,-,-,9538309,-,6.20,2009,-,-,-,-,Ningbo Zhonghua,1472,2000,G6300ZC16B,-,-,-,-,-,-,2014-11-12T00:00:00,-,-,-,FML Ship Management Limited,Cyprus,FML Ship Management Limited,Cyprus,-,-,A,18 Apr 2025 23:46:42 GMT,-,Unknown Owners,-,"29° 44' 31"" N","95° 12' 9"" W"
Xaron,asphalt tanker,Nanjing,Nanjing Shenghua Shipbuilding Company Limited,9472982,Live,Iran,2034,1'+ dwt,6920,Double Hull,EPA6407,5637,N5H543,101.39,94.90,-,19.05,7.01,3.51,Yanmar Diesel Engine Company Limited,-,-,Unknown Owners,-,Unknown Owners,-,Unknown Owners,-,-,-,-,-,9554834,422999983,10.50,2010,-,-,-,-,Qingdao Zichai Boyang Diesel Engine Company Limited,2813,3825,8N330-EN,-,Overseas Marine Certification Services,-,-,-,-,2010-08-02T00:00:00,-,-,-,-,-,Unknown Owners,-,-,-,A,17 Aug 2026 14:14:48 GMT,-,Unknown Owners,-,"25° 45' 59"" N","57° 1' 18"" E"
Velix,asphalt tanker,Jiangpu,Jiangsu Shenghua Shipbuilding Company Limited,9473264,Live,Unknown (Comoros False),2018,1'+ dwt,6850,Double Hull,D6A4064,5680,NSH544,101.39,94.96,-,19.05,7.00,3.50,Yanmar Diesel Engine Company Limited,-,-,Unknown Owners,-,Unknown Owners,-,Unknown Owners,-,-,-,-,-,9554822,-,10.50,2012,-,-,-,-,Qingdao Zichai Boyang Diesel Engine Company Limited,2813,3825,8N330-EN,-,-,-,-,-,-,-,-,-,-,-,-,Unknown Owners,-,KFK(UAE),Khor al Fakkan,A,17 Aug 2026 14:15:46 GMT,26 Aug 2026 06:00:00 GMT,Unknown Owners,-,"25° 48' 11"" N","56° 56' 26"" E"
Black Sunrise,asphalt tanker,Fuling,Chuandong Shipyard,9552642,Live,Malta,1251,1'+ dwt,4897,Double Hull,9HA4550,3726,HT0102,101.90,96.00,-,16.00,5.90,2.10,Yanmar Diesel Engine Company Limited,Valletta,-,Unknown Owners,-,Unknown Owners,-,AVM Seapower Limited,Marshall Islands,-,-,-,-,9546162,248180000,8.00,2009,-,-,-,-,Qingdao Zichai Boyang Diesel Engine Company Limited,2427,2427,6N330-SN,West of England Mutual Shipowners Protection & Indemnity Association (Luxemburg),China Classification,-,-,-,-,2019-05-05T00:00:00,-,2029-04-15T00:00:00,2029-04-15T00:00:00,Safemar Denizcilik Sanayi ve Ticaret Limited Sirketi,Turkiye,Safemar Denizcilik Sanayi ve Ticaret Limited Sirketi,Turkiye,DAKHLA,-,A,08 Aug 2026 07:54:17 GMT,08 Aug 2026 12:00:00 GMT,Unknown Owners,-,"24° 19' 3"" N","16° 3' 9"" W"
S.Leader,asphalt tanker,Yawatahama,Kurinoura Dockyard K.K.,9581720,Live,South Korea,1013,1'+ dwt,4931,Double Hull,D8HK,3164,405,100.00,93.50,-,15.80,6.01,1.99,Mitsubishi Heavy Industries Limited,-,-,Auto-created Unknown Owners,-,Auto-created Unknown Owners,-,Gs Caltex Corporation,Republic of Korea,-,-,-,-,9544853,441013000,8.00,2010,-,-,-,-,Akasaka Diesels Limited,3089,4200,6UEC37LA,U.K. Mutual Steam Ship Assurance Association (Bermuda) Ltd,Korean Register,-,-,-,-,2010-11-10T00:00:00,-,2030-11-09T00:00:00,2030-11-09T00:00:00,-,-,Auto-created Unknown Owners,-,YOS KR,-,A,17 Aug 2026 14:14:29 GMT,14 Aug 2026 08:00:00 GMT,Auto-created Unknown Owners,-,"34° 46' 24"" N","127° 46' 15"" E"
Shaheed Sagar,water tanker,Sikka,Gujarat Marine Engineering,9616757,Live,Belize,254,1'+ dwt,1147,Single,V3NX4,763,152,48.60,-,-,12.50,3.50,1.40,Cummins Incorporated,Belize City,-,Global Cambay Marine Services Private Limited,India,Global Cambay Marine Services Private Limited,India,Global Cambay Marine Services Private Limited,India,-,-,-,-,9519274,312058004,4.90,2007,-,-,-,-,Cummins Incorporated,253,344,NTA-855-M,-,-,-,-,-,-,2013-04-22T00:00:00,-,-,-,Global Cambay Marine Services Private Limited,India,Global Cambay Marine Services Private Limited,India,-,-,Both,02 Jan 2026 04:14:31 GMT,-,Global Cambay Marine Services Private Limited,India,"21° 8' 46"" N","72° 39' 41"" E"
White Sky,asphalt tanker,Nanjing,Nanjing Yonghua Shipbuilding Industry Company Limited,9806990,Live,Madeira,1745,1'+ dwt,5927,Double Hull,CQ2217,4387,YHSC-0708,102.40,95.00,17.00,17.00,8.90,0.00,HD Hyundai Heavy Industries Company Limited,Funchal,-,International Andromeda Shipping SAM,Monaco,International Andromeda Shipping SAM,Monaco,White Star Shipping Limited,Liberia,-,-,-,-,9528718,255915759,8.90,2009,-,-,-,-,HD Hyundai Heavy Industries Company Limited,2227,3028,9H25/33P,NorthStandard,-,Overseas Marine Certification Services,Lloyds Register,-,-,2009-06-30T00:00:00,-,2029-06-29T00:00:00,2029-06-29T00:00:00,International Andromeda Shipping SAM,Monaco,International Andromeda Shipping SAM,Monaco,FOR ORDER,-,A,17 Aug 2026 14:15:30 GMT,19 Aug 2026 19:00:00 GMT,International Andromeda Shipping SAM,Monaco,"32° 49' 43"" N","16° 5' 59"" E"
Ping Hai Wan,asphalt tanker,Guangzhou,Guangzhou Huangpu Shipbuilding Company Limited,9818348,Live,Panama,1669,1'+ dwt,6115,Double Hull,3FRU5,5565,2286,106.99,101.50,-,17.60,6.50,3.60,The Hanshin Diesel Works Limited,Panama,-,China COSCO Shipping Corporation Limited (China Cosco Shipping Group) (COSCO Shipping) (COSCOCS),People's Republic of China,COSCO Shipping Asphalt (Hainan) Company Limited,People's Republic of China,Pinghaiwan Maritime Company Limited,"Hong Kong, S.A.R., China",-,-,-,-,9558579,356503000,10.10,2009,-,-,-,-,Wartsila Italia S.p.A.,3060,4623,9L26B2,China Shipowners Mutual Assurance Association,China Classification,-,-,-,-,2019-05-06T00:00:00,-,2029-05-05T00:00:00,2029-05-05T00:00:00,COSCO Shipping Asphalt (Hainan) Company Limited,People's Republic of China,COSCO Shipping Asphalt (Hainan) Company Limited,People's Republic of China,FOR ORDER,-,A,17 Aug 2026 14:09:10 GMT,20 Aug 2026 10:30:00 GMT,COSCO Shipping Asphalt (Hainan) Company Limited,People's Republic of China,"34° 44' 46"" N","25° 19' 33"" E"
Da Heng Shan,asphalt tanker,Yichang,Gezhouba Group Shipyard,9932439,Live,"Hong Kong, S.A.R., China",1647,1'+ dwt,6192,Double Hull,VRFX9,5493,GMSC003,106.84,101.50,-,17.60,6.50,3.61,Yanmar Diesel Engine Company Limited,Hong Kong,-,Wideshine Enterprises Company Limited,People's Republic of China,Tianjin Southwest Maritime Limited (TSM),People's Republic of China,Max Prime International Limited,"Hong Kong, S.A.R., China",-,-,-,-,9564815,477547800,10.10,2009,-,-,-,-,Qingdao Zichai Boyang Diesel Engine Company Limited,3310,4497,8N330-EN,West of England Mutual Shipowners Protection & Indemnity Association (Luxemburg),Bureau Veritas,-,-,2024-06-21T00:00:00,2022-07-28T00:00:00,2024-06-01T00:00:00,2019-08-23T00:00:00,2029-08-14T00:00:00,2029-08-14T00:00:00,Tianjin Southwest Maritime Limited (TSM),People's Republic of China,Tianjin Southwest Maritime Limited (TSM),People's Republic of China,YANGPU,Yangpu Port,A,17 Aug 2026 14:11:03 GMT,19 Aug 2026 02:00:00 GMT,Tianjin Southwest Maritime Limited (TSM),People's Republic of China,"14° 18' 28"" N","109° 18' 56"" E"
An Hai Wan,asphalt tanker,Guangzhou,Guangzhou Huangpu Shipbuilding Company Limited,9936965,Live,Panama,1669,1'+ dwt,6165,Double Hull,HP6181,5565,2287,106.99,101.50,-,17.60,6.20,3.90,The Hanshin Diesel Works Limited,Panama,-,China COSCO Shipping Corporation Limited (China Cosco Shipping Group) (COSCO Shipping) (COSCOCS),People's Republic of China,COSCO Shipping Asphalt (Hainan) Company Limited,People's Republic of China,Anhaiwan Maritime Company Limited,"Hong Kong, S.A.R., China",-,-,-,-,9563108,356502000,10.10,2009,-,-,-,-,Wartsila Italia S.p.A.,3060,3380,9L26B2,China Shipowners Mutual Assurance Association,China Classification,-,-,-,-,2019-06-21T00:00:00,-,2029-06-20T00:00:00,2029-06-20T00:00:00,COSCO Shipping Asphalt (Hainan) Company Limited,People's Republic of China,COSCO Shipping Asphalt (Hainan) Company Limited,People's Republic of China,PORT JEROME,-,A,17 Aug 2026 14:15:50 GMT,16 Aug 2026 12:00:00 GMT,COSCO Shipping Asphalt (Hainan) Company Limited,People's Republic of China,"49° 28' 10"" N","0° 32' 17"" E"
Eastern Phoenix,asphalt tanker,Usuki,Shitanoe Shipbuilding,9950571,Live,Panama,1014,1'+ dwt,5025,Double Hull,3EVD9,3380,1286,97.03,89.90,-,16.00,6.36,1.64,B&W Diesel A/S,Panama,-,Sansho Kaiun Company Limited,Japan,Sansho Kaiun Company Limited,Japan,Sansho Line S.A.,Panama,-,-,-,-,9552692,355057000,8.00,2010,-,-,-,-,Hitachi Zosen Corporation,2600,3755,5L35MC,Swedish Club (Sverige Angfartygs Assurans Forening),Nippon Kaiji Kyokai,-,-,2019-06-27T00:00:00,-,2020-04-19T00:00:00,-,2030-06-10T00:00:00,2030-06-10T00:00:00,Sansho Kaiun Company Limited,Japan,Sansho Kaiun Company Limited,Japan,JPCHB,Chiba,A,17 Aug 2026 14:11:58 GMT,19 Aug 2026 14:00:00 GMT,Sansho Kaiun Company Limited,Japan,"31° 10' 52"" N","131° 27' 31"" E"
Guo Hong 5,asphalt tanker,China,Taizhou Jiantiao Shipyard Company Limited,9956636,Live,China,1644,1'+ dwt,5914,Double Hull,BQIA4,4133,JTG-001,112.10,105.50,-,16.20,6.00,2.00,Yanmar Diesel Engine Company Limited,Zhoushan,-,Zhoushan Hongfu Commercial Holdings Company Limited,People's Republic of China,Zhoushan Hongfu Logistics Company Limited,People's Republic of China,Zhoushan Hongfu Energy and Chemical Shipping Company Limited,People's Republic of China,-,-,-,-,9523897,413439970,8.00,2012,-,-,-,-,Qingdao Zichai Boyang Diesel Engine Company Limited,2574,2973,6N330-EN,West of England Mutual Shipowners Protection & Indemnity Association (Luxemburg),China Classification,-,-,-,-,2017-04-27T00:00:00,-,2031-05-01T00:00:00,2031-05-01T00:00:00,Shanghai Dingheng Ship Management Company Limited,People's Republic of China,Shanghai Dingheng Ship Management Company Limited,People's Republic of China,YANGPU,-,A,17 Aug 2026 06:57:47 GMT,13 Aug 2026 13:00:00 GMT,Zhoushan Hongfu Logistics Company Limited,People's Republic of China,"19° 48' 54"" N","109° 9' 54"" E"
Yard No.7000BTC-BD02 Bach,asphalt tanker,Haiphong,Bach Dang Shipbuilding Industry Corporation,10013456,Cancelled Order,Italy,-,1'+ dwt,7000,Double Hull,-,4500,-,110.00,105.00,-,21.00,6.20,2.20,Unknown Engine Designer,-,-,-,-,-,-,-,-,-,-,-,-,9565936,-,8.40,-,-,-,-,-,-,2320,3154,-,-,-,-,-,-,-,-,-,-,-,-,-,-,-,-,-,-,-,-,Mediterranea di N.,-,-,-
Yard No.7000BTC-BD01 Bach,asphalt tanker,Haiphong,Bach Dang Shipbuilding Industry Corporation,10013457,Cancelled Order,Italy,-,1'+ dwt,7000,Double Hull,-,4500,7000BTC-BD01,110.00,105.00,-,21.00,6.20,2.20,Unknown Engine Designer,-,-,-,-,-,-,-,-,-,-,-,-,9565924,-,8.40,-,-,-,-,-,-,2320,3154,-,-,-,-,-,-,-,-,-,-,-,-,-,-,-,-,-,-,-,-,Mediterranea di N.,-,-,-
Yard No.ESS100205 Nanjing E.,asphalt tanker,Nanjing,Nanjing East Star Shipbuilding Company Limited,10997487,Cancelled Order,"Hong Kong, S.A.R., China",-,1'+ dwt,3500,Double Hull,-,2500,ESS100205,-,-,-,-,-,-,Unknown Engine Designer,-,-,-,-,-,-,-,-,-,-,-,-,9553969,-,-,-,-,-,-,-,-,-,-,-,-,-,-,-,-,-,-,-,-,-,-,-,-,-,-,-,-,-,-,Stolt Nielsen,-,-,-
Yard No.ESS100206 Nanjing E.,asphalt tanker,Nanjing,Nanjing East Star Shipbuilding Company Limited,10997717,Cancelled Order,"Hong Kong, S.A.R., China",-,1'+ dwt,3500,Double Hull,-,2500,ESS100206,-,-,-,-,-,-,Unknown Engine Designer,-,-,-,-,-,-,-,-,-,-,-,-,9553971,-,-,-,-,-,-,-,-,-,-,-,-,-,-,-,-,-,-,-,-,-,-,-,-,-,-,-,-,-,-,Stolt Nielsen,-,-,-
Yard No.9468542 Xinshun,asphalt tanker,China,Xinshun Shipyard Group Company Limited,11005317,Cancelled Order,Unknown,-,1'+ dwt,5900,Double Hull,-,5500,-,-,-,-,-,-,-,Wartsila Corporation,-,-,-,-,-,-,-,-,-,-,-,-,9468542,-,-,-,-,-,-,-,-,-,-,9L26,-,-,-,-,-,-,-,-,-,-,-,-,-,-,-,-,-,-,-,Stolt Nielsen,-,-,-
Yard No.263 Viana do Castelo,asphalt tanker,Viana do Castelo,Estaleiros Navais de Viana do Castelo S.A.,11005968,Cancelled Order,Panama,-,1'+ dwt,27000,Double Hull,-,18600,263,188.00,-,-,28.00,9.50,-,B&W Diesel A/S,-,-,-,-,-,-,-,-,-,-,-,-,9621950,-,-,-,-,-,-,-,-,-,-,6S50MC-C,-,-,-,-,-,-,-,-,-,-,-,-,-,-,-,-,-,-,-,PDV,-,-,-
Iver Balance,asphalt tanker,Masan,Geo Marine Engineering & Shipbuilding Company,11006008,Cancelled Order,Unknown,-,1'+ dwt,6586,Double Hull,-,5836,103,109.90,102.00,-,18.20,6.70,3.30,The Hanshin Diesel Works Limited,-,-,-,-,-,-,-,-,-,-,-,-,9455753,-,10.00,-,-,-,-,-,-,-,-,LH46L,-,-,-,-,-,-,-,-,-,-,-,-,-,-,-,-,-,-,-,Vroon,-,-,-
Yard No.264 Viana do Castelo,asphalt tanker,Viana do Castelo,Estaleiros Navais de Viana do Castelo S.A.,11006468,Cancelled Order,Panama,-,1'+ dwt,27000,Double Hull,-,18600,264,188.00,-,-,28.00,9.50,-,B&W Diesel A/S,-,-,-,-,-,-,-,-,-,-,-,-,9621962,-,-,-,-,-,-,-,-,9960,13357,6S50MC-C,-,-,-,-,-,-,-,-,-,-,-,-,-,-,-,-,-,-,-,PDV,-,-,-
Iver Beauty,asphalt tanker,Masan,Geo Marine Engineering & Shipbuilding Company,11176709,Cancelled Order,Unknown,-,1'+ dwt,6586,Double Hull,-,5836,104,109.90,102.00,-,18.20,6.70,3.30,The Hanshin Diesel Works Limited,-,-,-,-,-,-,-,-,-,-,-,-,9455765,-,10.00,-,-,-,-,-,-,2942,3945,LH46L,-,-,-,-,-,-,-,-,-,-,-,-,-,-,-,-,-,-,-,Vroon,-,-,-
Platts,asphalt tanker,La Spezia,Navali Affini C.L.E.M.N.A.- Societa Cooperativa Responsabilita Limitata Lavoratori Edili Meccanici,112661,Unconfirmed Existence,Unknown,818,1'+ dwt,3144,Double Hull,-,1820,12,89.55,85.50,11.54,11.51,4.86,0.63,Deutz AG,-,-,Epxon Oil Producing Company Limited,Nigeria,Epxon Oil Producing Company Limited,Nigeria,Epxon Oil Producing Company Limited,Nigeria,-,-,-,-,7126918,-,5.49,1971,-,-,-,-,Deutz AG,716,960,SBA8M528,-,-,-,-,-,-,1998-05-01T00:00:00,-,-,-,-,-,Epxon Oil Producing Company Limited,Nigeria,-,-,-,-,-,Epxon Oil Producing Company Limited,Nigeria,-,-
Kia,water tanker,Kerch,JSC Zaliv Shipyard,115255,Unconfirmed Existence,Comoros,542,1'+ dwt,1679,Single,D6BI7,1632,419,83.00,-,12.00,-,4.70,0.60,"Skodaexport, a.s.",Moroni,-,Unknown Owners,-,Unknown Owners,-,Unknown Owners,-,-,-,-,-,7029926,616072000,5.30,1967,-,-,-,-,CKD Praha DIZ a.s.,1491,2000,8DR43/61-V1,-,-,-,-,-,-,-,-,-,-,-,-,Unknown Owners,-,-,-,-,-,-,Unknown Owners,-,-,-
Akademik Mamedaliyev,water tanker,Kerch,JSC Zaliv Shipyard,120500,Unconfirmed Existence,Azerbaijan,556,1'+ dwt,1660,Single,-,1772,410,83.00,-,12.00,-,4.60,0.70,"Skodaexport, a.s.",-,-,Azerbaijan Caspian Shipping Closed Joint Stock Company (ASCO),Republic of Azerbaijan,Specialized Sea Oil Fleet,Republic of Azerbaijan,Specialized Sea Oil Fleet,Republic of Azerbaijan,-,-,-,-,6824408,-,5.30,1966,-,-,-,-,CKD Praha DIZ a.s.,1491,2000,8DR43/61-V1,-,-,-,-,-,-,1994-10-01T00:00:00,-,-,-,-,-,Specialized Sea Oil Fleet,Republic of Azerbaijan,-,-,-,-,-,Specialized Sea Oil Fleet,Republic of Azerbaijan,-,-
Yard No.AH0002AL Wuchang,asphalt tanker,China,Wuchang Shipbuilding Industry Company Limited,12467327,Cancelled Order,China,-,1'+ dwt,13000,Double Hull,-,10500,AH0002AL,145.00,-,-,22.60,-,-,Unknown Engine Designer,-,-,-,-,-,-,-,-,-,-,-,-,9776030,-,-,-,-,-,-,-,-,-,-,-,-,-,-,-,-,-,-,-,-,-,-,-,-,-,-,-,-,-,-,COSCO Southern,-,-,-
Yard No.GWS515 Guangzhou Wenchong,asphalt tanker,Guangzhou,Guangzhou Wenchong Shipyard Company Limited,12587677,Unconfirmed Existence,Singapore,-,1'+ dwt,17000,Double Hull,-,12000,GWS5515,-,-,-,-,-,-,Unknown Engine Designer,-,-,Guangzhou Wenchong Shipyard Company Limited,People's Republic of China,Guangzhou Wenchong Shipyard Company Limited,People's Republic of China,Guangzhou Wenchong Shipyard Company Limited,People's Republic of China,-,-,-,-,9798430,-,-,-,-,-,-,-,-,-,-,-,-,-,-,-,-,-,-,-,-,-,-,-,Guangzhou Wenchong Shipyard Company Limited,People's Republic of China,-,-,-,-,-,Guangzhou Wenchong Shipyard Company Limited,People's Republic of China,-,-
Iguela,asphalt tanker,Komatsushima,Tokushima Shipbuilding Company Limited,126516,Unconfirmed Existence,Unknown,1121,1'+ dwt,3716,Double Bottom,-,2244,361,86.00,80.00,14.50,14.50,5.61,0.74,Daihatsu Infinearth Manufactoring Company Limited,-,-,Unknown Owners,-,Unknown Owners,-,Unknown Owners,-,-,-,-,-,7323243,-,6.35,1973,-,-,-,-,Daihatsu Infinearth Manufactoring Company Limited,1193,1600,8DSM-26,-,-,-,-,-,-,1994-10-03T00:00:00,-,-,-,-,-,Unknown Owners,-,-,-,-,-,-,Unknown Owners,-,-,-
Yard No.MW509-2 Fujian Mawei,asphalt tanker,Mawei,Fujian Mawei Shipbuilding Limited,12759596,On Order,"Hong Kong, S.A.R., China",-,1'+ dwt,7300,Double Hull,-,5999,MW509-2,109.90,104.00,19.60,19.60,6.20,3.60,Mitsubishi Heavy Industries Limited,-,-,Unknown Owners,-,Unknown Owners,-,Unknown Owners,-,-,-,-,-,9812066,-,9.80,-,-,-,-,-,Mitsubishi Heavy Industries Limited Shipbuilding,3365,4512,6UEC33LSEII,-,-,-,-,-,-,-,-,-,-,-,-,Unknown Owners,-,-,-,-,-,-,Unknown Owners,-,-,-
Yard No.MW509-1 Fujian Mawei,asphalt tanker,Mawei,Fujian Mawei Shipbuilding Limited,12759638,On Order,"Hong Kong, S.A.R., China",-,1'+ dwt,7300,Double Hull,-,5999,MW509-1,109.90,104.00,19.60,19.60,6.20,3.60,Mitsubishi Heavy Industries Limited,-,-,Unknown Owners,-,Unknown Owners,-,Unknown Owners,-,-,-,-,-,9812054,-,9.80,-,-,-,-,-,Mitsubishi Heavy Industries Limited Shipbuilding,3365,4512,6UEC33LSEII,-,-,-,-,-,-,-,-,-,-,-,-,Unknown Owners,-,-,-,-,-,-,Unknown Owners,-,-,-
Fujian Mawei,asphalt tanker,Mawei,Fujian Mawei Shipbuilding Limited,12787262,Reported Order,Unknown,-,1'+ dwt,6000,Double Hull,-,6500,-,107.00,-,-,19.00,6.00,-,Mitsubishi Heavy Industries Limited,-,-,Unknown Owners,-,Unknown Owners,-,Unknown Owners,-,-,-,-,-,-,-,-,-,-,-,-,-,-,-,-,6UEC33LSE-C2,-,-,-,-,-,-,-,-,-,-,-,-,Unknown Owners,-,-,-,-,-,-,Unknown Owners,-,-,-
Sinee,edible oil tanker,-,-,13156426,Unconfirmed Existence,Thailand,-,-1' dwt,458,Single,HSB3851,324,-,42.00,-,7.00,-,-,-,Unknown Engine Designer,-,-,AIS Unknown,-,AIS Unknown,-,AIS Unknown,-,-,-,-,-,8718603,567139250,-,1988,-,-,-,-,-,599,815,UNKNOWN,-,-,-,-,-,-,-,-,-,-,-,-,AIS Unknown,-,-,-,B,10 Aug 2023 01:28:44 GMT,-,AIS Unknown,-,"13° 34' 47"" N","100° 34' 54"" E"
Woojin No.3,molasses tanker,Hakata,Murakami Hide Shipbuilding Company Limited,132643,Unconfirmed Existence,South Korea,635,1'+ dwt,2205,Single,-,993,116,71.00,-,12.00,-,4.90,0.70,Akasaka Diesels Limited,-,-,Dong Shin Shipping Company Limited,Republic of Korea,Dong Shin Shipping Company Limited,Republic of Korea,Dong Shin Shipping Company Limited,Republic of Korea,-,-,-,-,7374474,-,5.60,1974,-,-,-,-,Akasaka Diesels Limited,1491,2000,AH36,-,-,-,-,-,-,-,-,-,-,-,-,Dong Shin Shipping Company Limited,Republic of Korea,-,-,-,-,-,Dong Shin Shipping Company Limited,Republic of Korea,-,-
Yard No. Chengxi,asphalt tanker,-,Chengxi Shipyard Company Limited,13450624,Reported Order,Unknown,-,1'+ dwt,37000,Single,-,-,-,-,-,-,-,-,-,Unknown Engine Designer,-,-,Kumiai Senpaku Company Limited,Japan,Kumiai Senpaku Company Limited,Japan,Kumiai Senpaku Company Limited,Japan,-,-,-,-,-,-,-,-,-,-,-,-,-,-,-,-,-,-,-,-,-,-,-,-,-,-,-,-,Kumiai Senpaku Company Limited,Japan,-,-,-,-,-,Kumiai Senpaku Company Limited,Japan,-,-
Chengxi Shipyard Company Limited,asphalt tanker,-,Chengxi Shipyard Company Limited,13797995,Under construction,Unknown,-,1'+ dwt,37000,Single,-,-,-,-,-,30.60,-,-,-,Unknown Engine Designer,-,-,Vitol Holding BV,Netherlands,Vitol Holding BV,Netherlands,Vitol Holding BV,Netherlands,-,-,-,-,-,-,-,-,-,-,-,-,-,-,-,UNKNOWN,-,-,-,-,-,-,-,-,-,-,-,-,Vitol Holding BV,Netherlands,-,-,-,-,-,Vitol Holding BV,Netherlands,-,-
Chengxi Shipyard Company Limited,asphalt tanker,-,Chengxi Shipyard Company Limited,13797996,Under construction,Unknown,-,1'+ dwt,37000,Single,-,-,-,-,-,30.60,-,-,-,Unknown Engine Designer,-,-,Vitol Holding BV,Netherlands,Vitol Holding BV,Netherlands,Vitol Holding BV,Netherlands,-,-,-,-,-,-,-,-,-,-,-,-,-,-,-,UNKNOWN,-,-,-,-,-,-,-,-,-,-,-,-,Vitol Holding BV,Netherlands,-,-,-,-,-,Vitol Holding BV,Netherlands,-,-
Wuhu Shipyard Company Ltd 6,asphalt tanker,-,Wuhu Shipyard Company Limited,13833854,Reported Order,Unknown,-,Unknown size,-,Single,-,21500,-,168.70,-,28.20,-,-,-,Unknown Engine Designer,-,-,-,-,-,-,Continental Bitumen Limited,Republic of Ireland,-,-,-,-,-,-,-,-,-,-,-,-,-,-,-,-,-,-,-,-,-,-,-,-,-,-,-,-,-,-,-,-,-,-,-,-,-,-,-
Wuhu Shipyard Company Ltd 7,asphalt tanker,-,Wuhu Shipyard Company Limited,13833855,Reported Order,Unknown,-,Unknown size,-,Single,-,21500,-,168.70,-,28.20,-,-,-,Unknown Engine Designer,-,-,-,-,-,-,Continental Bitumen Limited,Republic of Ireland,-,-,-,-,-,-,-,-,-,-,-,-,-,-,-,-,-,-,-,-,-,-,-,-,-,-,-,-,-,-,-,-,-,-,-,-,-,-,-
Wuhu Shipyard Company Ltd 8,asphalt tanker,-,Wuhu Shipyard Company Limited,13833856,Reported Order,Unknown,-,Unknown size,-,Single,-,21500,-,-,-,-,-,-,-,Unknown Engine Designer,-,-,-,-,-,-,Continental Bitumen Limited,Republic of Ireland,-,-,-,-,-,-,-,-,-,-,-,-,-,-,-,-,-,-,-,-,-,-,-,-,-,-,-,-,-,-,-,-,-,-,-,-,-,-,-
Wuhu Shipyard Company Ltd 9,asphalt tanker,-,Wuhu Shipyard Company Limited,13833857,Reported Order,Unknown,-,Unknown size,-,Single,-,21500,-,-,-,-,-,-,-,Unknown Engine Designer,-,-,-,-,-,-,Continental Bitumen Limited,Republic of Ireland,-,-,-,-,-,-,-,-,-,-,-,-,-,-,-,-,-,-,-,-,-,-,-,-,-,-,-,-,-,-,-,-,-,-,-,-,-,-,-
Sebastian,water tanker,-,-,13860340,Unconfirmed Existence,Honduras,-,Unknown size,-,Single,HQLK6,581,-,-,-,-,-,-,-,Unknown Engine Designer,-,-,Unknown Owners,-,Unknown Owners,-,Unknown Owners,-,-,-,-,-,8856481,334607000,-,1945,-,-,-,-,-,-,-,-,-,-,-,-,-,-,-,-,-,-,-,-,Unknown Owners,-,-,-,-,-,-,Unknown Owners,-,-,-
Chengxi Shipyard Co Ltd,asphalt tanker,China,Chengxi Shipyard Company Limited,14108198,Reported Order,Unknown,-,1'+ dwt,17000,Single,-,-,-,-,-,-,-,-,-,Unknown Engine Designer,-,-,Kumiai Senpaku Company Limited,Japan,Kumiai Senpaku Company Limited,Japan,Kumiai Senpaku Company Limited,Japan,-,-,-,-,-,-,-,-,-,-,-,-,-,-,-,-,-,-,-,-,-,-,-,-,-,-,-,-,Kumiai Senpaku Company Limited,Japan,-,-,-,-,-,Kumiai Senpaku Company Limited,Japan,-,-
Zhejiang Xinle Shipbuilding Co Ltd,edible oil tanker,China,Zhejiang Xinle Shipbuilding Company Limited,14181076,Reported Order,Unknown,-,1'+ dwt,7500,Single,-,-,-,-,-,-,-,-,-,Unknown Engine Designer,-,-,Capramar Gemi Isletmeciligi Limited Sirket,Turkiye,Capramar Gemi Isletmeciligi Limited Sirket,Turkiye,Mila Limited,Marshall Islands,-,-,-,-,-,-,-,-,-,-,-,-,-,-,-,-,-,-,-,-,-,-,-,-,-,-,-,-,Capramar Gemi Isletmeciligi Limited Sirket,Turkiye,-,-,-,-,-,Capramar Gemi Isletmeciligi Limited Sirket,Turkiye,-,-
Zhejiang Xinle Shipbuilding Co Ltd,edible oil tanker,China,Zhejiang Xinle Shipbuilding Company Limited,14181077,Reported Order,Unknown,-,1'+ dwt,7500,Single,-,-,-,-,-,-,-,-,-,Unknown Engine Designer,-,-,Capramar Gemi Isletmeciligi Limited Sirket,Turkiye,Capramar Gemi Isletmeciligi Limited Sirket,Turkiye,Mila Limited,Marshall Islands,-,-,-,-,-,-,-,-,-,-,-,-,-,-,-,-,-,-,-,-,-,-,-,-,-,-,-,-,Capramar Gemi Isletmeciligi Limited Sirket,Turkiye,-,-,-,-,-,Capramar Gemi Isletmeciligi Limited Sirket,Turkiye,-,-
Zhejiang Xinle Shipbuilding Co Ltd,edible oil tanker,China,Zhejiang Xinle Shipbuilding Company Limited,14181078,Reported Order,Unknown,-,1'+ dwt,7500,Single,-,-,-,-,-,-,-,-,-,Unknown Engine Designer,-,-,Capramar Gemi Isletmeciligi Limited Sirket,Turkiye,Capramar Gemi Isletmeciligi Limited Sirket,Turkiye,Mila Limited,Marshall Islands,-,-,-,-,-,-,-,-,-,-,-,-,-,-,-,-,-,-,-,-,-,-,-,-,-,-,-,-,Capramar Gemi Isletmeciligi Limited Sirket,Turkiye,-,-,-,-,-,Capramar Gemi Isletmeciligi Limited Sirket,Turkiye,-,-
Zhejiang Xinle Shipbuilding Co Ltd,edible oil tanker,China,Zhejiang Xinle Shipbuilding Company Limited,14181079,Reported Order,Unknown,-,1'+ dwt,7500,Single,-,-,-,-,-,-,-,-,-,Unknown Engine Designer,-,-,Capramar Gemi Isletmeciligi Limited Sirket,Turkiye,Capramar Gemi Isletmeciligi Limited Sirket,Turkiye,Mila Limited,Marshall Islands,-,-,-,-,-,-,-,-,-,-,-,-,-,-,-,-,-,-,-,-,-,-,-,-,-,-,-,-,Capramar Gemi Isletmeciligi Limited Sirket,Turkiye,-,-,-,-,-,Capramar Gemi Isletmeciligi Limited Sirket,Turkiye,-,-
Zhejiang Xinle Shipbuilding Co Ltd,edible oil tanker,China,Zhejiang Xinle Shipbuilding Company Limited,14181080,Reported Order,Unknown,-,1'+ dwt,7500,Single,-,-,-,-,-,-,-,-,-,Unknown Engine Designer,-,-,Capramar Gemi Isletmeciligi Limited Sirket,Turkiye,Capramar Gemi Isletmeciligi Limited Sirket,Turkiye,Mila Limited,Marshall Islands,-,-,-,-,-,-,-,-,-,-,-,-,-,-,-,-,-,-,-,-,-,-,-,-,-,-,-,-,Capramar Gemi Isletmeciligi Limited Sirket,Turkiye,-,-,-,-,-,Capramar Gemi Isletmeciligi Limited Sirket,Turkiye,-,-
Zhejiang Xinle Shipbuilding Co Ltd,edible oil tanker,China,Zhejiang Xinle Shipbuilding Company Limited,14181081,Reported Order,Unknown,-,1'+ dwt,7500,Single,-,-,-,-,-,-,-,-,-,Unknown Engine Designer,-,-,Capramar Gemi Isletmeciligi Limited Sirket,Turkiye,Capramar Gemi Isletmeciligi Limited Sirket,Turkiye,Mila Limited,Marshall Islands,-,-,-,-,-,-,-,-,-,-,-,-,-,-,-,-,-,-,-,-,-,-,-,-,-,-,-,-,Capramar Gemi Isletmeciligi Limited Sirket,Turkiye,-,-,-,-,-,Capramar Gemi Isletmeciligi Limited Sirket,Turkiye,-,-
China Merchants Jinling Shipyard (Yangzhou),asphalt tanker,Yangzhou,China Merchants Jinling Shipyard (Yangzhou) Dingheng Company Limited,14212331,Reported Order,Unknown,-,1'+ dwt,17000,Single,-,-,-,-,-,-,-,-,-,Unknown Engine Designer,-,-,Belgische Scheepvaartmaatschappij-Compagnie Maritime Belge (CMB NV),Belgium,CMB.Tech NV,Belgium,CMB.Tech NV,Belgium,-,-,-,-,-,-,-,-,-,-,-,-,-,-,-,-,-,-,-,-,-,-,-,-,-,-,-,-,CMB.Tech NV,Belgium,-,-,-,-,-,CMB.Tech NV,Belgium,-,-
China Merchants Jinling Shipyard (Yangzhou),asphalt tanker,Yangzhou,China Merchants Jinling Shipyard (Yangzhou) Dingheng Company Limited,14212332,Reported Order,Unknown,-,1'+ dwt,17000,Single,-,-,-,-,-,-,-,-,-,Unknown Engine Designer,-,-,Belgische Scheepvaartmaatschappij-Compagnie Maritime Belge (CMB NV),Belgium,CMB.Tech NV,Belgium,CMB.Tech NV,Belgium,-,-,-,-,-,-,-,-,-,-,-,-,-,-,-,-,-,-,-,-,-,-,-,-,-,-,-,-,CMB.Tech NV,Belgium,-,-,-,-,-,CMB.Tech NV,Belgium,-,-
China Merchants Jl Yangzhou Cmyz0161,asphalt tanker,Yangzhou,China Merchants Jinling Shipyard (Yangzhou) Dingheng Company Limited,14303984,Launched,Portugal,4445,1'+ dwt,17000,Single,-,14818,CMYZ0161,160.00,155.00,-,23.50,8.50,4.70,Unknown Engine Designer,-,-,Belgische Scheepvaartmaatschappij-Compagnie Maritime Belge (CMB NV),Belgium,CMB.Tech NV,Belgium,CMB Tech Netherlands BV,Netherlands,-,-,-,-,1054864,-,13.20,-,-,-,-,-,-,-,-,UNKNOWN,-,Bureau Veritas,-,-,-,-,-,-,-,-,Anglo-Eastern Shipmanagement (Singapore) Private Limited,Republic of Singapore,Anglo-Eastern Shipmanagement (Singapore) Private Limited,Republic of Singapore,-,-,-,-,-,CMB.Tech NV,Belgium,-,-
China Merchants Jl Yangzhou CmYZ0162,asphalt tanker,Yangzhou,Jinling Shipyard,14303992,Under construction,Unknown,4445,1'+ dwt,17100,Single,-,14424,CMYZ0162,160.00,155.00,-,23.50,8.50,4.70,Unknown Engine Designer,-,-,Belgische Scheepvaartmaatschappij-Compagnie Maritime Belge (CMB NV),Belgium,CMB.Tech NV,Belgium,CMB Tech Netherlands BV,Netherlands,-,-,-,-,1054876,-,13.20,-,-,-,-,-,-,-,-,UNKNOWN,-,Bureau Veritas,-,-,-,-,-,-,-,-,Anglo-Eastern Shipmanagement (Singapore) Private Limited,Republic of Singapore,Anglo-Eastern Shipmanagement (Singapore) Private Limited,Republic of Singapore,-,-,-,-,-,CMB.Tech NV,Belgium,-,-
Yard Jinling,asphalt tanker,China,Jinling Shipyard,14304134,Reported Order,Unknown,-,1'+ dwt,8088,Single,-,4000,-,-,-,-,-,-,-,Unknown Engine Designer,-,-,Unknown Owners,-,Unknown Owners,-,Unknown Owners,-,-,-,-,-,-,-,-,-,-,-,-,-,-,-,-,-,-,-,-,-,-,-,-,-,-,-,-,-,Unknown Owners,-,-,-,-,-,-,Unknown Owners,-,-,-
Fujian Mawei Shipbuilding Limited,asphalt tanker,-,Fujian Mawei Shipbuilding Limited,14312674,Reported Order,Unknown,-,1'+ dwt,9000,Single,-,-,-,-,-,-,-,-,-,Unknown Engine Designer,-,-,China COSCO Shipping Corporation Limited (China Cosco Shipping Group) (COSCO Shipping) (COSCOCS),People's Republic of China,COSCO Shipping Specialized Carriers Company Limited,People's Republic of China,COSCO Shipping Specialized Carriers Company Limited,People's Republic of China,-,-,-,-,-,-,-,-,-,-,-,-,-,-,-,-,-,-,-,-,-,-,-,-,-,-,-,-,COSCO Shipping Specialized Carriers Company Limited,People's Republic of China,-,-,-,-,-,COSCO Shipping Specialized Carriers Company Limited,People's Republic of China,-,-
Fujian Mawei Shipbuilding Limited,asphalt tanker,-,Fujian Mawei Shipbuilding Limited,14312675,Reported Order,Unknown,-,1'+ dwt,9000,Single,-,-,-,-,-,-,-,-,-,Unknown Engine Designer,-,-,China COSCO Shipping Corporation Limited (China Cosco Shipping Group) (COSCO Shipping) (COSCOCS),People's Republic of China,COSCO Shipping Specialized Carriers Company Limited,People's Republic of China,COSCO Shipping Specialized Carriers Company Limited,People's Republic of China,-,-,-,-,-,-,-,-,-,-,-,-,-,-,-,-,-,-,-,-,-,-,-,-,-,-,-,-,COSCO Shipping Specialized Carriers Company Limited,People's Republic of China,-,-,-,-,-,COSCO Shipping Specialized Carriers Company Limited,People's Republic of China,-,-
Fujian Mawei Shipbuilding Limited,asphalt tanker,-,Fujian Mawei Shipbuilding Limited,14312676,Reported Order,Unknown,-,1'+ dwt,9000,Single,-,-,-,-,-,-,-,-,-,Unknown Engine Designer,-,-,China COSCO Shipping Corporation Limited (China Cosco Shipping Group) (COSCO Shipping) (COSCOCS),People's Republic of China,COSCO Shipping Specialized Carriers Company Limited,People's Republic of China,COSCO Shipping Specialized Carriers Company Limited,People's Republic of China,-,-,-,-,-,-,-,-,-,-,-,-,-,-,-,-,-,-,-,-,-,-,-,-,-,-,-,-,COSCO Shipping Specialized Carriers Company Limited,People's Republic of China,-,-,-,-,-,COSCO Shipping Specialized Carriers Company Limited,People's Republic of China,-,-
Fujian Mawei Shipbuilding Limited,asphalt tanker,-,Fujian Mawei Shipbuilding Limited,14312677,Reported Order,Unknown,-,1'+ dwt,9000,Single,-,-,-,-,-,-,-,-,-,Unknown Engine Designer,-,-,China COSCO Shipping Corporation Limited (China Cosco Shipping Group) (COSCO Shipping) (COSCOCS),People's Republic of China,COSCO Shipping Specialized Carriers Company Limited,People's Republic of China,COSCO Shipping Specialized Carriers Company Limited,People's Republic of China,-,-,-,-,-,-,-,-,-,-,-,-,-,-,-,-,-,-,-,-,-,-,-,-,-,-,-,-,COSCO Shipping Specialized Carriers Company Limited,People's Republic of China,-,-,-,-,-,COSCO Shipping Specialized Carriers Company Limited,People's Republic of China,-,-
Fujian Mawei,asphalt tanker,China,Fujian Mawei Shipbuilding Limited,14536484,Reported Order,Unknown,-,1'+ dwt,9000,Single,-,-,-,-,-,-,-,-,-,Unknown Engine Designer,-,-,China COSCO Shipping Corporation Limited (China Cosco Shipping Group) (COSCO Shipping) (COSCOCS),People's Republic of China,COSCO Shipping Development Company Limited,People's Republic of China,COSCO Shipping Development (Hainan) Company Limited,People's Republic of China,-,-,-,-,-,-,-,-,-,-,-,-,-,-,-,-,-,-,-,-,-,-,-,-,-,-,-,-,COSCO Shipping Development Company Limited,People's Republic of China,-,-,-,-,-,COSCO Shipping Development Company Limited,People's Republic of China,-,-
Fujian Mawei,asphalt tanker,China,Fujian Mawei Shipbuilding Limited,14536485,Reported Order,Unknown,-,1'+ dwt,9000,Single,-,-,-,-,-,-,-,-,-,Unknown Engine Designer,-,-,China COSCO Shipping Corporation Limited (China Cosco Shipping Group) (COSCO Shipping) (COSCOCS),People's Republic of China,COSCO Shipping Development Company Limited,People's Republic of China,COSCO Shipping Development (Hainan) Company Limited,People's Republic of China,-,-,-,-,-,-,-,-,-,-,-,-,-,-,-,-,-,-,-,-,-,-,-,-,-,-,-,-,COSCO Shipping Development Company Limited,People's Republic of China,-,-,-,-,-,COSCO Shipping Development Company Limited,People's Republic of China,-,-
CSSC Huangpu Wenchong,asphalt tanker,China,CSSC Huangpu Wenchong Shipbuilding Company Limited,14536486,Reported Order,Unknown,-,1'+ dwt,9000,Single,-,-,-,-,-,-,-,-,-,Unknown Engine Designer,-,-,China COSCO Shipping Corporation Limited (China Cosco Shipping Group) (COSCO Shipping) (COSCOCS),People's Republic of China,COSCO Shipping Development Company Limited,People's Republic of China,COSCO Shipping Development (Hainan) Company Limited,People's Republic of China,-,-,-,-,-,-,-,-,-,-,-,-,-,-,-,-,-,-,-,-,-,-,-,-,-,-,-,-,COSCO Shipping Development Company Limited,People's Republic of China,-,-,-,-,-,COSCO Shipping Development Company Limited,People's Republic of China,-,-
CSSC Huangpu Wenchong,asphalt tanker,China,CSSC Huangpu Wenchong Shipbuilding Company Limited,14536487,Reported Order,Unknown,-,1'+ dwt,9000,Single,-,-,-,-,-,-,-,-,-,Unknown Engine Designer,-,-,China COSCO Shipping Corporation Limited (China Cosco Shipping Group) (COSCO Shipping) (COSCOCS),People's Republic of China,COSCO Shipping Development Company Limited,People's Republic of China,COSCO Shipping Development (Hainan) Company Limited,People's Republic of China,-,-,-,-,-,-,-,-,-,-,-,-,-,-,-,-,-,-,-,-,-,-,-,-,-,-,-,-,COSCO Shipping Development Company Limited,People's Republic of China,-,-,-,-,-,COSCO Shipping Development Company Limited,People's Republic of China,-,-
Yard Fujian Mawei,asphalt tanker,China,Fujian Mawei Shipbuilding Limited,14546379,Reported Order,Unknown,-,1'+ dwt,9000,Single,-,7000,-,119.80,-,-,21.20,-,-,Unknown Engine Designer,-,-,Unknown Owners,-,Unknown Owners,-,Unknown Owners,-,-,-,-,-,-,-,11.00,-,-,-,-,-,-,-,-,-,-,-,-,-,-,-,-,-,-,-,-,-,Unknown Owners,-,-,-,-,-,-,Unknown Owners,-,-,-
Yard Fujian Mawei,asphalt tanker,China,Fujian Mawei Shipbuilding Limited,14546389,Reported Order,Unknown,-,1'+ dwt,9000,Single,-,7000,-,119.80,-,-,21.20,-,-,Unknown Engine Designer,-,-,Unknown Owners,-,Unknown Owners,-,Unknown Owners,-,-,-,-,-,-,-,11.00,-,-,-,-,-,-,-,-,-,-,-,-,-,-,-,-,-,-,-,-,-,Unknown Owners,-,-,-,-,-,-,Unknown Owners,-,-,-
Asphalt Serenity,asphalt tanker,China,Zhejiang Donghong Shipbuilding Company Limited,14601905,Launched,Liberia,4238,1'+ dwt,16300,Double Hull,-,14129,DH202411,144.90,142.00,26.20,26.20,7.90,5.10,Unknown Engine Designer,-,-,-,-,-,-,Star Energy Singapore Privated Limited,Republic of Singapore,-,-,-,-,1102908,-,13.00,-,-,-,-,-,-,-,-,UNKNOWN,-,Bureau Veritas,-,-,-,-,-,-,-,-,-,-,-,-,-,-,-,-,-,Star Energy Singapore Privated Limited,Republic of Singapore,-,-
Alpen Aurora,asphalt tanker,-,Hubei Hechuang Heavy Industry Company Limited,14623465,On Order,Sierra Leone,-,1'+ dwt,13000,Single,-,10473,HC-A2329,146.10,-,22.00,-,8.20,2.90,Unknown Engine Designer,-,-,Government of United Arab Emirates,United Arab Emirates,United Arab Emirates Navy,United Arab Emirates,United Arab Emirates Navy,United Arab Emirates,-,-,-,-,1095064,-,11.10,-,-,-,-,-,-,-,-,UNKNOWN,-,-,-,-,-,-,-,-,-,-,-,-,United Arab Emirates Navy,United Arab Emirates,-,-,-,-,-,United Arab Emirates Navy,United Arab Emirates,-,-
Chengxi Yangzhou Cx5413,asphalt tanker,-,Chengxi Shipyard Company Limited,14623534,On Order,Marshall Islands,-,1'+ dwt,17700,Single,-,14500,CX5413,160.00,-,23.50,-,8.50,4.70,Unknown Engine Designer,-,-,Kumiai Senpaku Company Limited,Japan,Kumiai Senpaku Company Limited,Japan,Kumiai Senpaku Company Limited,Japan,-,-,-,-,1123770,-,13.20,-,-,-,-,-,-,-,-,UNKNOWN,-,-,-,-,-,-,-,-,-,-,-,-,Kumiai Senpaku Company Limited,Japan,-,-,-,-,-,Kumiai Senpaku Company Limited,Japan,-,-
Yard No.MW518-5 Fujian Mawei,asphalt tanker,China,Fujian Mawei Shipbuilding Limited,14623724,On Order,China,2524,1'+ dwt,9000,Double Hull,-,8412,MW518-5,119.80,-,21.20,21.20,-,-,Unknown Engine Designer,-,-,China COSCO Shipping Corporation Limited (China Cosco Shipping Group) (COSCO Shipping) (COSCOCS),People's Republic of China,COSCO Shipping Asphalt (Hainan) Company Limited,People's Republic of China,COSCO Shipping Asphalt (Hainan) Company Limited,People's Republic of China,-,-,-,-,1137587,-,11.20,-,-,-,-,-,-,-,-,UNKNOWN,-,-,-,-,-,-,-,-,-,-,-,-,COSCO Shipping Asphalt (Hainan) Company Limited,People's Republic of China,-,-,-,-,-,COSCO Shipping Asphalt (Hainan) Company Limited,People's Republic of China,-,-
Yard No.MW518-6 Fujian Mawei,asphalt tanker,China,Fujian Mawei Shipbuilding Limited,14623725,On Order,China,2524,1'+ dwt,9000,Double Hull,-,8412,MW518-6,119.80,-,21.20,21.20,-,-,Unknown Engine Designer,-,-,China COSCO Shipping Corporation Limited (China Cosco Shipping Group) (COSCO Shipping) (COSCOCS),People's Republic of China,COSCO Shipping Asphalt (Hainan) Company Limited,People's Republic of China,COSCO Shipping Asphalt (Hainan) Company Limited,People's Republic of China,-,-,-,-,1137599,-,11.20,-,-,-,-,-,-,-,-,UNKNOWN,-,-,-,-,-,-,-,-,-,-,-,-,COSCO Shipping Asphalt (Hainan) Company Limited,People's Republic of China,-,-,-,-,-,COSCO Shipping Asphalt (Hainan) Company Limited,People's Republic of China,-,-
Yard No.W23112 Wuhu Anrun,asphalt tanker,Nanhui,Wuhu Shipyard Company Limited,14624660,Launched,Panama,7853,1'+ dwt,36839,Single,-,26175,W23112,179.90,176.90,30.60,30.60,10.40,6.40,Unknown Engine Designer,-,-,Teodor Oceanic DMCC,United Arab Emirates,Teodor Shipping LLC,United Arab Emirates,Teodor Shipping LLC,United Arab Emirates,-,-,-,-,1087110,-,16.80,-,-,-,-,-,-,-,-,UNKNOWN,-,Bureau Veritas,-,-,-,-,-,-,-,-,-,-,Teodor Shipping LLC,United Arab Emirates,-,-,-,-,-,Teodor Shipping LLC,United Arab Emirates,-,-
Zhejiang Donghong Dh2024-12,asphalt tanker,-,Zhejiang Donghong Shipbuilding Company Limited,14624807,Launched,Liberia,-,1'+ dwt,16300,Single,-,14365,DH202412,144.90,142.00,26.20,26.20,7.90,5.10,Unknown Engine Designer,-,-,Vitol Holding BV,Netherlands,Vitol International Shipping Private Limited,Republic of Singapore,Vitol International Shipping Private Limited,Republic of Singapore,-,-,-,-,1102910,-,13.00,-,-,-,-,-,-,-,-,UNKNOWN,-,Bureau Veritas,-,-,-,-,-,-,-,-,-,-,Vitol International Shipping Private Limited,Republic of Singapore,-,-,-,-,-,Vitol International Shipping Private Limited,Republic of Singapore,-,-
AIN SNAN,Compressed Natural Gas Carrier,South Korea,Hanwha Ocean Company Limited,14625563,Launched,Singapore,34600,1'+ dwt,91627,Double Hull,-,155300,2595,294.90,285.60,46.40,46.40,12.50,14.00,Unknown Engine Designer,-,-,Kawasaki Kisen Kaisha Limited and Hyundai Glovis Company Limited,Japan,Kawasaki Kisen Kaisha Limited and Hyundai Glovis Company Limited,Japan,Oryx LNG No 3 Private Limited,Republic of Singapore,-,-,-,-,1069974,-,26.50,-,-,-,-,-,-,-,-,UNKNOWN,-,Bureau Veritas,-,-,-,-,-,-,-,-,-,-,Kawasaki Kisen Kaisha Limited and Hyundai Glovis Company Limited,Japan,-,-,-,-,-,Kawasaki Kisen Kaisha Limited and Hyundai Glovis Company Limited,Japan,-,-
Nabah,asphalt tanker,Yawatahama,Kurinoura Dockyard K.K.,153312,Unconfirmed Existence,Georgia,306,1'+ dwt,1329,Single,4LFV,874,161,64.93,59.52,10.01,10.01,4.30,0.23,Akasaka Diesels Limited,Batumi,-,Bitumen Marine Cargo Forwarding Company,United Arab Emirates,Bitumen Marine Cargo Forwarding Company,United Arab Emirates,Jalawi M.A. Al Qahtani & Mohammad S.M. Al Arifi,United Arab Emirates,Union International Bitumen Co,Jordan,-,-,8103781,-,4.53,1981,-,-,-,-,Akasaka Diesels Limited,1177,1600,A31,-,-,-,-,-,-,2002-03-01T00:00:00,-,-,-,-,-,Bitumen Marine Cargo Forwarding Company,United Arab Emirates,-,-,-,-,-,Bitumen Marine Cargo Forwarding Company,United Arab Emirates,-,-
Fiord,water tanker,Kerch,JSC Zaliv Shipyard,20532,Unconfirmed Existence,Russia,528,1'+ dwt,1660,Single,UBDM,1634,433,83.00,-,12.00,-,4.70,0.60,"Skodaexport, a.s.",Murmansk,-,Northern Transport Refrigeration Company (Sevrybkholodflo),Russian Federation,Northern Transport Refrigeration Company (Sevrybkholodflo),Russian Federation,Northern Transport Refrigeration Company (Sevrybkholodflo),Russian Federation,-,-,-,-,7044354,273515200,5.30,1969,-,-,-,-,CKD Praha DIZ a.s.,1491,2000,8DR43/61-V1,-,-,-,-,-,-,1997-02-01T00:00:00,-,-,-,-,-,Northern Transport Refrigeration Company (Sevrybkholodflo),Russian Federation,-,-,-,-,-,Northern Transport Refrigeration Company (Sevrybkholodflo),Russian Federation,-,-
Hosei Maru No.5,asphalt tanker,Hiroshima,Matsuura Tekko Shipbuilding Company Limited,221073,Unconfirmed Existence,China,-,1'+ dwt,1064,Single,-,578,189,62.00,57.99,9.81,9.81,4.37,0.44,Fuji Diesel Company Limited,-,-,Government of The People's Republic of China,People's Republic of China,Government of The People's Republic of China,People's Republic of China,Government of The People's Republic of China,People's Republic of China,-,-,-,-,6818083,-,4.81,1968,-,-,-,-,Fuji Diesel Company Limited,883,1200,6SD32H,-,-,-,-,-,-,-,-,-,-,-,-,Government of The People's Republic of China,People's Republic of China,-,-,-,-,-,Government of The People's Republic of China,People's Republic of China,-,-
Gleucos,water tanker,Netherlands,T. Van den Beldt Thz. Scheepswerf Voorwaarts,22511,Unconfirmed Existence,Italy,258,-1' dwt,880,Single,ILUQ,490,171,58.00,-,9.40,-,3.70,0.40,Unknown Engine Designer,-,-,Cimiotta Emilio Zola S.r.l.,Italy,Cimiotta Emilio Zola S.r.l.,Italy,Cimiotta Emilio Zola S.r.l.,Italy,-,-,-,-,5299814,-,4.10,1956,-,-,-,-,-,485,650,-,-,-,-,-,-,-,-,-,-,-,-,-,Cimiotta Emilio Zola S.r.l.,Italy,-,-,-,-,-,Cimiotta Emilio Zola S.r.l.,Italy,-,-
Kamada II,edible oil tanker,Kure,Geibi Shipbuilding Industries Company Limited,233264,Unconfirmed Existence,Indonesia,329,1'+ dwt,1539,Single,YEJD,579,252,55.00,51.00,9.00,9.00,4.29,0.21,Daihatsu Diesel Manufacturing Company Limited,Jakarta,-,P.T. Pelayaran Tirta Murni Samudra,Indonesia,P.T. Pelayaran Tirta Murni Samudra,Indonesia,P.T. Pelayaran Tirta Murni Samudra,Indonesia,-,-,-,-,7313638,-,4.50,1973,-,-,-,-,Daihatsu Diesel Manufacturing Company Limited,746,1000,6DSM-22,-,-,-,-,-,-,1995-10-01T00:00:00,-,-,-,-,-,P.T. Pelayaran Tirta Murni Samudra,Indonesia,-,-,-,-,-,P.T. Pelayaran Tirta Murni Samudra,Indonesia,-,-
Teplokhod N-5,water tanker,St. Petersburg,Petrozavod,271675,Unconfirmed Existence,Azerbaijan,232,-1' dwt,473,Single,-,401,5,43.00,-,7.80,-,3.10,0.50,Aabenraa Motorfabrik Heinrich Callesen A/S,-,-,Azerbaijan Caspian Shipping Closed Joint Stock Company (ASCO),Republic of Azerbaijan,Specialized Sea Oil Fleet,Republic of Azerbaijan,Specialized Sea Oil Fleet,Republic of Azerbaijan,-,-,-,-,8884608,-,3.60,1949,-,-,-,-,SKL Motoren-und Systemtechnik GmbH,224,300,R8DV136,-,-,-,-,-,-,-,-,-,-,-,-,Specialized Sea Oil Fleet,Republic of Azerbaijan,-,-,-,-,-,Specialized Sea Oil Fleet,Republic of Azerbaijan,-,-
Nissho Maru No.8,asphalt tanker,Omishima,Nishihara Zosen,292007,Unconfirmed Existence,China,-,-1' dwt,629,Single,-,411,169,54.00,-,9.30,-,4.00,0.70,Unknown Engine Designer,-,-,Government of The People's Republic of China,People's Republic of China,Government of The People's Republic of China,People's Republic of China,Government of The People's Republic of China,People's Republic of China,-,-,-,-,7206201,-,4.70,1970,-,-,-,-,-,895,1200,-,-,-,-,-,-,-,-,-,-,-,-,-,Government of The People's Republic of China,People's Republic of China,-,-,-,-,-,Government of The People's Republic of China,People's Republic of China,-,-
Atsuta Maru No.1,asphalt tanker,Hakata,Murakami Hide Shipbuilding Company Limited,345318,Unconfirmed Existence,China,-,1'+ dwt,1380,Single,-,699,212,69.00,65.03,10.41,10.41,4.27,0.54,Akasaka Diesels Limited,-,-,Government of The People's Republic of China,People's Republic of China,Government of The People's Republic of China,People's Republic of China,Government of The People's Republic of China,People's Republic of China,-,-,-,-,8310372,-,4.81,1983,-,-,-,-,Akasaka Diesels Limited,969,1300,DM28A,-,-,-,-,-,-,-,-,-,-,-,-,Government of The People's Republic of China,People's Republic of China,-,-,-,-,-,Government of The People's Republic of China,People's Republic of China,-,-
Iver Balance,asphalt tanker,Masan,Geo Marine Engineering & Shipbuilding Company,3543268,Cancelled Order,Gibraltar,-,1'+ dwt,6100,Double Hull,-,5384,103,109.90,102.00,-,18.20,6.70,3.30,The Hanshin Diesel Works Limited,Gibraltar,-,-,-,-,-,-,-,-,-,-,-,-,-,10.00,-,-,-,-,-,The Hanshin Diesel Works Limited,2501,3400,LH46L,-,-,-,-,-,-,-,-,-,-,-,-,-,-,-,-,-,-,-,Vroon,-,-,-
Iver Beauty,asphalt tanker,Masan,Geo Marine Engineering & Shipbuilding Company,3548040,Cancelled Order,Unknown,-,1'+ dwt,6100,Double Hull,-,5384,104,109.90,102.00,-,18.20,6.70,3.30,The Hanshin Diesel Works Limited,-,-,-,-,-,-,-,-,-,-,-,-,-,-,10.00,-,-,-,-,-,The Hanshin Diesel Works Limited,2501,3400,LH46L,-,-,-,-,-,-,-,-,-,-,-,-,-,-,-,-,-,-,-,Vroon,-,-,-
Iver Best,asphalt tanker,Masan,Geo Marine Engineering & Shipbuilding Company,3548041,Cancelled Order,Gibraltar,-,1'+ dwt,6586,Double Hull,-,5836,105,109.90,102.00,-,18.20,6.70,3.30,The Hanshin Diesel Works Limited,Gibraltar,-,-,-,-,-,-,-,-,-,-,-,9455777,-,10.00,-,-,-,-,-,The Hanshin Diesel Works Limited,2942,3945,LH46L,-,-,-,-,-,-,-,-,-,-,-,-,-,-,-,-,-,-,-,Vroon,-,-,-
Iver Bliss,asphalt tanker,Masan,Geo Marine Engineering & Shipbuilding Company,3548537,Cancelled Order,Gibraltar,-,1'+ dwt,6100,Double Hull,-,5384,107,109.90,102.00,-,18.20,6.70,3.30,The Hanshin Diesel Works Limited,Gibraltar,-,-,-,-,-,-,-,-,-,-,-,9463102,-,10.00,-,-,-,-,-,The Hanshin Diesel Works Limited,2501,3400,LH46L,-,-,-,-,-,-,-,-,-,-,-,-,-,-,-,-,-,-,-,Vroon,-,-,-
Yard No.108 Geo Marine,asphalt tanker,Masan,Geo Marine Engineering & Shipbuilding Company,3548774,Cancelled Order,Unknown,-,1'+ dwt,6586,Double Hull,-,5836,108,109.90,102.00,-,18.20,6.70,3.30,The Hanshin Diesel Works Limited,-,-,-,-,-,-,-,-,-,-,-,-,9463114,-,10.00,-,-,-,-,-,-,2942,3945,LH46L,-,-,-,-,-,-,-,-,-,-,-,-,-,-,-,-,-,-,-,Vroon,-,-,-
Petra Benjamin,asphalt tanker,Elmshorn,D.W. Kremer Sohn,51332,Unconfirmed Existence,Belize,536,1'+ dwt,1572,Single,-,1174,1067,68.00,-,10.90,-,4.40,0.30,Deutz AG,Belize City,-,Petra Benjamin Company Limited,Malta,Petra Benjamin Company Limited,Malta,Petra Benjamin Company Limited,Malta,-,-,-,-,5107310,-,4.70,1959,-,-,-,-,Deutz AG,932,1250,RBV6M366,-,-,-,-,-,-,-,-,-,-,-,-,Petra Benjamin Company Limited,Malta,-,-,-,-,-,Petra Benjamin Company Limited,Malta,-,-
Yard No.109 Geo Marine,asphalt tanker,Masan,Geo Marine Engineering & Shipbuilding Company,6016618,Cancelled Order,Unknown,-,1'+ dwt,6586,Double Hull,-,5836,109,109.90,102.00,-,18.20,6.70,3.30,The Hanshin Diesel Works Limited,-,-,-,-,-,-,-,-,-,-,-,-,9501760,-,10.00,-,-,-,-,-,-,2942,3399,LH46L,-,-,-,-,-,-,-,-,-,-,-,-,-,-,-,-,-,-,-,Vroon,-,-,-
Alex,wine tanker,-,-,6746,Unconfirmed Existence,Cyprus,158,-1' dwt,447,Single,C4WL,272,-,44.00,-,7.10,-,3.30,0.80,Unknown Engine Designer,-,-,-,-,-,-,-,-,-,-,-,-,5046968,-,4.10,1946,-,-,-,-,-,224,300,-,-,-,-,-,-,-,-,-,-,-,-,-,-,-,-,-,-,-,-,Vliet Car,-,-,-
Ampelos,water tanker,Netherlands,T. Van den Beldt Thz. Scheepswerf Voorwaarts,75153,Unconfirmed Existence,Italy,265,-1' dwt,908,Single,IJAM,492,170,58.00,-,9.40,-,3.70,0.40,Unknown Engine Designer,Trapani,-,Cimiotta Emilio Zola S.r.l.,Italy,Cimiotta Emilio Zola S.r.l.,Italy,Cimiotta Emilio Zola S.r.l.,Italy,-,-,-,-,5205411,-,4.10,1956,-,-,-,-,Stork-Werkspoor Diesel B.V.,485,650,-,-,-,-,-,-,-,-,-,-,-,-,-,Cimiotta Emilio Zola S.r.l.,Italy,-,-,-,-,-,Cimiotta Emilio Zola S.r.l.,Italy,-,-
Vino,wine tanker,-,-,77363,Unconfirmed Existence,Italy,249,-1' dwt,670,Single,IVJO,493,-,53.00,-,8.50,-,4.10,0.50,Unknown Engine Designer,-,-,-,-,-,-,-,-,-,-,-,-,5381459,-,4.60,1949,-,-,-,-,-,447,600,-,-,-,-,-,-,-,-,-,-,-,-,-,-,-,-,-,-,-,-,Marnavi,-,-,-
Yard No.111 Geo Marine,asphalt tanker,Masan,Geo Marine Engineering & Shipbuilding Company,8930090,Cancelled Order,Unknown,-,1'+ dwt,6163,Double Hull,-,5493,111,109.90,102.00,-,18.20,6.70,3.30,HD Hyundai Heavy Industries Company Limited,-,-,-,-,-,-,-,-,-,-,-,-,9531777,-,10.00,-,-,-,-,-,The Hanshin Diesel Works Limited,2942,4000,9H25/33P,-,-,-,-,-,-,-,-,-,-,-,-,-,-,-,-,-,-,-,Horizon G.,-,-,-
Yard No.112 Geo Marine,asphalt tanker,Masan,Geo Marine Engineering & Shipbuilding Company,8930091,Cancelled Order,Unknown,-,1'+ dwt,6163,Double Hull,-,5493,112,109.90,102.00,-,18.20,6.70,3.30,HD Hyundai Heavy Industries Company Limited,-,-,-,-,-,-,-,-,-,-,-,-,9531789,-,10.00,-,-,-,-,-,The Hanshin Diesel Works Limited,2942,4000,9H25/33P,-,-,-,-,-,-,-,-,-,-,-,-,-,-,-,-,-,-,-,Horizon G.,-,-,-
Yard No.113 Geo Marine,asphalt tanker,Masan,Geo Marine Engineering & Shipbuilding Company,8930092,Cancelled Order,Unknown,-,1'+ dwt,6163,Double Hull,-,5493,113,109.90,102.00,-,18.20,6.70,3.30,HD Hyundai Heavy Industries Company Limited,-,-,-,-,-,-,-,-,-,-,-,-,9531791,-,10.00,-,-,-,-,-,The Hanshin Diesel Works Limited,2942,4000,9H25/33P,-,-,-,-,-,-,-,-,-,-,-,-,-,-,-,-,-,-,-,Horizon G.,-,-,-
Yard No.114 Geo Marine,asphalt tanker,Masan,Geo Marine Engineering & Shipbuilding Company,8930094,Cancelled Order,Unknown,-,1'+ dwt,6100,Double Hull,-,5384,114,109.90,102.00,-,18.20,6.70,3.30,Unknown Engine Designer,-,-,-,-,-,-,-,-,-,-,-,-,9531806,-,10.00,-,-,-,-,-,The Hanshin Diesel Works Limited,3400,4623,8H32/40P,-,-,-,-,-,-,-,-,-,-,-,-,-,-,-,-,-,-,-,Novoship,-,-,-
Yard No.115 Geo Marine,asphalt tanker,Masan,Geo Marine Engineering & Shipbuilding Company,8930097,Cancelled Order,Unknown,-,1'+ dwt,6100,Double Hull,-,5384,115,109.90,102.00,-,18.20,6.70,3.30,Unknown Engine Designer,-,-,-,-,-,-,-,-,-,-,-,-,9531818,-,10.00,-,-,-,-,-,The Hanshin Diesel Works Limited,3400,4623,8H32/40P,-,-,-,-,-,-,-,-,-,-,-,-,-,-,-,-,-,-,-,Novoship,-,-,-
Yard No.116 Geo Marine,asphalt tanker,Masan,Geo Marine Engineering & Shipbuilding Company,8930098,Cancelled Order,Unknown,-,1'+ dwt,6100,Double Hull,-,5384,116,109.90,102.00,-,18.20,6.70,3.30,Unknown Engine Designer,-,-,-,-,-,-,-,-,-,-,-,-,9531820,-,10.00,-,-,-,-,-,The Hanshin Diesel Works Limited,3400,4623,8H32/40P,-,-,-,-,-,-,-,-,-,-,-,-,-,-,-,-,-,-,-,Novoship,-,-,-
Yard No.117 Geo Marine,asphalt tanker,Masan,Geo Marine Engineering & Shipbuilding Company,8930099,Cancelled Order,Unknown,-,1'+ dwt,6100,Double Hull,-,5384,117,109.90,102.00,-,18.20,6.70,3.30,Unknown Engine Designer,-,-,-,-,-,-,-,-,-,-,-,-,9531832,-,10.00,-,-,-,-,-,HD Hyundai Heavy Industries Company Limited,4000,4623,8H32/40P,-,-,-,-,-,-,-,-,-,-,-,-,-,-,-,-,-,-,-,Vroon,-,-,-
Yard No.282 Lindenau,fruit juice tanker,Kiel,"Lindenau GmbH, Schiffswerft & Maschinenfabrik",9058862,Cancelled Order,Unknown,-,1'+ dwt,36000,Double Hull,-,24000,282,199.99,-,-,32.20,9.70,-,MAN Energy Solutions SE,-,-,-,-,-,-,-,-,-,-,-,-,9535589,-,-,-,-,-,-,-,-,9452,12851,8L58/64,-,-,-,-,-,-,-,-,-,-,-,-,-,-,-,-,-,-,-,Atlanship,-,-,-
Yard No.281 Lindenau,fruit juice tanker,Kiel,"Lindenau GmbH, Schiffswerft & Maschinenfabrik",9058863,Cancelled Order,Unknown,-,1'+ dwt,36000,Double Hull,-,24000,281,199.90,-,-,32.20,9.70,-,MAN Energy Solutions SE,-,-,-,-,-,-,-,-,-,-,-,-,9535577,-,-,-,-,-,-,-,-,9452,12850,8L58/64,-,-,-,-,-,-,-,-,-,-,-,-,-,-,-,-,-,-,-,Atlanship,-,-,-
Wideshine 3,asphalt tanker,Yichang,Gezhouba Group Shipyard,9660380,Launched,"Hong Kong, S.A.R., China",1670,1'+ dwt,6000,Double Hull,VREJ6,5566,GMSC-088,106.84,101.50,-,17.60,6.50,3.60,Yanmar Diesel Engine Company Limited,Hong Kong,-,-,-,-,-,-,-,-,-,-,-,9532056,-,10.10,-,-,-,-,-,-,3310,3825,8N330-EN,-,-,-,-,-,-,-,-,-,-,-,-,-,-,-,-,-,-,-,Hong Guang,-,-,-
Tasco Delta,asphalt tanker,Hakata,Murakami Hide Shipbuilding Company Limited,100074,Dead,Thailand,870,1'+ dwt,3334,Double Bottom,-,1997,132,85.00,-,12.60,12.60,5.40,1.60,The Hanshin Diesel Works Limited,Bangkok,-,-,-,-,-,-,-,-,-,-,-,7607950,-,7.00,1976,-,-,-,-,The Hanshin Diesel Works Limited,1715,2300,6LUS38,-,-,-,-,-,-,-,-,-,-,-,-,-,-,-,-,-,-,-,Vietnam Breakers,-,-,-
Dolphin,water tanker,Lauzon,Davie Yards Inc,106070,Dead,Bolivia,2553,1'+ dwt,8642,Single,-,4741,653,125.00,111.87,16.77,16.77,6.54,1.85,Mirrlees Blackstone Limited,La Paz,-,-,-,-,-,-,-,-,-,-,-,6704878,-,8.39,1967,-,-,-,-,Mirrlees Blackstone Limited,1864,2500,KMR-6,-,-,-,-,-,-,1994-08-31T00:00:00,-,-,-,-,-,-,-,-,-,-,-,-,Intamico,-,-,-
Lian Xing,asphalt tanker,Uwajima,Miyoshi Shipbuilding Company Limited,110570,Dead,Unknown,1814,1'+ dwt,6820,Double Hull,-,7486,237,141.20,116.01,19.00,19.00,8.67,3.53,Semt Pielstick SA,-,-,-,-,-,-,-,-,-,-,-,-,7639135,-,12.20,1978,-,-,-,-,Niigata Shipbuilding & Repair Incorporated,7755,10400,16PC2-5V-400,-,-,-,-,-,-,1995-05-28T00:00:00,-,-,-,-,-,-,-,-,-,-,-,-,Guangdong Tongcheng,-,-,-
Fara 1,asphalt tanker,Kootstertille,Tille Shipyards (Tille Scheepsbouw Kootstertille B.V.),113102,Dead,St. Kitts-Nevis,1527,1'+ dwt,4247,Single,-,2697,209,83.55,74.99,15.60,15.60,6.65,1.12,Deutz AG,Basseterre,-,-,-,-,-,-,-,-,-,-,-,7708962,-,7.75,1978,-,-,-,-,Deutz AG,2208,3000,RBV6M540,-,-,-,-,-,-,2013-08-01T00:00:00,-,-,-,-,-,-,-,ALANG,-,-,14 Mar 2018 20:55:56 GMT,09 Mar 2018 20:18:00 GMT,Indian Breakers,-,"21° 24' 54"" N","72° 12' 44"" E"
Ilona,molasses tanker,Saint John(CAN),Saint John Shipbuilding Limited,116534,Dead,Liberia,11975,1'+ dwt,30990,Single,-,18101,1123,169.00,162.00,26.00,26.00,10.92,3.58,Sulzer Turbomachinery Services,Monrovia,-,-,-,-,-,-,-,-,-,-,-,7504079,-,14.50,1979,-,-,-,-,Zaklady Przemyslu Metalowego H. Cegielski S.A.,8948,12000,6RND76,-,-,-,-,-,-,2004-04-01T00:00:00,-,-,-,-,-,-,-,-,-,-,-,-,Bangladesh Breakers,-,-,-
Retalink III,asphalt tanker,Kinoe,Kishimoto Zosen K.K.,117704,Dead,Singapore,1215,1'+ dwt,4999,Double Bottom,-,4048,476,102.00,95.00,16.00,16.00,6.77,1.23,The Hanshin Diesel Works Limited,Singapore,-,-,-,-,-,-,-,-,-,-,-,7821843,-,8.00,1979,-,-,-,-,The Hanshin Diesel Works Limited,2647,3600,6LU46A,-,-,-,-,-,-,2001-03-01T00:00:00,-,-,-,-,-,-,-,-,-,-,-,-,Bangladesh Breakers,-,-,-
Warmseas Kadabas,asphalt tanker,Japan,Fukae Zosen K.K.,124626,Dead,Dominica,358,1'+ dwt,1605,Double Hull,-,1073,141,72.00,68.00,11.00,11.00,4.65,0.54,The Hanshin Diesel Works Limited,Portsmouth,-,-,-,-,-,-,-,-,-,-,-,7370090,-,5.19,1974,-,-,-,-,The Hanshin Diesel Works Limited,1342,1800,6LU35G,-,-,-,-,-,-,1999-01-01T00:00:00,-,-,-,-,-,-,-,-,-,-,-,-,Indian Breakers,-,-,-
Sevilla,asphalt tanker,Frederikshavn,Danyard A/S,12605,Dead,Belize,499,1'+ dwt,1700,Single,-,999,271,68.00,63.96,10.60,10.60,3.19,2.05,Alpha Diesels A/S,Belize City,-,-,-,-,-,-,-,-,-,-,-,6720781,-,5.24,1967,-,-,-,-,Alpha Diesels A/S,597,800,408-26VO,-,-,-,-,-,-,1991-09-01T00:00:00,-,-,-,-,-,-,-,-,-,-,-,-,Turkish Breakers,-,-,-
Amal I,edible oil tanker,Imabari,Higaki Shipbuilding Company Limited,126061,Dead,Indonesia,604,1'+ dwt,1690,Single,-,961,185,63.43,63.40,11.05,11.02,-,-,Daihatsu Infinearth Manufactoring Company Limited,Surabaya,-,-,-,-,-,-,-,-,-,-,-,7620782,-,5.00,1976,-,-,-,-,Daihatsu Infinearth Manufactoring Company Limited,1193,1600,6DSM-28F,-,-,-,-,-,-,1995-03-01T00:00:00,-,-,-,-,-,-,-,-,-,-,-,-,Sulsetra,-,-,-
Clerville,wine tanker,Le Havre,ACH - Construction Navale,12643,Dead,Italy,938,1'+ dwt,3328,Single,-,1990,1215,91.00,84.00,14.40,14.40,5.43,0.78,Mak Motoren GmbH & Company KG,Trapani,-,-,-,-,-,-,-,-,-,-,-,7360215,-,6.20,1975,-,-,-,-,Mak Motoren GmbH & Company KG,2237,3000,9M453AK,-,-,-,-,-,-,-,-,-,-,-,-,-,-,-,-,-,-,-,Turkish Breakers,-,-,-
B.P.P.16,molasses tanker,Kure,Geibi Shipbuilding Industries Company Limited,126764,Dead,Thailand,985,1'+ dwt,2448,Single,-,1572,210,76.00,-,11.80,-,5.40,0.60,The Hanshin Diesel Works Limited,-,-,-,-,-,-,-,-,-,-,-,-,6816619,-,6.00,1968,-,-,-,-,The Hanshin Diesel Works Limited,1342,1800,Z6ZASH,-,-,-,-,-,-,-,-,-,-,-,-,-,-,-,-,-,-,-,Bangladesh Breakers,-,-,-
Royal Lady,asphalt tanker,Hiroshima,Naikai Zosen Shipbuilding Corporation,132721,Dead,Comoros,439,1'+ dwt,1767,Single,-,1411,226,76.89,70.00,11.20,11.20,4.90,1.70,Daihatsu Diesel Manufacturing Company Limited,Moroni,-,-,-,-,-,-,-,-,-,-,-,6828301,-,6.60,1968,-,-,-,-,Daihatsu Diesel Manufacturing Company Limited,746,1000,8PSHTCM-26D,-,-,-,-,-,-,-,-,-,-,-,-,-,-,-,-,-,-,-,Indian Breakers,-,-,-
Nerano,wine tanker,Bremen,Stephani Werft,1346,Dead,Belize,1248,1'+ dwt,3079,Single,-,2212,17,90.39,83.73,13.21,13.21,6.03,1.40,Fiat Avio SpA,-,-,-,-,-,-,-,-,-,-,-,-,5126079,-,7.42,1961,-,-,-,-,MAN Turbomaschinen AG GHH BORSIG,1081,1450,525C,-,-,-,-,-,-,-,-,-,-,-,-,-,-,-,-,-,-,-,Turkish Breakers,-,-,-
Afnan,asphalt tanker,Hakata,Murakami Hide Shipbuilding Company Limited,141151,Dead,Comoros,663,1'+ dwt,3069,Single,-,1740,180,78.00,72.00,12.50,12.50,5.97,1.13,The Hanshin Diesel Works Limited,Moroni,-,-,-,-,-,-,-,-,-,-,-,7921576,-,7.10,1980,-,-,-,-,The Hanshin Diesel Works Limited,1939,2600,6LU40,-,-,-,-,-,-,-,-,-,-,-,-,-,-,-,-,-,-,-,Pakistan Breakers,-,-,-
Fateh 1,edible oil tanker,Hamburg,J.J. Sietas Shipbuilding GmbH & Company KG,143026,Dead,Palau,767,1'+ dwt,2208,Double Hull,-,1756,922,85.83,81.97,11.31,11.31,3.95,0.30,Deutz AG,-,-,-,-,-,-,-,-,-,-,-,-,8002729,-,4.25,1980,-,-,-,-,Deutz AG,447,600,SBA8M528,-,-,-,-,-,-,1992-09-01T00:00:00,-,-,-,-,-,-,-,HAMRIYAH * UAE,-,-,26 Jan 2018 14:36:53 GMT,25 Jan 2018 21:30:00 GMT,Indian Breakers,-,"25° 28' 49"" N","55° 30' 2"" E"
Golden Virginia,asphalt tanker,Rendsburg,HDW Nobiskrug GmbH & Company KG,145312,Dead,Tanzania,782,1'+ dwt,2865,Single,-,1746,706,86.00,80.00,12.42,12.41,5.04,0.96,Deutz AG,-,-,-,-,-,-,-,-,-,-,-,-,8013168,-,6.00,1981,-,-,-,-,Deutz AG,1102,1478,SBV8M628,-,-,-,-,-,-,2005-02-21T00:00:00,-,-,-,-,-,-,-,ALANG INDIA,-,-,23 Feb 2017 23:58:29 GMT,18 Feb 2017 09:00:00 GMT,Indian Breakers,-,"21° 23' 45"" N","72° 10' 59"" E"
Dafni,water tanker,Krimpen aan den IJssel,"Van der Giessen-De Noord Shipbuilding N.V. - NO LONGER BUILDERS, NOW SEE VAN DER GIESSEN-DE NOORD SHIPBUILDING B.V.",14537,Dead,Greece,257,1'+ dwt,1130,Single,-,497,837,60.00,-,9.80,-,3.90,0.50,Motorenfabriek Smit & Bolnes,-,-,-,-,-,-,-,-,-,-,-,-,6505040,-,4.40,1965,-,-,-,-,Motorfabriek Smit & Bolnes B.V.,634,850,305HDK,-,-,-,-,-,-,-,-,-,-,-,-,-,-,-,-,-,-,-,Hydrodotiki,-,-,-
Trader,asphalt tanker,Seville,Izar (Seville),146027,Dead,St. Kitts-Nevis,4844,1'+ dwt,14534,Double Hull,-,11153,236,149.60,134.02,21.40,21.40,9.19,4.31,B&W Diesel A/S,-,-,-,-,-,-,-,-,-,-,-,-,7922623,-,13.31,1981,-,-,-,-,Astilleros Espanoles S.A. (AESA),4586,6150,7K45GFC,-,-,-,-,-,-,2010-05-31T00:00:00,-,-,-,-,-,-,-,-,-,-,-,-,Pakistan Breakers,-,-,-
Bitumen Queen,asphalt tanker,Groningen,Nieuwe Noord Nederlandse Scheeps. B.V.,146451,Dead,St. Kitts-Nevis,1181,1'+ dwt,4156,Double Hull,-,2523,400,93.05,85.99,13.50,13.50,5.85,2.21,Wartsila Corporation,-,-,-,-,-,-,-,-,-,-,-,-,8019291,-,8.06,1981,-,-,-,-,Wartsila Finland oy,1104,1500,4R32,-,-,-,-,-,-,2016-07-24T00:00:00,-,-,-,-,-,-,-,IN BHU     >,-,A,17 Oct 2020 13:53:27 GMT,19 Oct 2020 12:00:00 GMT,Indian Breakers,-,"21° 36' 24"" N","67° 55' 17"" E"
Maroni,asphalt tanker,Kobe,Onomichi Shipbuilding Company Limited,147235,Dead,Panama,10720,1'+ dwt,43260,Double Hull,-,25738,297,182.30,172.00,31.42,31.40,10.97,5.02,B&W Diesel A/S,Panama,-,-,-,-,-,-,-,-,-,-,-,8002078,-,17.20,1981,-,-,-,-,B&W Diesel A/S,8948,12000,6L67GFCA,-,-,-,-,-,-,2010-07-31T00:00:00,-,-,-,-,-,-,-,CHITANGONG,-,-,08 Jan 2019 20:06:10 GMT,02 Jan 2019 02:00:00 GMT,Eres,-,"22° 10' 15"" N","91° 45' 55"" E"
Monalisa,molasses tanker,Fukuoka,Fukuoka Shipbuilding Company Limited,152110,Dead,Singapore,1753,1'+ dwt,6236,Double Bottom,-,3802,1091,106.00,98.61,16.54,16.54,6.75,1.46,Akasaka Diesels Limited,Singapore,-,-,-,-,-,-,-,-,-,-,-,8113748,-,8.21,1981,-,-,-,-,Akasaka Diesels Limited,2427,3300,A41,-,-,-,-,-,-,2000-12-01T00:00:00,-,-,-,-,-,-,-,-,-,-,-,-,Indian Breakers,-,-,-
Gismatallah,water tanker,Shimoda,Shin Shimoda Dock Company Limited,155230,Dead,Saudi Arabia,528,1'+ dwt,2049,Single,-,1040,160,67.00,62.98,11.00,11.00,4.52,0.88,Unknown Engine Designer,Jeddah,-,-,-,-,-,-,-,-,-,-,-,6829575,-,5.40,1968,-,-,-,-,Daihatsu Infinearth Manufactoring Company Limited,522,700,UNKNOWN,-,-,-,-,-,-,2000-04-01T00:00:00,-,-,-,-,-,-,-,-,-,-,-,-,Pakistan Breakers,-,-,-
Black Pearl,asphalt tanker,Tokyo,Shin Kurushima Dockyard Company Limited,155337,Dead,South Korea,1121,1'+ dwt,5067,Double Hull,-,3738,1531,105.00,99.00,14.50,14.50,6.21,3.71,The Hanshin Diesel Works Limited,Jeju,-,-,-,-,-,-,-,-,-,-,-,8204092,-,9.90,1982,-,-,-,-,The Hanshin Diesel Works Limited,1491,2000,6LU35G,-,-,-,-,-,-,2008-12-23T00:00:00,-,-,-,-,-,-,-,-,-,-,-,-,Bitumen C.,-,-,-
Bitumen Express,asphalt tanker,Papenburg,Hermann Suerken GmbH & Company KG,157524,Dead,Singapore,1105,1'+ dwt,4429,Double Bottom,-,3305,314,93.00,89.11,16.01,16.00,6.11,1.29,Deutz AG,Singapore,-,-,-,-,-,-,-,-,-,-,-,8128913,-,7.40,1982,-,-,-,-,Deutz AG,2646,3548,SBV6M540,-,-,-,-,-,-,1992-11-01T00:00:00,-,-,-,-,-,-,-,-,-,-,-,-,Bangladesh Breakers,-,-,-
Inciarte,asphalt tanker,Floro,Ankerlokken Nye Verft Floro AS,161235,Dead,Venezuela,4518,1'+ dwt,15762,Double Bottom,YYBK,10569,118,153.00,142.81,22.70,22.70,8.71,2.60,B&W Diesel A/S,-,-,Unknown Owners,-,Unknown Owners,-,Unknown Owners,-,-,-,-,-,8117524,-,11.31,1983,-,-,-,-,Kvaerner Shipbuilding Group,6691,8973,6L55GFCA,-,-,-,-,2011-09-22T00:00:00,-,2011-09-23T00:00:00,-,-,-,-,-,Unknown Owners,-,PTO LA CRUZ.GUARAGUA,-,-,17 Jul 2018 21:58:20 GMT,06 Nov 2018 02:00:00 GMT,Unknown Owners,-,"10° 15' 38"" N","64° 42' 55"" W"
Tabu,asphalt tanker,Venice,Fincantieri-Cantieri Navali Italiani S.p.A. Venice,16212,Dead,Tuvalu,14557,1'+ dwt,47707,Double Hull,-,30291,271,215.00,200.01,28.66,28.50,12.45,5.17,Fiat Avio SpA,Funafuti,-,-,-,-,-,-,-,-,-,-,-,7232432,-,17.62,1973,-,-,-,-,Fiat Avio SpA,11186,15000,B900.7L,-,-,-,-,-,-,-,-,-,-,-,-,-,-,-,-,-,-,-,Bangladesh Breakers,-,-,-
Edda,wine tanker,-,-,16324,Dead,Greece,287,-1' dwt,747,Single,-,494,-,-,-,-,-,-,-,Unknown Engine Designer,-,-,-,-,-,-,-,-,-,-,-,-,5277490,-,-,1943,-,-,-,-,-,298,400,UNKNOWN,-,-,-,-,-,-,-,-,-,-,-,-,-,-,-,-,-,-,-,-,-,-,-
Reem 5,asphalt tanker,Komatsushima,Tokushima Shipbuilding Company Limited,163627,Dead,Panama,482,1'+ dwt,1894,Double Hull,HOOS,1351,1556,75.82,70.00,12.30,12.30,5.13,1.57,Akasaka Diesels Limited,Panama,-,-,-,-,-,-,-,-,-,-,-,8300767,355750000,6.70,1983,-,-,-,-,Akasaka Diesels Limited,1618,2200,A34,MS Amlin,-,-,-,-,-,2010-01-12T00:00:00,-,-,-,-,-,-,-,SHARJAH,-,A,23 Jan 2020 12:26:39 GMT,30 Aug 2020 12:00:00 GMT,Pakistan Breakers,-,"22° 15' 46"" N","64° 56' 53"" E"
Ice,fruit juice tanker,Kiel,Howaldtswerke-Deutsche Werft GmbH (HDW),164171,Dead,St. Kitts-Nevis,5805,1'+ dwt,25950,Single,-,19349,195,169.15,160.00,25.46,25.40,10.20,5.32,Sulzer Turbomachinery Services,-,-,-,-,-,-,-,-,-,-,-,-,8208024,-,15.52,1983,-,-,-,-,Sulzer Turbomachinery Services,8160,9250,6RLB66,-,-,-,-,-,-,1998-08-31T00:00:00,-,-,-,-,-,-,-,-,-,-,-,-,Bangladesh Breakers,-,-,-
Asphalt Victory,asphalt tanker,Oskarshamn,NYA Oskarshamns Varv. A/B,165004,Dead,Cayman Islands,9225,1'+ dwt,29918,Double Hull,-,17840,438,170.60,161.83,25.95,25.90,11.12,3.41,Sulzer Turbomachinery Services,George Town,-,-,-,-,-,-,-,-,-,-,-,8023761,-,14.53,1983,-,-,-,-,Zaklady Przemyslu Metalowego H. Cegielski S.A.,8054,10800,6RND68,-,-,-,-,-,-,2003-11-14T00:00:00,-,-,-,-,-,-,-,-,-,-,-,-,Indian Breakers,-,-,-
Asphalt Commander,asphalt tanker,Bath(USA),Bath Iron Works Corporation,165225,Dead,U.S.A.,9337,1'+ dwt,33691,Single,-,21401,405,202.00,194.80,25.60,25.60,9.60,5.84,Enterprise Engineering & Foundry Company,Port Everglades,-,-,-,-,-,-,-,-,-,-,-,8101642,-,15.44,1984,-,-,-,-,AB De Lavals Angturbin,5488,7360,DMRV-16-4,-,-,-,-,-,-,-,-,-,-,-,-,-,-,-,-,-,-,-,Bangladesh Breakers,-,-,-
Black Jade,asphalt tanker,Hakata,Kinoura Shipbuilding Company Limited,165576,Dead,South Korea,1090,1'+ dwt,4231,Double Hull,-,2700,111,96.14,89.80,14.00,14.00,6.21,2.52,Akasaka Diesels Limited,Jeju,-,-,-,-,-,-,-,-,-,-,-,8312423,-,8.70,1983,-,-,-,-,Akasaka Diesels Limited,1641,2200,A34,-,-,-,-,-,-,2009-11-29T00:00:00,-,-,-,-,-,-,-,-,-,-,-,-,Bitumen C.,-,-,-
Rio Atrato,asphalt tanker,Solvesborg,Gotaverken Solvesborg AB,16652,Dead,Panama,1274,1'+ dwt,4999,Double Hull,-,4248,73,122.93,113.67,15.60,15.60,5.66,3.34,MAN Energy Solutions SE,Panama,-,-,-,-,-,-,-,-,-,-,-,6900305,-,9.00,1969,-,-,-,-,Wartsila Corporation,2700,3671,V8A,-,-,-,-,-,-,2005-04-24T00:00:00,-,-,-,-,-,-,-,-,-,-,-,-,Naviera L.,-,-,-
Bitumen Glory,asphalt tanker,Valencia,Union Naval de Levante S.A.,173070,Dead,Singapore,1678,1'+ dwt,4999,Double Hull,-,3932,151,104.00,97.01,17.51,17.50,5.49,2.21,MAN Energy Solutions SE,Singapore,-,-,-,-,-,-,-,-,-,-,-,8316912,-,7.70,1985,-,-,-,-,Empresa Nacional Bazan De Construcciones Naval,6440,4375,7L40/54A,-,-,-,-,-,-,-,-,-,-,-,-,-,-,-,-,-,-,-,Bangladesh Breakers,-,-,-
Jessica,asphalt tanker,Nagasaki,Mitsubishi Heavy Industries Limited Shipbuilding,173074,Dead,Sierra Leone,1331,1'+ dwt,5674,Double Bottom,-,4718,1955,103.00,97.01,17.01,17.01,7.00,3.42,The Hanshin Diesel Works Limited,Freetown,-,-,-,-,-,-,-,-,-,-,-,8319330,-,10.42,1984,-,-,-,-,The Hanshin Diesel Works Limited,2461,3300,6EL40,-,-,-,-,-,-,1998-08-13T00:00:00,-,-,-,-,-,-,-,-,-,A,27 Nov 2025 12:48:55 GMT,-,Ever Step C.,-,"22° 42' 48"" N","120° 10' 48"" E"
Blossom,fruit juice tanker,Brevik,Trosvik Verksted AS,175563,Dead,Palau,2995,1'+ dwt,15108,Single,-,9984,138,145.00,135.21,21.51,21.51,10.04,2.56,B&W Diesel A/S,-,-,-,-,-,-,-,-,-,-,-,-,8407931,-,12.60,1985,-,-,-,-,B&W Diesel A/S,6620,9000,5L60MCE,-,-,-,-,-,-,2004-01-01T00:00:00,-,-,-,-,-,-,-,-,-,-,-,-,Indian Breakers,-,-,-
Tri Wings,asphalt tanker,Shanghai,Qiuxin Shipyard,200552,Dead,Palau,1405,1'+ dwt,5228,Double Hull,-,4014,464-2,106.04,99.00,16.29,16.00,6.88,2.12,Semt Pielstick SA,-,-,-,-,-,-,-,-,-,-,-,-,8516201,-,9.00,1985,-,-,-,-,Niigata Power Systems Company Limited - Niigata Diesel Engine Company Limited,1912,3000,6PC2-5L-400,-,-,-,-,-,-,2007-12-29T00:00:00,-,-,-,-,-,-,-,BD CGP,-,A,28 Jun 2021 07:32:48 GMT,23 Jun 2021 08:30:00 GMT,Being Global Co Ltd,-,"22° 26' 27"" N","91° 40' 33"" E"
Bebedouro,fruit juice tanker,Ulsan,HD Hyundai Heavy Industries Company Limited,201250,Dead,Liberia,3345,1'+ dwt,14873,Double Bottom,-,11150,p028,148.70,138.00,22.89,22.86,8.59,3.63,Sulzer Turbomachinery Services,Monrovia,-,-,-,-,-,-,-,-,-,-,-,8503773,-,12.22,1986,-,-,-,-,HD Hyundai Heavy Industries Company Limited,6443,8640,4RTA58,-,-,-,-,-,-,2006-06-06T00:00:00,-,-,-,-,-,-,-,-,-,-,-,-,Chinese Breakers,-,-,-
Megalochari III,wine tanker,Naples,-,20131,Dead,Greece,200,Unknown size,-,Single,-,448,-,51.00,-,7.80,-,3.80,0.20,Unknown Engine Designer,-,-,-,-,-,-,-,-,-,-,-,-,5336636,-,4.00,1958,-,-,-,-,-,447,600,UNKNOWN,-,-,-,-,-,-,-,-,-,-,-,-,-,-,-,-,-,-,-,Atlantis II S.,-,-,-
An Tai Jiang,asphalt tanker,Guangzhou,CSSC Offshore & Marine Engineering Group Company Limited,202134,Dead,"Hong Kong, S.A.R., China",2033,1'+ dwt,5121,Single,-,4074,-,106.00,99.00,16.00,16.00,6.49,2.51,Sulzer Turbomachinery Services,Hong Kong,-,-,-,-,-,-,-,-,-,-,-,8601288,-,9.00,1985,-,-,-,-,Niigata Shipbuilding & Repair Incorporated,3900,5230,6RLB56,-,-,-,-,-,-,1994-08-11T00:00:00,-,-,-,-,-,-,-,-,-,-,-,-,Chinese Breakers,-,-,-
Long Son 38,asphalt tanker,Guangzhou,Guangzhou Wenchong Shipyard Company Limited,202720,Dead,China,1295,1'+ dwt,4914,Single,-,3951,-,106.04,99.00,16.00,16.00,6.67,2.33,Semt Pielstick SA,Haikou,-,-,-,-,-,-,-,-,-,-,-,8315891,-,9.00,1985,-,-,-,-,Niigata Shipbuilding & Repair Incorporated,2207,3000,6PC2-5L-400,-,-,-,-,-,-,2007-05-18T00:00:00,-,-,-,-,-,-,-,-,-,-,-,-,COSCO Southern,-,-,-
An Ji Jiang,asphalt tanker,Huangpu,Guangzhou Huangpu Shipbuilding Company Limited,204476,Dead,China,1285,1'+ dwt,4926,Single,-,3951,-,106.04,99.00,16.00,16.00,6.75,2.25,Semt Pielstick SA,Fuzhou,-,-,-,-,-,-,-,-,-,-,-,8322727,-,9.00,1986,-,-,-,-,Shaanxi Diesel Engine Factory,2238,3000,6PC2-5EL,-,-,-,-,-,-,2011-04-14T00:00:00,-,-,-,-,-,-,-,-,-,-,26 Jun 2012 14:39:16 GMT,-,Fujian J.,-,"27° 1' 28"" N","120° 33' 21"" E"
Konstantinos,asphalt tanker,Valencia,Union Naval de Levante S.A.,204532,Dead,Honduras,290,-1' dwt,919,Single,-,797,155,59.00,54.00,10.00,10.00,4.27,0.61,MAN Energy Solutions SE,San Lorenzo,-,-,-,-,-,-,-,-,-,-,-,8504820,-,4.88,1986,-,-,-,-,Empresa Nacional Bazan De Construcciones Naval,802,1090,8L20/27,-,-,-,-,-,-,1997-04-01T00:00:00,-,-,-,-,-,-,-,-,-,-,-,-,Master M.L.,-,-,-
Stella di Lipari,water tanker,Trieste,Cantiere Felszegi,20603,Dead,Italy,644,1'+ dwt,2371,Single,-,1504,80,79.00,72.17,11.41,11.40,5.23,0.41,Deutz MWM AG,Naples,-,-,-,-,-,-,-,-,-,-,-,6621818,-,5.64,1967,-,-,-,-,Deutz MWM AG,634,850,TRH435A,-,-,-,-,-,-,-,-,-,-,-,-,-,-,-,-,-,-,-,Marnavi,-,-,-
Acentejo,water tanker,-,-,206043,Dead,Spain,256,-1' dwt,620,Single,-,293,-,34.00,-,8.20,8.20,3.60,0.60,Deutz AG,Santa Cruz de Tenerife,-,-,-,-,-,-,-,-,-,-,-,8138281,-,4.20,1982,-,-,-,-,Deutz AG,203,272,BF12L413,-,-,-,-,-,-,-,-,-,-,-,-,-,-,-,-,-,-,-,Ciresa,-,-,-
Batova,edible oil tanker,Varna,Varna Shipyard,207247,Dead,Bulgaria,1870,1'+ dwt,5848,Double Bottom,-,4499,252,117.00,109.35,16.21,16.21,6.50,1.91,MAN Energy Solutions SE,Varna,-,-,-,-,-,-,-,-,-,-,-,8612067,-,8.41,1987,-,-,-,-,VEB Maschinenbau Halberstadt GmbH,2983,4000,K6Z57/80C,-,-,-,-,-,-,2003-05-01T00:00:00,-,-,-,-,-,-,-,-,-,-,-,-,Indian Breakers,-,-,-
Rio Salaqui,asphalt tanker,Solvesborg,Gotaverken Solvesborg AB,21015,Dead,Venezuela,1269,1'+ dwt,5061,Double Hull,-,4230,82,122.66,113.65,15.60,15.60,5.52,3.48,Mak Motoren GmbH & Company KG,-,-,-,-,-,-,-,-,-,-,-,-,7306166,-,9.00,1973,-,-,-,-,Fried. Krupp AG Hoesch-Krupp,2383,3195,8M453,-,-,-,-,-,-,2002-04-01T00:00:00,-,-,-,-,-,-,-,-,-,-,-,-,Colomares,-,-,-
Oranjestad,edible oil tanker,Asnieres-sur-Seine,Societe Francaise de Construction Navals,214715,Dead,Panama,364,1'+ dwt,1142,Single,-,1216,593,88.09,82.08,11.50,11.50,2.50,1.50,Caterpillar Incorporated,Panama,-,-,-,-,-,-,-,-,-,-,-,8828343,-,4.00,1967,-,-,-,-,Caterpillar Incorporated,3600,520,3412,-,-,-,-,-,-,-,-,-,-,-,-,-,-,-,-,-,-,-,Ladybird O.,-,-,-
Matteo G.,wine tanker,Piraeus,Nafs Filipou,217563,Dead,Italy,180,-1' dwt,332,Single,-,332,-,41.50,40.00,8.21,8.00,-,-,VM Motori (SPA),Leghorn,-,-,-,-,-,-,-,-,-,-,-,8837203,-,3.50,1987,-,-,-,-,VM Motori (SPA),149,200,1308MH,-,-,-,-,-,-,-,-,-,-,-,-,-,-,-,-,-,-,-,Acquedotto,-,-,-
Macadam,asphalt tanker,Kyrksaetrora,Vaagen Verft Engineering AS,22262,Dead,Unknown,329,1'+ dwt,1430,Double Hull,-,1095,34,71.00,69.20,11.52,11.52,3.45,1.06,Mak Motoren GmbH & Company KG,-,-,-,-,-,-,-,-,-,-,-,-,7118777,-,4.51,1971,-,-,-,-,Atlas-Mak Maschinenbau GmbH,1119,1500,8M451AK,-,-,-,-,-,-,-,-,-,-,-,-,-,-,-,-,-,-,-,Jurinflot,-,-,-
Ping An Hai,asphalt tanker,Shanghai,Hudong-Zhonghua Shipbuilding (Group) Company Limited,230341,Dead,China,1672,1'+ dwt,6542,Single,-,4868,324,106.90,99.00,17.60,17.60,7.00,2.00,Sulzer Turbomachinery Services,-,-,-,-,-,-,-,-,-,-,-,-,8414893,-,9.00,1986,-,-,-,-,Guangzhou Diesel Engine Factory,2610,3550,5RTA38,-,-,-,-,-,-,2010-11-28T00:00:00,-,-,-,-,-,-,-,-,-,-,-,-,China S.H.,-,-,-
Xing Long Hai,asphalt tanker,Dalian,Dalian Shipyard Industrial Development General Corporation,231446,Dead,China,2548,1'+ dwt,10247,Single,-,8371,-,135.00,124.00,-,24.40,7.72,3.38,Halliburton Productos Limitada,-,-,-,-,-,-,-,-,-,-,-,-,8426872,-,11.10,1981,-,-,-,-,Dalian Marine Diesel Company Limited,3972,5400,6ESDZ58/100,-,-,-,-,-,-,-,-,-,-,-,-,-,-,-,-,-,-,-,China S.H.,-,-,-
Tirta Samudra XVII,asphalt tanker,Huangpu,Guangzhou Huangpu Shipbuilding Company Limited,231524,Dead,Indonesia,926,1'+ dwt,3752,Double Hull,-,2623,-,101.00,93.23,13.80,13.80,6.38,1.32,Halliburton Productos Limitada,Dumai,-,-,-,-,-,-,-,-,-,-,-,8620466,-,7.70,1984,-,-,-,-,Hudong Heavy Machinery Company Limited,2210,3000,6ESDZ43/82,-,-,-,-,-,-,-,-,-,-,-,-,-,-,-,-,-,-,-,Tirta A.,-,-,-
Star IV,fruit juice tanker,Tees,Smith's Dock Limited,2356,Dead,St. Kitts-Nevis,3128,1'+ dwt,12320,Single,-,9981,1329,155.00,143.69,21.30,21.30,9.17,3.53,B&W Diesel A/S,-,-,-,-,-,-,-,-,-,-,-,-,7342976,-,12.70,1975,-,-,-,-,Skv Kincaid Limited,9732,13051,9K74EF,-,-,-,-,-,-,1995-09-05T00:00:00,-,-,-,-,-,-,-,-,-,-,-,-,Indian Breakers,-,-,-
Champion,asphalt tanker,Tonsberg,Kaldnes Mek Verkstad A/S,23714,Dead,Cambodia,11801,1'+ dwt,32046,Single,-,19216,197,170.00,163.70,26.14,26.14,11.34,5.23,B&W Diesel A/S,Phnom Penh,-,-,-,-,-,-,-,-,-,-,-,7329699,-,16.57,1973,-,-,-,-,B&W Diesel A/S,8650,11600,6K74EF,-,-,-,-,-,-,-,-,-,-,-,-,-,-,-,-,-,-,-,Unknown Owners,-,-,-
Delta 3,asphalt tanker,Kinoe,Sasaki Shipbuilding Company Limited,242067,Dead,Thailand,322,1'+ dwt,1322,Double Bottom,-,849,340,62.50,58.02,10.01,10.01,4.22,1.30,Niigata Shipbuilding & Repair Incorporated,Bangkok,-,-,-,-,-,-,-,-,-,-,-,8011500,-,5.52,1980,-,-,-,-,Niigata Shipbuilding & Repair Incorporated,1177,1600,6M31AGT,-,-,-,-,-,-,-,-,-,-,-,-,-,-,-,-,-,-,-,Tipco M.,-,-,-
Bikra,asphalt tanker,Italy,Cantieri Navali Fratelli Orlando S.c.r.l.,247057,Dead,Comoros,2945,1'+ dwt,11404,Double Hull,-,8751,5929,127.43,126.00,20.40,20.40,7.50,3.51,Sulzer Turbomachinery Services,Moroni,-,-,-,-,-,-,-,-,-,-,-,9030709,-,11.00,1993,-,-,-,-,Fincantieri-Cantieri Navali Italiani S.p.A.,3600,4900,6ZAL40S,West of England Mutual Shipowners Protection & Indemnity Association (Luxemburg),-,-,-,-,-,2016-01-24T00:00:00,-,-,-,-,-,-,-,ALANG,-,A,05 Apr 2026 11:30:01 GMT,01 Apr 2026 11:00:00 GMT,Rubis Energie,-,"21° 23' 29"" N","72° 14' 27"" E"
Aquarius 2000,water tanker,Okayama,Kogushi Zosen K.K.,247630,Dead,Greece,147,-1' dwt,864,Double Hull,-,392,217,54.00,50.09,8.82,8.80,3.87,0.15,The Hanshin Diesel Works Limited,Piraeus,-,-,-,-,-,-,-,-,-,-,-,8032358,-,4.02,1980,-,-,-,-,The Hanshin Diesel Works Limited,559,750,6L26BGSH,-,-,-,-,-,-,2002-08-01T00:00:00,-,-,-,-,-,-,-,-,-,-,-,-,Aquarius W.,-,-,-
Sea Princess,asphalt tanker,Braila,Santierul Naval S.A. Galati,250421,Dead,Panama,1347,1'+ dwt,4586,Double Hull,-,4492,1308,101.50,94.13,16.40,16.40,6.85,1.77,MAN Energy Solutions SE,-,-,-,-,-,-,-,-,-,-,-,-,8607634,-,8.60,1993,-,-,-,-,Ucm Resita SA (Uzina Constructoare De Masini Sa Resita Romania)),2758,3750,6L40/54A,-,-,-,-,2019-08-03T00:00:00,2019-08-03T00:00:00,2016-06-07T00:00:00,2016-06-07T00:00:00,-,-,-,-,-,-,-,-,A,11 Mar 2021 09:56:13 GMT,-,Indian Breakers,-,"21° 25' 10"" N","72° 12' 40"" E"
Royal Princess,asphalt tanker,Shanghai,Qiuxin Shipyard,255212,Dead,Panama,1172,1'+ dwt,4132,Single,HOKM,3909,4110,104.25,96.00,-,15.40,5.40,2.80,Halliburton Productos Limitada,Panama,-,-,-,-,-,-,-,-,-,-,-,8863484,-,8.20,1989,-,-,-,-,Hudong Heavy Machinery Company Limited,1544,1699,6E34/82SDZC,-,-,-,-,-,-,2007-01-10T00:00:00,-,-,-,-,-,-,-,-,-,A,05 Nov 2020 08:09:08 GMT,-,Prime T.,-,"25° 22' 16"" N","55° 22' 56"" E"
Nesa-R3,asphalt tanker,Hakata,Murakami Hide Shipbuilding Company Limited,256372,Dead,St. Kitts-Nevis,307,1'+ dwt,1203,Single,-,856,195,62.00,58.06,10.00,10.00,4.20,0.40,The Hanshin Diesel Works Limited,Basseterre,-,-,-,-,-,-,-,-,-,-,-,8110241,-,4.60,1981,-,-,-,-,The Hanshin Diesel Works Limited,1342,1800,6EL30,-,-,-,-,-,-,-,-,-,-,-,-,-,-,-,-,B,30 Aug 2024 10:07:39 GMT,-,Cyrus S.,-,"13° 27' 41"" N","16° 37' 45"" W"
AB9,asphalt tanker,Hakata,Murakami Hide Shipbuilding Company Limited,257471,Dead,Singapore,348,1'+ dwt,1446,Double Hull,-,1001,215,69.50,65.00,10.40,10.40,4.40,0.50,The Hanshin Diesel Works Limited,Singapore,-,-,-,-,-,-,-,-,-,-,-,8312875,-,4.80,1983,-,-,-,-,The Hanshin Diesel Works Limited,1342,1800,6EL30,-,-,-,-,-,-,2004-03-01T00:00:00,-,-,-,-,-,-,-,-,-,-,-,-,Reta,-,-,-
Maas,asphalt tanker,Shimonoseki,Towa Shipbuilding Company Limited,260436,Dead,Georgia,329,1'+ dwt,1439,Double Bottom,-,842,466,61.74,56.00,9.60,9.60,4.82,0.68,The Hanshin Diesel Works Limited,Batumi,-,-,-,-,-,-,-,-,-,-,-,7378248,-,5.50,1974,-,-,-,-,The Hanshin Diesel Works Limited,1268,1700,6LU35,-,-,-,-,-,-,2003-05-01T00:00:00,-,-,-,-,-,-,-,-,-,-,-,-,Pakistan Breakers,-,-,-
Edricko 3,asphalt tanker,Yawatahama,Kurinoura Dockyard K.K.,260547,Dead,Indonesia,493,1'+ dwt,1390,Single,PMAA,1094,321,69.06,63.00,10.80,10.80,4.25,0.35,Akasaka Diesels Limited,Jakarta,-,-,-,-,-,-,-,-,-,-,-,9087893,525015278,4.60,1994,-,-,-,-,Akasaka Diesels Limited,1342,1800,A31R,-,-,-,-,-,-,2018-05-25T00:00:00,-,-,-,-,-,-,-,-,-,A,31 Jan 2024 09:51:26 GMT,-,Bitumen M.,-,"7° 12' 24"" S","112° 43' 28"" E"
Vivia,asphalt tanker,Valencia,Union Naval de Levante S.A.,261745,Dead,Comoros,2818,1'+ dwt,9776,Double Hull,-,5942,225,121.00,113.20,18.50,18.50,7.40,1.80,Wartsila Corporation,Moroni,-,-,-,-,-,-,-,-,-,-,-,9088938,-,9.20,1994,-,-,-,-,Wartsila Finland oy,3280,4459,8R32,-,-,-,-,-,-,2019-09-20T00:00:00,-,-,-,-,-,-,-,-,-,A,05 Dec 2022 23:30:09 GMT,-,GMS Leadership USA,-,"22° 9' 14"" N","91° 47' 2"" E"
Asia No.1,asphalt tanker,Shimonoseki,Kanmon Shipbuilding Company Limited,262657,Dead,South Korea,421,1'+ dwt,1882,Single,-,1209,331,74.00,69.00,11.60,11.60,4.83,0.67,The Hanshin Diesel Works Limited,-,-,-,-,-,-,-,-,-,-,-,-,7527409,-,5.50,1976,-,-,-,-,The Hanshin Diesel Works Limited,1566,2100,6LU38,-,-,-,-,-,-,-,-,-,-,-,-,-,-,-,-,-,-,-,Cosmos S.C.L.,-,-,-
Tasco Bravo,asphalt tanker,Usuki,Shitanoe Shipbuilding,263046,Dead,Thailand,373,1'+ dwt,1590,Single,-,1350,1155,76.00,72.00,12.00,12.00,4.42,0.83,The Hanshin Diesel Works Limited,Bangkok,-,-,-,-,-,-,-,-,-,-,-,9109586,-,5.25,1994,-,-,-,-,The Hanshin Diesel Works Limited,1912,2600,6LH36LAG,-,-,-,-,2020-11-17T00:00:00,-,2020-11-17T00:00:00,-,-,-,-,-,-,-,INALA,-,A,16 Oct 2025 06:42:10 GMT,17 Oct 2025 03:30:00 GMT,Tipco M.,-,"21° 45' 27"" N","72° 20' 40"" E"
Kaliope,asphalt tanker,Szczecin,Stocznia Szczecinska Nowa Sp. z o.o.,264315,Dead,Bahamas,3548,1'+ dwt,15340,Double Hull,-,11829,B570/03,149.00,138.00,23.00,23.00,8.50,3.60,B&W Diesel A/S,Nassau,-,-,-,-,-,-,-,-,-,-,-,8908856,-,12.10,1995,-,-,-,-,Zaklady Przemyslu Metalowego H. Cegielski S.A.,5787,7760,4S50MC,-,-,-,-,-,-,2002-12-01T00:00:00,-,-,-,-,-,-,-,-,-,-,26 Jan 2014 22:19:55 GMT,-,Turkish Breakers,-,"38° 13' 58"" N","25° 7' 43"" E"
Fisktrans,fish oil tanker,Bergen,Mjellem & Karlsen A/S Shipbuilding,265744,Dead,Norway,290,Unknown size,-,Single,LIAB,969,73,58.10,50.99,9.05,9.05,6.31,2.07,Mak Motoren GmbH & Company KG,Bodo,-,-,-,-,-,-,-,-,-,-,-,5248255,258034000,8.38,1952,-,-,-,-,Atlas-Mak Maschinenbau GmbH,1193,1600,8M452AK,-,-,-,-,-,-,2005-10-01T00:00:00,-,-,-,-,-,-,-,-,-,-,24 Jan 2017 21:41:15 GMT,-,Novita Fisktrans,-,"68° 22' 44"" N","15° 58' 58"" E"
Bitu Gulf,asphalt tanker,Tolsan Is.,Shinyong Shipbuilding Industry Company Limited,269464,Dead,Panama,1107,1'+ dwt,3884,Single,-,2967,158,96.30,89.81,14.03,14.00,5.61,0.89,Alpha Diesels A/S,Panama,-,-,-,-,-,-,-,-,-,-,-,8875798,-,6.50,1991,-,-,-,-,STX Engine Company Limited,1680,2285,8L28/32VF,-,-,-,-,-,-,1999-07-01T00:00:00,-,-,-,-,-,-,-,-,-,-,-,-,Bitumen I.,-,-,-
Bitumen Princess,asphalt tanker,Busan,Dae Sun Shipbuilding & Engineering Company Limited,270255,Dead,Honduras,1538,1'+ dwt,5416,Double Hull,-,4236,SB-417,107.00,97.50,17.20,17.20,6.15,2.15,B&W Diesel A/S,-,342,-,-,-,-,-,-,-,-,-,-,9133719,-,8.30,1995,-,-,-,-,MAN B&W Hyundai Heavy Industries Company Limited,3912,4882,7L35MC,-,-,-,-,-,-,2020-08-13T00:00:00,-,-,-,-,-,-,-,"ALANG SHIP YARD, IND",-,A,27 Jun 2025 03:12:25 GMT,26 Jun 2025 13:30:00 GMT,AICL Overseas FZ-LLC,-,"21° 22' 55"" N","72° 10' 20"" E"
Ivy Queen,asphalt tanker,Yawatahama,Kurinoura Dockyard K.K.,270322,Dead,Comoros,349,1'+ dwt,1351,Single,-,832,167,64.93,59.52,10.00,-,4.30,0.23,Akasaka Diesels Limited,Moroni,-,-,-,-,-,-,-,-,-,-,-,8114352,-,4.53,1981,-,-,-,-,Akasaka Diesels Limited,1103,1500,A28R,-,-,-,-,-,-,-,-,-,-,-,-,-,-,-,-,-,-,-,Dubai S.L.,-,-,-
Durban Queen,asphalt tanker,Kure,Yoshiura Zosensho K.K.,273612,Dead,Panama,336,1'+ dwt,1313,Single,-,1025,282,70.20,65.07,10.00,10.00,4.40,0.46,Unknown Engine Designer,Panama,-,-,-,-,-,-,-,-,-,-,-,8351510,-,4.85,1983,-,-,-,-,Niigata Shipbuilding & Repair Incorporated,1342,1800,UNKNOWN,-,-,-,-,-,-,2002-08-01T00:00:00,-,-,-,-,-,-,-,-,-,-,03 Mar 2018 06:05:46 GMT,-,Prime T.,-,"25° 33' 16"" N","55° 7' 21"" E"
Durban Queen,asphalt tanker,Hakata,Murakami Hide Shipbuilding Company Limited,274431,Dead,St. Kitts-Nevis,362,1'+ dwt,1369,Double Hull,V4XR2,999,211,69.50,65.03,10.41,10.40,4.41,0.40,Akasaka Diesels Limited,Charlestown,-,-,-,-,-,-,-,-,-,-,-,8310360,341160000,4.81,1983,-,-,-,-,Akasaka Diesels Limited,956,1300,6DM28A,-,-,-,-,-,-,2008-12-21T00:00:00,-,-,-,-,-,-,-,-,-,A,19 Nov 2018 13:50:39 GMT,-,Prime T.,-,"25° 20' 1"" N","51° 45' 13"" E"
GP Asphalt I,asphalt tanker,Pesaro,Cantiere Navale di Pesaro,275615,Dead,Panama,1790,1'+ dwt,7054,Double Hull,-,4951,73,110.00,103.00,18.00,18.00,7.01,1.50,Stork-Wartsila Diesel B.V.,Panama,-,-,-,-,-,-,-,-,-,-,-,9120891,-,8.30,1997,-,-,-,-,Wartsila Finland oy,3960,4600,BV6L38,-,-,-,-,-,-,2017-11-07T00:00:00,-,-,-,-,-,-,-,-,-,A,19 Jul 2020 04:10:57 GMT,-,Gulf Petrochem FZC,-,"17° 17' 15"" N","73° 13' 40"" E"
Saint Raphael IV,water tanker,Piraeus,Porfyroglu Katsikas Tsortanidis Bros. Company Limited,278523,Dead,Greece,186,-1' dwt,372,Single,-,249,-,33.00,-,7.00,-,2.50,0.70,Volvo Penta AB,-,-,-,-,-,-,-,-,-,-,-,-,8834201,-,3.20,1977,-,-,-,-,Volvo Penta AB,163,218,TMD100A,-,-,-,-,-,-,-,-,-,-,-,-,-,-,-,-,-,-,-,Petrotrade,-,-,-
Delta 7,asphalt tanker,Tokyo,Shin Kurushima Dockyard Company Limited,293430,Dead,Thailand,-,1'+ dwt,1252,Single,-,992,1873,68.82,63.00,10.80,10.80,4.06,0.44,The Hanshin Diesel Works Limited,Bangkok,-,-,-,-,-,-,-,-,-,-,-,8519277,-,4.50,1986,-,-,-,-,The Hanshin Diesel Works Limited,1177,1600,6EL30,-,-,-,-,-,-,2009-07-30T00:00:00,-,-,-,-,-,-,-,-,-,-,-,-,Bangladesh Breakers,-,-,-
Nora Thomsen,edible oil tanker,Brattvag,Vard Norway Offshore AS,300291,Dead,Moldova,187,-1' dwt,727,Single,-,485,16,53.00,47.12,8.06,8.00,4.77,0.35,Wartsila Norway AS,Giurgiulesti,-,-,-,-,-,-,-,-,-,-,-,6423888,-,5.12,1964,-,-,-,-,Wartsila Norway AS,746,1000,8ACA,-,-,-,-,-,-,2006-09-17T00:00:00,-,-,-,-,-,-,-,GRENAA,-,A,09 Mar 2022 23:56:05 GMT,10 Mar 2022 17:00:00 GMT,Thomsen Import,-,"57° 47' 54"" N","10° 36' 60"" E"
Asphalt Express,asphalt tanker,Fredrikstad,Ankerlokken Verft Glommen AS,30102,Dead,St. Kitts-Nevis,2107,1'+ dwt,7250,Double Hull,-,4454,185,109.25,102.00,17.20,17.20,6.57,3.44,B&W Diesel A/S,-,-,-,-,-,-,-,-,-,-,-,-,7368956,-,10.00,1974,-,-,-,-,Hitachi Zosen Corporation,2572,3449,8K42EF,-,-,-,-,-,-,1996-02-29T00:00:00,-,-,-,-,-,-,-,-,-,-,-,-,Indian Breakers,-,-,-
Sea Queen,asphalt tanker,Fredrikstad,Ankerlokken Verft Glommen AS,30103,Dead,Nigeria,2469,1'+ dwt,7057,Double Bottom,-,4417,187,108.00,102.01,17.22,17.22,8.19,1.81,B&W Diesel A/S,-,-,-,-,-,-,-,-,-,-,-,-,7382964,-,10.00,1975,-,-,-,-,Hitachi Zosen Corporation,3729,5000,8K42EF,-,-,-,-,-,-,1994-06-01T00:00:00,-,-,-,-,-,-,-,-,-,-,-,-,Unknown Owners,-,-,-
Mr-I,wine tanker,Savonlinna,Rauma-Repola Oy,3014,Dead,Indonesia,1683,1'+ dwt,5030,Single,-,3570,185,106.00,97.01,15.40,15.40,6.72,1.21,B&W Diesel A/S,Jakarta,-,-,-,-,-,-,-,-,-,-,-,7022045,-,7.93,1970,-,-,-,-,B&W Diesel A/S,2163,2900,5-50VTBF-110,-,-,-,-,-,-,-,-,-,-,-,-,-,-,-,-,-,23 Aug 2017 06:10:47 GMT,-,Bangladesh Breakers,-,"27° 49' 49"" N","121° 11' 36"" E"
Infinity 1,asphalt tanker,Ruichang,Jiangzhou Union Shipbuilding Company Limited,327649,Dead,Panama,970,1'+ dwt,2027,Single,-,1598,-,83.10,76.05,12.80,12.80,4.60,1.30,Halliburton Productos Limitada,Panama,-,-,-,-,-,-,-,-,-,-,-,8960426,-,5.90,1993,-,-,-,-,Shanghai Hudong Heavy Machinery Shangchuan Diesel Company Limited,662,900,6350ZC-1T,MS Amlin,-,-,-,-,-,2011-04-29T00:00:00,-,-,-,-,-,-,-,-,-,A,11 Jun 2022 09:32:17 GMT,-,Indian Breakers,-,"21° 22' 59"" N","72° 10' 13"" E"
Perla,wine tanker,Savonlinna,Rauma-Repola Oy,3330,Dead,Bahamas,1683,1'+ dwt,5014,Single,-,3570,176,106.00,97.04,15.40,15.40,6.74,1.16,B&W Diesel A/S,Nassau,-,-,-,-,-,-,-,-,-,-,-,6914708,-,7.90,1969,-,-,-,-,Valmet Power Transmission,2163,2901,5-50VTBF-110,-,-,-,-,-,-,-,-,-,-,-,-,-,-,-,-,-,-,-,Indian Breakers,-,-,-
Stella di Lipari,water tanker,Messina,Rodriquez Cantieri Navale S.p.A.,33777,Dead,Italy,543,1'+ dwt,2137,Single,-,1520,14,80.05,71.52,12.30,12.30,5.24,0.36,Mak Motoren GmbH & Company KG,Naples,-,-,-,-,-,-,-,-,-,-,-,7128899,-,5.60,1972,-,-,-,-,Atlas-Mak Maschinenbau GmbH,2237,3000,6MU551AK,-,-,-,-,-,-,2016-05-16T00:00:00,-,-,-,-,-,-,-,ITGIT,-,A,01 Apr 2025 09:27:02 GMT,02 Oct 2025 17:30:00 GMT,Marnavi,-,"40° 38' 54"" N","17° 58' 29"" E"
Mozia,wine tanker,Elsfleth,Elsflether Werft GmbH & Company KG,34102,Dead,Italy,458,1'+ dwt,1790,Single,-,925,335,67.00,61.50,10.40,10.40,5.00,0.80,Deutz AG,Trapani,-,-,-,-,-,-,-,-,-,-,-,5102786,-,5.80,1962,-,-,-,-,Deutz AG,746,1000,RBV8M545,-,-,-,-,-,-,-,-,-,-,-,-,-,-,-,-,-,-,-,Turkish Breakers,-,-,-
Varnek,water tanker,Archangel,Sudoremontnyy Zavod Krasnaya Kuznitsa,342869,Dead,Russia,58,-1' dwt,233,Single,-,152,22,35.75,33.55,7.20,7.00,1.84,0.56,Russkiy Diesel Firm,Archangel,-,-,-,-,-,-,-,-,-,-,-,8943002,-,2.40,1974,-,-,-,-,Russian Engine Builders,167,224,6CHNSP18/22,-,-,-,-,-,-,2003-07-25T00:00:00,-,-,-,-,-,-,-,-,-,-,-,-,Murmansk,-,-,-
America,asphalt tanker,Stockholm,AB Finnboda,34324,Dead,Georgia,12417,1'+ dwt,32265,Single,-,18015,395,162.00,163.00,25.89,25.89,11.11,4.01,B&W Diesel A/S,-,-,-,-,-,-,-,-,-,-,-,-,7389687,-,15.12,1976,-,-,-,-,B&W Diesel A/S,9769,13100,7K67GF,-,-,-,-,-,-,1999-11-01T00:00:00,-,-,-,-,-,-,-,-,-,-,-,-,Indian Breakers,-,-,-
Lilybeo,wine tanker,Germany,-,34406,Dead,Italy,210,-1' dwt,900,Single,-,499,-,59.00,-,9.00,-,3.60,0.30,Unknown Engine Designer,-,-,-,-,-,-,-,-,-,-,-,-,5360388,-,3.90,1962,-,-,-,-,-,556,745,UNKNOWN,-,-,-,-,-,-,-,-,-,-,-,-,-,-,-,-,-,-,-,CO.TRA.MA.TE.,-,-,-
Mimis,asphalt tanker,Groningen,Nieuwe Noord Nederlandse Scheeps. B.V.,34445,Dead,Greece,216,-1' dwt,742,Single,-,498,277,56.00,-,8.40,-,3.40,0.20,Unknown Engine Designer,-,-,-,-,-,-,-,-,-,-,-,-,5120233,-,3.60,1955,-,-,-,-,-,485,650,UNKNOWN,-,-,-,-,-,-,-,-,-,-,-,-,-,-,-,-,-,-,-,Turkish Breakers,-,-,-
Asphalt Alliance,asphalt tanker,Yatsushiro,Kumamoto Dock K.K.,345129,Dead,Panama,1338,1'+ dwt,5261,Double Hull,3ERX6,3800,76,104.10,98.57,15.04,15.00,6.66,2.30,The Hanshin Diesel Works Limited,Panama,-,-,-,-,-,-,-,-,-,-,-,8864189,-,8.96,1992,-,-,-,-,The Hanshin Diesel Works Limited,2427,3300,6EL40,-,-,-,-,-,-,2017-07-19T00:00:00,-,-,-,-,-,-,-,BHN.INDIA,-,A,14 Dec 2020 22:28:37 GMT,20 Dec 2020 19:00:00 GMT,Indian Breakers,-,"21° 25' 38"" N","72° 12' 57"" E"
Capo Grifo,asphalt tanker,Le Havre,ACH - Construction Navale,35665,Dead,Italy,881,1'+ dwt,3146,Single,-,2050,5064,90.00,82.00,12.60,12.50,5.30,0.55,MAN Energy Solutions SE,Palermo,-,-,-,-,-,-,-,-,-,-,-,6401098,-,5.85,1963,-,-,-,-,MAN Energy Solutions SE,2297,3080,G8V52/74A,-,-,-,-,-,-,1995-02-01T00:00:00,-,-,-,-,-,-,-,-,-,-,-,-,Turkish Breakers,-,-,-
Dinos,asphalt tanker,Le Havre,ACH - Construction Navale,3617,Dead,St. Vincent & Grenadines,875,1'+ dwt,2980,Single,-,1874,5062,91.00,87.79,12.92,12.92,5.32,0.46,Semt Pielstick SA,Kingstown,-,-,-,-,-,-,-,-,-,-,-,5047986,-,5.78,1962,-,-,-,-,Pielstick (Blohm & Voss) Semt,2192,2940,8PC,-,-,-,-,-,-,1992-07-01T00:00:00,-,-,-,-,-,-,-,-,-,-,-,-,Unknown Owners,-,-,-
Delta I,asphalt tanker,Santander,Astilleros de Santander S.A.,36363,Dead,Thailand,1659,1'+ dwt,6010,Double Bottom,-,4052,83,104.00,95.05,17.51,17.51,6.44,0.88,Stork-Werkspoor Diesel B.V.,-,-,-,-,-,-,-,-,-,-,-,-,7363255,-,7.32,1974,-,-,-,-,Stork-Werkspoor Diesel B.V.,2983,4000,6TM410,-,-,-,-,-,-,1992-06-01T00:00:00,-,-,-,-,-,-,-,-,-,-,-,-,Tipco A.,-,-,-
Lan Wan,asphalt tanker,Ningbo,Zhejiang Shipbuilding Company Limited,371879,Dead,Comoros,1659,1'+ dwt,5988,Double Hull,D6A2733,5530,ZJB05-136,106.99,101.50,17.60,17.60,6.45,3.65,B&W Diesel A/S,Moroni,-,-,-,-,-,-,-,-,-,-,-,9360403,-,10.10,2007,-,-,-,-,Yichang Marine Diesel Engine Plant,4502,6037,6S35MC,-,-,-,-,-,-,2017-04-24T00:00:00,-,-,-,-,-,-,-,ALANG IND,-,A,10 May 2020 09:33:49 GMT,07 May 2020 10:30:00 GMT,Unknown Owners,-,"21° 24' 1"" N","72° 11' 13"" E"
Mascara,wine tanker,-,-,37340,Dead,Algeria,1436,1'+ dwt,3981,Single,-,3111,-,-,-,-,-,-,-,Unknown Engine Designer,-,-,-,-,-,-,-,-,-,-,-,-,5033466,-,-,1949,-,-,-,-,-,-,-,UNKNOWN,-,-,-,-,-,-,-,-,-,-,-,-,-,-,-,-,-,-,-,-,-,-,-
Megalohari,wine tanker,-,-,37610,Dead,Cyprus,223,-1' dwt,599,Single,-,472,-,-,-,-,-,-,-,Unknown Engine Designer,-,-,-,-,-,-,-,-,-,-,-,-,5413238,-,-,1948,-,-,-,-,-,410,550,UNKNOWN,-,-,-,-,-,-,-,-,-,-,-,-,-,-,-,-,-,-,-,-,-,-,-
Asfaltar,asphalt tanker,Rendsburg,HDW Nobiskrug GmbH & Company KG,4076,Dead,Panama,775,1'+ dwt,2901,Double Hull,-,1654,655,86.00,80.24,12.50,12.40,5.03,0.97,Mak Motoren GmbH & Company KG,Panama,-,-,-,-,-,-,-,-,-,-,-,6912114,-,6.00,1969,-,-,-,-,Atlas-Mak Maschinenbau GmbH,1156,1550,6ZU451AK,-,-,-,-,-,-,2000-06-01T00:00:00,-,-,-,-,-,-,-,-,-,-,-,-,Enea,-,-,-
Mont Blanc,wine tanker,-,-,41154,Dead,Panama,243,-1' dwt,732,Single,-,478,-,-,-,-,-,-,-,Unknown Engine Designer,Panama,-,-,-,-,-,-,-,-,-,-,-,5113228,-,-,1945,-,-,-,-,-,597,800,UNKNOWN,-,-,-,-,-,-,-,-,-,-,-,-,-,-,-,-,-,-,-,-,-,-,-
Cleopatra II,wine tanker,-,-,41423,Dead,Malta,1994,1'+ dwt,5779,Single,-,4255,-,-,-,-,-,-,-,Unknown Engine Designer,Valletta,-,-,-,-,-,-,-,-,-,-,-,5303952,-,-,1957,-,-,-,-,-,2237,3000,UNKNOWN,-,-,-,-,-,-,-,-,-,-,-,-,-,-,-,-,-,-,-,-,-,-,-
Nakhichevan,wine tanker,Bulgaria,-,42026,Dead,Azerbaijan,1340,1'+ dwt,4719,Single,-,3665,-,123.00,-,16.00,-,4.40,1.10,Unknown Engine Designer,-,-,-,-,-,-,-,-,-,-,-,-,6929454,-,5.50,1967,-,-,-,-,-,597,800,UNKNOWN,-,-,-,-,-,-,-,-,-,-,-,-,-,-,-,-,-,-,-,Caspian,-,-,-
Citrus do Brasil,fruit juice tanker,Bergen,Solheimsviken AS,42255,Dead,Liberia,2482,1'+ dwt,9881,Double Bottom,-,8276,638,147.00,135.77,20.00,20.00,9.17,3.33,B&W Diesel A/S,Monrovia,-,-,-,-,-,-,-,-,-,-,-,7018525,-,12.50,1970,-,-,-,-,Nylands Verksted,8576,11500,7-74VT2BF-160,-,-,-,-,-,-,1997-05-01T00:00:00,-,-,-,-,-,-,-,-,-,-,-,-,Indian Breakers,-,-,-
Istana VI,molasses tanker,Kochi(JPN),Imai Zosen K.K.,42377,Dead,Indonesia,1510,1'+ dwt,6102,Single,-,3437,311,101.00,95.66,8.20,8.20,7.00,9.00,Akasaka Diesels Limited,Jakarta,-,-,-,-,-,-,-,-,-,-,-,7212781,-,16.00,1972,-,-,-,-,Akasaka Diesels Limited,2685,3600,6DM51SS,-,-,-,-,-,-,1994-10-01T00:00:00,-,-,-,-,-,-,-,-,-,-,-,-,Bangladesh Breakers,-,-,-
Global King 1,asphalt tanker,Rongcheng,Huanghai Shipbuilding Company Limited,427165,Dead,Panama,1985,1'+ dwt,6695,Double Bottom,3EDA5,6457,HCY-42,117.63,110.63,19.70,19.70,6.45,2.05,Daihatsu Diesel Manufacturing Company Limited,Panama,629,-,-,-,-,-,-,-,-,-,-,9394727,372412000,8.50,2007,-,-,-,-,Shaanxi Diesel Engine Factory,1648,2210,8DKM-28,-,-,-,-,-,-,2017-04-28T00:00:00,-,-,-,-,-,-,-,-,-,A,13 Mar 2025 09:14:42 GMT,-,Prime T.,-,"52° 27' 32"" N","4° 33' 37"" E"
Moon Trader,asphalt tanker,Lodose,Lodose Varv AB,45306,Dead,Bahamas,1457,1'+ dwt,4196,Double Bottom,-,2555,147,99.00,92.49,12.60,12.60,6.36,1.24,Deutz MWM AG,Nassau,-,-,-,-,-,-,-,-,-,-,-,6908797,-,7.60,1969,-,-,-,-,Deutz MWM AG,1641,2200,TBRHS345AU,-,-,-,-,-,-,1991-10-01T00:00:00,-,-,-,-,-,-,-,-,-,-,-,-,Indian Breakers,-,-,-
Rim III,asphalt tanker,Lodose,Lodose Varv AB,45321,Dead,Honduras,1358,1'+ dwt,4237,Single,-,2521,156,99.00,92.51,12.53,12.53,6.43,1.19,Ruston Diesels Limited,San Lorenzo,-,-,-,-,-,-,-,-,-,-,-,7029794,-,7.62,1970,-,-,-,-,Ruston Diesels Limited,1834,2460,9ATCM,-,-,-,-,-,-,1990-11-01T00:00:00,-,-,-,-,-,-,-,-,-,-,-,-,Indian Breakers,-,-,-
Petro M'Bao,wine tanker,France,-,46603,Dead,Senegal,1191,1'+ dwt,3020,Single,-,2198,-,95.00,-,12.90,-,5.30,0.50,Unknown Engine Designer,-,-,-,-,-,-,-,-,-,-,-,-,5054070,-,5.80,1960,-,-,-,-,-,2192,2940,UNKNOWN,-,-,-,-,-,-,-,-,-,-,-,-,-,-,-,-,-,-,-,-,-,-,-
Joran Secondo,edible oil tanker,Savonlinna,Rauma-Repola Oy,47405,Dead,Italy,953,1'+ dwt,3554,Single,-,3179,192,93.88,85.00,15.40,15.40,6.71,1.80,B&W Diesel A/S,Naples,-,-,-,-,-,-,-,-,-,-,-,7043415,-,8.50,1971,-,-,-,-,B&W Diesel A/S,2103,2820,5K42EF,-,-,-,-,-,-,-,-,-,-,-,-,-,-,-,-,-,-,-,Turkish Breakers,-,-,-
Hania,asphalt tanker,Arendal,AS Pusnes Mek. Verksted  A/S,47505,Dead,Lebanon,805,1'+ dwt,2049,Single,-,1592,85,75.00,70.01,11.75,11.75,4.74,0.57,Nohab Polar,-,-,-,-,-,-,-,-,-,-,-,-,5328641,-,5.31,1953,-,-,-,-,Nohab Diesel AB,895,1200,ML8,-,-,-,-,-,-,-,-,-,-,-,-,-,-,-,-,-,-,-,Star S.C.,-,-,-
Baltic Prosperity,asphalt tanker,Lodose,Lodose Varv AB,50576,Dead,Panama,922,1'+ dwt,3186,Single,-,1834,143,86.00,80.02,12.53,12.53,5.79,0.31,Deutz MWM AG,Panama,-,-,-,-,-,-,-,-,-,-,-,6506628,-,6.10,1965,-,-,-,-,Deutz MWM AG,1641,2200,MWM DIESEL,-,-,-,-,-,-,1994-11-01T00:00:00,-,-,-,-,-,-,-,-,-,-,-,-,Unknown Owners,-,-,-
Christine,water tanker,Selby(GBR),Cochrane Shipbuilding Limited,51765,Dead,Nigeria,1005,1'+ dwt,3004,Single,-,1675,1519,83.00,79.25,12.50,12.50,5.15,0.95,Brons Engine Factory,-,-,-,-,-,-,-,-,-,-,-,-,6818552,-,6.10,1968,-,-,-,-,Drypool Engineering & Dry Dock Company Limited,1119,1500,16GV-D,-,-,-,-,-,-,1993-04-01T00:00:00,-,-,-,-,-,-,-,-,-,-,-,-,Epxon,-,-,-
Nisida,wine tanker,Nantes,Chantiers Dubigeon S.A.,52346,Dead,Italy,1208,1'+ dwt,3095,Single,-,2338,787,97.00,97.48,13.82,13.80,5.12,0.63,MAN Energy Solutions SE,Naples,-,-,-,-,-,-,-,-,-,-,-,5305273,-,5.75,1962,-,-,-,-,-,1879,2520,G7V52/74A,-,-,-,-,-,-,-,-,-,-,-,-,-,-,-,-,-,-,-,Marnavi,-,-,-
Hardt,asphalt tanker,Gijon,Astilleros de Cantabrico y Riera S.A.,5246,Dead,Equatorial Guinea,2780,1'+ dwt,9267,Double Bottom,-,5445,C118,120.20,113.00,18.51,18.51,7.59,1.21,Stork-Werkspoor Diesel B.V.,-,-,-,-,-,-,-,-,-,-,-,-,7387017,-,8.80,1975,-,-,-,-,Stork-Werkspoor Diesel B.V.,2983,4000,6TM410,-,-,-,-,-,-,2003-06-01T00:00:00,-,-,-,-,-,-,-,-,-,-,-,-,Indian Breakers,-,-,-
Positano,wine tanker,Messina,Cantieri Naval S.M.E.B. S.p.A.,535,Dead,Italy,616,1'+ dwt,1666,Single,-,1022,120,81.30,75.80,11.25,11.25,3.88,0.62,MAN Energy Solutions SE,Naples,-,-,-,-,-,-,-,-,-,-,-,6410075,-,4.50,1964,-,-,-,-,MAN Energy Solutions SE,712,955,G7V30/45,-,RINA Services S.p.A.,-,-,-,-,-,-,-,-,-,-,-,-,-,-,-,22 Dec 2017 12:56:06 GMT,-,Vetor,-,"24° 18' 41"" N","118° 9' 53"" E"
Borak,asphalt tanker,Kiel,"Lindenau GmbH, Schiffswerft & Maschinenfabrik",55373,Dead,Comoros,1326,1'+ dwt,4550,Single,-,3121,160,110.00,102.22,13.90,13.73,5.77,2.48,Mak Motoren GmbH & Company KG,Moroni,-,-,-,-,-,-,-,-,-,-,-,7350052,-,8.25,1973,-,-,-,-,Mak Motoren GmbH & Company KG,1491,2000,8M452AK,-,-,-,-,-,-,-,-,-,-,-,-,-,-,-,-,-,-,-,Bangladesh Breakers,-,-,-
Coast Star 1,water tanker,Venice,Fincantieri-Cantieri Navali Italiani S.p.A. Venice,55416,Dead,Bolivia,2764,1'+ dwt,7272,Single,-,4569,245,126.00,117.00,16.40,16.40,7.28,1.64,Fiat Avio SpA,La Paz,-,-,-,-,-,-,-,-,-,-,-,6603971,-,8.92,1966,-,-,-,-,Fiat Avio SpA,4922,6600,B686S,-,-,-,-,-,-,-,-,-,-,-,-,-,-,-,-,-,-,-,Emirates S.C.,-,-,-
Stamia,water tanker,Ancona,S.I.T.M.A. Soc. Industriale Trasporti Maritimi Azionaria SpA,56477,Dead,Italy,374,1'+ dwt,1496,Single,-,916,47,71.00,66.30,11.30,11.30,3.73,0.34,Deutz MWM AG,Naples,-,-,-,-,-,-,-,-,-,-,-,5337953,-,4.07,1961,-,-,-,-,Deutz MWM AG,783,1050,TRH348AU,-,-,-,-,-,-,-,-,-,-,-,-,-,-,-,-,-,-,-,Marnavi,-,-,-
Suco do Brasil,fruit juice tanker,Bergen,Solheimsviken AS,57415,Dead,Liberia,2482,1'+ dwt,9881,Double Bottom,-,8276,639,147.00,135.77,20.01,20.01,9.17,3.33,B&W Diesel A/S,Monrovia,-,-,-,-,-,-,-,-,-,-,-,7028960,-,12.50,1970,-,-,-,-,B&W Diesel A/S,8576,11500,7-74VT2BF-160,-,-,-,-,-,-,1998-07-01T00:00:00,-,-,-,-,-,-,-,-,-,-,-,-,Aleuropa G.,-,-,-
Unione,water tanker,Sovik,Soviknes Verft AS,63275,Dead,Kazakhstan,379,1'+ dwt,1123,Single,-,824,62,63.70,57.00,10.20,10.20,3.96,0.10,Deutz MWM AG,Aktau,-,-,-,-,-,-,-,-,-,-,-,6505636,-,4.05,1965,-,-,-,-,Deutz MWM AG,783,1050,TRH348A,-,RINA Services S.p.A.,-,-,-,-,2011-02-27T00:00:00,-,-,-,-,-,-,-,-,-,-,-,-,Unknown Breakers,-,-,-
Vindemia,wine tanker,Kyrksaetrora,Vaagen Verft Engineering AS,64411,Dead,Unknown,639,1'+ dwt,1687,Single,-,1203,32,85.00,77.87,10.63,10.63,4.66,0.43,Deutz AG,-,-,-,-,-,-,-,-,-,-,-,-,6912554,-,5.09,1969,-,-,-,-,Deutz AG,1193,1600,RBV6M358,-,-,-,-,-,-,-,-,-,-,-,-,-,-,-,-,-,-,-,Turkish Breakers,-,-,-
Vinlandia,wine tanker,Norway,-,64424,Dead,Switzerland,412,1'+ dwt,2030,Double Hull,-,1372,-,84.00,-,10.60,-,4.70,1.20,Unknown Engine Designer,-,-,-,-,-,-,-,-,-,-,-,-,6602501,-,5.90,1966,-,-,-,-,-,1119,1500,UNKNOWN,-,-,-,-,-,-,-,-,-,-,-,-,-,-,-,-,-,-,-,Vinalmar,-,-,-
Bacco,wine tanker,Netherlands,Bodewes Shipyards B.V.,64427,Dead,Italy,248,1'+ dwt,1027,Single,-,593,483,60.00,55.55,9.20,9.20,3.77,0.28,Mak Motoren GmbH & Company KG,Naples,-,-,-,-,-,-,-,-,-,-,-,6522971,-,4.05,1965,-,-,-,-,Mak Motoren GmbH & Company KG,559,750,6MU451A,-,-,-,-,-,-,-,-,-,-,-,-,-,-,-,-,-,-,-,Italian Breakers,-,-,-
Isola di Ustica,water tanker,La Spezia,Cantiere Navale O.R.A.M. SRL,64445,Dead,Italy,352,-1' dwt,925,Single,-,588,4,59.60,54.00,9.20,9.20,3.90,0.47,Deutz AG,Naples,-,-,-,-,-,-,-,-,-,-,-,6423424,-,4.02,1964,-,-,-,-,Deutz AG,559,750,RBV6M545,-,-,-,-,-,-,-,-,-,-,-,-,-,-,-,-,-,-,-,Ador.Ter.,-,-,-
Jaguar,asphalt tanker,Rendsburg,HDW Nobiskrug GmbH & Company KG,6625,Dead,Togo,556,1'+ dwt,1890,Single,5VCV2,1140,637,73.72,68.00,11.30,11.21,4.80,1.40,Mak Motoren GmbH & Company KG,-,-,Turkish Breakers,Turkiye,Turkish Breakers,Turkiye,Turkish Breakers,Turkiye,-,-,-,-,6417748,-,6.20,1964,-,-,-,-,Mak Motoren GmbH & Company KG,895,1200,6ZU451AK,-,-,-,-,-,-,1992-06-01T00:00:00,-,-,-,-,-,Turkish Breakers,Turkiye,VALETTA,-,-,05 May 2019 08:52:36 GMT,27 Oct 2019 19:00:00 GMT,Turkish Breakers,Turkiye,"35° 52' 47"" N","14° 30' 12"" E"
Fatah Al Kareem,asphalt tanker,Ancona,S.I.T.M.A. Soc. Industriale Trasporti Maritimi Azionaria SpA,6626,Dead,Italy,451,1'+ dwt,1347,Single,-,801,46,68.00,62.24,10.51,10.51,4.52,0.18,B&W Diesel A/S,-,-,-,-,-,-,-,-,-,-,-,-,5045421,-,4.70,1960,-,-,-,-,B&W Diesel A/S,902,1210,7-28VBF-50,-,-,-,-,-,-,1991-12-01T00:00:00,-,-,-,-,-,-,-,-,-,-,20 Nov 2017 03:41:54 GMT,-,Pakistan Breakers,-,"25° 10' 20"" N","56° 21' 30"" E"
Star X.,edible oil tanker,Kochi(JPN),Imai Zosen K.K.,66554,Dead,Panama,6378,1'+ dwt,16083,Single,-,8891,325,144.00,135.01,19.79,19.79,9.87,2.12,Mitsubishi Heavy Industries Limited,Panama,-,-,-,-,-,-,-,-,-,-,-,7327055,-,11.99,1973,-,-,-,-,Akasaka Diesels Limited,5966,8000,8UEC52/105D,-,-,-,-,-,-,-,-,-,-,-,-,-,-,-,-,-,-,-,Indian Breakers,-,-,-
Orange Star,edible oil tanker,Alblasserdam,Verolme Scheepswerf Alblasserdam B.V.,67506,Dead,Norway (Int. Register),10774,1'+ dwt,33788,Single,-,18302,896,170.00,163.50,25.94,25.90,11.85,3.80,Sulzer Turbomachinery Services,Oslo,-,-,-,-,-,-,-,-,-,-,-,7407300,-,15.65,1976,-,-,-,-,Schelde Marine Services,9582,12850,6RND76,-,-,-,-,-,-,1996-10-01T00:00:00,-,-,-,-,-,-,-,-,-,-,-,-,Chinese Breakers,-,-,-
Al Zahra,asphalt tanker,Trieste,Cantiere Felszegi,70667,Dead,Panama,447,1'+ dwt,1299,Single,-,929,78,70.00,62.18,10.37,10.32,-,-,Mak Motoren GmbH & Company KG,Panama,-,-,-,-,-,-,-,-,-,-,-,6504395,-,4.22,1965,-,-,-,-,Mak Motoren GmbH & Company KG,736,1000,MAK DIESEL,-,-,-,-,-,-,2000-04-01T00:00:00,-,-,-,-,-,-,-,-,-,-,-,-,Pakistan Breakers,-,-,-
Asphalt Princess,asphalt tanker,Fredrikstad,Ankerlokken Verft Glommen AS,71676,Dead,Panama,3048,1'+ dwt,9748,Double Hull,-,5746,189,134.54,127.20,17.20,17.20,8.10,1.88,B&W Diesel A/S,Panama,-,-,-,-,-,-,-,-,-,-,-,7382988,-,9.98,1976,-,-,-,-,Hitachi Zosen Corporation,3729,5000,8K42EF,-,-,-,-,-,-,2013-12-19T00:00:00,-,-,-,-,-,-,-,DIBA OPL,-,A,03 Apr 2024 21:32:16 GMT,08 May 2024 17:30:00 GMT,Prime T.,-,"20° 35' 16"" N","71° 28' 53"" E"
Intrepid,water tanker,Moss,Moss Fredrikstad Verft AS,7263,Dead,Panama,2702,1'+ dwt,9970,Double Hull,-,6300,169,120.81,111.26,18.50,18.50,9.07,2.53,B&W Diesel A/S,Panama,-,-,-,-,-,-,-,-,-,-,-,7022203,-,11.60,1970,-,-,-,-,Nylands Verksted,4027,5400,7-50VT2BF-110,-,-,-,-,-,-,1993-05-01T00:00:00,-,-,-,-,-,-,-,-,-,-,-,-,Indian Breakers,-,-,-
Vetor Quarto,wine tanker,-,-,72715,Dead,Italy,195,-1' dwt,420,Single,-,300,-,-,-,-,-,-,-,Unknown Engine Designer,-,-,-,-,-,-,-,-,-,-,-,-,5214785,-,-,1946,-,-,-,-,-,-,-,UNKNOWN,-,-,-,-,-,-,-,-,-,-,-,-,-,-,-,-,-,-,-,-,-,-,-
Northsea,edible oil tanker,Tyne,Swan Hunter Shipbuilders,74422,Dead,Cambodia,12234,1'+ dwt,32290,Single,-,18682,91,191.00,182.89,26.89,26.89,10.38,3.29,Sulzer Turbomachinery Services,Phnom Penh,-,-,-,-,-,-,-,-,-,-,-,7343346,-,13.67,1976,-,-,-,-,Skv Kincaid Limited,10440,14000,7RND76,-,-,-,-,-,-,2003-07-01T00:00:00,-,-,-,-,-,-,-,-,-,-,-,-,Atlantic Oil,-,-,-
Titas,water tanker,Ulsan,HD Hyundai Heavy Industries Company Limited,75042,Dead,Bahamas,4784,1'+ dwt,13114,Single,-,8182,505,121.00,119.44,30.54,30.48,5.72,1.90,General Motors Corporation,Nassau,-,-,-,-,-,-,-,-,-,-,-,7533537,-,7.62,1976,-,-,-,-,General Motors Corporation,1500,2120,16-645-E2,-,-,-,-,-,-,2003-10-01T00:00:00,-,-,-,-,-,-,-,-,-,-,-,-,International S.P.,-,-,-
Eastern Sea,asphalt tanker,Imabari,Asakawa Shipbuilding Company Limited,77624,Dead,Liberia,1045,1'+ dwt,4608,Single,-,3842,266,103.00,94.01,15.35,15.35,6.22,1.25,Akasaka Diesels Limited,Monrovia,-,-,-,-,-,-,-,-,-,-,-,7525499,-,7.47,1976,-,-,-,-,Akasaka Diesels Limited,2386,3200,DM46,-,-,-,-,-,-,1991-10-01T00:00:00,-,-,-,-,-,-,-,-,-,-,-,-,Chinese Breakers,-,-,-
Parth,asphalt tanker,Ningbo,Ningbo Dongfang Shipyard Company Limited,778412,Dead,Gabon,1227,1'+ dwt,4999,Double Hull,TRAL5,3763,DFC06-022,101.90,96.00,-,16.00,5.91,2.09,Halliburton Productos Limitada,-,-,-,-,-,-,-,-,-,-,-,-,9440227,626220000,8.00,2008,-,-,-,-,Guangzhou Diesel Engine Factory,2060,2762,8320ZCD-6,-,-,-,-,-,-,2018-01-31T00:00:00,-,-,-,-,-,-,-,NEW MANGALORE,-,A,16 Sep 2022 06:10:00 GMT,17 Sep 2022 12:00:00 GMT,Safe Seas Ship,-,"16° 25' 29"" N","72° 53' 34"" E"
Jeni,water tanker,Italy,-,9426584,Dead,Greece,227,-1' dwt,864,Single,-,374,-,58.11,-,-,9.56,-,-,Unknown Engine Designer,Piraeus,-,-,-,-,-,-,-,-,-,-,-,5048679,-,-,1959,-,-,-,-,-,-,-,UNKNOWN,-,-,-,-,-,-,-,-,-,-,-,-,-,-,-,-,-,-,-,-,-,-,-
Aashi,asphalt tanker,Linhai,Zhejiang Fangyuan Ship Industry Company Limited,9449183,Dead,Gabon,1280,1'+ dwt,4999,Double Hull,TRAG8,3711,FY200702,101.90,96.00,16.00,16.00,5.90,2.10,Halliburton Productos Limitada,-,-,-,-,-,-,-,-,-,-,-,-,9516715,626190000,8.00,2008,-,-,-,-,Ningbo C.S.I. Power & Machinery Group Company Limited,3089,4197,GN8320ZC6B,-,-,-,-,-,-,2019-10-22T00:00:00,-,-,-,-,-,-,-,PADANG/INDONESIA,Padang Port,A,13 Feb 2023 09:42:26 GMT,10 Feb 2023 22:00:00 GMT,Aashi Shipping Inc,-,"1° 5' 57"" N","97° 21' 7"" E"
