LLI Vessel Type,LLI NO,Name,Status,Flag,Net Weight,Built,Vessel Type and Size,DWT,Hull Type,Call Sign,Gross Tonnes,Yard Number,Built By,Built At,Length Overall (m),Length Between Perpendicular (m),Breadth Extreme (m),Breadth Moulded (m),Depth (m),Maximum Draught (m),Freeboard (m),Engine Built By,Designed By,Company contact,Company contact Country/Region,Port Of Registry,TEU Capacity,Beneficial Owner,Beneficial Owner Country/Region,Commercial Operator,Commercial Operator Country/Region,Registered Owner,Registered Owner Country/Region,Technical Manager,Technical Manager Country/Region,Third Party Operator,Third Party Operator Country/Region,Nominal Owner,Nominal Owner Country/Region,ISM Manager,ISM Manager Country/Region,Scrubber type,Scrubber operating arrangement,Scrubber manufacturer,Scrubber installation type,IMO,MMSI,Engine Power (kW),Engine Horsepower,Engine Designation
vehicle carrier,10001259,Dione Leader,Live,Japan,18878,2013,50'+ gt,21111,Single,7KPJ,62927,5662,Shin Kurushima Dockyard Company Limited,Onishi,199.94,190.00,—,32.26,24.12,10.33,24.70,Kobe Diesel Company Limited,B&W Diesel A/S,Nippon Yusen Kabushiki Kaisha (NYK Line) (Nippon Yusen Kaisha),Japan,Tokyo,—,Nippon Yusen Kabushiki Kaisha (NYK Line) (Nippon Yusen Kaisha),Japan,Nippon Yusen Kabushiki Kaisha (NYK Line) (Nippon Yusen Kaisha),Japan,Urushi Ship Holding LLC,Japan,Hachiuma Steamship Company Limited (Hachiuma Kisen KK),Japan,—,—,—,—,Hachiuma Steamship Company Limited (Hachiuma Kisen KK),Japan,—,—,—,—,9561954,431172000,15540,18283,7S60MC-C
vehicle carrier,10001327,Glorious Ace,Live,Cayman Islands,18159,2010,50'+ gt,18836,Single,ZGAL,58939,710,Minami-Nippon Shipbuilding Company Limited,Usuki,199.95,190.00,—,32.20,21.19,9.82,24.38,Mitsui Engineering & Shipbuilding Company Limited,B&W Diesel A/S,Meiji Shipping Company Limited,Japan,George Town,—,Meiji Shipping Group,Japan,Meiji Shipping Company Limited,Japan,Esteem Maritime S.A.,Panama,MMS Company Limited,Japan,—,—,—,—,MMS Company Limited,Japan,—,—,—,—,9561277,319409000,15130,18283,7S60MC-C
vehicle carrier,10001328,Elegant Ace,Live,Panama,18159,2010,50'+ gt,18833,Single,3E3535,58939,709,Minami-Nippon Shipbuilding Company Limited,Usuki,199.95,190.00,—,32.20,21.19,9.82,24.78,Mitsui Engineering & Shipbuilding Company Limited (Tamano),B&W Diesel A/S,MOL Auto Logistics (India) Private Limited,India,Panama,—,Mitsui O.S.K. Lines Limited (MOL),Japan,MOL Auto Logistics (India) Private Limited,India,Polar Express S.A.,Panama,MOL Ship Management (Singapore) Private Limited,Republic of Singapore,—,—,—,—,MOL Ship Management (Singapore) Private Limited,Republic of Singapore,—,—,—,—,9561265,352980796,15130,18283,7S60MC-C
vehicle carrier,10001330,Tranquil Ace,Live,Panama,18159,2009,50'+ gt,18840,Single,H3XK,58939,708,Minami-Nippon Shipbuilding Company Limited,Usuki,199.95,190.00,—,32.20,21.19,9.82,11.37,Mitsui Engineering & Shipbuilding Company Limited (Tamano),B&W Diesel A/S,Masumoto Shipping Company Limited,Japan,Panama,—,Masumoto Shipping Company Limited,Japan,Masumoto Shipping Company Limited,Japan,Prosper World Marine Company Limited,Liberia,Masumoto Shipping Company Limited,Japan,—,—,—,—,Masumoto Shipping Company Limited,Japan,—,—,—,—,9561253,353943000,15130,18283,7S60MC-C
vehicle carrier,100031,Eastern Highway,Dead,Liberia,8519,1977,-30'gt,7305,Single,—,16588,361,Tsuneishi Shipbuilding Company Limited,Hiroshima,152.00,145.00,23.10,23.10,12.18,7.62,4.56,Mitsui Engineering & Shipbuilding Company Limited,B&W Diesel A/S,Chinese Breakers,—,Monrovia,—,—,—,—,—,—,—,—,—,—,—,—,—,—,—,—,—,—,—,7627261,—,8352,11200,6K67GF
vehicle carrier,100425,Carib Sun,Dead,Bahamas,2976,1977,-30'gt,2175,Single,—,4343,—,—,Spain,88.00,80.02,15.96,15.96,14.15,5.20,8.95,—,Unknown Engine Designer,Joint Vessels,—,Nassau,—,—,—,—,—,—,—,—,—,—,—,—,—,—,—,—,—,—,—,7409114,—,2237,3000,UNKNOWN
vehicle carrier,10096513,Chesapeake Highway,Live,Panama,17561,2010,50'+ gt,21643,Single,3FPH4,58535,NE077,Nantong COSCO KHI Ship Engineering Company Limited (NACKS),Nantong,199.90,190.00,—,32.26,23.75,10.02,24.33,Kawasaki Heavy Industries Limited (Tokyo),Unknown Engine Designer,'K' Line RoRo Bulk Ship Management Company Limited,Japan,Panama,—,Kawasaki Kisen Kaisha Limited (Kawasaki Kisen KK) ('K' Line),Japan,'K' Line RoRo Bulk Ship Management Company Limited,Japan,KAW 1652 Shipping S.A.,Panama,'K' Line RoRo Bulk Ship Management Company Limited,Japan,—,—,—,—,'K' Line RoRo Bulk Ship Management Company Limited,Japan,—,—,—,—,9565546,351733000,13200,17701,6S60MC-C
vehicle carrier,10096514,Cape Town Highway,Live,Panama,17561,2011,50'+ gt,21676,Single,3FOK4,58535,NE078,Nantong COSCO KHI Ship Engineering Company Limited (NACKS),Nantong,199.90,190.00,—,32.26,23.75,10.02,24.33,Kawasaki Heavy Industries Limited Shipbuilding Division,Unknown Engine Designer,'K' Line RoRo Bulk Ship Management Company Limited,Japan,Panama,—,Kawasaki Kisen Kaisha Limited (Kawasaki Kisen KK) ('K' Line),Japan,'K' Line RoRo Bulk Ship Management Company Limited,Japan,KAW1653 Shipping SA,Panama,'K' Line RoRo Bulk Ship Management Company Limited,Japan,—,—,—,—,'K' Line RoRo Bulk Ship Management Company Limited,Japan,—,—,—,—,9565558,372031000,13200,17701,6S60MC-C
vehicle carrier,10096515,Dalian Highway,Live,Panama,17561,2011,50'+ gt,21616,Single,3FYE5,58535,NE079,Nantong COSCO KHI Ship Engineering Company Limited (NACKS),Nantong,199.90,190.00,—,32.26,23.75,10.02,24.33,Kawasaki Heavy Industries Limited Shipbuilding Division,Unknown Engine Designer,Tokyo Century Corporation,Japan,Panama,—,Tokyo Century Corporation,Japan,Tokyo Century Corporation,Japan,Rockfish Marine S.A.,Panama,'K' Line RoRo Bulk Ship Management Company Limited,Japan,—,—,—,—,'K' Line RoRo Bulk Ship Management Company Limited,Japan,—,—,—,—,9565560,357694000,13200,17701,6S60MC-C
vehicle carrier,101373,Fresa,Dead,Philippines,7430,1977,-30'gt,13515,Single,—,12304,—,—,Japan,176.00,166.00,32.00,32.00,12.48,9.03,3.45,—,Unknown Engine Designer,Teihcson,—,—,—,—,—,—,—,—,—,—,—,—,—,—,—,—,—,—,—,—,—,7627493,—,12528,16800,UNKNOWN
vehicle carrier,101411,Western Highway,Dead,Japan,5229,1977,-30'gt,9880,Single,—,9832,—,—,Japan,160.00,—,24.90,—,10.00,7.80,2.20,—,Unknown Engine Designer,—,—,—,—,—,—,—,—,—,—,—,—,—,—,—,—,—,—,—,—,—,—,7621918,—,8501,11400,UNKNOWN
vehicle carrier,101574,Southern Princess,Dead,Panama,8459,1977,-30'gt,8513,Single,—,20388,1041,Imabari Shipbuilding Company Limited (Marugame),Marugame,152.00,145.00,24.70,24.70,9.80,8.02,1.78,Mitsubishi Heavy Industries Limited,Sulzer Turbomachinery Services,Chinese Breakers,—,Panama,—,—,—,—,—,—,—,—,—,—,—,—,—,—,—,—,—,—,—,7632357,—,8501,11400,6RND68
vehicle carrier,10164579,Morning Cara,Live,Panama,19152,2011,50'+ gt,18907,Single,3FVC2,59454,1531,Imabari Shipbuilding Company Limited (Marugame),Marugame,199.97,190.00,32.25,32.20,21.31,10.02,13.15,Kobe Hatsudoki,Mitsubishi Heavy Industries Limited,Mitsui O.S.K. Lines Limited (MOL),Japan,Panama,—,Mitsui O.S.K. Lines Limited (MOL),Japan,Mitsui O.S.K. Lines Limited (MOL),Japan,Ultima Shipholding S.A.,Panama,World Marine Company Limited,Japan,EUKOR Car Carriers Incorporated,Republic of Korea,—,—,World Marine Company Limited,Japan,—,—,—,—,9574092,355768000,13260,18907,8UEC60LSII
vehicle carrier,10164580,Morning Crystal,Live,Panama,19148,2011,50'+ gt,18918,Single,3FKJ9,59524,1530,Imabari Shipbuilding Company Limited (Marugame),Marugame,199.97,190.00,—,32.26,21.31,10.02,13.15,Kobe Hatsudoki,Mitsubishi Heavy Industries Limited,Shoei Kisen KK (Shoei Kisen Kaisha Limited),Japan,Panama,—,Imabari Shipbuilding Company Limited,Japan,Shoei Kisen KK (Shoei Kisen Kaisha Limited),Japan,Los Halillos Shipping Company S.A.,Panama,Fleet Ship Management Private Limited,Republic of Singapore,EUKOR Car Carriers Incorporated,Republic of Korea,—,—,Fleet Ship Management Private Limited,Republic of Singapore,—,—,—,—,9574080,371706000,13260,18907,8UEC60LSII
vehicle carrier,10164581,California Highway,Live,Panama,19152,2010,50'+ gt,18644,Single,3FJL6,59447,1527,Imabari Shipbuilding Company Limited (Marugame),Marugame,199.97,190.00,—,32.26,21.31,10.02,13.15,Kobe Hatsudoki,Mitsubishi Heavy Industries Limited,'K' Line RoRo Bulk Ship Management Company Limited,Japan,Panama,—,Kawasaki Kisen Kaisha Limited (Kawasaki Kisen KK) ('K' Line),Japan,'K' Line RoRo Bulk Ship Management Company Limited,Japan,9107 Eagles Line SA,Panama,'K' Line RoRo Bulk Ship Management Company Limited,Japan,—,—,—,—,'K' Line RoRo Bulk Ship Management Company Limited,Japan,—,—,—,—,9574078,352732000,13260,18907,8UEC60LSII
vehicle carrier,10164658,Dover Highway,Live,Japan,19006,2011,50'+ gt,18720,Single,7JKA,59030,1538,Imabari Shipbuilding Company Limited (Marugame),Marugame,199.97,192.00,—,32.26,21.31,10.02,13.15,Kobe Diesel Company Limited,Mitsubishi Heavy Industries Limited,'K' Line RoRo Bulk Ship Management Company Limited,Japan,Kobe,—,Kawasaki Kisen Kaisha Limited (Kawasaki Kisen KK) ('K' Line),Japan,'K' Line RoRo Bulk Ship Management Company Limited,Japan,'K' Line RoRo Bulk Ship Management Company Limited,Japan,'K' Line RoRo Bulk Ship Management Company Limited,Japan,—,—,—,—,'K' Line RoRo Bulk Ship Management Company Limited,Japan,—,—,—,—,9574107,432824000,13260,18907,8UEC60LSII
vehicle carrier,10164659,Canadian Highway,Live,Panama,19152,2010,50'+ gt,18581,Single,3EVW3,59447,1526,Imabari Shipbuilding Company Limited (Marugame),Marugame,199.97,190.00,—,32.26,21.31,10.02,13.15,Kobe Hatsudoki,Mitsubishi Heavy Industries Limited,Libera Corporation,Japan,Panama,—,Libera Corporation,Japan,Libera Corporation,Japan,Centennial Shipping SA,Panama,'K' Line RoRo Bulk Ship Management Company Limited,Japan,Seven Seas Highway Shipping LLC,United States of America,—,—,'K' Line RoRo Bulk Ship Management Company Limited,Japan,—,—,—,—,9574066,352718000,13260,18907,8UEC60LSII
vehicle carrier,10164692,Morning Christina,Live,Panama,19152,2010,50'+ gt,18922,Single,3FKX8,59601,1516,Imabari Shipbuilding Company Limited (Marugame),Marugame,199.97,190.00,—,32.26,21.31,10.02,13.15,Kobe Hatsudoki,Mitsubishi Heavy Industries Limited,K.K. Hakuyo Kaiun,Japan,Panama,—,K.K. Hakuyo Kaiun,Japan,K.K. Hakuyo Kaiun,Japan,Lucia Navigation (Panama) S.A.,Panama,Excel Marine Company Limited,Japan,EUKOR Car Carriers Incorporated,Republic of Korea,—,—,Excel Marine Company Limited,Japan,Unknown,Unknown,Unknown Scrubber Manufacturer,Retrofit,9574054,371140000,13260,18907,8UEC60LSII
vehicle carrier,102403,Car Express,Dead,Bahamas,2122,1977,-30'gt,3088,Single,—,5605,751,Kegoya Dock K.K.,Kure,98.00,89.97,16.60,16.60,7.88,6.02,1.86,—,Unknown Engine Designer,V. Ships S.,—,Nassau,—,—,—,—,—,—,—,—,—,—,—,—,—,—,—,—,—,—,—,7701067,—,3356,4500,UNKNOWN
vehicle carrier,103063,Puppis,Dead,Panama,4189,1977,-30'gt,3876,Single,—,8834,415,Naikai Zosen Shipbuilding Corporation,Setoda,116.00,105.00,18.80,18.80,11.10,6.72,4.38,—,Unknown Engine Designer,Toyofuji,—,Panama,—,—,—,—,—,—,—,—,—,—,—,—,—,—,—,—,—,—,—,7632797,—,4474,6000,UNKNOWN
vehicle carrier,103064,Chief Dragon,Dead,Panama,3321,1977,-30'gt,6849,Single,—,4910,—,—,,120.00,113.50,23.00,23.00,7.95,6.22,1.73,—,Unknown Engine Designer,—,—,Panama,—,—,—,—,—,—,—,—,—,—,—,—,—,—,—,—,—,—,—,7612905,—,6786,9100,UNKNOWN
vehicle carrier,10324721,Miyarabi II,Live,Japan,6789,2010,-30'gt,6700,Single,JD3080,22633,1185,Saiki Heavy Industries Shipbuilding,Saiki,168.71,155.00,—,26.00,18.00,6.72,3.28,Mitsui Engineering & Shipbuilding Company Limited (Tamano),B&W Diesel A/S,Ryukyu Kaiun Kaisha,Japan,Naha,—,Ryukyu Kaiun Kaisha,Japan,Ryukyu Kaiun Kaisha,Japan,Ryukyu Kaiun Kaisha,Japan,Ryukyu Kaiun Kaisha,Japan,—,—,—,—,Ryukyu Kaiun Kaisha,Japan,—,—,—,—,9580338,432995000,13280,14608,8S50MC-C
vehicle carrier,10326310,Glovis Century,Live,South Korea,20557,2012,50'+ gt,20895,Single,D8GC,58465,H2399,HD Hyundai Heavy Industries Company Limited,Ulsan,199.98,188.60,—,32.26,14.30,10.02,4.28,HD Hyundai Heavy Industries Company Limited,B&W Diesel A/S,Hyundai Glovis Company Limited,Republic of Korea,Jeju,—,Hyundai Glovis Company Limited,Republic of Korea,Hyundai Glovis Company Limited,Republic of Korea,Hyundai Glovis Company Limited,Republic of Korea,G-Marine Service Company Limited (GMS),Republic of Korea,Tesla Shipping Limited,Turkiye,—,—,G-Marine Service Company Limited (GMS),Republic of Korea,—,—,—,—,9590589,441200000,11387,15270,6S60MC-C
vehicle carrier,10326312,Glovis Challenge,Live,South Korea,20557,2012,50'+ gt,20895,Single,D8GI,58465,H2400,HD Hyundai Heavy Industries Company Limited,Ulsan,199.98,188.60,—,32.26,20.11,10.02,10.09,HD Hyundai Heavy Industries Company Limited,Unknown Engine Designer,Hyundai Glovis Company Limited,Republic of Korea,Jeju,—,Hyundai Glovis Company Limited,Republic of Korea,Hyundai Glovis Company Limited,Republic of Korea,Hyundai Glovis Company Limited,Republic of Korea,G-Marine Service Company Limited (GMS),Republic of Korea,—,—,—,—,G-Marine Service Company Limited (GMS),Republic of Korea,—,—,—,—,9590591,441190000,—,—,7S60MC-C
vehicle carrier,103566,Olive Ace,Dead,Liberia,11632,1977,30'-50'gt,13873,Single,—,38772,1136,Mitsui Engineering & Shipbuilding Company Limited (Tamano),Tamano,176.00,166.00,32.00,32.00,12.48,9.03,3.45,Mitsui Engineering & Shipbuilding Company Limited,B&W Diesel A/S,Bangladesh Breakers,—,Monrovia,—,—,—,—,—,—,—,—,—,—,—,—,—,—,—,—,—,—,—,7628174,—,12528,16800,9L67GF
vehicle carrier,103604,Morning Rise,Dead,Panama,5316,1977,-30'gt,8417,Single,—,17720,279,Onomichi Shipbuilding Company Limited,Onomichi,154.00,143.52,23.60,23.60,13.00,9.57,3.43,NKK Corporation,Semt Pielstick SA,Chinese Breakers,—,Panama,—,—,—,—,—,—,—,—,—,—,—,—,—,—,—,—,—,—,—,7641085,—,7649,10400,16PC2-5V-400
vehicle carrier,103727,Elduga,Dead,Cambodia,1778,1977,-30'gt,1313,Single,—,5927,876,A. Vuijk & Zonens Scheepswerven B.V.,Capelle aan den Yssel,89.00,77.02,18.01,18.01,13.72,4.23,9.49,Mak Motoren GmbH & Company KG,Mak Motoren GmbH & Company KG,Bangladesh Breakers,—,Phnom Penh,—,—,—,—,—,—,—,—,—,—,—,—,—,—,—,—,—,—,—,7533393,—,2354,3200,9M453AK
vehicle carrier,104173,Neptune Diamond,Dead,Panama,7339,1977,-30'gt,8146,Single,—,24463,1815,Mitsubishi Heavy Industries Limited Shipbuilding,Nagasaki,169.00,160.00,25.60,25.60,10.01,7.24,2.77,—,Unknown Engine Designer,Mitsubishi O.T.,—,Panama,—,—,—,—,—,—,—,—,—,—,—,—,—,—,—,—,—,—,—,7638686,—,8948,12000,UNKNOWN
vehicle carrier,104736,Wild Lily,Dead,Panama,2133,1977,-30'gt,2155,Single,—,5256,1063,Omishima Dock K.K.,Japan,95.00,86.90,15.40,15.40,6.93,5.21,1.72,Akasaka Diesels Limited,Akasaka Diesels Limited,Chinese Breakers,—,Panama,—,—,—,—,—,—,—,—,—,—,—,—,—,—,—,—,—,—,—,7709710,—,2834,3800,6DM51SS
vehicle carrier,105304,Rigoletto,Dead,Sweden,22539,1977,30'-50'gt,13315,Single,—,43487,4556,Hitachi Shipbuilding Corporation (Innoshima),Innoshima,190.00,180.00,32.20,32.20,13.60,8.52,5.08,Hitachi Zosen Corporation,Sulzer Turbomachinery Services,Wallenius AB,—,—,—,—,—,—,—,—,—,—,—,—,—,—,—,—,—,—,—,—,—,7616248,—,12975,17400,6RND90
vehicle carrier,10539042,Neptune Ace,Live,Bahamas,18299,2010,50'+ gt,18436,Single,C6YU3,59006,714,Minami-Nippon Shipbuilding Company Limited,Usuki,199.95,190.00,32.00,32.00,21.25,9.82,11.43,Mitsui Engineering & Shipbuilding Company Limited (Tamano),B&W Diesel A/S,Mitsui O.S.K. Lines Limited (MOL),Japan,Nassau,—,Mitsui O.S.K. Lines Limited (MOL),Japan,Mitsui O.S.K. Lines Limited (MOL),Japan,Glacier Transport Incorporated,Marshall Islands,MOL Ship Management (Singapore) Private Limited,Republic of Singapore,—,—,—,—,MOL Ship Management (Singapore) Private Limited,Republic of Singapore,—,—,—,—,9584059,311045300,15130,20290,7S60MC-C
vehicle carrier,105520,Traviata,Dead,Sweden,22539,1977,30'-50'gt,17197,Single,—,43487,4557,Hitachi Shipbuilding Corporation (Innoshima),Innoshima,190.00,180.00,32.20,32.20,13.60,8.52,5.08,Hitachi Zosen Corporation,Sulzer Turbomachinery Services,Wallenius AB,—,—,—,—,—,—,—,—,—,—,—,—,—,—,—,—,—,—,—,—,—,7616250,—,12975,17400,6RND90
vehicle carrier,105535,Fontana,Dead,Panama,15665,1977,50'+ gt,16602,Single,—,52214,2035,Shin Kurushima Dockyard Company Limited,Tokyo,196.00,184.00,30.00,30.00,12.20,8.82,3.38,Kawasaki Shipbuilding Corporation,MAN Energy Solutions SE,Chinese Breakers,—,Panama,—,—,—,—,—,—,—,—,—,—,—,—,—,—,—,—,—,—,—,7701287,—,12577,15390,K9SZ70/125
vehicle carrier,105567,Veracruz I,Dead,Panama,15517,1977,30'-50'gt,10535,Single,—,30259,4567,Hitachi Shipbuilding Corporation (Maizuru),Maizuru,180.00,170.00,28.00,28.00,12.30,7.50,4.80,Hitachi Zosen Corporation,B&W Diesel A/S,Indian Breakers,—,Panama,—,—,—,—,—,—,—,—,—,—,—,—,—,—,—,—,—,—,—,7631391,—,9769,13100,7L67GF
vehicle carrier,10605438,Tongala,Live,Malta,23696,2012,50'+ gt,22585,Single,9HA2776,61106,2284,Mitsubishi Heavy Industries Limited Shipbuilding,Nagasaki,199.99,192.00,32.29,32.26,36.02,11.03,24.99,—,Mitsubishi Heavy Industries Limited,Wallenius Wilhelmsen Ocean Holding AS,Norway,Valletta,—,Wilh Wilhelmsen ASA (WILSHIP),Norway,Wallenius Wilhelmsen Ocean Holding AS,Norway,Wilhelmsen Lines Shipowning Malta Limited,Malta,Wilhelmsen Ship Management (Norway) AS,Norway,—,—,—,—,Wilhelmsen Ship Management (Norway) AS,Norway,—,—,—,—,9605786,215654000,14682,19689,7UEC60LSII
vehicle carrier,10605440,Tosca,Live,Norway (Int. Register),23696,2013,50'+ gt,22585,Single,LATG8,61106,2285,Mitsubishi Heavy Industries Limited Shipbuilding,Nagasaki,199.99,192.00,32.29,32.26,36.02,11.00,25.02,—,Mitsubishi Heavy Industries Limited,Wallenius Wilhelmsen Ocean Holding AS,Norway,Bergen,—,Wilh Wilhelmsen ASA (WILSHIP),Norway,Wallenius Wilhelmsen Ocean Holding AS,Norway,Wallenius Wilhelmsen Shipowning Norway AS,Norway,Wallenius Marine AB,Sweden,—,—,—,—,Wallenius Marine AB,Sweden,—,—,—,—,9605798,257268000,14682,19689,7UEC60LSII
vehicle carrier,106101,Saturn Diamond,Dead,Panama,10609,1977,30'-50'gt,13266,Single,—,35361,—,—,Japan,190.00,—,29.20,—,12.00,8.60,3.40,—,Unknown Engine Designer,NYK S.M.,—,Panama,—,—,—,—,—,—,—,—,—,—,—,—,—,—,—,—,—,—,—,7632735,—,11931,16000,UNKNOWN
vehicle carrier,106125,Ocean Kmir,Dead,Liberia,26035,1977,30'-50'gt,13977,Single,—,38413,829,Namura Shipbuilding Company Limited,Imari,188.00,176.00,29.40,29.40,12.28,8.52,3.76,—,Unknown Engine Designer,Fram Shipping L.,—,Monrovia,—,—,—,—,—,—,—,—,—,—,—,—,—,—,—,—,—,—,—,7638727,—,13423,18000,UNKNOWN
vehicle carrier,10620269,An Ji 8,Live,China,8541,2011,-30'gt,5126,Single,BAHP,19568,MD135-2300PCC-01,Nantong Mingde Heavy Industry Company Limited (SEE NOW AS NANTONG XIANGYU),Nantong,140.50,129.60,—,24.40,10.42,6.00,4.43,STX Engine Company Limited,B&W Diesel A/S,Dalian Jifa Ship Management Company Limited,People's Republic of China,Dalian,—,Dalian Jifa Bohai Rim Container Lines Company Limited,People's Republic of China,Dalian Jifa Ship Management Company Limited,People's Republic of China,Dalian Jifa Ship Management Company Limited,People's Republic of China,Shanghai Ansheng Automotive Shipping Company Limited,People's Republic of China,—,—,—,—,Shanghai Ansheng Automotive Shipping Company Limited,People's Republic of China,—,—,—,—,9605695,413202490,6480,8690,6S42MC
vehicle carrier,10620668,Mercury Ace,Live,Panama,19081,2011,50'+ gt,19110,Single,3FNS7,59409,1533,Imabari Shipbuilding Company Limited (Marugame),Marugame,199.97,190.00,—,32.26,21.31,10.02,24.78,—,Mitsubishi Heavy Industries Limited,Shoei Kisen KK (Shoei Kisen Kaisha Limited),Japan,Panama,—,Imabari Shipbuilding Company Limited,Japan,Shoei Kisen KK (Shoei Kisen Kaisha Limited),Japan,Los Halillos Shipping Company S.A.,Panama,Shoei Kisen KK (Shoei Kisen Kaisha Limited),Japan,—,—,—,—,Shoei Kisen KK (Shoei Kisen Kaisha Limited),Japan,—,—,—,—,9591052,370644000,15100,20249,8UEC60LSII
vehicle carrier,10620675,Gracious Ace,Live,Liberia,19091,2012,50'+ gt,18924,Single,D5CB7,59583,1535,Imabari Shipbuilding Company Limited (Marugame),Marugame,199.97,190.00,—,32.26,21.31,10.02,11.29,Kobe Diesel Company Limited,Unknown Engine Designer,Nichitoku Kisen Company Limited,Japan,Monrovia,—,Nichitoku Kisen Company Limited,Japan,Nichitoku Kisen Company Limited,Japan,South Devon Maritime S.A.,Panama,Nichitoku Kisen Company Limited,Japan,—,—,—,—,Nichitoku Kisen Company Limited,Japan,—,—,—,—,9604914,636015657,15100,20249,8UEC60LSII
vehicle carrier,10620677,Euphrates Highway,Live,Panama,19152,2012,50'+ gt,18668,Single,3FHU5,59447,1537,Imabari Shipbuilding Company Limited (Marugame),Marugame,199.97,192.00,—,32.26,21.31,10.02,11.29,Kobe Diesel Company Limited,Unknown Engine Designer,Kawasaki Kisen Kaisha Limited (Kawasaki Kisen KK) ('K' Line),Japan,Panama,—,Kawasaki Kisen Kaisha Limited (Kawasaki Kisen KK) ('K' Line),Japan,Kawasaki Kisen Kaisha Limited (Kawasaki Kisen KK) ('K' Line),Japan,ISC1537 Shipping SA,Panama,'K' Line RoRo Bulk Ship Management Company Limited,Japan,—,—,—,—,'K' Line RoRo Bulk Ship Management Company Limited,Japan,—,—,—,—,9604926,373228000,13260,17782,8UEC60LSII
vehicle carrier,10620680,Eurasian Highway,Live,Japan,18949,2012,50'+ gt,18709,Single,7JKY,59029,1539,Imabari Shipbuilding Company Limited (Marugame),Marugame,199.97,190.00,—,32.26,21.31,10.02,13.15,Kobe Diesel Company Limited,Mitsubishi Heavy Industries Limited,Kawasaki Kisen Kaisha Limited (Kawasaki Kisen KK) ('K' Line),Japan,Kobe,—,Kawasaki Kisen Kaisha Limited (Kawasaki Kisen KK) ('K' Line),Japan,Kawasaki Kisen Kaisha Limited (Kawasaki Kisen KK) ('K' Line),Japan,Kawasaki Kisen Kaisha Limited (Kawasaki Kisen KK) ('K' Line),Japan,Sugahara Kisen Company Limited,Japan,—,—,—,—,Sugahara Kisen Company Limited,Japan,—,—,—,—,9604938,432839000,13260,17782,8UEC60LSII
vehicle carrier,10620682,Rigel Leader,Live,Japan,19122,2012,50'+ gt,18884,Single,7KLE,59337,1541,Imabari Shipbuilding Company Limited (Marugame),Marugame,199.97,190.00,—,32.26,21.31,10.02,13.15,Kobe Diesel Company Limited,Mitsubishi Heavy Industries Limited,Hakuyo Shipping Company Limited,Japan,Fukuoka,—,Hakuyo Shipping Company Limited,Japan,Hakuyo Shipping Company Limited,Japan,Hakuyo Shipping Company Limited,Japan,Excel Marine Company Limited,Japan,Nippon Yusen Kabushiki Kaisha (NYK Line) (Nippon Yusen Kaisha),Japan,—,—,Excel Marine Company Limited,Japan,—,—,—,—,9604940,431718000,13260,17782,8UEC60LSII
vehicle carrier,10656265,Brilliant Ace,Live,Panama,18296,2011,50'+ gt,18448,Single,HPAK,59022,715,Minami-Nippon Shipbuilding Company Limited,Usuki,199.95,190.00,—,32.20,21.25,9.82,24.78,Mitsui Engineering & Shipbuilding Company Limited,B&W Diesel A/S,Masumoto Shipping Company Limited,Japan,Panama,—,Masumoto Shipping Company Limited,Japan,Masumoto Shipping Company Limited,Japan,Prosper World Marine Company Limited,Liberia,Masumoto Shipping Company Limited,Japan,—,—,—,—,Masumoto Shipping Company Limited,Japan,—,—,—,—,9598012,355911000,15130,20290,7S60MC-C
vehicle carrier,1068624,COSCO Shengshi,Live,Panama,15502,2011,50'+ gt,14868,Single,3FXM2,51671,ZS07012,COSCO Zhoushan Shipyard Company Limited,Zhoushan,182.88,170.50,—,32.20,14.95,8.40,1.45,Hudong Heavy Machinery Company Limited,Sulzer Turbomachinery Services,COSCO Shipping Specialized Carriers Company Limited,People's Republic of China,Panama,—,China COSCO Shipping Corporation Limited (China Cosco Shipping Group) (COSCO Shipping) (COSCOCS),People's Republic of China,COSCO Shipping Specialized Carriers Company Limited,People's Republic of China,COSCOL (HK) Investment And Development Company Limited,"Hong Kong, S.A.R., China",COSCO Shipping Specialized Carriers Company Limited,People's Republic of China,—,—,—,—,COSCO Shipping Specialized Carriers Company Limited,People's Republic of China,—,—,—,—,9454711,372727000,14520,19472,6RT-FLEX60C-B
vehicle carrier,1068627,COSCO Tengfei,Live,Panama,15510,2011,50'+ gt,14707,Single,HPMO,51699,ZS07013,COSCO Zhoushan Shipyard Company Limited,Zhoushan,182.80,170.50,—,32.20,14.95,8.40,1.45,Hudong Heavy Machinery Company Limited,Sulzer Turbomachinery Services,COSCO Shipping Specialized Carriers Company Limited,People's Republic of China,Panama,—,China COSCO Shipping Corporation Limited (China Cosco Shipping Group) (COSCO Shipping) (COSCOCS),People's Republic of China,COSCO Shipping Specialized Carriers Company Limited,People's Republic of China,COSCOL (HK) Investment And Development Company Limited,"Hong Kong, S.A.R., China",COSCO Shipping Specialized Carriers Company Limited,People's Republic of China,—,—,—,—,COSCO Shipping Specialized Carriers Company Limited,People's Republic of China,—,—,—,—,9454723,355518000,14520,19472,6RT-FLEX60C-B
vehicle carrier,10705764,Supreme Ace,Live,Panama,18290,2011,50'+ gt,18384,Single,3ETV4,59022,718,Minami-Nippon Shipbuilding Company Limited,Usuki,199.95,190.00,—,32.20,21.25,9.82,24.78,Mitsui Engineering & Shipbuilding Company Limited (Tamano),Unknown Engine Designer,MOL Auto Logistics (India) Private Limited,India,Panama,—,Mitsui O.S.K. Lines Limited (MOL),Japan,MOL Auto Logistics (India) Private Limited,India,Supreme Shipholding SA,Panama,MOL Ship Management Company Limited (MOLSHIP),Japan,—,—,—,—,MOL Ship Management (Singapore) Private Limited,Republic of Singapore,—,—,—,—,9610391,357147000,15130,20290,8UEC60LSII
vehicle carrier,10705766,Victorious Ace,Live,Japan,18290,2011,50'+ gt,18396,Single,7KKN,59022,719,Minami-Nippon Shipbuilding Company Limited,Usuki,199.95,190.00,—,32.20,21.25,9.82,24.78,Mitsui Engineering & Shipbuilding Company Limited,Unknown Engine Designer,Mitsui O.S.K. Lines Limited (MOL),Japan,Tokyo,—,Mitsui O.S.K. Lines Limited (MOL),Japan,Mitsui O.S.K. Lines Limited (MOL),Japan,Mitsui O.S.K. Lines Limited (MOL),Japan,MOL Ship Management Company Limited (MOLSHIP),Japan,MOL Auto Carrier Express (MOL ACE),Japan,—,—,MOL Ship Management (Singapore) Private Limited,Republic of Singapore,Unknown,Unknown,Unknown Scrubber Manufacturer,Retrofit,9610406,431605000,15130,20290,8UEC60LSII
vehicle carrier,10705851,Genuine Ace,Live,Liberia,18290,2012,50'+ gt,18377,Single,D5BM4,59022,720,Minami-Nippon Shipbuilding Company Limited,Usuki,199.95,190.00,—,32.20,21.25,9.82,24.78,Mitsui Engineering & Shipbuilding Company Limited (Tamano),Unknown Engine Designer,MOL Auto Logistics (India) Private Limited,India,Monrovia,—,Mitsui O.S.K. Lines Limited (MOL),Japan,MOL Auto Logistics (India) Private Limited,India,White Bear Maritime Limited,Marshall Islands,MOL Ship Management (Singapore) Private Limited,Republic of Singapore,—,—,—,—,MOL Ship Management (Singapore) Private Limited,Republic of Singapore,—,—,—,—,9610418,636015557,15130,20290,8UEC60LSII
vehicle carrier,10705962,Nichioh Maru,Live,Japan,—,2012,-30'gt,7200,Single,JD3267,11514,5677,Shin Kurushima Dockyard Company Limited,Japan,169.98,—,—,26.00,18.65,7.17,11.48,—,MAN Energy Solutions SE,Hokusei Kaiun K.K.,Japan,Tokyo,—,Hokusei Kaiun K.K.,Japan,Hokusei Kaiun K.K.,Japan,Hokusei Kaiun K.K.,Japan,Hokusei Kaiun K.K.,Japan,—,—,—,—,Hokusei Kaiun K.K.,Japan,—,—,—,—,9609184,431003232,13280,17809,8S50ME-C8
vehicle carrier,10705965,Nissei Maru,Live,Japan,—,2013,-30'gt,7200,Single,JD3390,11483,5678,Shin Kurushima Dockyard Company Limited,Onishi,169.98,160.00,—,26.00,18.65,7.17,11.48,—,Unknown Engine Designer,"Japan Railway Construction, Transport & Technology Agency & Nitto Kaiun Kaisha",Japan,Yokohama,—,"Japan Railway Construction, Transport & Technology Agency",Japan,"Japan Railway Construction, Transport & Technology Agency & Nitto Kaiun Kaisha",Japan,"Japan Railway Construction, Transport & Technology Agency & Nitto Kaiun Kaisha",Japan,Fukuju Shipping Company Limited,Japan,—,—,—,—,Fukuju Shipping Company Limited,Japan,—,—,—,—,9609196,431004083,13280,17809,6L35MC
vehicle carrier,10705972,Valiant Ace,Live,Marshall Islands,18289,2012,50'+ gt,18143,Single,V7YX6,59022,728,Minami-Nippon Shipbuilding Company Limited,Usuki,199.95,190.00,—,32.20,21.25,9.82,24.78,MAN B&W Diesel Limited,Unknown Engine Designer,Mitsui O.S.K. Lines Limited (MOL),Japan,Majuro,—,Mitsui O.S.K. Lines Limited (MOL),Japan,Mitsui O.S.K. Lines Limited (MOL),Japan,Second Maritime Limited,Marshall Islands,MOL Ship Management (Singapore) Private Limited,Republic of Singapore,MOL Auto Carrier Express (MOL ACE),Japan,—,—,MOL Ship Management (Singapore) Private Limited,Republic of Singapore,—,—,—,—,9610420,538004759,15130,20290,8UEC60LSII
vehicle carrier,10705975,Divine Ace,Live,Panama,18289,2013,50'+ gt,18134,Single,3FEM7,59022,729,Minami-Nippon Shipbuilding Company Limited,Usuki,199.95,190.00,—,32.20,21.25,9.82,24.78,MAN B&W Diesel Limited,Unknown Engine Designer,Mitsui O.S.K. Lines Limited (MOL),Japan,Panama,—,Mitsui O.S.K. Lines Limited (MOL),Japan,Mitsui O.S.K. Lines Limited (MOL),Japan,Frost Navigation Incorporated,Marshall Islands,MOL Ship Management (Singapore) Private Limited,Republic of Singapore,—,—,—,—,MOL Ship Management (Singapore) Private Limited,Republic of Singapore,—,—,—,—,9610432,371060000,15130,20290,8UEC60LSII
vehicle carrier,10705976,Prime Ace,Live,Panama,18283,2014,50'+ gt,18304,Single,3FAT9,59007,730,Minami-Nippon Shipbuilding Company Limited,Usuki,199.95,190.00,—,32.20,21.25,9.82,24.80,MAN B&W Diesel Limited,Mitsubishi Heavy Industries Limited,MOL Auto Carrier Express (MOL ACE),Japan,Panama,—,Mitsui O.S.K. Lines Limited (MOL),Japan,MOL Auto Carrier Express (MOL ACE),Japan,Antarctic Shipping Incorporated,Marshall Islands,MOL Ship Management (Singapore) Private Limited,Republic of Singapore,MOL Logistics (Singapore) Private Limited,Republic of Singapore,—,—,MOL Ship Management (Singapore) Private Limited,Republic of Singapore,—,—,—,—,9610444,352506000,15130,20290,7UEC60LSE
vehicle carrier,107376,Kiwi Breeze,Dead,Panama,6698,1978,-30'gt,8494,Single,—,20961,378,Imabari Shipbuilding Company Limited,Imabari,156.00,145.01,24.71,24.71,17.10,8.27,8.83,Sulzer Turbomachinery Services,Sulzer Turbomachinery Services,Chinese Breakers,—,Panama,—,—,—,—,—,—,—,—,—,—,—,—,—,—,—,—,—,—,—,7725178,—,8384,11400,6RND68M
vehicle carrier,107637,Pacific Explorer,Dead,Marshall Islands,11925,1978,30'-50'gt,17800,Single,—,38970,1055,Imabari Shipbuilding Company Limited (Marugame),Marugame,199.40,186.00,30.00,30.00,12.05,9.32,2.73,Mitsubishi Heavy Industries Limited,Sulzer Turbomachinery Services,Bangladesh Breakers,—,Majuro,—,—,—,—,—,—,—,—,—,—,—,—,—,—,—,—,—,—,—,7724617,—,17247,23450,7RND90M
vehicle carrier,107664,Fuji Maru,Dead,Panama,7967,1978,-30'gt,5974,Single,—,16911,1830,Mitsubishi Heavy Industries Limited Shipbuilding,Nagasaki,149.00,142.90,22.80,22.80,11.95,7.02,4.93,—,Unknown Engine Designer,Fujitrans,—,Panama,—,—,—,—,—,—,—,—,—,—,—,—,—,—,—,—,—,—,—,7705893,—,12587,16880,UNKNOWN
vehicle carrier,1093726,Neptune Phos,Live,Greece,11013,2009,30'-50'gt,11174,Single,SVDW7,36711,8034,HD Hyundai Mipo Company Limited,Ulsan,168.06,158.00,—,28.00,30.65,8.70,21.95,HD Hyundai Heavy Industries Company Limited,B&W Diesel A/S,Neptune Lines Shipping & Managing Enterprises S.A.,Greece,—,—,Travlos family,Greece,Neptune Lines Shipping & Managing Enterprises S.A.,Greece,Solon Shipping Company Limited,Marshall Islands,Neptune Lines Shipping & Managing Enterprises S.A.,Greece,—,—,—,—,Neptune Lines Shipping & Managing Enterprises S.A.,Greece,—,—,—,—,9451719,241909000,11620,15799,7S50MC-C
vehicle carrier,10994693,Eternal Ace,Live,Japan,18290,2011,50'+ gt,18418,Single,7KKB,59022,717,Minami-Nippon Shipbuilding Company Limited,Japan,199.95,190.00,32.20,32.20,21.25,9.82,4.88,Mitsui Engineering & Shipbuilding Company Limited (Tamano),B&W Diesel A/S,Mitsui OSK Lines Ltd,Japan,Tokyo,—,—,—,—,—,Mitsui OSK Lines Ltd,Japan,—,—,—,—,—,—,—,—,—,—,—,—,9606479,431934000,15130,20290,7S60MC-C
vehicle carrier,10996617,Atsuta Maru,Live,Japan,—,2012,-30'gt,6350,Single,JD3281,16053,2278,Mitsubishi Heavy Industries Limited Shipbuilding,Nagasaki,167.00,158.00,—,30.20,17.55,7.62,10.99,—,Mitsubishi Heavy Industries Limited,Fukuju Shipping Company Limited,Japan,Shizuoka,—,K. Okumura,Japan,Fukuju Shipping Company Limited,Japan,Fukuju Shipping Company Limited,Japan,Fukuju Shipping Company Limited,Japan,—,—,—,—,—,—,—,—,—,—,9615391,431003177,19125,26000,12UEC52LSE
vehicle carrier,10997288,NOCC Oceanic,Live,Norway (Int. Register),20557,2012,50'+ gt,15770,Single,LANK8,58250,H2534,HD Hyundai Mipo Company Limited,Ulsan,199.98,189.25,—,32.26,32.64,10.02,22.62,HD Hyundai Heavy Industries Company Limited,Unknown Engine Designer,Norwegian Car Carriers ASA (NOCC),Norway,Oslo,—,Autotrans Holding Limited,United Kingdom,Norwegian Car Carriers ASA (NOCC),Norway,NOCC Shipowning AS,Norway,Wallem Shipmanagement Limited (WSM),"Hong Kong, S.A.R., China",—,—,—,—,Wallem Shipmanagement Limited (WSM),"Hong Kong, S.A.R., China",—,—,—,—,9624029,257767000,14506,19453,7S60MC-C
vehicle carrier,10997449,Leo Spirit,Live,Panama,18594,2011,50'+ gt,16758,Single,3FAQ,60825,3652,Shin Kurushima Toyohashi Shipbuilding Company Limited,Toyohashi,199.99,192.00,32.25,32.25,21.22,9.73,26.07,Mitsui Engineering & Shipbuilding Company Limited (Tamano),Unknown Engine Designer,MOL Auto Logistics (India) Private Limited,India,Panama,—,Mitsui O.S.K. Lines Limited (MOL),Japan,MOL Auto Logistics (India) Private Limited,India,Gazelle Maritime Incorporated,Panama,MOL Ship Management Company Limited (MOLSHIP),Japan,—,—,—,—,MOL Ship Management Company Limited (MOLSHIP),Japan,—,—,—,—,9620695,373057000,15090,20236,7S60MC-C8
vehicle carrier,10997831,Galaxy Ace,Live,Liberia,19091,2012,50'+ gt,18878,Single,D5CZ7,59583,1534,Imabari Shipbuilding Company Limited,Marugame,199.97,192.00,—,32.26,21.31,10.02,24.78,Kobe Diesel Company Limited,Unknown Engine Designer,Mitsui O.S.K. Lines Limited (MOL),Japan,Monrovia,—,Mitsui O.S.K. Lines Limited (MOL),Japan,Mitsui O.S.K. Lines Limited (MOL),Japan,Third Maritime Incorporated,Liberia,MOL Ship Management (Singapore) Private Limited,Republic of Singapore,—,—,—,—,MOL Ship Management (Singapore) Private Limited,Republic of Singapore,—,—,—,—,9624237,636015819,15100,20249,8UEC60LSII
vehicle carrier,10998651,Morning Claire,Live,Panama,18594,2012,50'+ gt,16722,Single,3EZF3,60825,3650,Shin Kurushima Toyohashi Shipbuilding Company Limited,Toyohashi,199.99,192.00,32.26,32.26,21.22,9.73,26.07,Mitsui Engineering & Shipbuilding Company Limited,Unknown Engine Designer,Excel Marine Company Limited,Japan,Panama,—,Excel Marine Company Limited,Japan,Excel Marine Company Limited,Japan,Clover Navigation S.A.,Panama,Excel Marine Company Limited,Japan,EUKOR Car Carriers Incorporated,Republic of Korea,—,—,Excel Marine Company Limited,Japan,—,—,—,—,9620683,373398000,15090,20236,7S60MC-C8
vehicle carrier,110045,Oriental Pine,Dead,Unknown,7401,1978,-30'gt,13496,Single,—,12324,—,—,Japan,176.00,—,32.00,—,12.50,9.00,3.50,—,Unknown Engine Designer,International Fleet,—,—,—,—,—,—,—,—,—,—,—,—,—,—,—,—,—,—,—,—,—,7701299,—,12528,16800,UNKNOWN
vehicle carrier,11004541,Morning Cindy,Live,Panama,19148,2012,50'+ gt,18954,Single,3FQY7,59580,1602,Imabari Shipbuilding Company Limited,Marugame,199.97,192.00,—,32.26,21.31,10.02,11.29,Kobe Diesel Company Limited,Unknown Engine Designer,K.K. Hakuyo Kaiun,Japan,Panama,—,K.K. Hakuyo Kaiun,Japan,K.K. Hakuyo Kaiun,Japan,Lucia Navigation (Panama) S.A.,Panama,Excel Marine Company Limited,Japan,—,—,—,—,Excel Marine Company Limited,Japan,—,—,—,—,9633185,353647000,13260,17782,8UEC60LSII
vehicle carrier,110052,Noble Ace,Dead,Philippines,11625,1978,30'-50'gt,13689,Single,—,38749,1178,Mitsui Engineering & Shipbuilding Company Limited (Tamano),Tamano,176.00,166.00,32.00,32.00,12.48,9.03,3.45,Mitsui Engineering & Shipbuilding Company Limited,B&W Diesel A/S,Indian Breakers,—,Manila,—,—,—,—,—,—,—,—,—,—,—,—,—,—,—,—,—,—,—,7714416,—,12356,16800,9L67GF
vehicle carrier,110054,Raja,Dead,Tuvalu,4444,1978,-30'gt,2527,Single,—,7049,427,Naikai Zosen Shipbuilding Corporation,Hiroshima,112.00,102.00,16.50,16.50,5.91,5.72,0.19,The Hanshin Diesel Works Limited,The Hanshin Diesel Works Limited,Bangladesh Breakers,—,Funafuti,—,—,—,—,—,—,—,—,—,—,—,—,—,—,—,—,—,—,—,7714533,—,2983,4000,6LUS46
vehicle carrier,11006289,An Ji 9,Live,China,8494,2011,-30'gt,5126,Single,BAPC,19349,MD136-2300PCC-02,Nantong Mingde Heavy Industry Company Limited (SEE NOW AS NANTONG XIANGYU),Nantong,140.50,129.60,24.40,24.40,10.42,6.00,4.43,STX Engine Company Limited,B&W Diesel A/S,Dalian Jifa Ship Management Company Limited,People's Republic of China,Dalian,—,Dalian Jifa Bohai Rim Container Lines Company Limited,People's Republic of China,Dalian Jifa Ship Management Company Limited,People's Republic of China,Dalian Jifa Ship Management Company Limited,People's Republic of China,Shanghai Ansheng Automotive Shipping Company Limited,People's Republic of China,—,—,—,—,Shanghai Ansheng Automotive Shipping Company Limited,People's Republic of China,—,—,—,—,9626704,413202830,6480,8690,6S42MC
vehicle carrier,110124,Honesta,Dead,Philippines,11711,1978,-30'gt,15896,Single,—,14189,—,—,Japan,189.00,176.00,29.46,29.46,11.96,8.62,3.34,—,Unknown Engine Designer,Teh Tung,—,—,—,—,—,—,—,—,—,—,—,—,—,—,—,—,—,—,—,—,—,7701677,—,13423,18000,UNKNOWN
vehicle carrier,110200,Ruby Ray,Dead,Liberia,15541,1978,30'-50'gt,10388,Single,—,30258,4568,Hitachi Shipbuilding Corporation (Maizuru),Maizuru,180.00,170.00,28.00,28.00,12.30,7.52,4.78,Hitachi Zosen Corporation,B&W Diesel A/S,Indian Breakers,—,Monrovia,—,—,—,—,—,—,—,—,—,—,—,—,—,—,—,—,—,—,—,7632333,—,9769,13100,7L67GF
vehicle carrier,110437,Grace Canna,Dead,Panama,3402,1978,-30'gt,5804,Single,—,6202,—,—,,—,—,—,—,—,—,—,—,Unknown Engine Designer,—,—,Panama,—,—,—,—,—,—,—,—,—,—,—,—,—,—,—,—,—,—,—,7722499,—,7755,10400,UNKNOWN
vehicle carrier,110522,Asian Century,Dead,St. Vincent & Grenadines,10298,1978,-30'gt,6437,Single,—,14433,421,Tsuneishi Shipbuilding Company Limited,Hiroshima,132.00,122.00,22.00,22.00,10.55,8.52,2.03,Pielstick (Blohm & Voss) Semt,Semt Pielstick SA,NYK Line.,—,Kingstown,—,—,—,—,—,—,—,—,—,—,—,—,—,—,—,—,—,—,—,7805710,—,5816,7800,12PC2-5V-400
vehicle carrier,110523,Asian Victory,Dead,Liberia,10298,1978,-30'gt,6049,Single,—,14433,—,—,Japan,132.00,122.00,22.00,22.00,10.55,8.52,2.03,Pielstick (Blohm & Voss) Semt,Semt Pielstick SA,NYK Line.,—,Monrovia,—,—,—,—,—,—,—,—,—,—,—,—,—,—,—,—,—,—,—,7805722,—,5816,7800,12PC2-5V-400
vehicle carrier,11057215,Glovis Courage,Live,South Korea,20895,2013,50'+ gt,20516,Single,D8GV,59241,S650,HD Hyundai Samho Company Limited,Samho,199.98,188.60,—,32.26,20.11,10.02,10.09,HD Hyundai Heavy Industries Company Limited,Unknown Engine Designer,Hyundai Glovis Company Limited,Republic of Korea,Jeju,—,Hyundai Glovis Company Limited,Republic of Korea,Hyundai Glovis Company Limited,Republic of Korea,Hyundai Glovis Company Limited,Republic of Korea,G-Marine Service Company Limited (GMS),Republic of Korea,—,—,—,—,G-Marine Service Company Limited (GMS),Republic of Korea,—,—,—,—,9651101,441168000,14506,19453,7S60MC-C
vehicle carrier,11057249,Glovis Champion,Live,South Korea,20906,2013,50'+ gt,20516,Single,D8GS,59241,S-651,HD Hyundai Samho Company Limited,Samho,199.98,188.60,—,32.26,14.30,10.02,4.28,—,Unknown Engine Designer,Hyundai Glovis Company Limited,Republic of Korea,Jeju,—,Hyundai Glovis Company Limited,Republic of Korea,Hyundai Glovis Company Limited,Republic of Korea,Hyundai Glovis Company Limited,Republic of Korea,G-Marine Service Company Limited (GMS),Republic of Korea,—,—,—,—,G-Marine Service Company Limited (GMS),Republic of Korea,—,—,—,—,9651113,441188000,14506,19453,7S60MC-C
vehicle carrier,11069387,Metis Leader,Live,Panama,19122,2013,50'+ gt,19013,Single,HODG,59550,1540,Imabari Shipbuilding Company Limited (Marugame),Marugame,199.97,190.00,—,32.26,21.31,10.02,12.31,Kobe Diesel Company Limited,Unknown Engine Designer,Shoei Kisen KK (Shoei Kisen Kaisha Limited),Japan,Panama,—,Imabari Shipbuilding Company Limited,Japan,Shoei Kisen KK (Shoei Kisen Kaisha Limited),Japan,Cypress Maritime (Panama) S.A. & Koyo Shosen Kaisha Limited,Panama,Shoei Kisen KK (Shoei Kisen Kaisha Limited),Japan,Nippon Yusen Kabushiki Kaisha (NYK Line) (Nippon Yusen Kaisha),Japan,—,—,Shoei Kisen KK (Shoei Kisen Kaisha Limited),Japan,—,—,—,—,9650743,373310000,13260,17782,8UEC60LSII
vehicle carrier,11069397,Wisdom Ace,Live,Panama,19081,2013,50'+ gt,19227,Single,3FGZ8,59409,1536,Imabari Shipbuilding Company Limited (Marugame),Marugame,199.97,190.00,—,32.26,21.31,10.02,14.57,Kobe Diesel Company Limited,Mitsubishi Heavy Industries Limited,Shoei Kisen KK (Shoei Kisen Kaisha Limited),Japan,Panama,—,Imabari Shipbuilding Company Limited,Japan,Shoei Kisen KK (Shoei Kisen Kaisha Limited),Japan,Cypress Maritime (Panama) S.A. & Koyo Shosen Kaisha Limited,Panama,Shoei Kisen KK (Shoei Kisen Kaisha Limited),Japan,—,—,—,—,Shoei Kisen KK (Shoei Kisen Kaisha Limited),Japan,—,—,—,—,9641833,352044000,15100,20249,8UEC60LSII
vehicle carrier,110717,Sunbelt Dixie,Dead,Liberia,14106,1978,30'-50'gt,12730,Single,—,30610,260,Sasebo Heavy Industries Company Limited,Tokyo,183.00,172.00,26.80,26.80,11.70,8.72,2.98,Mitsubishi Heavy Industries Limited,MAN Energy Solutions SE,Indian Breakers,—,Monrovia,—,—,—,—,—,—,—,—,—,—,—,—,—,—,—,—,—,—,—,7701770,—,10297,14000,14V52/55A
vehicle carrier,110720,Cosmos Express,Dead,Panama,8341,1978,-30'gt,11163,Single,—,24930,423,Tsuneishi Shipbuilding Company Limited,Hiroshima,164.00,157.03,27.01,27.01,11.92,8.12,3.80,Mitsui Engineering & Shipbuilding Company Limited,B&W Diesel A/S,Chinese Breakers,—,Panama,—,—,—,—,—,—,—,—,—,—,—,—,—,—,—,—,—,—,—,7718840,—,8237,11200,6L67GF
vehicle carrier,111074,Wild Cosmos,Dead,Liberia,6030,1978,-30'gt,6335,Single,—,19756,—,—,Japan,141.00,—,24.20,—,10.40,7.80,2.60,—,Unknown Engine Designer,Nakano,—,Monrovia,—,—,—,—,—,—,—,—,—,—,—,—,—,—,—,—,—,—,—,7724758,—,6786,9100,UNKNOWN
vehicle carrier,111100,Glory Pegasus,Dead,Panama,11509,1978,30'-50'gt,13508,Single,—,38363,—,—,Japan,176.00,—,32.00,—,12.50,9.00,3.50,—,Unknown Engine Designer,Kansai S.S.,—,Panama,—,—,—,—,—,—,—,—,—,—,—,—,—,—,—,—,—,—,—,7714911,—,12528,16800,UNKNOWN
vehicle carrier,111101,Morning Queen,Dead,Panama,12144,1978,30'-50'gt,18426,Single,—,38974,1060,Imabari Shipbuilding Company Limited (Marugame),Marugame,199.00,186.00,30.00,30.00,12.05,9.32,2.73,Mitsubishi Heavy Industries Limited,Sulzer Turbomachinery Services,Chinese Breakers,—,Panama,—,—,—,—,—,—,—,—,—,—,—,—,—,—,—,—,—,—,—,7801609,—,12356,15417,7RND90M
vehicle carrier,111105,Oh Jin,Dead,Liberia,6459,1978,-30'gt,10883,Single,—,9800,—,—,Japan,165.00,—,27.60,—,11.70,7.80,3.90,—,Unknown Engine Designer,Kaieisha,—,Monrovia,—,—,—,—,—,—,—,—,—,—,—,—,—,—,—,—,—,—,—,7727748,—,8948,12000,UNKNOWN
vehicle carrier,111106,Rita del Mar,Dead,Norway (Int. Register),15325,1978,-30'gt,10890,Single,—,24946,2037,Shin Kurushima Dockyard Company Limited,Tokyo,165.00,155.00,27.64,27.60,11.87,7.80,4.07,Kawasaki Shipbuilding Corporation,MAN Energy Solutions SE,Chinese Breakers,—,Bergen,—,—,—,—,—,—,—,—,—,—,—,—,—,—,—,—,—,—,—,7701304,—,8948,12000,12V52/55A
vehicle carrier,11126329,RCC Amsterdam,Live,Bahamas,19972,2013,50'+ gt,19848,Single,C6AO4,58767,8064,HD Hyundai Mipo Company Limited,Mipo,199.96,191.00,32.26,32.26,35.00,10.00,26.00,—,B&W Diesel A/S,Ray Car Carriers Limited,Isle of Man,Nassau,—,Ray Shipping Limited,Israel,Ray Car Carriers Limited,Isle of Man,Amsterdam Maritime Limited,Isle of Man,Stamco Ship Management Company Limited,Greece,—,—,—,—,Stamco Ship Management Company Limited,Greece,—,—,—,—,9660798,311000103,14506,19453,7S60MC-C
vehicle carrier,111277,Jupiter Diamond,Dead,Singapore,13800,1978,30'-50'gt,14687,Single,—,45998,1835,Mitsubishi Heavy Industries Limited Shipbuilding,Nagasaki,205.26,176.00,29.20,29.20,12.62,8.62,4.00,Mitsubishi Heavy Industries Limited,MAN Energy Solutions SE,Chinese Breakers,—,Singapore,—,—,—,—,—,—,—,—,—,—,—,—,—,—,—,—,—,—,—,7718462,—,11768,16000,16V52/55A
vehicle carrier,11145096,Morning Calypso,Live,Panama,19148,2013,50'+ gt,18932,Single,3FIK5,59580,1605,Imabari Shipbuilding Company Limited,Imabari,199.97,190.00,—,32.26,21.31,10.02,11.29,Kobe Diesel Company Limited,Unknown Engine Designer,Kanematsu K.K.,Japan,Panama,—,Kanematsu K.K.,Japan,Kanematsu K.K.,Japan,Kaho Shipping Company Limited,"Hong Kong, S.A.R., China",Excel Marine Company Limited,Japan,EUKOR Car Carriers Incorporated,Republic of Korea,—,—,Excel Marine Company Limited,Japan,—,—,—,—,9638460,351628000,13260,17782,8UEC60LSII
vehicle carrier,111461,Morning Glory,Dead,Singapore,29238,1978,30'-50'gt,12178,Single,—,45037,62,NKK Shipbuilding (Nippon Kokan K.K),Tsu,195.00,180.00,31.70,31.70,13.05,9.20,3.85,NKK Corporation,Semt Pielstick SA,Wallenius AB,—,Singapore,—,—,—,—,—,—,—,—,—,—,—,—,—,—,—,—,—,—,—,7708821,—,7755,10400,16PC2-5V-400
vehicle carrier,11150659,Morning Capo,Live,Marshall Islands,21042,2013,50'+ gt,20139,Single,V7CB4,59615,H2608,HD Hyundai Heavy Industries Company Limited,Gunsan,199.98,188.60,32.29,32.26,14.30,10.02,4.28,—,B&W Diesel A/S,EUKOR Car Carriers Incorporated,Republic of Korea,Majuro,—,Wilh. Wilhelmsen Holding ASA (Wilship),Norway,EUKOR Car Carriers Incorporated,Republic of Korea,Capo International Associates SA,Marshall Islands,Wilhelmsen Ship Management Korea Limited,Republic of Korea,—,—,—,—,Wilhelmsen Ship Management Korea Limited,Republic of Korea,—,—,—,—,9663295,538005232,16660,22341,7S60ME-C8
vehicle carrier,11150665,Morning Chant,Live,Marshall Islands,21042,2014,50'+ gt,20139,Double Bottom,V7CV7,59615,H2609,HD Hyundai Heavy Industries Company Limited,Gunsan,199.98,188.60,32.29,32.26,20.11,10.02,10.09,HD Hyundai Heavy Industries Company Limited,B&W Diesel A/S,EUKOR Car Carriers Incorporated,Republic of Korea,Majuro,—,Wilh. Wilhelmsen Holding ASA (Wilship),Norway,EUKOR Car Carriers Incorporated,Republic of Korea,Chant International Associates SA,Marshall Islands,Wilhelmsen Ship Management Korea Limited,Republic of Korea,—,—,—,—,Wilhelmsen Ship Management Korea Limited,Republic of Korea,—,—,—,—,9663300,538005333,13570,18198,7S60ME-C8
vehicle carrier,111556,Venture 2,Dead,Comoros,8341,1978,-30'gt,11179,Single,—,24930,425,Tsuneishi Shipbuilding Company Limited,Hiroshima,164.00,157.00,27.00,27.00,11.90,8.12,3.78,Mitsui Engineering & Shipbuilding Company Limited,B&W Diesel A/S,Indian Breakers,—,Moroni,—,—,—,—,—,—,—,—,—,—,—,—,—,—,—,—,—,—,—,7718852,—,8237,11200,6L67GF
vehicle carrier,111665,Isabella,Dead,Panama,9898,1978,-30'gt,16308,Single,—,16526,962 Nippon Kokan,—,Tsurumi,225.00,—,32.20,—,13.10,9.30,3.80,—,Unknown Engine Designer,Hachiuma,—,Panama,—,—,—,—,—,—,—,—,—,—,—,—,—,—,—,—,—,—,—,7716141,—,13423,18000,UNKNOWN
vehicle carrier,11208308,Neptune Thalassa,Live,Greece,11308,2014,30'-50'gt,11262,Single,SVDU4,37692,8130,HD Hyundai Mipo Company Limited,Ulsan,169.55,162.11,28.02,28.00,20.00,8.70,11.30,—,Unknown Engine Designer,Neptune Lines Shipping & Managing Enterprises S.A.,Greece,Piraeus,—,Travlos family,Greece,Neptune Lines Shipping & Managing Enterprises S.A.,Greece,Epicurus Navigation Company Limited,Greece,Neptune Lines Shipping & Managing Enterprises S.A.,Greece,—,—,—,—,Neptune Lines Shipping & Managing Enterprises S.A.,Greece,Wet,Open Loop (Hybrid Ready),ME Production,Retrofit,9668506,241859000,11387,15270,7S50MC-C
vehicle carrier,11208508,Neptune Galene,Live,Greece,11308,2014,30'-50'gt,11260,Single,SVBX5,37692,8129,HD Hyundai Mipo Company Limited,Ulsan,169.55,158.00,28.02,28.00,30.56,8.70,21.80,—,Unknown Engine Designer,Neptune Lines Shipping & Managing Enterprises S.A.,Greece,Piraeus,—,Travlos family,Greece,Neptune Lines Shipping & Managing Enterprises S.A.,Greece,Aristotle Navigation Company Limited,Greece,Neptune Lines Shipping & Managing Enterprises S.A.,Greece,—,—,—,—,Neptune Lines Shipping & Managing Enterprises S.A.,Greece,Wet,Open Loop (Hybrid Ready),ME Production,Retrofit,9668491,241298000,11387,15270,7S50MC-C
vehicle carrier,11212,Kano,Dead,Moldova,1482,1972,-30'gt,2100,Double Bottom,—,3641,270,Schulte & Bruns Schiffswerft,Emden,88.00,80.02,14.51,14.50,9.00,4.76,4.24,Wartsila Nederland BV,Kromhout Motorenfabriek D. Goedkoop Jr N.V.,TOB Vival,—,—,—,—,—,—,—,—,—,—,—,—,—,—,—,—,—,—,—,—,—,7236139,—,1714,2299,6SW280
vehicle carrier,11218688,Morning Post,Live,Marshall Islands,25639,2014,50'+ gt,22675,Single,V7EA8,65276,H2610,HD Hyundai Heavy Industries Company Limited,Gunsan,200.00,188.80,35.44,35.40,35.49,10.50,24.99,—,B&W Diesel A/S,EUKOR Car Carriers Incorporated,Republic of Korea,Majuro,—,Wilh. Wilhelmsen Holding ASA (Wilship),Norway,EUKOR Car Carriers Incorporated,Republic of Korea,Post International Associates SA,Marshall Islands,Wilhelmsen Ship Management Korea Limited,Republic of Korea,—,—,—,—,Wilhelmsen Ship Management Korea Limited,Republic of Korea,—,—,—,—,9669029,538005452,14506,19453,8S60ME-C
vehicle carrier,11218848,Morning Pilot,Live,Marshall Islands,25639,2014,50'+ gt,22675,Single,V7ER7,65276,H2611,HD Hyundai Heavy Industries Company Limited,Gunsan,200.00,188.80,35.44,35.40,14.20,10.52,3.68,—,B&W Diesel A/S,EUKOR Car Carriers Incorporated,Republic of Korea,Majuro,—,Wilh. Wilhelmsen Holding ASA (Wilship),Norway,EUKOR Car Carriers Incorporated,Republic of Korea,Pilot International Associates SA,Marshall Islands,Wilhelmsen Ship Management Korea Limited,Republic of Korea,—,—,—,—,Wilhelmsen Ship Management Korea Limited,Republic of Korea,—,—,—,—,9669031,538005521,14506,19453,8S60ME-C
vehicle carrier,11230229,Floor,Dead,Panama,19152,2013,50'+ gt,18549,Single,3EYO5,59525,1617,Imabari Shipbuilding Company Limited (Marugame),Marugame,199.97,192.00,—,32.26,21.31,10.02,12.31,Kobe Diesel Company Limited,Unknown Engine Designer,Koole Mammoet,—,Panama,—,—,—,—,—,—,—,—,—,—,—,—,—,—,—,—,—,—,—,9667344,356651000,12240,—,UNKNOWN
vehicle carrier,112503,Sea Hana,Dead,Panama,9647,1978,-30'gt,11737,Single,—,26113,1275,Kanasashi Shipbuilding Company Limited,Shimizu,178.00,169.40,25.60,25.60,8.48,7.32,1.16,Ishikawajima-Harima Heavy Industries Company Limited,Semt Pielstick SA,Indian Breakers,—,Panama,—,—,—,—,—,—,—,—,—,—,—,—,—,—,—,—,—,—,—,7722188,—,6693,9100,14PC2-5V-400
vehicle carrier,112504,Magnolia Ace,Dead,Panama,11665,1978,30'-50'gt,14082,Single,—,38881,—,—,Japan,180.00,168.00,32.00,32.00,12.50,9.12,3.38,Sulzer Mitsubishi,Sulzer Turbomachinery Services,Hakuyo S.,—,Panama,—,—,—,—,—,—,—,—,—,—,—,—,—,—,—,—,—,—,—,7727621,—,12528,16800,7RND76M
vehicle carrier,112506,Morning Charm,Dead,Panama,7407,1978,-30'gt,8045,Single,—,21757,429,Tsuneishi Shipbuilding Company Limited,Hiroshima,152.00,145.00,24.70,24.70,13.00,8.07,4.93,Ishikawajima-Harima Heavy Industries Company Limited,Semt Pielstick SA,Indian Breakers,—,Panama,—,—,—,—,—,—,—,—,—,—,—,—,—,—,—,—,—,—,—,7729368,—,8605,10135,18PC2-5V-400
vehicle carrier,112606,Sea Ahmed,Dead,Liberia,11480,1978,30'-50'gt,13833,Single,—,38266,2042,Shin Kurushima Dockyard Company Limited,Tokyo,176.00,166.00,32.00,32.00,28.30,8.92,19.38,Kawasaki Shipbuilding Corporation,MAN Energy Solutions SE,Bangladesh Breakers,—,Monrovia,—,—,—,—,—,—,—,—,—,—,—,—,—,—,—,—,—,—,—,7801659,—,12587,16880,16V52/55A
vehicle carrier,113063,Cosmobil Ace,Dead,Panama,9557,1978,-30'gt,11709,Single,—,26039,665,Evergreen Heavy Industry Company,Nagasaki,178.00,169.42,25.61,25.61,8.49,7.32,1.17,Pielstick (Blohm & Voss) Semt,Semt Pielstick SA,Seiwa N.C.,—,Panama,—,—,—,—,—,—,—,—,—,—,—,—,—,—,—,—,—,—,—,7801130,—,6786,9100,14PC2-5V-400
vehicle carrier,113104,Venus Diamond,Dead,Singapore,13973,1978,30'-50'gt,14409,Single,—,46576,1839 MHI,Mitsubishi Heavy Industries Limited Shipbuilding,Nagasaki,190.00,176.00,29.20,29.20,12.62,8.62,4.00,—,Unknown Engine Designer,NYK S.M.,—,Singapore,—,—,—,—,—,—,—,—,—,—,—,—,—,—,—,—,—,—,—,7718474,—,11931,16000,UNKNOWN
vehicle carrier,11311300,Viking Adventure,Live,Marshall Islands,20053,2015,50'+ gt,18000,Single,V7A5091,62106,JLZ8120412,Jinling Shipyard,Nanjing,199.90,190.00,34.90,32.26,14.95,10.02,26.68,—,B&W Diesel A/S,Gram Car Carriers AS,Norway,Majuro,—,Mediterranean Shipping Company S.A. (MSC),Switzerland,Gram Car Carriers AS,Norway,Gram Car Carriers Shipowning 3 AS,Norway,OSM Ship Management Private Limited,Republic of Singapore,Viking Car Carriers AS,Norway,—,—,OSM Ship Management Private Limited,Republic of Singapore,—,—,—,—,9673018,538009728,—,—,6S60ME-C
vehicle carrier,11311301,Genius Highway,Live,Bahamas,19972,2014,50'+ gt,21000,Single,C6AO3,58767,8092,HD Hyundai Mipo Company Limited,Ulsan,199.96,191.00,32.29,32.26,35.00,10.00,25.00,—,B&W Diesel A/S,Ray Car Carriers Limited,Isle of Man,Nassau,—,Ray Shipping Limited,Israel,Ray Car Carriers Limited,Isle of Man,Genius Maritime Limited,Isle of Man,Stamco Ship Management Company Limited,Greece,—,—,—,—,Stamco Ship Management Company Limited,Greece,—,—,—,—,9672416,311000102,14506,19453,7S60MC-C
vehicle carrier,11311303,Gravity Highway,Live,Bahamas,19972,2014,50'+ gt,21000,Single,C6AO5,58767,8091,HD Hyundai Mipo Company Limited,Ulsan,199.96,191.02,32.29,32.26,35.00,10.00,25.00,—,B&W Diesel A/S,Ray Car Carriers Limited,Isle of Man,Nassau,—,Ray Shipping Limited,Israel,Ray Car Carriers Limited,Isle of Man,Gravity Maritime Limited,Bahamas,Stamco Ship Management Company Limited,Greece,—,—,—,—,Stamco Ship Management Company Limited,Greece,—,—,—,—,9672404,311000104,14506,19453,7S60MC-C
vehicle carrier,11311310,Hoegh Jacksonville,Live,Norway (Int. Register),19378,2014,50'+ gt,20578,Single,LATA7,58531,4401,Daewoo-Mangalia Heavy Industries S.A.,Mangalia,199.90,191.19,32.28,32.26,32.59,10.02,22.29,—,Unknown Engine Designer,Hoegh Autoliners ASA,Norway,Oslo,—,Leif Hoegh & Company As,Norway,Hoegh Autoliners ASA,Norway,Hoegh Autoliners Shipping AS,Norway,Hoegh Technical Management Incorporated,Philippines,—,—,—,—,Hoegh Autoliners Management AS,Norway,—,—,—,—,9673379,258977000,—,—,8UEC60LSII
vehicle carrier,11311311,Hoegh Jeddah,Live,Norway (Int. Register),19378,2014,50'+ gt,20407,Single,LASZ7,58531,4402,Daewoo-Mangalia Heavy Industries S.A.,Mangalia,199.95,191.23,32.29,32.26,32.57,10.02,22.29,—,Unknown Engine Designer,Hoegh Autoliners ASA,Norway,Oslo,—,Leif Hoegh & Company As,Norway,Hoegh Autoliners ASA,Norway,Hoegh Autoliners Shipping AS,Norway,Hoegh Technical Management Incorporated,Philippines,Hoegh Autoliners Management AS,Norway,—,—,Hoegh Autoliners Management AS,Norway,—,—,—,—,9673381,258975000,—,—,8UEC60LSII
vehicle carrier,11311313,Viking Bravery,Live,Marshall Islands,20053,2015,50'+ gt,18446,Single,V7A5090,62106,JLZ8120413,Jinling Shipyard,Nanjing,199.90,190.00,34.90,32.26,14.95,10.00,4.95,—,B&W Diesel A/S,Gram Car Carriers AS,Norway,Majuro,—,Mediterranean Shipping Company S.A. (MSC),Switzerland,Gram Car Carriers AS,Norway,Gram Car Carriers Shipowning 4 AS,Norway,OSM Ship Management Private Limited,Republic of Singapore,—,—,—,—,OSM Ship Management Private Limited,Republic of Singapore,—,—,—,—,9673020,538009727,—,—,6S60ME-C
vehicle carrier,113566,Anna,Dead,Norway (Int. Register),11913,1978,30'-50'gt,17224,Single,—,39710,2043,Shin Kurushima Dockyard Company Limited,Tokyo,196.50,184.00,30.03,30.00,12.20,8.83,3.37,Kawasaki Shipbuilding Corporation,MAN Energy Solutions SE,Chinese Breakers,—,Grimstad,—,—,—,—,—,—,—,—,—,—,—,—,—,—,—,—,—,—,—,7804596,—,12587,16880,16V52/55A
vehicle carrier,11423588,Aries Leader,Live,Panama,23849,2014,50'+ gt,18808,Single,HPVD,69931,5795,Shin Kurushima Dockyard Company Limited,Onishi,199.98,196.00,—,35.80,21.80,10.43,11.37,—,B&W Diesel A/S,Nippon Yusen Kabushiki Kaisha (NYK Line) (Nippon Yusen Kaisha),Japan,Panama,—,Nippon Yusen Kabushiki Kaisha (NYK Line) (Nippon Yusen Kaisha),Japan,Nippon Yusen Kabushiki Kaisha (NYK Line) (Nippon Yusen Kaisha),Japan,Yugao Ship Holding S.A.,Panama,NYK Shipmanagement Private Limited,Republic of Singapore,—,—,—,—,NYK Shipmanagement Private Limited,Republic of Singapore,—,—,—,—,9676864,370681000,13750,18439,7S60ME-C8.2
vehicle carrier,11423648,Pisces Leader,Live,Panama,23849,2014,50'+ gt,18781,Single,HPCT,69931,5796,Shin Kurushima Dockyard Company Limited,Onishi,199.98,196.00,—,35.80,21.80,10.43,11.37,—,B&W Diesel A/S,Libera Corporation,Japan,Panama,—,Libera Corporation,Japan,Libera Corporation,Japan,Centennial Shipping SA,Panama,Sandigan Ship Services Incorporated,Philippines,—,—,—,—,Sandigan Ship Services Incorporated,Philippines,—,—,—,—,9676876,353987000,13750,18439,7S60ME-C8.2
vehicle carrier,114301,Tosca,Dead,Singapore,29238,1978,30'-50'gt,12197,Single,—,45037,63,NKK Shipbuilding (Nippon Kokan K.K),Tsu,195.00,180.00,31.70,31.70,28.00,9.20,18.80,NKK Corporation,Semt Pielstick SA,Chinese Breakers,—,Singapore,—,—,—,—,—,—,—,—,—,—,—,—,—,—,—,—,—,—,—,7708833,—,7755,10400,16PC2-5V-400
vehicle carrier,114321,Glorious Fortune,Dead,Panama,13389,1978,-30'gt,19142,Single,—,18280,—,—,Japan,197.00,—,31.60,—,15.00,9.50,5.50,—,Unknown Engine Designer,Fukunaga,—,Panama,—,—,—,—,—,—,—,—,—,—,—,—,—,—,—,—,—,—,—,7807847,—,10067,13500,UNKNOWN
vehicle carrier,114323,Blue Hawk,Dead,Liberia,12214,1978,30'-50'gt,14407,Single,—,40711,431,Tsuneishi Shipbuilding Company Limited,Hiroshima,186.00,174.00,32.00,32.00,13.18,9.02,4.16,Mitsui Engineering & Shipbuilding Company Limited,B&W Diesel A/S,Chinese Breakers,—,Monrovia,—,—,—,—,—,—,—,—,—,—,—,—,—,—,—,—,—,—,—,7800370,—,12356,16800,9L67GF
vehicle carrier,114460,Rio Enco,Dead,Chile,5960,1978,-30'gt,7426,Single,—,19867,10038,Oshima Shipbuilding Company Limited,Oshima,138.00,—,26.00,26.00,23.70,7.82,15.88,"Sumitomo Heavy Industries, Limited",Sulzer Turbomachinery Services,Indian Breakers,—,Valparaiso,—,—,—,—,—,—,—,—,—,—,—,—,—,—,—,—,—,—,—,7806635,—,8531,11600,16ZV40/48
vehicle carrier,11481268,Glovis Superior,Live,South Korea,22540,2013,50'+ gt,20002,Single,D8GL,64824,S-669,HD Hyundai Samho Company Limited,Samho,199.97,188.80,—,35.40,20.52,10.02,10.50,—,Unknown Engine Designer,Hyundai Glovis Company Limited,Republic of Korea,Jeju,—,Hyundai Glovis Company Limited,Republic of Korea,Hyundai Glovis Company Limited,Republic of Korea,Hyundai Glovis Company Limited,Republic of Korea,G-Marine Service Company Limited (GMS),Republic of Korea,—,—,—,—,G-Marine Service Company Limited (GMS),Republic of Korea,—,—,—,—,9674189,441156000,—,—,7G60ME-C9
vehicle carrier,11481328,Glovis Spirit,Live,South Korea,22540,2013,50'+ gt,20002,Single,D8GO,64824,S-667,HD Hyundai Samho Company Limited,Samho,199.97,188.80,—,35.40,20.52,10.02,10.50,—,Unknown Engine Designer,Hyundai Glovis Company Limited,Republic of Korea,Jeju,—,Hyundai Glovis Company Limited,Republic of Korea,Hyundai Glovis Company Limited,Republic of Korea,Hyundai Glovis Company Limited,Republic of Korea,G-Marine Service Company Limited (GMS),Republic of Korea,—,—,—,—,G-Marine Service Company Limited (GMS),Republic of Korea,—,—,—,—,9674165,441151000,—,—,7G60ME-C9
vehicle carrier,11481368,Morning Cherry,Live,Panama,19152,2014,50'+ gt,18556,Single,3FOD5,59525,1619,Imabari Shipbuilding Company Limited,Imabari,199.97,192.00,32.26,32.26,21.31,10.02,12.31,Kobe Diesel Company Limited,Unknown Engine Designer,Shoei Kisen KK (Shoei Kisen Kaisha Limited),Japan,Panama,—,Imabari Shipbuilding Company Limited,Japan,Shoei Kisen KK (Shoei Kisen Kaisha Limited),Japan,Shoei Kisen Kaisha Limited (90%) and Paraiso Shipping S.A. (10%),Japan,Fleet Ship Management Private Limited,Republic of Singapore,EUKOR Car Carriers Incorporated,Republic of Korea,—,—,Fleet Ship Management Private Limited,Republic of Singapore,—,—,—,—,9675585,357076000,12240,16414,8UEC60LSII
vehicle carrier,11482348,Glovis Supreme,Live,South Korea,22552,2013,50'+ gt,20002,Single,D8GM,64824,S-668,HD Hyundai Samho Company Limited,Samho,199.97,188.80,—,35.40,14.48,10.02,4.46,—,Unknown Engine Designer,Hyundai Glovis Company Limited,Republic of Korea,Jeju,—,Hyundai Glovis Company Limited,Republic of Korea,Hyundai Glovis Company Limited,Republic of Korea,Hyundai Glovis Company Limited,Republic of Korea,G-Marine Service Company Limited (GMS),Republic of Korea,—,—,—,—,G-Marine Service Company Limited (GMS),Republic of Korea,—,—,—,—,9674177,441133000,—,—,7G60ME-C9
vehicle carrier,11482768,Galveston Highway,Live,Panama,19152,2014,50'+ gt,18549,Single,3FAJ5,59525,1618,Imabari Shipbuilding Company Limited,Marugame,199.97,190.00,—,32.26,21.31,10.02,12.31,Kobe Diesel Company Limited,Unknown Engine Designer,Northstar Ship Management Limited,"Hong Kong, S.A.R., China",Panama,—,Northstar Ship Management Limited,"Hong Kong, S.A.R., China",Northstar Ship Management Limited,"Hong Kong, S.A.R., China",Nelson Shipping Corporation,"Hong Kong, S.A.R., China",Wallem Shipmanagement Limited (WSM),"Hong Kong, S.A.R., China",Kawasaki Kisen Kaisha Limited (Kawasaki Kisen KK) ('K' Line),Japan,—,—,Wallem Shipmanagement Limited (WSM),"Hong Kong, S.A.R., China",—,—,—,—,9675573,353100000,12240,16414,8UEC60LSII
vehicle carrier,115170,Ganta,Dead,Panama,7630,1978,-30'gt,11311,Single,—,25431,1061,Imabari Shipbuilding Company Limited (Marugame),Marugame,164.00,154.01,26.83,26.83,9.73,8.02,1.71,Mitsubishi Heavy Industries Limited,Sulzer Turbomachinery Services,Chinese Breakers,—,Panama,—,—,—,—,—,—,—,—,—,—,—,—,—,—,—,—,—,—,—,7814981,—,8384,11400,6RND68
vehicle carrier,115641,Parsifal,Dead,Singapore,15335,1978,-30'gt,11038,Single,—,15647,—,—,Japan,165.00,155.02,27.60,27.60,11.69,7.80,3.89,MAN Energy Solutions SE,MAN Energy Solutions SE,Wallenius AB,—,Singapore,—,—,—,—,—,—,—,—,—,—,—,—,—,—,—,—,—,—,—,7814060,—,8948,12000,MAN DIESEL
vehicle carrier,115737,Setubal,Dead,Panama,8340,1978,-30'gt,7351,Single,—,20248,10039,Oshima Shipbuilding Company Limited,Oshima,138.00,130.00,26.00,26.00,11.45,7.82,3.63,"Sumitomo Heavy Industries, Limited",Sulzer Turbomachinery Services,Turkish Breakers,—,Panama,—,—,—,—,—,—,—,—,—,—,—,—,—,—,—,—,—,—,—,7812452,—,8531,11600,16ZV40/48
vehicle carrier,116047,N.Venture,Dead,Thailand,2424,1978,-30'gt,2589,Single,—,6347,990,Usuki Shipyard Company Limited,Usuki,106.00,98.63,17.01,17.01,5.59,5.34,0.25,Akasaka Diesels Limited,Mitsubishi Heavy Industries Limited,Bangladesh Breakers,—,Bangkok,—,—,—,—,—,—,—,—,—,—,—,—,—,—,—,—,—,—,—,7805825,—,3309,4500,6UET45/80D
vehicle carrier,116170,Bilal,Dead,Panama,202,1945,-30'gt,667,Single,—,485,—,—,U.S.A.,62.00,—,10.40,—,3.50,2.30,1.20,—,Unknown Engine Designer,Tchacos E.,—,Panama,—,—,—,—,—,—,—,—,—,—,—,—,—,—,—,—,—,—,—,7646401,—,496,665,UNKNOWN
vehicle carrier,116171,Bilal II,Dead,Panama,202,1945,-30'gt,667,Single,—,485,—,—,,62.00,—,—,—,3.50,2.30,1.20,—,Unknown Engine Designer,—,—,Panama,—,—,—,—,—,—,—,—,—,—,—,—,—,—,—,—,—,—,—,7646396,—,496,665,UNKNOWN
vehicle carrier,11672570,Morning Pride,Live,Marshall Islands,25639,2014,50'+ gt,22675,Single,V7FM4,65424,HGHI2629,HD Hyundai Heavy Industries Company Limited,Gunsan,199.97,188.80,35.43,35.40,20.38,10.50,9.88,—,B&W Diesel A/S,EUKOR Car Carriers Incorporated,Republic of Korea,Majuro,—,Wilh. Wilhelmsen Holding ASA (Wilship),Norway,EUKOR Car Carriers Incorporated,Republic of Korea,Pride International Associates SA,Marshall Islands,Wilhelmsen Ship Management Korea Limited,Republic of Korea,—,—,—,—,Wilhelmsen Ship Management Korea Limited,Republic of Korea,—,—,—,—,9681431,538005617,19040,25533,8S60ME-C
vehicle carrier,11765529,Hoegh Target,Live,Norway (Int. Register),23242,2015,50'+ gt,22068,Single,LAUJ7,76420,462A,Xiamen Shipbuilding Industry Company Limited,Xiamen,199.90,193.06,40.80,36.50,14.40,10.32,4.08,—,Unknown Engine Designer,Hoegh Autoliners ASA,Norway,Oslo,—,Leif Hoegh & Company As,Norway,Hoegh Autoliners ASA,Norway,Hoegh Autoliners Shipping AS,Norway,Hoegh Technical Management Incorporated,Philippines,—,—,—,—,Hoegh Autoliners Management AS,Norway,—,—,—,—,9684976,257864000,—,—,7UEC60LSE
vehicle carrier,11765536,Hoegh Tracer,Live,Norway (Int. Register),23242,2016,50'+ gt,21983,Single,LAUL7,76420,XSI462C,Xiamen Shipbuilding Industry Company Limited,Xiamen,199.90,193.10,40.80,36.50,14.40,10.32,4.08,—,Unknown Engine Designer,Hoegh Autoliners ASA,Norway,Oslo,—,Leif Hoegh & Company As,Norway,Hoegh Autoliners ASA,Norway,Hoegh Autoliners Shipping AS,Norway,Hoegh Technical Management Incorporated,Philippines,—,—,—,—,Hoegh Autoliners Management AS,Norway,—,—,—,—,9684990,258628000,—,—,7UEC60LSE
vehicle carrier,11765543,Hoegh Trigger,Live,Norway (Int. Register),23242,2015,50'+ gt,22088,Single,LAUK7,76420,462B,Xiamen Shipbuilding Industry Company Limited,Xiamen,199.94,193.08,40.77,36.50,14.40,10.32,4.08,—,Unknown Engine Designer,Hoegh Autoliners ASA,Norway,Oslo,—,Leif Hoegh & Company As,Norway,Hoegh Autoliners ASA,Norway,Hoegh Autoliners Shipping AS,Norway,Hoegh Technical Management Incorporated,Philippines,—,—,—,—,Hoegh Autoliners Management AS,Norway,—,—,—,—,9684988,258389000,—,—,7UEC60LSE
vehicle carrier,11848259,Hermes Leader,Live,Bahamas,25579,2015,50'+ gt,20941,Single,C6AX9,71177,8146,HD Hyundai Mipo Company Limited,Ulsan,199.97,188.70,—,35.40,36.25,10.60,25.65,—,Unknown Engine Designer,Ray Shipping Limited,Israel,Nassau,—,Ray Shipping Limited,Israel,Ray Shipping Limited,Israel,Hermes Maritime Limited,Marshall Islands,Stamco Ship Management Company Limited,Greece,—,—,—,—,Stamco Ship Management Company Limited,Greece,—,—,—,—,9690535,311000188,—,—,6S60ME-C8
vehicle carrier,11848516,Harvest Leader,Live,Bahamas,25579,2014,50'+ gt,20941,Single,C6AX8,71177,8145,HD Hyundai Mipo Company Limited,Ulsan,199.97,188.70,36.00,35.40,36.25,10.60,25.65,—,Unknown Engine Designer,Ray Shipping Limited,Israel,Nassau,—,Ray Shipping Limited,Israel,Ray Shipping Limited,Israel,Harvest Maritime Limited,Bahamas,Stamco Ship Management Company Limited,Greece,—,—,—,—,Stamco Ship Management Company Limited,Greece,—,—,—,—,9690523,311000187,—,—,6S60ME-C8
vehicle carrier,11848526,Helios Ray,Live,Bahamas,25579,2015,50'+ gt,12900,Single,C6BO7,71177,8147,HD Hyundai Mipo Company Limited,Ulsan,199.97,188.70,—,35.40,36.25,9.00,27.25,—,Unknown Engine Designer,Ray Car Carriers Limited,Isle of Man,Nassau,—,Ray Shipping Limited,Israel,Ray Car Carriers Limited,Isle of Man,Helios Ray Limited,Bahamas,Stamco Ship Management Company Limited,Greece,—,—,—,—,Stamco Ship Management Company Limited,Greece,—,—,—,—,9690547,311000321,—,—,6S60ME-C8
vehicle carrier,11848528,Hyperion Ray,Live,Bahamas,25578,2015,50'+ gt,20903,Single,C6BO8,71177,8148,HD Hyundai Mipo Company Limited,Ulsan,199.97,188.70,35.43,35.40,36.25,10.60,25.65,—,Unknown Engine Designer,Ray Car Carriers Limited,Isle of Man,Nassau,—,Ray Shipping Limited,Israel,Ray Car Carriers Limited,Isle of Man,Hyperion Ray Limited,Bahamas,Stamco Ship Management Company Limited,Greece,—,—,—,—,Stamco Ship Management Company Limited,Greece,—,—,—,—,9690559,311000322,—,—,6S60ME-C8
vehicle carrier,11991613,Traviata,Live,Sweden,32169,2019,50'+ gt,21500,Single,SBJH,72400,NB005-2,Tianjin Xingang Shipbuilding Heavy Industry Company Limited,Tianjin,199.99,196.15,—,36.50,37.85,—,—,—,B&W Diesel A/S,Wallenius Wilhelmsen Ocean Holding AS,Norway,Stockholm,—,Wilh Wilhelmsen ASA (WILSHIP),Norway,Wallenius Wilhelmsen Ocean Holding AS,Norway,Wall Ro/Ro AB,Sweden,Wallenius Marine AB,Sweden,—,—,—,—,Wallenius Marine AB,Sweden,—,—,—,—,9700524,265012000,—,—,8S60ME-C8
vehicle carrier,11991663,Titus,Live,Malta,32169,2018,50'+ gt,21500,Single,9HA4089,73358,NB005-1,Tianjin Xingang Shipbuilding Heavy Industry Company Limited,Tianjin,200.00,196.15,—,36.50,37.85,10.30,27.55,—,B&W Diesel A/S,Wallenius Wilhelmsen Ocean Holding AS,Norway,Valletta,—,Wilh Wilhelmsen ASA (WILSHIP),Norway,Wallenius Wilhelmsen Ocean Holding AS,Norway,Wall Ro/Ro AB,Sweden,Wallenius Marine AB,Sweden,—,—,—,—,Wallenius Marine AB,Sweden,—,—,—,—,9700512,249011000,12551,16831,8S60ME-C8
vehicle carrier,12035049,Hokuo Maru,Live,Japan,—,2014,-30'gt,6710,Single,JD3726,11492,771,Naikai Zosen Shipbuilding Corporation,Innoshima,173.08,162.00,—,27.00,11.70,6.77,4.93,—,MAN Diesel AS,Hokusei Kaiun K.K.,Japan,Tokyo,—,Hokusei Kaiun K.K.,Japan,Hokusei Kaiun K.K.,Japan,Hokusei Kaiun K.K.,Japan,Hokusei Kaiun K.K.,Japan,—,—,—,—,—,—,—,—,—,—,9700304,431001040,15930,21362,9S50ME-C8.2
vehicle carrier,12035247,Shin Ka Maru,Live,Japan,—,2014,-30'gt,7267,Single,JD3630,16726,765,Naikai Zosen Shipbuilding Corporation,Innoshima,174.95,162.00,—,29.00,17.80,7.22,10.58,Hitachi Zosen Corporation,B&W Diesel A/S,"Japan Railway Construction, Transport & Technology Agency & Kuribayashi Maritime KK",Japan,Tokyo,—,"Japan Railway Construction, Transport & Technology Agency",Japan,"Japan Railway Construction, Transport & Technology Agency & Kuribayashi Maritime KK",Japan,"Japan Railway Construction, Transport & Technology Agency & Kuribayashi Maritime KK",Japan,Sanyu Mari-Tech Company Limited,Japan,—,—,—,—,Sanyu Mari-Tech Company Limited,Japan,—,—,—,—,9700275,431005364,13280,17809,8S50MC-C
vehicle carrier,12077586,Glovis Sunrise,Live,South Korea,22552,2014,50'+ gt,19911,Single,D7FX,64717,S-717,HD Hyundai Samho Company Limited,Samho,199.97,188.80,—,35.40,20.52,10.02,10.50,—,Unknown Engine Designer,Hyundai Glovis Company Limited,Republic of Korea,Jeju,—,Hyundai Glovis Company Limited,Republic of Korea,Hyundai Glovis Company Limited,Republic of Korea,Hyundai Glovis Company Limited,Republic of Korea,G-Marine Service Company Limited (GMS),Republic of Korea,Stena Glovis SE,Germany,—,—,G-Marine Service Company Limited (GMS),Republic of Korea,—,—,—,—,9702405,440202000,—,—,7G60ME-C9
vehicle carrier,12077588,Glovis Crystal,Live,South Korea,20619,2015,50'+ gt,20019,Single,D7LY,59954,S-676,HD Hyundai Heavy Industries Company Limited,Ulsan,199.98,188.60,—,32.26,20.38,10.02,10.36,—,Unknown Engine Designer,Hyundai Glovis Company Limited,Republic of Korea,—,—,Hyundai Glovis Company Limited,Republic of Korea,Hyundai Glovis Company Limited,Republic of Korea,Hyundai Glovis Company Limited,Republic of Korea,G-Marine Service Company Limited (GMS),Republic of Korea,—,—,—,—,G-Marine Service Company Limited (GMS),Republic of Korea,—,—,—,—,9707003,441331000,14506,19453,7S60MC-C
vehicle carrier,12077591,Glovis Cosmos,Live,Marshall Islands,20619,2015,50'+ gt,20019,Single,V7KV9,59954,S-678,HD Hyundai Samho Company Limited,Samho,199.98,188.60,—,32.26,14.30,10.02,4.28,—,Unknown Engine Designer,Hyundai Glovis Company Limited,Republic of Korea,Majuro,—,Hyundai Glovis Company Limited,Republic of Korea,Hyundai Glovis Company Limited,Republic of Korea,GL NV30 Shipping Incorporated,Marshall Islands,G-Marine Service Company Limited (GMS),Republic of Korea,—,—,—,—,G-Marine Service Company Limited (GMS),Republic of Korea,—,—,—,—,9707027,538006227,14506,19453,7S60MC-C
vehicle carrier,12077667,Thermopylae,Live,Malta,29329,2015,50'+ gt,23786,Single,9HA3539,75283,S721,HD Hyundai Samho Company Limited,Samho,199.97,190.85,36.54,36.50,38.25,10.62,27.63,—,Unknown Engine Designer,Wallenius Wilhelmsen Ocean Holding AS,Norway,Valletta,—,Wilh Wilhelmsen ASA (WILSHIP),Norway,Wallenius Wilhelmsen Ocean Holding AS,Norway,Wilhelmsen Lines Shipowning Malta Limited,Malta,Wilhelmsen Ship Management (Norway) AS,Norway,—,—,—,—,Wilhelmsen Ship Management (Norway) AS,Norway,—,—,—,—,9702443,229711000,—,—,6S60ME-C8
vehicle carrier,12077680,Glovis Crown,Live,South Korea,20661,2014,50'+ gt,20019,Single,D7LK,59760,S-675,HD Hyundai Samho Company Limited,Samho,199.98,188.60,—,32.26,20.38,10.02,10.36,—,Unknown Engine Designer,Hyundai Glovis Company Limited,Republic of Korea,—,—,Hyundai Glovis Company Limited,Republic of Korea,Hyundai Glovis Company Limited,Republic of Korea,Hyundai Glovis Company Limited,Republic of Korea,G-Marine Service Company Limited (GMS),Republic of Korea,—,—,—,—,G-Marine Service Company Limited (GMS),Republic of Korea,—,—,—,—,9706994,440906000,14506,19453,7S60MC-C
vehicle carrier,12077853,Thalatta,Live,Malta,29329,2015,50'+ gt,23786,Single,9HA3538,75283,S722,HD Hyundai Samho Company Limited,Samho,199.97,190.85,36.54,36.50,38.25,10.62,27.63,—,Unknown Engine Designer,Wallenius Wilhelmsen Ocean Holding AS,Norway,Valletta,—,Wilh Wilhelmsen ASA (WILSHIP),Norway,Wallenius Wilhelmsen Ocean Holding AS,Norway,Wilhelmsen Lines Shipowning Malta Limited,Malta,Wilhelmsen Ship Management (Norway) AS,Norway,—,—,—,—,Wilhelmsen Ship Management (Norway) AS,Norway,—,—,—,—,9702455,229710000,—,—,6S60ME-C8
vehicle carrier,12077919,Glovis Summit,Live,South Korea,22552,2014,50'+ gt,19911,Single,D7BG,64717,S-718,HD Hyundai Samho Company Limited,Samho,199.97,188.80,—,35.40,20.52,10.02,10.50,—,Unknown Engine Designer,Hyundai Glovis Company Limited,Republic of Korea,Jeju,—,Hyundai Glovis Company Limited,Republic of Korea,Hyundai Glovis Company Limited,Republic of Korea,Hyundai Glovis Company Limited,Republic of Korea,G-Marine Service Company Limited (GMS),Republic of Korea,Stena Glovis SE,Germany,—,—,G-Marine Service Company Limited (GMS),Republic of Korea,—,—,—,—,9702417,440245000,—,—,7G60ME-C9
vehicle carrier,12088002,Glovis Splendor,Live,South Korea,22577,2014,50'+ gt,20056,Single,D7GY,64776,S-720,HD Hyundai Samho Company Limited,Samho,199.97,188.80,—,35.40,14.48,10.02,4.46,—,Unknown Engine Designer,Hyundai Glovis Company Limited,Republic of Korea,Jeju,—,Hyundai Glovis Company Limited,Republic of Korea,Hyundai Glovis Company Limited,Republic of Korea,Hyundai Glovis Company Limited,Republic of Korea,G-Marine Service Company Limited (GMS),Republic of Korea,Stena Glovis SE,Germany,—,—,G-Marine Service Company Limited (GMS),Republic of Korea,—,—,—,—,9702431,440254000,—,—,7G60ME-C9
vehicle carrier,12088081,Glovis Symphony,Live,South Korea,22577,2014,50'+ gt,19911,Single,D7GX,64717,S-719,HD Hyundai Samho Company Limited,Samho,199.97,188.80,—,35.40,20.52,10.02,10.50,—,Unknown Engine Designer,Hyundai Glovis Company Limited,Republic of Korea,Jeju,—,Hyundai Glovis Company Limited,Republic of Korea,Hyundai Glovis Company Limited,Republic of Korea,Hyundai Glovis Company Limited,Republic of Korea,G-Marine Service Company Limited (GMS),Republic of Korea,Stena Glovis SE,Germany,—,—,G-Marine Service Company Limited (GMS),Republic of Korea,—,—,—,—,9702429,440252000,—,—,7G60ME-C9
vehicle carrier,12088084,Glovis Captain,Live,Marshall Islands,20619,2015,50'+ gt,20019,Single,V7KI4,59954,S-677,HD Hyundai Samho Company Limited,Samho,199.98,188.60,—,32.26,14.30,10.02,4.28,—,Unknown Engine Designer,Hyundai Glovis Company Limited,Republic of Korea,Majuro,—,Hyundai Glovis Company Limited,Republic of Korea,Hyundai Glovis Company Limited,Republic of Korea,Hyundai Glovis Company Limited,Republic of Korea,Hyundai Glovis Company Limited,Republic of Korea,—,—,—,—,—,—,—,—,—,—,9707015,538006167,14506,19453,7S60MC-C
vehicle carrier,12096761,Hoegh Trapper,Live,Norway (Int. Register),23242,2016,50'+ gt,20766,Single,LAUM7,76420,XSI462D,Xiamen Shipbuilding Industry Company Limited,Xiamen,199.89,193.08,40.74,36.50,14.40,10.32,4.08,—,Unknown Engine Designer,Hoegh Autoliners ASA,Norway,Oslo,—,Leif Hoegh & Company As,Norway,Hoegh Autoliners ASA,Norway,Hoegh Autoliners Shipping AS,Norway,Hoegh Technical Management Incorporated,Philippines,—,—,—,—,Hoegh Autoliners Management AS,Norway,—,—,—,—,9706918,258872000,—,—,7UEC60LSE
vehicle carrier,121044,Arahanga,Dead,New Zealand,2546,1972,-30'gt,2391,Single,—,8488,111,—,U.K.,127.00,—,18.80,—,5.30,4.90,0.40,—,Unknown Engine Designer,Tranz Rail,—,—,—,—,—,—,—,—,—,—,—,—,—,—,—,—,—,—,—,—,—,7204899,—,4474,6000,UNKNOWN
vehicle carrier,12117230,Taurus Leader,Live,Singapore,23849,2015,50'+ gt,19278,Single,9V3259,69931,5820,Shin Kurushima Dockyard Company Limited,Japan,199.98,196.00,35.87,35.80,37.70,10.43,27.27,Mitsui Engineering & Shipbuilding Company Limited,B&W Diesel A/S,Singapore Shipping Corporation Limited,Republic of Singapore,Singapore,—,Singapore Shipping Corporation Limited,Republic of Singapore,Singapore Shipping Corporation Limited,Republic of Singapore,SSC Taurus 2015 7000 Private Limited,Republic of Singapore,SSC Ship Management Private Limited,Republic of Singapore,Nippon Yusen Kabushiki Kaisha (NYK Line) (Nippon Yusen Kaisha),Japan,—,—,SSC Ship Management Private Limited,Republic of Singapore,—,—,—,—,9700550,566095000,—,—,7S60ME-C8.2
vehicle carrier,121242,Atsuta Maru,Dead,Panama,1532,1968,-30'gt,1242,Single,—,2502,—,—,Japan,99.00,—,14.60,—,7.70,4.70,3.00,—,Unknown Engine Designer,—,—,Panama,—,—,—,—,—,—,—,—,—,—,—,—,—,—,—,—,—,—,—,6819269,—,2013,2700,UNKNOWN
vehicle carrier,12125892,Hoegh Traveller,Live,Norway (Int. Register),23242,2016,50'+ gt,21918,Single,LAUN7,76420,XSI462E,Xiamen Shipbuilding Industry Company Limited,Xiamen,199.87,193.05,40.76,36.50,14.40,10.32,4.08,—,Unknown Engine Designer,Hoegh Autoliners ASA,Norway,Oslo,—,Leif Hoegh & Company As,Norway,Hoegh Autoliners ASA,Norway,Hoegh Autoliners Shipping AS,Norway,Hoegh Technical Management Incorporated,Philippines,—,—,—,—,Hoegh Autoliners Management AS,Norway,—,—,—,—,9710737,259075000,—,—,7UEC60LSE
vehicle carrier,12126164,Hoegh Trotter,Live,Norway (Int. Register),23242,2016,50'+ gt,21901,Single,LAUO7,76420,XSI462F,Xiamen Shipbuilding Industry Company Limited,Xiamen,199.87,193.05,40.76,36.50,14.40,10.32,4.08,—,Unknown Engine Designer,Hoegh Autoliners ASA,Norway,Oslo,—,Leif Hoegh & Company As,Norway,Hoegh Autoliners ASA,Norway,Hoegh Autoliners Shipping AS,Norway,Hoegh Technical Management Incorporated,Philippines,—,—,—,—,Hoegh Autoliners Management AS,Norway,—,—,—,—,9710749,259274000,—,—,7UEC60LSE
vehicle carrier,121553,Azalea Ace,Dead,Panama,9679,1979,-30'gt,12672,Single,—,27874,1059,Imabari Shipbuilding Company Limited (Marugame),Marugame,174.00,164.01,26.81,26.81,9.89,8.01,1.88,Ishikawajima-Harima Heavy Industries Company Limited,Semt Pielstick SA,Bangladesh Breakers,—,Panama,—,—,—,—,—,—,—,—,—,—,—,—,—,—,—,—,—,—,—,7908586,—,10002,13600,16PC2-5V-400
vehicle carrier,12169249,Hawaiian Highway,Live,Marshall Islands,23469,2015,50'+ gt,20606,Single,V7LW8,75126,5848,Shin Kurushima Dockyard Company Limited,Onishi,199.96,196.00,—,38.00,21.77,10.23,11.54,Kobe Diesel Company Limited,Mitsubishi Heavy Industries Limited,Kawasaki Kisen Kaisha Limited (Kawasaki Kisen KK) ('K' Line),Japan,Majuro,—,Kawasaki Kisen Kaisha Limited (Kawasaki Kisen KK) ('K' Line),Japan,Kawasaki Kisen Kaisha Limited (Kawasaki Kisen KK) ('K' Line),Japan,Ambitious Asset Management Company Limited,Marshall Islands,'K' Line RoRo Bulk Ship Management Company Limited,Japan,—,—,—,—,'K' Line RoRo Bulk Ship Management Company Limited,Japan,Unknown,Unknown,Unknown Scrubber Manufacturer,Retrofit,9712632,538006326,13200,17701,7UEC60LSE
vehicle carrier,12169891,Hamburg Highway,Live,Japan,23939,2015,50'+ gt,20703,Single,7JUW,75206,5850,Shin Kurushima Dockyard Company Limited,Onishi,199.96,196.00,—,38.00,21.92,10.23,11.69,Kobe Diesel Company Limited,Mitsubishi Heavy Industries Limited,Kawasaki Kisen Kaisha Limited (Kawasaki Kisen KK) ('K' Line),Japan,Kobe,—,Kawasaki Kisen Kaisha Limited (Kawasaki Kisen KK) ('K' Line),Japan,Kawasaki Kisen Kaisha Limited (Kawasaki Kisen KK) ('K' Line),Japan,Ayame Marine Company Limited,Japan,'K' Line RoRo Bulk Ship Management Company Limited,Japan,—,—,—,—,'K' Line RoRo Bulk Ship Management Company Limited,Japan,—,—,—,—,9712644,431262000,13200,17701,7UEC60LSE
vehicle carrier,12173,Halibut,Live,St. Vincent & Grenadines,1795,1975,-30'gt,4152,Single,J8JN,4065,386,Tokushima Shipbuilding Company Limited,Komatsushima,98.00,89.99,16.00,16.00,6.80,6.02,0.78,The Hanshin Diesel Works Limited,The Hanshin Diesel Works Limited,Zhongshan Huangpu Metal Products Factory,People's Republic of China,Kingstown,—,Zhongshan Huangpu Metal Products Factory,People's Republic of China,Zhongshan Huangpu Metal Products Factory,People's Republic of China,Zhongshan Huangpu Metal Products Factory,People's Republic of China,Zhongshan Huangpu Metal Products Factory,People's Republic of China,—,—,—,—,—,—,—,—,—,—,7430371,—,2834,3800,6LU50A
vehicle carrier,12214531,Lake Geneva,Live,Liberia,19125,2015,50'+ gt,18611,Single,D5GF5,59516,1601,Imabari Shipbuilding Company Limited,Marugame,199.97,190.00,—,32.26,21.31,10.02,11.29,Kobe Diesel Company Limited,Unknown Engine Designer,Imabari Senpaku Company Limited,Japan,Monrovia,—,Imabari Senpaku Company Limited,Japan,Imabari Senpaku Company Limited,Japan,Imabari Senpaku Company Limited & I.M.A. Lines Company S.A.,Japan,Eastern Pacific Shipping (UK) Limited,United Kingdom,—,—,—,—,Eastern Pacific Shipping (UK) Limited,United Kingdom,—,—,—,—,9713882,636016445,12120,16253,8UEC60LSII
vehicle carrier,12214553,Castor Leader,Live,Panama,23218,2015,50'+ gt,21186,Single,3ELT9,70048,1603,Imabari Shipbuilding Company Limited,Japan,199.99,192.00,—,34.80,21.96,10.62,11.34,Kobe Diesel Company Limited,Unknown Engine Designer,Prince Kaiun Company Limited,Japan,Panama,—,Prince Kaiun Company Limited,Japan,Prince Kaiun Company Limited,Japan,Longevity Maritime S.A.,Panama,Prince Kaiun Company Limited,Japan,Nippon Yusen Kabushiki Kaisha (NYK Line) (Nippon Yusen Kaisha),Japan,—,—,NYK Shipmanagement Private Limited,Republic of Singapore,—,—,—,—,9713894,356219000,13800,18506,7UEC60LSE
vehicle carrier,12235551,Themis,Live,Singapore,29329,2016,50'+ gt,23786,Single,9V3558,75283,S726,HD Hyundai Samho Company Limited,Samho,199.97,190.86,36.54,36.50,38.25,10.62,27.63,—,Unknown Engine Designer,ORIX Maritime Corporation,Japan,Singapore,—,ORIX Corporation,Japan,ORIX Maritime Corporation,Japan,Toda Shipping Private Limited,Republic of Singapore,MMS Bulkship Management (Singapore) Private Limited,Republic of Singapore,—,—,—,—,MMS Bulkship Management (Singapore) Private Limited,Republic of Singapore,—,—,—,—,9722314,563220000,—,—,6S60ME-C8
vehicle carrier,12235563,Theben,Live,Singapore,29329,2016,50'+ gt,23786,Single,9V3559,75283,S725,HD Hyundai Samho Company Limited,Samho,199.97,190.85,36.50,36.50,38.25,10.62,27.63,Doosan Engine Company Limited,B&W Diesel A/S,ORIX Maritime Corporation,Japan,Singapore,—,ORIX Corporation,Japan,ORIX Maritime Corporation,Japan,Yuki Shipping Private Limited,Republic of Singapore,MMS Bulkship Management (Singapore) Private Limited,Republic of Singapore,Wallenius Wilhelmsen Ocean Holding AS,Norway,—,—,MMS Bulkship Management (Singapore) Private Limited,Republic of Singapore,Wet,Hybrid,Wartsila Corporation,—,9722302,566044000,14100,18908,8S60ME-C
vehicle carrier,12237180,Global Highway,Live,Panama,23431,2016,50'+ gt,20686,Single,3FUI8,75036,5875,Shin Kurushima Dockyard Company Limited,Onishi,199.96,196.00,—,38.00,21.77,10.23,11.54,Kobe Diesel Company Limited,Mitsubishi Heavy Industries Limited,Shinken Bussan Company Limited,Japan,Panama,—,Shinken Bussan Company Limited,Japan,Shinken Bussan Company Limited,Japan,Shinken International S.A.,Panama,'K' Line RoRo Bulk Ship Management Company Limited,Japan,—,—,—,—,'K' Line RoRo Bulk Ship Management Company Limited,Japan,Unknown,Unknown,Unknown Scrubber Manufacturer,Retrofit,9726695,374494000,13200,17701,7UEC60LSE
vehicle carrier,12237218,Horizon Highway,Live,Panama,23431,2016,50'+ gt,20586,Single,3FVP9,75036,5876,Shin Kurushima Dockyard Company Limited,Onishi,199.96,—,—,38.00,21.77,10.20,11.57,Kobe Diesel Company Limited,Mitsubishi Heavy Industries Limited,'K' Line RoRo Bulk Ship Management Company Limited,Japan,Panama,—,Kawasaki Kisen Kaisha Limited (Kawasaki Kisen KK) ('K' Line),Japan,'K' Line RoRo Bulk Ship Management Company Limited,Japan,Florence Navigation S.A.,Panama,'K' Line RoRo Bulk Ship Management Company Limited,Japan,—,—,—,—,'K' Line RoRo Bulk Ship Management Company Limited,Japan,—,—,—,—,9726700,353105000,13200,17701,7UEC60LSE
vehicle carrier,12237665,Drive Green Highway,Live,Panama,22917,2016,50'+ gt,20034,Single,3FTM8,76387,5044,Japan Marine United Corporation (JMU),Ariake,199.99,190.80,—,37.50,22.04,9.93,12.11,Kawasaki Heavy Industries Limited (Tokyo),Unknown Engine Designer,Kawasaki Kisen Kaisha Limited (Kawasaki Kisen KK) ('K' Line),Japan,Panama,—,Kawasaki Kisen Kaisha Limited (Kawasaki Kisen KK) ('K' Line),Japan,Kawasaki Kisen Kaisha Limited (Kawasaki Kisen KK) ('K' Line),Japan,JMU 5044 Shipping S.A.,Panama,'K' Line RoRo Bulk Ship Management Company Limited,Japan,—,—,—,—,'K' Line RoRo Bulk Ship Management Company Limited,Japan,Unknown,Unknown,Unknown Scrubber Manufacturer,Retrofit,9728069,374438000,13000,17433,7UEC60LSE
vehicle carrier,12237668,Polaris Highway,Live,Panama,22890,2017,50'+ gt,20494,Single,3EMP4,76299,5069/784,Japan Marine United Corporation (JMU),Ariake,199.99,190.80,—,37.50,22.04,9.93,12.11,—,B&W Diesel A/S,'K' Line RoRo Bulk Ship Management Company Limited,Japan,Panama,—,Kawasaki Kisen Kaisha Limited (Kawasaki Kisen KK) ('K' Line),Japan,'K' Line RoRo Bulk Ship Management Company Limited,Japan,Manatee Navigation S.A.,Panama,'K' Line RoRo Bulk Ship Management Company Limited,Japan,—,—,—,—,'K' Line RoRo Bulk Ship Management Company Limited,Japan,—,—,—,—,9728095,356874000,13000,17433,7S60ME-C8.2
vehicle carrier,12237681,Orion Highway,Live,Panama,22890,2016,50'+ gt,20532,Single,3ESA4,76299,5045,Japan Marine United Corporation (JMU),Ariake,199.99,190.80,—,37.50,22.04,9.93,12.11,—,B&W Diesel A/S,'K' Line RoRo Bulk Ship Management Company Limited,Japan,Panama,—,Kawasaki Kisen Kaisha Limited (Kawasaki Kisen KK) ('K' Line),Japan,'K' Line RoRo Bulk Ship Management Company Limited,Japan,Manatee Navigation S.A.,Panama,'K' Line RoRo Bulk Ship Management Company Limited,Japan,—,—,—,—,'K' Line RoRo Bulk Ship Management Company Limited,Japan,Unknown,Unknown,Unknown Scrubber Manufacturer,Retrofit,9728071,374678000,13000,17433,7S60ME-C8.2
vehicle carrier,12237684,Apollon Highway,Live,Panama,22890,2016,50'+ gt,20321,Single,3EJX7,76299,5068,Japan Marine United Corporation (JMU),Ariake,199.99,190.80,—,37.50,22.04,9.93,12.11,—,B&W Diesel A/S,'K' Line RoRo Bulk Ship Management Company Limited,Japan,Panama,—,Kawasaki Kisen Kaisha Limited (Kawasaki Kisen KK) ('K' Line),Japan,'K' Line RoRo Bulk Ship Management Company Limited,Japan,Manatee Navigation S.A.,Panama,'K' Line RoRo Bulk Ship Management Company Limited,Japan,—,—,—,—,'K' Line RoRo Bulk Ship Management Company Limited,Japan,Unknown,Unknown,Unknown Scrubber Manufacturer,Retrofit,9728083,353013000,13000,17433,7S60ME-C8.2
vehicle carrier,12238133,Viking Destiny,Live,Marshall Islands,40900,2017,50'+ gt,18449,Single,V7HR6,62105,8120437,CSC Jiangsu Jinling Ships Company Limited,Jiangsu,199.90,190.00,—,32.26,32.68,10.02,22.66,—,B&W Diesel A/S,Gram Car Carriers AS,Norway,Majuro,—,Mediterranean Shipping Company S.A. (MSC),Switzerland,Gram Car Carriers AS,Norway,Gram Car Carriers Shipowning AS,Norway,OSM Ship Management Private Limited,Republic of Singapore,Gram Car Carriers Management AS,Norway,—,—,OSM Ship Management Private Limited,Republic of Singapore,—,—,—,—,9728863,538007385,—,—,6S60ME-C
vehicle carrier,12238139,King Quest,Live,Singapore,20053,2017,50'+ gt,18521,Single,9V3536,62105,JLZ8120436,CSC Jiangsu Jinling Ships Company Limited,Jiangsu,199.90,190.00,—,32.26,32.68,10.02,22.66,—,B&W Diesel A/S,Nippon Yusen Kabushiki Kaisha (NYK Line) (Nippon Yusen Kaisha),Japan,Singapore,—,Nippon Yusen Kabushiki Kaisha (NYK Line) (Nippon Yusen Kaisha),Japan,Nippon Yusen Kabushiki Kaisha (NYK Line) (Nippon Yusen Kaisha),Japan,Mont Blanc Shipholding Private Limited,Republic of Singapore,NYK Shipmanagement Private Limited,Republic of Singapore,—,—,—,—,NYK Shipmanagement Private Limited,Republic of Singapore,—,—,—,—,9728851,566971000,—,—,6S60ME-C
vehicle carrier,12238953,Tannhauser,Live,Sweden,32169,2020,50'+ gt,21500,Double Bottom,SBLA,72400,NB005-3,Tianjin Xingang Shipbuilding Heavy Industry Company Limited,Tianjin,199.99,196.15,—,36.50,37.85,11.00,26.85,—,B&W Diesel A/S,NTT TC Leasing Company Limited,Japan,Stockholm,—,NTT Group and Tokyo Century Corporation,Japan,NTT TC Leasing Company Limited,Japan,NF Shipping Maritime 4 Limited,Malta,Wallenius Marine AB,Sweden,Walleniusrederierna AB (Wallenius Lines AB),Sweden,—,—,Wallenius Marine AB,Sweden,—,—,—,—,9731640,265827240,—,—,8S60ME-C8
vehicle carrier,12238975,Nabucco,Live,Sweden,—,2021,50'+ gt,21500,Double Bottom,SBLU,73358,NB005-4,Tianjin Xingang Shipbuilding Heavy Industry Company Limited,Tianjin,199.99,196.15,—,36.50,37.85,14.35,23.50,—,B&W Diesel A/S,Wallenius Wilhelmsen Ocean Holding AS,Norway,—,—,Wilh Wilhelmsen ASA (WILSHIP),Norway,Wallenius Wilhelmsen Ocean Holding AS,Norway,Wall Ro/Ro AB,Sweden,Wallenius Marine AB,Sweden,—,—,—,—,Wallenius Marine AB,Sweden,—,—,—,—,9731652,265021000,—,—,8S60ME-C8
vehicle carrier,12239880,Goodwood,Live,Liberia,19125,2014,50'+ gt,18770,Single,D5GY7,59516,S-1600,Imabari Shipbuilding Company Limited,Marugame,199.97,192.00,—,32.26,21.31,10.02,11.29,Kobe Diesel Company Limited,Unknown Engine Designer,Mizuho Sangyo Company Limited,Japan,Monrovia,—,Mizuho Sangyo Company Limited,Japan,Mizuho Sangyo Company Limited,Japan,Fair Wind Navigation S.A.,Panama,Zodiac Maritime Limited,United Kingdom,Zodiac Maritime Limited,United Kingdom,—,—,Zodiac Maritime Limited,United Kingdom,—,—,—,—,9701140,636016606,12120,16253,8UEC60LSII
vehicle carrier,12239894,Asaka,Live,Japan,—,2014,-30'gt,2325,Single,JD3690,2988,7286,Shin Kochi Heavy Industries Shipbuilding,Kochi(JPN),118.03,—,17.00,16.60,11.99,4.40,7.59,Makita Corporation,B&W Diesel A/S,Unknown Owners,—,Minamishimabara,—,Unknown Owners,—,Unknown Owners,—,Hyuga Kaiun Company Limited,Japan,Hyuga Kaiun Company Limited,Japan,—,—,—,—,—,—,—,—,—,—,9700201,431005691,3900,5230,6L35MC
vehicle carrier,12242445,Auto Eco,Live,Madeira,12727,2016,30'-50'gt,16645,Single,CQIA7,42424,212,Nantong COSCO KHI Ship Engineering Company Limited (NACKS),Nantong,181.00,170.50,—,30.00,20.03,9.60,10.43,—,B&W Diesel A/S,United European Car Carriers Unipessoal Limitada,Madeira,Funchal,—,United European Car Carriers AS,Norway,United European Car Carriers Unipessoal Limitada,Madeira,United European Car Carriers Unipessoal Limitada,Madeira,United European Car Carriers (Grimsby) Limited,United Kingdom,—,—,—,—,United European Car Carriers (Grimsby) Limited,United Kingdom,—,—,—,—,9736365,255805907,5980,8019,8S50ME-C8.2-GI
vehicle carrier,12242448,An Ji 21,Live,China,6984,2015,-30'gt,5742,Single,BOWJ8,20018,9140403,Jinling Shipyard,Nanjing,141.20,129.60,—,24.40,12.85,6.00,6.85,Yichang Marine Diesel Engine Plant,Fuji Diesel Company Limited,SAIC Anji Logistics Company Limited,People's Republic of China,Shanghai,—,SAIC Motor Corporation Limited (SAIC),People's Republic of China,SAIC Anji Logistics Company Limited,People's Republic of China,SAIC Anji Logistics Company Limited,People's Republic of China,SAIC Anji Logistics Company Limited,People's Republic of China,—,—,—,—,SAIC Anji Logistics Company Limited,People's Republic of China,—,—,—,—,9732905,413378790,4980,6678,6S40ME-B9
vehicle carrier,12242452,Auto Energy,Live,Madeira,12727,2016,30'-50'gt,16990,Single,CQIA8,42424,213,Nantong COSCO KHI Ship Engineering Company Limited (NACKS),Nantong,181.00,170.50,—,30.00,20.03,9.60,10.43,—,B&W Diesel A/S,United European Car Carriers Unipessoal Limitada,Madeira,Funchal,—,United European Car Carriers AS,Norway,United European Car Carriers Unipessoal Limitada,Madeira,United European Car Carriers Unipessoal Limitada,Madeira,United European Car Carriers (Grimsby) Limited,United Kingdom,—,—,—,—,United European Car Carriers (Grimsby) Limited,United Kingdom,—,—,—,—,9736377,255805908,5980,8019,8S50ME-C8.2-GI
vehicle carrier,12242461,An Ji 22,Live,China,6984,2016,-30'gt,5749,Single,BICC6,20018,9140404,Jinling Shipyard,Nanjing,141.20,129.60,—,24.40,12.85,6.60,6.25,Yichang Marine Diesel Engine Plant,Fuji Diesel Company Limited,SAIC Anji Logistics Company Limited,People's Republic of China,Shanghai,—,SAIC Motor Corporation Limited (SAIC),People's Republic of China,SAIC Anji Logistics Company Limited,People's Republic of China,SAIC Anji Logistics Company Limited,People's Republic of China,Shanghai Ansheng Automotive Shipping Company Limited,People's Republic of China,—,—,—,—,Shanghai Ansheng Automotive Shipping Company Limited,People's Republic of China,—,—,—,—,9732917,413379190,4980,6678,6S40ME-B9
vehicle carrier,12244453,Glovis Sigma,Live,Bahamas,25578,2016,50'+ gt,20970,Single,C6CF6,71177,8150,HD Hyundai Mipo Company Limited,Ulsan,199.97,188.70,35.43,35.40,36.25,10.62,25.63,—,Unknown Engine Designer,Ray Car Carriers Limited,Isle of Man,Nassau,—,Ray Shipping Limited,Israel,Ray Car Carriers Limited,Isle of Man,Sigma Maritime Limited,Bahamas,Stamco Ship Management Company Limited,Greece,Hyundai Glovis Company Limited,Republic of Korea,—,—,Stamco Ship Management Company Limited,Greece,—,—,—,—,9736810,311000458,—,—,6S60ME-C8
vehicle carrier,12244456,Glovis Star,Live,Bahamas,25578,2016,50'+ gt,12900,Single,C6CF7,71177,8149,HD Hyundai Mipo Company Limited,Ulsan,199.97,188.70,35.43,35.40,36.25,10.62,25.63,—,Unknown Engine Designer,Ray Car Carriers Limited,Isle of Man,Nassau,—,Ray Shipping Limited,Israel,Ray Car Carriers Limited,Isle of Man,Star Maritime Limited,Malta,Stamco Ship Management Company Limited,Greece,—,—,—,—,Stamco Ship Management Company Limited,Greece,—,—,—,—,9736808,311000459,—,—,6S60ME-C8
vehicle carrier,12252302,Deneb Leader,Live,Panama,23218,2015,50'+ gt,21155,Single,3EKQ,70048,1606,Imabari Shipbuilding Company Limited (Marugame),Marugame,199.99,192.00,—,34.80,21.96,10.62,11.34,Kobe Diesel Company Limited,Unknown Engine Designer,NYK Ship Management Company Limited,Japan,Panama,—,Nippon Yusen Kabushiki Kaisha (NYK Line) (Nippon Yusen Kaisha),Japan,NYK Ship Management Company Limited,Japan,Beatrix Shipholding S.A.,Panama,NYK Shipmanagement Private Limited,Republic of Singapore,—,—,—,—,NYK Shipmanagement Private Limited,Republic of Singapore,Unknown,Unknown,Unknown Scrubber Manufacturer,Retrofit,9738777,356688000,13800,18506,7UEC60LSE
vehicle carrier,12257705,Brooklands,Live,Liberia,22257,2017,50'+ gt,18332,Single,D5MP8,72700,5910,Shin Kurushima Dockyard Company Limited,Onishi,199.96,196.00,—,38.00,21.15,9.73,11.42,—,B&W Diesel A/S,Uwajima Unyu KK & Unyu Shisetsuseibi Jigyodan,Japan,Monrovia,—,Uwajima Unyu KK & Unyu Shisetsuseibi Jigyodan,Japan,Uwajima Unyu KK & Unyu Shisetsuseibi Jigyodan,Japan,Uwajima Unyu Company Limited (98.0%) & Arpege S.A. (2.0%),Liberia,Zodiac Maritime Limited,United Kingdom,Zodiac Maritime Chartering Limited,United Kingdom,—,—,Zodiac Maritime Limited,United Kingdom,—,—,—,—,9748289,636017767,13200,17701,7S60ME-C8.2
vehicle carrier,12257708,Donington,Live,Liberia,22257,2017,50'+ gt,18241,Single,D5NC3,72700,5911,Shin Kurushima Dockyard Company Limited,Onishi,199.96,196.00,—,38.00,21.15,9.73,11.42,—,B&W Diesel A/S,Mizuho Sangyo Company Limited,Japan,Monrovia,—,Mizuho Sangyo Company Limited,Japan,Mizuho Sangyo Company Limited,Japan,Fair Wind Navigation S.A.,Panama,Zodiac Maritime Limited,United Kingdom,—,—,—,—,Zodiac Maritime Limited,United Kingdom,—,—,—,—,9748291,636017870,13200,17701,7S60ME-C8.2
vehicle carrier,12258815,Iris Leader,Live,Panama,23217,2015,50'+ gt,20853,Single,3FLB7,70826,1620,Imabari Shipbuilding Company Limited,Imabari,199.99,190.00,—,34.80,21.96,10.62,11.34,Kobe Diesel Company Limited,Unknown Engine Designer,Far-East Transport Company Limited,Japan,Panama,—,Far-East Transport Company Limited,Japan,Far-East Transport Company Limited,Japan,Nobleza Maritima S.A.,Liberia,NYK Shipmanagement Private Limited,Republic of Singapore,Nippon Yusen Kabushiki Kaisha (NYK Line) (Nippon Yusen Kaisha),Japan,—,—,NYK Shipmanagement Private Limited,Republic of Singapore,—,—,—,—,9748019,374217000,13800,18506,7UEC60LSE
vehicle carrier,12259790,Glovis Stella,Live,South Korea,22928,2016,50'+ gt,19638,Single,D7HA,65748,S806,HD Hyundai Samho Company Limited,Samho,199.97,188.80,—,35.40,35.60,10.02,25.58,—,Unknown Engine Designer,Hyundai Glovis Company Limited,Republic of Korea,Jeju,—,Hyundai Glovis Company Limited,Republic of Korea,Hyundai Glovis Company Limited,Republic of Korea,Hyundai Glovis Company Limited,Republic of Korea,G-Marine Service Company Limited (GMS),Republic of Korea,Stena Glovis SE,Germany,—,—,G-Marine Service Company Limited (GMS),Republic of Korea,—,—,—,—,9749570,440257000,—,—,7G60ME-C9
vehicle carrier,12259791,Glovis Spring,Live,South Korea,22949,2016,50'+ gt,19638,Single,D7HK,65785,S808,HD Hyundai Samho Company Limited,Samho,199.97,188.80,—,35.40,35.60,10.02,25.58,—,Unknown Engine Designer,Hyundai Glovis Company Limited,Republic of Korea,Jeju,—,Hyundai Glovis Company Limited,Republic of Korea,Hyundai Glovis Company Limited,Republic of Korea,Hyundai Glovis Company Limited,Republic of Korea,G-Marine Service Company Limited (GMS),Republic of Korea,—,—,—,—,G-Marine Service Company Limited (GMS),Republic of Korea,—,—,—,—,9749594,440260000,—,—,7G60ME-C9
vehicle carrier,12259815,Glovis Sun,Live,South Korea,22928,2015,50'+ gt,19638,Single,D7GZ,65748,S805,HD Hyundai Samho Company Limited,Samho,199.97,188.80,—,35.40,35.60,10.02,25.58,—,Unknown Engine Designer,Hyundai Glovis Company Limited,Republic of Korea,Jeju,—,Hyundai Glovis Company Limited,Republic of Korea,Hyundai Glovis Company Limited,Republic of Korea,Hyundai Glovis Company Limited,Republic of Korea,G-Marine Service Company Limited (GMS),Republic of Korea,Stena Glovis SE,Germany,—,—,G-Marine Service Company Limited (GMS),Republic of Korea,—,—,—,—,9749568,440255000,—,—,7G60ME-C9
vehicle carrier,12259859,Glovis Sirius,Live,South Korea,22928,2016,50'+ gt,19638,Single,D7HG,65748,S807,HD Hyundai Samho Company Limited,Samho,199.97,188.80,—,35.40,35.60,10.02,25.58,—,Unknown Engine Designer,Hyundai Glovis Company Limited,Republic of Korea,Jeju,—,Hyundai Glovis Company Limited,Republic of Korea,Hyundai Glovis Company Limited,Republic of Korea,Hyundai Glovis Company Limited,Republic of Korea,G-Marine Service Company Limited (GMS),Republic of Korea,Stena Glovis SE,Germany,—,—,G-Marine Service Company Limited (GMS),Republic of Korea,—,—,—,—,9749582,440258000,—,—,7G60ME-C9
vehicle carrier,12270650,Shi Jiang,Live,China,6431,2016,-30'gt,5445,Single,BOZJ4,19818,XSI466A,Xiamen Shipbuilding Industry Company Limited,Xiamen,141.20,129.60,—,24.40,13.13,6.57,6.56,Yichang Marine Diesel Engine Plant,Fuji Diesel Company Limited,Kingfour Marine Company Limited,People's Republic of China,Shanghai,—,CDC International Logistics Company Limited,People's Republic of China,Kingfour Marine Company Limited,People's Republic of China,Kingfour Marine Company Limited,People's Republic of China,Kingfour Marine Company Limited,People's Republic of China,—,—,—,—,Kingfour Marine Company Limited,People's Republic of China,—,—,—,—,9757620,413347110,4980,6678,6S40ME-B9.5
vehicle carrier,12312655,Olympian Highway,Live,Japan,23934,2017,50'+ gt,20445,Single,7KAS,75185,5918,Shin Kurushima Dockyard Company Limited,Onishi,199.96,—,—,38.00,21.92,10.23,11.69,Kobe Diesel Company Limited,Mitsubishi Heavy Industries Limited,'K' Line RoRo Bulk Ship Management Company Limited,Japan,Kobe,—,Kawasaki Kisen Kaisha Limited (Kawasaki Kisen KK) ('K' Line),Japan,'K' Line RoRo Bulk Ship Management Company Limited,Japan,Atlantic Lease Company Limited,Japan,'K' Line RoRo Bulk Ship Management Company Limited,Japan,—,—,—,—,'K' Line RoRo Bulk Ship Management Company Limited,Japan,—,—,—,—,9757993,431651000,13200,17701,7UEC60LSE
vehicle carrier,12313348,Sirius Highway,Live,Marshall Islands,23431,2017,50'+ gt,20419,Single,V7ST8,75044,5917,Shin Kurushima Dockyard Company Limited,Onishi,199.95,196.00,—,38.00,21.77,10.20,11.57,Kobe Diesel Company Limited,Mitsubishi Heavy Industries Limited,Kawasaki Kisen Kaisha Limited (Kawasaki Kisen KK) ('K' Line),Japan,Majuro,—,Kawasaki Kisen Kaisha Limited (Kawasaki Kisen KK) ('K' Line),Japan,Kawasaki Kisen Kaisha Limited (Kawasaki Kisen KK) ('K' Line),Japan,Sirius Highway Shipping (Marshall) Incorporated,Marshall Islands,'K' Line RoRo Bulk Ship Management Company Limited,Japan,—,—,—,—,'K' Line RoRo Bulk Ship Management Company Limited,Japan,—,—,—,—,9757981,538007517,13200,17701,7UEC60LSE
vehicle carrier,12352279,Neptune Barcelona,Live,Marshall Islands,17003,2022,50'+ gt,17170,Single,V7A5589,56677,514,Uljanik Brodogradiliste d.d.,Pula,199.90,188.70,—,32.26,32.12,8.80,5.73,—,B&W Diesel A/S,Neptune Lines Shipping & Managing Enterprises S.A.,Greece,Majuro,—,Travlos family,Greece,Neptune Lines Shipping & Managing Enterprises S.A.,Greece,Pythagoras Shipping Company Limited,Marshall Islands,Pythagoras Shipping Company Limited,Marshall Islands,—,—,—,—,Pythagoras Shipping Company Limited,Marshall Islands,—,—,—,—,9762546,538010093,—,—,7S50ME-B9
vehicle carrier,12352309,Siem Cicero,Live,Liberia,21083,2017,50'+ gt,17416,Single,D5LL4,56677,513,Uljanik Brodogradiliste d.d.,Pula,199.90,188.70,—,32.26,32.12,8.80,23.32,Uljanik Brodogradiliste d.d.,MAN Energy Solutions SE,Siem Car Carriers AS,United Kingdom,Monrovia,—,Siem Industries Incorporated (Siem Industries S.A.),Cayman Islands,Siem Car Carriers AS,United Kingdom,Auto Marine Transport Incorporated,Cayman Islands,SIEM Ship Management S.p z.o.o,Poland,—,—,—,—,SIEM Ship Management S.p z.o.o,Poland,—,—,—,—,9762534,636017539,11200,15217,7S50ME-B9.5
vehicle carrier,12365,Cilaos,Dead,Singapore,894,1951,-30'gt,1981,Single,—,2404,—,—,,—,—,—,—,—,—,—,—,Unknown Engine Designer,—,—,Singapore,—,—,—,—,—,—,—,—,—,—,—,—,—,—,—,—,—,—,—,5046334,—,—,—,UNKNOWN
vehicle carrier,12366537,Mangana,Live,Australia,—,1930,Unknown size,—,Single,—,—,—,—,,—,—,—,—,—,—,—,—,Unknown Engine Designer,Unknown Owners,—,Hobart,—,Unknown Owners,—,Unknown Owners,—,Unknown Owners,—,Unknown Owners,—,—,—,—,—,—,—,—,—,—,—,5219278,—,—,—,UNKNOWN
vehicle carrier,12419795,Toyo Maru No.3,Live,Japan,—,2016,-30'gt,2888,Single,JD3921,3990,777,Naikai Zosen Shipbuilding Corporation,Setoda,125.00,117.00,—,20.60,14.36,5.57,8.79,—,B&W Diesel A/S,Santoku Senpaku K.K. (Santoku Shipping Company Limited),Japan,Osaka,—,ORIX Corporation,Japan,Santoku Senpaku K.K. (Santoku Shipping Company Limited),Japan,Santoku Senpaku K.K. (Santoku Shipping Company Limited),Japan,Santoku Senpaku K.K. (Santoku Shipping Company Limited),Japan,—,—,—,—,—,—,—,—,—,—,9755751,431007419,5220,7100,6S35MC-C9
vehicle carrier,12452028,Suzuka,Live,Japan,—,2015,-30'gt,2329,Single,JD3821,2988,7293,—,,118.03,—,17.00,16.60,11.99,4.41,7.58,Makita Corporation,B&W Diesel A/S,Fujitrans Corporation,Japan,Nagoya,—,Fujitrans Corporation,Japan,Fujitrans Corporation,Japan,Fujitrans Corporation,Japan,Fujitrans Corporation,Japan,—,—,—,—,—,—,—,—,—,—,9752735,431006365,3900,5230,6L35MC3.1
vehicle carrier,12467323,Golden Ray,Dead,Marshall Islands,25380,2017,50'+ gt,20995,Single,V7MB9,71178,H8151,HD Hyundai Mipo Company Limited,South Korea,199.97,188.70,—,35.40,36.25,10.60,25.65,—,Unknown Engine Designer,Hyundai Glovis,—,Majuro,—,—,—,—,—,—,—,—,—,—,—,—,—,—,—,—,—,—,—,9775816,538007762,—,—,UNKNOWN
vehicle carrier,12467328,Glovis Silver,Live,South Korea,25366,2017,50'+ gt,20884,Single,D7FY,71178,8152,HD Hyundai Mipo Company Limited,South Korea,199.95,188.12,—,35.40,36.25,10.60,25.65,—,MAN Diesel AS,Hyundai Glovis Company Limited,Republic of Korea,Jeju,—,Hyundai Glovis Company Limited,Republic of Korea,Hyundai Glovis Company Limited,Republic of Korea,Hyundai Glovis Company Limited,Republic of Korea,G-Marine Service Company Limited (GMS),Republic of Korea,—,—,—,—,G-Marine Service Company Limited (GMS),Republic of Korea,—,—,—,—,9775828,440249000,14506,19453,7G60ME-C9
vehicle carrier,12472908,An Ji 24,Live,China,10644,2017,30'-50'gt,11631,Single,BQTD,35506,JLZ9150405,Jinling Shipyard,China,169.10,158.40,—,28.00,13.02,7.60,4.53,Hudong Heavy Machinery Company Limited,B&W Diesel A/S,SAIC Anji Logistics Company Limited,People's Republic of China,Shanghai,—,SAIC Motor Corporation Limited (SAIC),People's Republic of China,SAIC Anji Logistics Company Limited,People's Republic of China,Anji Shipping Company Limited,People's Republic of China,Anji Shipping Company Limited,People's Republic of China,—,—,—,—,Anji Shipping Company Limited,People's Republic of China,—,—,—,—,9776860,414331000,7550,10125,6S50ME-C8.5
vehicle carrier,12472931,An Ji 23,Live,China,10643,2017,30'-50'gt,11671,Single,BPJY8,35500,9150404,Jinling Shipyard,China,169.10,158.40,—,28.00,13.02,7.60,5.42,Hudong Heavy Machinery Company Limited,B&W Diesel A/S,SAIC Anji Logistics (65%) And COSCO Shipping Specialized Carriers (35%),People's Republic of China,Shanghai,—,SAIC Anji Logistics (65%) And COSCO Shipping Specialized Carriers (35%),People's Republic of China,SAIC Anji Logistics (65%) And COSCO Shipping Specialized Carriers (35%),People's Republic of China,Anji Cosco Shipping RoRo Carriers (Shanghai) Company Limited,People's Republic of China,Anji Shipping Company Limited,People's Republic of China,—,—,—,—,Shanghai Ansheng Automotive Shipping Company Limited,People's Republic of China,—,—,—,—,9776858,414294000,7550,10125,6S50ME-C8.5
vehicle carrier,12487830,Walrus Ace,Live,Panama,18935,2018,50'+ gt,15506,Double Hull,3EYN5,63116,763,Minami-Nippon Shipbuilding Company Limited,Japan,199.95,191.55,—,32.20,22.37,10.02,12.35,Mitsui Engineering & Shipbuilding Company Limited (Tamano),MAN Diesel AS,Osaka Shipping Company Limited (Osaka Senpaku KK),Japan,Panama,—,Osaka Shipping Company Limited (Osaka Senpaku KK),Japan,Osaka Shipping Company Limited (Osaka Senpaku KK),Japan,Golden Helm Shipping Company S.A.,Panama,Osaka Fleet Company Limited,Japan,—,—,—,—,Osaka Fleet Company Limited,Japan,—,—,—,—,9777826,354004000,12800,17165,7S60ME-C9
vehicle carrier,12487848,Shi Yang,Live,China,11077,2017,-30'gt,5431,Single,BQIN,19818,XSI466C,Xiamen Shipbuilding Industry Company Limited,China,141.20,129.60,—,24.40,13.13,6.60,6.53,Yichang Marine Diesel Engine Plant,Fuji Diesel Company Limited,Bank of Communications Financial Leasing Company Limited,People's Republic of China,Shanghai,—,Bank of Communications Company Limited,People's Republic of China,Bank of Communications Financial Leasing Company Limited,People's Republic of China,Bank of Communications Financial Leasing Company Limited,People's Republic of China,Kingfour Marine Company Limited,People's Republic of China,—,—,—,—,Kingfour Marine Company Limited,People's Republic of China,—,—,—,—,9778052,412381120,4980,6678,6S40ME-B9.5
vehicle carrier,12487849,Shi Hai,Live,China,6431,2016,-30'gt,5445,Single,BPPB7,19818,XSI466B,Xiamen Shipbuilding Industry Company Limited,China,141.20,129.60,—,24.40,13.13,6.57,6.56,—,Fuji Diesel Company Limited,Kingfour Marine Company Limited,People's Republic of China,Shanghai,—,CDC International Logistics Company Limited,People's Republic of China,Kingfour Marine Company Limited,People's Republic of China,Kingfour Marine Company Limited,People's Republic of China,Kingfour Marine Company Limited,People's Republic of China,—,—,—,—,Kingfour Marine Company Limited,People's Republic of China,—,—,—,—,9778040,412381030,4980,6678,6S40ME-B9
vehicle carrier,12487855,Orca Ace,Live,Panama,18935,2018,50'+ gt,15495,Double Hull,3EFB2,63116,762,Minami-Nippon Shipbuilding Company Limited,Japan,199.95,191.55,—,32.20,22.37,10.02,12.35,Mitsui Engineering & Shipbuilding Company Limited (Tamano),MAN Diesel AS,Mitsui O.S.K. Lines Limited (MOL),Japan,Panama,—,Mitsui O.S.K. Lines Limited (MOL),Japan,Mitsui O.S.K. Lines Limited (MOL),Japan,Lunar River Line S.A.,Panama,MOL Ship Management Company Limited (MOLSHIP),Japan,—,—,—,—,MOL Ship Management Company Limited (MOLSHIP),Japan,—,—,—,—,9777814,371563000,12800,17165,7S60ME-C9
vehicle carrier,12487857,Liberty Peace,Live,U.S.A.,20581,2017,50'+ gt,20397,Single,WLIU,58107,S839,HD Hyundai Samho Company Limited,Samho,199.98,189.25,—,32.26,32.64,10.01,22.63,—,Unknown Engine Designer,Liberty Maritime Corporation,United States of America,New York,—,Liberty Maritime Corporation,United States of America,Liberty Maritime Corporation,United States of America,Liberty Peace Corporation,United States of America,Liberty Maritime Corporation,United States of America,Liberty Global Logistics LLC,United States of America,—,—,Liberty Maritime Corporation,United States of America,—,—,—,—,9777890,368784000,14506,19453,7S60MC-C
vehicle carrier,12487883,Beluga Ace,Live,Panama,18935,2018,50'+ gt,15425,Double Hull,HPZB,63115,M-761,Minami-Nippon Shipbuilding Company Limited,Japan,199.95,191.55,—,32.24,22.37,10.02,12.35,Mitsui Engineering & Shipbuilding Company Limited (Tamano),MAN Diesel AS,Tokei Kaiun Limited (K.K.),Japan,Panama,—,Tokei Kaiun Limited (K.K.),Japan,Tokei Kaiun Limited (K.K.),Japan,Leo Ocean S.A. (1.0%) & Tokei Kaiun Limited (99.0%),Panama,MOL Ship Management Company Limited (MOLSHIP),Japan,Mitsui O.S.K. Lines Limited (MOL),Japan,—,—,MOL Ship Management Company Limited (MOLSHIP),Japan,—,—,—,—,9777802,353580000,12800,17165,7S60ME-C9
vehicle carrier,12487884,Liberty Passion,Live,U.S.A.,20581,2017,50'+ gt,20352,Single,WLPI,58107,S838,HD Hyundai Samho Company Limited,Samho,199.98,189.25,—,32.26,32.69,10.01,22.68,—,Unknown Engine Designer,Wilmington Trust Company,United States of America,New York,—,M&T Bank Corporation,United States of America,Wilmington Trust Company,United States of America,Wilmington Trust Company,United States of America,Liberty Maritime Corporation,United States of America,Liberty Maritime Corporation,United States of America,—,—,Liberty Maritime Corporation,United States of America,—,—,—,—,9777888,369222000,14506,19453,7S60MC-C
vehicle carrier,12487885,Dugong Ace,Live,Panama,18935,2019,50'+ gt,15465,Double Hull,3FLH2,63116,764,Minami-Nippon Shipbuilding Company Limited,Japan,199.95,191.55,—,32.20,22.37,10.02,12.35,Mitsui Engineering & Shipbuilding Company Limited (Tamano),MAN Diesel AS,Shunzan Kaiun KK (Shunzan Kaiun Company Limited),Japan,Panama,—,Shunzan Kaiun KK (Shunzan Kaiun Company Limited),Japan,Shunzan Kaiun KK (Shunzan Kaiun Company Limited),Japan,Primavera Montana S.A.,Panama,Shunzan Kaiun KK (Shunzan Kaiun Company Limited),Japan,—,—,—,—,Shunzan Kaiun KK (Shunzan Kaiun Company Limited),Japan,—,—,—,—,9777838,353453000,12800,17165,7S60ME-C9
vehicle carrier,12508658,Morning Prosperity,Live,Marshall Islands,25914,2017,50'+ gt,22438,Single,V7BJ2,66802,S831,HD Hyundai Samho Company Limited,Samho,199.90,191.00,—,35.40,35.84,10.52,25.32,—,B&W Diesel A/S,EUKOR Car Carriers Incorporated,Republic of Korea,Majuro,—,Wilh. Wilhelmsen Holding ASA (Wilship),Norway,EUKOR Car Carriers Incorporated,Republic of Korea,S831 International S.A.,Marshall Islands,Wilhelmsen Ship Management Korea Limited,Republic of Korea,—,—,—,—,Wilhelmsen Ship Management Korea Limited,Republic of Korea,—,—,—,—,9780639,538007250,14506,19453,8S60ME-C8
vehicle carrier,12508687,Morning Peace,Live,Marshall Islands,25914,2017,50'+ gt,22438,Single,V7BF3,66802,S830,HD Hyundai Samho Company Limited,Samho,199.90,188.80,—,35.40,20.45,10.50,9.95,—,Unknown Engine Designer,EUKOR Car Carriers Incorporated,Republic of Korea,Majuro,—,Wilh. Wilhelmsen Holding ASA (Wilship),Norway,EUKOR Car Carriers Incorporated,Republic of Korea,S830 International SA,Marshall Islands,Wilhelmsen Ship Management Korea Limited,Republic of Korea,EUKOR Car Carriers Incorporated,Republic of Korea,—,—,Wilhelmsen Ship Management Korea Limited,Republic of Korea,—,—,—,—,9780627,538007249,—,—,7G60ME-C9
vehicle carrier,12508766,Wako,Live,Japan,2329,2016,-30'gt,2329,Single,JD4065,2992,7308,Shin Kochi Heavy Industries Shipbuilding,Kochi(JPN),118.03,111.00,—,16.60,11.99,4.40,7.59,Makita Corporation,B&W Diesel A/S,Saito Shipping Company Limited,Japan,Fukuoka,—,Saito Shipping Company Limited,Japan,Saito Shipping Company Limited,Japan,Saito Shipping Company Limited,Japan,Hyuga Kaiun Company Limited,Japan,—,—,—,—,—,—,—,—,—,—,9774044,431008817,3900,5230,6L35MC
vehicle carrier,12517278,Grande New Jersey,Live,Italy,37366,2020,50'+ gt,15580,Double Bottom,IBQE,66704,RR78H-GM04,Yangfan Group Company Limited,China,199.90,187.25,—,36.25,34.27,9.50,24.77,HD Hyundai Heavy Industries Company Limited,B&W Diesel A/S,Grimaldi Euromed S.p.A.,Italy,Palermo,—,Grimaldi Group S.p.A.,Italy,Grimaldi Euromed S.p.A.,Italy,Grimaldi Euromed S.p.A.,Italy,Grimaldi Euromed S.p.A.,Italy,—,—,—,—,Grimaldi Euromed S.p.A.,Italy,—,—,—,—,9782704,247409200,12551,16831,7S60ME-C8
vehicle carrier,12517281,Grande Mirafiori,Live,Italy,36454,2019,50'+ gt,15580,Single,IBQY,66704,RR78H-GM02,Yangfan Group Company Limited,China,199.90,187.25,—,36.25,34.27,9.50,24.77,HD Hyundai Heavy Industries Company Limited,B&W Diesel A/S,Grimaldi Euromed S.p.A.,Italy,Palermo,—,Grimaldi Group S.p.A.,Italy,Grimaldi Euromed S.p.A.,Italy,Grimaldi Euromed S.p.A.,Italy,Grimaldi Euromed S.p.A.,Italy,—,—,—,—,Grimaldi Euromed S.p.A.,Italy,—,—,—,—,9782687,247405800,13680,18345,7S60ME-C8.5 TII
vehicle carrier,12517282,Grande Houston,Live,Italy,—,2020,50'+ gt,15580,Single,IBQR,66704,RR78H-GM03,Yangfan Group Company Limited,China,199.90,187.25,—,36.25,34.27,9.50,24.77,HD Hyundai Heavy Industries Company Limited,B&W Diesel A/S,Grimaldi Euromed S.p.A.,Italy,Palermo,—,Grimaldi Group S.p.A.,Italy,Grimaldi Euromed S.p.A.,Italy,Grimaldi Euromed S.p.A.,Italy,Grimaldi Euromed S.p.A.,Italy,—,—,—,—,Grimaldi Euromed S.p.A.,Italy,—,—,—,—,9782699,247408300,13680,18345,7S60ME-C8
vehicle carrier,12517284,Grande Florida,Live,Italy,—,2020,50'+ gt,15580,Single,IBRH,66704,RR78H-GM05,Yangfan Group Company Limited,China,199.90,187.25,—,36.25,34.27,9.50,24.77,HD Hyundai Heavy Industries Company Limited,B&W Diesel A/S,Grimaldi Euromed S.p.A.,Italy,Palermo,—,Grimaldi Group S.p.A.,Italy,Grimaldi Euromed S.p.A.,Italy,Grimaldi Euromed S.p.A.,Italy,Grimaldi Euromed S.p.A.,Italy,—,—,—,—,Grimaldi Euromed S.p.A.,Italy,—,—,—,—,9782716,247440400,12551,16831,7S60ME-C8
vehicle carrier,12517285,Grande Torino,Live,Italy,37366,2018,50'+ gt,15580,Single,IBQN,66704,RR78H-GM01,Yangfan Group Company Limited,Zhoushan,199.90,187.25,—,36.45,12.61,9.50,3.11,—,B&W Diesel A/S,Grimaldi Euromed S.p.A.,Italy,Palermo,—,Grimaldi Group S.p.A.,Italy,Grimaldi Euromed S.p.A.,Italy,Grimaldi Euromed S.p.A.,Italy,Grimaldi Euromed S.p.A.,Italy,—,—,—,—,Grimaldi Euromed S.p.A.,Italy,—,—,—,—,9782675,247379500,13680,18345,7S60ME-C8
vehicle carrier,12526574,Lydden,Live,Liberia,22138,2018,50'+ gt,18168,Single,D5PY2,72684,5952,Shin Kurushima Dockyard Company Limited,Japan,199.96,196.00,—,38.00,21.15,9.73,11.42,Mitsui Engineering & Shipbuilding Company Limited (Tamano),B&W Diesel A/S,Mizuho Sangyo Company Limited,Japan,Monrovia,—,Mizuho Sangyo Company Limited,Japan,Mizuho Sangyo Company Limited,Japan,Fair Wind Navigation S.A.,Panama,Zodiac Maritime Limited,United Kingdom,Zodiac Maritime Limited,United Kingdom,—,—,Zodiac Maritime Limited,United Kingdom,—,—,—,—,9782091,636018494,13200,17701,6S46ME-B8
vehicle carrier,12526621,Thruxton,Live,Liberia,22138,2018,50'+ gt,18160,Single,D5PI2,72684,5951,Shin Kurushima Dockyard Company Limited,Onishi,199.96,196.00,38.00,38.00,21.15,9.73,11.42,—,B&W Diesel A/S,Biko Kisen Company Limited,Japan,Monrovia,—,Biko Kisen Company Limited,Japan,Biko Kisen Company Limited,Japan,Picer Marine S.A.,Panama,Zodiac Maritime Limited,United Kingdom,Kawasaki Kisen Kaisha Limited (Kawasaki Kisen KK) ('K' Line),Japan,—,—,Zodiac Maritime Limited,United Kingdom,—,—,—,—,9782089,636018347,13200,17701,6S46ME-B8
vehicle carrier,12526623,Grande Baltimora,Live,Italy,40900,2017,50'+ gt,18447,Single,IBOW,62134,JLZ9150406,CSC Jiangsu Jinling Ships Company Limited,Jiangsu,199.90,190.00,—,32.26,21.45,10.00,11.45,HD Hyundai Heavy Industries Company Limited,B&W Diesel A/S,Grimaldi Euromed S.p.A.,Italy,Palermo,—,Grimaldi Group S.p.A.,Italy,Grimaldi Euromed S.p.A.,Italy,Grimaldi Euromed S.p.A.,Italy,Grimaldi Euromed S.p.A.,Italy,—,—,—,—,Grimaldi Euromed S.p.A.,Italy,—,—,—,—,9784037,247375700,12200,16360,6S60ME-C
vehicle carrier,12526659,Grande New York,Live,Italy,40900,2017,50'+ gt,18360,Single,IBON,62134,JLZ9150407,CSC Jiangsu Jinling Ships Company Limited,Jiangsu,199.90,190.00,—,32.26,21.45,10.00,11.45,HD Hyundai Heavy Industries Company Limited,B&W Diesel A/S,Grimaldi Euromed S.p.A.,Italy,Palermo,—,Grimaldi Group S.p.A.,Italy,Grimaldi Euromed S.p.A.,Italy,Grimaldi Euromed S.p.A.,Italy,Grimaldi Euromed S.p.A.,Italy,—,—,—,—,Grimaldi Euromed S.p.A.,Italy,—,—,—,—,9784049,247376300,12200,16360,6S60ME-C
vehicle carrier,12526719,Grande Halifax,Live,Italy,40900,2018,50'+ gt,18353,Single,IBOS,62134,JLZ9150408,CSC Jiangsu Jinling Ships Company Limited,Jiangsu,199.90,190.00,—,32.26,21.45,10.00,11.45,HD Hyundai Heavy Industries Company Limited,B&W Diesel A/S,Grimaldi Euromed S.p.A.,Italy,Palermo,—,Grimaldi Group S.p.A.,Italy,Grimaldi Euromed S.p.A.,Italy,Grimaldi Euromed S.p.A.,Italy,Grimaldi Euromed S.p.A.,Italy,—,—,—,—,Grimaldi Euromed S.p.A.,Italy,—,—,—,—,9784051,247376400,12200,16360,6S60ME-C
vehicle carrier,12569989,Trans Harmony 1,Live,Panama,15092,2018,50'+ gt,13007,Double Hull,3FMB6,50305,790,Naikai Zosen Shipbuilding Corporation,Hiroshima,199.99,188.00,—,32.20,21.44,8.10,13.34,Hitachi Zosen Corporation,B&W Diesel A/S,Toyofuji Shipping Company Limited (Toyofuji Kaiun KK),Japan,Panama,—,Toyofuji Shipping Company Limited (Toyofuji Kaiun KK),Japan,Toyofuji Shipping Company Limited (Toyofuji Kaiun KK),Japan,Feng Li Maritime Corporation,Panama,Kagoshima Senpaku Kaisha Limited,Japan,—,—,—,—,Kagoshima Senpaku Kaisha Limited,Japan,—,—,—,—,9788849,355974000,11400,15288,6S60ME-C
vehicle carrier,12569995,Trans Harmony 2,Live,Panama,15092,2018,50'+ gt,12993,Double Hull,3ECJ7,50305,791,Naikai Zosen Shipbuilding Corporation,Innoshima,199.90,188.00,—,32.20,21.44,8.12,13.32,Hitachi Zosen Corporation,B&W Diesel A/S,Toyofuji Shipping Company Limited (Toyofuji Kaiun KK),Japan,Panama,—,Toyofuji Shipping Company Limited (Toyofuji Kaiun KK),Japan,Toyofuji Shipping Company Limited (Toyofuji Kaiun KK),Japan,Feng Li Maritime Corporation,Panama,Kagoshima Senpaku Kaisha Limited,Japan,—,—,—,—,Kagoshima Senpaku Kaisha Limited,Japan,—,—,—,—,9788851,352409000,11400,15288,6S60ME-C
vehicle carrier,12587649,Glovis Sonic,Live,Marshall Islands,23403,2017,50'+ gt,25353,Single,V7ML7,72376,S887,HD Hyundai Samho Company Limited,Samho,229.97,223.50,—,32.26,35.09,10.27,24.82,—,Unknown Engine Designer,Hyundai Glovis Company Limited,Republic of Korea,Majuro,—,Hyundai Glovis Company Limited,Republic of Korea,Hyundai Glovis Company Limited,Republic of Korea,GL NV20 Shipping Incorporated,Marshall Islands,G-Marine Service Company Limited (GMS),Republic of Korea,—,—,—,—,G-Marine Service Company Limited (GMS),Republic of Korea,—,—,—,—,9798387,538007414,—,—,6S60ME-C8
vehicle carrier,12587671,Glovis Safety,Live,Marshall Islands,23403,2017,50'+ gt,25353,Single,V7DS5,72376,S888,HD Hyundai Samho Company Limited,Samho,229.97,223.50,—,32.26,35.09,10.27,24.82,—,B&W Diesel A/S,Hyundai Glovis Company Limited,Republic of Korea,Majuro,—,Hyundai Glovis Company Limited,Republic of Korea,Hyundai Glovis Company Limited,Republic of Korea,GL NV21 Shipping Incorporated,Marshall Islands,G-Marine Service Company Limited (GMS),Republic of Korea,—,—,—,—,G-Marine Service Company Limited (GMS),Republic of Korea,—,—,—,—,9798399,538007438,—,—,6S60ME-C
vehicle carrier,12587672,Glovis Sky,Live,Marshall Islands,23403,2017,50'+ gt,25353,Single,V7FQ2,72376,S889,HD Hyundai Samho Company Limited,Samho,229.97,223.50,—,32.26,35.09,10.27,24.82,—,B&W Diesel A/S,Hyundai Glovis Company Limited,Republic of Korea,Majuro,—,Hyundai Glovis Company Limited,Republic of Korea,Hyundai Glovis Company Limited,Republic of Korea,GL NV22 Shipping Incorporated,Marshall Islands,G-Marine Service Company Limited (GMS),Republic of Korea,—,—,—,—,G-Marine Service Company Limited (GMS),Republic of Korea,—,—,—,—,9798404,538007439,—,—,6S60ME-C
vehicle carrier,12587695,Glovis Sunlight,Live,Marshall Islands,23403,2017,50'+ gt,25225,Single,V7JP5,72376,S890,HD Hyundai Samho Company Limited,Samho,229.97,223.50,—,32.26,35.09,10.27,24.82,—,B&W Diesel A/S,Hyundai Glovis Company Limited,Republic of Korea,Majuro,—,Hyundai Glovis Company Limited,Republic of Korea,Hyundai Glovis Company Limited,Republic of Korea,GL NV23 Shipping Incorporated,Marshall Islands,G-Marine Service Company Limited (GMS),Republic of Korea,—,—,—,—,G-Marine Service Company Limited (GMS),Republic of Korea,—,—,—,—,9798416,538007440,—,—,6S60ME-C
vehicle carrier,12594523,Grande Texas,Live,Italy,37366,2021,50'+ gt,15580,Single,IBRB,66704,RR78H-GM06,Yangfan Group Company Limited,China,199.90,187.25,—,36.25,34.27,9.50,24.77,HD Hyundai Heavy Industries Company Limited,B&W Diesel A/S,Grimaldi Euromed S.p.A.,Italy,Palermo,—,Grimaldi Group S.p.A.,Italy,Grimaldi Euromed S.p.A.,Italy,Grimaldi Euromed S.p.A.,Italy,Grimaldi Euromed S.p.A.,Italy,—,—,—,—,Grimaldi Euromed S.p.A.,Italy,—,—,—,—,9796365,247441100,12551,16831,7S60ME-C8
vehicle carrier,12594539,Grande California,Live,Italy,37400,2021,50'+ gt,15580,Single,IBRA,66704,RR78H-GM07,Yangfan Group Company Limited,China,199.90,187.25,—,36.25,34.27,9.50,24.77,HD Hyundai Heavy Industries Company Limited,B&W Diesel A/S,Grimaldi Euromed S.p.A.,Italy,Palermo,—,Grimaldi Group S.p.A.,Italy,Grimaldi Euromed S.p.A.,Italy,Grimaldi Euromed S.p.A.,Italy,Grimaldi Euromed S.p.A.,Italy,—,—,—,—,Grimaldi Euromed S.p.A.,Italy,—,—,—,—,9796377,247441300,12551,16831,7S60ME-C8
vehicle carrier,126047,Kinuura Maru,Dead,Japan,1547,1970,-30'gt,2166,Single,—,3169,—,—,Japan,124.00,117.04,16.18,16.18,8.89,5.50,3.39,—,Unknown Engine Designer,Izumi K.,—,—,—,—,—,—,—,—,—,—,—,—,—,—,—,—,—,—,—,—,—,7016204,—,4288,5750,UNKNOWN
vehicle carrier,126324,Mayon I,Dead,Panama,583,1965,-30'gt,1600,Single,—,997,285,Kishigami Zosen K.K.,Akitsu,—,—,—,—,—,—,—,—,Unknown Engine Designer,—,—,Panama,—,—,—,—,—,—,—,—,—,—,—,—,—,—,—,—,—,—,—,6517287,—,969,1300,UNKNOWN
vehicle carrier,12751251,Fujiki,Live,Japan,—,2018,-30'gt,7250,Single,JD4345,15986,1206,Mitsubishi Heavy Industries Limited Shipbuilding,Shimonoseki,167.00,158.00,—,30.20,16.55,7.60,8.95,Mitsubishi Heavy Industries Limited Shipbuilding,Unknown Engine Designer,Fujitrans Corporation,Japan,Nagoya,—,Fujitrans Corporation,Japan,Fujitrans Corporation,Japan,Fujitrans Corporation,Japan,Kagoshima Senpaku Kaisha Limited,Japan,—,—,—,—,Kagoshima Senpaku Kaisha Limited,Japan,—,—,—,—,9816189,431011542,17400,23334,6L35MC
vehicle carrier,12793773,Sara Leader,Live,Panama,23336,2018,50'+ gt,19115,Double Hull,H3XQ,70497,3711,Shin Kurushima Dockyard Company Limited,Tokyo,199.98,196.00,—,35.80,38.00,10.40,27.60,Mitsui Engineering & Shipbuilding Company Limited (Tamano),B&W Diesel A/S,Nippon Yusen Kabushiki Kaisha (NYK Line) (Nippon Yusen Kaisha),Japan,Panama,—,Nippon Yusen Kabushiki Kaisha (NYK Line) (Nippon Yusen Kaisha),Japan,Nippon Yusen Kabushiki Kaisha (NYK Line) (Nippon Yusen Kaisha),Japan,Sur Holding Maritime S.A.,Panama,NYK Shipmanagement Private Limited,Republic of Singapore,—,—,—,—,NYK Shipmanagement Private Limited,Republic of Singapore,—,—,—,—,9832561,357155000,13750,18439,7S60ME-C
vehicle carrier,12793783,Iguazu Highway,Live,Panama,24391,2018,50'+ gt,21052,Single,3EME5,75528,F005,Imabari Shipbuilding Company Limited (Tadotsu),Tadotsu,199.98,192.00,—,37.20,38.79,10.52,28.27,Kobe Diesel Company Limited,Unknown Engine Designer,Marugame Kisen Kaisha Limited,Japan,Panama,—,Imabari Shipbuilding Company Limited,Japan,Marugame Kisen Kaisha Limited,Japan,Marugame Kisen Kaisha Limited (70.0%) & La Darien Navegacion S.A. (30.0%),Panama,Shoei Kisen KK (Shoei Kisen Kaisha Limited),Japan,Shoei Kisen KK (Shoei Kisen Kaisha Limited),Japan,—,—,Shoei Kisen KK (Shoei Kisen Kaisha Limited),Japan,—,—,—,—,9827243,353706000,13140,17621,7UEC60LSE
vehicle carrier,12793817,Monoceros Leader,Live,Japan,23336,2018,50'+ gt,19159,Double Hull,7KJC,69938,3712,Shin Kurushima Dockyard Company Limited,Tokyo,199.98,196.00,—,35.80,21.80,10.43,11.37,—,B&W Diesel A/S,Unknown Owners,—,Tokyo,—,Unknown Owners,—,Unknown Owners,—,Hikawa Ship Holding LLC,Japan,NYK Shipmanagement Private Limited,Republic of Singapore,Nippon Yusen Kabushiki Kaisha (NYK Line) (Nippon Yusen Kaisha),Japan,—,—,NYK Shipmanagement Private Limited,Republic of Singapore,—,—,—,—,9832573,431640000,13750,18439,7S60ME-C
vehicle carrier,12793860,Niagara Highway,Live,Panama,24391,2019,50'+ gt,21052,Double Bottom,3FVL9,75528,S-F007,Imabari Shipbuilding Company Limited (Tadotsu),Tadotsu,199.90,192.00,—,37.20,38.79,10.52,28.27,Kobe Diesel Company Limited,Unknown Engine Designer,Kawasaki Kisen Kaisha Limited (Kawasaki Kisen KK) ('K' Line),Japan,Panama,—,Kawasaki Kisen Kaisha Limited (Kawasaki Kisen KK) ('K' Line),Japan,Kawasaki Kisen Kaisha Limited (Kawasaki Kisen KK) ('K' Line),Japan,Pedregal Maritime SA And Yahata Kisen Company Limited,Panama,Wallem Shipmanagement Limited (WSM),"Hong Kong, S.A.R., China",Shoei Kisen KK (Shoei Kisen Kaisha Limited),Japan,—,—,Wallem Shipmanagement Limited (WSM),"Hong Kong, S.A.R., China",—,—,—,—,9832638,351983000,13140,17621,7UEC60LSE
vehicle carrier,12793938,Victoria Highway,Live,Panama,24391,2018,50'+ gt,21114,Single,3FZQ2,75528,F006,Imabari Shipbuilding Company Limited (Tadotsu),Tadotsu,199.98,192.00,—,37.20,22.23,10.52,11.71,Kobe Diesel Company Limited,Unknown Engine Designer,Shoei Kisen KK (Shoei Kisen Kaisha Limited),Japan,Panama,—,Imabari Shipbuilding Company Limited,Japan,Shoei Kisen KK (Shoei Kisen Kaisha Limited),Japan,Olive Investment Corporation S.A.,Panama,Wallem Shipmanagement Limited (WSM),"Hong Kong, S.A.R., China",—,—,—,—,Wallem Shipmanagement Limited (WSM),"Hong Kong, S.A.R., China",—,—,—,—,9827255,374069000,13140,17621,7UEC60LSE
vehicle carrier,12862573,Sakura Leader,Live,Japan,21685,2017,50'+ gt,18800,Double Hull,7KGP,70000,3735,—,Unknown,199.96,—,38.00,38.00,38.00,9.58,28.42,—,B&W Diesel A/S,Nippon Yusen Kabushiki Kaisha (NYK Line) (Nippon Yusen Kaisha),Japan,Tokyo,—,Nippon Yusen Kabushiki Kaisha (NYK Line) (Nippon Yusen Kaisha),Japan,Nippon Yusen Kabushiki Kaisha (NYK Line) (Nippon Yusen Kaisha),Japan,Nippon Yusen Kabushiki Kaisha (NYK Line) (Nippon Yusen Kaisha),Japan,NYK Shipmanagement Private Limited,Republic of Singapore,—,—,—,—,NYK Shipmanagement Private Limited,Republic of Singapore,—,—,—,—,9861861,431851000,—,—,7S60ME-C8
vehicle carrier,12912576,An Ji 27,Live,China,11109,2019,-30'gt,7000,Single,BOAB3,19838,JLZ9180501,Jinling Shipyard,China,141.90,129.60,—,24.40,13.13,6.60,6.53,Wartsila Corporation,Wartsila Corporation,Shanghai Ansheng Automotive Shipping Company Limited,People's Republic of China,Shanghai,—,SAIC Motor Corporation Limited (SAIC),People's Republic of China,Shanghai Ansheng Automotive Shipping Company Limited,People's Republic of China,Shanghai Ansheng Automotive Shipping Company Limited,People's Republic of China,Anji Cosco Shipping RoRo Carriers (Shanghai) Company Limited,People's Republic of China,Shanghai Ansheng Automotive Shipping Company Limited,People's Republic of China,—,—,Anji Cosco Shipping RoRo Carriers (Shanghai) Company Limited,People's Republic of China,—,—,—,—,9851529,413212430,4980,6678,6X40
vehicle carrier,12914334,An Ji 31,Live,China,11421,2021,-30'gt,5500,Double Bottom,BOLZ2,20394,AH0053AL,Qingdao Beihai Shipbuilding Heavy Industry Company Limited,Qingdao,141.20,129.60,—,24.20,—,—,—,—,Unknown Engine Designer,SAIC Anji Logistics Company Limited,People's Republic of China,Shanghai,—,SAIC Motor Corporation Limited (SAIC),People's Republic of China,SAIC Anji Logistics Company Limited,People's Republic of China,Anji Shipping Company Limited,People's Republic of China,Anji Shipping Company Limited,People's Republic of China,—,—,—,—,Anji Shipping Company Limited,People's Republic of China,—,—,—,—,9852559,413255050,—,—,7S60ME-C8
vehicle carrier,12914351,Anji 32,Live,China,11577,2021,-30'gt,5500,Double Bottom,BOLZ3,20674,AH0054L,Qingdao Beihai Shipbuilding Heavy Industry Company Limited,Qingdao,141.20,129.60,—,24.40,13.00,6.00,6.59,—,Unknown Engine Designer,SAIC Anji Logistics Company Limited,People's Republic of China,Shanghai,—,SAIC Motor Corporation Limited (SAIC),People's Republic of China,SAIC Anji Logistics Company Limited,People's Republic of China,Anji Shipping Company Limited,People's Republic of China,Anji Shipping Company Limited,People's Republic of China,COSCO Shipping Lines Company Limited,People's Republic of China,—,—,Anji Shipping Company Limited,People's Republic of China,—,—,—,—,9852561,413255060,—,—,7S60ME-C8
vehicle carrier,12988041,Cherokee,Live,Marshall Islands,9425,2021,30'-50'gt,21903,Single,V7A4288,31417,H3089,Guangzhou Wenchong Shipyard Company Limited,Guangzhou,180.00,176.82,—,36.60,16.20,6.70,9.50,—,Akasaka Diesels Limited,CG RAILWAY LLC,United States of America,Majuro,—,SEACOR Holdings Incorporated (50%) & Genesee & Wyoming Incorporated (50%),United States of America,CG RAILWAY LLC,United States of America,Rail Ferry Newbuild I LLC,Marshall Islands,Seabulk Fleet Management LLC,United States of America,—,—,—,—,Seabulk Fleet Management LLC,United States of America,—,—,—,—,9870927,538009078,—,—,6S35ME-B9
vehicle carrier,130127,Jarama,Dead,Norway (Int. Register),1422,1980,-30'gt,1956,Single,—,4743,—,—,Spain,88.00,80.02,17.00,17.00,12.12,4.75,7.37,—,Unknown Engine Designer,U.E.C.C. (Norway),—,—,—,—,—,—,—,—,—,—,—,—,—,—,—,—,—,—,—,—,—,7805980,—,2237,3000,UNKNOWN
vehicle carrier,13013257,Auto Advance,Live,Madeira,10409,2021,30'-50'gt,11300,Single,CQKD,35667,H2633,Jiangnan Shipyard (Group) Company Limited,China,169.00,164.50,—,28.00,—,—,—,—,Unknown Engine Designer,United European Car Carriers Unipessoal Limitada,Madeira,Madeira,—,United European Car Carriers AS,Norway,United European Car Carriers Unipessoal Limitada,Madeira,United European Car Carriers Unipessoal Limitada,Madeira,United European Car Carriers AS,Norway,—,—,—,—,United European Car Carriers AS,Norway,—,—,—,—,9881299,255738000,—,—,7S50ME-C
vehicle carrier,13013284,Auto Achieve,Live,Madeira,10409,2022,30'-50'gt,11300,Single,CQKI,35667,H2664,Jiangnan Shipyard (Group) Company Limited,China,169.00,163.58,—,28.00,29.12,8.80,20.32,—,Sulzer Turbomachinery Services,United European Car Carriers Unipessoal Limitada,Madeira,Madeira,—,United European Car Carriers AS,Norway,United European Car Carriers Unipessoal Limitada,Madeira,United European Car Carriers Unipessoal Limitada,Madeira,United European Car Carriers AS,Norway,—,—,—,—,United European Car Carriers AS,Norway,—,—,—,—,9881304,255739000,—,—,6RT-Flex50DF
vehicle carrier,130513,Nichiwa Maru,Dead,Japan,1870,1978,-30'gt,3196,Single,—,2997,—,—,Japan,112.00,101.90,18.00,18.00,6.25,6.11,0.14,—,Unknown Engine Designer,Fukuju,—,—,—,—,—,—,—,—,—,—,—,—,—,—,—,—,—,—,—,—,—,7717949,—,3952,5300,UNKNOWN
vehicle carrier,1312533,Gold Kochav,Live,Panama,25783,2012,50'+ gt,22196,Single,3FLQ2,59835,D1006,Hengli Shipping (Dalian) Company Limited,Wafangdian,199.07,190.50,38.00,32.30,20.00,11.20,8.80,K Shipbuilding Company Limited,B&W Diesel A/S,Hyacinth Shipping Company Limited,Switzerland,Panama,—,North Star Group,Switzerland,Hyacinth Shipping Company Limited,Switzerland,Bugle Shipping Company Limited,Isle of Man,MSC Shipmanagement Limited,Cyprus,Mediterranean Shipping Company S.A. (MSC),Switzerland,—,—,MSC Shipmanagement Limited,Cyprus,—,—,—,—,9463205,373124000,—,—,7S60MC-C
vehicle carrier,1320991,Gold Hoshi,Live,Panama,25783,2011,50'+ gt,22288,Single,3FJT7,59835,D-1005,Hengli Shipping (Dalian) Company Limited,Wafangdian,199.08,190.50,32.26,32.26,34.70,11.20,23.50,STX Engine Company Limited,B&W Diesel A/S,Gram Car Carriers AS,Norway,Panama,—,Mediterranean Shipping Company S.A. (MSC),Switzerland,Gram Car Carriers AS,Norway,Anemone Shipping Company Limited,Isle of Man,MSC Shipmanagement Limited,Cyprus,—,—,—,—,MSC Shipmanagement Limited,Cyprus,—,—,—,—,9453298,371715000,—,—,7S60MC-C
vehicle carrier,13297294,Siem Confucius,Live,Liberia,22774,2020,50'+ gt,22000,Double Bottom,D5LL5,72900,XSI463A,Xiamen Shipbuilding Industry Company Limited,China,199.90,195.60,38.02,38.00,21.39,10.00,4.82,—,Unknown Engine Designer,Siem Car Carriers AS,United Kingdom,Monrovia,—,Siem Industries Incorporated (Siem Industries S.A.),Cayman Islands,Siem Car Carriers AS,United Kingdom,LS-LBR Company Limited,Liberia,Siem Shipping UK Limited,United Kingdom,—,—,—,—,Siem Shipping UK Limited,United Kingdom,—,—,—,—,9841017,636017540,—,—,7S60ME-C10.5-GI-EGRBP
vehicle carrier,13307962,Auto Aspire,Live,Madeira,10701,2022,30'-50'gt,12452,Single,CQKJ,35667,H2665,Jiangnan Shipyard (Group) Company Limited,China,169.00,164.46,—,28.00,13.00,8.80,4.20,—,Unknown Engine Designer,United European Car Carriers Unipessoal Limitada,Madeira,Funchal,—,United European Car Carriers AS,Norway,United European Car Carriers Unipessoal Limitada,Madeira,United European Car Carriers Unipessoal Limitada,Madeira,United European Car Carriers AS,Norway,—,—,—,—,United European Car Carriers AS,Norway,—,—,—,—,9895812,255742000,—,—,7S50ME-C
vehicle carrier,13323665,Mayan,Live,Marshall Islands,9425,2021,30'-50'gt,21900,Single,V7A4569,31417,H3090,Guangzhou Huangpu Shipbuilding Company Limited,China,180.00,176.82,—,36.60,16.20,6.70,9.50,—,Unknown Engine Designer,CG RAILWAY LLC,United States of America,Majuro,—,SEACOR Holdings Incorporated (50%) & Genesee & Wyoming Incorporated (50%),United States of America,CG RAILWAY LLC,United States of America,Rail Ferry Newbuild I LLC,Marshall Islands,Seabulk Fleet Management LLC,United States of America,—,—,—,—,Seabulk Fleet Management LLC,United States of America,—,—,—,—,9896799,538009307,—,—,7S50ME-C
vehicle carrier,13363667,Century Highway Green,Live,Japan,22054,2021,50'+ gt,16700,Single,7KHZ,73515,F035,Imabari Shipbuilding Company Limited (Tadotsu),Japan,199.98,195.00,—,37.20,19.15,9.72,9.43,—,Unknown Engine Designer,"Sumitomo Mitsui Trust Bank, Limited And Mizuho Bank, Limited",Japan,Kobe,—,"Sumitomo Mitsui Trust Bank, Limited And Mizuho Bank, Limited",Japan,"Sumitomo Mitsui Trust Bank, Limited And Mizuho Bank, Limited",Japan,FC Lead Leasing Limited And Mahonia Leasing Company Limited,Japan,'K' Line RoRo Bulk Ship Management Company Limited,Japan,Kawasaki Kisen Kaisha Limited (Kawasaki Kisen KK) ('K' Line),Japan,—,—,'K' Line RoRo Bulk Ship Management Company Limited,Japan,—,—,—,—,9875202,431009000,—,—,7UEC60LSE
vehicle carrier,13366662,Blanco Ace,Live,Panama,21813,2021,50'+ gt,17500,Double Bottom,3E3970,72707,3742,Shin Kurushima Dockyard Company Limited,Japan,199.95,196.00,—,38.00,15.00,9.70,5.30,—,B&W Diesel A/S,Osaka Shipping Company Limited (Osaka Senpaku KK),Japan,Panama,—,Osaka Shipping Company Limited (Osaka Senpaku KK),Japan,Osaka Shipping Company Limited (Osaka Senpaku KK),Japan,Golden Helm Shipping Company S.A.,Panama,Osaka Fleet Company Limited,Japan,Toyota Tsusho United Kingdom,United Kingdom,—,—,Osaka Fleet Company Limited,Japan,—,—,—,—,9889112,352978142,—,—,7S60ME-C8
vehicle carrier,13366692,Azul Ace,Live,Panama,21812,2021,50'+ gt,17961,Double Bottom,HPGP,72705,3741,Shin Kurushima Dockyard Company Limited,Japan,199.96,—,—,38.00,21.15,9.73,11.42,—,Unknown Engine Designer,Shunzan Kaiun KK (Shunzan Kaiun Company Limited),Japan,Panama,—,Shunzan Kaiun KK (Shunzan Kaiun Company Limited),Japan,Shunzan Kaiun KK (Shunzan Kaiun Company Limited),Japan,Primavera Montana S.A.,Panama,Shunzan Kaiun KK (Shunzan Kaiun Company Limited),Japan,Transportes y Consignaciones Maritimas S.A.,Spain,—,—,Shunzan Kaiun KK (Shunzan Kaiun Company Limited),Japan,—,—,—,—,9889100,372424000,—,—,7UEC60LSE
vehicle carrier,13369649,Xiang Long Dao,Live,China,23325,2021,30'-50'gt,8500,Single,BOTB8,43195,18121029,Guangzhou Shipyard International Company Limited,China,208.00,—,—,28.60,—,6.60,3.21,—,Unknown Engine Designer,COSCO Shipping Ferry Company Limited,People's Republic of China,Dalian,—,China COSCO Shipping Corporation Limited (China Cosco Shipping Group) (COSCO Shipping) (COSCOCS),People's Republic of China,COSCO Shipping Ferry Company Limited,People's Republic of China,COSCO Shipping Ferry Company Limited,People's Republic of China,COSCO Shipping Ferry Company Limited,People's Republic of China,—,—,—,—,COSCO Shipping Ferry Company Limited,People's Republic of China,—,—,—,—,9904015,414556000,—,—,9S50MC-C
vehicle carrier,13374251,Mao Hong,Live,China,19924,2021,30'-50'gt,11773,Single,BOQY8,35425,CMHI-221-2,Hudong-Zhonghua Shipbuilding (Group) Company Limited,China,169.10,164.50,—,28.00,28.79,—,—,—,B&W Diesel A/S,China Merchants Guangzhou RoRo Shipping Company Limited (CMRORO),People's Republic of China,Shenzhen,—,China Merchants Group Limited,"Hong Kong, S.A.R., China",China Merchants Guangzhou RoRo Shipping Company Limited (CMRORO),People's Republic of China,Shenzhen China Merchants RORO Transportation Company Limited,People's Republic of China,Shenzhen China Merchants RORO Transportation Company Limited,People's Republic of China,—,—,—,—,Shenzhen China Merchants RORO Transportation Company Limited,People's Republic of China,—,—,—,—,9903217,414526000,—,—,6S50ME-C8
vehicle carrier,13374257,Tang Hong,Live,China,19924,2021,30'-50'gt,11220,Single,BONZ5,35579,CMHI-221-1,China Merchants Heavy Industry (Jiangsu) Company Limited,Jiangsu,169.10,164.50,—,28.00,28.79,7.60,21.19,—,B&W Diesel A/S,China Merchants Guangzhou RoRo Shipping Company Limited (CMRORO),People's Republic of China,Shenzhen,—,China Merchants Group Limited,"Hong Kong, S.A.R., China",China Merchants Guangzhou RoRo Shipping Company Limited (CMRORO),People's Republic of China,Shenzhen China Merchants RORO Transportation Company Limited,People's Republic of China,Shenzhen China Merchants RORO Transportation Company Limited,People's Republic of China,Shenzhen China Merchants Ro-Ro Transportation Company Limited,People's Republic of China,—,—,Shenzhen China Merchants RORO Transportation Company Limited,People's Republic of China,—,—,—,—,9903205,414496000,—,—,6S50ME-C8
vehicle carrier,13385777,Plumeria Leader,Live,Japan,21686,2022,50'+ gt,17210,Double Hull,7KKS,72287,3743,Shin Kurushima Dockyard Company Limited,Japan,199.95,196.00,—,38.00,14.20,9.58,4.62,—,B&W Diesel A/S,Nippon Yusen Kabushiki Kaisha (NYK Line) (Nippon Yusen Kaisha),Japan,Tokyo,—,Nippon Yusen Kabushiki Kaisha (NYK Line) (Nippon Yusen Kaisha),Japan,Nippon Yusen Kabushiki Kaisha (NYK Line) (Nippon Yusen Kaisha),Japan,Nippon Yusen Kabushiki Kaisha (NYK Line) (Nippon Yusen Kaisha),Japan,NYK Shipmanagement Private Limited,Republic of Singapore,—,—,—,—,NYK Shipmanagement Private Limited,Republic of Singapore,—,—,—,—,9906984,431667000,16660,22341,7S60ME-C8
vehicle carrier,13400964,Siem Aristotle,Live,Liberia,22774,2020,50'+ gt,19090,Double Bottom,D5PC8,72900,XSI463B,Xiamen Shipbuilding Industry Company Limited,China,199.90,195.62,38.00,38.00,21.39,8.65,4.82,—,Unknown Engine Designer,Siem Car Carriers AS,United Kingdom,Monrovia,—,Siem Industries Incorporated (Siem Industries S.A.),Cayman Islands,Siem Car Carriers AS,United Kingdom,LS-LBR Company Limited,Liberia,SIEM Ship Management S.p z.o.o,Poland,Volkswagen Group Logistics GmbH & Company OHG,Germany,—,—,Siem Shipping UK Limited,United Kingdom,—,—,—,—,9841029,636018304,—,—,7S60ME-C10.5-GI-EGRBP
vehicle carrier,134075,Sinulog,Live,Philippines,1029,1971,-30'gt,1513,Single,DUA2451,1600,158,Kanda Shipbuilding Company Limited,Kure,94.00,—,16.10,—,7.90,4.60,3.30,—,Unknown Engine Designer,Hijos de F. Escano Incorporated,Philippines,Manila,—,Hijos de F. Escano Incorporated,Philippines,Hijos de F. Escano Incorporated,Philippines,Escano Lines Incorporated,Philippines,Hijos de F. Escano Incorporated,Philippines,—,—,—,—,—,—,—,—,—,—,7109893,—,2237,3000,6EL40
vehicle carrier,134526,Aethon-1,Dead,Comoros,1997,1979,-30'gt,2873,Single,—,6655,275,Sasebo Heavy Industries Company Limited,Tokyo,107.56,90.00,16.00,16.00,7.99,5.52,2.47,The Hanshin Diesel Works Limited,Yanmar Diesel Engine Company Limited,Universal S.Log,—,—,—,—,—,—,—,—,—,—,—,—,—,—,—,—,—,—,—,—,—,7821831,—,3309,3200,12ZL-ST
vehicle carrier,134564,Autoroute,Dead,Madeira,2134,1979,-30'gt,1849,Single,—,7114,1197,Mitsui Engineering & Shipbuilding Company Limited (Tamano),Tamano,100.00,94.01,17.40,17.40,14.61,4.21,10.40,Mitsui Engineering & Shipbuilding Company Limited,Mitsui Engineering & Shipbuilding Company Limited,Turkish Breakers,—,Madeira,—,—,—,—,—,—,—,—,—,—,—,—,—,—,—,—,—,—,—,7822079,—,3356,4500,6L42M
vehicle carrier,13479826,Shin Ei Maru,Live,Japan,—,2021,-30'gt,6950,Single,JD4866,14500,808,Naikai Zosen Shipbuilding Corporation,Innoshima,174.95,—,29.00,29.00,20.60,7.22,13.38,—,MAN Diesel AS,"Japan Railway Construction, Transport & Technology Agency & Kuribayashi Maritime KK",Japan,Tokyo,—,"Japan Railway Construction, Transport & Technology Agency",Japan,"Japan Railway Construction, Transport & Technology Agency & Kuribayashi Maritime KK",Japan,"Japan Railway Construction, Transport & Technology Agency & Kuribayashi Maritime KK",Japan,Kuribayashi Maritime Company Limited,Japan,—,—,—,—,Kuribayashi Maritime Company Limited,Japan,—,—,—,—,9866512,431015938,—,—,9S50ME-C8.5
vehicle carrier,135457,Pelander,Dead,Panama,15335,1979,-30'gt,11080,Single,—,24891,2106,Shin Kurushima Dockyard Company Limited,Tokyo,165.00,155.00,27.60,27.60,11.69,7.82,3.87,Kawasaki Shipbuilding Corporation,MAN Energy Solutions SE,Chinese Breakers,—,Panama,—,—,—,—,—,—,—,—,—,—,—,—,—,—,—,—,—,—,—,7913115,—,8826,12000,12V52/55A
vehicle carrier,13549836,Wild Rose Leader,Live,Liberia,21554,2023,50'+ gt,19222,Single,5LIG9,71846,JLZ9200410,China Merchants Heavy Industry (Jiangsu) Company Limited,China,199.90,195.60,38.05,38.00,15.50,10.10,5.40,—,Wartsila Corporation,Mitsubishi Ore Transport Company Limited (Mitsubishi Koseki Yuso KK),Japan,Monrovia,—,Mitsubishi Group of Companies,Japan,Mitsubishi Ore Transport Company Limited (Mitsubishi Koseki Yuso KK),Japan,Golden Trident Shipping Incorporated,Liberia,Mitsubishi Ore Transport Company Limited (Mitsubishi Koseki Yuso KK),Japan,NYK RORO Shipping,Japan,—,—,Mitsubishi Ore Transport Company Limited (Mitsubishi Koseki Yuso KK),Japan,—,—,—,—,9925370,636022333,—,—,7X62DF
vehicle carrier,13549837,Jasmine Leader,Live,Liberia,21800,2023,50'+ gt,19800,Single,5LIG8,72800,JLZ9200409,China Merchants Jinling Shipyard (Nanjing) Company Limited,China,199.90,195.60,38.00,38.00,16.00,10.00,6.00,—,Wartsila Corporation,Nippon Yusen Kabushiki Kaisha (NYK Line) (Nippon Yusen Kaisha),Japan,Monrovia,—,Nippon Yusen Kabushiki Kaisha (NYK Line) (Nippon Yusen Kaisha),Japan,Nippon Yusen Kabushiki Kaisha (NYK Line) (Nippon Yusen Kaisha),Japan,Hoshinoyume Maritima SA,Panama,NYK Shipmanagement Private Limited,Republic of Singapore,NYK Line (Korea) Company Limited,Republic of Korea,—,—,NYK Shipmanagement Private Limited,Republic of Singapore,—,—,—,—,9925368,636022332,—,—,7X62DF
vehicle carrier,135513,Diamond Ray,Dead,Malta,15017,1979,30'-50'gt,17714,Single,—,45571,4630,Hitachi Shipbuilding Corporation (Saikai),Sakai,190.00,180.00,32.20,32.20,13.05,8.92,4.13,Hitachi Zosen Corporation,B&W Diesel A/S,Chinese Breakers,—,Valletta,—,—,—,—,—,—,—,—,—,—,—,—,—,—,—,—,—,—,—,7821477,—,12356,16800,8L67GFCA
vehicle carrier,13599720,Baltic Constructor,Live,Poland,47,—,-30'gt,55,Single,SNOP,156,—,—,Gemlik,29.75,—,—,8.64,2.97,—,—,AB Volvo Penta,Unknown Engine Designer,Baltic Diving Solutions Sp z oo,Poland,Gdynia,—,Baltic Diving Solutions Sp z oo,Poland,Baltic Diving Solutions Sp z oo,Poland,Baltic Diving Solutions Sp z oo,Poland,Baltic Diving Solutions Sp z oo,Poland,—,—,—,—,—,—,—,—,—,—,8566919,261007303,283,—,UNKNOWN
vehicle carrier,13601954,Cielo Ace,Live,Panama,—,2025,50'+ gt,19853,Single,3E7047,73137,6243,Shin Kurushima Dockyard Company Limited,,199.96,—,14.00,—,—,—,—,—,Unknown Engine Designer,Mitsui O.S.K. Lines Limited (MOL),Japan,Panama,—,Mitsui O.S.K. Lines Limited (MOL),Japan,Mitsui O.S.K. Lines Limited (MOL),Japan,Irene Line Shipping SA,Panama,MOL Ship Management (Singapore) Private Limited,Republic of Singapore,—,—,—,—,MOL Ship Management Company Limited (MOLSHIP),Japan,—,—,—,—,9999383,352004807,—,—,UNKNOWN
vehicle carrier,13652722,Sakura,Live,Japan,—,2021,-30'gt,2285,Single,JD4937,2993,6103,—,,118.00,—,—,16.60,11.99,4.41,7.58,—,Unknown Engine Designer,Sanshin Kaiun K.K.,Japan,—,—,Sanshin Kaiun K.K.,Japan,Sanshin Kaiun K.K.,Japan,Seitoku Kaiun Company Limited,Japan,Auru K.K.,Japan,—,—,—,—,Auru K.K.,Japan,—,—,—,—,9908396,431017258,—,—,6L35MC
vehicle carrier,13676292,Freesia Leader,Live,Liberia,21800,2023,50'+ gt,19800,Single,5LIH2,71846,JLZ9200411,China Merchants Jinling Shipyard (Nanjing) Company Limited,,199.90,196.00,38.00,38.00,16.00,10.00,6.00,Wartsila Corporation,Wartsila Corporation,Nippon Yusen Kabushiki Kaisha (NYK Line) (Nippon Yusen Kaisha),Japan,Monrovia,—,Nippon Yusen Kabushiki Kaisha (NYK Line) (Nippon Yusen Kaisha),Japan,Nippon Yusen Kabushiki Kaisha (NYK Line) (Nippon Yusen Kaisha),Japan,Kamaishi Maritime SA,Panama,NYK Shipmanagement Private Limited,Republic of Singapore,—,—,—,—,NYK Shipmanagement Private Limited,Republic of Singapore,—,—,—,—,9933987,636022334,—,—,7X62DF
vehicle carrier,13706,Daiho Maru,Dead,Japan,13690,1967,-30'gt,27172,Single,—,21024,—,—,,—,—,—,—,—,—,—,—,Unknown Engine Designer,—,—,—,—,—,—,—,—,—,—,—,—,—,—,—,—,—,—,—,—,—,—,6719081,—,7159,9600,UNKNOWN
vehicle carrier,13716109,CMA CGM Monza,Live,Malta,21600,2024,50'+ gt,19800,Single,9HA6117,71631,W0302,China Merchants Jinling Shipyard (Weihai) Company Limited,,199.90,196.00,38.00,38.00,36.58,15.50,21.08,—,Wartsila Corporation,Eastern Pacific Shipping Private Limited,Republic of Singapore,Valletta,—,Quantum Pacific Group,Monaco,Eastern Pacific Shipping Private Limited,Republic of Singapore,Lucar Marine Limited,Liberia,Eastern Pacific Shipping (UK) Limited,United Kingdom,CMA CGM SA (The French Line),France,—,—,Eastern Pacific Shipping (UK) Limited,United Kingdom,—,—,—,—,9953808,249121000,—,—,7X62DF
vehicle carrier,13716119,Lake Herman,Live,Liberia,21512,2023,50'+ gt,19800,Single,5LEK5,72800,JLZ8210425,China Merchants Heavy Industry (Jiangsu) Company Limited,,199.90,195.60,38.00,38.00,36.58,10.00,26.58,—,Wartsila Corporation,Mizuho Sangyo Company Limited,Japan,Monrovia,—,Mizuho Sangyo Company Limited,Japan,Mizuho Sangyo Company Limited,Japan,Fair Wind Navigation S.A.,Panama,Eastern Pacific Shipping (UK) Limited,United Kingdom,Eastern Pacific Shipping Private Limited,Republic of Singapore,—,—,Eastern Pacific Shipping (UK) Limited,United Kingdom,—,—,—,—,9953119,636021536,—,—,7X62DF
vehicle carrier,13716126,CMA CGM Silverstone,Live,Malta,21600,2024,50'+ gt,19800,Single,9HA5998,71631,W0301,China Merchants Jinling Shipyard (Weihai) Company Limited,,199.90,196.00,38.00,38.00,36.58,15.50,21.08,—,Wartsila Corporation,Eastern Pacific Shipping Private Limited,Republic of Singapore,Valletta,—,Quantum Pacific Group,Monaco,Eastern Pacific Shipping Private Limited,Republic of Singapore,Carbul Marine Limited,Liberia,Eastern Pacific Shipping (UK) Limited,United Kingdom,CMA CGM SA (The French Line),France,—,—,Eastern Pacific Shipping (UK) Limited,United Kingdom,—,—,—,—,9953793,256854000,—,—,7X62DF
vehicle carrier,13716128,CMA CGM Indianapolis,Live,Malta,21503,2023,50'+ gt,19800,Single,9HA5878,71675,W0300,Jinling Shipyard,China,199.90,195.60,38.00,38.00,36.58,10.00,26.58,—,Wartsila Corporation,Eastern Pacific Shipping Private Limited,Republic of Singapore,Valletta,—,Quantum Pacific Group,Monaco,Eastern Pacific Shipping Private Limited,Republic of Singapore,Bellcar Marine Limited,Liberia,Eastern Pacific Shipping (UK) Limited,United Kingdom,CMA CGM SA (The French Line),France,—,—,Eastern Pacific Shipping (UK) Limited,United Kingdom,—,—,—,—,9953717,256542000,—,—,7X62DF
vehicle carrier,13727,Daishin Maru,Dead,Japan,10935,1971,-30'gt,15628,Single,—,15581,—,—,,—,—,—,—,—,—,—,—,Unknown Engine Designer,—,—,—,—,—,—,—,—,—,—,—,—,—,—,—,—,—,—,—,—,—,—,7035418,—,8613,11550,UNKNOWN
vehicle carrier,137366,Pearl Ray,Dead,Liberia,15106,1980,30'-50'gt,26830,Single,—,45376,1073,Sumitomo Heavy Industries Limited Shipbuilding,Tokyo,190.00,180.02,32.01,32.01,13.06,8.91,4.15,"Sumitomo Heavy Industries, Limited",Sulzer Turbomachinery Services,Indian Breakers,—,Monrovia,—,—,—,—,—,—,—,—,—,—,—,—,—,—,—,—,—,—,—,7825435,—,12356,16800,7RND76M
vehicle carrier,137535,St.Barbara,Dead,Malta,15630,1980,-30'gt,10729,Single,—,27087,2127,Shin Kurushima Dockyard Company Limited,Tokyo,165.00,155.00,27.64,27.60,13.94,7.80,6.14,Kawasaki Shipbuilding Corporation,MAN Energy Solutions SE,Indian Breakers,—,Valletta,—,—,—,—,—,—,—,—,—,—,—,—,—,—,—,—,—,—,—,7913139,—,8948,12000,12V52/55A
vehicle carrier,137560,Hoegh Tramper,Dead,Bahamas,10011,1980,30'-50'gt,12619,Double Bottom,—,33369,448,Tsuneishi Shipbuilding Company Limited,Japan,180.00,167.73,29.21,29.20,12.53,8.52,4.01,B&W Diesel A/S,B&W Diesel A/S,Hoegh Autoliners.,—,Nassau,—,—,—,—,—,—,—,—,—,—,—,—,—,—,—,—,—,—,—,7900209,—,8352,11200,6L67GFC
vehicle carrier,13760488,Thor Highway,Live,Liberia,21445,2024,50'+ gt,18700,Single,5LNE6,69470,21110060,Guangzhou Shipyard International Company Limited,China,199.99,195.60,—,38.00,15.00,10.00,5.00,—,B&W Diesel A/S,Financial Partners Group Company Limited (FPG),Japan,Monrovia,—,Financial Partners Group Company Limited (FPG),Japan,Financial Partners Group Company Limited (FPG),Japan,Solt Holding Liberia 36 SA,Liberia,Lauterjung Shipmanagement GmbH & Company KG,Germany,Kawasaki Kisen Kaisha Limited (Kawasaki Kisen KK) ('K' Line),Japan,—,—,Lauterjung Shipmanagement GmbH & Company KG,Germany,—,—,—,—,9948164,636023332,—,—,6S60ME-C10-GI
vehicle carrier,13760495,Odin Highway,Live,Liberia,21445,2024,50'+ gt,19222,Single,5LNE5,69470,21110059,Guangzhou Shipyard International Company Limited,China,199.99,195.60,—,38.00,15.00,10.00,5.00,—,B&W Diesel A/S,Financial Partners Group Company Limited (FPG),Japan,Monrovia,—,Financial Partners Group Company Limited (FPG),Japan,Financial Partners Group Company Limited (FPG),Japan,Solt Holding Liberia 35 SA,Liberia,Lauterjung Shipmanagement GmbH & Company KG,Germany,Kawasaki Kisen Kaisha Limited (Kawasaki Kisen KK) ('K' Line),Japan,—,—,Lauterjung Shipmanagement GmbH & Company KG,Germany,—,—,—,—,9948152,636023331,—,—,6S60ME-C10-GI
vehicle carrier,13788621,Way Forward,Live,Sweden,20333,2024,50'+ gt,18565,Single,SBOW,62432,H538,Yantai Raffles Shipyard Private Limited,Singapore,199.50,195.40,37.00,37.00,13.40,9.50,3.90,—,Unknown Engine Designer,Walleniusrederierna AB (Wallenius Lines AB),Sweden,—,—,Rederi AB Soya,Sweden,Walleniusrederierna AB (Wallenius Lines AB),Sweden,Walleniusrederierna AB (Wallenius Lines AB),Sweden,Wallenius Marine AB,Sweden,Volkswagen Group Logistics GmbH & Company OHG,Germany,—,—,Wallenius Marine AB,Sweden,—,—,—,—,9945617,265055000,—,—,UNKNOWN
vehicle carrier,13811055,Emden,Live,Liberia,21800,2023,50'+ gt,19243,Single,5LKH7,69470,21110035,CSSC Offshore & Marine Engineering Group Company Limited,Unknown,199.90,195.60,38.00,38.00,15.00,10.00,5.00,—,B&W Diesel A/S,Financial Partners Group Company Limited (FPG),Japan,Monrovia,—,Financial Partners Group Company Limited (FPG),Japan,Financial Partners Group Company Limited (FPG),Japan,Solt Holding Liberia 34 SA,Bermuda,Lauterjung Shipmanagement GmbH & Company KG,Germany,Volkswagen Group Logistics GmbH & Company OHG,Germany,—,—,Lauterjung Shipmanagement GmbH & Company KG,Germany,—,—,—,—,9941788,636022757,—,—,6S60ME-C10-GI
vehicle carrier,13811056,Wolfsburg,Live,Liberia,21800,2023,50'+ gt,18700,Single,5LKH8,69470,21110036,CSSC Offshore & Marine Engineering Group Company Limited,,199.90,195.60,38.00,38.00,15.00,8.60,6.40,—,B&W Diesel A/S,Financial Partners Group Company Limited (FPG),Japan,Monrovia,—,Financial Partners Group Company Limited (FPG),Japan,Financial Partners Group Company Limited (FPG),Japan,Solt Holding Liberia 33 SA,Liberia,Lauterjung Shipmanagement GmbH & Company KG,Germany,Volkswagen Group Logistics GmbH & Company OHG,Germany,—,—,Lauterjung Shipmanagement GmbH & Company KG,Germany,—,—,—,—,9941790,636022758,—,—,6S60ME-C10-GI
vehicle carrier,13820575,Glovis Success,Live,Liberia,21595,2024,50'+ gt,19322,Single,5LTR7,68534,21110062,CSSC Offshore & Marine Engineering Group Company Limited,,199.90,193.90,38.00,38.00,15.00,10.02,4.98,—,Unknown Engine Designer,H-Line Shipping Company Limited,Republic of Korea,Monrovia,—,Hahn & Company,Republic of Korea,H-Line Shipping Company Limited,Republic of Korea,Orion 4 SA,Liberia,H-Line Shipping Company Limited,Republic of Korea,Hyundai Glovis Company Limited,Republic of Korea,—,—,H-Line Shipping Company Limited,Republic of Korea,—,—,—,—,9964285,636024658,—,—,UNKNOWN
vehicle carrier,13820576,Glovis Selene,Live,Liberia,21595,2024,50'+ gt,19322,Single,5LSQ7,68534,21110061,Guangzhou Shipyard International Company Limited,,199.90,193.90,—,38.00,15.00,10.02,4.98,—,Unknown Engine Designer,H-Line Shipping Company Limited,Republic of Korea,Monrovia,—,Hahn & Company,Republic of Korea,H-Line Shipping Company Limited,Republic of Korea,Orion 3 SA,Liberia,H-Line Shipping Company Limited,Republic of Korea,Hyundai Glovis Company Limited,Republic of Korea,—,—,H-Line Shipping Company Limited,Republic of Korea,—,—,—,—,9964170,636024447,—,—,UNKNOWN
vehicle carrier,13834793,Lake Tazawa,Live,Liberia,21489,2024,50'+ gt,19800,Single,5LJZ9,71631,W0303,China Merchants Jinling Shipyard (Weihai) Company Limited,,199.90,196.00,38.00,38.00,37.00,15.50,21.50,—,Wartsila Corporation,Eastern Pacific Shipping Private Limited,Republic of Singapore,Monrovia,—,Quantum Pacific Group,Monaco,Eastern Pacific Shipping Private Limited,Republic of Singapore,Nycar Marine Limited,Liberia,Eastern Pacific Shipping (UK) Limited,United Kingdom,EUKOR Car Carriers Incorporated,Republic of Korea,—,—,Eastern Pacific Shipping (UK) Limited,United Kingdom,—,—,—,—,9953810,636022691,—,—,7X62DF
vehicle carrier,13851170,Ferry Yuki,Live,Japan,—,1989,-30'gt,250,Single,JM5676,188,—,—,,47.00,—,10.00,—,—,—,—,—,Unknown Engine Designer,Unknown Owners,—,—,—,Unknown Owners,—,Unknown Owners,—,Unknown Owners,—,Unknown Owners,—,—,—,—,—,—,—,—,—,—,—,8823173,431601035,2000,2681,12P152S
vehicle carrier,13857058,SAIC Anji Splendor,Live,Liberia,23021,2024,50'+ gt,18163,Single,5LOC6,74871,H2660,Jiangnan Shipyard (Group) Company Limited,Shanghai,199.90,195.60,38.00,38.00,22.00,9.20,5.32,—,Unknown Engine Designer,SAIC Anji Logistics Company Limited,People's Republic of China,Monrovia,—,SAIC Motor Corporation Limited (SAIC),People's Republic of China,SAIC Anji Logistics Company Limited,People's Republic of China,Anji Logistics (Hong Kong) Holding Company Limited,"Hong Kong, S.A.R., China",Wallem Shipmanagement Limited (WSM),"Hong Kong, S.A.R., China",—,—,—,—,Wallem Shipmanagement Limited (WSM),"Hong Kong, S.A.R., China",—,—,—,—,9973365,636023521,—,—,7UEC60LSE
vehicle carrier,13857059,Saic Anji Sincerity,Live,Liberia,23021,2024,50'+ gt,18600,Single,5LOC5,74871,H2659,Jiangnan Shipyard (Group) Company Limited,Shanghai,199.90,195.60,38.00,38.00,22.00,9.20,5.32,—,Unknown Engine Designer,SAIC Anji Logistics Company Limited,People's Republic of China,Monrovia,—,SAIC Motor Corporation Limited (SAIC),People's Republic of China,SAIC Anji Logistics Company Limited,People's Republic of China,Anji Logistics (Hong Kong) Holding Company Limited,"Hong Kong, S.A.R., China",Wallem Shipmanagement Limited (WSM),"Hong Kong, S.A.R., China",—,—,—,—,Wallem Shipmanagement Limited (WSM),"Hong Kong, S.A.R., China",—,—,—,—,9973377,636023520,—,—,7UEC60LSE
vehicle carrier,13857188,Hoegh Borealis,Live,Norway (Int. Register),35724,2024,50'+ gt,25587,Single,LAUI8,84074,CMHI-269-2,China Merchants Heavy Industry (Jiangsu) Company Limited,,199.99,196.00,—,37.60,41.00,10.80,30.20,—,Unknown Engine Designer,Hoegh Autoliners Management AS,Norway,Oslo,—,Leif Hoegh & Company As,Norway,Hoegh Autoliners Management AS,Norway,Hoegh Autoliners Shipping II AS,Norway,Hoegh Technical Management Incorporated,Philippines,—,—,—,—,Hoegh Autoliners Management AS,Norway,—,—,—,—,9962689,259038250,—,—,UNKNOWN
vehicle carrier,13858831,Sweet Pea Leader,Live,Liberia,23294,2023,50'+ gt,18534,Single,5LMQ8,77644,F070,Tadotsu Shipbuilding Company Limited - NOW IMABARI TADOTSU SHIPBUILDING COMPANY LIMITED - which see,Tadotsu,199.98,192.00,—,38.00,23.00,9.72,13.28,—,B&W Diesel A/S,Nippon Yusen Kabushiki Kaisha (NYK Line) (Nippon Yusen Kaisha),Japan,Monrovia,—,Nippon Yusen Kabushiki Kaisha (NYK Line) (Nippon Yusen Kaisha),Japan,Nippon Yusen Kabushiki Kaisha (NYK Line) (Nippon Yusen Kaisha),Japan,Fudai Maritima SA,Panama,NYK Shipmanagement Private Limited,Republic of Singapore,—,—,—,—,NYK Shipmanagement Private Limited,Republic of Singapore,—,—,—,—,9960215,636023225,—,—,8S50ME-C9-GI
vehicle carrier,13858832,Daisy Leader,Live,Japan,23274,2024,30'-50'gt,18605,Single,7KPL,49412,F071,Tadotsu Shipbuilding Company Limited - NOW IMABARI TADOTSU SHIPBUILDING COMPANY LIMITED - which see,Tadotsu,199.98,—,—,38.00,23.00,9.72,13.28,—,B&W Diesel A/S,Nippon Yusen Kabushiki Kaisha (NYK Line) (Nippon Yusen Kaisha),Japan,Tokyo,—,Nippon Yusen Kabushiki Kaisha (NYK Line) (Nippon Yusen Kaisha),Japan,Nippon Yusen Kabushiki Kaisha (NYK Line) (Nippon Yusen Kaisha),Japan,Nippon Yusen Kabushiki Kaisha (NYK Line) (Nippon Yusen Kaisha),Japan,NYK Shipmanagement Private Limited,Republic of Singapore,—,—,—,—,NYK Shipmanagement Private Limited,Republic of Singapore,—,—,—,—,9960227,431193000,—,—,8S50ME-C9-GI
vehicle carrier,13858856,Hoegh Australis,Live,Norway (Int. Register),35724,2024,50'+ gt,25552,Single,LAUJ8,84135,CMHI-269-3,China Merchants Heavy Industry (Jiangsu) Company Limited,,199.99,196.00,—,37.60,15.00,10.80,4.20,—,Unknown Engine Designer,Bocomm Aviation Leasing Ireland Company Limited,Republic of Ireland,Oslo,—,Bank of Communications Company Limited,People's Republic of China,Bocomm Aviation Leasing Ireland Company Limited,Republic of Ireland,Xiang I7 International Ship Lease Company Limited,Republic of Ireland,Hoegh Technical Management Incorporated,Philippines,Hoegh Autoliners Management AS,Norway,—,—,Hoegh Autoliners Management AS,Norway,—,—,—,—,9962691,257916000,—,—,UNKNOWN
vehicle carrier,13858862,Hoegh Sunlight,Live,Norway (Int. Register),35724,2024,50'+ gt,25200,Single,LAUK8,84135,CMHI-269-4,China Merchants Heavy Industry (Jiangsu) Company Limited,Unknown,199.99,196.00,—,37.60,41.00,10.80,30.20,—,Unknown Engine Designer,Bocomm Aviation Leasing Ireland Company Limited,Republic of Ireland,Oslo,—,Bank of Communications Company Limited,People's Republic of China,Bocomm Aviation Leasing Ireland Company Limited,Republic of Ireland,Xiang I8 International Ship Lease Company Limited,Republic of Ireland,Hoegh Technical Management Incorporated,Philippines,Hoegh Autoliners AS,Norway,—,—,Hoegh Autoliners Management AS,Norway,—,—,—,—,9962706,257965000,—,—,UNKNOWN
vehicle carrier,13858869,Hoegh Aurora,Live,Norway (Int. Register),35724,2024,50'+ gt,25563,Single,LAUH8,84074,CMHI-269-1,China Merchants Heavy Industry (Jiangsu) Company Limited,,199.99,196.00,—,37.60,15.00,10.80,4.20,—,Unknown Engine Designer,Hoegh Autoliners Management AS,Norway,Oslo,—,Leif Hoegh & Company As,Norway,Hoegh Autoliners Management AS,Norway,Hoegh Autoliners Shipping II AS,Norway,Hoegh Technical Management Incorporated,Philippines,Hoegh Autolines AS,Norway,—,—,Hoegh Autoliners Management AS,Norway,—,—,—,—,9962677,257763000,—,—,UNKNOWN
vehicle carrier,13859064,Glovis Sunshine,Live,Liberia,21595,2024,50'+ gt,19322,Single,5LRN7,68534,21110056,CSSC Offshore & Marine Engineering Group Company Limited,Nansha,199.90,193.90,—,38.00,15.00,10.02,4.98,—,Unknown Engine Designer,H-Line Shipping Company Limited,Republic of Korea,Monrovia,—,Hahn & Company,Republic of Korea,H-Line Shipping Company Limited,Republic of Korea,Orion 2 SA,Liberia,H-Line Shipping Company Limited,Republic of Korea,Hyundai Glovis Company Limited,Republic of Korea,—,—,H-Line Shipping Company Limited,Republic of Korea,—,—,—,—,9955662,636024216,—,—,UNKNOWN
vehicle carrier,13859065,Glovis Solar,Live,Liberia,21595,2024,50'+ gt,19322,Single,5LQK8,68534,21110055,CSSC Offshore & Marine Engineering Group Company Limited,Nansha,199.90,193.90,38.00,38.00,15.00,10.02,4.98,—,Unknown Engine Designer,H-Line Shipping Company Limited,Republic of Korea,Monrovia,—,Hahn & Company,Republic of Korea,H-Line Shipping Company Limited,Republic of Korea,Orion 1 SA,Liberia,H-Line Shipping Company Limited,Republic of Korea,Hyundai Glovis Company Limited,Republic of Korea,—,—,H-Line Shipping Company Limited,Republic of Korea,—,—,—,—,9955650,636023991,—,—,6S60ME-C8
vehicle carrier,13882542,Saic Anji Harmony,Live,Liberia,21838,2024,50'+ gt,19800,Single,5LLL4,69250,H553,Yantai Raffles Shipyard Private Limited,Singapore,199.90,195.60,—,38.00,37.00,10.00,27.00,—,—,Mizuho Sangyo Company Limited,Japan,—,—,Mizuho Sangyo Company Limited,Japan,Mizuho Sangyo Company Limited,Japan,Fair Wind Navigation S.A.,Panama,Zodiac Maritime Limited,United Kingdom,SAIC Anji Logistics Company Limited,People's Republic of China,—,—,Wallem Shipmanagement Limited (WSM),"Hong Kong, S.A.R., China",—,—,—,—,9955064,636022998,—,—,—
vehicle carrier,13882544,Saic Anji Eternity,Live,Liberia,21838,2024,50'+ gt,19800,Single,5LLL2,69250,H552,Yantai Raffles Shipyard Private Limited,Singapore,199.90,195.60,—,38.00,37.00,10.00,27.00,—,—,Biko Kisen Company Limited,Japan,—,—,Biko Kisen Company Limited,Japan,Biko Kisen Company Limited,Japan,Picer Marine S.A.,Panama,Zodiac Maritime Limited,United Kingdom,—,—,—,—,Zodiac Maritime Limited,United Kingdom,—,—,—,—,9955040,636022996,—,—,—
vehicle carrier,13882546,BYD Explorer No. 1,Live,Liberia,21409,2023,50'+ gt,19177,Single,5LLK9,69407,H551,Yantai Raffles Shipyard Private Limited,Singapore,199.99,195.58,—,38.00,15.00,10.00,5.00,MAN Energy Solutions SE,Unknown Engine Designer,Taihei Kaiun Company Limited,Japan,Monrovia,—,Taihei Kaiun Company Limited,Japan,Taihei Kaiun Company Limited,Japan,Taihei Kaiun Company Limited (90%) & Friend Shine Shipping S.A. (10%),Panama,Zodiac Maritime Limited,United Kingdom,—,—,—,—,Zodiac Maritime Limited,United Kingdom,—,—,—,—,9955181,636022995,—,—,UNKNOWN
vehicle carrier,13891507,Blue Heritage,Live,Liberia,34500,2025,50'+ gt,10900,Single,5LQC6,69250,H557,Yantai CIMC Raffles Offshore Limited,,199.90,195.60,38.00,38.00,36.58,14.80,21.78,—,B&W Diesel A/S,United European Car Carriers Unipessoal Limitada,Madeira,Monrovia,—,United European Car Carriers AS,Norway,United European Car Carriers Unipessoal Limitada,Madeira,Sitno Shipping Incorporated,Liberia,Zodiac Maritime Limited,United Kingdom,Zodiac Maritime Limited,United Kingdom,—,—,Zodiac Maritime Limited,United Kingdom,—,—,—,—,9968619,636023928,—,—,6S60ME-C10-GI
vehicle carrier,13891522,Blue Aspire,Live,Liberia,34500,2024,50'+ gt,10900,Single,5LQC5,69250,H556,Yantai CIMC Raffles Offshore Limited,,199.90,195.60,38.00,38.00,36.58,14.80,21.78,—,B&W Diesel A/S,Mizuho Sangyo Company Limited,Japan,Monrovia,—,Mizuho Sangyo Company Limited,Japan,Mizuho Sangyo Company Limited,Japan,Fair Wind Navigation S.A.,Panama,Zodiac Maritime Limited,United Kingdom,United European Car Carriers AS,Norway,—,—,Zodiac Maritime Limited,United Kingdom,—,—,—,—,9968607,636023927,—,—,6S60ME-C10-GI
vehicle carrier,13896428,Huang He Kou,Live,Liberia,21164,2024,50'+ gt,18700,Single,5LLD2,68252,22110005,Guangzhou Shipyard International Company Limited,Guangzhou,199.90,195.60,—,38.00,15.00,8.60,4.82,—,Unknown Engine Designer,SPDB Financial Leasing Company Limited (Puyin Financial Leasing Company Limited),People's Republic of China,Monrovia,—,Shanghai Pudong Development Bank,People's Republic of China,SPDB Financial Leasing Company Limited (Puyin Financial Leasing Company Limited),People's Republic of China,SPDBFL No Two Hundred & Three (Tianjin) Ship Leasing Company Limited,People's Republic of China,Seacon Ships Management Private Limited,Republic of Singapore,Guangzhou Yuanhai Automobile Shipping Company Limited,People's Republic of China,—,—,Seacon Ships Management Private Limited,Republic of Singapore,—,—,—,—,9985368,636022932,—,—,6S60ME-C8
vehicle carrier,13896429,Peony Leader,Live,Liberia,21164,2024,50'+ gt,18700,Single,5LLD5,68252,22110006,Guangzhou Shipyard International Company Limited,Guangzhou,199.90,195.60,—,38.00,15.00,8.60,4.82,—,Unknown Engine Designer,CITIC Financial Leasing Company Limited,People's Republic of China,Monrovia,—,China CITIC Bank,People's Republic of China,CITIC Financial Leasing Company Limited,People's Republic of China,Xin Yin Chuang Yuan 5 (Tianjin) Shipping Leasing Company Limited,People's Republic of China,Seacon Ships Management Private Limited,Republic of Singapore,COSCO Shipping Specialized Carriers Company Limited,People's Republic of China,—,—,Seacon Ships Management Private Limited,Republic of Singapore,—,—,—,—,9985370,636022935,—,—,6S60ME-C8
vehicle carrier,13896430,Gan Jiang Kou,Live,Liberia,21164,2024,50'+ gt,18700,Single,5LLD3,68252,22110007,Guangzhou Shipyard International Company Limited,Guangzhou,199.90,195.60,—,38.00,15.00,8.60,4.82,—,Unknown Engine Designer,SPDB Financial Leasing Company Limited (Puyin Financial Leasing Company Limited),People's Republic of China,Monrovia,—,Shanghai Pudong Development Bank,People's Republic of China,SPDB Financial Leasing Company Limited (Puyin Financial Leasing Company Limited),People's Republic of China,SPDBFL No Two Hundred & Four (Tianjin) Ship Leasing Company Limited,People's Republic of China,HMC Shipmanagement Company Limited,People's Republic of China,COSCO Shipping Specialized Carriers Company Limited,People's Republic of China,—,—,HMC Shipmanagement Company Limited,People's Republic of China,—,—,—,—,9985382,636022933,—,—,6S60ME-C8
vehicle carrier,13896431,Xiang Jiang Kou,Live,Liberia,21164,2024,50'+ gt,18700,Single,5LLD6,68252,22110008,Guangzhou Shipyard International Company Limited,Guangzhou,199.90,195.60,—,38.00,15.00,8.60,4.82,—,Unknown Engine Designer,CITIC Financial Leasing Company Limited,People's Republic of China,Monrovia,—,China CITIC Bank,People's Republic of China,CITIC Financial Leasing Company Limited,People's Republic of China,Xin Yin Chuang Yuan 6 (Tianjin) Shipping Leasing Company Limited,People's Republic of China,Seacon Ships Management Private Limited,Republic of Singapore,Seacon Ships Management Company Limited,"Hong Kong, S.A.R., China",—,—,Seacon Ships Management Private Limited,Republic of Singapore,—,—,—,—,9985394,636022936,—,—,6S60ME-C8
vehicle carrier,13896434,Wen Jing Kou,Live,Liberia,29469,2025,50'+ gt,19800,Single,5LLH2,77410,H1600,Shanghai Waigaoqiao Shipbuilding Company Limited,China,199.90,195.60,—,38.00,15.00,9.20,4.42,—,Unknown Engine Designer,CITIC Financial Leasing Company Limited,People's Republic of China,Monrovia,—,China CITIC Bank,People's Republic of China,CITIC Financial Leasing Company Limited,People's Republic of China,Xin Yin Zhuo Yuan 1 (Tianjin) Shipping Leasing Company Limited,People's Republic of China,HMC Shipmanagement Company Limited,People's Republic of China,COSCO Shipping Specialized Carriers Company Limited,People's Republic of China,—,—,HMC Shipmanagement Company Limited,People's Republic of China,—,—,—,—,9997555,636022968,—,—,UNKNOWN
vehicle carrier,13901918,BYD Changzhou,Live,Liberia,21838,2024,50'+ gt,19800,Single,5LLL5,69250,H555,Yantai Raffles Shipyard Private Limited,Singapore,199.90,195.60,—,38.00,37.00,10.00,27.00,—,Wartsila Corporation,Zodiac Maritime Limited,United Kingdom,Monrovia,—,Zodiac Group Monaco SAM,Monaco,Zodiac Maritime Limited,United Kingdom,Wygon Shipping Incorporated,Liberia,Wallem Shipmanagement Limited (WSM),"Hong Kong, S.A.R., China",BYD Company Limited,People's Republic of China,—,—,Wallem Shipmanagement Limited (WSM),"Hong Kong, S.A.R., China",—,—,—,—,9955076,636022999,—,—,7X62DF
vehicle carrier,13905521,CMA CGM Daytona,Live,Malta,21489,2024,50'+ gt,19800,Single,9HA5940,71631,JLZ8220403,China Merchants Jinling Shipyard (Nanjing) Company Limited,China,199.90,—,—,38.00,36.58,15.50,21.08,Winterthur Gas & Diesel Limited (WinGD),Wartsila Corporation,ICBC Financial Leasing Company Limited,People's Republic of China,Valletta,—,Industrial and Commercial Bank of China Limited (ICBC),People's Republic of China,ICBC Financial Leasing Company Limited,People's Republic of China,Haijin No 38 (Tianjin) Leasing Company Limited,People's Republic of China,Eastern Pacific Shipping (UK) Limited,United Kingdom,CMA CGM SA (The French Line),France,—,—,Eastern Pacific Shipping (UK) Limited,United Kingdom,—,—,—,—,9976654,256707000,16695,22388,7X62DF
vehicle carrier,13906064,Argus Ray,Live,Bahamas,22779,2024,50'+ gt,18522,Single,C6GU2,70000,8130,HD Hyundai Samho Company Limited,South Korea,199.99,185.50,—,38.00,38.00,8.50,29.50,—,Unknown Engine Designer,Ray Car Carriers Limited,Isle of Man,Nassau,—,Ray Shipping Limited,Israel,Ray Car Carriers Limited,Isle of Man,Argus Maritime Limited,Isle of Man,Stamco Ship Management Company Limited,Greece,Stamco Ship Management Company Limited,Greece,—,—,Stamco Ship Management Company Limited,Greece,—,—,—,—,9970636,311001353,—,—,6S60ME-C8
vehicle carrier,13906069,Nestor Ray,Live,Bahamas,22779,2025,50'+ gt,18522,Single,C6GU3,70000,8131,HD Hyundai Samho Company Limited,South Korea,199.99,185.50,—,38.00,37.00,8.50,28.50,—,Unknown Engine Designer,Ray Car Carriers Limited,Isle of Man,Nassau,—,Ray Shipping Limited,Israel,Ray Car Carriers Limited,Isle of Man,Nestor Maritime Limited,Malta,Stamco Ship Management Company Limited,Greece,Hyundai Glovis Company Limited,Republic of Korea,—,—,Stamco Ship Management Company Limited,Greece,—,—,—,—,9970648,311001354,—,—,6S60ME-C8
vehicle carrier,13906773,Sumire Leader,Live,Liberia,21554,2023,50'+ gt,19800,Single,5LIH3,72800,JLZ9200412,China Merchants Jinling Shipyard (Jiangsu) Company Limited,,199.90,195.60,38.00,38.00,16.00,10.00,6.00,Wartsila Corporation,Wartsila Corporation,Nippon Yusen Kabushiki Kaisha (NYK Line) (Nippon Yusen Kaisha),Japan,Monrovia,—,Nippon Yusen Kabushiki Kaisha (NYK Line) (Nippon Yusen Kaisha),Japan,Nippon Yusen Kabushiki Kaisha (NYK Line) (Nippon Yusen Kaisha),Japan,Miyako Maritima SA,Panama,NYK Shipmanagement Private Limited,Republic of Singapore,—,—,—,—,NYK Shipmanagement Private Limited,Republic of Singapore,—,—,—,—,9933999,636022335,—,—,7X62DF
vehicle carrier,13906775,Lake Qaraoun,Live,Liberia,21512,2024,50'+ gt,19166,Single,5LEK9,71706,JLZ8210420,China Merchants Jinling Shipyard (Jiangsu) Company Limited,China,199.90,195.60,38.00,38.00,16.00,10.00,6.00,—,Wartsila Corporation,Eastern Pacific Shipping Private Limited,Republic of Singapore,Monrovia,—,Quantum Pacific Group,Monaco,Eastern Pacific Shipping Private Limited,Republic of Singapore,Ebuke Shipping Limited,Liberia,Eastern Pacific Shipping (UK) Limited,United Kingdom,—,—,—,—,Eastern Pacific Shipping (UK) Limited,United Kingdom,—,—,—,—,9946099,636021540,—,—,7X62DF
vehicle carrier,13906777,Lake Lugu,Live,Liberia,21512,2024,50'+ gt,19070,Single,5LEK8,71706,JLZ8210419,China Merchants Jinling Shipyard (Jiangsu) Company Limited,,199.90,195.60,38.00,38.00,16.00,10.00,6.00,Wartsila Corporation,Wartsila Corporation,Eastern Pacific Shipping Private Limited,Republic of Singapore,Monrovia,—,Quantum Pacific Group,Monaco,Eastern Pacific Shipping Private Limited,Republic of Singapore,Carbuke Shipping Limited,Liberia,Eastern Pacific Shipping (UK) Limited,United Kingdom,—,—,—,—,Eastern Pacific Shipping (UK) Limited,United Kingdom,—,—,—,—,9946087,636021539,—,—,7X62DF
vehicle carrier,13906779,CMA CGM Monaco,Live,Malta,21512,2024,50'+ gt,19086,Single,9HA5941,71706,JLZ8210418,China Merchants Jinling Shipyard (Jiangsu) Company Limited,,199.90,195.60,38.00,38.00,16.00,10.00,6.00,Wartsila Corporation,Wartsila Corporation,Eastern Pacific Shipping Private Limited,Republic of Singapore,Valletta,—,Quantum Pacific Group,Monaco,Eastern Pacific Shipping Private Limited,Republic of Singapore,Berbuke Shipping Limited,Liberia,Eastern Pacific Shipping (UK) Limited,United Kingdom,CMA CGM SA (The French Line),France,—,—,Eastern Pacific Shipping (UK) Limited,United Kingdom,—,—,—,—,9946075,256700000,—,—,7X62DF
vehicle carrier,13906781,Lake Annecy,Live,Liberia,21512,2023,50'+ gt,19800,Single,5LEK6,71706,JLZ8210417,China Merchants Jinling Shipyard (Jiangsu) Company Limited,Unknown,199.90,195.60,38.00,38.00,16.00,10.00,6.00,Wartsila Corporation,Wartsila Corporation,Biko Kisen Company Limited,Japan,Monrovia,—,Biko Kisen Company Limited,Japan,Biko Kisen Company Limited,Japan,Picer Marine S.A.,Panama,Eastern Pacific Shipping (UK) Limited,United Kingdom,Eastern Pacific Shipping Private Limited,Republic of Singapore,—,—,Eastern Pacific Shipping (UK) Limited,United Kingdom,—,—,—,—,9946063,636021537,—,—,7X62DF
vehicle carrier,13907279,Poseidon Highway,Live,Japan,—,2024,50'+ gt,20000,Single,7KQM,57600,1908,Imabari Shipbuilding Company Limited (Marugame),Japan,199.90,—,—,38.00,39.00,—,—,—,MAN Energy Solutions SE,Kawasaki Kisen Kaisha Limited (Kawasaki Kisen KK) ('K' Line),Japan,—,—,Kawasaki Kisen Kaisha Limited (Kawasaki Kisen KK) ('K' Line),Japan,Kawasaki Kisen Kaisha Limited (Kawasaki Kisen KK) ('K' Line),Japan,Kawasaki Kisen Kaisha Limited (Kawasaki Kisen KK) ('K' Line),Japan,'K' Line RoRo Bulk Ship Management Company Limited,Japan,—,—,—,—,'K' Line RoRo Bulk Ship Management Company Limited,Japan,—,—,—,—,9991185,431497000,—,—,6S60ME-C10.5-GI-EGRBP
vehicle carrier,13908763,UGR Al Samha,Live,Marshall Islands,21838,2025,50'+ gt,19800,Single,V7A3085,69000,—,Yantai Raffles Shipyard Private Limited,Singapore,199.90,195.60,—,38.00,37.00,10.00,27.00,—,Unknown Engine Designer,Abu Dhabi Ports Company PJSC (ADPC),United Arab Emirates,Majuro,—,AD Ports Group,United Arab Emirates,Abu Dhabi Ports Company PJSC (ADPC),United Arab Emirates,Safeen RoRo 42 Limited,Marshall Islands,Atlas Maritime Shipmanagement Limited,Greece,—,—,—,—,Atlas Maritime Shipmanagement Limited,Greece,—,—,—,—,9973444,538011525,—,—,UNKNOWN
vehicle carrier,13908846,Anji Prestige,Live,Liberia,23208,2024,50'+ gt,18500,Single,5LOC7,75604,H2661,Jiangnan Shipyard (Group) Company Limited,Shanghai,199.90,195.60,—,38.00,16.00,9.20,5.32,—,Unknown Engine Designer,ICBC Financial Leasing Company Limited,People's Republic of China,Monrovia,—,Industrial and Commercial Bank of China Limited (ICBC),People's Republic of China,ICBC Financial Leasing Company Limited,People's Republic of China,Haijin No 3 (Tianjin) Leasing Company Limited,People's Republic of China,Wallem Shipmanagement Limited (WSM),"Hong Kong, S.A.R., China",SAIC Anji Logistics Company Limited,People's Republic of China,—,—,Wallem Shipmanagement Limited (WSM),"Hong Kong, S.A.R., China",—,—,—,—,9973389,636023522,—,—,7UEC60LSE
vehicle carrier,13908849,Anji Virtue,Live,Liberia,23194,2025,50'+ gt,22000,Single,5LOC8,73000,H2662,Jiangnan Shipyard (Group) Company Limited,Shanghai,199.90,195.60,—,38.00,22.00,10.20,11.80,—,Unknown Engine Designer,SAIC Anji Logistics Company Limited,People's Republic of China,Monrovia,—,SAIC Motor Corporation Limited (SAIC),People's Republic of China,SAIC Anji Logistics Company Limited,People's Republic of China,SAIC Anji Logistics Company Limited,People's Republic of China,SAIC Anji Logistics Company Limited,People's Republic of China,—,—,—,—,—,—,—,—,—,—,9973391,636023523,—,—,UNKNOWN
vehicle carrier,13910719,Shuri,Live,Japan,—,2022,-30'gt,7073,Single,JD5127,15816,S-A250,—,,180.32,—,—,27.00,19.00,7.22,11.78,—,MAN Diesel AS,Seno Kisen K.K. (Seno Kisen Company Limited),Japan,Imabari,—,Seno Kisen K.K. (Seno Kisen Company Limited),Japan,Seno Kisen K.K. (Seno Kisen Company Limited),Japan,Seno Kisen K.K. (Seno Kisen Company Limited),Japan,Seno Kisen K.K. (Seno Kisen Company Limited),Japan,—,—,—,—,Seno Kisen K.K. (Seno Kisen Company Limited),Japan,—,—,—,—,9932983,431019644,—,—,9S50ME-C8.5
vehicle carrier,13910916,Turquoise Ace,Live,Panama,—,2024,50'+ gt,17800,Single,3E6113,77500,F076,Tadotsu Shipbuilding Company Limited - NOW IMABARI TADOTSU SHIPBUILDING COMPANY LIMITED - which see,,199.98,—,37.20,—,36.51,9.72,26.79,—,MAN Energy Solutions SE,K Line Energy Ship Management Company Limited,Japan,Panama,—,Kawasaki Kisen Kaisha Limited (Kawasaki Kisen KK) ('K' Line),Japan,K Line Energy Ship Management Company Limited,Japan,Fractal Marine Corporation,Panama,MOL Ship Management Company Limited (MOLSHIP),Japan,Mitsui O.S.K. Lines Limited (MOL),Japan,—,—,MOL Ship Management Company Limited (MOLSHIP),Japan,—,—,—,—,9969132,352003869,—,—,6S60ME-C10.5-GI-EGRBP
vehicle carrier,13916891,Hera Highway,Live,Bahamas,—,2025,50'+ gt,18000,Single,C6HR8,70000,8143,HD Hyundai Samho Company Limited,Incheon,199.99,—,—,38.00,37.00,8.50,28.50,—,Unknown Engine Designer,Ray Car Carriers Limited,Isle of Man,Nassau,—,Ray Shipping Limited,Israel,Ray Car Carriers Limited,Isle of Man,Ray Car Carriers Limited,Isle of Man,Ray Car Carriers Limited,Isle of Man,—,—,—,—,—,—,—,—,—,—,9982718,311001548,—,—,UNKNOWN
vehicle carrier,13960848,Glovis Trust,Live,Liberia,23400,2025,50'+ gt,21096,Single,5LVB3,77560,22110031,Guangzhou Shipyard International Company Limited,China,199.90,195.60,—,38.00,40.00,10.40,29.60,—,Unknown Engine Designer,H-Line Shipping Company Limited,Republic of Korea,Monrovia,—,Hahn & Company,Republic of Korea,H-Line Shipping Company Limited,Republic of Korea,Orion 5 SA,Liberia,H-Line Shipping Company Limited,Republic of Korea,—,—,—,—,—,—,—,—,—,—,9983140,636024945,—,—,7UEC60LSE
vehicle carrier,13984958,BYD Hefei,Live,"Hong Kong, S.A.R., China",21800,2025,50'+ gt,18400,Single,VRWM3,69542,23110041,Guangzhou Shipyard International Company Limited,,200.00,195.60,38.00,38.00,15.00,9.00,6.00,—,Unknown Engine Designer,BYD (HK) Company Limited,"Hong Kong, S.A.R., China",Hong Kong,—,BYD Company Limited,People's Republic of China,BYD (HK) Company Limited,"Hong Kong, S.A.R., China",BYD Hefei Maritime (HK) Company Limited,"Hong Kong, S.A.R., China",Seacon Ships Management Company Limited,"Hong Kong, S.A.R., China",—,—,—,—,Seacon Ships Management Company Limited,"Hong Kong, S.A.R., China",—,—,—,—,9999565,477116800,—,—,6S60ME-C8
vehicle carrier,14009886,Lake Saint Anne,Live,Liberia,21600,2025,50'+ gt,18600,Single,5LOL3,71631,JLZ8230401,China Merchants Jinling Shipyard (Nanjing) Company Limited,China,199.90,—,—,38.00,37.00,10.00,27.00,—,Unknown Engine Designer,Eastern Pacific Shipping Private Limited,Republic of Singapore,Monrovia,—,Quantum Pacific Group,Monaco,Eastern Pacific Shipping Private Limited,Republic of Singapore,Blarx Shipping Limited,Liberia,Eastern Pacific Shipping (UK) Limited,United Kingdom,—,—,—,—,Eastern Pacific Shipping (UK) Limited,United Kingdom,—,—,—,—,9994113,636023590,—,—,UNKNOWN
vehicle carrier,14017242,Trans Harmony Green,Live,Panama,12375,2025,30'-50'gt,1238,Single,3E6959,49500,1238,Shimonoseki Shipyard of Mitsubishi Heavy Industries Limited,Japan,195.00,—,—,30.60,31.00,8.20,22.80,Mitsubishi Heavy Industries Limited,MAN Energy Solutions SE,Toyofuji Shipping Company Limited (Toyofuji Kaiun KK),Japan,Panama,—,Toyofuji Shipping Company Limited (Toyofuji Kaiun KK),Japan,Toyofuji Shipping Company Limited (Toyofuji Kaiun KK),Japan,Feng Li Maritime Corporation,Panama,Bernhard Schulte Shipmanagement (Singapore) Private Limited,Republic of Singapore,—,—,—,—,Bernhard Schulte Shipmanagement (Singapore) Private Limited,Republic of Singapore,—,—,—,—,9995612,352004697,—,—,6S60ME-C10.5-GI
vehicle carrier,14049927,Brands Hatch,Live,Liberia,22000,2025,50'+ gt,18370,Single,5LTH5,69250,H560,Yantai Raffles Shipyard Private Limited,Singapore,199.90,195.60,—,38.00,37.00,8.60,28.40,—,Unknown Engine Designer,Zodiac Maritime Limited,United Kingdom,Monrovia,—,Zodiac Group Monaco SAM,Monaco,Zodiac Maritime Limited,United Kingdom,Jastzab Shipping Incorporated,Liberia,Zodiac Maritime Limited,United Kingdom,—,—,—,—,—,—,—,—,—,—,9999967,636024583,—,—,UNKNOWN
vehicle carrier,140631,Indianapolis,Dead,Norway (Int. Register),1422,1980,-30'gt,1956,Single,—,4743,—,—,Spain,88.00,80.02,17.01,17.01,14.28,4.75,9.53,Deutz AG,Deutz AG,U.E.C.C. (Norway),—,—,—,—,—,—,—,—,—,—,—,—,—,—,—,—,—,—,—,—,—,7901722,—,2237,3000,SBV8M358
vehicle carrier,14110453,Lapis Ace,Live,Panama,—,2024,50'+ gt,21000,Single,3E6680,77695,F086,Tadotsu Shipbuilding Company Limited - NOW IMABARI TADOTSU SHIPBUILDING COMPANY LIMITED - which see,Tadotsu,199.98,—,—,38.00,38.76,—,—,—,MAN Energy Solutions SE,Shoei Kisen KK (Shoei Kisen Kaisha Limited),Japan,Panama,—,Imabari Shipbuilding Company Limited,Japan,Shoei Kisen KK (Shoei Kisen Kaisha Limited),Japan,Cypress Maritime (Panama) S.A.,Panama,Fleet Ship Management Private Limited,Republic of Singapore,—,—,—,—,Fleet Ship Management Private Limited,Republic of Singapore,—,—,—,—,9991159,352004369,—,—,6S60ME-C10.5-GI-EGRBP
vehicle carrier,14110481,Aicc Huanghu,Live,Marshall Islands,21499,2025,50'+ gt,18773,Single,V7A6635,71663,W2241,Wuhu Shipyard Company Limited,Wuhu,199.99,195.60,—,39.37,16.00,10.00,6.00,—,Unknown Engine Designer,Anhui Hangrui International Ro-Ro Shipping Company,People's Republic of China,Majuro,—,Anhui Port and Shipping Group,People's Republic of China,Anhui Hangrui International Ro-Ro Shipping Company,People's Republic of China,Hangrui Huanghu Shipping Limited,"Hong Kong, S.A.R., China",Seacon Ships Management Private Limited,Republic of Singapore,—,—,—,—,Seacon Ships Management Private Limited,Republic of Singapore,—,—,—,—,1018377,538011134,—,—,7UEC60LSE
vehicle carrier,141130,Hoegh Trubadour,Dead,Norway (Int. Register),10011,1980,30'-50'gt,12165,Double Bottom,—,33369,449,Tsuneishi Shipbuilding Company Limited,Japan,180.00,167.73,29.22,29.22,12.54,8.52,4.02,Mitsui Engineering & Shipbuilding Company Limited,B&W Diesel A/S,Chinese Breakers,—,Oslo,—,—,—,—,—,—,—,—,—,—,—,—,—,—,—,—,—,—,—,7900211,—,8352,11200,6L67GFC
vehicle carrier,14124497,Lake Shirasagi,Live,Liberia,21489,2024,50'+ gt,18600,Single,5LOL5,71631,JLZ8230403,China Merchants Jinling Shipyard (Nanjing) Company Limited,China,199.90,196.00,—,38.00,15.50,15.50,0.00,—,Unknown Engine Designer,Eastern Pacific Shipping Private Limited,Republic of Singapore,Monrovia,—,Quantum Pacific Group,Monaco,Eastern Pacific Shipping Private Limited,Republic of Singapore,Lerose Marine Limited,Liberia,Eastern Pacific Shipping (UK) Limited,United Kingdom,EUKOR Car Carriers Incorporated,Republic of Korea,—,—,Eastern Pacific Shipping (UK) Limited,United Kingdom,—,—,—,—,1024869,636023592,—,—,7UEC60LSE
vehicle carrier,14124612,Cerulean Ace,Live,Panama,22251,2024,50'+ gt,19889,Single,3E7475,73132,6201,Shin Kurushima Dockyard Company Limited,Japan,199.95,196.00,—,38.00,21.00,9.60,11.40,—,MAN Energy Solutions SE,Mitsui O.S.K. Lines Limited (MOL),Japan,Panama,—,Mitsui O.S.K. Lines Limited (MOL),Japan,Mitsui O.S.K. Lines Limited (MOL),Japan,Susan Navigation SA,Panama,MOL Ship Management Company Limited (MOLSHIP),Japan,—,—,—,—,MOL Ship Management Company Limited (MOLSHIP),Japan,—,—,—,—,9973872,352003313,—,—,6S60ME-C10.5-GI-EGRBP
vehicle carrier,14124613,Celeste Ace,Live,Panama,—,2024,50'+ gt,18650,Single,3E5420,74000,6202,Shin Kurushima Dockyard Company Limited,Japan,199.96,—,—,38.00,—,—,—,—,MAN Energy Solutions SE,Mitsui O.S.K. Lines Limited (MOL),Japan,—,—,Mitsui O.S.K. Lines Limited (MOL),Japan,Mitsui O.S.K. Lines Limited (MOL),Japan,Rejoice Trans S.A.,Panama,MOL Ship Management Company Limited (MOLSHIP),Japan,—,—,—,—,MOL Ship Management Company Limited (MOLSHIP),Japan,—,—,—,—,9982990,352004036,—,—,6S60ME-C10.5-GI-EGRBP
vehicle carrier,141620,Pioneer Runner,Dead,Panama,9732,1980,-30'gt,13023,Single,—,28121,251,Shin Yamamoto Shipbuilding Company Limited,Kochi(JPN),174.00,164.01,26.81,26.81,9.68,8.52,1.16,Ishikawajima-Harima Heavy Industries Company Limited,Semt Pielstick SA,Chinese Breakers,—,Panama,—,—,—,—,—,—,—,—,—,—,—,—,—,—,—,—,—,—,—,7930242,—,9002,12240,16PC2-5V-400
vehicle carrier,14170590,Green Ocean,Live,U.S.A.,22466,2023,50'+ gt,23658,Single,KGOI,74888,—,—,Unknown,199.95,196.00,38.03,38.00,—,8.65,—,—,MAN Energy Solutions SE,Waterman Steamship Corporation (Waterman Logistics),United States of America,Mobile,—,SEACOR Holdings Incorporated,United States of America,Waterman Steamship Corporation (Waterman Logistics),United States of America,Green Bull One Corporation,United States of America,Seabulk Fleet Management LLC,United States of America,—,—,—,—,Seabulk Fleet Management LLC,United States of America,—,—,—,—,9981910,369543000,—,—,7S60ME-C10.6-EGRBP
vehicle carrier,142167,Pioneer Leader,Dead,Panama,13230,1980,30'-50'gt,17859,Single,—,41116,1074,Imabari Shipbuilding Company Limited (Marugame),Marugame,199.00,186.01,30.03,30.03,13.83,9.32,4.51,Sulzer Turbomachinery Services,Sulzer Turbomachinery Services,Chinese Breakers,—,Panama,—,—,—,—,—,—,—,—,—,—,—,—,—,—,—,—,—,—,—,8010867,—,12356,16800,7RND90M
vehicle carrier,14220462,Green Wave,Live,U.S.A.,22466,2024,50'+ gt,23638,Single,KGWS,74888,—,—,,199.96,196.00,38.03,38.00,—,—,—,—,MAN Energy Solutions SE,Waterman Steamship Corporation (Waterman Logistics),United States of America,Mobile,—,SEACOR Holdings Incorporated,United States of America,Waterman Steamship Corporation (Waterman Logistics),United States of America,Green Bull One Corporation,United States of America,Seabulk Fleet Management LLC,United States of America,—,—,—,—,Seabulk Fleet Management LLC,United States of America,—,—,—,—,9981922,338721000,—,—,7S60ME-C10.6-EGRBP
vehicle carrier,142307,Morning Auto,Dead,Panama,18591,1980,30'-50'gt,10032,Single,—,31587,257,Kanda Shipbuilding Company Limited,Kure,176.00,167.00,27.60,27.60,10.08,7.62,2.46,Ishikawajima-Harima Heavy Industries Company Limited,Sulzer Turbomachinery Services,Indian Breakers,—,Panama,—,—,—,—,—,—,—,—,—,—,—,—,—,—,—,—,—,—,—,7924437,—,9127,12240,12ASV25/30
vehicle carrier,142360,Eternal Mariner,Dead,Panama,11663,1980,-30'gt,10758,Single,—,23107,122,HD Hyundai Heavy Industries Company Limited,Ulsan,163.91,155.20,24.70,24.70,13.00,8.01,6.86,NKK Corporation,Semt Pielstick SA,Bangladesh Breakers,—,Panama,—,—,—,—,—,—,—,—,—,—,—,—,—,—,—,—,—,—,—,7902532,—,8725,11700,18PC25V
vehicle carrier,142371,Ducky Sovereign,Dead,Panama,2787,1980,-30'gt,2449,Single,—,3719,1376,Shin Kurushima Dockyard Company Limited,Tokyo,111.02,103.51,19.00,19.00,5.70,5.10,0.60,Mitsui Engineering & Shipbuilding Company Limited,B&W Diesel A/S,Indian Breakers,—,Panama,—,—,—,—,—,—,—,—,—,—,—,—,—,—,—,—,—,—,—,7927465,—,3883,5280,6K45GFC
vehicle carrier,142373,Astro Coach,Dead,St. Kitts-Nevis,12591,1980,30'-50'gt,13950,Single,—,41969,469,Tsuneishi Shipbuilding Company Limited,Hiroshima,186.00,174.00,32.00,32.00,13.19,9.00,4.19,Mitsui Engineering & Shipbuilding Company Limited,B&W Diesel A/S,Bangladesh Breakers,—,—,—,—,—,—,—,—,—,—,—,—,—,—,—,—,—,—,—,—,—,8009583,—,12356,16800,9L67GFC
vehicle carrier,142417,Myohjin,Dead,Liberia,17297,1980,-30'gt,10606,Single,—,27161,—,—,Japan,165.00,—,27.60,—,11.70,7.80,3.90,—,Unknown Engine Designer,Rainbow M.,—,Monrovia,—,—,—,—,—,—,—,—,—,—,—,—,—,—,—,—,—,—,—,8001660,—,8948,12000,UNKNOWN
vehicle carrier,142627,Barcelona,Dead,Panama,9679,1980,-30'gt,12999,Single,—,27923,502,Imai Zosen K.K.,Kochi(JPN),174.00,164.42,26.81,26.81,25.38,8.02,17.36,Ishikawajima-Harima Heavy Industries Company Limited,Semt Pielstick SA,Chinese Breakers,—,Panama,—,—,—,—,—,—,—,—,—,—,—,—,—,—,—,—,—,—,—,8001476,—,10142,13600,16PC2-5V-400
vehicle carrier,14262805,Liao He Kou,Live,Marshall Islands,22849,2024,50'+ gt,19098,Single,V7A6252,72255,—,—,,199.90,195.60,38.00,38.00,—,—,—,—,Unknown Engine Designer,Bocomm International Ship Lease Company Limited,"Hong Kong, S.A.R., China",Majuro,—,Bank of Communications Company Limited,People's Republic of China,Bocomm International Ship Lease Company Limited,"Hong Kong, S.A.R., China",Xiang H52 International Ship Lease Co Limited,"Hong Kong, S.A.R., China",Wallem Shipmanagement Limited (WSM),"Hong Kong, S.A.R., China",COSCO Shipping Specialized Carriers Company Limited,People's Republic of China,—,—,Wallem Shipmanagement Limited (WSM),"Hong Kong, S.A.R., China",—,—,—,—,9991757,538010581,—,—,7S60ME-C10.5-GI-EGRBP
vehicle carrier,14277043,Nereus Highway,Live,Panama,22710,2024,50'+ gt,20704,Single,3E5376,75698,JLZ8210423,—,,199.99,195.62,38.00,38.00,16.00,10.30,5.70,—,Unknown Engine Designer,Kawasaki Kisen Kaisha Limited (Kawasaki Kisen KK) ('K' Line),Japan,Panama,—,Kawasaki Kisen Kaisha Limited (Kawasaki Kisen KK) ('K' Line),Japan,Kawasaki Kisen Kaisha Limited (Kawasaki Kisen KK) ('K' Line),Japan,D Highway Shipping SA,Panama,'K' Line RoRo Bulk Ship Management Company Limited,Japan,—,—,—,—,'K' Line RoRo Bulk Ship Management Company Limited,Japan,—,—,—,—,9974101,352003983,—,—,UNKNOWN
vehicle carrier,14285270,Min Jiang Kou,Live,Marshall Islands,22849,2024,50'+ gt,19181,Single,V7A6255,72255,—,—,Fuzhou,199.90,195.62,38.00,38.00,—,—,—,—,Unknown Engine Designer,Bocomm International Ship Lease Company Limited,"Hong Kong, S.A.R., China",Majuro,—,Bank of Communications Company Limited,People's Republic of China,Bocomm International Ship Lease Company Limited,"Hong Kong, S.A.R., China",Xiang H91 International Ship Lease Company Limited,"Hong Kong, S.A.R., China",Wallem Shipmanagement Limited (WSM),"Hong Kong, S.A.R., China",COSCO Shipping Lines Company Limited,People's Republic of China,—,—,Wallem Shipmanagement Limited (WSM),"Hong Kong, S.A.R., China",—,—,—,—,9991771,538010584,—,—,7UEC60LSE
vehicle carrier,14317827,Hai He Kou,Live,Marshall Islands,22849,2024,50'+ gt,19112,Single,V7A6254,72255,—,—,,—,—,—,—,—,—,—,—,Unknown Engine Designer,Bocomm International Ship Lease Company Limited,"Hong Kong, S.A.R., China",Majuro,—,Bank of Communications Company Limited,People's Republic of China,Bocomm International Ship Lease Company Limited,"Hong Kong, S.A.R., China",Xiang H90 International Ship Lease Company Limited,"Hong Kong, S.A.R., China",Wallem Shipmanagement Limited (WSM),"Hong Kong, S.A.R., China",—,—,—,—,Wallem Shipmanagement Limited (WSM),"Hong Kong, S.A.R., China",—,—,—,—,9991769,538010583,—,—,UNKNOWN
vehicle carrier,143625,Nippon Highway,Dead,Panama,12350,1980,30'-50'gt,17702,Single,—,41164,—,—,Japan,199.00,—,30.00,—,13.90,9.30,4.60,—,Unknown Engine Designer,K Line,—,Panama,—,—,—,—,—,—,—,—,—,—,—,—,—,—,—,—,—,—,—,8000343,—,12528,16800,UNKNOWN
vehicle carrier,143647,Southern Ace,Dead,Philippines,13707,1980,30'-50'gt,18335,Single,—,45688,1219,Mitsui Engineering & Shipbuilding Company Limited (Tamano),Tamano,189.00,180.02,32.26,32.26,20.30,9.02,11.28,Mitsui Engineering & Shipbuilding Company Limited,B&W Diesel A/S,Indian Breakers,—,Manila,—,—,—,—,—,—,—,—,—,—,—,—,—,—,—,—,—,—,—,7929712,—,12797,17400,8L67GFCA
vehicle carrier,14386616,Oceanus Highway,Live,Japan,—,2025,50'+ gt,19779,Single,7KQR,75259,3763,Shin Kurushima Toyohashi Shipbuilding Company Limited,Toyohashi,199.96,—,—,38.00,—,—,—,—,Unknown Engine Designer,Kawasaki Kisen Kaisha Limited (Kawasaki Kisen KK) ('K' Line),Japan,—,—,Kawasaki Kisen Kaisha Limited (Kawasaki Kisen KK) ('K' Line),Japan,Kawasaki Kisen Kaisha Limited (Kawasaki Kisen KK) ('K' Line),Japan,Kawasaki Kisen Kaisha Limited (Kawasaki Kisen KK) ('K' Line),Japan,'K' Line RoRo Bulk Ship Management Company Limited,Japan,—,—,—,—,'K' Line RoRo Bulk Ship Management Company Limited,Japan,—,—,—,—,1046049,431536000,—,—,UNKNOWN
vehicle carrier,14397397,Ting Jiang Kou,Live,Marshall Islands,22849,2025,50'+ gt,19043,Single,V7A6256,72255,XSI463F,Fujian Mawei Shipbuilding Limited,China,—,—,—,—,—,—,—,—,Unknown Engine Designer,Bocomm International Ship Lease Company Limited,"Hong Kong, S.A.R., China",Majuro,—,Bank of Communications Company Limited,People's Republic of China,Bocomm International Ship Lease Company Limited,"Hong Kong, S.A.R., China",Xiang H92 International Ship Lease Company Limited,"Hong Kong, S.A.R., China",HMC Shipmanagement Company Limited,People's Republic of China,COSCO Shipping Specialized Carriers Company Limited,People's Republic of China,—,—,HMC Shipmanagement Company Limited,People's Republic of China,—,—,—,—,9991783,538010585,—,—,7UEC60LSE
vehicle carrier,144012,Rio Bueno,Dead,Marshall Islands,7900,1980,-30'gt,11076,Single,—,26107,208,Watanabe Shipbuilding Company Limited,Imabari,161.00,147.02,26.91,26.91,10.42,8.28,2.14,Hitachi Zosen Corporation,Mitsubishi Heavy Industries Limited,Indian Breakers,—,Majuro,—,—,—,—,—,—,—,—,—,—,—,—,—,—,—,—,—,—,—,8015269,—,7722,10500,7UEC60/150H
vehicle carrier,144016,Hoegh Tropicana,Dead,Norway (Int. Register),10008,1980,30'-50'gt,12003,Double Bottom,—,33359,450,Tsuneishi Shipbuilding Company Limited,Japan,180.02,167.73,29.24,29.21,12.54,8.52,4.02,Mitsui Engineering & Shipbuilding Company Limited,B&W Diesel A/S,Hoegh Autoliners.,—,Oslo,—,—,—,—,—,—,—,—,—,—,—,—,—,—,—,—,—,—,—,7903093,—,8352,11200,6L67GFC
vehicle carrier,144027,Oriental Highway,Dead,Liberia,10079,1980,-30'gt,12434,Single,—,28997,1091,Imabari Shipbuilding Company Limited (Marugame),Marugame,174.00,164.42,26.81,26.81,18.88,8.02,10.86,Hitachi Zosen Corporation,B&W Diesel A/S,Chinese Breakers,—,Monrovia,—,—,—,—,—,—,—,—,—,—,—,—,—,—,—,—,—,—,—,8020214,—,9635,13100,6L67GFCA
vehicle carrier,144040,Koh Jin,Dead,Vanuatu,15043,1981,30'-50'gt,19712,Double Bottom,—,49844,2132,Shin Kurushima Dockyard Company Limited,Tokyo,199.00,190.02,32.29,32.29,13.26,9.64,3.62,Kawasaki Shipbuilding Corporation,MAN Energy Solutions SE,Chinese Breakers,—,Port Vila,—,—,—,—,—,—,—,—,—,—,—,—,—,—,—,—,—,—,—,8014215,—,12415,16880,16V52/55A
vehicle carrier,144043,Sea Wave,Dead,Malta,16891,1980,-30'gt,10677,Single,—,27421,2141,Shin Kurushima Dockyard Company Limited,Tokyo,165.00,155.02,27.64,27.64,11.69,7.82,3.87,Kawasaki Shipbuilding Corporation,MAN Energy Solutions SE,Indian Breakers,—,Valletta,—,—,—,—,—,—,—,—,—,—,—,—,—,—,—,—,—,—,—,8014227,—,8826,12000,12V52/55A
vehicle carrier,144144,Rania,Live,Indonesia,3268,1988,-30'gt,1595,Single,YHPQ,3933,567,Imamura Zosen (Imamura Shipbuilding Company Limited),Kure,86.50,80.00,14.50,14.50,5.16,4.41,0.75,The Hanshin Diesel Works Limited,The Hanshin Diesel Works Limited,P.T. Jelajah Laut Nusantara,Indonesia,Cirebon,—,P.T. Jelajah Laut Nusantara,Indonesia,P.T. Jelajah Laut Nusantara,Indonesia,P.T. Jelajah Laut Nusantara,Indonesia,P.T. Jelajah Laut Nusantara,Indonesia,—,—,—,—,—,—,—,—,—,—,8001490,525015492,1939,2600,6LU40
vehicle carrier,144145,Kirana,Live,Indonesia,1663,1992,-30'gt,3161,Single,YGPB,5299,1406,Kishigami Zosen K.K.,Akitsu,105.00,95.00,16.60,16.60,8.85,5.31,3.54,—,Unknown Engine Designer,P.T. Dharma Lautan Utama,Indonesia,Surabaya,—,P.T. Dharma Lautan Utama,Indonesia,P.T. Dharma Lautan Utama,Indonesia,P.T. Dharma Lautan Utama,Indonesia,P.T. Dharma Lautan Utama,Indonesia,—,—,—,—,P.T. Dharma Lautan Utama,Indonesia,—,—,—,—,8017671,525015376,2983,4000,7L35MC
vehicle carrier,144146,Magic Wave,Dead,Panama,6991,1980,-30'gt,7300,Single,—,23304,1046,Oshima Shipbuilding Company Limited,Oshima,153.00,147.66,26.00,26.00,17.68,7.82,9.86,Mitsui Engineering & Shipbuilding Company Limited,B&W Diesel A/S,Chinese Breakers,—,Panama,—,—,—,—,—,—,—,—,—,—,—,—,—,—,—,—,—,—,—,7907532,—,9636,13100,6L67GFCA
vehicle carrier,144175,Sea Anemos,Dead,Panama,2488,1980,-30'gt,2709,Single,—,6525,307,Nishi Shipbuilding Company Limited,Imabari,106.06,98.02,17.30,17.25,10.67,5.81,2.09,Mitsui Engineering & Shipbuilding Company Limited,B&W Diesel A/S,Mediterranean C.C.,—,Panama,—,—,—,—,—,—,—,—,—,—,—,—,—,—,—,—,—,—,—,8017891,—,3883,5280,6K45GFC
vehicle carrier,14419398,Liu Jiang Kou,Live,Marshall Islands,22849,2025,50'+ gt,18000,Single,—,72255,—,—,,—,—,—,—,—,—,—,—,—,—,—,—,—,—,—,—,—,—,—,—,—,—,—,—,—,—,—,—,—,—,—,9991795,538010586,—,—,—
vehicle carrier,145233,World Glory,Dead,Panama,16608,1980,-30'gt,10915,Single,—,27102,2138,Shin Kurushima Dockyard Company Limited,Tokyo,165.00,155.19,27.60,27.60,11.60,7.82,3.89,Kawasaki Shipbuilding Corporation,MAN Energy Solutions SE,Chinese Breakers,—,Panama,—,—,—,—,—,—,—,—,—,—,—,—,—,—,—,—,—,—,—,8004698,—,8948,12000,12V52/55A
vehicle carrier,145317,Morning Power,Dead,Panama,13905,1981,30'-50'gt,16984,Single,—,42657,1093,Imabari Shipbuilding Company Limited (Marugame),Marugame,199.00,186.01,30.01,30.01,13.83,9.32,4.51,Mitsubishi Heavy Industries Limited,Sulzer Turbomachinery Services,Chinese Breakers,—,Panama,—,—,—,—,—,—,—,—,—,—,—,—,—,—,—,—,—,—,—,8020941,—,12356,16800,7RND90M
vehicle carrier,145336,Morning Ivy,Dead,Panama,16296,1981,30'-50'gt,17637,Single,—,48536,1083,Sumitomo Heavy Industries Limited Shipbuilding,Tokyo,190.00,180.00,32.20,32.20,13.05,8.92,4.13,"Sumitomo Heavy Industries, Limited",Sulzer Turbomachinery Services,Chinese Breakers,—,Panama,—,—,—,—,—,—,—,—,—,—,—,—,—,—,—,—,—,—,—,7930319,—,12356,14280,7RND76M
vehicle carrier,145423,Morning Saga,Dead,Liberia,12988,1981,30'-50'gt,13834,Single,—,43294,471,Tsuneishi Shipbuilding Company Limited,Hiroshima,186.00,174.00,32.00,32.00,13.18,9.02,4.18,Mitsui Engineering & Shipbuilding Company Limited,B&W Diesel A/S,Chinese Breakers,—,Monrovia,—,—,—,—,—,—,—,—,—,—,—,—,—,—,—,—,—,—,—,8015142,—,10873,14581,8L67GFCA
vehicle carrier,145435,Cape Wrath,Live,U.S.A.,36090,1982,50'+ gt,32187,Single,WRGJ,51960,487/01,Stocznia im. Komuny Paryskiej,Gdynia,212.45,198.12,32.30,32.25,13.56,11.61,1.95,Zaklady Przemyslu Metalowego H. Cegielski S.A.,Caterpillar Incorporated,Department of Transportation - Maritime Administration (MARAD),United States of America,Norfolk,1203,Government of The United States of America,United States of America,Department of Transportation - Maritime Administration (MARAD),United States of America,Department of Transportation - Maritime Administration (MARAD),United States of America,Sunrise Vessel Operations LLC,United States of America,—,—,—,—,Sunrise Vessel Operations LLC,United States of America,—,—,—,—,7826166,303940000,12975,17400,3516
vehicle carrier,145511,Glorious Ace,Dead,Panama,15179,1981,30'-50'gt,17743,Single,—,46047,4673,Hitachi Shipbuilding Corporation (Nagasu),Nagasu,190.00,180.00,32.21,32.21,13.06,8.92,4.14,Hitachi Zosen Corporation,B&W Diesel A/S,Chinese Breakers,—,Panama,—,—,—,—,—,—,—,—,—,—,—,—,—,—,—,—,—,—,—,8021270,—,12356,16800,9L67GFC
vehicle carrier,145537,Fugaku Maru,Dead,Singapore,11504,1981,-30'gt,5937,Single,—,17032,1869,Mitsubishi Heavy Industries Limited Shipbuilding,Kobe,149.00,142.91,22.81,22.81,22.41,7.02,15.39,Mitsubishi Heavy Industries Limited,MAN Energy Solutions SE,Chinese Breakers,—,Singapore,—,—,—,—,—,—,—,—,—,—,—,—,—,—,—,—,—,—,—,8011299,—,11931,16000,16V52/55A
vehicle carrier,145541,Sun Ace,Dead,Panama,8992,1981,-30'gt,13051,Single,—,29973,210,Watanabe Shipbuilding Company Limited,Imabari,178.00,147.02,26.81,26.81,19.59,10.39,9.20,Kobe Diesel Company Limited,Mitsubishi Heavy Industries Limited,Chinese Breakers,—,Panama,—,—,—,—,—,—,—,—,—,—,—,—,—,—,—,—,—,—,—,8025484,—,9267,12600,7UEC60/150H
vehicle carrier,145642,Magic Wind,Dead,Panama,6991,1981,-30'gt,7300,Single,—,23304,10047,Oshima Shipbuilding Company Limited,Oshima,153.11,144.41,26.00,26.00,17.68,7.82,9.86,Mitsui Engineering & Shipbuilding Company Limited,B&W Diesel A/S,Chinese Breakers,—,Panama,—,—,—,—,—,—,—,—,—,—,—,—,—,—,—,—,—,—,—,7907544,—,9636,13100,6L67GFCA
vehicle carrier,145704,Borneo,Dead,Malaysia,480,1965,-30'gt,926,Single,—,773,434,Ujina Zosensho K.K.,Hiroshima,74.00,—,10.70,10.70,4.10,3.30,0.80,—,Unknown Engine Designer,Borneo M.T.,—,Labuan,—,—,—,—,—,—,—,—,—,—,—,—,—,—,—,—,—,—,—,6509204,—,746,1000,UNKNOWN
vehicle carrier,1459851,NOCC Atlantic,Live,Norway (Int. Register),27284,2009,50'+ gt,22500,Single,LAHZ7,60868,2001,Samjin (Sanjin) Shipbuilding Industries Company Limited,Weihai,199.99,192.55,32.26,32.26,34.55,9.50,25.05,—,Unknown Engine Designer,Norwegian Car Carriers ASA (NOCC),Norway,Oslo,—,Autotrans Holding Limited,United Kingdom,Norwegian Car Carriers ASA (NOCC),Norway,NOCC Shipowning AS,Norway,Wallem Shipmanagement Limited (WSM),"Hong Kong, S.A.R., China",—,—,—,—,Wallem Shipmanagement Limited (WSM),"Hong Kong, S.A.R., China",—,—,—,—,9430519,259976000,—,—,8UEC60LSII
vehicle carrier,146444,Imola,Dead,Spain,1617,1981,-30'gt,1626,Double Bottom,—,5568,—,—,Spain,88.00,—,18.60,18.50,4.25,4.20,0.05,Hijos de J. Barreras S.A.,Unknown Engine Designer,Flota Suardiaz,—,Santa Cruz de Tenerife,—,—,—,—,—,—,—,—,—,—,—,—,—,—,—,—,—,—,—,8008838,—,2461,3300,UNKNOWN
vehicle carrier,147057,Amity Ace,Dead,Panama,12511,1981,30'-50'gt,18169,Single,—,41705,1079,Imabari Shipbuilding Company Limited (Marugame),Marugame,199.00,186.01,30.01,30.01,13.83,9.32,4.51,Mitsui Engineering & Shipbuilding Company Limited,B&W Diesel A/S,Bangladesh Breakers,—,Panama,—,—,—,—,—,—,—,—,—,—,—,—,—,—,—,—,—,—,—,8020202,—,12797,17400,8L67GFCA
vehicle carrier,147264,Car Star I,Dead,Liberia,12728,1981,30'-50'gt,17427,Single,—,41363,1077,Imabari Shipbuilding Company Limited (Marugame),Marugame,199.00,186.01,30.01,30.01,13.85,9.32,4.53,Mitsubishi Heavy Industries Limited,Sulzer Turbomachinery Services,Indian Breakers,—,Monrovia,—,—,—,—,—,—,—,—,—,—,—,—,—,—,—,—,—,—,—,8013687,—,12356,16800,7RND90M
vehicle carrier,147316,St.Elmo,Dead,Malta,15630,1981,-30'gt,10400,Single,—,27087,2150,Shin Kurushima Dockyard Company Limited,Tokyo,165.00,155.02,27.64,27.60,13.94,7.82,6.12,Kawasaki Shipbuilding Corporation,MAN Energy Solutions SE,Indian Breakers,—,Valletta,—,—,—,—,—,—,—,—,—,—,—,—,—,—,—,—,—,—,—,8024284,—,8948,12000,12V52/55A
vehicle carrier,147325,Nada II,Dead,Liberia,7900,1981,-30'gt,10734,Single,—,26091,211,Watanabe Shipbuilding Company Limited,Imabari,161.00,147.02,26.81,26.81,19.59,10.39,9.20,Hitachi Zosen Corporation,B&W Diesel A/S,NYK S.M.,—,Monrovia,—,—,—,—,—,—,—,—,—,—,—,—,—,—,—,—,—,—,—,8029818,—,7830,10500,7L55GF
vehicle carrier,147731,Simbad,Dead,Bahamas,1938,1981,-30'gt,2053,Single,—,6461,158,Naval Gijon S.A.,Gijon,109.00,101.50,16.50,16.50,11.50,3.95,7.55,Empresa Nacional Bazan De Construcciones Naval,MAN Energy Solutions SE,V. Ships S.,—,Nassau,—,—,—,—,—,—,—,—,—,—,—,—,—,—,—,—,—,—,—,7925261,—,2796,3750,6L40/54A
vehicle carrier,150254,Cape Washington,Live,U.S.A.,36090,1982,50'+ gt,32386,Single,WRGH,51960,487/02,Stocznia im. Komuny Paryskiej,Gdynia,212.44,198.12,32.30,32.24,13.56,11.60,1.96,Zaklady Przemyslu Metalowego H. Cegielski S.A.,Caterpillar Incorporated,Department of Transportation - Maritime Administration (MARAD),United States of America,Norfolk,1203,Government of The United States of America,United States of America,Department of Transportation - Maritime Administration (MARAD),United States of America,Department of Transportation - Maritime Administration (MARAD),United States of America,Sunrise Vessel Operations LLC,United States of America,—,—,—,—,Sunrise Vessel Operations LLC,United States of America,—,—,—,—,7826178,303932000,12975,17400,3516
vehicle carrier,150264,Madame Butterfly,Dead,Singapore,20678,1981,50'+ gt,28689,Single,—,50681,581,Kockums AB,Malmo,198.10,190.00,32.26,32.26,13.70,11.61,2.09,Gotaverken Arendal A/B,B&W Diesel A/S,Wallenius AB,—,Singapore,—,—,—,—,—,—,—,—,—,—,—,—,—,—,—,—,—,—,—,7917551,—,13682,18348,7L80GFCA
vehicle carrier,15032,Don Juan,Dead,Singapore,7260,1975,-30'gt,15000,Single,—,14480,—,—,Finland,202.00,—,28.20,—,21.30,8.50,12.80,—,Unknown Engine Designer,Wallenius A.B.,—,Singapore,—,—,—,—,—,—,—,—,—,—,—,—,—,—,—,—,—,—,—,7359450,—,12975,17400,UNKNOWN
vehicle carrier,150423,Hoegh Trinity,Dead,Norway (Int. Register),15107,1981,30'-50'gt,17938,Single,—,45365,1088,Sumitomo Heavy Industries Limited Shipbuilding,Tokyo,190.00,180.64,32.24,32.20,13.05,8.92,4.13,Sulzer Mitsubishi,Sulzer Turbomachinery Services,Chinese Breakers,—,Oslo,—,—,—,—,—,—,—,—,—,—,—,—,—,—,—,—,—,—,—,8015051,—,12528,16800,7RND76M
vehicle carrier,150424,Leader,Dead,Tuvalu,17156,1981,-30'gt,10480,Single,—,27163,2168,Shin Kurushima Dockyard Company Limited,Tokyo,165.00,155.02,27.61,27.61,11.69,7.80,3.89,"Sumitomo Heavy Industries, Limited",Sulzer Turbomachinery Services,Indian Breakers,—,Funafuti,—,—,—,—,—,—,—,—,—,—,—,—,—,—,—,—,—,—,—,8110136,—,8384,11400,6RND68M
vehicle carrier,151233,Car Bridge I,Dead,Liberia,12728,1981,30'-50'gt,17344,Single,—,41368,1086,Imabari Shipbuilding Company Limited (Marugame),Marugame,199.00,186.01,30.01,30.01,13.83,9.32,4.51,Mitsubishi Heavy Industries Limited,Sulzer Turbomachinery Services,Bangladesh Breakers,—,Monrovia,—,—,—,—,—,—,—,—,—,—,—,—,—,—,—,—,—,—,—,8109943,—,12356,16800,7RND90M
vehicle carrier,151401,Morning Spruce,Dead,South Korea,19729,1981,50'+ gt,28210,Single,—,50681,582,Kockums AB,Malmo,198.00,190.00,32.00,32.00,31.20,11.61,19.59,Gotaverken Arendal A/B,B&W Diesel A/S,EUKOR C.,—,Jeju,—,—,—,—,—,—,—,—,—,—,—,—,—,—,—,—,—,—,—,7917563,—,13686,18353,7L80GFCA
vehicle carrier,151521,Masyitah,Dead,Indonesia,1247,1981,-30'gt,2253,Single,—,1994,1466,Shin Kurushima Dockyard Company Limited,Tokyo,93.00,—,16.00,—,5.90,5.50,0.40,The Hanshin Diesel Works Limited,The Hanshin Diesel Works Limited,Bangladesh Breakers,—,Indonesia,—,—,—,—,—,—,—,—,—,—,—,—,—,—,—,—,—,—,—,8118671,—,2461,3300,6EL40
vehicle carrier,151540,Aya,Dead,Panama,1265,1981,-30'gt,3237,Single,—,2141,—,—,Japan,109.00,100.01,20.01,20.01,5.85,5.51,0.34,Akasaka Diesels Limited,Akasaka Diesels Limited,Sanuki Kosan,—,Panama,—,—,—,—,—,—,—,—,—,—,—,—,—,—,—,—,—,—,—,8110461,—,2983,4000,AKASAKA DIESEL
vehicle carrier,151705,Hoegh Trekker,Dead,Norway (Int. Register),10012,1981,30'-50'gt,11977,Double Bottom,—,33374,473,Tsuneishi Shipbuilding Company Limited,Japan,180.02,167.73,29.24,29.21,12.54,8.52,4.02,Mitsui Engineering & Shipbuilding Company Limited,B&W Diesel A/S,Chinese Breakers,—,Oslo,—,—,—,—,—,—,—,—,—,—,—,—,—,—,—,—,—,—,—,8005903,—,8352,11200,6L67GFC
vehicle carrier,152634,Rio Blanco,Dead,Marshall Islands,12791,1981,30'-50'gt,18142,Single,—,41208,1096,Imabari Shipbuilding Company Limited (Marugame),Marugame,199.00,186.01,30.01,30.01,13.83,9.32,4.51,Mitsui Engineering & Shipbuilding Company Limited,B&W Diesel A/S,Chinese Breakers,—,Majuro,—,—,—,—,—,—,—,—,—,—,—,—,—,—,—,—,—,—,—,8113994,—,12797,17400,8L67GFCA
vehicle carrier,153076,Australian Highway,Dead,Panama,7155,1981,-30'gt,9147,Single,—,23850,2193,Shin Kurushima Dockyard Company Limited,Tokyo,154.00,142.91,27.61,27.61,11.56,7.80,3.76,Kobe Diesel Company Limited,Mitsubishi Heavy Industries Limited,Chinese Breakers,—,Panama,—,—,—,—,—,—,—,—,—,—,—,—,—,—,—,—,—,—,—,8100973,—,6840,9300,7UEC52/125H
vehicle carrier,153251,Fu Yuan Kou,Dead,China,2724,1982,-30'gt,2796,Single,—,8553,2212,Shin Kurushima Dockyard Company Limited,Tokyo,108.00,—,19.00,19.00,6.30,5.60,0.70,The Hanshin Diesel Works Limited,The Hanshin Diesel Works Limited,Chinese Breakers,—,Guangzhou,—,—,—,—,—,—,—,—,—,—,—,—,—,—,—,—,—,—,—,8125636,—,2983,4000,6EL44
vehicle carrier,153565,African Highway,Dead,Panama,7155,1982,-30'gt,9190,Single,—,23850,2206,Shin Kurushima Dockyard Company Limited,Tokyo,154.50,142.91,27.61,27.60,18.05,7.82,3.77,Kobe Diesel Company Limited,MAN Energy Solutions SE,Turkish Breakers,—,Panama,—,—,—,—,—,—,—,—,—,—,—,—,—,—,—,—,—,—,—,8100985,—,6840,12060,12V52/55A
vehicle carrier,153740,Magic Sky,Dead,Panama,11780,1982,-30'gt,10642,Single,—,21574,312,Kyokuyo Shipyard Corporation (KSC),Shimonoseki,155.88,134.02,22.41,22.41,13.37,8.42,4.95,Akasaka Diesels Limited,Mitsubishi Heavy Industries Limited,Chinese Breakers,—,Panama,—,—,—,—,—,—,—,—,—,—,—,—,—,—,—,—,—,—,—,8116958,—,6840,9300,7UEC52/125H
vehicle carrier,15432,Avanti,Dead,Philippines,995,1965,-30'gt,2663,Single,—,1852,—,—,,—,—,—,—,—,—,—,—,Unknown Engine Designer,—,—,—,—,—,—,—,—,—,—,—,—,—,—,—,—,—,—,—,—,—,—,6501862,—,4474,6000,UNKNOWN
vehicle carrier,15433,Ocean Lady I,Dead,Panama,8337,1973,-30'gt,10414,Single,—,25615,346,Koninlijke Scheldegroep B.V. Shipbuilding,Vlissingen,187.51,173.52,23.02,22.94,16.79,8.01,8.78,Motorfabriek Smit & Bolnes B.V.,Sulzer Turbomachinery Services,Indian Breakers,—,Panama,—,—,—,—,—,—,—,—,—,—,—,—,—,—,—,—,—,—,—,7325215,—,9843,13200,8RND68
vehicle carrier,15434,Dyvi Oceanic,Dead,Singapore,3058,1968,-30'gt,6066,Single,—,5444,—,—,Norway,175.00,—,22.60,—,7.60,6.90,0.70,—,Unknown Engine Designer,—,—,Singapore,—,—,—,—,—,—,—,—,—,—,—,—,—,—,—,—,—,—,—,6810093,—,7159,9600,UNKNOWN
vehicle carrier,15435,Dyvi Pacific,Dead,Singapore,2848,1970,-30'gt,6558,Single,—,4990,—,—,Netherlands,175.00,—,22.60,—,7.60,7.10,0.50,—,Unknown Engine Designer,—,—,Singapore,—,—,—,—,—,—,—,—,—,—,—,—,—,—,—,—,—,—,—,7010212,—,7159,9600,UNKNOWN
vehicle carrier,154443,Autocarrier,Dead,Madeira,1926,1982,-30'gt,1472,Single,—,6421,625,Flender Werft AG,Lubeck,89.00,81.21,18.01,18.01,16.62,4.25,12.37,Fried. Krupp AG Hoesch-Krupp,Mak Motoren GmbH & Company KG,Turkish Breakers,—,Funchal,—,—,—,—,—,—,—,—,—,—,—,—,—,—,—,—,—,—,—,8100519,—,2983,4000,6M551AK
vehicle carrier,154575,Morning Cedar,Dead,South Korea,19729,1982,50'+ gt,45313,Single,—,51334,583,Kockums AB,Malmo,198.00,188.84,33.28,33.28,31.20,11.61,19.59,Gotaverken Arendal A/B,B&W Diesel A/S,EUKOR C.,—,Jeju,—,—,—,—,—,—,—,—,—,—,—,—,—,—,—,—,—,—,—,8016548,—,13687,18355,7L80GFCA
vehicle carrier,154771,San Mateo,Dead,Panama,3694,1982,-30'gt,4002,Single,—,11248,511,Imai Zosen K.K.,Kochi(JPN),130.00,117.02,19.21,19.21,8.49,7.01,1.48,Kobe Diesel Company Limited,Mitsubishi Heavy Industries Limited,Chinese Breakers,—,Panama,—,—,—,—,—,—,—,—,—,—,—,—,—,—,—,—,—,—,—,8125583,—,4413,6000,6UEC45/115H
vehicle carrier,155112,Andes Highway,Dead,Panama,7302,1982,-30'gt,9066,Single,—,24338,2207,Shin Kurushima Dockyard Company Limited,Tokyo,154.00,142.91,27.60,27.60,11.56,7.82,3.74,Kobe Diesel Company Limited,MAN Energy Solutions SE,Chinese Breakers,—,Panama,—,—,—,—,—,—,—,—,—,—,—,—,—,—,—,—,—,—,—,8110124,—,6840,12060,12V52/55A
vehicle carrier,1552199,Asian Explorer,Live,Panama,13143,2009,30'-50'gt,15154,Single,3ECL8,43810,1134,Mitsubishi Heavy Industries Limited Shipbuilding,Shimonoseki,180.00,171.70,—,30.00,20.13,9.22,21.72,Mitsubishi Heavy Industries Limited Shipbuilding,Mitsubishi Heavy Industries Limited,Yamane Sangyo K.K.,Japan,Panama,—,Yamane Sangyo K.K.,Japan,Yamane Sangyo K.K.,Japan,Star Navigation S.A.,Panama,Far-East Transport Company Limited,Japan,Toyofuji Shipping Company Limited (Toyofuji Kaiun KK),Japan,—,—,Far-East Transport Company Limited,Japan,—,—,—,—,9448061,370343000,11560,15707,8UEC50LSII
vehicle carrier,1552314,Siem Copernicus,Live,Singapore,13143,2010,30'-50'gt,15154,Single,9V7752,43810,1135,Mitsubishi Heavy Industries Limited Shipbuilding,Shimonoseki,180.00,171.70,30.00,30.00,20.13,9.22,21.72,Mitsubishi Heavy Industries Limited Shipbuilding,Mitsubishi Heavy Industries Limited,SIEM Ship Management S.p z.o.o,Poland,Singapore,—,Siem Industries Incorporated (Siem Industries S.A.),Cayman Islands,SIEM Ship Management S.p z.o.o,Poland,SY PCTC 3 Private Limited,Republic of Singapore,Siem Shipping UK Limited,United Kingdom,Siem Car Carriers AS,United Kingdom,—,—,Siem Shipping UK Limited,United Kingdom,—,—,—,—,9448073,563149100,11560,13752,7UEC52LSE
vehicle carrier,1552442,Morning Clara,Live,Singapore,18573,2009,50'+ gt,18638,Single,9V7564,60213,2251,Mitsubishi Heavy Industries Limited Shipbuilding,Nagasaki,199.90,192.00,—,32.26,21.25,9.73,25.79,Mitsubishi Heavy Industries Limited Shipbuilding,Mitsubishi Heavy Industries Limited,Meiji Shipping Company Limited,Japan,Singapore,—,Meiji Shipping Group,Japan,Meiji Shipping Company Limited,Japan,Melodia Maritime Private Limited,Republic of Singapore,MMS Bulkship Management (Singapore) Private Limited,Republic of Singapore,EUKOR Car Carriers Incorporated,Republic of Korea,—,—,MMS Bulkship Management (Singapore) Private Limited,Republic of Singapore,—,—,—,—,9460887,564254000,14315,16542,7UEC60LSII
vehicle carrier,1552585,Glovis Companion,Live,Liberia,18573,2010,50'+ gt,18548,Single,5LBH4,60213,H-2252,Mitsubishi Heavy Industries Limited Shipbuilding,Nagasaki,199.99,192.00,32.26,32.26,34.52,9.73,24.79,Mitsubishi Heavy Industries Limited Shipbuilding,Unknown Engine Designer,Hyundai Glovis Company Limited,Republic of Korea,Monrovia,—,Hyundai Glovis Company Limited,Republic of Korea,Hyundai Glovis Company Limited,Republic of Korea,GL SHV6 Shipping Incorporation,Liberia,G-Marine Service Company Limited (GMS),Republic of Korea,—,—,—,—,G-Marine Service Company Limited (GMS),Republic of Korea,—,—,—,—,9460899,636020905,14315,19197,7UEC60LSII
vehicle carrier,155344,Atlixco,Dead,Panama,12509,1982,30'-50'gt,18217,Single,—,41697,1094,Imabari Shipbuilding Company Limited (Marugame),Marugame,199.00,186.00,30.01,30.01,13.83,9.32,4.51,"Sumitomo Heavy Industries, Limited",Sulzer Turbomachinery Services,Chinese Breakers,—,Panama,—,—,—,—,—,—,—,—,—,—,—,—,—,—,—,—,—,—,—,8005032,—,12709,17280,6RLB76
vehicle carrier,156014,Medea,Dead,Singapore,20678,1982,50'+ gt,28566,Single,—,50681,584,Kockums AB,Malmo,197.90,190.71,32.29,32.29,13.70,11.70,2.00,Gotaverken Arendal A/B,B&W Diesel A/S,Wallenius AB,—,Singapore,—,—,—,—,—,—,—,—,—,—,—,—,—,—,—,—,—,—,—,8016550,—,13687,18355,7L80GFCA
vehicle carrier,156222,Jasa Aman,Dead,Malaysia,7301,1982,-30'gt,9074,Single,—,24335,2208,Shin Kurushima Dockyard Company Limited,Hashihama,154.50,142.91,27.64,27.64,11.56,7.82,3.74,Kobe Diesel Company Limited,Mitsubishi Heavy Industries Limited,Chinese Breakers,—,Port Klang,—,—,—,—,—,—,—,—,—,—,—,—,—,—,—,—,—,—,—,8202305,—,6840,9300,7UEC52/125H
vehicle carrier,156226,Express,Dead,Tuvalu,3712,1982,-30'gt,3965,Single,—,11175,514,Imai Zosen K.K.,Kochi(JPN),130.00,117.00,19.21,19.21,8.49,7.01,1.48,Kobe Diesel Company Limited,Mitsubishi Heavy Industries Limited,Indian Breakers,—,Funafuti,—,—,—,—,—,—,—,—,—,—,—,—,—,—,—,—,—,—,—,8202109,—,4413,6000,6UEC45/115H
vehicle carrier,156326,Lane,Dead,Norway (Int. Register),8075,1982,-30'gt,13608,Single,—,13042,—,—,Japan,186.00,174.61,32.01,32.01,13.19,9.02,4.17,B&W Diesel A/S,B&W Diesel A/S,—,—,—,—,—,—,—,—,—,—,—,—,—,—,—,—,—,—,—,—,—,—,8115071,—,9769,13100,B&W DIESEL
vehicle carrier,156631,Braunschweig,Dead,Liberia,12351,1982,30'-50'gt,14620,Single,—,41168,2222,Shin Kurushima Dockyard Company Limited,Tokyo,180.00,171.51,32.28,32.28,12.17,9.02,3.15,Kawasaki Shipbuilding Corporation,MAN Energy Solutions SE,Chinese Breakers,—,Monrovia,—,—,—,—,—,—,—,—,—,—,—,—,—,—,—,—,—,—,—,8202317,—,10863,14770,14V52/55A
vehicle carrier,157701,Morning Sun,Dead,Panama,4907,1982,-30'gt,5775,Single,—,14663,515,Imai Zosen K.K.,Kochi(JPN),155.00,142.20,19.21,19.21,8.48,7.01,1.47,Kobe Diesel Company Limited,Mitsubishi Heavy Industries Limited,Cido (Korea),—,Panama,—,—,—,—,—,—,—,—,—,—,—,—,—,—,—,—,—,—,—,8221519,—,4413,6000,6UEC45/115H
vehicle carrier,160111,Acacia Ace,Dead,Vanuatu,8270,1982,-30'gt,10713,Double Bottom,—,27565,218,Watanabe Shipbuilding Company Limited,Imabari,161.00,147.02,26.81,26.81,19.03,7.50,11.53,Kobe Diesel Company Limited,Mitsubishi Heavy Industries Limited,Indian Breakers,—,Port Vila,—,—,—,—,—,—,—,—,—,—,—,—,—,—,—,—,—,—,—,8202707,—,9267,12600,7UEC60HA
vehicle carrier,160176,Global Highway,Dead,Panama,15326,1982,50'+ gt,15148,Single,—,51087,817,Hashihama Shipbuilding Company Limited - SEE NOW AS Tsuneishi Shipbuilding Company Limited,Tadotsu,199.00,188.00,32.20,32.20,14.10,9.33,4.77,Mitsui Engineering & Shipbuilding Company Limited,B&W Diesel A/S,Chinese Breakers,—,Panama,—,—,—,—,—,—,—,—,—,—,—,—,—,—,—,—,—,—,—,8117184,—,11179,15200,7L67GFCA
vehicle carrier,161213,Alexa,Dead,Indonesia,4907,1982,-30'gt,5804,Single,—,14658,516,K.K. Imai Seisakusho,Kochi(JPN),155.59,142.25,19.20,19.20,14.35,7.01,7.34,Kobe Diesel Company Limited,Mitsubishi Heavy Industries Limited,Bangladesh Breakers,—,Pontianak,—,—,—,—,—,—,—,—,—,—,—,—,—,—,—,—,—,—,—,8223361,—,4413,6000,6UEC45/115H
vehicle carrier,161500,Crystal Ace,Dead,Panama,8270,1983,-30'gt,10538,Single,—,27566,219,Watanabe Shipbuilding Company Limited,Imabari,161.00,147.00,26.81,26.81,19.03,7.50,11.53,"Ube Industries Machinery Service Engineering Company, Limited",Mitsubishi Heavy Industries Limited,Indian Breakers,—,Panama,—,—,—,—,—,—,—,—,—,—,—,—,—,—,—,—,—,—,—,8211538,—,9267,12600,7UEC60HA
vehicle carrier,161523,Eurasian Alliance,Dead,Philippines,8103,1983,-30'gt,9358,Single,—,27013,1106,Sumitomo Heavy Industries Limited Shipbuilding,Tokyo,158.00,148.01,27.80,27.80,11.84,7.87,3.97,"Sumitomo Heavy Industries, Limited",Sulzer Turbomachinery Services,Indian Breakers,—,Manila,—,—,—,—,—,—,—,—,—,—,—,—,—,—,—,—,—,—,—,8200541,—,6950,9450,7RLB56
vehicle carrier,161563,Fanta,Dead,Panama,10931,1983,30'-50'gt,13732,Single,—,36437,1906,Mitsubishi Heavy Industries Limited Shipbuilding,Kobe,190.00,176.00,29.24,29.21,12.76,8.62,4.14,Mitsubishi Heavy Industries Limited,MAN Energy Solutions SE,Chinese Breakers,—,Panama,—,—,—,—,—,—,—,—,—,—,—,—,—,—,—,—,—,—,—,8204262,—,7867,10550,10V52/55A
vehicle carrier,162537,Festa,Dead,Panama,10931,1983,30'-50'gt,13656,Single,—,36439,1907,Mitsubishi Heavy Industries Limited Shipbuilding,Nagasaki,190.00,176.03,29.24,29.24,12.76,8.60,4.16,Mitsubishi Heavy Industries Limited,MAN Energy Solutions SE,Chinese Breakers,—,Panama,—,—,—,—,—,—,—,—,—,—,—,—,—,—,—,—,—,—,—,8204274,—,7759,10550,10V52/55A
vehicle carrier,162746,Cassiopeia Ace,Dead,Panama,12360,1983,30'-50'gt,14501,Single,—,41197,2231,Shin Kurushima Dockyard Company Limited,Tokyo,180.00,171.51,32.31,32.31,29.88,8.20,21.68,Kawasaki Shipbuilding Corporation,MAN Energy Solutions SE,Chinese Breakers,—,Panama,—,—,—,—,—,—,—,—,—,—,—,—,—,—,—,—,—,—,—,8217192,—,10863,14770,14V52/55A
vehicle carrier,1630,Cuernavaca,Dead,U.K.,1171,1965,-30'gt,2276,Single,—,1596,—,—,,75.00,69.25,11.71,11.71,7.57,5.11,2.46,Deutz MWM AG,Deutz MWM AG,—,—,—,—,—,—,—,—,—,—,—,—,—,—,—,—,—,—,—,—,—,—,6423383,—,1044,1400,MWM DIESEL
vehicle carrier,163132,Melbourne Highway,Dead,Panama,12977,1983,30'-50'gt,16483,Single,—,43259,1112,Imabari Shipbuilding Company Limited (Marugame),Marugame,182.00,170.01,32.24,32.24,11.29,9.42,1.87,Kawasaki Shipbuilding Corporation,MAN Energy Solutions SE,Chinese Breakers,—,Panama,—,—,—,—,—,—,—,—,—,—,—,—,—,—,—,—,—,—,—,8211356,—,10863,14770,14V52/55A
vehicle carrier,163133,Neptune Ploes,Dead,Malta,7677,1983,-30'gt,3893,Single,—,13251,480,Naikai Zosen Shipbuilding Corporation,Hiroshima,130.00,120.02,22.00,22.00,14.10,6.01,8.09,Hitachi Zosen Corporation,B&W Diesel A/S,Indian Breakers,—,Valletta,—,—,—,—,—,—,—,—,—,—,—,—,—,—,—,—,—,—,—,8208311,—,6031,8200,9L45GBE
vehicle carrier,163166,Fu Kang Kou,Live,China,3498,1983,-30'gt,3516,Single,BOOI,7551,911,Evergreen Heavy Industry Company,Nagasaki,105.56,—,19.30,19.30,10.32,6.00,4.32,Hitachi Zosen Corporation,B&W Diesel A/S,COSCO Shipping Specialized Carriers Company Limited,People's Republic of China,Guangzhou,—,China COSCO Shipping Corporation Limited (China Cosco Shipping Group) (COSCO Shipping) (COSCOCS),People's Republic of China,COSCO Shipping Specialized Carriers Company Limited,People's Republic of China,COSCO Shipping Specialized Carriers Company Limited,People's Republic of China,COSCO Shipping Specialized Carriers Company Limited,People's Republic of China,—,—,—,—,—,—,—,—,—,—,8216801,412065990,3183,4760,7L35MC
vehicle carrier,163201,Palma,Dead,Philippines,8277,1983,-30'gt,10546,Single,—,27589,220,Watanabe Shipbuilding Company Limited,Imabari,161.00,147.00,26.80,26.80,19.00,8.00,11.00,"Ube Industries Machinery Service Engineering Company, Limited",Mitsubishi Heavy Industries Limited,Indian Breakers,—,Manila,—,—,—,—,—,—,—,—,—,—,—,—,—,—,—,—,—,—,—,8213859,—,9267,12600,7UEC60HA
vehicle carrier,163246,Nivin,Live,Panama,1638,1983,-30'gt,1626,Double Bottom,3FFD,5462,214,C.N.P. Freire S.A.,Vigo,88.55,77.50,18.58,18.00,4.25,4.21,0.04,Astilleros Espanoles S.A. (AESA),Semt Pielstick SA,Dragonet Shipping Incorporated,Panama,Panama,—,Dragonet Shipping Incorporated,Panama,Dragonet Shipping Incorporated,Panama,Dragonet Shipping Incorporated,Panama,Dragonet Shipping Incorporated,Panama,—,—,—,—,Dragonet Shipping Incorporated,Panama,—,—,—,—,8206533,374729000,2908,3900,6PC2-5L-400
vehicle carrier,164063,Arabian Breeze,Dead,Singapore,9362,1983,-30'gt,12577,Single,—,29874,2246,Shin Kurushima Dockyard Company Limited,Tokyo,164.00,157.36,28.00,28.00,11.74,8.42,3.32,"Ube Industries Machinery Service Engineering Company, Limited",Mitsubishi Heavy Industries Limited,Wallenius Wilhelmsen,—,Singapore,—,—,—,—,—,—,—,—,—,—,—,—,—,—,—,—,—,—,—,8202355,—,7943,10800,6UEC60HA
vehicle carrier,164310,Pacific Angel,Dead,Panama,8075,1983,-30'gt,9348,Single,—,26914,1107,Sumitomo Heavy Industries Limited Shipbuilding,Tokyo,158.00,148.01,27.81,27.81,11.84,7.80,4.04,"Sumitomo Heavy Industries, Limited",Sulzer Turbomachinery Services,Chinese Breakers,—,Panama,—,—,—,—,—,—,—,—,—,—,—,—,—,—,—,—,—,—,—,8202599,—,6950,9450,7RLB56
vehicle carrier,164311,Phoenix Ace,Dead,Panama,8980,1983,-30'gt,11548,Single,—,29933,2253,Shin Kurushima Dockyard Company Limited,Tokyo,164.00,155.00,28.00,28.00,10.95,8.42,2.53,"Ube Industries Machinery Service Engineering Company, Limited",Mitsubishi Heavy Industries Limited,Chinese Breakers,—,Panama,—,—,—,—,—,—,—,—,—,—,—,—,—,—,—,—,—,—,—,8223593,—,7943,10800,6UEC60HA
vehicle carrier,164401,Aegean Breeze,Dead,Singapore,9362,1983,-30'gt,12527,Single,—,29874,2247,Shin Kurushima Dockyard Company Limited,Tokyo,164.00,157.36,28.00,28.00,12.02,8.42,3.60,"Ube Industries Machinery Service Engineering Company, Limited",Mitsubishi Heavy Industries Limited,Turkish Breakers,—,Singapore,—,—,—,—,—,—,—,—,—,—,—,—,—,—,—,—,—,—,—,8202367,—,7943,10800,6UEC60HA
vehicle carrier,165051,Yohjin,Dead,Panama,8979,1983,-30'gt,11662,Single,—,29933,3001,Kanasashi Shipbuilding Company Limited,Toyohashi,164.00,164.00,28.00,28.00,25.03,8.42,16.61,"Ube Industries Machinery Service Engineering Company, Limited",Mitsubishi Heavy Industries Limited,Indian Breakers,—,Panama,—,—,—,—,—,—,—,—,—,—,—,—,—,—,—,—,—,—,—,8300468,—,7943,10800,6UEC60HA
vehicle carrier,165332,Ocean Ace,Dead,Panama,14041,1983,30'-50'gt,16149,Single,—,43684,1114,Imabari Shipbuilding Company Limited (Marugame),Marugame,183.00,170.00,32.20,32.20,19.56,9.42,10.14,Mitsui Engineering & Shipbuilding Company Limited,B&W Diesel A/S,Indian Breakers,—,Panama,—,—,—,—,—,—,—,—,—,—,—,—,—,—,—,—,—,—,—,8300418,—,12944,17600,7L67GBE
vehicle carrier,165450,Nobleza,Dead,Liberia,8979,1983,-30'gt,11428,Single,—,29933,3002,Kanasashi Shipbuilding Company Limited,Toyohashi,164.00,155.02,28.01,28.01,10.98,8.42,2.56,"Ube Industries Machinery Service Engineering Company, Limited",Mitsubishi Heavy Industries Limited,Chinese Breakers,—,Monrovia,—,—,—,—,—,—,—,—,—,—,—,—,—,—,—,—,—,—,—,8300470,—,7943,10800,6UEC60HA
vehicle carrier,165557,Asian Breeze,Dead,Singapore,9362,1983,-30'gt,12562,Single,—,29874,2256,Shin Kurushima Dockyard Company Limited,Tokyo,164.00,157.38,28.00,28.00,11.76,8.42,3.34,"Ube Industries Machinery Service Engineering Company, Limited",Mitsubishi Heavy Industries Limited,Turkish Breakers,—,Singapore,—,—,—,—,—,—,—,—,—,—,—,—,—,—,—,—,—,—,—,8202381,—,7943,10800,6UEC60HA
vehicle carrier,165564,Hoegh Trapeze,Dead,Norway (Int. Register),13467,1983,30'-50'gt,15500,Double Bottom,—,41871,508,Tsuneishi Shipbuilding Company Limited,Japan,184.00,174.00,30.63,30.60,13.66,9.52,4.14,Mitsui Engineering & Shipbuilding Company Limited,B&W Diesel A/S,Chinese Breakers,—,Oslo,—,—,—,—,—,—,—,—,—,—,—,—,—,—,—,—,—,—,—,8130966,—,9694,13000,6L67GBE
vehicle carrier,165622,Baltic Breeze,Dead,Singapore,9364,1983,-30'gt,12466,Single,—,29979,2257,Shin Kurushima Dockyard Company Limited,Tokyo,164.00,155.00,28.00,28.00,11.99,8.42,3.57,"Ube Industries Machinery Service Engineering Company, Limited",Mitsubishi Heavy Industries Limited,Wallenius Wilhelmsen,—,Singapore,—,—,—,—,—,—,—,—,—,—,—,—,—,—,—,—,—,—,—,8312590,—,8054,10800,6UEC60HA
vehicle carrier,167205,Suijin,Dead,Panama,12826,1984,30'-50'gt,17328,Single,—,39082,1129,Imabari Shipbuilding Company Limited (Marugame),Marugame,199.00,185.02,29.21,29.21,19.38,9.43,9.95,Mitsubishi Heavy Industries Limited,Sulzer Turbomachinery Services,Chinese Breakers,—,Panama,—,—,—,—,—,—,—,—,—,—,—,—,—,—,—,—,—,—,—,8323147,—,10149,13800,7RND90M
vehicle carrier,167256,Saracen Star,Dead,Panama,8111,1984,-30'gt,11554,Single,—,26758,10076,Oshima Shipbuilding Company Limited,Oshima,157.90,148.01,27.81,27.81,11.97,8.52,3.45,NKK Corporation,Semt Pielstick SA,Chinese Breakers,—,Panama,—,—,—,—,—,—,—,—,—,—,—,—,—,—,—,—,—,—,—,8217556,—,6619,8100,12PC2-6V-400
vehicle carrier,167504,Al Salmy 5,Live,St. Kitts-Nevis,4894,1984,-30'gt,7200,Single,V4EB6,12530,406,Danyard A/S,Frederikshavn,131.70,126.00,19.41,19.39,11.61,6.15,5.46,Fried. Krupp AG Hoesch-Krupp,Mak Motoren GmbH & Company KG,Salem Al Makrani Cargo Company,United Arab Emirates,—,414,Salem Obaid Al Makrani & Omar Salem Obaid Al Makrani,United Arab Emirates,Salem Al Makrani Cargo Company,United Arab Emirates,Salem Al Makrani Cargo Company,United Arab Emirates,Salem Al Makrani Cargo Company,United Arab Emirates,—,—,—,—,Salem Al Makrani Cargo Company,United Arab Emirates,—,—,—,—,8118839,341749001,3646,4890,12M453
vehicle carrier,167622,Century Leader No.1,Dead,Panama,13626,1984,30'-50'gt,11981,Single,—,45422,2338,Shin Kurushima Dockyard Company Limited,Tokyo,179.00,171.00,32.20,32.20,12.70,8.52,4.18,Mitsui Engineering & Shipbuilding Company Limited,B&W Diesel A/S,Chinese Breakers,—,Panama,—,—,—,—,—,—,—,—,—,—,—,—,—,—,—,—,—,—,—,8309098,—,9782,13300,7L60MC
vehicle carrier,170174,Nada V,Dead,Panama,13224,1984,30'-50'gt,14820,Single,—,43101,543,Tsuneishi Shipbuilding Company Limited,Hiroshima,185.00,174.02,32.01,32.01,14.38,9.20,5.18,Mitsui Engineering & Shipbuilding Company Limited,B&W Diesel A/S,Chinese Breakers,—,Panama,—,—,—,—,—,—,—,—,—,—,—,—,—,—,—,—,—,—,—,8313312,—,10488,12120,7L60MC
vehicle carrier,170267,Century Highway No.1,Dead,Panama,12959,1984,30'-50'gt,15363,Single,—,43198,828,Hashihama Shipbuilding Company Limited - SEE NOW AS Tsuneishi Shipbuilding Company Limited,Tadotsu,186.00,174.00,32.00,32.00,21.11,9.32,11.79,Mitsui Engineering & Shipbuilding Company Limited,B&W Diesel A/S,Chinese Breakers,—,Panama,—,—,—,—,—,—,—,—,—,—,—,—,—,—,—,—,—,—,—,8315310,—,12238,14140,8L60MC
vehicle carrier,171737,Marble Highway,Dead,Panama,9939,1984,30'-50'gt,11907,Single,—,33131,1139,Mitsubishi Heavy Industries Limited Shipbuilding,Kobe,173.00,163.00,28.01,28.01,12.04,8.20,3.84,Mitsubishi Heavy Industries Limited,MAN Energy Solutions SE,Chinese Breakers,—,Panama,—,—,—,—,—,—,—,—,—,—,—,—,—,—,—,—,—,—,—,8316455,—,7759,10550,10V52/55B
vehicle carrier,172114,Arca Emerald,Dead,Panama,11398,1984,30'-50'gt,13208,Single,—,37996,547,Tsuneishi Shipbuilding Company Limited,Hiroshima,175.16,166.00,28.80,28.80,18.59,8.52,4.48,Mitsui Engineering & Shipbuilding Company Limited,B&W Diesel A/S,Bangladesh Breakers,—,Panama,—,—,—,—,—,—,—,—,—,—,—,—,—,—,—,—,—,—,—,8319689,—,8458,11500,6L60MC
vehicle carrier,173203,Eurasian Dream,Dead,Philippines,11805,1984,30'-50'gt,13068,Single,—,39353,3023,Kanasashi Shipbuilding Company Limited,Toyohashi,173.00,164.01,30.41,30.41,12.37,8.92,3.45,Mitsubishi Heavy Industries Limited,Mitsubishi Heavy Industries Limited,Vroon,—,—,—,—,—,—,—,—,—,—,—,—,—,—,—,—,—,—,—,—,—,8318910,—,7479,10030,MITSUBISHI DIESEL
vehicle carrier,173450,Orion Highway,Dead,Liberia,13372,1984,30'-50'gt,14384,Single,—,44576,2291,Shin Kurushima Dockyard Company Limited,Tokyo,179.00,173.56,32.29,32.29,21.77,9.12,12.65,Kawasaki Shipbuilding Corporation,B&W Diesel A/S,Chinese Breakers,—,Monrovia,—,—,—,—,—,—,—,—,—,—,—,—,—,—,—,—,—,—,—,8401224,—,10708,14560,7L60MC
vehicle carrier,173521,Sirius Highway,Dead,Panama,13372,1984,30'-50'gt,14301,Single,—,44576,2368,Shin Kurushima Dockyard Company Limited,Tokyo,179.00,173.56,32.26,32.26,12.65,9.12,3.53,Kawasaki Shipbuilding Corporation,B&W Diesel A/S,Chinese Breakers,—,Panama,—,—,—,—,—,—,—,—,—,—,—,—,—,—,—,—,—,—,—,8406042,—,10708,14560,7L60MC
vehicle carrier,173530,Fuji,Dead,Liberia,15322,1984,30'-50'gt,16349,Single,—,47751,1130,Imabari Shipbuilding Company Limited (Marugame),Marugame,190.00,180.00,32.21,32.21,11.64,9.33,2.31,Hitachi Shipbuilding Corporation (Osaka),B&W Diesel A/S,Hachiuma,—,Monrovia,—,—,—,—,—,—,—,—,—,—,—,—,—,—,—,—,—,—,—,8402369,—,10385,14120,6L70MCE
vehicle carrier,174244,Dong Fang Gao Su,Dead,China,9939,1984,30'-50'gt,11940,Single,—,33131,1155,Mitsubishi Heavy Industries Limited Shipbuilding,Kobe,173.00,163.00,28.00,28.00,12.04,8.20,3.84,Mitsubishi Heavy Industries Limited,MAN Energy Solutions SE,CSCL.,—,Dalian,—,—,—,—,—,—,—,—,—,—,—,—,—,—,—,—,—,—,—,8401274,—,7979,10700,10V52/55B
vehicle carrier,174477,Sea Patris,Live,Panama,10860,1985,30'-50'gt,13895,Single,3FWI7,36201,1138,Imabari Shipbuilding Company Limited (Marugame),Marugame,176.72,164.80,29.21,29.21,21.20,9.02,12.19,Kawasaki Shipbuilding Corporation,B&W Diesel A/S,Mediterranean Car-Carriers Line S.A. (MCCL),Greece,Panama,—,Mediterranean Car-Carriers Line S.A. (MCCL),Greece,Mediterranean Car-Carriers Line S.A. (MCCL),Greece,Sea Patris Shipping S.A.,Marshall Islands,Mediterranean Car-Carriers Line S.A. (MCCL),Greece,—,—,—,—,Mediterranean Car-Carriers Line S.A. (MCCL),Greece,—,—,—,—,8415794,351732000,9179,12480,6L60MC
vehicle carrier,174631,Kiwi Auckland,Dead,Norway (Int. Register),11352,1985,30'-50'gt,13295,Single,—,37841,556,Tsuneishi Shipbuilding Company Limited,Numakuma,175.01,166.02,28.81,28.80,13.01,8.52,4.49,Hitachi Zosen Corporation,B&W Diesel A/S,Hoegh Autoliners.,—,Nishinomiya,—,—,—,—,—,—,—,—,—,—,—,—,—,—,—,—,—,—,—,8401860,—,8576,11500,6L60MC
vehicle carrier,175041,Universal Spirit,Dead,Liberia,11984,1985,30'-50'gt,13025,Single,—,39948,3060,Kanasashi Shipbuilding Company Limited,Toyohashi,173.00,164.01,30.40,30.40,19.80,8.92,10.88,Akasaka Diesels Limited,Mitsubishi Heavy Industries Limited,Chinese Breakers,—,Monrovia,—,—,—,—,—,—,—,—,—,—,—,—,—,—,—,—,—,—,—,8400919,—,8421,9733,6UEC60L
vehicle carrier,175174,Tristan,Dead,Sweden,20650,1985,50'+ gt,28536,Single,—,51071,598,Kockums AB,Malmo,198.00,190.00,32.28,32.28,31.50,11.60,19.90,Sulzer Mitsubishi,Sulzer Turbomachinery Services,Wallenius AB,—,Stockholm,—,—,—,—,—,—,—,—,—,—,—,—,—,—,—,—,—,—,—,8321333,—,13687,18354,7RTA68
vehicle carrier,175333,Shojin Maru,Dead,Japan,5606,—,-30'gt,—,Single,—,11913,—,—,,—,—,—,—,—,—,—,—,Unknown Engine Designer,—,—,—,—,—,—,—,—,—,—,—,—,—,—,—,—,—,—,—,—,—,—,—,—,—,—,UNKNOWN
vehicle carrier,175523,Seijin,Dead,Panama,13730,1985,30'-50'gt,15520,Single,—,42177,1132,Imabari Shipbuilding Company Limited (Marugame),Marugame,199.83,185.00,29.20,29.20,10.88,9.22,1.66,Mitsubishi Heavy Industries Limited,Sulzer Turbomachinery Services,Indian Breakers,—,Panama,—,—,—,—,—,—,—,—,—,—,—,—,—,—,—,—,—,—,—,8417572,—,10149,13800,5RTA76
vehicle carrier,175724,Victory Ace,Dead,Panama,10808,1985,30'-50'gt,16068,Single,—,36026,2410,Shin Kurushima Dockyard Company Limited,Tokyo,199.00,191.00,28.01,28.01,11.99,7.80,4.19,"Ube Industries Machinery Service Engineering Company, Limited",Mitsubishi Heavy Industries Limited,Chinese Breakers,—,Panama,—,—,—,—,—,—,—,—,—,—,—,—,—,—,—,—,—,—,—,8418291,—,8664,10500,6UEC60L
vehicle carrier,176047,Bellona,Dead,Panama,14729,1985,30'-50'gt,15160,Double Bottom,—,45495,1140,Imabari Shipbuilding Company Limited (Marugame),Marugame,183.00,170.01,32.20,32.20,19.26,9.20,10.06,Hitachi Zosen Corporation,B&W Diesel A/S,Chinese Breakers,—,Panama,—,—,—,—,—,—,—,—,—,—,—,—,—,—,—,—,—,—,—,8402371,—,10002,11560,6L70MCE
vehicle carrier,176245,Chang Fa,Dead,Palau,8180,1985,-30'gt,9163,Single,—,27267,10084,Oshima Shipbuilding Company Limited,Oshima,158.94,148.01,27.81,27.81,19.91,8.72,11.19,NKK Corporation,Semt Pielstick SA,Terra M.,—,—,—,—,—,—,—,—,—,—,—,—,—,—,—,—,—,—,—,—,—,8321943,—,6906,9390,6PC4-2L
vehicle carrier,176351,Eurasian Chariot,Dead,Panama,9577,1985,30'-50'gt,12184,Single,—,31923,1128,Sumitomo Heavy Industries Limited Shipbuilding,Tokyo,172.00,162.00,29.80,29.80,26.55,8.20,18.35,"Sumitomo Heavy Industries, Limited",Sulzer Turbomachinery Services,Indian Breakers,—,Panama,—,—,—,—,—,—,—,—,—,—,—,—,—,—,—,—,—,—,—,8412089,—,8473,11520,6RTA58
vehicle carrier,176411,Century Highway No.2,Dead,Panama,13711,1985,30'-50'gt,15509,Single,—,44616,557,Tsuneishi Shipbuilding Company Limited,Hiroshima,185.75,174.02,32.01,32.00,19.95,9.22,5.16,Kawasaki Shipbuilding Corporation,B&W Diesel A/S,Taiyo N.K.,—,Panama,—,—,—,—,—,—,—,—,—,—,—,—,—,—,—,—,—,—,—,8319718,—,12238,14140,8L60MC
vehicle carrier,176441,Eurasian Brilliance,Dead,Philippines,8023,1985,-30'gt,9763,Single,—,26746,1126,Sumitomo Heavy Industries Limited Shipbuilding,Tokyo,158.00,148.01,27.61,27.61,11.74,8.02,3.72,"Sumitomo Heavy Industries, Limited",Sulzer Turbomachinery Services,Indian Breakers,—,Manila,—,—,—,—,—,—,—,—,—,—,—,—,—,—,—,—,—,—,—,8400397,—,6428,7878,6RTA58
vehicle carrier,177033,Isolde,Dead,Sweden,20650,1985,50'+ gt,28396,Single,—,51071,599,Kockums AB,Malmo,199.00,190.71,32.25,32.25,31.50,11.60,19.90,Sulzer Mitsubishi,Sulzer Turbomachinery Services,Wallenius AB,—,Stockholm,—,—,—,—,—,—,—,—,—,—,—,—,—,—,—,—,—,—,—,8321345,—,13687,18354,7RTA68
vehicle carrier,177345,Fris,Dead,St. Kitts-Nevis,10860,1985,30'-50'gt,13920,Single,—,36201,1139,Imabari Shipbuilding Company Limited (Marugame),Marugame,176.72,164.01,29.21,29.20,21.21,9.02,12.19,Kawasaki Shipbuilding Corporation,B&W Diesel A/S,Bangladesh Breakers,—,—,—,—,—,—,—,—,—,—,—,—,—,—,—,—,—,—,—,—,—,8415809,—,9179,12480,6L60MC
vehicle carrier,177352,Petra,Dead,Panama,13306,1985,30'-50'gt,17955,Single,—,44356,1972,Mitsubishi Heavy Industries Limited Shipbuilding,Nagasaki,190.00,180.00,32.20,32.20,12.90,9.03,3.87,Mitsubishi Heavy Industries Limited,Mitsubishi Heavy Industries Limited,Bangladesh Breakers,—,Panama,—,—,—,—,—,—,—,—,—,—,—,—,—,—,—,—,—,—,—,8412986,—,10811,14700,7UEC60L
vehicle carrier,177606,Zarah Sofia,Dead,Panama,7479,1985,-30'gt,9234,Single,—,24929,843,Hashihama Shipbuilding Company Limited - SEE NOW AS Tsuneishi Shipbuilding Company Limited,Tadotsu,151.00,142.02,26.61,26.60,26.29,7.82,18.47,Mitsui Engineering & Shipbuilding Company Limited,B&W Diesel A/S,Bangladesh Breakers,—,Panama,—,—,—,—,—,—,—,—,—,—,—,—,—,—,—,—,—,—,—,8418930,—,6222,8460,6L50MC
vehicle carrier,177621,Oriental Phoenix,Dead,Liberia,8298,1985,-30'gt,11824,Single,—,27658,10085,Oshima Shipbuilding Company Limited,Oshima,158.00,148.01,27.81,27.81,26.19,7.80,18.39,NKK Corporation,Semt Pielstick SA,Chinese Breakers,—,Monrovia,—,—,—,—,—,—,—,—,—,—,—,—,—,—,—,—,—,—,—,8405282,—,6619,8100,12PC2-6V-400
vehicle carrier,177637,Falstaff,Dead,Sweden,20736,1985,50'+ gt,28529,Single,SLCO,52800,4795,Hitachi Shipbuilding Corporation (Innoshima),Innoshima,199.00,190.00,32.26,32.26,21.34,11.66,9.68,Hitachi Zosen Corporation,B&W Diesel A/S,Chinese Breakers,—,Stockholm,—,—,—,—,—,—,—,—,—,—,—,—,—,—,—,—,—,—,—,8320767,—,12662,16980,6L70MC
vehicle carrier,177643,NP Thanya 1,Dead,Thailand,2476,1985,-30'gt,5577,Single,—,6631,732,Honda Shipbuilding Company Limited,Saiki,106.12,98.50,17.00,17.00,10.25,5.36,4.89,Kobe Diesel Company Limited,Mitsubishi Heavy Industries Limited,Bangladesh Breakers,—,—,—,—,—,—,—,—,—,—,—,—,—,—,—,—,—,—,—,—,—,8419738,567471000,2500,3400,6UEC37H-IIB
vehicle carrier,1912673,Morning Cecilie,Live,South Korea,18263,2008,50'+ gt,22699,Single,D7VH,60876,S-1497,Imabari Shipbuilding Company Limited (Marugame),Marugame,199.94,190.60,—,32.26,15.00,10.02,4.98,Kobe Diesel Company Limited,Mitsubishi Heavy Industries Limited,EUKOR Car Carriers Incorporated,Republic of Korea,Jeju,—,Wilh. Wilhelmsen Holding ASA (Wilship),Norway,EUKOR Car Carriers Incorporated,Republic of Korea,EUKOR Car Carriers Incorporated,Republic of Korea,Wilhelmsen Ship Management Korea Limited,Republic of Korea,—,—,—,—,Wilhelmsen Ship Management Korea Limited,Republic of Korea,—,—,—,—,9477830,440367000,15540,22243,8UEC60LSII
vehicle carrier,1912674,Morning Camilla,Live,South Korea,18263,2009,50'+ gt,22692,Single,D7DE,60876,S-1498,Imabari Shipbuilding Company Limited (Marugame),Marugame,199.94,190.60,—,32.26,15.00,10.02,4.98,Kobe Diesel Company Limited,Mitsubishi Heavy Industries Limited,EUKOR Car Carriers Incorporated,Republic of Korea,Jeju,—,Wilh. Wilhelmsen Holding ASA (Wilship),Norway,EUKOR Car Carriers Incorporated,Republic of Korea,EUKOR Car Carriers Incorporated,Republic of Korea,Wilhelmsen Ship Management Korea Limited,Republic of Korea,—,—,—,—,Wilhelmsen Ship Management Korea Limited,Republic of Korea,—,—,—,—,9477919,440104000,15540,22243,8UEC60LSII
vehicle carrier,1912676,Demeter Leader,Live,Japan,18716,2009,50'+ gt,20019,Single,7KEO,62388,1520,Imabari Shipbuilding Company Limited (Marugame),Marugame,199.94,190.00,—,32.26,24.32,10.02,4.98,Kobe Diesel Company Limited,Mitsubishi Heavy Industries Limited,Toko Unyu Company Limited (Toko Unyu K.K.),Japan,Kaminoseki,—,Toko Unyu Company Limited (Toko Unyu K.K.),Japan,Toko Unyu Company Limited (Toko Unyu K.K.),Japan,Toko Unyu Company Limited (Toko Unyu K.K.),Japan,Wallem Shipmanagement Limited (WSM),"Hong Kong, S.A.R., China",Nippon Yusen Kabushiki Kaisha (NYK Line) (Nippon Yusen Kaisha),Japan,—,—,Wallem Shipmanagement Limited (WSM),"Hong Kong, S.A.R., China",—,—,—,—,9477921,431766000,15540,20839,8UEC60LSII
vehicle carrier,200711,Liberty,Dead,Unknown,20736,1985,50'+ gt,27609,Single,—,51858,4796,Hitachi Shipbuilding Corporation (Innoshima),Innoshima,199.00,190.00,32.26,32.26,21.32,11.66,9.66,Hitachi Zosen Corporation,B&W Diesel A/S,American R.O.,—,—,—,—,—,—,—,—,—,—,—,—,—,—,—,—,—,—,—,—,—,8320779,—,12662,16980,6L70MC
vehicle carrier,200754,Fann,Dead,Comoros,8295,1985,-30'gt,11241,Single,—,27650,234,Watanabe Shipbuilding Company Limited,Imabari,162.34,147.00,26.80,26.80,27.75,9.52,13.88,Mitsui Engineering & Shipbuilding Company Limited,B&W Diesel A/S,Bangladesh Breakers,—,Moroni,—,—,—,—,—,—,—,—,—,—,—,—,—,—,—,—,—,—,—,8511263,—,8884,12080,6L60MC
vehicle carrier,201037,Ocean Tango,Dead,South Korea,1693,1985,-30'gt,2736,Single,DSMK2,3525,1550,Usuki Shipyard Company Limited,Usuki,87.58,80.00,16.00,16.00,9.60,5.54,0.42,Hitachi Zosen Corporation,B&W Diesel A/S,Duwon Shipping,—,Jeju,—,—,—,—,—,—,—,—,—,—,—,—,—,—,—,—,—,—,—,8505355,440174000,2983,4000,6L35MC
vehicle carrier,201103,Omarrasheed,Live,Indonesia,6406,1985,-30'gt,5705,Single,JZGI,9442,333,Kyokuyo Shipyard Corporation (KSC),Shimonoseki,116.04,108.00,18.81,18.80,10.70,6.31,4.39,The Hanshin Diesel Works Limited,The Hanshin Diesel Works Limited,P.T. Bumi Lintas Tama,Indonesia,Makassar,—,Kalla Group,Indonesia,P.T. Bumi Lintas Tama,Indonesia,P.T. Bumi Lintas Tama,Indonesia,P.T. Bumi Lintas Tama,Indonesia,—,—,—,—,P.T. Bumi Lintas Tama,Indonesia,—,—,—,—,8512217,525009229,4044,5500,6LF58
vehicle carrier,201313,Harmoni Mas,Live,Indonesia,2672,1985,-30'gt,1696,Single,YGSR,3445,1790,Shin Kurushima Dockyard Company Limited,Tokyo,75.00,75.00,14.20,14.20,11.70,4.60,7.10,—,Unknown Engine Designer,P.T. Roro Samudra Putra Harmoni Mas,Indonesia,Jakarta,—,P.T. Roro Samudra Putra Harmoni Mas,Indonesia,P.T. Roro Samudra Putra Harmoni Mas,Indonesia,P.T. Roro Samudra Putra Harmoni Mas,Indonesia,P.T. Roro Samudra Putra Harmoni Mas,Indonesia,—,—,—,—,P.T. Roro Samudra Putra Harmoni Mas,Indonesia,—,—,—,—,8508802,525023567,1491,2000,6L35MC
vehicle carrier,202056,Hansung,Live,Togo,2601,1986,-30'gt,3611,Single,5VEI9,7442,2455,Shin Kurushima Dockyard Company Limited,Tokyo,96.90,89.00,20.00,20.00,11.60,5.88,5.72,Akasaka Diesels Limited,Mitsubishi Heavy Industries Limited,Unknown Owners,—,Lome,—,Unknown Owners,—,Unknown Owners,—,Azelia Ocean Limited,"Hong Kong, S.A.R., China",Unknown Owners,—,—,—,—,—,—,—,—,—,—,—,8513390,671787000,2870,3900,6UEC37LA
vehicle carrier,202076,Galaxy Ace,Dead,"Hong Kong, S.A.R., China",10120,1986,30'-50'gt,13418,Single,—,33733,3080,Kanasashi Shipbuilding Company Limited,Toyohashi,168.00,158.02,29.61,29.61,11.89,8.80,3.09,Mitsubishi Heavy Industries Limited,Mitsubishi Heavy Industries Limited,Chinese Breakers,—,Hong Kong,—,—,—,—,—,—,—,—,—,—,—,—,—,—,—,—,—,—,—,8510001,—,7744,10530,6UEC60LA
vehicle carrier,202103,Atlantic Breeze,Dead,Singapore,12568,1986,30'-50'gt,17176,Single,—,41891,3081,Kanasashi Shipbuilding Company Limited,Toyohashi,195.00,185.53,28.80,28.80,12.04,9.02,3.02,"Ube Industries Machinery Service Engineering Company, Limited",Mitsubishi Heavy Industries Limited,Chinese Breakers,—,Singapore,—,—,—,—,—,—,—,—,—,—,—,—,—,—,—,—,—,—,—,8507614,—,9120,12400,7UEC60LA
vehicle carrier,202163,Chang Zhong,Dead,China,—,1986,-30'gt,3514,Single,BRRL,4010,507,Naikai Zosen Shipbuilding Corporation,Setoda,124.64,112.02,18.30,18.30,6.15,6.05,0.10,Hitachi Zosen Corporation,B&W Diesel A/S,Unknown Owners,—,Shenzhen,—,Unknown Owners,—,Unknown Owners,—,Unknown Owners,—,Unknown Owners,—,—,—,—,—,—,—,—,—,—,—,8512229,—,3736,5080,8L35MC
vehicle carrier,202254,Century Leader No.3,Dead,Panama,13449,1986,30'-50'gt,14155,Single,3FYS5,44830,2445,Shin Kurushima Dockyard Company Limited,Tokyo,178.50,170.01,32.21,32.20,20.63,8.82,11.81,"Ube Industries Machinery Service Engineering Company, Limited",Mitsubishi Heavy Industries Limited,Indian Breakers,—,Panama,—,—,—,—,—,—,—,—,—,—,—,—,—,—,—,—,—,—,—,8502468,—,9865,13410,8UEC60LA
vehicle carrier,202300,Chang Chuan,Dead,China,3449,1986,-30'gt,3881,Single,BRRM,11497,568,Towa Shipbuilding Company Limited,Shimonoseki,124.50,110.00,22.00,22.00,8.65,6.00,2.66,Kobe Diesel Company Limited,Mitsubishi Heavy Industries Limited,Unknown Owners,—,Shenzhen,—,Unknown Owners,—,Unknown Owners,—,Unknown Owners,—,Unknown Owners,—,—,—,—,—,—,—,—,—,—,—,8510506,—,4266,5800,6UEC45LA
vehicle carrier,203013,Century Leader No.5,Dead,Panama,15260,1986,50'+ gt,15539,Single,—,50867,1146,Imabari Shipbuilding Company Limited (Marugame),Marugame,199.94,188.02,32.21,32.21,22.88,9.17,1.32,"Ube Industries Machinery Service Engineering Company, Limited",Mitsubishi Heavy Industries Limited,Indian Breakers,—,Panama,—,—,—,—,—,—,—,—,—,—,—,—,—,—,—,—,—,—,—,8513510,—,11547,15700,8UEC60LA
vehicle carrier,203076,Century Highway No.3,Dead,Panama,13855,1986,30'-50'gt,14304,Single,—,46186,846,Hashihama Shipbuilding Company Limited - SEE NOW AS Tsuneishi Shipbuilding Company Limited,Tadotsu,186.00,174.02,32.21,32.21,11.49,9.02,2.47,Kawasaki Shipbuilding Corporation,B&W Diesel A/S,Chinese Breakers,—,Panama,—,—,—,—,—,—,—,—,—,—,—,—,—,—,—,—,—,—,—,8509454,—,10554,14147,8L60MC
vehicle carrier,203171,Pacific Breeze,Dead,Singapore,12631,1986,30'-50'gt,17271,Single,—,42105,3082,Kanasashi Shipbuilding Company Limited,Toyohashi,195.00,184.99,28.80,28.80,12.04,9.02,3.02,"Ube Industries Machinery Service Engineering Company, Limited",Mitsubishi Heavy Industries Limited,Wallenius AB,—,Singapore,—,—,—,—,—,—,—,—,—,—,—,—,—,—,—,—,—,—,—,8507626,—,9120,12400,7UEC60LA
vehicle carrier,203174,Sun Highway,Dead,Panama,581,1963,-30'gt,1040,Single,—,967,141,Hashihama Shipbuilding Company Limited - SEE NOW AS Tsuneishi Shipbuilding Company Limited,Imabari,75.00,—,10.50,—,5.30,3.00,2.30,—,Unknown Engine Designer,Sanki,—,Panama,—,—,—,—,—,—,—,—,—,—,—,—,—,—,—,—,—,—,—,5250856,—,559,750,UNKNOWN
vehicle carrier,203210,Century Highway No.5,Dead,Panama,13490,1986,30'-50'gt,15380,Single,—,44969,1147,Imabari Shipbuilding Company Limited (Marugame),Marugame,189.00,175.01,32.21,32.21,11.49,9.02,2.47,Kawasaki Shipbuilding Corporation,B&W Diesel A/S,Chinese Breakers,—,Panama,—,—,—,—,—,—,—,—,—,—,—,—,—,—,—,—,—,—,—,8506634,—,10223,11810,8L60MCE
vehicle carrier,203212,Shin Nichiyo Maru,Dead,Japan,—,1986,-30'gt,1862,Single,—,1573,1861,—,Akitsu,83.00,—,14.20,—,11.40,4.80,6.60,—,Unknown Engine Designer,Taono,—,—,—,—,—,—,—,—,—,—,—,—,—,—,—,—,—,—,—,—,—,8519435,—,2088,2800,UNKNOWN
vehicle carrier,203244,Lilac Ace,Dead,Panama,8494,1986,-30'gt,10719,Single,—,28316,1143,Imabari Shipbuilding Company Limited (Marugame),Marugame,165.00,150.02,27.60,27.60,9.22,8.27,0.95,Mitsubishi Heavy Industries Limited,Mitsubishi Heavy Industries Limited,Indian Breakers,—,Panama,—,—,—,—,—,—,—,—,—,—,—,—,—,—,—,—,—,—,—,8513522,—,7310,12603,6UEC60LA
vehicle carrier,203312,Scandinavian Highway,Dead,Panama,14405,1986,30'-50'gt,14569,Single,—,48014,1166,Mitsubishi Heavy Industries Limited Shipbuilding,Kobe,190.00,180.02,32.21,32.21,31.00,8.20,22.80,Mitsubishi Heavy Industries Limited,Sulzer Turbomachinery Services,Chinese Breakers,—,Panama,—,—,—,—,—,—,—,—,—,—,—,—,—,—,—,—,—,—,—,8513558,—,10046,13660,7RTA58
vehicle carrier,204062,Cenk Car,Live,Malta,2874,1986,-30'gt,2674,Single,9HVM6,7314,C800,HD Hyundai Heavy Industries Company Limited,Ulsan,95.05,95.00,17.01,17.00,8.51,5.01,3.49,The Hanshin Diesel Works Limited,The Hanshin Diesel Works Limited,Marmara Denizcilik A.S.,Turkiye,Valletta,—,Cenk Group,Turkiye,Marmara Denizcilik A.S.,Turkiye,Cenk Gemi Isletmeciligi A.S.,Turkiye,Marmara Denizcilik A.S.,Turkiye,Marmara Denizcilik A.S.,Turkiye,—,—,Marmara Denizcilik A.S.,Turkiye,—,—,—,—,8611984,248901000,2942,3315,6EL44
vehicle carrier,204136,Cosmos Venture,Dead,Liberia,13816,1986,30'-50'gt,17750,Single,—,46051,3110,Kanasashi Shipbuilding Company Limited,Toyohashi,187.53,178.01,31.01,31.01,12.17,9.22,2.95,Mitsubishi Heavy Industries Limited,Mitsubishi Heavy Industries Limited,Indian Breakers,—,Monrovia,—,—,—,—,—,—,—,—,—,—,—,—,—,—,—,—,—,—,—,8600143,—,9490,10970,7UEC60LA
vehicle carrier,204434,Dr Ace,Dead,Panama,14565,1986,30'-50'gt,15546,Single,—,48547,1138,Sumitomo Heavy Industries Limited Shipbuilding,Yokosuka,190.05,180.00,32.29,32.26,13.75,8.92,4.83,Sulzer Mitsubishi,Sulzer Turbomachinery Services,Bangladesh Breakers,—,Panama,—,—,—,—,—,—,—,—,—,—,—,—,—,—,—,—,—,—,—,8506749,—,8716,10670,7RTA58
vehicle carrier,205200,Hyundai No.103,Dead,St. Kitts-Nevis,12232,1986,30'-50'gt,12893,Single,—,40772,436,HD Hyundai Heavy Industries Company Limited,Ulsan,184.00,174.00,30.60,30.60,29.67,8.21,21.46,HD Hyundai Heavy Industries Company Limited,B&W Diesel A/S,Bangladesh Breakers,—,—,—,—,—,—,—,—,—,—,—,—,—,—,—,—,—,—,—,—,—,8517944,—,8911,11950,8L60MCE
vehicle carrier,205303,Morning Marvel,Dead,South Korea,14296,1987,30'-50'gt,15421,Single,—,47654,H NO 10101,Oshima Shipbuilding Company Limited,Oshima,190.05,180.00,32.29,32.26,31.05,8.92,10.52,Sulzer Mitsubishi,Sulzer Turbomachinery Services,Turkish Breakers,—,Jeju,—,—,—,—,—,—,—,—,—,—,—,—,—,—,—,—,—,—,—,8602775,—,8837,11850,7RTA58
vehicle carrier,205304,Pegasus Diamond,Dead,Panama,14149,1986,30'-50'gt,13068,Single,—,47164,1988,Mitsubishi Heavy Industries Limited Shipbuilding,Nagasaki,180.00,170.01,32.21,32.21,11.08,9.02,2.06,Mitsubishi Heavy Industries Limited,Mitsubishi Heavy Industries Limited,Chinese Breakers,—,Panama,—,—,—,—,—,—,—,—,—,—,—,—,—,—,—,—,—,—,—,8519368,—,10664,13050,8UEC60LA
vehicle carrier,206226,JK Tai Shan,Dead,Panama,14603,1986,30'-50'gt,15577,Single,—,48676,1139,Sumitomo Heavy Industries Limited Shipbuilding,Tokyo,190.05,180.00,32.29,32.26,13.75,8.92,4.83,Sulzer Mitsubishi,Sulzer Turbomachinery Services,Bangladesh Breakers,—,Panama,—,—,—,—,—,—,—,—,—,—,—,—,—,—,—,—,—,—,—,8513560,—,8715,16110,7RTA58
vehicle carrier,206255,Washington Highway,Dead,Panama,15100,1986,50'+ gt,14081,Single,—,50334,1167,Mitsubishi Heavy Industries Limited Shipbuilding,Kobe,190.00,180.00,32.20,32.20,32.08,8.20,23.88,Mitsubishi Heavy Industries Limited,Sulzer Turbomachinery Services,Chinese Breakers,—,Panama,—,—,—,—,—,—,—,—,—,—,—,—,—,—,—,—,—,—,—,8605739,—,10988,12700,6RTA62
vehicle carrier,206304,Sapphire Highway,Dead,Panama,14729,1986,30'-50'gt,14683,Single,—,49098,2502,Shin Kurushima Dockyard Company Limited,Tokyo,179.00,170.00,32.20,32.20,33.81,9.00,24.81,Kawasaki Shipbuilding Corporation,B&W Diesel A/S,Chinese Breakers,—,Panama,—,—,—,—,—,—,—,—,—,—,—,—,—,—,—,—,—,—,—,8610514,—,10480,14250,8L60MC
vehicle carrier,206305,Hyundai No.105,Dead,Panama,12232,1986,30'-50'gt,12893,Single,—,40772,437,HD Hyundai Heavy Industries Company Limited,Ulsan,184.00,174.02,30.61,30.00,14.20,8.22,5.98,HD Hyundai Heavy Industries Company Limited,B&W Diesel A/S,Rickmers R.,—,Panama,—,—,—,—,—,—,—,—,—,—,—,—,—,—,—,—,—,—,—,8517956,—,8911,11950,8L60MCE
vehicle carrier,206464,Hercules Highway,Dead,Panama,14062,1987,30'-50'gt,14977,Single,—,46875,594,Tsuneishi Shipbuilding Company Limited,Hiroshima,179.58,170.00,32.20,32.20,20.78,9.22,5.64,Mitsui Engineering & Shipbuilding Company Limited,B&W Diesel A/S,Indian Breakers,—,Panama,—,—,—,—,—,—,—,—,—,—,—,—,—,—,—,—,—,—,—,8612316,—,10297,11900,8S60MCE
vehicle carrier,206472,Coral Highway,Dead,Panama,14831,1987,30'-50'gt,14597,Single,—,49439,10100,Oshima Shipbuilding Company Limited,Oshima,179.00,170.01,32.21,32.21,15.50,9.40,6.10,"Sumitomo Heavy Industries, Limited",Sulzer Turbomachinery Services,Chinese Breakers,—,Panama,—,—,—,—,—,—,—,—,—,—,—,—,—,—,—,—,—,—,—,8612299,—,11510,15650,7RTA62
vehicle carrier,206512,Ocean Pride I,Live,Gambia,—,1987,-30'gt,3450,Single,C5J346,6542,1333,Usuki Shipyard Company Limited,Saiki,105.50,98.00,18.00,18.00,11.20,5.84,5.36,Hitachi Zosen Corporation,B&W Diesel A/S,Unknown Owners,—,—,—,Unknown Owners,—,Unknown Owners,—,Unknown Owners,—,Unknown Owners,—,—,—,—,—,—,—,—,—,—,—,8612988,629009334,2983,4000,6L35MC
vehicle carrier,206517,Sighter,Dead,St. Kitts-Nevis,11419,1987,30'-50'gt,13917,Single,—,38062,591,Hashihama Shipbuilding Company Limited - SEE NOW AS Tsuneishi Shipbuilding Company Limited,Tadotsu,178.00,171.91,29.21,29.20,21.16,9.13,19.73,Mitsui Engineering & Shipbuilding Company Limited,B&W Diesel A/S,Bangladesh Breakers,—,—,—,—,—,—,—,—,—,—,—,—,—,—,—,—,—,—,—,—,—,8602816,—,7430,8590,6S60MCE
vehicle carrier,206544,Sayama Maru,Dead,Japan,—,1968,-30'gt,392,Single,—,502,—,—,Japan,55.00,—,10.00,—,6.00,3.20,2.80,—,Unknown Engine Designer,Daisan K.,—,—,—,—,—,—,—,—,—,—,—,—,—,—,—,—,—,—,—,—,—,7851484,—,895,1200,UNKNOWN
vehicle carrier,206545,Tulip,Live,Lebanon,3408,1987,-30'gt,2012,Single,ODVU,4968,756,Honda Shipbuilding Company Limited,Saiki,102.01,94.01,15.51,15.51,5.90,4.89,6.52,Akasaka Diesels Limited,Mitsubishi Heavy Industries Limited,Rania Marina S.a.r.l.,Lebanon,Beirut,—,Rania Marina S.a.r.l.,Lebanon,Rania Marina S.a.r.l.,Lebanon,Rihab Shipping S.A.,Comoros,ADCO SAL,Lebanon,ADCO SAL,Lebanon,—,—,ADCO SAL,Lebanon,—,—,—,—,8614273,450550000,3603,4900,7UEC37LA
vehicle carrier,206624,Salzgitter,Dead,Panama,10488,1987,30'-50'gt,12077,Single,—,34960,371,Uljanik Brodogradiliste d.d.,Pula,172.50,160.00,29.40,29.40,11.02,9.02,2.00,B&W Diesel A/S,B&W Diesel A/S,Bangladesh Breakers,—,Panama,—,—,—,—,—,—,—,—,—,—,—,—,—,—,—,—,—,—,—,8508917,—,8031,10770,6L60MCE
vehicle carrier,206773,Hyundai No.106,Dead,Liberia,12516,1987,30'-50'gt,12848,Single,—,41720,H-456,HD Hyundai Heavy Industries Company Limited,Ulsan,184.20,174.00,30.60,30.60,30.23,8.21,4.02,HD Hyundai Heavy Industries Company Limited,B&W Diesel A/S,Bangladesh Breakers,—,Monrovia,—,—,—,—,—,—,—,—,—,—,—,—,—,—,—,—,—,—,—,8608157,—,10744,14408,8L60MCE
vehicle carrier,207102,Hoegh Chennai,Dead,Singapore,18256,1987,-30'gt,7902,Single,—,27887,1336,Mitsui Engineering & Shipbuilding Company Limited (Tamano),Tamano,157.00,150.02,27.01,27.01,27.16,8.11,19.05,Mitsui Engineering & Shipbuilding Company Limited,B&W Diesel A/S,Chinese Breakers,—,Singapore,—,—,—,—,—,—,—,—,—,—,—,—,—,—,—,—,—,—,—,8507652,—,7435,9970,5L70MCE
vehicle carrier,207252,Marina Ace,Dead,Panama,16300,1987,50'+ gt,17319,Single,—,54332,2508,Shin Kurushima Dockyard Company Limited,Tokyo,199.50,190.02,32.28,32.26,21.41,9.32,2.85,Kobe Diesel Company Limited,Mitsubishi Heavy Industries Limited,Indian Breakers,—,Panama,—,—,—,—,—,—,—,—,—,—,—,—,—,—,—,—,—,—,—,8610526,—,10590,12240,7UEC60LS
vehicle carrier,207445,Hyundai No.107,Dead,Liberia,12516,1987,30'-50'gt,12939,Single,—,41720,H-457,HD Hyundai Heavy Industries Company Limited,Ulsan,184.29,174.00,30.60,30.60,30.23,8.21,22.02,HD Hyundai Heavy Industries Company Limited,B&W Diesel A/S,Zodiac Maritime UK,—,Monrovia,—,—,—,—,—,—,—,—,—,—,—,—,—,—,—,—,—,—,—,8608169,—,10738,14400,8L60MCE
vehicle carrier,207451,Tancred,Dead,Norway (Int. Register),14603,1987,30'-50'gt,15577,Single,—,48676,1142,Sumitomo Heavy Industries Limited Shipbuilding,Yokosuka,190.05,180.00,32.29,32.26,13.75,8.92,4.83,Sulzer Mitsubishi,Sulzer Turbomachinery Services,Wilhelmsen W.,—,Tonsberg,—,—,—,—,—,—,—,—,—,—,—,—,—,—,—,—,—,—,—,8605167,—,8716,11850,7RTA58
vehicle carrier,207472,Trianon,Dead,Norway (Int. Register),15050,1987,30'-50'gt,15536,Single,—,49792,588,Tsuneishi Shipbuilding Company Limited,Hiroshima,190.00,180.96,32.26,32.20,13.99,9.12,4.87,Mitsui Engineering & Shipbuilding Company Limited,B&W Diesel A/S,Wilhelmsen W.,—,Tonsberg,—,—,—,—,—,—,—,—,—,—,—,—,—,—,—,—,—,—,—,8520680,—,7509,10070,6S60MCE
vehicle carrier,207473,Atlas Highway,Dead,Liberia,13723,1987,30'-50'gt,14487,Single,—,45742,1407,Kawasaki Heavy Industries Limited Shipbuilding Division,Sakaide,179.99,167.01,32.21,32.20,20.92,9.12,22.05,Kawasaki Shipbuilding Corporation,B&W Diesel A/S,Indian Breakers,—,Monrovia,—,—,—,—,—,—,—,—,—,—,—,—,—,—,—,—,—,—,—,8612251,—,10297,11900,8S60MCE
vehicle carrier,207474,Emden,Dead,Panama,11419,1987,30'-50'gt,13898,Single,—,38062,592,Hashihama Shipbuilding Company Limited - SEE NOW AS Tsuneishi Shipbuilding Company Limited,Tadotsu,178.00,169.02,29.21,29.20,21.16,9.13,19.73,Mitsui Engineering & Shipbuilding Company Limited,B&W Diesel A/S,Turkish Breakers,—,Panama,—,—,—,—,—,—,—,—,—,—,—,—,—,—,—,—,—,—,—,8602828,—,7430,8590,6S60MCE
vehicle carrier,207523,Super Shuttle Roro 2,Live,Philippines,—,1987,-30'gt,1463,Single,DUH2676,1737,317,Imamura Zosen (Imamura Shipbuilding Company Limited),Kure,90.00,81.70,14.20,14.20,11.65,4.80,6.85,The Hanshin Diesel Works Limited,The Hanshin Diesel Works Limited,Asian Marine Transport Corporation,Philippines,—,—,Asian Marine Transport Corporation,Philippines,Asian Marine Transport Corporation,Philippines,Asian Marine Transport Corporation,Philippines,Asian Marine Transport Corporation,Philippines,—,—,—,—,—,—,—,—,—,—,8615722,548839200,2461,3300,6EL40
vehicle carrier,207524,City of Mumbai,Dead,Singapore,18256,1987,-30'gt,7894,Single,—,27887,1337,Mitsui Engineering & Shipbuilding Company Limited (Tamano),Tamano,157.00,150.02,27.01,27.01,11.43,8.11,3.32,Mitsui Engineering & Shipbuilding Company Limited,B&W Diesel A/S,Chinese Breakers,—,Singapore,—,—,—,—,—,—,—,—,—,—,—,—,—,—,—,—,—,—,—,8507664,—,9125,12237,5L70MCE
vehicle carrier,207525,Tricolor,Dead,Norway (Int. Register),15050,1987,30'-50'gt,15543,Single,—,49792,589,Tsuneishi Shipbuilding Company Limited,Hiroshima,190.00,180.96,32.20,32.20,13.99,9.12,4.87,Mitsui Engineering & Shipbuilding Company Limited,B&W Diesel A/S,Wilhelmsen W.,—,Tonsberg,—,—,—,—,—,—,—,—,—,—,—,—,—,—,—,—,—,—,—,8600181,—,7509,10070,6S60MCE
vehicle carrier,207602,Brilliant Ace,Dead,Panama,14252,1987,30'-50'gt,14189,Single,—,47505,10102,Oshima Shipbuilding Company Limited,Oshima,180.00,170.01,32.21,32.21,20.81,8.82,11.99,Mitsubishi Heavy Industries Limited,Mitsubishi Heavy Industries Limited,Indian Breakers,—,Panama,—,—,—,—,—,—,—,—,—,—,—,—,—,—,—,—,—,—,—,8610124,—,9730,11243,7UEC60LA
vehicle carrier,210053,Kentucky Highway,Dead,Panama,15781,1987,50'+ gt,15576,Single,—,50320,1158,Imabari Shipbuilding Company Limited (Marugame),Marugame,179.94,170.01,32.20,32.20,21.25,9.82,5.47,Mitsubishi Heavy Industries Limited,Sulzer Turbomachinery Services,Turkish Breakers,—,Panama,—,—,—,—,—,—,—,—,—,—,—,—,—,—,—,—,—,—,—,8616958,—,11510,15650,7RTA62
vehicle carrier,210220,Hyundai No.108,Dead,Liberia,9450,1987,30'-50'gt,9783,Single,—,31355,462,HD Hyundai Heavy Industries Company Limited,Ulsan,174.00,164.00,28.00,28.00,27.35,7.98,19.37,HD Hyundai Heavy Industries Company Limited,B&W Diesel A/S,Bangladesh Breakers,—,Monrovia,—,—,—,—,—,—,—,—,—,—,—,—,—,—,—,—,—,—,—,8608133,—,8993,12060,6L60MC
vehicle carrier,210221,Hyundai No.109,Dead,Liberia,9406,1987,30'-50'gt,9675,Single,—,31355,463,HD Hyundai Heavy Industries Company Limited,Ulsan,174.00,164.00,28.00,28.00,27.35,8.00,5.56,HD Hyundai Heavy Industries Company Limited,B&W Diesel A/S,Bangladesh Breakers,—,Monrovia,—,—,—,—,—,—,—,—,—,—,—,—,—,—,—,—,—,—,—,8608145,—,8993,12060,6L60MC
vehicle carrier,210351,Triton Highway,Dead,Panama,13734,1987,30'-50'gt,14034,Single,—,45783,1408,Kawasaki Heavy Industries Limited Shipbuilding Division,Sakaide,179.99,167.00,32.20,32.20,20.92,9.12,5.86,Kawasaki Shipbuilding Corporation,B&W Diesel A/S,Indian Breakers,—,Panama,—,—,—,—,—,—,—,—,—,—,—,—,—,—,—,—,—,—,—,8612263,—,10297,11900,8S60MCE
vehicle carrier,210417,Inno,Dead,Panama,10488,1987,30'-50'gt,12239,Single,3FAP6,34960,372,Uljanik Brodogradiliste d.d.,Pula,172.50,160.00,29.43,29.40,20.81,9.02,11.79,Uljanik Brodogradiliste d.d.,B&W Diesel A/S,Bangladesh Breakers,—,Panama,—,—,—,—,—,—,—,—,—,—,—,—,—,—,—,—,—,—,—,8508905,—,7920,10770,6L60MCE
vehicle carrier,210652,Pacific Spirit,Dead,Liberia,19701,1987,50'+ gt,21436,Double Bottom,—,53578,4403,Hanwha Ocean Company Limited,Okpo,199.99,190.00,32.26,32.26,13.68,10.02,3.66,HD Hyundai Heavy Industries Company Limited,B&W Diesel A/S,Indian Breakers,—,Monrovia,—,—,—,—,—,—,—,—,—,—,—,—,—,—,—,—,—,—,—,8600193,—,9467,12060,6S60MC
vehicle carrier,210653,Asian Spirit,Dead,Liberia,19701,1988,50'+ gt,21506,Single,—,53578,4404,Hanwha Ocean Company Limited,Okpo,199.99,190.00,—,32.26,15.97,10.02,5.95,HD Hyundai Heavy Industries Company Limited,B&W Diesel A/S,Chinese Breakers,—,Monrovia,—,—,—,—,—,—,—,—,—,—,—,—,—,—,—,—,—,—,—,8600208,—,9493,12898,6S60MC
vehicle carrier,211022,Sentiasa,Dead,Panama,320,1966,-30'gt,380,Single,—,582,—,—,,—,—,—,—,—,—,—,—,Unknown Engine Designer,Hiap H.,—,Panama,—,—,—,—,—,—,—,—,—,—,—,—,—,—,—,—,—,—,—,—,—,—,—,UNKNOWN
vehicle carrier,211102,GMT Polaris,Dead,Panama,9410,1987,30'-50'gt,9694,Single,—,31367,H600,HD Hyundai Heavy Industries Company Limited,Ulsan,174.00,164.01,28.05,28.00,27.36,8.02,19.34,HD Hyundai Heavy Industries Company Limited,B&W Diesel A/S,Doriko,—,Panama,—,—,—,—,—,—,—,—,—,—,—,—,—,—,—,—,—,—,—,8709119,—,8993,12060,6L60MCE
vehicle carrier,211204,Hiap Soon,Dead,Honduras,320,1966,-30'gt,380,Single,—,528,91,Asakawa Shipbuilding Company Limited,Imabari,63.00,—,9.60,—,4.10,3.00,1.10,—,Unknown Engine Designer,Hiap Soon,—,San Lorenzo,—,—,—,—,—,—,—,—,—,—,—,—,—,—,—,—,—,—,—,7535406,—,746,1000,UNKNOWN
vehicle carrier,211310,City of Beirut,Dead,Panama,9410,1987,30'-50'gt,9726,Single,—,31367,H-601,HD Hyundai Heavy Industries Company Limited,Ulsan,174.00,164.00,28.00,28.00,27.36,8.00,19.36,HD Hyundai Heavy Industries Company Limited,B&W Diesel A/S,Indian Breakers,—,Panama,—,—,—,—,—,—,—,—,—,—,—,—,—,—,—,—,—,—,—,8709121,—,8993,12060,6L60MC
vehicle carrier,211325,Hudson Leader,Dead,Panama,14192,1987,30'-50'gt,14104,Single,—,47307,2961,Ishikawajima-Harima Heavy Industries Company Limited,Kure,180.00,170.13,32.26,32.26,32.30,9.03,23.27,Ishikawajima-Harima Heavy Industries Company Limited,Sulzer Turbomachinery Services,Indian Breakers,—,Panama,—,—,—,—,—,—,—,—,—,—,—,—,—,—,—,—,—,—,—,8607749,—,9783,13119,6RTA62
vehicle carrier,211372,Trinidad,Dead,Norway (Int. Register),15029,1987,30'-50'gt,15528,Single,—,49750,593,Tsuneishi Shipbuilding Company Limited,Hiroshima,190.00,180.96,32.26,32.20,13.99,9.12,4.87,Mitsui Engineering & Shipbuilding Company Limited,B&W Diesel A/S,Wilhelmsen W.,—,Tonsberg,—,—,—,—,—,—,—,—,—,—,—,—,—,—,—,—,—,—,—,8602579,—,7509,10070,6S60MCE
vehicle carrier,211402,Straits Voyager,Dead,Malaysia,11597,1987,30'-50'gt,13491,Single,—,38659,1344,Mitsui Engineering & Shipbuilding Company Limited (Tamano),Tamano,182.00,170.01,30.01,30.00,29.35,9.02,20.33,Mitsui Engineering & Shipbuilding Company Limited,B&W Diesel A/S,Bangladesh Breakers,—,Port Klang,—,—,—,—,—,—,—,—,—,—,—,—,—,—,—,—,—,—,—,8613188,—,11700,10530,6S60MCE
vehicle carrier,211515,GMT Astro,Live,Panama,14919,1987,30'-50'gt,16141,Single,3FKQ7,48017,4829,Hitachi Shipbuilding Corporation (Nagasu),Nagasu,190.51,180.02,32.30,32.26,13.35,8.92,4.43,Hitachi Zosen Corporation,B&W Diesel A/S,Unknown Owners,—,Panama,—,Unknown Owners,—,Unknown Owners,—,Astro Maritime Services SA,Panama,Doriko Limited,Republic of Korea,—,—,—,—,Doriko Limited,Republic of Korea,—,—,—,—,8606056,373817000,9806,13150,6L60MC
vehicle carrier,211574,Serasi II,Live,Indonesia,2320,1987,-30'gt,2538,Single,YDVK,7733,OE-150,Kambara Marine Company Limited & Tsuneishi Shipbuilding Company Limited,Tokyo,108.01,100.00,18.40,18.40,11.18,5.01,6.17,Akasaka Diesels Limited,Mitsubishi Heavy Industries Limited,P.T. Toyofuji Serasi Indonesia (TFSI),Indonesia,Tanjung Priok,—,Toyofuji Shipping Company Limited (Toyofuji Kaiun KK),Japan,P.T. Toyofuji Serasi Indonesia (TFSI),Indonesia,P.T. Toyofuji Serasi Indonesia (TFSI),Indonesia,P.T. Toyofuji Serasi Indonesia (TFSI),Indonesia,—,—,—,—,P.T. Toyofuji Serasi Indonesia (TFSI),Indonesia,—,—,—,—,8701325,525015144,2942,4000,6UEC37LA
vehicle carrier,211642,Single Eagle,Dead,Panama,4234,1988,-30'gt,3845,Single,3FTA7,14111,2523,Shin Kurushima Dockyard Company Limited,Tokyo,138.00,130.00,21.00,21.00,15.67,6.72,14.83,Mitsubishi Heavy Industries Limited,Mitsubishi Heavy Industries Limited,Bangladesh Breakers,—,Panama,—,—,—,—,—,—,—,—,—,—,—,—,—,—,—,—,—,—,—,8708830,—,9340,11300,8UEC52LA
vehicle carrier,211726,Nordic Spirit,Dead,Liberia,19701,1988,50'+ gt,21436,Double Bottom,—,53578,4405,Hanwha Ocean Company Limited,Okpo,200.00,190.00,32.26,32.26,13.68,10.02,3.66,HD Hyundai Heavy Industries Company Limited,B&W Diesel A/S,Indian Breakers,—,Monrovia,—,—,—,—,—,—,—,—,—,—,—,—,—,—,—,—,—,—,—,8606185,—,9493,12910,6S60MC
vehicle carrier,212454,City of Tokyo,Dead,Panama,12674,1987,30'-50'gt,12703,Single,—,42247,H-603,HD Hyundai Heavy Industries Company Limited,Ulsan,183.90,174.00,30.60,30.60,14.21,8.21,6.02,HD Hyundai Heavy Industries Company Limited,B&W Diesel A/S,Bangladesh Breakers,—,Panama,—,—,—,—,—,—,—,—,—,—,—,—,—,—,—,—,—,—,—,8709145,—,10738,14400,6L60MCE
vehicle carrier,212576,NOCC Coral,Dead,Unknown,12674,1987,30'-50'gt,12706,Single,—,42247,604,HD Hyundai Heavy Industries Company Limited,Ulsan,183.89,174.00,30.60,30.60,14.21,8.21,6.02,HD Hyundai Heavy Industries Company Limited,B&W Diesel A/S,Indian Breakers,—,—,—,—,—,—,—,—,—,—,—,—,—,—,—,—,—,—,—,—,—,8709157,—,10738,14400,8L60MCE
vehicle carrier,212717,Yong Chang,Dead,St. Kitts-Nevis,12405,1988,30'-50'gt,12761,Single,—,41353,H-602,HD Hyundai Heavy Industries Company Limited,Ulsan,183.70,174.00,30.60,30.60,19.32,8.16,11.16,HD Hyundai Heavy Industries Company Limited,B&W Diesel A/S,Indian Breakers,—,Basseterre,—,—,—,—,—,—,—,—,—,—,—,—,—,—,—,—,—,—,—,8709133,—,10738,14400,6L60MC
vehicle carrier,213076,Bijin,Dead,Panama,14292,1988,30'-50'gt,14126,Single,—,47639,10104,Oshima Shipbuilding Company Limited,Oshima,180.00,170.01,32.21,32.21,12.35,8.82,3.53,Mitsubishi Heavy Industries Limited,Mitsubishi Heavy Industries Limited,NYK Line.,—,Panama,—,—,—,—,—,—,—,—,—,—,—,—,—,—,—,—,—,—,—,8705773,—,10811,11243,7UEC60LA
vehicle carrier,213104,Morning Melody,Dead,Panama,14121,1988,30'-50'gt,13162,Single,—,47068,2012,Mitsubishi Heavy Industries Limited Shipbuilding,Nagasaki,180.00,170.01,32.20,32.20,20.30,9.02,11.28,Mitsubishi Heavy Industries Limited,Mitsubishi Heavy Industries Limited,Indian Breakers,—,Panama,—,—,—,—,—,—,—,Excel Marine Company Limited,Japan,—,—,—,—,Excel Marine Company Limited,Japan,—,—,—,—,8708907,—,10664,14500,8UEC60LA
vehicle carrier,213565,Auto Banner,Dead,Panama,17216,1988,50'+ gt,23052,Single,—,52422,4407,Hanwha Ocean Company Limited,Okpo,199.53,190.00,32.26,32.26,21.03,10.02,2.41,Doosan Engine Company Limited,B&W Diesel A/S,Bangladesh Breakers,—,Panama,—,—,—,—,—,—,—,—,—,—,—,—,—,—,—,—,—,—,—,8608066,—,9575,12840,6S60MC
vehicle carrier,213566,Auto Atlas,Dead,Panama,17216,1988,50'+ gt,23069,Single,—,52422,4406,Hanwha Ocean Company Limited,Okpo,199.55,189.24,32.26,32.26,21.04,10.02,11.02,Doosan Engine Company Limited,B&W Diesel A/S,Bangladesh Breakers,—,Panama,—,—,—,—,—,—,—,—,—,—,—,—,—,—,—,—,—,—,—,8608054,—,9575,12840,6S60MC
vehicle carrier,213567,Morning Mercator,Dead,Norway (Int. Register),17216,1988,50'+ gt,23096,Single,LAKR7,52422,4408,Hanwha Ocean Company Limited,Okpo,199.55,189.24,32.48,32.45,12.40,10.02,2.38,Doosan Engine Company Limited,B&W Diesel A/S,Chinese Breakers,—,Oslo,—,—,—,—,—,—,—,—,—,—,—,—,—,—,—,—,—,—,—,8608078,—,9575,12840,6S60MC
vehicle carrier,213570,Hoegh Triton,Dead,Norway (Int. Register),17216,1988,50'+ gt,23052,Single,—,52422,4409,Hanwha Ocean Company Limited,Okpo,199.55,189.24,32.45,32.45,12.40,10.02,2.38,Doosan Engine Company Limited,B&W Diesel A/S,Chinese Breakers,—,Oslo,—,—,—,—,—,—,—,—,—,—,—,—,—,—,—,—,—,—,—,8608080,—,9575,12840,6S60MC
vehicle carrier,213575,Ace,Dead,Comoros,17225,1988,50'+ gt,18777,Single,—,55423,3150,Kanasashi Shipbuilding Company Limited,Toyohashi,199.50,190.00,32.26,32.26,21.41,9.72,2.45,Kobe Diesel Company Limited,Mitsubishi Heavy Industries Limited,Bangladesh Breakers,—,Moroni,—,—,—,—,—,—,—,—,—,—,—,—,—,—,—,—,—,—,—,8712324,—,11695,15900,7UEC60LS
vehicle carrier,213577,Eternal Ace,Dead,Panama,17212,1988,50'+ gt,18701,Single,—,55380,1356,Mitsui Engineering & Shipbuilding Company Limited (Tamano),Tamano,199.00,190.00,32.26,32.26,12.17,9.72,2.45,Mitsui Engineering & Shipbuilding Company Limited,B&W Diesel A/S,Chinese Breakers,—,Panama,—,—,—,—,—,—,—,—,—,—,—,—,—,—,—,—,—,—,—,8710895,—,11694,13510,7S60MC
vehicle carrier,213672,Silver Soul,Dead,Panama,12734,1988,30'-50'gt,12727,Single,—,42447,612,HD Hyundai Heavy Industries Company Limited,Ulsan,183.90,174.00,30.60,30.60,30.23,8.22,22.01,HD Hyundai Heavy Industries Company Limited,B&W Diesel A/S,Bangladesh Breakers,—,Panama,—,—,—,—,—,—,—,—,—,—,—,—,—,—,—,—,—,—,—,8718706,—,10738,14400,8L60MC
vehicle carrier,213723,Solar Wing,Dead,Liberia,12517,1988,30'-50'gt,13224,Single,—,41723,1088,Sanoyas Hishino Meisho Corporation,Mizushima,187.03,177.00,32.20,32.20,27.80,8.22,19.58,"Sumitomo Heavy Industries, Limited",Sulzer Turbomachinery Services,Indian Breakers,—,Monrovia,—,—,—,—,—,—,—,—,—,—,—,—,—,—,—,—,—,—,—,8708244,—,10738,12410,8RTA58
vehicle carrier,213732,Cattleya Ace,Dead,Vanuatu,17047,1988,50'+ gt,18762,Double Bottom,—,56823,10105,Oshima Shipbuilding Company Limited,Oshima,198.00,188.02,32.21,32.21,12.40,9.67,2.73,Mitsubishi Heavy Industries Limited,Mitsubishi Heavy Industries Limited,Chinese Breakers,—,Port Vila,—,—,—,—,—,—,—,—,—,—,—,—,—,—,—,—,—,—,—,8710900,—,12209,16598,7UEC60LS
vehicle carrier,214023,Reijin,Dead,Panama,17439,1988,50'+ gt,17193,Single,—,58128,—,—,Japan,199.00,190.00,32.26,32.26,33.40,12.17,21.23,Mitsubishi Heavy Industries Limited,Mitsubishi Heavy Industries Limited,—,—,Panama,—,—,—,—,—,—,—,—,—,—,—,—,—,—,—,—,—,—,—,8708842,—,11857,15900,8UEC60LS
vehicle carrier,215036,IDM Symex,Dead,St. Kitts-Nevis,12734,1988,30'-50'gt,12763,Single,—,42447,613,HD Hyundai Heavy Industries Company Limited,Ulsan,183.90,174.02,30.64,30.60,30.23,8.22,22.01,HD Hyundai Heavy Industries Company Limited,B&W Diesel A/S,Gram,—,Basseterre,—,—,—,—,—,—,—,—,—,—,—,—,—,—,—,—,—,—,—,8912663,—,10738,14400,8L60MCE
vehicle carrier,215236,Mila Utama,Live,Indonesia,3250,1988,-30'gt,4912,Single,POWK,10833,472,Imabari Shipbuilding Company Limited,Imabari,134.86,126.17,20.00,20.00,14.21,6.10,8.11,Akasaka Diesels Limited,Mitsubishi Heavy Industries Limited,PT Timur Mila Utama,Indonesia,Jakarta,—,PT Timur Mila Utama,Indonesia,PT Timur Mila Utama,Indonesia,PT Timur Mila Utama,Indonesia,PT Timur Mila Utama,Indonesia,—,—,—,—,PT Timur Mila Utama,Indonesia,—,—,—,—,8808082,525015991,7060,9600,8UEC45LA
vehicle carrier,215537,An ji 5 Hao,Live,China,5025,1988,-30'gt,2427,Single,BIOS,8974,2019,Mitsubishi Heavy Industries Limited Shipbuilding,Nagasaki,115.00,105.00,—,20.00,6.58,6.15,0.43,Mitsubishi Heavy Industries Limited,Mitsubishi Heavy Industries Limited,Shanghai Ansheng Automotive Shipping Company Limited,People's Republic of China,Shanghai,—,SAIC Motor Corporation Limited (SAIC),People's Republic of China,Shanghai Ansheng Automotive Shipping Company Limited,People's Republic of China,Shanghai Ansheng Automotive Shipping Company Limited,People's Republic of China,Shanghai Ansheng Automotive Shipping Company Limited,People's Republic of China,—,—,—,—,Shanghai Ansheng Automotive Shipping Company Limited,People's Republic of China,—,—,—,—,8716174,413370940,3089,3450,6UEC37LA
vehicle carrier,215660,Silver Sun,Live,Panama,11756,1988,30'-50'gt,9772,Single,3FAU2,39187,2173,Jiangnan Shipyard (Group) Company Limited,Shanghai,182.50,170.52,29.63,29.60,21.20,9.02,12.18,Hitachi Zosen Corporation,B&W Diesel A/S,Sallaum Lines SAL,Lebanon,Panama,362,Sallaum Lines DMCC,United Arab Emirates,Sallaum Lines SAL,Lebanon,Silver Sun SA,Panama,Sallaum Lines DMCC,United Arab Emirates,Akmar Transport Limited,Ukraine,—,—,Sallaum Lines DMCC,United Arab Emirates,—,—,—,—,8519710,373207000,8029,10767,6L60MCE
vehicle carrier,216356,Satya Kencana IX,Dead,Indonesia,3498,1988,-30'gt,4753,Single,YBWG2,11657,474,Imabari Shipbuilding Company Limited,Imabari,128.71,120.00,21.80,21.80,13.52,6.02,7.46,Akasaka Diesels Limited,Mitsubishi Heavy Industries Limited,Dharma Lautan,—,Surabaya,—,—,—,—,—,—,—,—,—,—,—,—,—,—,—,—,—,—,—,8808094,525100770,6178,8400,7UEC45LA
vehicle carrier,217422,Super Shuttle Roro 3,Dead,Philippines,—,1989,-30'gt,4621,Single,—,7023,319,Kanda Shipbuilding Company Limited,Hiroshima,108.50,100.00,19.90,19.90,6.84,5.98,0.86,Hitachi Zosen Corporation,B&W Diesel A/S,Asian M.T.,—,Cebu,—,—,—,—,—,—,—,—,—,—,—,—,—,—,—,—,—,—,—,8808173,—,6472,7920,8L42MC
vehicle carrier,217451,Nichinichi Maru,Dead,Japan,—,1989,-30'gt,2820,Single,—,4382,536,Naikai Zosen Shipbuilding Corporation,Setoda,108.00,100.00,20.00,20.00,10.13,5.30,4.83,Hitachi Shipbuilding Corporation (Osaka),B&W Diesel A/S,Izumi K.,—,Tokyo,—,—,—,—,—,—,—,—,—,—,—,—,—,—,—,—,—,—,—,8816417,—,4176,5600,7L35MC
vehicle carrier,220443,Neptune Avra,Live,Marshall Islands,5766,1989,-30'gt,5797,Single,V7A5346,19220,1413,Kawasaki Heavy Industries Limited Shipbuilding Division,Sakaide,155.02,146.00,23.60,23.60,16.50,6.62,12.28,Kawasaki Shipbuilding Corporation,B&W Diesel A/S,Neptune Lines Shipping & Managing Enterprises S.A.,Greece,Majuro,—,Travlos family,Greece,Neptune Lines Shipping & Managing Enterprises S.A.,Greece,Sea Urchin Shipping Company Limited,Malta,Neptune Lines Shipping & Managing Enterprises S.A.,Greece,—,—,—,—,Neptune Lines Shipping & Managing Enterprises S.A.,Greece,—,—,—,—,8807155,538009923,10738,14600,9L50MC
vehicle carrier,221625,Sumatra,Live,Panama,3269,1989,-30'gt,2662,Single,3E6861,8772,325,Kanda Shipbuilding Company Limited,Kawajiri,108.00,99.90,19.60,19.60,5.96,5.60,0.36,Hitachi Zosen Corporation,B&W Diesel A/S,Unknown Owners,—,Panama,—,Unknown Owners,—,Unknown Owners,—,Argus Shipping Limited,People's Republic of China,Unknown Owners,—,—,—,—,—,—,—,—,—,—,—,8822090,352004579,4118,5600,7L35MC
vehicle carrier,221626,Sea Cruiser 1,Dead,Panama,2406,1989,-30'gt,3184,Single,—,7694,0E160,Kambara Marine Company Limited & Tsuneishi Shipbuilding Company Limited,Numakuma,113.05,105.00,18.00,18.00,11.17,5.52,5.65,Makita Corporation,B&W Diesel A/S,Toyofuji,—,Panama,—,—,—,—,—,—,—,—,—,—,—,—,—,—,—,—,—,—,—,8817100,—,3677,5000,7L35MC
vehicle carrier,221627,Swarna Bahtera,Live,Indonesia,3066,1989,-30'gt,2181,Single,POKG,3950,343,Imamura Zosen (Imamura Shipbuilding Company Limited),Kure,93.60,85.00,16.00,16.00,14.20,5.30,8.90,Hitachi Zosen Corporation,B&W Diesel A/S,P.T Jembatan Nusantara,Indonesia,Samarinda,—,P.T Jembatan Nusantara,Indonesia,P.T Jembatan Nusantara,Indonesia,P.T Jembatan Nusantara,Indonesia,P.T Jembatan Nusantara,Indonesia,—,—,—,—,P.T Jembatan Nusantara,Indonesia,—,—,—,—,8905165,525002125,2983,4000,6L35MC
vehicle carrier,221721,MM Sejati,Live,Indonesia,2965,1989,-30'gt,3559,Single,PNTH,9935,327,Kanda Shipbuilding Company Limited,Kawajiri,120.00,113.46,—,20.00,13.95,6.43,7.52,Akasaka Diesels Limited,Mitsubishi Heavy Industries Limited,P.T. Pelayaran Nusantara Sejati,Indonesia,Jakarta,—,P.T. Pelayaran Nusantara Sejati,Indonesia,P.T. Pelayaran Nusantara Sejati,Indonesia,P.T. Pelayaran Nusantara Sejati,Indonesia,P.T. Pelayaran Nusantara Sejati,Indonesia,—,—,—,—,P.T. Pelayaran Nusantara Sejati,Indonesia,—,—,—,—,8822117,525016681,7060,9600,8UEC45LA
vehicle carrier,222126,Elduga,Live,Togo,1538,1989,-30'gt,2553,Single,5VEO8,4464,346,Asakawa Shipbuilding Company Limited,Imabari,95.05,86.50,15.00,15.00,7.40,5.40,2.00,The Hanshin Diesel Works Limited,The Hanshin Diesel Works Limited,Acrex Corporation,Russian Federation,Lome,—,Acrex Corporation,Russian Federation,Acrex Corporation,Russian Federation,Dolsy Corporation LP,Russian Federation,Acrex Corporation,Russian Federation,—,—,—,—,Acrex Corporation,Russian Federation,—,—,—,—,8907254,671806000,2427,3300,6EL40
vehicle carrier,222704,Heijin,Dead,Panama,14293,1989,30'-50'gt,14366,Single,—,47641,10120,Oshima Shipbuilding Company Limited,Oshima,180.00,170.00,32.20,32.20,20.80,8.82,11.98,Mitsubishi Heavy Industries Limited,Mitsubishi Heavy Industries Limited,Indian Breakers,—,Panama,—,—,—,—,—,—,—,—,—,—,—,—,—,—,—,—,—,—,—,8905426,—,10811,14700,7UEC60LA
vehicle carrier,225311,Yenisey,Live,Sierra Leone,3492,1990,-30'gt,5228,Single,9LU2726,9999,1602,Usuki Shipyard Company Limited,Usuki,109.60,100.00,21.00,21.00,8.50,6.80,1.70,Akasaka Diesels Limited,Mitsubishi Heavy Industries Limited,Far East Maritime Transport Company Limited,Cyprus,Freetown,—,Far East Maritime Transport Company Limited,Cyprus,Far East Maritime Transport Company Limited,Cyprus,Far East Maritime Transport Company Limited,Cyprus,Femarship Limited,Cyprus,—,—,—,—,Femarship Limited,Cyprus,—,—,—,—,8911267,667001923,3089,3780,6UEC37LA
vehicle carrier,230155,An Ji 4,Live,China,1483,1986,-30'gt,999,Single,BILL,2648,128,Kambara Marine Company Limited & Tsuneishi Shipbuilding Company Limited,Numakuma,74.01,70.00,—,13.00,5.15,3.41,1.74,The Hanshin Diesel Works Limited,The Hanshin Diesel Works Limited,Shanghai Ansheng Automotive Shipping Company Limited,People's Republic of China,Shanghai,—,SAIC Motor Corporation Limited (SAIC),People's Republic of China,Shanghai Ansheng Automotive Shipping Company Limited,People's Republic of China,Shanghai Ansheng Automotive Shipping Company Limited,People's Republic of China,Shanghai Ansheng Automotive Shipping Company Limited,People's Republic of China,—,—,—,—,—,—,—,—,—,—,8520549,412372570,1324,1800,6EL30
vehicle carrier,230532,Hai Da,Live,Indonesia,—,1990,-30'gt,3286,Single,YDNL2,4121,1607,Usuki Shipyard Company Limited,Usuki,110.00,100.00,20.00,20.00,6.20,5.66,0.54,Hitachi Zosen Corporation,B&W Diesel A/S,PT Damai Mila Utama,Indonesia,—,—,PT Damai Mila Utama,Indonesia,PT Damai Mila Utama,Indonesia,PT Damai Mila Utama,Indonesia,PT Damai Mila Utama,Indonesia,—,—,—,—,PT Damai Mila Utama,Indonesia,—,—,—,—,8920165,525401537,5972,6900,7L42MC
vehicle carrier,230675,Batam Star,Live,Panama,—,1991,-30'gt,2830,Single,3E7771,3623,oe-168,Kambara Marine Company Limited & Tsuneishi Shipbuilding Company Limited,Numakuma,114.81,105.00,18.40,18.40,6.25,5.22,1.03,The Hanshin Diesel Works Limited,B&W Diesel A/S,Shanghai Ansheng Automotive Shipping Company Limited,People's Republic of China,Panama,—,SAIC Motor Corporation Limited (SAIC),People's Republic of China,Shanghai Ansheng Automotive Shipping Company Limited,People's Republic of China,Shanghai Ansheng Automotive Shipping Company Limited,People's Republic of China,Shanghai Ansheng Automotive Shipping Company Limited,People's Republic of China,—,—,—,—,Shanghai Ansheng Automotive Shipping Company Limited,People's Republic of China,—,—,—,—,9007477,352004292,3912,5320,7L35MC
vehicle carrier,232300,Thames,Dead,Palau,3645,1991,-30'gt,9801,Single,—,8889,1161,Fukuoka Shipbuilding Company Limited,Fukuoka,124.00,114.00,20.40,20.40,13.50,7.45,6.05,Hitachi Zosen Corporation,B&W Diesel A/S,Bangladesh Breakers,—,—,—,—,—,—,—,—,—,—,—,—,—,—,—,—,—,—,—,—,—,9011040,—,4471,5170,8L35MC
vehicle carrier,233367,Chang Xiang,Live,China,2176,1976,-30'gt,420,Single,BIOP,3432,508,Wakayama Zosen,Wakayama,100.20,92.72,15.21,15.20,7.10,4.50,2.60,Daihatsu Diesel Manufacturing Company Limited,Daihatsu Diesel Manufacturing Company Limited,Shanghai Ansheng Automotive Shipping Company Limited,People's Republic of China,Shenzhen,—,SAIC Motor Corporation Limited (SAIC),People's Republic of China,Shanghai Ansheng Automotive Shipping Company Limited,People's Republic of China,Shanghai Ansheng Automotive Shipping Company Limited,People's Republic of China,Shanghai Ansheng Automotive Shipping Company Limited,People's Republic of China,—,—,—,—,—,—,—,—,—,—,7518848,413370880,1566,2100,6DSM-32
vehicle carrier,233444,Suzu,Dead,St. Kitts-Nevis,—,1991,-30'gt,2817,Single,—,2919,2715,Shin Kurushima Dockyard Company Limited,Tokyo,116.02,108.00,17.20,17.20,12.01,4.51,7.50,Daihatsu Diesel Manufacturing Company Limited,Daihatsu Diesel Manufacturing Company Limited,Bangladesh Breakers,—,—,—,—,—,—,—,—,—,—,—,—,—,—,—,—,—,—,—,—,—,9032276,—,4413,5100,8DLM-40
vehicle carrier,235161,Amur,Live,Sierra Leone,—,1992,-30'gt,3626,Single,9LU2927,4633,oe-171,Kambara Marine Company Limited & Tsuneishi Shipbuilding Company Limited,Numakuma,129.00,117.00,20.00,20.00,11.76,5.50,6.26,Makita Corporation,B&W Diesel A/S,Unknown Owners,—,Freetown,—,Unknown Owners,—,Unknown Owners,—,Fess Line DMCC,Cyprus,Unknown Owners,—,—,—,—,—,—,—,—,—,—,—,9036600,667002124,5972,8120,7L42MC
vehicle carrier,235163,Duta 1,Dead,Indonesia,4905,1991,-30'gt,4881,Single,—,16350,569,Naikai Zosen Shipbuilding Corporation,Setoda,145.62,131.00,24.00,24.00,17.67,6.52,8.63,Hitachi Zosen Corporation,B&W Diesel A/S,Bangladesh Breakers,—,Surabaya,—,—,—,—,—,—,—,—,—,—,—,—,—,—,—,—,—,—,—,9033751,—,10922,12620,9L50MC
vehicle carrier,235207,Serasi V,Live,Indonesia,3368,1991,-30'gt,3572,Single,PNTN,10245,571,Naikai Zosen Shipbuilding Corporation,Setoda,128.92,117.00,20.00,20.00,11.76,6.02,5.74,Hitachi Zosen Corporation,B&W Diesel A/S,P.T. Toyofuji Serasi Indonesia (TFSI),Indonesia,Jakarta,—,Toyofuji Shipping Company Limited (Toyofuji Kaiun KK),Japan,P.T. Toyofuji Serasi Indonesia (TFSI),Indonesia,P.T. Toyofuji Serasi Indonesia (TFSI),Indonesia,P.T. Toyofuji Serasi Indonesia (TFSI),Indonesia,—,—,—,—,P.T. Toyofuji Serasi Indonesia (TFSI),Indonesia,—,—,—,—,9039573,525015778,5972,8120,7L42MC
vehicle carrier,235331,Malaysia Star,Live,Malaysia,5502,1992,-30'gt,9313,Single,9WLF3,16839,1614,Usuki Shipyard Company Limited,Usuki,151.60,100.00,21.00,21.00,14.30,6.91,1.79,Akasaka Diesels Limited,Mitsubishi Heavy Industries Limited,HKK Jaya Sendirian Berhad,Malaysia,Kuching,—,HKK Jaya Sendirian Berhad,Malaysia,HKK Jaya Sendirian Berhad,Malaysia,HKK Jaya Sendirian Berhad,Malaysia,Supership Marine Services Incorporated,Philippines,Eastern Car Liner Company Limited,Japan,—,—,Supership Marine Services Incorporated,Philippines,—,—,—,—,9032331,533000996,4118,5600,8UEC37LA
vehicle carrier,235415,Courage,Dead,U.S.A.,20568,1991,50'+ gt,29213,Single,WDC6907,52288,4851,Hitachi Shipbuilding Corporation (Maizuru),Maizuru,199.00,190.00,32.30,32.26,32.20,11.60,20.60,Hitachi Zosen Corporation,B&W Diesel A/S,Turkish Breakers,—,Wilmington,—,—,—,—,—,—,—,—,—,—,—,—,—,—,—,—,—,—,—,8919922,367063050,10805,14490,8S60MC
vehicle carrier,2356822,Liberty Pride,Live,U.S.A.,19535,2009,50'+ gt,21233,Single,KRAU,57030,4455,Hanwha Ocean Company Limited,Okpo,199.90,190.00,—,32.26,32.59,9.00,23.59,Doosan Engine Company Limited,B&W Diesel A/S,Liberty Maritime Corporation,United States of America,New York,—,Liberty Maritime Corporation,United States of America,Liberty Maritime Corporation,United States of America,Liberty Pride Corporation,United States of America,Liberty Maritime Corporation,United States of America,—,—,—,—,Liberty Maritime Corporation,United States of America,—,—,—,—,9448114,368473000,14280,16502,6S70MC
vehicle carrier,2357140,Liberty Promise,Live,U.S.A.,19535,2010,50'+ gt,21359,Single,WWMZ,57030,4456,Hanwha Ocean Company Limited,Okpo,199.90,190.00,—,32.26,32.59,9.00,23.59,Doosan Engine Company Limited,B&W Diesel A/S,Liberty Maritime Corporation,United States of America,New York,—,Liberty Maritime Corporation,United States of America,Liberty Maritime Corporation,United States of America,Liberty Promise Corporation,United States of America,Liberty Maritime Corporation,United States of America,Hoegh Autoliners Management AS,Norway,—,—,Liberty Maritime Corporation,United States of America,—,—,—,—,9448425,366102000,14280,16503,7S60MC
vehicle carrier,236673,Young Shin,Live,Panama,14304,1992,30'-50'gt,14274,Single,3ELP9,47677,10147,Oshima Shipbuilding Company Limited,Japan,180.00,170.00,32.20,32.20,20.80,8.80,23.87,Mitsubishi Heavy Industries Limited,Mitsubishi Heavy Industries Limited,Samjoo Maritime Company Limited,Republic of Korea,Panama,—,Samjoo Maritime Company Limited,Republic of Korea,Samjoo Maritime Company Limited,Republic of Korea,Young Shin Marine SA,Panama,Doriko Limited,Republic of Korea,Doriko Limited,Republic of Korea,—,—,Doriko Limited,Republic of Korea,—,—,—,—,9021332,356005000,10811,13230,7UEC60LA
vehicle carrier,236703,An Ji 7,Live,China,—,1992,-30'gt,4179,Single,BITM,4375,990,Evergreen Heavy Industry Company,Nagasaki,132.00,123.00,20.30,20.30,11.50,6.50,5.00,Mitsubishi Heavy Industries Limited,Mitsubishi Heavy Industries Limited,Shanghai Ansheng Automotive Shipping Company Limited,People's Republic of China,Shanghai,—,SAIC Motor Corporation Limited (SAIC),People's Republic of China,Shanghai Ansheng Automotive Shipping Company Limited,People's Republic of China,Shanghai Ansheng Automotive Shipping Company Limited,People's Republic of China,Shanghai Ansheng Automotive Shipping Company Limited,People's Republic of China,—,—,—,—,Shanghai Ansheng Automotive Shipping Company Limited,People's Republic of China,—,—,—,—,9030606,413375690,6178,8400,7UEC45LA
vehicle carrier,237053,Dapitan Bay 1,Dead,St. Kitts-Nevis,—,1992,-30'gt,4485,Single,—,7073,570,Naikai Zosen Shipbuilding Corporation,Setoda,120.02,110.00,21.00,21.00,15.78,6.82,0.26,Hitachi Zosen Corporation,B&W Diesel A/S,Gothong C.,—,Basseterre,—,—,—,—,—,—,—,—,—,—,—,—,—,—,—,—,—,—,—,9035644,—,6825,7890,8L42MC
vehicle carrier,240150,Maple Ace II,Dead,Liberia,11505,1992,30'-50'gt,15361,Single,—,38349,2737,Shin Kurushima Dockyard Company Limited,Japan,188.03,178.00,28.20,28.20,20.79,8.42,3.08,Kobe Diesel Company Limited,Mitsubishi Heavy Industries Limited,Indian Breakers,—,Monrovia,—,—,—,—,—,—,—,—,—,—,—,—,—,—,—,—,—,—,—,9014808,—,9265,12596,6UEC60LA
vehicle carrier,24125,Jigawa,Dead,Moldova,1482,1972,-30'gt,2368,Double Bottom,—,2758,268,Schulte & Bruns Schiffswerft,Emden,88.00,—,14.60,14.50,9.00,4.76,4.24,Wartsila Nederland BV,Kromhout Motorenfabriek D. Goedkoop Jr N.V.,Hakvoort T.,—,Giurgiulesti,—,—,—,—,—,—,—,—,—,—,—,—,—,—,—,—,—,—,—,7208106,—,1714,2299,6SW280
vehicle carrier,241416,Harmoni Mas 3,Live,Indonesia,—,1992,-30'gt,1665,Single,PKPD,4361,836,Honda Shipbuilding Company Limited,Saiki,103.53,97.00,13.70,13.70,8.50,5.27,3.23,Akasaka Diesels Limited,Mitsubishi Heavy Industries Limited,P.T. Roro Samudra Putra Harmoni Mas,Indonesia,Tanjung Priok,—,P.T. Roro Samudra Putra Harmoni Mas,Indonesia,P.T. Roro Samudra Putra Harmoni Mas,Indonesia,P.T. Roro Samudra Putra Harmoni Mas,Indonesia,P.T. Roro Samudra Putra Harmoni Mas,Indonesia,—,—,—,—,—,—,—,—,—,—,9037965,525003759,3603,4900,7UEC37LA
vehicle carrier,241532,Integrity,Dead,U.S.A.,20673,1992,50'+ gt,29152,Single,—,52288,4852,Hitachi Shipbuilding Corporation (Maizuru),Maizuru,199.00,190.00,32.26,32.26,32.20,11.60,20.60,Hitachi Zosen Corporation,B&W Diesel A/S,Fidelio,—,—,—,—,—,—,—,—,—,—,—,—,—,—,—,—,—,—,—,—,—,8919934,—,10797,14479,8S60MC
vehicle carrier,241623,Jasa Bakti,Dead,Malaysia,14211,1992,30'-50'gt,12308,Single,—,47368,1192,Mitsubishi Heavy Industries Limited Shipbuilding,Kobe,179.99,170.00,32.20,32.20,22.17,9.02,24.28,Mitsubishi Heavy Industries Limited,Sulzer Turbomachinery Services,Indian Breakers,—,Port Klang,—,—,—,—,—,—,—,—,—,—,—,—,—,—,—,—,—,—,—,9043689,—,10220,11815,6RTA62
vehicle carrier,245072,Planet Ace,Dead,Panama,11505,1992,30'-50'gt,15327,Single,—,38349,2738,Shin Kurushima Dockyard Company Limited,Japan,188.03,178.00,28.20,28.20,20.79,8.42,3.08,Kobe Diesel Company Limited,Mitsubishi Heavy Industries Limited,Indian Breakers,—,Panama,—,—,—,—,—,—,—,—,—,—,—,—,—,—,—,—,—,—,—,9014810,—,9265,10710,6UEC60LA
vehicle carrier,245243,Antonia 1,Live,Philippines,—,1992,-30'gt,2242,Single,DUJ2389,3471,837,Honda Shipbuilding Company Limited,Saiki,103.57,95.40,15.50,15.50,11.60,5.06,3.69,Akasaka Diesels Limited,Mitsubishi Heavy Industries Limited,Unknown Owners,—,—,—,Unknown Owners,—,Unknown Owners,—,Unknown Owners,—,Shunzan Kaiun KK (Shunzan Kaiun Company Limited),Japan,—,—,—,—,—,—,—,—,—,—,9053440,548061400,2942,4000,7UEC37LA
vehicle carrier,245334,Harmony Ace,Dead,Panama,14256,1992,30'-50'gt,14110,Single,—,47519,10158,Oshima Shipbuilding Company Limited,Japan,180.00,170.00,32.20,32.20,20.80,8.82,3.53,Mitsubishi Heavy Industries Limited,Mitsubishi Heavy Industries Limited,Indian Breakers,—,Panama,—,—,—,—,—,—,—,—,—,—,—,—,—,—,—,—,—,—,—,9047996,—,10811,14700,7UEC37LA
vehicle carrier,246075,Jingu,Dead,Panama,12649,1992,30'-50'gt,17216,Single,3FBA,42164,3275,Kanasashi Shipbuilding Company Limited,Toyohashi,195.50,185.00,28.80,28.80,20.51,9.02,11.49,Kobe Diesel Company Limited,Mitsubishi Heavy Industries Limited,Indian Breakers,—,Panama,—,—,—,—,—,—,—,—,—,—,—,—,—,—,—,—,—,—,—,9021423,—,10810,13230,7UEC60LA
vehicle carrier,247060,Shi Yuan,Live,China,3492,1993,-30'gt,5184,Single,BIAW7,9981,1618,Usuki Shipyard Company Limited,Usuki,109.60,100.00,21.00,21.00,8.50,6.80,1.70,Kobe Diesel Company Limited,Mitsubishi Heavy Industries Limited,Kingfour Marine Company Limited,People's Republic of China,Shanghai,—,CDC International Logistics Company Limited,People's Republic of China,Kingfour Marine Company Limited,People's Republic of China,Kingfour Marine Company Limited,People's Republic of China,Kingfour Marine Company Limited,People's Republic of China,—,—,—,—,Kingfour Marine Company Limited,People's Republic of China,—,—,—,—,9052898,412379550,3089,4200,6UEC37LA
vehicle carrier,247146,Feng Qian,Dead,China,2994,1993,-30'gt,3337,Single,BRSW,9979,842,Honda Shipbuilding Company Limited,Saiki,116.02,105.00,20.30,20.30,6.07,6.00,0.07,Akasaka Diesels Limited,Mitsubishi Heavy Industries Limited,Sinotrans S.S.,—,Guangzhou,—,—,—,—,—,—,—,—,—,—,—,—,—,—,—,—,—,—,—,9052850,—,3063,4165,7UEC37LA
vehicle carrier,247175,Pearl Asia,Live,Philippines,—,1993,-30'gt,4729,Single,4DFX6,9851,581,Naikai Zosen Shipbuilding Corporation,Setoda,128.92,117.00,20.00,20.00,11.76,6.01,11.49,Akasaka Diesels Limited,Mitsubishi Heavy Industries Limited,Fujitrans Corporation,Japan,Cebu,—,Fujitrans Corporation,Japan,Fujitrans Corporation,Japan,Fujitrans Logistics Philippines Incorporated,Philippines,Mariners Professional Shipmanagement Incorporated,Philippines,—,—,—,—,Mariners Professional Shipmanagement Incorporated,Philippines,—,—,—,—,9061162,548958500,6178,8400,7UEC54LA
vehicle carrier,250432,Glovis Pacific,Dead,South Korea,14211,1993,30'-50'gt,12271,Single,—,47367,1193,Mitsubishi Heavy Industries Limited Shipbuilding,Kobe,179.99,179.99,32.20,32.20,33.30,9.00,24.30,Mitsubishi Heavy Industries Limited,Sulzer Turbomachinery Services,Hyundai Glovis,—,Jeju,—,—,—,—,—,—,—,—,—,—,—,—,—,—,—,—,—,—,—,9043691,—,10220,11815,6RTA62
vehicle carrier,252016,Cougar Ace,Dead,Singapore,17224,1993,50'+ gt,18922,Single,9VKE,55328,3305,Kanasashi Shipbuilding Company Limited,Toyohashi,199.53,190.00,32.26,32.26,21.41,9.72,11.69,Kobe Diesel Company Limited,Mitsubishi Heavy Industries Limited,Indian Breakers,—,Singapore,—,—,—,—,—,—,—,—,—,—,—,—,—,—,—,—,—,—,—,9051375,—,11695,13514,7UEC60LS
vehicle carrier,252051,Car Star,Dead,Liberia,13137,1993,30'-50'gt,16086,Single,A8VI6,43790,2771,Shin Kurushima Dockyard Company Limited,Onishi,195.54,185.00,28.80,28.80,20.51,9.02,3.02,Kobe Diesel Company Limited,Mitsubishi Heavy Industries Limited,Bangladesh Breakers,—,Monrovia,—,—,—,—,—,—,—,—,—,—,—,—,—,—,—,—,—,—,—,9051820,—,10811,13230,7UEC60LA
vehicle carrier,25264,Armacup Patricia,Dead,Norway (Int. Register),8403,1974,-30'gt,9485,Single,—,25944,—,—,Netherlands,187.00,173.79,22.02,22.02,16.79,8.01,8.78,—,Unknown Engine Designer,Wilhelmsen W.,—,—,—,—,—,—,—,—,—,—,—,—,—,—,—,—,—,—,—,—,—,7368396,—,9843,13200,UNKNOWN
vehicle carrier,252666,Aegean Leader,Dead,Panama,14496,1993,30'-50'gt,12921,Single,3FEI6,48319,1195,Mitsubishi Heavy Industries Limited Shipbuilding,Kobe,180.00,170.00,32.30,32.20,20.33,9.00,3.42,Mitsubishi Heavy Industries Limited,Mitsubishi Heavy Industries Limited,Indian Breakers,—,Panama,—,—,—,—,—,—,—,—,—,—,—,—,—,—,—,Unknown,Unknown,Unknown Scrubber Manufacturer,Retrofit,9054119,—,10664,13050,8UEC60LC
vehicle carrier,25267,Traveller,Dead,Liberia,5965,1960,-30'gt,10340,Single,—,10655,—,—,,—,—,—,—,—,—,—,—,Unknown Engine Designer,—,—,Monrovia,—,—,—,—,—,—,—,—,—,—,—,—,—,—,—,—,—,—,—,5021487,—,7457,10000,UNKNOWN
vehicle carrier,25271,Trotter,Dead,Liberia,5945,1960,-30'gt,10340,Single,—,10658,—,—,,—,—,—,—,—,—,—,—,Unknown Engine Designer,—,—,Monrovia,—,—,—,—,—,—,—,—,—,—,—,—,—,—,—,—,—,—,—,5024518,—,7345,9850,UNKNOWN
vehicle carrier,253365,Weser Highway,Live,Panama,2597,1993,-30'gt,3222,Single,H9DD,8659,1623,Usuki Shipyard Company Limited,Usuki,100.00,93.00,20.50,20.50,18.90,5.60,13.30,B&W Diesel A/S,B&W Diesel A/S,'K' Line RoRo Bulk Ship Management Company Limited,Japan,Panama,—,Kawasaki Kisen Kaisha Limited (Kawasaki Kisen KK) ('K' Line),Japan,'K' Line RoRo Bulk Ship Management Company Limited,Japan,Feedercaptain Shipping S.A.,Panama,Stargate Shipmanagement GmbH,Germany,—,—,—,—,Stargate Shipmanagement GmbH,Germany,—,—,—,—,9065417,355390000,3221,4319,6L35MC
vehicle carrier,253403,Schelde Highway,Live,Panama,2597,1993,-30'gt,4700,Single,H9DC,8659,1622,Usuki Shipyard Company Limited,Usuki,99.90,99.90,20.00,20.00,12.00,5.60,6.40,B&W Diesel A/S,B&W Diesel A/S,'K' Line RoRo Bulk Ship Management Company Limited,Japan,Panama,—,Kawasaki Kisen Kaisha Limited (Kawasaki Kisen KK) ('K' Line),Japan,'K' Line RoRo Bulk Ship Management Company Limited,Japan,Feederchief Shipping S.A.,Panama,Stargate Shipmanagement GmbH,Germany,—,—,—,—,Stargate Shipmanagement GmbH,Germany,—,—,—,—,9065405,355444000,2737,3671,6L35MC
vehicle carrier,253433,Sapphire Ace,Dead,Panama,13739,1993,30'-50'gt,15204,Single,—,45796,M626,Minami-Nippon Shipbuilding Company Limited,Usuki,188.00,170.00,31.20,31.20,21.25,9.02,2.78,Mitsui Engineering & Shipbuilding Company Limited,B&W Diesel A/S,Indian Breakers,—,Panama,—,—,—,—,—,—,—,—,—,—,—,—,—,—,—,—,—,—,—,9051806,—,11473,13260,6L60MC
vehicle carrier,253450,Ryujin,Dead,Panama,14322,1993,30'-50'gt,14080,Single,—,47737,10163,Oshima Shipbuilding Company Limited,Nagasaki,180.00,170.00,32.20,32.20,20.80,8.82,3.85,Mitsubishi Heavy Industries Limited,Mitsubishi Heavy Industries Limited,Kitaura,—,Panama,—,—,—,—,—,—,—,—,—,—,—,—,—,—,—,—,—,—,—,9055486,—,10811,14700,7UEC60LA
vehicle carrier,253664,PK Marine 2,Dead,Thailand,—,1986,-30'gt,1078,Single,—,699,1941,Shin Kurushima Dockyard Company Limited,Tokyo,76.00,—,13.00,—,7.60,4.10,3.50,Daihatsu Diesel Manufacturing Company Limited,Daihatsu Diesel Manufacturing Company Limited,Seatran Ferry,—,—,—,—,—,—,—,—,—,—,—,—,—,—,—,—,—,—,—,—,—,8613671,—,1491,2000,6DLM-32
vehicle carrier,25473,Bi Jin,Dead,Liberia,9423,1972,-30'gt,15714,Single,—,14078,—,—,,—,—,—,—,—,—,—,—,Unknown Engine Designer,—,—,Monrovia,—,—,—,—,—,—,—,—,—,—,—,—,—,—,—,—,—,—,—,7203948,—,7382,9900,UNKNOWN
vehicle carrier,255525,Hae Shin,Live,Panama,12580,1994,30'-50'gt,17183,Single,3FWI3,41931,3310,Kanasashi Shipbuilding Company Limited,Toyohashi,195.54,185.00,28.80,28.80,20.51,9.02,3.02,Kobe Diesel Company Limited,Mitsubishi Heavy Industries Limited,Unknown Owners,—,Panama,—,Unknown Owners,—,Unknown Owners,—,SC Marine S.A.,Panama,Doriko Limited,Republic of Korea,—,—,—,—,Doriko Limited,Republic of Korea,—,—,—,—,9053505,352808000,10810,13230,7UEC60LA
vehicle carrier,255645,Misaki,Live,Japan,—,1994,-30'gt,1418,Single,JM6294,999,855,Honda Shipbuilding Company Limited,Saiki,89.50,80.00,13.50,13.50,8.08,4.70,3.38,Niigata Shipbuilding & Repair Incorporated,Semt Pielstick SA,Kyodogumi Kaiun K.K.,Japan,—,—,Kyodogumi Kaiun K.K.,Japan,Kyodogumi Kaiun K.K.,Japan,Kyodogumi Kaiun K.K.,Japan,Kyodogumi Kaiun K.K.,Japan,—,—,—,—,—,—,—,—,—,—,9083988,431600179,2941,4000,8PC2-6L-400
vehicle carrier,255716,Sang Shin,Live,Panama,15093,1994,50'+ gt,16178,Single,3FUX9,50308,3315,Kanasashi Shipbuilding Company Limited,Toyohashi,179.03,170.00,32.26,32.26,24.04,9.22,5.66,Kobe Diesel Company Limited,Mitsubishi Heavy Industries Limited,Unknown Owners,—,Panama,—,Unknown Owners,—,Unknown Owners,—,Sang Shin Marine SA,Panama,Doriko Limited,Republic of Korea,—,—,—,—,Doriko Limited,Republic of Korea,—,—,—,—,9073701,355297000,11620,15797,7UEC60LS
vehicle carrier,256661,Kalimantan Leader,Live,Indonesia,2861,1994,-30'gt,4051,Single,POWN,9535,1428,Miho Shipbuilding Company Limited,Shimizu,100.29,94.65,21.00,21.00,14.92,6.62,8.30,Akasaka Diesels Limited,Mitsubishi Heavy Industries Limited,Nippon Yusen Kabushiki Kaisha (NYK Line) (Nippon Yusen Kaisha),Japan,Jakarta,—,Nippon Yusen Kabushiki Kaisha (NYK Line) (Nippon Yusen Kaisha),Japan,Nippon Yusen Kabushiki Kaisha (NYK Line) (Nippon Yusen Kaisha),Japan,P.T. NYK Line Indonesia,Indonesia,P.T. NYK Line Indonesia,Indonesia,—,—,—,—,P.T. NYK Line Indonesia,Indonesia,—,—,—,—,9078567,525015993,4118,5600,8UEC37LA
vehicle carrier,256773,Autoracer,Dead,Madeira,3041,1994,-30'gt,3933,Single,—,9693,58,Vard Norway Offshore AS,Brattvag,120.00,113.00,18.80,18.80,6.90,5.50,1.40,Wartsila Finland oy,MAN Diesel AS,U.E.C.C.,—,Funchal,—,—,—,—,—,—,—,—,—,—,—,—,—,—,—,—,—,—,—,9079200,—,4562,6118,12V32
vehicle carrier,256777,Pearl Ace,Dead,Panama,13739,1994,30'-50'gt,15194,Single,—,45796,627,Minami-Nippon Shipbuilding Company Limited,Usuki,188.00,178.00,31.20,31.20,21.25,9.02,21.58,Mitsui Engineering & Shipbuilding Company Limited,B&W Diesel A/S,Indian Breakers,—,Panama,—,—,—,—,—,—,—,—,—,—,—,—,—,—,—,—,—,—,—,9051818,—,11473,15600,6L60MC
vehicle carrier,257023,Gemini Leader,Dead,Panama,15546,1994,50'+ gt,14930,Single,—,51819,2078,Mitsubishi Heavy Industries Limited Shipbuilding,Nagasaki,180.00,170.00,32.26,32.26,21.67,9.22,12.45,Mitsubishi Heavy Industries Limited,Mitsubishi Heavy Industries Limited,Indian Breakers,—,Panama,—,—,—,—,—,—,—,—,—,—,—,—,—,—,—,—,—,—,—,9056296,—,11915,16200,7UEC60LS
vehicle carrier,260362,Independence II,Live,Togo,23033,1994,50'+ gt,15199,Single,5VHZ8,55598,4411,Hanwha Ocean Company Limited,Okpo,199.11,190.50,32.26,32.26,14.05,11.02,3.03,B&W Diesel A/S,B&W Diesel A/S,Dido Steel Corporation S.A.,Liberia,—,—,Dido Steel Corporation S.A.,Liberia,Dido Steel Corporation S.A.,Liberia,Dido Steel Corporation S.A.,Liberia,American Roll-On Roll-Off Carrier (ARC) LLC,United States of America,American Roll-On Roll-Off Carrier (ARC) LLC,United States of America,—,—,American Roll-On Roll-Off Carrier (ARC) LLC,United States of America,—,—,—,—,9070448,—,16584,22239,8S60MC
vehicle carrier,260530,Dharma Rucitra VII,Live,Indonesia,4850,1994,-30'gt,6342,Single,YBXK2,16164,275,Kitanihon Shipbuilding Company Limited,Hachinohe,142.50,133.00,22.00,22.00,15.60,7.01,1.74,Hitachi Zosen Corporation,B&W Diesel A/S,P.T. Dharma Lautan Utama,Indonesia,Surabaya,—,P.T. Dharma Lautan Utama,Indonesia,P.T. Dharma Lautan Utama,Indonesia,P.T. Dharma Lautan Utama,Indonesia,P.T. Dharma Lautan Utama,Indonesia,—,—,—,—,P.T. Dharma Lautan Utama,Indonesia,—,—,—,—,9083627,525100771,5119,6960,6L42MC
vehicle carrier,260651,Pegasus Highway,Dead,Panama,14704,1994,30'-50'gt,15553,Single,3FMA4,49012,10174,Oshima Shipbuilding Company Limited,Oshima,179.99,170.00,32.20,32.20,21.78,9.47,12.31,Kawasaki Shipbuilding Corporation,B&W Diesel A/S,Indian Breakers,—,Panama,—,—,—,—,—,—,—,—,—,—,—,—,—,—,—,—,—,—,—,9078830,—,13577,18460,8S60MC
vehicle carrier,260674,K. Asian Beauty,Live,South Korea,13537,1994,30'-50'gt,13308,Single,D7VV,45121,H851,HD Hyundai Heavy Industries Company Limited,Ulsan,184.07,174.00,30.60,30.60,13.69,8.82,4.87,HD Hyundai Heavy Industries Company Limited,B&W Diesel A/S,Korea Line Corporation,Republic of Korea,Jeju,—,Samra Midas (SM) Group,Republic of Korea,Korea Line Corporation,Republic of Korea,Korea Line Corporation,Republic of Korea,KLC SM Company Limited,Republic of Korea,—,—,—,—,KLC SM Company Limited,Republic of Korea,—,—,—,—,9070462,441357000,10514,14100,6L60MC
vehicle carrier,261232,Kris,Dead,Palau,14211,1994,30'-50'gt,12229,Single,—,47367,1231,Imabari Shipbuilding Company Limited (Marugame),Marugame,179.99,172.90,32.20,32.20,22.17,9.02,6.18,Mitsubishi Heavy Industries Limited,Sulzer Turbomachinery Services,Bangladesh Breakers,—,—,—,—,—,—,—,—,—,—,—,—,—,—,—,—,—,—,—,—,—,9078220,—,10223,13900,6RTA62
vehicle carrier,262766,Arcadia Highway,Dead,Panama,14705,1995,30'-50'gt,15507,Single,3FQT4,49015,10175,Oshima Shipbuilding Company Limited,Oshima,179.99,170.00,32.20,32.20,21.73,9.47,5.52,Kawasaki Shipbuilding Corporation,B&W Diesel A/S,Indian Breakers,—,Panama,—,—,—,—,—,—,—,—,—,—,—,—,—,—,—,—,—,—,—,9078842,—,13577,15690,8S60MC
vehicle carrier,262772,Silver Glory,Live,Panama,13445,1994,30'-50'gt,13363,Single,H9OA,44818,852,HD Hyundai Heavy Industries Company Limited,Ulsan,184.10,174.00,30.60,30.00,13.69,8.82,4.87,HD Hyundai Heavy Industries Company Limited,B&W Diesel A/S,Sallaum Lines DMCC,United Arab Emirates,Panama,—,Sallaum Lines DMCC,United Arab Emirates,Sallaum Lines DMCC,United Arab Emirates,Silver Glory Shipping SA,Panama,Sallaum Lines DMCC,United Arab Emirates,—,—,—,—,Sallaum Lines DMCC,United Arab Emirates,—,—,—,—,9070474,355989000,10514,14100,6L60MC
vehicle carrier,262776,Camellia Ace,Dead,Liberia,17227,1994,50'+ gt,18938,Single,—,55336,2810,Shin Kurushima Dockyard Company Limited,Onishi,199.53,190.00,32.26,32.26,21.41,9.72,5.37,Kobe Diesel Company Limited,Mitsubishi Heavy Industries Limited,Indian Breakers,—,Monrovia,—,—,—,—,—,—,—,—,—,—,—,—,—,—,—,—,—,—,—,9103180,—,11695,15900,7UEC60LS
vehicle carrier,263062,Tanabata,Live,Marshall Islands,18548,1994,30'-50'gt,20082,Single,V7A5698,49443,1198,Sumitomo Heavy Industries Limited Shipbuilding,Yokosuka,189.80,180.00,32.29,32.26,19.76,10.20,9.56,Sulzer Mitsubishi,Sulzer Turbomachinery Services,Wallenius Wilhelmsen Ocean Holding AS,Norway,Majuro,—,Wilh Wilhelmsen ASA (WILSHIP),Norway,Wallenius Wilhelmsen Ocean Holding AS,Norway,Fidelio Limited Partnership,United States of America,Wilhelmsen Ship Management (Norway) AS,Norway,American Roll-On Roll-Off Carrier (ARC) LLC,United States of America,—,—,Wilhelmsen Ship Management (Norway) AS,Norway,—,—,—,—,9080297,538010162,13019,15660,6RTA62
vehicle carrier,263347,Turandot,Live,Norway (Int. Register),23033,1995,50'+ gt,22815,Single,LATH8,55598,4412,Hanwha Ocean Company Limited,Okpo,199.00,190.50,32.26,32.26,14.05,11.00,3.05,B&W Diesel A/S,B&W Diesel A/S,Wallenius Wilhelmsen Ocean Holding AS,Norway,Bergen,—,Wilh Wilhelmsen ASA (WILSHIP),Norway,Wallenius Wilhelmsen Ocean Holding AS,Norway,Wallenius Wilhelmsen Shipowning Norway AS,Norway,Wallenius Marine Singapore Private Limited,Republic of Singapore,—,—,—,—,Wallenius Marine AB,Sweden,—,—,—,—,9070450,257269000,16584,22239,8S60MC
vehicle carrier,264270,Integrador,Live,Panama,3041,1994,-30'gt,3933,Single,3E3363,9693,59,Vard Norway Offshore AS,Brattvag,119.90,113.00,18.80,18.80,6.90,6.04,0.86,Wartsila Finland oy,MAN Diesel AS,Independencia Shipping Lines SA (ISL SA),Paraguay,Panama,—,Independencia Shipping Lines SA (ISL SA),Paraguay,Independencia Shipping Lines SA (ISL SA),Paraguay,Roro Shipping Company SA (RSC SA),Uruguay,Roro Shipping Company SA (RSC SA),Uruguay,—,—,—,—,Roro Shipping Company SA (RSC SA),Uruguay,—,—,—,—,9079212,352978261,4562,6118,12V32D
vehicle carrier,264401,Grand Vision,Live,Malaysia,14124,1995,30'-50'gt,14226,Single,9MVC6,47077,1443,Kawasaki Heavy Industries Limited Shipbuilding Division,Kobe,179.95,167.00,32.20,32.20,21.42,9.12,21.54,Kawasaki Shipbuilding Corporation,B&W Diesel A/S,GFG Shipping Sendirian Berhad,Malaysia,Port Klang,—,Giga Maritime Group,Malaysia,GFG Shipping Sendirian Berhad,Malaysia,GFG Logistics Sendirian Berhad,Malaysia,Wilhelmsen Ship Management Sendirian Berhad,Malaysia,—,—,—,—,Wilhelmsen Ship Management Sendirian Berhad,Malaysia,—,—,—,—,9082324,533180090,13239,15300,8S60MC
vehicle carrier,264546,Luminous,Dead,Palau,13739,1995,30'-50'gt,15181,Single,T8A3487,45796,M631,Minami-Nippon Shipbuilding Company Limited,Usuki,188.00,178.00,31.20,31.20,21.25,9.02,21.58,Mitsui Engineering & Shipbuilding Company Limited,B&W Diesel A/S,Unknown Owners,—,—,—,—,—,—,—,—,—,—,—,—,—,—,—,—,—,—,—,—,—,9110107,—,11473,15600,6L60MC
vehicle carrier,264554,Hoegh Trident,Live,Norway (Int. Register),20938,1995,50'+ gt,21423,Single,LAKP7,56164,884,HD Hyundai Heavy Industries Company Limited,Ulsan,199.98,190.00,32.26,32.25,13.70,10.02,3.68,HD Hyundai Heavy Industries Company Limited,B&W Diesel A/S,Hoegh Autoliners ASA,Norway,Oslo,—,Leif Hoegh & Company As,Norway,Hoegh Autoliners ASA,Norway,Hoegh Autoliners Shipping AS,Norway,Hoegh Technical Management Incorporated,Philippines,—,—,—,—,Hoegh Autoliners Management AS,Norway,—,—,—,—,9075709,257713000,13027,17470,7S60MC
vehicle carrier,264627,Sulawesi Leader,Live,Indonesia,4861,1995,-30'gt,7014,Single,YBVZ2,16201,S-Z158,Iwagi Shipbuilding Company Limited,Iwagi,146.60,140.20,21.00,21.00,15.05,6.21,8.84,Akasaka Diesels Limited,Mitsubishi Heavy Industries Limited,PT NYK-Spil Indororo,Indonesia,Jakarta,—,PT NYK-Spil Indororo,Indonesia,PT NYK-Spil Indororo,Indonesia,PT NYK-Spil Indororo,Indonesia,PT Salam Pacific Indonesia Lines (SPIL),Indonesia,—,—,—,—,PT Salam Pacific Indonesia Lines (SPIL),Indonesia,—,—,—,—,9087764,525100935,4413,5981,5UEC45LA
vehicle carrier,264717,Mahardika Kirana,Live,Indonesia,7715,1995,-30'gt,7570,Single,YCPJ2,25718,2088,Mitsubishi Heavy Industries Limited Shipbuilding,Nagasaki,165.00,156.00,26.40,26.40,18.98,7.22,17.58,Mitsui Engineering & Shipbuilding Company Limited,B&W Diesel A/S,Unknown Owners,—,Jakarta,—,Unknown Owners,—,Unknown Owners,—,Unknown Owners,—,Unknown Owners,—,—,—,—,—,—,—,—,—,—,—,9107473,525300165,12841,17460,9S50MC
vehicle carrier,264757,Cher,Dead,Palau,14211,1994,30'-50'gt,12249,Single,T8A3085,47367,1232,Imabari Shipbuilding Company Limited (Marugame),Marugame,179.99,170.00,32.20,32.20,22.17,9.02,6.18,Mitsubishi Heavy Industries Limited,Sulzer Turbomachinery Services,Sanasia,—,—,—,—,—,—,—,—,—,—,—,—,—,—,—,—,—,—,—,—,—,9078232,—,10223,13900,6RTA62
vehicle carrier,267079,Hoegh Trooper,Live,Norway (Int. Register),20938,1995,50'+ gt,21414,Single,LAKQ7,56164,885,HD Hyundai Heavy Industries Company Limited,Ulsan,199.98,190.00,32.26,32.09,13.70,10.02,3.68,HD Hyundai Heavy Industries Company Limited,B&W Diesel A/S,Hoegh Autoliners ASA,Norway,Oslo,—,Leif Hoegh & Company As,Norway,Hoegh Autoliners ASA,Norway,Hoegh Autoliners Shipping AS,Norway,Hoegh Technical Management Incorporated,Philippines,—,—,—,—,Hoegh Autoliners Management AS,Norway,—,—,—,—,9075711,257714000,13027,17470,7S60MC
vehicle carrier,268905,Glow,Dead,St. Kitts-Nevis,13445,1995,30'-50'gt,13292,Single,V4DS4,44891,H-909,HD Hyundai Heavy Industries Company Limited,Ulsan,184.11,174.00,30.60,30.60,19.32,8.81,10.51,HD Hyundai Heavy Industries Company Limited,B&W Diesel A/S,Bangladesh Breakers,Bangladesh,—,—,Bangladesh Breakers,Bangladesh,Bangladesh Breakers,Bangladesh,Bangladesh Breakers,Bangladesh,Bangladesh Breakers,Bangladesh,—,—,—,—,—,—,—,—,—,—,9114165,—,10514,14100,6L60MC
vehicle carrier,270186,Primo,Dead,St. Kitts-Nevis,13445,1995,30'-50'gt,13241,Single,V4DT4,44891,910,HD Hyundai Heavy Industries Company Limited,Ulsan,184.07,174.00,30.60,30.60,13.69,8.81,4.88,HD Hyundai Heavy Industries Company Limited,B&W Diesel A/S,Bangladesh Breakers,—,—,—,—,—,—,—,—,—,—,—,—,—,—,—,—,—,—,—,—,—,9114177,—,10514,14100,6L60MC
vehicle carrier,270420,Angara,Live,Sierra Leone,—,1995,-30'gt,2682,Single,9LU2664,2926,975,Kegoya Dock K.K.,Kure,115.50,—,17.20,17.20,12.00,5.10,6.90,Makita Corporation,B&W Diesel A/S,Far East Maritime Transport Company Limited,Cyprus,Freetown,—,Far East Maritime Transport Company Limited,Cyprus,Far East Maritime Transport Company Limited,Cyprus,Far East Maritime Transport Company Limited,Cyprus,Grintsurt Limited,Cyprus,—,—,—,—,Grintsurt Limited,Cyprus,—,—,—,—,9124043,667001861,4530,6160,7L35MC
vehicle carrier,271164,Don Juan,Live,Norway (Int. Register),23033,1995,50'+ gt,22514,Single,LATI8,55598,4413,Hanwha Ocean Company Limited,Okpo,199.11,190.54,32.26,32.26,14.05,11.02,3.03,B&W Diesel A/S,B&W Diesel A/S,Wallenius Wilhelmsen Ocean Holding AS,Norway,Bergen,—,Wilh Wilhelmsen ASA (WILSHIP),Norway,Wallenius Wilhelmsen Ocean Holding AS,Norway,Wallenius Wilhelmsen Shipowning Norway AS,Norway,Wallenius Marine AB,Sweden,—,—,—,—,Wallenius Marine AB,Sweden,—,—,—,—,9082934,257226000,16584,22239,8S60MC
vehicle carrier,2711818,Dong-A Glaucos,Live,Marshall Islands,26226,2011,50'+ gt,26985,Single,V7DB3,72408,S-398,HD Hyundai Samho Company Limited,Samho,232.37,222.40,32.31,32.26,20.11,10.02,10.09,—,Unknown Engine Designer,Dong-A Tanker Corporation (DAT),Republic of Korea,Majuro,—,Pine Tree Investment & Management Company Limited,Republic of Korea,Dong-A Tanker Corporation (DAT),Republic of Korea,DAT Pacific Eternity SA,Marshall Islands,KMARIN Ocean Services Corporation (KOSCO),Republic of Korea,—,—,—,—,KMARIN Ocean Services Corporation (KOSCO),Republic of Korea,—,—,—,—,9441867,538005657,—,—,6S60ME-C8
vehicle carrier,2712050,G. Poseidon,Live,Panama,26226,2011,50'+ gt,27003,Single,HP6652,72408,S399,HD Hyundai Samho Company Limited,Samho,232.39,222.40,32.31,32.26,32.64,10.02,22.62,—,Unknown Engine Designer,Global Maritime Trust (S) Private Limited,Republic of Singapore,Panama,—,Global Maritime Trust (S) Private Limited,Republic of Singapore,Global Maritime Trust (S) Private Limited,Republic of Singapore,G Poseidon Corporation,Republic of Singapore,Doriko Limited,Republic of Korea,—,—,—,—,Doriko Limited,Republic of Korea,—,—,—,—,9445394,354149000,—,—,6S60ME-C8
vehicle carrier,2712051,Glovis Solomon,Live,South Korea,26226,2011,50'+ gt,26988,Single,D7GS,72946,S-400,HD Hyundai Samho Company Limited,Samho,232.39,222.40,32.31,32.26,14.30,10.02,22.64,—,B&W Diesel A/S,Hyundai Glovis Company Limited,Republic of Korea,Jeju,—,Hyundai Glovis Company Limited,Republic of Korea,Hyundai Glovis Company Limited,Republic of Korea,Hyundai Glovis Company Limited,Republic of Korea,G-Marine Service Company Limited (GMS),Republic of Korea,—,—,—,—,G-Marine Service Company Limited (GMS),Republic of Korea,—,—,—,—,9445409,441310000,—,—,8S60ME-C
vehicle carrier,2712690,Grand Uranus,Live,Marshall Islands,26226,2012,50'+ gt,26985,Single,V7A5993,72408,S-443,HD Hyundai Samho Company Limited,Samho,232.39,222.40,32.31,32.26,14.30,10.00,22.64,—,B&W Diesel A/S,Cido Shipping (HK) Company Limited,"Hong Kong, S.A.R., China",Majuro,—,Cido Shipping (HK) Company Limited,"Hong Kong, S.A.R., China",Cido Shipping (HK) Company Limited,"Hong Kong, S.A.R., China",White Tulip Shipping S.A.,Panama,Cido Shipping (Korea) Company Limited,Republic of Korea,—,—,—,—,Cido Shipping (Korea) Company Limited,Republic of Korea,—,—,—,—,9472206,538010400,14506,19453,8S60ME-C8
vehicle carrier,271709,Zaisan Star,Live,Indonesia,—,1989,-30'gt,699,Single,POUJ,933,855,K.K. Miura Zosensho,Saiki,58.00,53.40,9.90,9.90,5.00,2.90,2.10,The Hanshin Diesel Works Limited,The Hanshin Diesel Works Limited,PT Zaisan Citra Mandiri,Indonesia,Tanjung Priok,—,PT Zaisan Citra Mandiri,Indonesia,PT Zaisan Citra Mandiri,Indonesia,PT Zaisan Citra Mandiri,Indonesia,PT Zaisan Citra Mandiri,Indonesia,—,—,—,—,—,—,—,—,—,—,8904771,—,671,900,6LU26CG
vehicle carrier,272106,Polaris Princess,Live,Marshall Islands,3444,1996,-30'gt,3995,Single,V7A5095,9827,1635,Usuki Shipyard Company Limited,Usuki,117.00,106.00,20.00,20.00,11.90,5.96,5.94,Hitachi Zosen Corporation,B&W Diesel A/S,Reederei F. Laeisz GmbH,Germany,Majuro,—,F. Laeisz GmbH,Germany,Reederei F. Laeisz GmbH,Germany,Polaris Princess Limited,United Kingdom,OSM Ship Management Private Limited,Republic of Singapore,—,—,—,—,OSM Ship Management Private Limited,Republic of Singapore,—,—,—,—,9136967,538009732,5979,7317,6L42MC
vehicle carrier,272187,San Valentin,Live,Panama,979,1996,-30'gt,198,Single,3ERH7,3265,325,Empresa Nacional Bazan,San Fernando(ESP),96.20,81.48,14.60,14.60,8.90,2.15,3.48,Caterpillar Incorporated,Caterpillar Incorporated,Semaport SL,Equatorial Guinea,Panama,—,Semaport SL,Equatorial Guinea,Semaport SL,Equatorial Guinea,Marcia Shipholding Limited,Marshall Islands,Semaport SL,Equatorial Guinea,Otto-Control,Spain,—,—,—,—,—,—,—,—,9113159,370053000,3954,5302,3616TA
vehicle carrier,272777,Glovis Corona,Live,South Korea,20732,1996,50'+ gt,21421,Single,D7AO,55680,H963,HD Hyundai Heavy Industries Company Limited,Ulsan,199.98,190.00,32.26,32.26,32.09,10.01,22.08,HD Hyundai Heavy Industries Company Limited,B&W Diesel A/S,Hyundai Glovis Company Limited,Republic of Korea,Jeju,—,Hyundai Glovis Company Limited,Republic of Korea,Hyundai Glovis Company Limited,Republic of Korea,Hyundai Glovis Company Limited,Republic of Korea,G-Marine Service Company Limited (GMS),Republic of Korea,—,—,—,—,G-Marine Service Company Limited (GMS),Republic of Korea,—,—,—,—,9122930,440161000,14314,17510,7S60MC
vehicle carrier,272840,Jiuyang Fortune,Live,"Hong Kong, S.A.R., China",13265,1996,30'-50'gt,13778,Single,VRTN8,44219,1052,Hashihama Shipbuilding Company Limited - SEE NOW AS Tsuneishi Shipbuilding Company Limited,Tadotsu,179.48,170.00,32.20,32.20,21.30,8.75,12.55,B&W Diesel A/S,B&W Diesel A/S,Joy HK Shipping Company Limited,"Hong Kong, S.A.R., China",Hong Kong,—,Changjiu Logistics,People's Republic of China,Joy HK Shipping Company Limited,"Hong Kong, S.A.R., China",Joy HK Shipping Company Limited,"Hong Kong, S.A.R., China",HMC Shipmanagement Company Limited,People's Republic of China,—,—,—,—,HMC Shipmanagement Company Limited,People's Republic of China,—,—,—,—,9088237,477625700,14091,18897,7S60MC6
vehicle carrier,273667,Mykines,Live,Faroe Islands,5694,1996,-30'gt,6047,Single,OZ2169,18979,149,Umoe Sterkoder Shipbuilding A/S,Kristiansand,139.45,128.00,23.10,22.68,8.65,7.07,18.57,Wartsila Finland oy,Wartsila Corporation,P/F Smyril Line,Faroe Islands,Torshavn,421,P/F Smyril Line,Faroe Islands,P/F Smyril Line,Faroe Islands,Sp/f Smyril Line Agency,Faroe Islands,P/F Smyril Line,Faroe Islands,—,—,—,—,P/F Smyril Line,Faroe Islands,Wet,Open Loop,ME Production,Retrofit,9121998,231002000,14680,14480,16V46
vehicle carrier,275101,Piranha,Live,Malta,13265,1997,30'-50'gt,12490,Single,9HA5384,44219,1053,Hashihama Shipbuilding Company Limited - SEE NOW AS Tsuneishi Shipbuilding Company Limited,Yoshiumi,179.47,170.00,32.20,32.20,14.65,8.75,5.90,B&W Diesel A/S,B&W Diesel A/S,Unknown Owners,—,Valletta,—,Unknown Owners,—,Unknown Owners,—,Phoenix Maritime LLC,Marshall Islands,Intership Navigation Company Limited,Greece,—,—,—,—,Intership Navigation Company Limited,Greece,—,—,—,—,9088249,215938000,14091,18897,7S60MC6
vehicle carrier,275179,Don Carlos,Live,Norway (Int. Register),28378,1997,50'+ gt,28142,Single,LATD8,67141,4415,Hanwha Ocean Company Limited,Okpo,199.00,190.50,32.26,32.26,14.05,11.02,3.03,B&W Diesel A/S,B&W Diesel A/S,Wallenius Wilhelmsen Ocean Holding AS,Norway,Bergen,—,Wilh Wilhelmsen ASA (WILSHIP),Norway,Wallenius Wilhelmsen Ocean Holding AS,Norway,Wallenius Wilhelmsen Shipowning Norway AS,Norway,Wallenius Marine AB,Sweden,—,—,—,—,Wallenius Marine AB,Sweden,—,—,—,—,9122655,257263000,16584,22239,8S60MC
vehicle carrier,275359,Zomoroud,Live,Iran,202,1997,-30'gt,80,Single,EQVC,673,134,Wavemaster International Proprietary Limited,Fremantle,44.00,37.60,12.40,12.00,4.00,2.45,1.55,MTU Friedrichshafen GmbH,MTU Friedrichshafen GmbH,Valfajre Shipping Company S.A.,Iran,Bandar Abbas,—,Islamic Republic of Iran Shipping Lines Company (IRISL),Iran,Valfajre Shipping Company S.A.,Iran,Valfajre-8 Shipping Company,Iran,Valfajre Shipping Company S.A.,Iran,—,—,—,—,—,—,—,—,—,—,9138044,422022000,1987,2665,16V396TE74L
vehicle carrier,275377,Grande Mediterraneo,Live,Italy,17155,1998,50'+ gt,100,Single,IBFF,51823,5988,Fincantieri-Cantieri Navali Italiani S.p.A. Castellammare di Stabia,Castellammare di Stabia,183.28,165.00,32.25,32.25,12.00,9.40,2.60,Wartsila NSD Italia SpA,Sulzer Turbomachinery Services,Grimaldi Euromed S.p.A.,Italy,Palermo,716,Grimaldi Group S.p.A.,Italy,Grimaldi Euromed S.p.A.,Italy,Grimaldi Euromed S.p.A.,Italy,Grimaldi Euromed S.p.A.,Italy,—,—,—,—,Grimaldi Euromed S.p.A.,Italy,—,—,—,—,9138393,247305000,15540,17946,7RTA62
vehicle carrier,275378,Grande Europa,Live,Italy,17155,1998,50'+ gt,18461,Single,ICGE,51823,5987,Fincantieri-Cantieri Navali Italiani S.p.A. Castellammare di Stabia,Castellammare di Stabia,183.28,165.00,32.25,32.25,12.00,9.40,2.60,Wartsila NSD Italia SpA,Sulzer Turbomachinery Services,Grimaldi Euromed S.p.A.,Italy,Palermo,716,Grimaldi Group S.p.A.,Italy,Grimaldi Euromed S.p.A.,Italy,Grimaldi Euromed S.p.A.,Italy,Grimaldi Euromed S.p.A.,Italy,—,—,—,—,Grimaldi Euromed S.p.A.,Italy,—,—,—,—,9138381,247206000,15540,17946,7RTA62
vehicle carrier,275418,Endurance,Live,U.S.A.,26188,1996,50'+ gt,48988,Single,WDE9586,72708,2109,Mitsubishi Heavy Industries Limited Shipbuilding,Nagasaki,264.60,249.00,32.29,32.26,22.00,12.26,9.74,Mitsubishi Heavy Industries Limited,Mitsubishi Heavy Industries Limited,Wallenius Wilhelmsen Ocean Holding AS,Norway,Wilmington,1563,Wilh Wilhelmsen ASA (WILSHIP),Norway,Wallenius Wilhelmsen Ocean Holding AS,Norway,Fidelio Limited Partnership,United States of America,American Roll-On Roll-Off Carrier (ARC) LLC,United States of America,American Roll-On Roll-Off Carrier (ARC) LLC,United States of America,Wilmington Trust Company,United States of America,American Roll-On Roll-Off Carrier (ARC) LLC,United States of America,—,—,—,—,9121273,366479000,22698,30439,7UEC85LSC
vehicle carrier,275462,Don Pasquale,Live,Norway (Int. Register),28379,1997,50'+ gt,28271,Single,LATF8,67141,4416,Hanwha Ocean Company Limited,Okpo,227.90,218.78,32.29,32.26,14.05,11.02,3.03,B&W Diesel A/S,B&W Diesel A/S,Wallenius Wilhelmsen Ocean Holding AS,Norway,Bergen,—,Wilh Wilhelmsen ASA (WILSHIP),Norway,Wallenius Wilhelmsen Ocean Holding AS,Norway,Wallenius Wilhelmsen Shipowning Norway AS,Norway,Wallenius Marine Singapore Private Limited,Republic of Singapore,—,—,—,—,Wallenius Marine AB,Sweden,—,—,—,—,9138513,259023000,16584,22239,8S60MC
vehicle carrier,275463,Don Quijote,Live,Norway (Int. Register),28379,1998,50'+ gt,28141,Single,LATE8,67141,4417,Hanwha Ocean Company Limited,Okpo,227.90,219.30,32.29,32.26,14.05,11.00,3.05,B&W Diesel A/S,B&W Diesel A/S,Wallenius Wilhelmsen Ocean Holding AS,Norway,Bergen,—,Wilh Wilhelmsen ASA (WILSHIP),Norway,Wallenius Wilhelmsen Ocean Holding AS,Norway,Wallenius Wilhelmsen Shipowning Norway AS,Norway,Wallenius Marine AB,Sweden,—,—,—,—,Wallenius Marine AB,Sweden,—,—,—,—,9138525,257264000,16584,22239,8S60MC
vehicle carrier,275488,Gaku,Dead,Comoros,—,1997,-30'gt,7570,Single,—,11573,2126,Mitsubishi Heavy Industries Limited Shipbuilding,Nagasaki,165.00,156.00,26.40,26.40,18.98,7.22,17.58,Mitsui Engineering & Shipbuilding Company Limited,B&W Diesel A/S,Lyra Trading,—,Moroni,—,—,—,—,—,—,—,—,—,—,—,—,—,—,—,—,—,—,—,9143764,—,12841,17460,9S50MC
vehicle carrier,276249,Cape Cortes,Live,U.S.A.,18750,1997,30'-50'gt,19860,Single,WCAG,49821,1215,Sumitomo Heavy Industries Limited Shipbuilding,Oppama,190.49,180.00,32.28,32.26,31.40,10.20,21.20,Sulzer Mitsubishi,Sulzer Turbomachinery Services,Department of Transportation - Maritime Administration (MARAD),United States of America,Norfolk,—,Government of The United States of America,United States of America,Department of Transportation - Maritime Administration (MARAD),United States of America,Marad - Div of Reserve Fleet,United States of America,Department of Transportation - Maritime Administration (MARAD),United States of America,—,—,—,—,—,—,—,—,—,—,9129706,368269000,11678,15660,6RTA62
vehicle carrier,276250,Cape Arundel,Live,U.S.A.,18750,1996,30'-50'gt,19860,Single,WCAD,49814,1214,Sumitomo Heavy Industries Limited Shipbuilding,Oppama,190.49,180.00,32.26,32.26,14.05,10.20,3.85,Sulzer Mitsubishi,Sulzer Turbomachinery Services,Department of Transportation - Maritime Administration (MARAD),United States of America,Norfolk,—,Government of The United States of America,United States of America,Department of Transportation - Maritime Administration (MARAD),United States of America,Marad - Div of Reserve Fleet,United States of America,Department of Transportation - Maritime Administration (MARAD),United States of America,—,—,—,—,—,—,—,—,—,—,9126297,367063280,11678,15660,6RTA62
vehicle carrier,276870,Asian Vision,Live,South Korea,20732,1997,50'+ gt,21421,Single,D8CU,55680,H966,HD Hyundai Heavy Industries Company Limited,Ulsan,199.98,189.20,32.30,32.26,32.09,10.02,8.24,HD Hyundai Heavy Industries Company Limited,B&W Diesel A/S,EUKOR Car Carriers Incorporated,Republic of Korea,Jeju,—,Wilh. Wilhelmsen Holding ASA (Wilship),Norway,EUKOR Car Carriers Incorporated,Republic of Korea,EUKOR Car Carriers Incorporated,Republic of Korea,Wilhelmsen Ship Management Korea Limited,Republic of Korea,Wallenius Wilhelmsen Ocean Holding AS,Norway,—,—,Wilhelmsen Ship Management Korea Limited,Republic of Korea,—,—,—,—,9122966,441992000,13057,17510,7S60MC
vehicle carrier,276872,Asian Parade,Dead,South Korea,24042,1996,50'+ gt,25226,Single,D8CV,66995,965,HD Hyundai Heavy Industries Company Limited,Ulsan,228.78,219.41,32.26,32.26,32.09,10.02,22.07,HD Hyundai Heavy Industries Company Limited,B&W Diesel A/S,Turkish Breakers,Turkiye,Jeju,—,Turkish Breakers,Turkiye,Turkish Breakers,Turkiye,Turkish Breakers,Turkiye,Turkish Breakers,Turkiye,—,—,—,—,—,—,—,—,—,—,9122954,—,13057,17510,7S60MC
vehicle carrier,276882,Glovis Comet,Live,South Korea,20732,1996,50'+ gt,21421,Single,D7OF,55680,H-964,HD Hyundai Heavy Industries Company Limited,Ulsan,199.98,189.20,32.26,32.26,32.09,10.01,3.72,HD Hyundai Heavy Industries Company Limited,B&W Diesel A/S,Hyundai Glovis Company Limited,Republic of Korea,Jeju,—,Hyundai Glovis Company Limited,Republic of Korea,Hyundai Glovis Company Limited,Republic of Korea,Hyundai Glovis Company Limited,Republic of Korea,G-Marine Service Company Limited (GMS),Republic of Korea,—,—,—,—,G-Marine Service Company Limited (GMS),Republic of Korea,—,—,—,—,9122942,440269000,13057,17510,7S60MC
vehicle carrier,277667,Aquarius Ace,Live,Panama,10985,1997,30'-50'gt,14353,Single,3FHB8,36615,3440,Kanasashi Shipbuilding Company Limited,Toyohashi,175.00,166.00,29.20,29.20,20.74,8.52,20.08,Kobe Diesel Company Limited,Mitsubishi Heavy Industries Limited,MOL Auto Logistics (India) Private Limited,India,Panama,—,Mitsui O.S.K. Lines Limited (MOL),Japan,MOL Auto Logistics (India) Private Limited,India,Aurora Car Maritime Transport S.A.,Panama,Fairmont Shipping (H.K.) Limited,"Hong Kong, S.A.R., China",—,—,—,—,Fairmont Shipping (H.K.) Limited,"Hong Kong, S.A.R., China",—,—,—,—,9150339,354123000,10591,12240,8UEC52LA
vehicle carrier,277668,Pegasus Ace,Live,Japan,11067,1998,30'-50'gt,14348,Single,7JWX,36893,3441,Kanasashi Shipbuilding Company Limited,Toyohashi,175.00,166.00,29.20,29.00,20.74,8.52,20.08,Kobe Diesel Company Limited,Mitsubishi Heavy Industries Limited,Mitsui O.S.K. Lines Limited (MOL),Japan,Tokyo,—,Mitsui O.S.K. Lines Limited (MOL),Japan,Mitsui O.S.K. Lines Limited (MOL),Japan,Mitsui O.S.K. Lines Limited (MOL),Japan,MOL Ship Management (Singapore) Private Limited,Republic of Singapore,Kyokuto Shipping Company Limited,Japan,—,—,MOL Ship Management (Singapore) Private Limited,Republic of Singapore,—,—,—,—,9150341,431339000,10591,12238,8UEC52LS
vehicle carrier,277699,Polaris Ace,Dead,Panama,13904,1997,30'-50'gt,15522,Single,3FUR7,46346,M-650,Minami-Nippon Shipbuilding Company Limited,Usuki,188.00,178.00,31.20,31.20,20.75,9.12,2.38,Mitsui Engineering & Shipbuilding Company Limited,B&W Diesel A/S,Indian Breakers,—,Panama,—,—,—,—,—,—,—,—,—,—,—,—,—,—,—,—,—,—,—,9153549,—,11414,13189,8S50MC
vehicle carrier,277700,Euro Spirit,Dead,Liberia,13904,1998,30'-50'gt,15483,Single,ELUW8,46346,M-651,Minami-Nippon Shipbuilding Company Limited,Usuki,188.00,178.00,31.20,31.20,20.75,9.12,2.38,Mitsui Engineering & Shipbuilding Company Limited,B&W Diesel A/S,Indian Breakers,—,Monrovia,—,—,—,—,—,—,—,—,—,—,—,—,—,—,—,—,—,—,—,9153551,—,11414,13190,8S50MC
vehicle carrier,277701,Cosmos Ace,Dead,Panama,13904,1998,30'-50'gt,15439,Single,3FWL8,46346,M652,Minami-Nippon Shipbuilding Company Limited,Usuki,188.00,178.00,31.20,31.20,20.75,9.12,2.38,Mitsui Engineering & Shipbuilding Company Limited,B&W Diesel A/S,Kansai S.S.,—,Panama,—,—,—,—,—,—,—,—,—,—,—,—,—,—,—,—,—,—,—,9153563,—,11414,15520,8S50MC
vehicle carrier,277737,Silver Soul,Live,Panama,13265,1997,30'-50'gt,13695,Single,3FSZ3,44219,1126,Hashihama Shipbuilding Company Limited - SEE NOW AS Tsuneishi Shipbuilding Company Limited,Tadotsu,179.48,170.00,32.23,32.23,14.65,8.75,5.90,B&W Diesel A/S,B&W Diesel A/S,Sallaum Lines DMCC,United Arab Emirates,Panama,—,Sallaum Lines DMCC,United Arab Emirates,Sallaum Lines DMCC,United Arab Emirates,Silver Soul Maritime SA,Panama,Sallaum Lines DMCC,United Arab Emirates,—,—,—,—,Sallaum Lines DMCC,United Arab Emirates,—,—,—,—,9153783,370694000,11983,16070,7S60MC6
vehicle carrier,277823,Repubblica Argentina,Dead,Italy,16084,1998,50'+ gt,23882,Single,—,51925,5992,Sestri Cantieri Nav S.p.A.,Genoa,208.61,189.92,30.40,30.40,12.30,9.70,2.60,Wartsila NSD Italia SpA,Sulzer Turbomachinery Services,Grimaldi Deep Sea,—,Palermo,860,—,—,—,—,—,—,—,—,—,—,—,—,—,—,—,—,—,—,9138410,—,17760,24160,8RTA62U
vehicle carrier,277824,Repubblica del Brasile,Live,Italy,16084,1998,50'+ gt,23882,Single,IBZB,51925,5993,Sestri Cantieri Nav S.p.A.,Genoa,208.61,189.92,30.40,30.40,12.30,9.70,3.17,Wartsila NSD Italia SpA,Sulzer Turbomachinery Services,Grimaldi Deep Sea S.p.A.,Italy,Palermo,860,Grimaldi Group S.p.A.,Italy,Grimaldi Deep Sea S.p.A.,Italy,Grimaldi Deep Sea S.p.A.,Italy,Grimaldi Deep Sea S.p.A.,Italy,—,—,—,—,Grimaldi Deep Sea S.p.A.,Italy,—,—,—,—,9138422,247310000,17760,24160,8RTA62U
vehicle carrier,277905,Fino,Live,Liberia,3829,1997,-30'gt,4442,Single,5LDV4,11591,505,Frisian Shipbuilding Welgelegen B.V.,Harlingen,126.90,120.00,20.00,18.80,15.30,6.00,9.30,Wartsila Norway AS,MAN Diesel AS,Unknown Owners,—,Monrovia,—,Unknown Owners,—,Unknown Owners,—,Star Skippers SA,Marshall Islands,United Sails SA,Greece,Matrix Ship Management Limited,Cyprus,—,—,United Sails SA,Greece,—,—,—,—,9131943,636021411,4988,6689,12V32E
vehicle carrier,278378,Minchah,Live,Panama,3829,1997,-30'gt,4443,Single,3E3986,11591,506,Frisian Shipbuilding Welgelegen B.V.,Harlingen,126.00,118.20,18.80,18.80,15.30,6.20,9.10,Wartsila Finland oy,MAN Diesel AS,Accordia Shipping LLC,United States of America,Panama,—,Accordia Shipping LLC,United States of America,Accordia Shipping LLC,United States of America,Accordia Minchah SA,Panama,OSM Ship Management Private Limited,Republic of Singapore,—,—,—,—,OSM Ship Management Private Limited,Republic of Singapore,—,—,—,—,9131955,352001233,4988,6689,12V32E
vehicle carrier,278379,Ptolemy,Live,Panama,3829,1998,-30'gt,4443,Single,3E2242,11591,507,Frisian Shipbuilding Welgelegen B.V.,Harlingen,126.90,118.20,18.80,18.80,15.20,6.20,9.00,Wartsila Finland oy,MAN Diesel AS,Unknown Owners,—,Panama,—,Unknown Owners,—,Unknown Owners,—,Almagest Incorporated,Panama,Alfa Ship Managers Private Limited,Republic of Singapore,—,—,—,—,Alfa Ship Managers Private Limited,Republic of Singapore,—,—,—,—,9131967,352002257,4988,6689,12V32E
vehicle carrier,278777,Aquarius Leader,Live,Panama,17498,1998,50'+ gt,22815,Single,3EAX2,58329,2966,Shin Kurushima Dockyard Company Limited,Onishi,199.93,190.00,32.26,32.26,23.68,10.02,5.25,Kobe Diesel Company Limited,Mitsubishi Heavy Industries Limited,Nippon Yusen Kabushiki Kaisha (NYK Line) (Nippon Yusen Kaisha),Japan,Panama,—,Nippon Yusen Kabushiki Kaisha (NYK Line) (Nippon Yusen Kaisha),Japan,Nippon Yusen Kabushiki Kaisha (NYK Line) (Nippon Yusen Kaisha),Japan,Hercules Shipholding Navigation S.A.,Panama,NYK Shipmanagement Private Limited,Republic of Singapore,—,—,—,—,NYK Shipmanagement Private Limited,Republic of Singapore,—,—,—,—,9158276,373630000,14121,17280,8UEC60LS
vehicle carrier,278779,Vela Leader,Live,Liberia,17287,1998,50'+ gt,22799,Single,5LQO9,57623,2967,Shin Kurushima Dockyard Company Limited,Onishi,199.93,190.00,32.26,32.26,15.27,10.02,5.25,Kobe Diesel Company Limited,Mitsubishi Heavy Industries Limited,Waterman Steamship Corporation (Waterman Logistics),United States of America,Monrovia,—,SEACOR Holdings Incorporated,United States of America,Waterman Steamship Corporation (Waterman Logistics),United States of America,Green Bull One Corporation,United States of America,Hachiuma Steamship Company Limited (Hachiuma Kisen KK),Japan,—,—,Pacific Western Bank,United States of America,Hachiuma Steamship Company Limited (Hachiuma Kisen KK),Japan,—,—,—,—,9158288,636024024,12886,17280,8UEC60LS
vehicle carrier,279007,An Ji 11,Live,China,5766,1997,-30'gt,6787,Single,BIAZ5,19241,620,Naikai Zosen Shipbuilding Corporation,Setoda,144.42,133.00,24.00,24.00,12.34,7.20,2.30,Hitachi Zosen Corporation,B&W Diesel A/S,SAIC Anji Logistics Company Limited,People's Republic of China,Shanghai,—,SAIC Motor Corporation Limited (SAIC),People's Republic of China,SAIC Anji Logistics Company Limited,People's Republic of China,Anji Shipping Company Limited,People's Republic of China,Anji Shipping Company Limited,People's Republic of China,—,—,—,—,Anji Shipping Company Limited,People's Republic of China,—,—,—,—,9159323,412379660,5979,7320,6L42MC
vehicle carrier,279430,Asian Captain,Live,South Korea,21868,1998,50'+ gt,25082,Single,D7AQ,71383,H-1066,HD Hyundai Heavy Industries Company Limited,Ulsan,228.78,218.00,32.26,32.26,32.09,10.01,22.08,HD Hyundai Heavy Industries Company Limited,B&W Diesel A/S,EUKOR Car Carriers Incorporated,Republic of Korea,Jeju,—,Wilh. Wilhelmsen Holding ASA (Wilship),Norway,EUKOR Car Carriers Incorporated,Republic of Korea,EUKOR Car Carriers Incorporated,Republic of Korea,Wilhelmsen Ship Management Korea Limited,Republic of Korea,—,—,—,—,Wilhelmsen Ship Management Korea Limited,Republic of Korea,—,—,—,—,9158616,440371000,14314,19460,7S60MC
vehicle carrier,280687,Gran Bretagna,Live,Italy,17155,1999,50'+ gt,18461,Single,IBFB,51823,6018,Fincantieri-Cantieri Navali Italiani S.p.A. Castellammare di Stabia,Castellammare di Stabia,183.28,165.00,32.25,32.25,12.00,9.40,2.60,Wartsila NSD Italia SpA,Sulzer Turbomachinery Services,Grimaldi Euromed S.p.A.,Italy,Palermo,716,Grimaldi Group S.p.A.,Italy,Grimaldi Euromed S.p.A.,Italy,Grimaldi Euromed S.p.A.,Italy,Grimaldi Euromed S.p.A.,Italy,—,—,—,—,Grimaldi Euromed S.p.A.,Italy,—,—,—,—,9143702,247290000,15540,17946,7RTA62
vehicle carrier,280718,Yu Heng Xian Feng,Live,China,15972,1998,50'+ gt,13418,Single,BOEL,53240,2114,Mitsubishi Heavy Industries Limited Shipbuilding,Nagasaki,180.00,170.00,32.26,32.26,15.25,8.80,6.45,Mitsubishi Heavy Industries Limited,Mitsubishi Heavy Industries Limited,COSCO Shipping Specialized Carriers Company Limited,People's Republic of China,Guangzhou,—,China COSCO Shipping Corporation Limited (China Cosco Shipping Group) (COSCO Shipping) (COSCOCS),People's Republic of China,COSCO Shipping Specialized Carriers Company Limited,People's Republic of China,COSCO Shipping Car Carriers Company Limited,People's Republic of China,COSCO Shipping Specialized Carriers Company Limited,People's Republic of China,—,—,—,—,COSCO Shipping Specialized Carriers Company Limited,People's Republic of China,—,—,—,—,9166895,412163000,11915,14579,7UEC60LS
vehicle carrier,280846,Glovis Chorus,Live,South Korea,21868,1997,50'+ gt,21505,Single,D7OR,55729,H-1065,HD Hyundai Heavy Industries Company Limited,Ulsan,199.98,189.20,32.26,32.26,32.09,10.01,3.97,HD Hyundai Heavy Industries Company Limited,B&W Diesel A/S,Hyundai Glovis Company Limited,Republic of Korea,Jeju,—,Hyundai Glovis Company Limited,Republic of Korea,Hyundai Glovis Company Limited,Republic of Korea,Hyundai Glovis Company Limited,Republic of Korea,G-Marine Service Company Limited (GMS),Republic of Korea,—,—,—,—,G-Marine Service Company Limited (GMS),Republic of Korea,—,—,—,—,9158604,440292000,14511,19460,7S60MC
vehicle carrier,281369,Soo Shin,Live,Panama,13265,1998,30'-50'gt,12490,Single,3E3409,44219,1140,Hashihama Shipbuilding Company Limited - SEE NOW AS Tsuneishi Shipbuilding Company Limited,Tadotsu,179.47,170.00,32.20,32.20,14.65,7.85,6.80,B&W Diesel A/S,B&W Diesel A/S,Samjoo Maritime Company Limited,Republic of Korea,Panama,—,Samjoo Maritime Company Limited,Republic of Korea,Samjoo Maritime Company Limited,Republic of Korea,Soo Shin Maritime SA,Panama,Doriko Limited,Republic of Korea,—,—,—,—,Doriko Limited,Republic of Korea,—,—,—,—,9166704,352001129,14091,18897,7S60MC6
vehicle carrier,281776,Grand Choice,Live,Panama,15093,1999,50'+ gt,16702,Single,3FDW9,50309,3472,Kanasashi Shipbuilding Company Limited,Toyohashi,179.16,173.36,32.26,32.26,34.05,9.12,5.49,Kobe Diesel Company Limited,Mitsubishi Heavy Industries Limited,Cido Shipping (HK) Company Limited,"Hong Kong, S.A.R., China",Panama,—,Cido Shipping (HK) Company Limited,"Hong Kong, S.A.R., China",Cido Shipping (HK) Company Limited,"Hong Kong, S.A.R., China",Pioneer Shipping Navigation Incorporated,Panama,Cido Shipping (Korea) Company Limited,Republic of Korea,Cido Car Carrier Service Company Limited,"Hong Kong, S.A.R., China",—,—,Cido Shipping (Korea) Company Limited,Republic of Korea,—,—,—,—,9169316,357247000,10649,14280,7UEC60LS
vehicle carrier,281778,Grand Pace,Live,Panama,15093,1999,50'+ gt,16714,Single,3FGJ9,50309,3473,Kanasashi Shipbuilding Company Limited,Toyohashi,179.16,170.00,32.26,32.26,14.58,9.12,5.49,Kobe Diesel Company Limited,Mitsubishi Heavy Industries Limited,Cido Shipping (HK) Company Limited,"Hong Kong, S.A.R., China",Panama,—,Cido Shipping (HK) Company Limited,"Hong Kong, S.A.R., China",Cido Shipping (HK) Company Limited,"Hong Kong, S.A.R., China",Croft Corporation,Panama,Cido Shipping (Korea) Company Limited,Republic of Korea,Cido Car Carrier Service Company Limited,"Hong Kong, S.A.R., China",—,—,Cido Shipping (Korea) Company Limited,Republic of Korea,—,—,—,—,9169328,357336000,12528,16800,7UEC60LS
vehicle carrier,282215,Hoegh Trader,Live,Norway (Int. Register),25775,1998,50'+ gt,27100,Single,LASK7,68060,4418,Hanwha Ocean Company Limited,Okpo,228.77,223.91,32.29,32.26,19.93,10.00,9.93,Doosan Engine Company Limited,B&W Diesel A/S,Hoegh Autoliners ASA,Norway,Oslo,—,Leif Hoegh & Company As,Norway,Hoegh Autoliners ASA,Norway,Hoegh Autoliners Shipping AS,Norway,Hoegh Technical Management Incorporated,Philippines,—,—,—,—,Hoegh Autoliners Management AS,Norway,—,—,—,—,9171280,258882000,14314,19460,7S60MC
vehicle carrier,282670,Asian Empire,Live,South Korea,26779,1998,50'+ gt,25765,Single,D7ML,71383,H-1097,HD Hyundai Heavy Industries Company Limited,Ulsan,228.78,218.00,32.26,32.26,32.09,10.02,22.07,HD Hyundai Heavy Industries Company Limited,B&W Diesel A/S,EUKOR Car Carriers Incorporated,Republic of Korea,Jeju,—,Wilh. Wilhelmsen Holding ASA (Wilship),Norway,EUKOR Car Carriers Incorporated,Republic of Korea,EUKOR Car Carriers Incorporated,Republic of Korea,Wilhelmsen Ship Management Korea Limited,Republic of Korea,—,—,—,—,Wilhelmsen Ship Management Korea Limited,Republic of Korea,—,—,—,—,9176606,440114000,14314,19460,7S60MC
vehicle carrier,282672,Asian Majesty,Live,South Korea,26779,1999,50'+ gt,25818,Single,DSMZ8,71383,H-1110,HD Hyundai Heavy Industries Company Limited,Ulsan,228.78,189.20,32.29,32.26,32.09,10.02,22.07,HD Hyundai Heavy Industries Company Limited,B&W Diesel A/S,EUKOR Car Carriers Incorporated,Republic of Korea,Jeju,—,Wilh. Wilhelmsen Holding ASA (Wilship),Norway,EUKOR Car Carriers Incorporated,Republic of Korea,EUKOR Car Carriers Incorporated,Republic of Korea,Wilhelmsen Ship Management Korea Limited,Republic of Korea,—,—,—,—,Wilhelmsen Ship Management Korea Limited,Republic of Korea,—,—,—,—,9203576,441947000,14511,19460,7S60MC
vehicle carrier,282673,Asian Emperor,Live,South Korea,21868,1999,50'+ gt,21472,Single,D7AG,55729,1111,HD Hyundai Heavy Industries Company Limited,Ulsan,198.98,190.00,32.36,32.26,32.09,10.02,22.07,HD Hyundai Heavy Industries Company Limited,B&W Diesel A/S,EUKOR Car Carriers Incorporated,Republic of Korea,Jeju,—,Wilh. Wilhelmsen Holding ASA (Wilship),Norway,EUKOR Car Carriers Incorporated,Republic of Korea,EUKOR Car Carriers Incorporated,Republic of Korea,Wilhelmsen Ship Management Korea Limited,Republic of Korea,Wallenius Wilhelmsen Ocean Holding AS,Norway,—,—,Wilhelmsen Ship Management Korea Limited,Republic of Korea,—,—,—,—,9176632,441722000,14511,19460,7S60MC
vehicle carrier,282704,Fortune Trade I,Live,Panama,3288,1998,-30'gt,7001,Single,3FDA8,9962,1010,Honda Shipbuilding Company Limited,Saiki,117.63,108.00,21.00,21.00,15.00,7.82,4.49,Akasaka Diesels Limited,Mitsubishi Heavy Industries Limited,Dalian Sea Carrier Company Limited,People's Republic of China,Panama,—,Sea Carrier Shipping Company Limited,"Hong Kong, S.A.R., China",Dalian Sea Carrier Company Limited,People's Republic of China,Seiyo Princess Company Limited,Marshall Islands,Dalian Sea Carrier Company Limited,People's Republic of China,—,—,—,—,Dalian Sea Carrier Company Limited,People's Republic of China,—,—,—,—,9172117,352103000,4707,5440,6UEC45LA
vehicle carrier,283160,Libra Leader,Live,Liberia,17474,1998,50'+ gt,22734,Single,5LKH4,58249,2980,Shin Kurushima Dockyard Company Limited,Onishi,199.90,190.00,32.26,32.26,23.68,10.02,5.25,Kobe Diesel Company Limited,Mitsubishi Heavy Industries Limited,Nippon Yusen Kabushiki Kaisha (NYK Line) (Nippon Yusen Kaisha),Japan,Monrovia,—,Nippon Yusen Kabushiki Kaisha (NYK Line) (Nippon Yusen Kaisha),Japan,Nippon Yusen Kabushiki Kaisha (NYK Line) (Nippon Yusen Kaisha),Japan,Matsueri Maritima S.A.,Panama,Hachiuma Steamship Company Limited (Hachiuma Kisen KK),Japan,—,—,—,—,Hachiuma Steamship Company Limited (Hachiuma Kisen KK),Japan,—,—,—,—,9174490,636022754,14121,19200,8UEC60LS
vehicle carrier,283161,Dharma Kartika VII,Live,Indonesia,2985,1999,-30'gt,2779,Single,YCXT2,9950,5000,Shin Kurushima Dockyard Company Limited,Akitsu,99.92,94.00,20.60,20.60,9.20,5.00,4.20,Mitsui Engineering & Shipbuilding Company Limited,B&W Diesel A/S,P.T. Dharma Lautan Utama,Indonesia,—,—,P.T. Dharma Lautan Utama,Indonesia,P.T. Dharma Lautan Utama,Indonesia,P.T. Dharma Lautan Utama,Indonesia,—,—,—,—,—,—,—,—,—,—,—,—,9174751,525500999,4120,5600,7L35MC
vehicle carrier,283162,Orchid,Live,Panama,2959,1998,-30'gt,2794,Single,3FRM5,9950,5001,Shin Kurushima Dockyard Company Limited,Akitsu,99.92,94.00,20.60,20.60,9.20,5.00,4.20,B&W Diesel A/S,B&W Diesel A/S,Unknown Owners,—,Panama,—,Unknown Owners,—,Unknown Owners,—,Acadia Shipping LLC,Marshall Islands,Safe Sea Services S.a.r.l.,Lebanon,—,—,—,—,Safe Sea Services S.a.r.l.,Lebanon,—,—,—,—,9174763,372977000,4120,5600,7L35MC
vehicle carrier,283321,Chang An Kou,Live,China,11172,1999,30'-50'gt,12780,Single,BOHL,37237,419,Uljanik Brodogradiliste d.d.,Pula,176.70,165.00,31.10,31.10,28.00,8.77,19.25,Uljanik Brodogradiliste d.d.,B&W Diesel A/S,COSCO Shipping Specialized Carriers Company Limited,People's Republic of China,Guangzhou,—,China COSCO Shipping Corporation Limited (China Cosco Shipping Group) (COSCO Shipping) (COSCOCS),People's Republic of China,COSCO Shipping Specialized Carriers Company Limited,People's Republic of China,COSCO Shipping Specialized Carriers Company Limited,People's Republic of China,COSCO Shipping Specialized Carriers Company Limited,People's Republic of China,—,—,—,—,COSCO Shipping Specialized Carriers Company Limited,People's Republic of China,—,—,—,—,9177026,414260000,11060,15036,7S50MC-C
vehicle carrier,283322,Chang Rong Kou,Live,China,11172,2000,30'-50'gt,12781,Single,BOHM,37237,420,Uljanik Brodogradiliste d.d.,Pula,176.70,165.00,31.10,31.10,28.00,8.77,19.23,Uljanik Brodogradiliste d.d.,B&W Diesel A/S,COSCO Shipping Specialized Carriers Company Limited,People's Republic of China,Guangzhou,—,China COSCO Shipping Corporation Limited (China Cosco Shipping Group) (COSCO Shipping) (COSCOCS),People's Republic of China,COSCO Shipping Specialized Carriers Company Limited,People's Republic of China,COSCO Shipping Specialized Carriers Company Limited,People's Republic of China,COSCO Shipping Specialized Carriers Company Limited,People's Republic of China,—,—,—,—,COSCO Shipping Specialized Carriers Company Limited,People's Republic of China,—,—,—,—,9177038,414276000,11060,15036,7S50MC-C
vehicle carrier,283555,Neksu,Live,Togo,—,1989,-30'gt,974,Single,5VET7,816,2615,Shin Kurushima Dockyard Company Limited,Akitsu,66.00,—,12.60,—,7.30,3.70,3.60,Daihatsu Diesel Manufacturing Company Limited,Daihatsu Diesel Manufacturing Company Limited,Unknown Owners,—,Lome,—,Unknown Owners,—,Unknown Owners,—,Dorsy Corporation LP,Togo,Unknown Owners,—,—,—,—,—,Acrex Corporation,Russian Federation,—,—,—,—,8907606,671864000,1044,1400,6DLM-26S
vehicle carrier,283647,World Spirit,Live,Liberia,11385,1998,30'-50'gt,14101,Single,ELWG7,37949,3465,Kanasashi Shipbuilding Company Limited,Toyohashi,174.98,166.00,29.20,29.20,20.74,8.52,20.08,Kobe Diesel Company Limited,Mitsubishi Heavy Industries Limited,Nissan Motor Car Carrier Company Limited,Japan,Monrovia,—,Nissan Motor Car Carrier Company Limited,Japan,Nissan Motor Car Carrier Company Limited,Japan,Marigold Transport Incorporated,Liberia,World Marine Company Limited,Japan,—,—,—,—,World Marine Company Limited,Japan,—,—,—,—,9175925,636011023,10591,12240,8UEC52LA
vehicle carrier,283657,Trans Future 1,Live,Panama,7701,1998,-30'gt,9287,Single,3FGB8,25667,628,Naikai Zosen Shipbuilding Corporation,Setoda,172.00,160.00,25.00,25.00,18.70,7.72,10.98,Hitachi Zosen Corporation,B&W Diesel A/S,Toyofuji Shipping Company Limited (Toyofuji Kaiun KK),Japan,Panama,384,Toyofuji Shipping Company Limited (Toyofuji Kaiun KK),Japan,Toyofuji Shipping Company Limited (Toyofuji Kaiun KK),Japan,Feng Li Maritime Corporation & Star Bulk Carrier Company S.A.,Panama,Kagoshima Senpaku Kaisha Limited,Japan,Kagoshima Senpaku Kaisha Limited,Japan,—,—,Kagoshima Senpaku Kaisha Limited,Japan,—,—,—,—,9176216,353329000,11981,14660,9L50MC
vehicle carrier,283778,Hoegh Transporter,Live,Norway (Int. Register),21007,1999,50'+ gt,20700,Single,LAKO7,57757,8168/01,Stocznia Gdynia S.A.,Gdynia,199.97,188.00,32.26,32.26,13.63,10.00,3.63,Zaklady Przemyslu Metalowego H. Cegielski S.A.,Sulzer Turbomachinery Services,Hoegh Autoliners ASA,Norway,Oslo,—,Leif Hoegh & Company As,Norway,Hoegh Autoliners ASA,Norway,Hoegh Autoliners Shipping AS,Norway,Hoegh Technical Management Incorporated,Philippines,—,—,—,—,Hoegh Autoliners Management AS,Norway,—,—,—,—,9176395,257712000,15754,21127,7RTA62
vehicle carrier,283938,Boheme,Live,Singapore,28473,1999,50'+ gt,28360,Single,9V8514,67264,4419,Hanwha Ocean Company Limited,Okpo,227.89,219.30,32.26,32.26,32.27,11.00,21.27,B&W Diesel A/S,B&W Diesel A/S,Singapore Shipping Corporation Limited,Republic of Singapore,Singapore,—,Singapore Shipping Corporation Limited,Republic of Singapore,Singapore Shipping Corporation Limited,Republic of Singapore,SSC Boheme Private Limited,Republic of Singapore,SSC Ship Management Private Limited,Republic of Singapore,Wallenius Wilhelmsen Ocean Holding AS,Norway,—,—,SSC Ship Management Private Limited,Republic of Singapore,—,—,—,—,9176565,563262000,14913,19998,8S60MC
vehicle carrier,283939,Elektra,Live,Norway (Int. Register),23761,1999,50'+ gt,28126,Single,LATK8,67264,4420,Hanwha Ocean Company Limited,Okpo,227.90,219.30,32.26,32.26,32.27,11.00,21.27,B&W Diesel A/S,B&W Diesel A/S,Wallenius Wilhelmsen Ocean Holding AS,Norway,Bergen,—,Wilh Wilhelmsen ASA (WILSHIP),Norway,Wallenius Wilhelmsen Ocean Holding AS,Norway,Wallenius Wilhelmsen Shipowning Norway AS,Norway,Wallenius Marine AB,Sweden,—,—,—,—,Wallenius Marine AB,Sweden,—,—,—,—,9176577,257248000,14913,19998,8S60MC
vehicle carrier,284086,Chang Sheng Hong,Live,China,11172,2000,30'-50'gt,12743,Single,BRTQ,37237,421,Uljanik Brodogradiliste d.d.,Pula,176.00,165.00,31.10,31.10,14.47,7.72,5.73,MAN Energy Solutions SE,B&W Diesel A/S,China Merchants Guangzhou RoRo Shipping Company Limited (CMRORO),People's Republic of China,Shenzhen,—,China Merchants Group Limited,"Hong Kong, S.A.R., China",China Merchants Guangzhou RoRo Shipping Company Limited (CMRORO),People's Republic of China,Shenzhen China Merchants RORO Transportation Company Limited,People's Republic of China,Shenzhen China Merchants RORO Transportation Company Limited,People's Republic of China,—,—,—,—,Shenzhen China Merchants RORO Transportation Company Limited,People's Republic of China,—,—,—,—,9177040,414317000,11060,15036,7S50MC-C
vehicle carrier,284088,Mosel Ace,Live,Liberia,11172,2000,30'-50'gt,12761,Single,D5VN7,37237,422,Uljanik Brodogradiliste d.d.,Pula,176.00,165.00,31.13,31.10,20.61,8.77,11.84,Uljanik d.d.,B&W Diesel A/S,Flota Suardiaz S.L.,Spain,Monrovia,—,Suardiaz Group,Spain,Flota Suardiaz S.L.,Spain,Flota Suardiaz S.L.,Spain,SIEM Ship Management S.p z.o.o,Poland,—,—,—,—,SIEM Ship Management S.p z.o.o,Poland,—,—,—,—,9177052,636019661,11060,15036,7S50MC-C
vehicle carrier,284340,Crux Leader,Live,Liberia,17235,1998,50'+ gt,21523,Single,5LNS8,57449,1296,Imabari Shipbuilding Company Limited (Marugame),Marugame,199.94,190.00,32.20,32.20,23.53,10.05,13.48,Kobe Diesel Company Limited,Mitsubishi Heavy Industries Limited,Waterman Steamship Corporation (Waterman Logistics),United States of America,Monrovia,—,SEACOR Holdings Incorporated,United States of America,Waterman Steamship Corporation (Waterman Logistics),United States of America,Green Bull One Corporation,United States of America,Hachiuma Steamship Company Limited (Hachiuma Kisen KK),Japan,—,—,—,—,Hachiuma Steamship Company Limited (Hachiuma Kisen KK),Japan,—,—,—,—,9177428,636023440,12886,17280,8UEC60LS
vehicle carrier,284341,Ah Shin,Live,Panama,17235,1999,50'+ gt,21503,Single,3FBO9,57449,1304,Imabari Shipbuilding Company Limited (Marugame),Marugame,199.94,190.00,32.20,32.20,23.53,10.07,5.25,Kobe Diesel Company Limited,Mitsubishi Heavy Industries Limited,Unknown Owners,—,Panama,—,Unknown Owners,—,Unknown Owners,—,SC Future SA,Panama,Doriko Limited,Republic of Korea,—,—,—,—,Doriko Limited,Republic of Korea,—,—,—,—,9177430,357170000,14121,17280,8UEC60LS
vehicle carrier,284626,Manon,Live,Norway (Int. Register),28473,1999,50'+ gt,28360,Single,LATJ8,67264,4421,Hanwha Ocean Company Limited,Okpo,199.00,190.50,32.26,32.26,14.05,9.52,4.53,B&W Diesel A/S,B&W Diesel A/S,Wallenius Wilhelmsen Ocean Holding AS,Norway,Bergen,—,Wilh Wilhelmsen ASA (WILSHIP),Norway,Wallenius Wilhelmsen Ocean Holding AS,Norway,Wallenius Wilhelmsen Shipowning Norway AS,Norway,Wallenius Marine AB,Sweden,—,—,—,—,Wallenius Marine AB,Sweden,—,—,—,—,9179725,259001000,14913,19998,8S60MC
vehicle carrier,284795,ERK Izmir,Live,Panama,2940,1998,-30'gt,3346,Single,3E3517,9233,184,Detlef Hegemann Rolandwerft GmbH & Company KG,Berne(DEU),99.00,94.65,19.50,19.50,18.50,5.50,13.00,Mak Motoren GmbH & Company KG,Mak Motoren GmbH & Company KG,Unknown Owners,—,Panama,—,Unknown Owners,—,Unknown Owners,—,Mediterra Indian Company,Liberia,Erkdeniz Denizcilik Isletmeleri Limited Sirket,Turkiye,—,—,—,—,Erkdeniz Denizcilik Isletmeleri Limited Sirket,Turkiye,—,—,—,—,9179983,352002302,2433,3263,8M25
vehicle carrier,284796,Chang Shin,Live,Panama,2940,1999,-30'gt,3350,Single,3E3518,9233,185,Detlef Hegemann Rolandwerft GmbH & Company KG,Berne(DEU),99.00,94.65,19.50,19.50,18.50,5.50,13.00,Mak Motoren GmbH & Company KG,Mak Motoren GmbH & Company KG,Samjoo Maritime Company Limited,Republic of Korea,Panama,—,Samjoo Maritime Company Limited,Republic of Korea,Samjoo Maritime Company Limited,Republic of Korea,Chang Shin Maritime SA,Panama,Doriko Limited,Republic of Korea,—,—,—,—,Doriko Limited,Republic of Korea,—,—,—,—,9179995,352002303,2433,3263,8M25
vehicle carrier,285153,Grand Quest,Live,Panama,15093,1999,50'+ gt,16702,Single,3FTO9,50309,3475,Kanasashi Shipbuilding Company Limited,Toyohashi,179.16,173.36,32.26,32.26,34.05,9.12,5.49,Kobe Diesel Company Limited,Mitsubishi Heavy Industries Limited,Cido Shipping (HK) Company Limited,"Hong Kong, S.A.R., China",Panama,4373,Cido Shipping (HK) Company Limited,"Hong Kong, S.A.R., China",Cido Shipping (HK) Company Limited,"Hong Kong, S.A.R., China",Dynamic Active Marine S.A.,Panama,Cido Shipping (Korea) Company Limited,Republic of Korea,—,—,—,—,Cido Shipping (Korea) Company Limited,Republic of Korea,—,—,—,—,9181479,357802000,10646,14276,7UEC60LS
vehicle carrier,285154,Silver Ray,Live,Panama,15027,1999,50'+ gt,16157,Single,3FTI3,50087,3482,Kanasashi Shipbuilding Company Limited,Toyohashi,179.03,170.00,32.60,32.26,14.89,9.22,5.67,Mitsubishi Heavy Industries Limited,Mitsubishi Heavy Industries Limited,Sallaum Lines DMCC,United Arab Emirates,Panama,—,Sallaum Lines DMCC,United Arab Emirates,Sallaum Lines DMCC,United Arab Emirates,Sallaum Lines S.A.,Panama,Maritime Management Services DMCC,United Arab Emirates,Sallaum Lines DMCC,United Arab Emirates,—,—,Maritime Management Services DMCC,United Arab Emirates,—,—,—,—,9181376,355137000,11782,15800,7UEC60LS
vehicle carrier,285191,Leo Leader,Live,Panama,17270,1999,50'+ gt,22733,Single,3FQK9,57566,5012,Shin Kurushima Dockyard Company Limited,Onishi,199.90,190.00,32.26,32.26,23.68,10.02,5.25,Kobe Diesel Company Limited,Mitsubishi Heavy Industries Limited,Nippon Yusen Kabushiki Kaisha (NYK Line) (Nippon Yusen Kaisha),Japan,Panama,—,Nippon Yusen Kabushiki Kaisha (NYK Line) (Nippon Yusen Kaisha),Japan,Nippon Yusen Kabushiki Kaisha (NYK Line) (Nippon Yusen Kaisha),Japan,Peridot Maritima SA,Panama,Wilhelmsen Ship Management Sendirian Berhad,Malaysia,NYK RORO Shipping,Japan,—,—,Wilhelmsen Ship Management Sendirian Berhad,Malaysia,Unknown,Unknown,Unknown Scrubber Manufacturer,Retrofit,9181558,357682000,14121,17280,8UEC60LS
vehicle carrier,285192,Pavo Leader,Live,Liberia,17270,1999,50'+ gt,22747,Single,5LTN8,57566,5013,Shin Kurushima Dockyard Company Limited,Onishi,199.93,190.00,32.26,32.26,15.27,10.02,5.25,Kobe Diesel Company Limited,Mitsubishi Heavy Industries Limited,Waterman Steamship Corporation (Waterman Logistics),United States of America,Monrovia,—,SEACOR Holdings Incorporated,United States of America,Waterman Steamship Corporation (Waterman Logistics),United States of America,Green Bull One Corporation,United States of America,Hachiuma Steamship Company Limited (Hachiuma Kisen KK),Japan,Hachiuma Steamship Company Limited (Hachiuma Kisen KK),Japan,—,—,Hachiuma Steamship Company Limited (Hachiuma Kisen KK),Japan,—,—,—,—,9181560,636024633,14121,19200,8UEC60LS
vehicle carrier,285243,Cassiopeia Leader,Live,Japan,17245,1999,50'+ gt,21547,Single,7JZI,57484,1315,Imabari Shipbuilding Company Limited (Marugame),Marugame,199.94,190.00,32.20,32.20,23.53,10.07,5.25,Kobe Diesel Company Limited,Mitsubishi Heavy Industries Limited,Nippon Yusen Kabushiki Kaisha (NYK Line) (Nippon Yusen Kaisha),Japan,Tokyo,—,Nippon Yusen Kabushiki Kaisha (NYK Line) (Nippon Yusen Kaisha),Japan,Nippon Yusen Kabushiki Kaisha (NYK Line) (Nippon Yusen Kaisha),Japan,Nippon Yusen Kabushiki Kaisha (NYK Line) (Nippon Yusen Kaisha),Japan,NYK Shipmanagement Private Limited,Republic of Singapore,—,—,—,—,NYK Shipmanagement Private Limited,Republic of Singapore,Unknown,Unknown,Unknown Scrubber Manufacturer,Retrofit,9182277,431013000,14121,19200,8UEC60LS
vehicle carrier,285246,Orion Leader,Live,Japan,17262,1999,50'+ gt,21526,Single,7JZJ,57542,1316,Imabari Shipbuilding Company Limited (Marugame),Marugame,199.94,190.00,32.30,32.20,23.53,10.07,5.25,Kobe Diesel Company Limited,Mitsubishi Heavy Industries Limited,Nippon Yusen Kabushiki Kaisha (NYK Line) (Nippon Yusen Kaisha),Japan,Tokyo,—,Nippon Yusen Kabushiki Kaisha (NYK Line) (Nippon Yusen Kaisha),Japan,Nippon Yusen Kabushiki Kaisha (NYK Line) (Nippon Yusen Kaisha),Japan,Nippon Yusen Kabushiki Kaisha (NYK Line) (Nippon Yusen Kaisha),Japan,Nippon Yusen Kabushiki Kaisha (NYK Line) (Nippon Yusen Kaisha),Japan,—,—,—,—,—,—,—,—,—,—,9182289,431556000,14121,17278,8UEC60LS
vehicle carrier,285247,Comet Ace,Live,Panama,10985,2000,30'-50'gt,14283,Single,H3AM,36615,3490,Kanasashi Shipbuilding Company Limited,Toyohashi,174.98,166.00,29.20,29.20,20.74,8.52,2.96,Kobe Diesel Company Limited,Mitsubishi Heavy Industries Limited,Meiji Shipping Company Limited,Japan,Panama,—,Meiji Shipping Group,Japan,Meiji Shipping Company Limited,Japan,Bright Ocean Maritime S.A.,Panama,MMS Company Limited,Japan,—,—,—,—,MMS Company Limited,Japan,—,—,—,—,9182356,351757000,10591,12240,8UEC52LA
vehicle carrier,285248,Astral Ace,Live,Japan,11069,2000,30'-50'gt,14280,Single,7JUJ,36897,3493,Kanasashi Shipbuilding Company Limited,Toyohashi,174.98,166.00,29.20,29.20,20.74,8.52,12.22,Kobe Diesel Company Limited,Mitsubishi Heavy Industries Limited,Mitsui O.S.K. Lines Limited (MOL),Japan,Tokyo,3000,Mitsui O.S.K. Lines Limited (MOL),Japan,Mitsui O.S.K. Lines Limited (MOL),Japan,Mitsui O.S.K. Lines Limited (MOL),Japan,MOL Ship Management (Singapore) Private Limited,Republic of Singapore,—,—,—,—,MOL Ship Management (Singapore) Private Limited,Republic of Singapore,—,—,—,—,9182368,431220000,10591,14400,8UEC52LS
vehicle carrier,285258,Delphinus Leader,Live,Liberia,17232,1998,50'+ gt,21514,Single,5LKH3,57442,1295,Imabari Shipbuilding Company Limited (Marugame),Marugame,199.94,190.00,32.20,32.20,23.53,10.07,5.25,Kobe Diesel Company Limited,Mitsubishi Heavy Industries Limited,Nippon Yusen Kabushiki Kaisha (NYK Line) (Nippon Yusen Kaisha),Japan,Monrovia,—,Nippon Yusen Kabushiki Kaisha (NYK Line) (Nippon Yusen Kaisha),Japan,Nippon Yusen Kabushiki Kaisha (NYK Line) (Nippon Yusen Kaisha),Japan,Milford Shipholding SA,Panama,Hachiuma Steamship Company Limited (Hachiuma Kisen KK),Japan,NYK RORO Shipping,Japan,—,—,Hachiuma Steamship Company Limited (Hachiuma Kisen KK),Japan,—,—,—,—,9174282,636022753,14121,17280,8UEC60LS
vehicle carrier,285513,Treasure,Live,Liberia,17606,1999,50'+ gt,22173,Single,D5HO2,58684,1156,Hashihama Shipbuilding Company Limited - SEE NOW AS Tsuneishi Shipbuilding Company Limited,Tadotsu,199.90,190.37,32.26,32.26,32.73,10.02,22.71,B&W Diesel A/S,B&W Diesel A/S,XT Management Limited,Israel,Monrovia,—,XT Holding Limited,Israel,XT Management Limited,Israel,Blue Arrow Navigation Limited,Liberia,ASM Maritime B.V.,Netherlands,—,—,—,—,ASM Maritime B.V.,Netherlands,—,—,—,—,9184859,636016742,12751,17100,7S60MC6
vehicle carrier,285602,Grand Race,Live,Panama,15093,2000,50'+ gt,16689,Single,3FZH9,50309,3480,Kanasashi Shipbuilding Company Limited,Toyohashi,179.16,170.00,32.26,32.26,14.58,9.12,5.49,Kobe Diesel Company Limited,Mitsubishi Heavy Industries Limited,Cido Shipping (HK) Company Limited,"Hong Kong, S.A.R., China",Panama,4373,Cido Shipping (HK) Company Limited,"Hong Kong, S.A.R., China",Cido Shipping (HK) Company Limited,"Hong Kong, S.A.R., China",Fountain Navigation Limited,Liberia,Cido Shipping (Korea) Company Limited,Republic of Korea,Cido Car Carrier Service Company Limited,"Hong Kong, S.A.R., China",—,—,Cido Shipping (Korea) Company Limited,Republic of Korea,—,—,—,—,9184940,357983000,10648,14279,7UEC60LS
vehicle carrier,285757,Straits Challenger,Live,Malaysia,15362,1999,50'+ gt,17297,Single,9MQN4,51204,1147,Tsuneishi Shipbuilding Company Limited,Numakuma,179.90,170.00,32.23,32.20,21.62,9.62,5.45,Mitsubishi Heavy Industries Limited,Mitsubishi Heavy Industries Limited,PT Salam Pacific Indonesia Lines (SPIL),Indonesia,Port Klang,—,PT Salam Pacific Indonesia Lines (SPIL),Indonesia,PT Salam Pacific Indonesia Lines (SPIL),Indonesia,Straits Auto Logistics Sendirian Berhad,Malaysia,Wilhelmsen Ship Management Sendirian Berhad,Malaysia,—,—,—,—,Wilhelmsen Ship Management Sendirian Berhad,Malaysia,—,—,—,—,9186950,533130128,14317,19200,8UEC60LS
vehicle carrier,286011,Oroquieta Stars,Live,Philippines,442,1994,-30'gt,600,Single,DUH3568,499,1063,Sanyo Shipbuilding,Mukaishima,71.24,68.00,12.00,12.00,8.10,3.80,4.30,Akasaka Diesels Limited,Akasaka Diesels Limited,Roble Shipping Incorporated,Philippines,—,—,Roble Shipping Incorporated,Philippines,Roble Shipping Incorporated,Philippines,Roble Shipping Incorporated,Philippines,Roble Shipping Incorporated,Philippines,—,—,—,—,Taelim Shipping Company Limited,Republic of Korea,—,—,—,—,9115420,548772300,1864,2500,6U28AK
vehicle carrier,286218,Hoegh Osaka,Live,Norway (Int. Register),15532,2000,50'+ gt,16886,Single,LAVM8,51770,1161,Tsuneishi Shipbuilding Company Limited,Tadotsu,179.90,171.30,32.20,32.20,21.62,10.15,11.47,Mitsubishi Heavy Industries Limited,Mitsubishi Heavy Industries Limited,Hoegh Autoliners ASA,Norway,Oslo,4300,Leif Hoegh & Company As,Norway,Hoegh Autoliners ASA,Norway,Hoegh Autoliners Shipping AS,Norway,Hoegh Technical Management Incorporated,Philippines,—,—,—,—,Hoegh Autoliners Management AS,Norway,—,—,—,—,9185463,257533000,14317,19200,8UEC60LS
vehicle carrier,286230,United Spirit,Live,Liberia,11385,2000,30'-50'gt,14067,Single,ELYB2,37949,3495,Kanasashi Shipbuilding Company Limited,Toyohashi,174.98,166.00,29.20,29.20,28.60,8.52,20.08,Kobe Diesel Company Limited,Mitsubishi Heavy Industries Limited,Nissan Motor Car Carrier Company Limited,Japan,Monrovia,—,Nissan Motor Car Carrier Company Limited,Japan,Nissan Motor Car Carrier Company Limited,Japan,Cyclamen Navigation Incorporated,Liberia,Fairmont Shipping (H.K.) Limited,"Hong Kong, S.A.R., China",—,—,—,—,Fairmont Shipping (H.K.) Limited,"Hong Kong, S.A.R., China",—,—,—,—,9185047,636011280,10591,12238,8UEC52LA
vehicle carrier,286375,Hoegh Trove,Live,Norway (Int. Register),17606,2000,50'+ gt,21200,Single,LAKB6,58684,1160,Tsuneishi Shipbuilding Company Limited,Hiroshima,199.90,190.00,32.29,32.26,22.20,10.02,12.18,Mitsui Engineering & Shipbuilding Company Limited (Tamano),B&W Diesel A/S,Hoegh Autoliners ASA,Norway,Oslo,—,Leif Hoegh & Company As,Norway,Hoegh Autoliners ASA,Norway,Hoegh Autoliners Shipping AS,Norway,Hoegh Technical Management Incorporated,Philippines,—,—,—,—,Hoegh Autoliners Management AS,Norway,—,—,—,—,9186302,258774000,13974,17100,7S60MC6
vehicle carrier,286796,L'Audace,Live,Spain,10304,1999,-30'gt,4567,Single,EAXA,15224,1571,Hijos de J. Barreras S.A.,Vigo,142.00,132.00,21.00,21.00,12.44,6.00,6.44,MAN Energy Solutions SE,MAN Energy Solutions SE,Flota Suardiaz S.L.,Spain,Santa Cruz de Tenerife,—,Suardiaz Group,Spain,Flota Suardiaz S.L.,Spain,Flota Suardiaz S.L.,Spain,Flota Suardiaz S.L.,Spain,—,—,—,—,Flota Suardiaz S.L.,Spain,—,—,—,—,9187318,224876000,6480,8804,9L40/54
vehicle carrier,287108,Procyon Leader,Live,Japan,16093,2000,50'+ gt,16898,Single,7KAX,53645,1159,Tsuneishi Shipbuilding Company Limited,Numakuma,179.90,170.00,32.20,32.20,21.62,9.62,5.45,Mitsubishi Heavy Industries Limited,Mitsubishi Heavy Industries Limited,Nippon Yusen Kabushiki Kaisha (NYK Line) (Nippon Yusen Kaisha),Japan,Tokyo,—,Nippon Yusen Kabushiki Kaisha (NYK Line) (Nippon Yusen Kaisha),Japan,Nippon Yusen Kabushiki Kaisha (NYK Line) (Nippon Yusen Kaisha),Japan,Nippon Yusen Kabushiki Kaisha (NYK Line) (Nippon Yusen Kaisha),Japan,NYK Shipmanagement Private Limited,Republic of Singapore,—,—,—,—,NYK Shipmanagement Private Limited,Republic of Singapore,—,—,—,—,9207754,431557000,14121,17280,8UEC60LS
vehicle carrier,287513,Hoegh Yokohama,Live,Norway (Int. Register),15532,2000,50'+ gt,16919,Single,LAVN8,51770,1149,Tsuneishi Shipbuilding Company Limited,Tadotsu,179.90,170.00,32.20,32.20,21.62,10.15,11.47,Mitsubishi Heavy Industries Limited,Mitsubishi Heavy Industries Limited,Hoegh Autoliners ASA,Norway,Oslo,—,Leif Hoegh & Company As,Norway,Hoegh Autoliners ASA,Norway,Hoegh Autoliners Shipping AS,Norway,Hoegh Technical Management Incorporated,Philippines,—,—,—,—,Hoegh Autoliners Management AS,Norway,—,—,—,—,9185451,257512000,14094,18900,8UEC60LS
vehicle carrier,287555,Asian Dynasty,Live,South Korea,20734,1999,50'+ gt,21224,Single,D7NS,55719,H-1151,HD Hyundai Heavy Industries Company Limited,Ulsan,199.95,189.20,32.26,32.26,32.09,10.02,22.07,HD Hyundai Heavy Industries Company Limited,B&W Diesel A/S,EUKOR Car Carriers Incorporated,Republic of Korea,Jeju,—,Wilh. Wilhelmsen Holding ASA (Wilship),Norway,EUKOR Car Carriers Incorporated,Republic of Korea,EUKOR Car Carriers Incorporated,Republic of Korea,Wilhelmsen Ship Management Korea Limited,Republic of Korea,—,—,—,—,Wilhelmsen Ship Management Korea Limited,Republic of Korea,—,—,—,—,9203588,440058000,14511,19460,7S60MC
vehicle carrier,287556,Asian Trust,Live,South Korea,21868,2000,50'+ gt,21321,Single,D8CX,55719,1152,HD Hyundai Heavy Industries Company Limited,Ulsan,199.97,189.20,32.26,32.26,32.09,10.01,22.08,HD Hyundai Heavy Industries Company Limited,B&W Diesel A/S,EUKOR Car Carriers Incorporated,Republic of Korea,Jeju,—,Wilh. Wilhelmsen Holding ASA (Wilship),Norway,EUKOR Car Carriers Incorporated,Republic of Korea,EUKOR Car Carriers Incorporated,Republic of Korea,Wilhelmsen Ship Management Korea Limited,Republic of Korea,—,—,—,—,Wilhelmsen Ship Management Korea Limited,Republic of Korea,—,—,—,—,9203590,441995000,14511,19460,7S60MC
vehicle carrier,287716,Da Feng Gang Li Ming Hao,Live,Panama,10240,1999,30'-50'gt,10835,Single,3E3777,33863,SAS398,ShinaSB Yard Company Limited,Tongyeong,164.00,156.10,28.00,28.00,12.65,8.72,3.94,HD Hyundai Heavy Industries Company Limited,B&W Diesel A/S,Weihai Sheng An Shipping Company Limited,People's Republic of China,Panama,—,Weihai Sheng An Shipping Company Limited,People's Republic of China,Weihai Sheng An Shipping Company Limited,People's Republic of China,Cinco International Hongkong Limited,"Hong Kong, S.A.R., China",SeaSafe Shipping Company Limited,People's Republic of China,—,—,—,—,SeaSafe Shipping Company Limited,People's Republic of China,—,—,—,—,9188790,352002095,10010,12222,7S50MC
vehicle carrier,287717,Da Feng Gang He Shun Hao,Live,Panama,10241,1999,30'-50'gt,10817,Single,3E3808,33831,SAS399,ShinaSB Yard Company Limited,Tongyeong,164.00,154.24,28.00,28.00,29.25,7.80,21.45,HD Hyundai Heavy Industries Company Limited,B&W Diesel A/S,Weihai Sheng An Shipping Company Limited,People's Republic of China,Panama,—,Weihai Sheng An Shipping Company Limited,People's Republic of China,Weihai Sheng An Shipping Company Limited,People's Republic of China,Jiangsu Yancheng Port Changming Ocean Company Limited,People's Republic of China,SeaSafe Shipping Company Limited,People's Republic of China,—,—,—,—,SeaSafe Shipping Company Limited,People's Republic of China,—,—,—,—,9188805,352002132,9988,12222,7S50MC
vehicle carrier,287719,Viking Drive,Live,Marshall Islands,10241,2000,30'-50'gt,10813,Single,V7A5387,33831,400,ShinaSB Yard Company Limited,Tongyeong,164.00,156.10,28.00,28.00,12.65,8.72,4.85,HD Hyundai Heavy Industries Company Limited,B&W Diesel A/S,Gram Car Carriers AS,Norway,Majuro,—,Mediterranean Shipping Company S.A. (MSC),Switzerland,Gram Car Carriers AS,Norway,Gram Car Carriers Leasing 3 AS,Norway,OSM Ship Management Private Limited,Republic of Singapore,Gram Car Carriers Management AS,Norway,—,—,OSM Ship Management Private Limited,Republic of Singapore,—,—,—,—,9188817,538009954,10127,13580,7S50MC
vehicle carrier,287720,Modern Link,Live,Panama,10150,2000,30'-50'gt,10817,Single,H3HZ,33831,SAS-401,ShinaSB Yard Company Limited,Tongyeong,164.00,154.24,28.00,28.00,29.25,8.71,3.97,HD Hyundai Heavy Industries Company Limited,B&W Diesel A/S,Cido Shipping (HK) Company Limited,"Hong Kong, S.A.R., China",Panama,—,Cido Shipping (HK) Company Limited,"Hong Kong, S.A.R., China",Cido Shipping (HK) Company Limited,"Hong Kong, S.A.R., China",Modern Link Corporation,Panama,Cido Shipping (Korea) Company Limited,Republic of Korea,—,—,—,—,Cido Shipping (Korea) Company Limited,Republic of Korea,—,—,—,—,9188829,353923000,9114,12222,7S50MC
vehicle carrier,287747,An Ji 2,Live,China,1550,1988,-30'gt,1470,Single,BIKQ,2768,787,Honda Shipbuilding Company Limited,Saiki,80.45,74.53,—,13.31,6.50,4.15,2.35,Akasaka Diesels Limited,Akasaka Diesels Limited,Shanghai Ansheng Automotive Shipping Company Limited,People's Republic of China,Shanghai,—,SAIC Motor Corporation Limited (SAIC),People's Republic of China,Shanghai Ansheng Automotive Shipping Company Limited,People's Republic of China,Shanghai Ansheng Automotive Shipping Company Limited,People's Republic of China,Shanghai Ansheng Automotive Shipping Company Limited,People's Republic of China,—,—,—,—,—,—,—,—,—,—,8810293,412371920,2427,3300,A41
vehicle carrier,287969,Mignon,Live,Sweden,28473,1999,50'+ gt,28126,Single,SJCD,67264,4422,Hanwha Ocean Company Limited,Okpo,227.90,219.30,32.26,32.26,32.27,11.00,21.27,B&W Diesel A/S,B&W Diesel A/S,Wallenius Wilhelmsen Ocean Holding AS,Norway,Stockholm,—,Wilh Wilhelmsen ASA (WILSHIP),Norway,Wallenius Wilhelmsen Ocean Holding AS,Norway,Wall Ro/Ro AB,Sweden,Wallenius Marine Singapore Private Limited,Republic of Singapore,—,—,—,—,Wallenius Marine AB,Sweden,—,—,—,—,9189251,265491000,14913,19998,8S60MC
vehicle carrier,287979,Autoprestige,Live,Madeira,3837,1999,-30'gt,4311,Single,CQQG,11596,509,Frisian Shipbuilding Welgelegen B.V.,Harlingen,128.81,118.20,18.80,18.80,15.00,6.20,8.80,Wartsila Finland oy,MAN Diesel AS,United European Car Carriers Unipessoal Limitada,Madeira,Madeira,—,United European Car Carriers AS,Norway,United European Car Carriers Unipessoal Limitada,Madeira,United European Car Carriers Unipessoal Limitada,Madeira,United European Car Carriers AS,Norway,—,—,—,—,United European Car Carriers AS,Norway,—,—,—,—,9190157,255801580,4988,6689,12V32E
vehicle carrier,288026,Saic Anji Phoenix,Live,"Hong Kong, S.A.R., China",11172,2000,30'-50'gt,13000,Single,VRSM9,37237,425,Uljanik Brodogradiliste d.d.,Pula,176.00,165.00,31.10,31.10,14.00,9.13,4.87,B&W Diesel A/S,B&W Diesel A/S,Shanghai Ansheng Automotive Shipping Company Limited,People's Republic of China,Hong Kong,—,SAIC Motor Corporation Limited (SAIC),People's Republic of China,Shanghai Ansheng Automotive Shipping Company Limited,People's Republic of China,Anji Shipping (Hong Kong) Company Limited,"Hong Kong, S.A.R., China",Anji Shipping Company Limited,People's Republic of China,—,—,—,—,Anji Shipping Company Limited,People's Republic of China,—,—,—,—,9190858,477312400,11060,15036,7S50MC-C
vehicle carrier,288342,Tamesis,Live,Norway (Int. Register),23674,2000,50'+ gt,38500,Single,LAOL5,67140,4423,Hanwha Ocean Company Limited,Okpo,244.60,226.53,32.29,32.26,15.60,11.77,3.83,B&W Diesel A/S,B&W Diesel A/S,Wallenius Wilhelmsen Ocean Holding AS,Norway,Tonsberg,2362,Wilh Wilhelmsen ASA (WILSHIP),Norway,Wallenius Wilhelmsen Ocean Holding AS,Norway,Wilhelmsen Lines Shipowning Malta Limited,Malta,Wilhelmsen Ship Management (Norway) AS,Norway,—,—,—,—,Wilhelmsen Ship Management (Norway) AS,Norway,Unknown,Unknown,Wartsila Corporation,Retrofit,9191307,257565000,21178,28400,8L70MC
vehicle carrier,288343,Talisman,Live,Norway (Int. Register),23674,2000,50'+ gt,38500,Single,LAOW5,67140,4424,Hanwha Ocean Company Limited,Okpo,240.60,226.53,32.29,32.26,15.60,11.77,3.83,B&W Diesel A/S,B&W Diesel A/S,Wallenius Wilhelmsen Ocean Holding AS,Norway,Tonsberg,2340,Wilh Wilhelmsen ASA (WILSHIP),Norway,Wallenius Wilhelmsen Ocean Holding AS,Norway,Wilhelmsen Lines Shipowning Malta Limited,Malta,Wilhelmsen Ship Management (Norway) AS,Norway,—,—,—,—,Wilhelmsen Ship Management (Norway) AS,Norway,—,—,—,—,9191319,257613000,21229,28468,8L70MC
vehicle carrier,288344,Tarago,Live,Norway (Int. Register),23674,2000,50'+ gt,38500,Single,LAPN5,67140,4425,Hanwha Ocean Company Limited,Okpo,244.60,226.53,32.29,32.26,15.60,11.77,3.83,B&W Diesel A/S,B&W Diesel A/S,Wallenius Wilhelmsen Ocean Holding AS,Norway,Tonsberg,2340,Wilh Wilhelmsen ASA (WILSHIP),Norway,Wallenius Wilhelmsen Ocean Holding AS,Norway,Wilhelmsen Lines Shipowning Malta Limited,Malta,Wilhelmsen Ship Management (Norway) AS,Norway,—,—,—,—,Wilhelmsen Ship Management (Norway) AS,Norway,Wet,Hybrid,Wartsila Corporation,Retrofit,9191321,257672000,21229,28468,8L70MC
vehicle carrier,288469,Hoegh Asia,Live,Norway (Int. Register),25775,2000,50'+ gt,27000,Single,LAKN7,68060,4426,Hanwha Ocean Company Limited,Okpo,228.70,223.91,32.29,32.26,13.70,10.02,3.68,Doosan Engine Company Limited,B&W Diesel A/S,Hoegh Autoliners ASA,Norway,Oslo,—,Leif Hoegh & Company As,Norway,Hoegh Autoliners ASA,Norway,Hoegh Autoliners Shipping AS,Norway,Hoegh Technical Management Incorporated,Philippines,—,—,—,—,Hoegh Autoliners Management AS,Norway,—,—,—,—,9191876,257711000,14314,19457,7S60MC
vehicle carrier,288470,Hual Europe,Dead,Bahamas,19776,2000,50'+ gt,21484,Single,—,56835,4427,Hanwha Ocean Company Limited,Okpo,199.00,191.23,32.26,32.26,13.70,10.00,3.70,HSD Engine Company Limited,B&W Diesel A/S,Joint Vessels,—,Nassau,—,—,—,—,—,—,—,—,—,—,—,—,—,—,—,—,—,—,—,9191888,—,14509,19457,7S60MC
vehicle carrier,288597,Sea Cruiser 2,Live,Panama,3288,1999,-30'gt,3281,Single,3FNC5,10960,397,Kanda Shipbuilding Company Limited,Kanda,129.90,119.50,20.00,20.00,11.74,5.62,0.78,Hitachi Zosen Corporation,B&W Diesel A/S,Toyofuji Shipping Company Limited (Toyofuji Kaiun KK),Japan,Panama,—,Toyofuji Shipping Company Limited (Toyofuji Kaiun KK),Japan,Toyofuji Shipping Company Limited (Toyofuji Kaiun KK),Japan,Feng Li Maritime Corporation,Panama,ASP Ship Management Limited,United Kingdom,—,—,—,—,ASP Ship Management Limited,United Kingdom,—,—,—,—,9196319,355104000,5979,6911,6L42MC
vehicle carrier,288605,Bravery Ace,Live,Panama,15683,1999,50'+ gt,17686,Single,3FYP9,52276,658,Minami-Nippon Shipbuilding Company Limited,Usuki,189.45,178.00,32.20,32.20,21.25,9.57,2.43,Mitsui Engineering & Shipbuilding Company Limited,B&W Diesel A/S,MOL Auto Logistics (India) Private Limited,India,Panama,—,Mitsui O.S.K. Lines Limited (MOL),Japan,MOL Auto Logistics (India) Private Limited,India,Aurora Car Maritime Transport S.A.,Panama,Seiwa Navigation Corporation Limited,Japan,—,—,—,—,Seiwa Navigation Corporation Limited,Japan,Unknown,Unknown,Unknown Scrubber Manufacturer,Retrofit,9207120,357961000,14636,19898,7S60MC-C
vehicle carrier,288606,Frontier Ace,Live,Japan,15683,2000,50'+ gt,17693,Single,7KSG,52276,659,Minami-Nippon Shipbuilding Company Limited,Usuki,189.45,178.00,32.20,32.20,21.25,9.57,2.43,Mitsui Engineering & Shipbuilding Company Limited,B&W Diesel A/S,MOL Auto Logistics (India) Private Limited,India,—,—,Mitsui O.S.K. Lines Limited (MOL),Japan,MOL Auto Logistics (India) Private Limited,India,Aurora Car Maritime Transport S.A.,Panama,MOL Ship Management (Singapore) Private Limited,Republic of Singapore,—,—,—,—,MOL Ship Management (Singapore) Private Limited,Republic of Singapore,—,—,—,—,9209271,431527000,14636,19900,7S60MC-C
vehicle carrier,288614,Trans Future 2,Live,Panama,7701,1999,-30'gt,9171,Single,3FDE9,25667,646,Naikai Zosen Shipbuilding Corporation,Setoda,172.00,160.00,25.00,25.00,18.70,7.72,1.48,Hitachi Zosen Corporation,B&W Diesel A/S,Toyofuji Shipping Company Limited (Toyofuji Kaiun KK),Japan,Panama,384,Toyofuji Shipping Company Limited (Toyofuji Kaiun KK),Japan,Toyofuji Shipping Company Limited (Toyofuji Kaiun KK),Japan,Feng Li Maritime Corporation & Star Bulk Carrier Company S.A.,Panama,Kagoshima Senpaku Kaisha Limited,Japan,Kagoshima Senpaku Kaisha Limited,Japan,—,—,Kagoshima Senpaku Kaisha Limited,Japan,—,—,—,—,9196400,357217000,11981,14660,9L50MC
vehicle carrier,290071,Ems Highway,Live,Cyprus,2940,1999,-30'gt,3350,Single,P3NL8,9233,186,Detlef Hegemann Rolandwerft GmbH & Company KG,Berne(DEU),99.00,94.65,19.65,19.65,18.50,5.50,13.00,Mak Motoren GmbH & Company KG,Mak Motoren GmbH & Company KG,K Line European Sea Highway Services GmbH,Germany,Limassol,—,Kawasaki Kisen Kaisha Limited (Kawasaki Kisen KK) ('K' Line),Japan,K Line European Sea Highway Services GmbH,Germany,Carfeeder Maritime Limited,Cyprus,Stargate Shipmanagement GmbH,Germany,—,—,—,—,Stargate Shipmanagement GmbH,Germany,—,—,—,—,9195133,212882000,2433,3263,8M25
vehicle carrier,290072,Isar Highway,Live,Cyprus,2940,2000,-30'gt,3414,Single,P3SR8,9233,187,Detlef Hegemann Rolandwerft GmbH & Company KG,Berne(DEU),99.90,94.65,21.00,20.65,18.50,5.50,13.00,Mak Motoren GmbH & Company KG,Mak Motoren GmbH & Company KG,K Line European Sea Highway Services GmbH,Germany,Limassol,—,Kawasaki Kisen Kaisha Limited (Kawasaki Kisen KK) ('K' Line),Japan,K Line European Sea Highway Services GmbH,Germany,Carfeeder Maritime Limited,Cyprus,Stargate Shipmanagement GmbH,Germany,—,—,—,—,Stargate Shipmanagement GmbH,Germany,—,—,—,—,9195145,212949000,2433,3263,8M25
vehicle carrier,2910208,Cahaya Karunia,Live,Indonesia,651,1989,-30'gt,—,Single,YDOV,1455,—,Sungkwang Shipbuilding Company Limited,Tongyeong,—,69.00,—,13.04,5.70,4.50,1.20,Hanshin Diesel Works Limited,Unknown Engine Designer,PT. Pelayaran Kalao-Lao,Indonesia,Tanjung Priok,—,PT. Pelayaran Kalao-Lao,Indonesia,PT. Pelayaran Kalao-Lao,Indonesia,PT. Pelayaran Kalao-Lao,Indonesia,PT. Pelayaran Kalao-Lao,Indonesia,—,—,—,—,—,—,—,—,—,—,9096258,525003163,2237,2000,6EL40
vehicle carrier,291238,Lider Bulut,Live,Cameroon,10322,2000,-30'gt,6000,Single,TJM0004,15224,1572,Hijos de J. Barreras S.A.,Vigo,142.00,132.00,21.00,21.00,12.44,6.00,6.44,MAN Energy Solutions SE,MAN Energy Solutions SE,Dalnave Navigation Incorporated,Greece,—,—,Dalnave Navigation Incorporated,Greece,Dalnave Navigation Incorporated,Greece,Yellow Rose Shipping Company Limited,Cyprus,Greensea Shipping Company Limited,Turkiye,Flota Suardiaz S.L.,Spain,—,—,Greensea Shipping Company Limited,Turkiye,—,—,—,—,9198719,613013405,6480,8804,9L40/54
vehicle carrier,291644,Lotus Leader,Live,Panama,4784,1999,-30'gt,5707,Single,3FSF9,15196,184,Iwagi Shipbuilding Company Limited,Iwagi,129.93,120.00,22.30,22.30,15.68,7.52,8.15,Akasaka Diesels Limited,Mitsubishi Heavy Industries Limited,K.K. Hakuyo Kaiun,Japan,Panama,—,K.K. Hakuyo Kaiun,Japan,K.K. Hakuyo Kaiun,Japan,Lucia Navigation (Panama) S.A.,Panama,Excel Marine Company Limited,Japan,Hakuyo Shipping Company Limited,Japan,—,—,Excel Marine Company Limited,Japan,—,—,—,—,9202883,357741000,6178,8400,7UEC45LA
vehicle carrier,291830,Palmela,Live,Panama,16778,2000,50'+ gt,20581,Double Hull,H3AP,55926,5020,Shin Kurushima Dockyard Company Limited,Onishi,199.54,190.00,32.26,32.26,33.96,9.63,24.33,Kobe Diesel Company Limited,Mitsubishi Heavy Industries Limited,Kansai Steamship Company Limited,Japan,Panama,—,Kansai Steamship Company Limited,Japan,Kansai Steamship Company Limited,Japan,New Auto Carrier S.A.,Panama,Kansai Steamship Company Limited,Japan,—,—,—,—,Kansai Steamship Company Limited,Japan,—,—,—,—,9207388,351340000,14121,16320,8UEC60LS
vehicle carrier,293373,Liberty King,Live,Marshall Islands,21868,1998,50'+ gt,21511,Single,V7A4807,55729,H-1098,HD Hyundai Heavy Industries Company Limited,Ulsan,199.98,190.00,32.36,32.26,19.42,10.00,9.42,HD Hyundai Heavy Industries Company Limited,B&W Diesel A/S,Liberty Maritime Corporation,United States of America,Majuro,—,Liberty Maritime Corporation,United States of America,Liberty Maritime Corporation,United States of America,Liberty King Corporation,Marshall Islands,Wilhelmsen Ship Management Korea Limited,Republic of Korea,—,—,—,—,Wilhelmsen Ship Management Korea Limited,Republic of Korea,—,—,—,—,9203291,538009492,14309,19460,7S60MC
vehicle carrier,294150,Triumph Ace,Live,Japan,16764,2000,50'+ gt,20131,Single,7KRY,56545,1321,Imabari Shipbuilding Company Limited (Marugame),Marugame,199.94,190.00,32.20,32.20,23.71,10.02,4.67,Kobe Diesel Company Limited,Mitsubishi Heavy Industries Limited,Mitsui O.S.K. Lines Limited (MOL),Japan,—,—,Mitsui O.S.K. Lines Limited (MOL),Japan,Mitsui O.S.K. Lines Limited (MOL),Japan,Mitsui O.S.K. Lines Limited (MOL),Japan,Mitsui O.S.K. Lines Limited (MOL),Japan,—,—,—,—,—,—,—,—,—,—,9209506,431658000,14121,19200,8UEC60LS
vehicle carrier,294151,Meridian Ace,Live,Japan,16852,2000,50'+ gt,20144,Single,7JUK,56175,1322,Imabari Shipbuilding Company Limited (Marugame),Marugame,199.94,190.00,32.20,32.20,23.71,10.02,4.67,Kobe Diesel Company Limited,Mitsubishi Heavy Industries Limited,Mitsui O.S.K. Lines Limited (MOL),Japan,Tokyo,—,Mitsui O.S.K. Lines Limited (MOL),Japan,Mitsui O.S.K. Lines Limited (MOL),Japan,Mitsui O.S.K. Lines Limited (MOL),Japan,MOL Ship Management (Singapore) Private Limited,Republic of Singapore,—,—,—,—,MOL Ship Management (Singapore) Private Limited,Republic of Singapore,—,—,—,—,9209518,431221000,14121,19200,8UEC60LS
vehicle carrier,294154,European Highway,Live,Panama,14412,1999,30'-50'gt,15075,Single,3FWB9,48039,1494,Kawasaki Heavy Industries Limited Shipbuilding Division,Sakaide,179.99,167.00,32.20,32.20,21.42,9.42,22.78,Kawasaki Shipbuilding Corporation,B&W Diesel A/S,'K' Line RoRo Bulk Ship Management Company Limited,Japan,Panama,—,Kawasaki Kisen Kaisha Limited (Kawasaki Kisen KK) ('K' Line),Japan,'K' Line RoRo Bulk Ship Management Company Limited,Japan,Canopus Maritime Company Limited,Liberia,'K' Line RoRo Bulk Ship Management Company Limited,Japan,—,—,—,—,'K' Line RoRo Bulk Ship Management Company Limited,Japan,—,—,—,—,9206011,357900000,13240,15294,8S60MC
vehicle carrier,294155,Jasa Murni,Live,Malaysia,14412,2000,30'-50'gt,15127,Single,9M2506,48039,1495,Kawasaki Heavy Industries Limited Shipbuilding Division,Sakaide,179.99,167.00,32.20,32.20,21.42,9.42,5.56,Kawasaki Shipbuilding Corporation,B&W Diesel A/S,Kk Regional Navigation Sendirian Berhad,Malaysia,Port Klang,—,Kk Regional Navigation Sendirian Berhad,Malaysia,Kk Regional Navigation Sendirian Berhad,Malaysia,Kk Regional Navigation Sendirian Berhad,Malaysia,'K' Line RoRo Bulk Ship Management Company Limited,Japan,—,—,—,—,'K' Line RoRo Bulk Ship Management Company Limited,Japan,—,—,—,—,9206023,533132134,13240,18000,8S60MC
vehicle carrier,294988,Nippon Highway,Dead,Panama,14764,1999,30'-50'gt,16827,Single,3FVX9,49212,1163,Hashihama Shipbuilding Company Limited - SEE NOW AS Tsuneishi Shipbuilding Company Limited,Tadotsu,179.15,170.00,32.20,32.20,21.50,9.67,5.28,Kawasaki Heavy Industries Limited Shipbuilding Division,B&W Diesel A/S,Indian Breakers,—,Panama,—,—,—,—,—,—,—,—,—,—,—,—,—,—,—,—,—,—,—,9205964,—,14312,16538,8S60MC
vehicle carrier,294989,American Highway,Live,Panama,14764,2000,30'-50'gt,16750,Single,H3AJ,49212,1164,Hashihama Shipbuilding Company Limited - SEE NOW AS Tsuneishi Shipbuilding Company Limited,Tadotsu,179.15,170.00,32.20,32.20,32.29,9.67,22.62,Kawasaki Shipbuilding Corporation,B&W Diesel A/S,Kawasaki Kisen Kaisha Limited (Kawasaki Kisen KK) ('K' Line),Japan,Panama,—,Kawasaki Kisen Kaisha Limited (Kawasaki Kisen KK) ('K' Line),Japan,Kawasaki Kisen Kaisha Limited (Kawasaki Kisen KK) ('K' Line),Japan,TSC1164 Shipping SA,Panama,'K' Line RoRo Bulk Ship Management Company Limited,Japan,—,—,—,—,'K' Line RoRo Bulk Ship Management Company Limited,Japan,—,—,—,—,9205976,351124000,14312,19460,8S60MC
vehicle carrier,294991,Ocean Highway,Dead,Panama,14764,2000,30'-50'gt,16733,Single,H3IE,49212,1175,Hashihama Shipbuilding Company Limited - SEE NOW AS Tsuneishi Shipbuilding Company Limited,Tadotsu,179.15,170.00,32.20,32.20,21.50,9.67,5.28,Kawasaki Shipbuilding Corporation,B&W Diesel A/S,Indian Breakers,—,Panama,—,—,—,—,—,—,—,—,—,—,—,—,—,—,—,—,—,—,—,9205988,—,14312,19457,8S60MC
vehicle carrier,295334,Autosky,Live,Madeira,6304,2000,-30'gt,6670,Single,CQQA,21010,1184,Tsuneishi Shipbuilding Company Limited,Tsuneishi,140.00,131.30,22.70,22.70,23.23,7.35,15.88,Wartsila Finland oy,Wartsila Corporation,United European Car Carriers Unipessoal Limitada,Madeira,Madeira,1400,United European Car Carriers AS,Norway,United European Car Carriers Unipessoal Limitada,Madeira,United European Car Carriers Unipessoal Limitada,Madeira,United European Car Carriers AS,Norway,—,—,—,—,United European Car Carriers AS,Norway,—,—,—,—,9206774,255801480,7878,10564,8L46C
vehicle carrier,295335,Autostar,Live,Madeira,6304,2000,-30'gt,6670,Single,CQQC,21010,1185,Tsuneishi Shipbuilding Company Limited,Numakuma,140.00,131.30,22.70,22.70,23.23,6.50,16.73,Wartsila Finland oy,Wartsila Corporation,United European Car Carriers Unipessoal Limitada,Madeira,Funchal,—,United European Car Carriers AS,Norway,United European Car Carriers Unipessoal Limitada,Madeira,Devoted Sailors SA,Marshall Islands,United European Car Carriers AS,Norway,—,—,—,—,United European Car Carriers AS,Norway,—,—,—,—,9206786,255801540,8516,11420,8L46C
vehicle carrier,295850,Rocketship,Live,U.S.A.,3953,2000,-30'gt,4719,Single,WCZ7837,8679,1835,VT Halter Marine,Moss Point,95.28,90.22,—,24.99,6.10,4.66,1.44,General Motors Corporation,General Motors Corporation,Banc of America Leasing & Capital LLC,United States of America,Port Canaveral,—,Bank of America Corporation,United States of America,Banc of America Leasing & Capital LLC,United States of America,Banc of America Leasing & Capital LLC,United States of America,Keystone Shipping Company,United States of America,—,—,—,—,Keystone Shipping Company,United States of America,—,—,—,—,9198501,338731000,2984,2447,16-710-G7
vehicle carrier,296622,An Ji 26,Live,China,10157,1999,30'-50'gt,8531,Single,BICL8,33876,650,Naikai Zosen Shipbuilding Corporation,Setoda,173.03,162.00,27.40,27.40,8.91,7.25,1.66,Hitachi Zosen Corporation,B&W Diesel A/S,SAIC Anji Logistics Company Limited,People's Republic of China,Shanghai,—,SAIC Motor Corporation Limited (SAIC),People's Republic of China,SAIC Anji Logistics Company Limited,People's Republic of China,Anji Shipping Company Limited,People's Republic of China,Shanghai Ansheng Automotive Shipping Company Limited,People's Republic of China,—,—,—,—,Shanghai Ansheng Automotive Shipping Company Limited,People's Republic of China,—,—,—,—,9209934,414295000,8208,10040,8S42MC
vehicle carrier,299035,Platinum Ray,Live,Bahamas,21009,2000,50'+ gt,21400,Single,C6RC2,57772,816802,Stocznia Gdynia S.A.,Gdynia,199.98,188.26,32.27,32.26,32.20,10.02,22.20,Zaklady Przemyslu Metalowego H. Cegielski S.A.,Sulzer Turbomachinery Services,Stamco Ship Management Company Limited,Greece,Nassau,—,Stamco Ship Management Company Limited,Greece,Stamco Ship Management Company Limited,Greece,Stamco Ship Management Company Limited,Greece,Stamco Ship Management Company Limited,Greece,—,—,—,—,Stamco Ship Management Company Limited,Greece,—,—,—,—,9210438,308726000,15734,21100,7RTA62
vehicle carrier,299036,Crystal Ray,Live,Bahamas,21009,2000,50'+ gt,21400,Single,C6RI2,57772,8168/3,Stocznia Gdynia S.A.,Gdynia,199.98,188.26,32.27,32.24,32.20,10.00,22.20,Zaklady Przemyslu Metalowego H. Cegielski S.A.,Sulzer Turbomachinery Services,Ray Shipping Limited,Israel,Nassau,—,Ray Shipping Limited,Israel,Ray Shipping Limited,Israel,Crystal Ray Shipping Limited,Isle of Man,Stamco Ship Management Company Limited,Greece,EUKOR Car Carriers Incorporated,Republic of Korea,—,—,Stamco Ship Management Company Limited,Greece,—,—,—,—,9210440,311039000,15734,21100,7RTA62
vehicle carrier,30047,Jindai Maru,Dead,Japan,4978,1973,-30'gt,8796,Single,—,8755,—,—,Japan,162.00,127.96,20.40,20.40,7.80,6.72,1.08,—,Unknown Engine Designer,—,—,—,—,—,—,—,—,—,—,—,—,—,—,—,—,—,—,—,—,—,—,7326611,—,5876,7880,UNKNOWN
vehicle carrier,30064,Jinyu Maru,Dead,Japan,7678,1974,-30'gt,16343,Single,—,16109,—,—,Japan,225.00,—,32.20,—,12.10,9.30,2.80,—,Unknown Engine Designer,NYK Line.,—,—,—,—,—,—,—,—,—,—,—,—,—,—,—,—,—,—,—,—,—,7373975,—,20134,27000,UNKNOWN
vehicle carrier,301170,Prestige Ace,Live,Panama,16764,2000,50'+ gt,20202,Single,H3NG,55878,1325,Imabari Shipbuilding Company Limited (Marugame),Marugame,199.94,190.00,32.20,32.20,23.71,10.02,4.67,Akasaka Diesels Limited,Mitsubishi Heavy Industries Limited,Kansai Steamship Company Limited,Japan,Panama,—,Kansai Steamship Company Limited,Japan,Kansai Steamship Company Limited,Japan,Polar Bear S.A.,Panama,Kansai Steamship Company Limited,Japan,—,—,—,—,Kansai Steamship Company Limited,Japan,—,—,—,—,9213454,355745000,14121,16318,8UEC60LS
vehicle carrier,302127,Sirius Leader,Live,Singapore,15449,2000,50'+ gt,16451,Single,9V9171,51496,1261,Sumitomo Heavy Industries Limited Shipbuilding,Yokosuka,180.00,170.00,32.26,32.26,21.56,9.63,5.32,Diesel United Limited,Sulzer Turbomachinery Services,Singapore Shipping Corporation Limited,Republic of Singapore,Singapore,—,Singapore Shipping Corporation Limited,Republic of Singapore,Singapore Shipping Corporation Limited,Republic of Singapore,SSC Sirius Leader Private Limited,Republic of Singapore,SSC Ship Management Private Limited,Republic of Singapore,Nippon Yusen Kabushiki Kaisha (NYK Line) (Nippon Yusen Kaisha),Japan,—,—,SSC Ship Management Private Limited,Republic of Singapore,—,—,—,—,9213806,564561000,13540,16572,7RTA62
vehicle carrier,302128,Vega Leader,Live,Panama,15449,2000,50'+ gt,16396,Single,H3NW,51496,1262,Sumitomo Heavy Industries Limited Shipbuilding,Yokosuka,180.00,170.00,32.26,32.26,21.56,9.63,5.32,Diesel United Limited,Sulzer Turbomachinery Services,Nippon Yusen Kabushiki Kaisha (NYK Line) (Nippon Yusen Kaisha),Japan,Panama,—,Nippon Yusen Kabushiki Kaisha (NYK Line) (Nippon Yusen Kaisha),Japan,Nippon Yusen Kabushiki Kaisha (NYK Line) (Nippon Yusen Kaisha),Japan,Latte Maritima SA,Panama,Wilhelmsen Ship Management Sendirian Berhad,Malaysia,United European Car Carriers AS,Norway,—,—,Wilhelmsen Ship Management Sendirian Berhad,Malaysia,—,—,—,—,9213818,355948000,13540,16572,7RTA62
vehicle carrier,302364,Taipei Express,Live,"Taiwan, China",5424,2000,-30'gt,6490,Single,BIBD,18080,1341,Imabari Shipbuilding Company Limited (Marugame),Marugame,167.72,156.00,24.00,24.00,17.18,7.21,9.97,NKK Corporation,Semt Pielstick SA,Great Wagon Marine Corporation,"Taiwan, China",Keelung,24,Wagon Group,"Taiwan, China",Great Wagon Marine Corporation,"Taiwan, China",Great Wagon Marine Corporation,"Taiwan, China",Great Wagon Marine Corporation,"Taiwan, China",—,—,—,—,—,—,—,—,—,—,9213492,416012000,14563,16830,12PC4-2V-570
vehicle carrier,303102,Autosun,Live,Madeira,6329,2000,-30'gt,4470,Single,CQQB,21094,1186,Tsuneishi Shipbuilding Company Limited,Tsuneishi,140.00,131.30,22.70,22.70,23.22,7.35,15.87,Wartsila Finland oy,Wartsila Corporation,United European Car Carriers Unipessoal Limitada,Madeira,Madeira,—,United European Car Carriers AS,Norway,United European Car Carriers Unipessoal Limitada,Madeira,United European Car Carriers Unipessoal Limitada,Madeira,United European Car Carriers AS,Norway,—,—,—,—,United European Car Carriers AS,Norway,—,—,—,—,9227053,255801490,8516,11420,8L46C
vehicle carrier,303107,Sun Star,Live,Panama,—,2000,-30'gt,3226,Single,3E4941,4252,1021,Yamanishi Shipbuilding & Iron Works Incorporated,Ishinomaki,132.16,120.00,20.00,20.00,9.40,5.70,3.70,NKK Corporation,Semt Pielstick SA,Kyungwon Shipping Company Limited,Republic of Korea,Panama,—,Kyungwon Shipping Company Limited,Republic of Korea,Kyungwon Shipping Company Limited,Republic of Korea,Blue Ocean Star Incorporated,Panama,G Withus Company Limited,Union of Myanmar,—,—,—,—,G Withus Company Limited,Union of Myanmar,—,—,—,—,9221255,352002616,9929,13499,18PC2-6V-400
vehicle carrier,303572,Bay 1,Dead,Tuvalu,2880,2001,-30'gt,2900,Single,—,9600,1575,Hijos de J. Barreras S.A.,Vigo,132.45,118.00,—,21.20,14.70,5.20,9.50,Wartsila Corporation,Wartsila Corporation,Bangladesh Breakers,—,Funafuti,—,—,—,—,—,—,—,—,—,—,—,—,—,—,—,—,—,—,—,9218014,—,4197,5628,9L32
vehicle carrier,303700,Tamerlane,Live,Norway (Int. Register),23674,2001,50'+ gt,38500,Single,LAQU5,67140,4430,Hanwha Ocean Company Limited,Okpo,244.60,226.00,32.29,32.26,15.60,11.77,3.83,B&W Diesel A/S,B&W Diesel A/S,Wallenius Wilhelmsen Ocean Holding AS,Norway,Tonsberg,2362,Wilh Wilhelmsen ASA (WILSHIP),Norway,Wallenius Wilhelmsen Ocean Holding AS,Norway,Wilhelmsen Lines Shipowning Malta Limited,Malta,Wilhelmsen Ship Management (Norway) AS,Norway,—,—,—,—,Wilhelmsen Ship Management (Norway) AS,Norway,—,—,—,—,9218648,257758000,21229,28468,8L70MC
vehicle carrier,309803,Trans Future 3,Live,Panama,7548,2001,-30'gt,9491,Single,H3XD,25157,1073,Mitsubishi Heavy Industries Limited Shipbuilding,Shimonoseki,171.40,162.70,25.00,25.00,18.85,8.02,4.38,Mitsubishi Heavy Industries Limited,Mitsubishi Heavy Industries Limited,Toyofuji Shipping Company Limited (Toyofuji Kaiun KK),Japan,Panama,—,Toyofuji Shipping Company Limited (Toyofuji Kaiun KK),Japan,Toyofuji Shipping Company Limited (Toyofuji Kaiun KK),Japan,Feng Li Maritime Corporation,Panama,Kagoshima Senpaku Kaisha Limited,Japan,Kagoshima Senpaku Kaisha Limited,Japan,—,—,Kagoshima Senpaku Kaisha Limited,Japan,—,—,—,—,9227613,356948000,11550,14130,8UEC50LSII
vehicle carrier,310304,Grand Benelux,Live,Italy,13441,2001,30'-50'gt,12800,Single,IBTB,37752,437,Uljanik Brodogradiliste d.d.,Pula,176.00,165.00,31.10,31.10,14.46,8.75,5.73,Uljanik Brodogradiliste d.d.,B&W Diesel A/S,ACL Atlantic Container Line AB,United States of America,Palermo,880,Grimaldi Group S.p.A.,Italy,ACL Atlantic Container Line AB,United States of America,ACL Ship Owners 2005 AB,Italy,Grimaldi Euromed S.p.A.,Italy,—,—,—,—,Grimaldi Euromed S.p.A.,Italy,—,—,—,—,9227900,247039400,11060,15036,7S50MC-C
vehicle carrier,310517,Grand Mark,Live,Panama,15093,2000,50'+ gt,19900,Single,H3LL,57350,5043,Shin Kurushima Dockyard Company Limited,Onishi,199.41,170.00,32.26,32.26,23.78,9.09,14.69,Mitsubishi Heavy Industries Limited Shipbuilding,Mitsubishi Heavy Industries Limited,Cido Shipping (HK) Company Limited,"Hong Kong, S.A.R., China",Panama,4300,Cido Shipping (HK) Company Limited,"Hong Kong, S.A.R., China",Cido Shipping (HK) Company Limited,"Hong Kong, S.A.R., China",Dynamic Pioneer Marine S.A.,Panama,Cido Shipping (Korea) Company Limited,Republic of Korea,—,—,—,—,Cido Shipping (Korea) Company Limited,Republic of Korea,—,—,—,—,9228306,355029000,12356,16800,7UEC60LS
vehicle carrier,310685,New Century 1,Live,Panama,15859,2001,50'+ gt,16837,Single,H9LA,52863,2167,Mitsubishi Heavy Industries Limited Shipbuilding,Nagasaki,199.99,190.00,32.26,32.20,21.44,9.03,5.43,Mitsubishi Heavy Industries Limited,Mitsubishi Heavy Industries Limited,Toyofuji Shipping Company Limited (Toyofuji Kaiun KK),Japan,Panama,—,Toyofuji Shipping Company Limited (Toyofuji Kaiun KK),Japan,Toyofuji Shipping Company Limited (Toyofuji Kaiun KK),Japan,Feng Li Maritime Corporation,Panama,Kagoshima Senpaku Kaisha Limited,Japan,Fujitrans Corporation,Japan,—,—,Kagoshima Senpaku Kaisha Limited,Japan,—,—,—,—,9229398,355234000,11180,15199,8UEC60LSII
vehicle carrier,310686,New Century 2,Live,Liberia,15859,2001,50'+ gt,16837,Single,D5KF5,52863,2168,Mitsubishi Heavy Industries Limited Shipbuilding,Nagasaki,199.99,190.00,32.26,32.20,21.44,9.03,5.43,Mitsubishi Heavy Industries Limited,Mitsubishi Heavy Industries Limited,Kagoshima Senpaku Kaisha Limited,Japan,Monrovia,—,Kagoshima Senpaku Kaisha Limited,Japan,Kagoshima Senpaku Kaisha Limited,Japan,Norwich Shipping Corporation,Panama,Kagoshima Senpaku Kaisha Limited,Japan,—,—,—,—,Kagoshima Senpaku Kaisha Limited,Japan,—,—,—,—,9229403,636017294,11180,15199,8UEC50LSII
vehicle carrier,313605,Sunbelt Spirit,Live,Marshall Islands,23315,2002,50'+ gt,17950,Single,V7DK4,60587,1284,Sumitomo Heavy Industries Limited Shipbuilding,Yokosuka,212.08,202.00,32.26,32.26,33.95,9.82,24.13,Diesel United Limited,Sulzer Turbomachinery Services,Great American Lines Incorporated,United States of America,Majuro,—,Mitsui O.S.K. Lines Limited (MOL),Japan,Great American Lines Incorporated,United States of America,Great American Lines Incorporated,United States of America,Fairfield-Maxwell Services Limited,United States of America,—,—,—,—,Fairfield-Maxwell Services Limited,United States of America,—,—,—,—,9233246,538001657,17760,20665,8RTA62
vehicle carrier,313832,Seatranferry 10,Live,Thailand,—,2001,-30'gt,1277,Single,HSB6336,1848,5101,Shin Kurushima Dockyard Company Limited,Hashihama,84.02,78.00,—,14.00,8.35,4.21,1.44,Daihatsu Diesel Manufacturing Company Limited,Daihatsu Diesel Manufacturing Company Limited,Unknown Owners,—,—,—,Unknown Owners,—,Unknown Owners,—,Unknown Owners,—,Kohkoku Kaiun K.K.,Japan,—,—,—,—,—,—,—,—,—,—,9233894,567001588,3310,4497,6DKM-36
vehicle carrier,314388,Malacca Highway,Live,Panama,5475,2001,-30'gt,6864,Single,H9AT,17735,1669,Usuki Shipyard Company Limited,Usuki,139.00,130.00,23.20,23.20,15.05,7.01,1.99,The Hanshin Diesel Works Limited,B&W Diesel A/S,'K' Line RoRo Bulk Ship Management Company Limited,Japan,Panama,—,Kawasaki Kisen Kaisha Limited (Kawasaki Kisen KK) ('K' Line),Japan,'K' Line RoRo Bulk Ship Management Company Limited,Japan,Malacca Highway Shipping S.A.,Panama,Stargate Shipmanagement GmbH,Germany,—,—,—,—,Stargate Shipmanagement GmbH,Germany,—,—,—,—,9235414,355351000,7560,8736,7S42MC
vehicle carrier,314390,Makassar Highway,Dead,Panama,5475,2001,-30'gt,6890,Single,H9HO,17735,1670,Usuki Shipyard Company Limited,Usuki,139.00,130.00,23.20,23.20,15.05,7.01,1.99,The Hanshin Diesel Works Limited,B&W Diesel A/S,K Line RoRo,—,Panama,—,—,—,—,—,—,—,—,—,—,—,—,—,—,—,—,—,—,—,9235426,—,7560,10278,7S42MC
vehicle carrier,316246,Galaxy Leader,Live,Bahamas,15397,2002,30'-50'gt,17127,Single,C6SO2,48710,8213/1,Stocznia Gdynia S.A.,Gdynia,189.20,172.76,32.29,32.20,13.99,9.50,4.49,Zaklady Przemyslu Metalowego H. Cegielski S.A.,Sulzer Turbomachinery Services,Ray Shipping Limited,Israel,Nassau,—,Ray Shipping Limited,Israel,Ray Shipping Limited,Israel,Galaxy Maritime Limited,Isle of Man,Stamco Ship Management Company Limited,Greece,—,—,—,—,Stamco Ship Management Company Limited,Greece,—,—,—,—,9237307,311408000,15754,21127,7RTA62
vehicle carrier,316247,Global Leader,Live,Bahamas,15397,2002,30'-50'gt,17125,Single,C6SU5,48710,8213/2,Stocznia Gdynia S.A.,Gdynia,189.21,172.84,32.29,32.20,13.99,9.50,4.49,Zaklady Przemyslu Metalowego H. Cegielski S.A.,Sulzer Turbomachinery Services,Ray Shipping Limited,Israel,Nassau,—,Ray Shipping Limited,Israel,Ray Shipping Limited,Israel,Global Maritime Limited,Isle of Man,Stamco Ship Management Company Limited,Greece,—,—,—,—,Stamco Ship Management Company Limited,Greece,—,—,—,—,9237319,311475000,15754,21127,7RTA62
vehicle carrier,3171,Alda K.,Dead,Tonga,343,1954,-30'gt,915,Single,—,836,233,Scheepswerf de Gideon v/h J. Kloster Hzn.,Groningen,64.00,—,9.90,—,5.80,3.70,2.10,—,Unknown Engine Designer,Irish Breakers,—,—,—,—,—,—,—,—,—,—,—,—,—,—,—,—,—,—,—,—,—,5276965,—,559,750,UNKNOWN
vehicle carrier,317452,Continental Highway,Dead,Panama,16648,2001,50'+ gt,17201,Single,H9LY,55493,1366,Imabari Shipbuilding Company Limited (Marugame),Marugame,199.94,190.00,32.20,32.20,23.71,9.62,5.68,Kobe Diesel Company Limited,Mitsubishi Heavy Industries Limited,Indian Breakers,—,Panama,—,—,—,—,—,—,—,—,—,—,—,—,—,—,—,—,—,—,—,9238519,—,13940,18952,8UEC60LSII
vehicle carrier,317453,Seven Seas Highway,Live,Panama,16648,2001,50'+ gt,17232,Single,3EDJ6,55493,1367,Imabari Shipbuilding Company Limited (Marugame),Marugame,199.94,190.00,32.20,32.20,23.71,9.62,14.27,Kobe Diesel Company Limited,Mitsubishi Heavy Industries Limited,Kawasaki Kisen Kaisha Limited (Kawasaki Kisen KK) ('K' Line),Japan,Panama,—,Kawasaki Kisen Kaisha Limited (Kawasaki Kisen KK) ('K' Line),Japan,Kawasaki Kisen Kaisha Limited (Kawasaki Kisen KK) ('K' Line),Japan,Seven Seas Highway Shipping S.A.,Panama,'K' Line RoRo Bulk Ship Management Company Limited,Japan,—,—,—,—,'K' Line RoRo Bulk Ship Management Company Limited,Japan,—,—,—,—,9238521,370363000,13940,18952,8UEC60LSII
vehicle carrier,317486,Ural,Live,Sierra Leone,—,2001,-30'gt,7221,Single,9LU2125,10329,5102,Shin Kurushima Dockyard Company Limited,Hashihama,158.00,148.00,26.00,26.00,18.45,7.32,11.13,Mitsui Engineering & Shipbuilding Company Limited,B&W Diesel A/S,Far East Maritime Transport Company Limited,Cyprus,Freetown,—,Far East Maritime Transport Company Limited,Cyprus,Far East Maritime Transport Company Limited,Cyprus,Far East Maritime Transport Company Limited,Cyprus,Femarship Limited,Cyprus,—,—,—,—,Femarship Limited,Cyprus,—,—,—,—,9238246,667001322,12640,17160,8S50MC-C
vehicle carrier,319142,Undine,Live,Sweden,28512,2002,50'+ gt,28388,Single,SHJC,67378,4431,Hanwha Ocean Company Limited,Okpo,227.89,219.30,32.26,32.26,14.05,9.50,4.55,HSD Engine Company Limited,B&W Diesel A/S,Wallenius Wilhelmsen Ocean Holding AS,Norway,Stockholm,—,Wilh Wilhelmsen ASA (WILSHIP),Norway,Wallenius Wilhelmsen Ocean Holding AS,Norway,Wall Ro/Ro AB,Sweden,Wallenius Marine Singapore Private Limited,Republic of Singapore,—,—,—,—,Wallenius Marine AB,Sweden,—,—,—,—,9240160,265884000,14904,19986,8S60MC
vehicle carrier,319675,Neptune Aegli,Live,Malta,6484,2002,-30'gt,5600,Single,9HEX7,21611,1594,Hijos de J. Barreras S.A.,Vigo,158.50,145.00,24.44,24.40,8.00,6.42,1.58,Wartsila Finland oy,Wartsila Corporation,Neptune Lines Shipping & Managing Enterprises S.A.,Greece,Valletta,—,Travlos family,Greece,Neptune Lines Shipping & Managing Enterprises S.A.,Greece,Aegli Shipping Company  Limited,Malta,Neptune Lines Shipping & Managing Enterprises S.A.,Greece,—,—,—,—,Neptune Lines Shipping & Managing Enterprises S.A.,Greece,Wet,Open Loop (Hybrid Ready),ME Production,Retrofit,9240964,215170000,7907,10604,8L46B
vehicle carrier,319676,Neptune Dynamis,Live,Malta,6484,2002,-30'gt,5600,Single,9HFR7,21611,1595,Hijos de J. Barreras S.A.,Vigo,158.50,145.00,24.44,24.40,8.00,6.42,1.58,Wartsila Finland oy,Wartsila Corporation,Neptune Lines Shipping & Managing Enterprises S.A.,Greece,Valletta,—,Travlos family,Greece,Neptune Lines Shipping & Managing Enterprises S.A.,Greece,Dynamis Shipping Company Limited,Malta,Neptune Lines Shipping & Managing Enterprises S.A.,Greece,—,—,—,—,Neptune Lines Shipping & Managing Enterprises S.A.,Greece,Wet,Open Loop (Hybrid Ready),ME Production,Retrofit,9240976,215188000,7907,10604,8L46B
vehicle carrier,320890,Mediterranean Highway,Live,Panama,16648,2002,50'+ gt,17228,Single,H9WT,55493,1373,Imabari Shipbuilding Company Limited (Marugame),Marugame,199.94,190.00,32.20,32.20,23.71,9.62,5.68,Kobe Diesel Company Limited,Mitsubishi Heavy Industries Limited,Unknown Owners,—,Panama,—,Unknown Owners,—,Unknown Owners,—,Balestier Partners Limited,Marshall Islands,OSM Ship Management Private Limited,Republic of Singapore,—,—,—,—,OSM Ship Management Private Limited,Republic of Singapore,—,—,—,—,9250220,354203000,13940,18952,8UEC60LSII
vehicle carrier,320891,Atlantic Highway,Dead,Panama,16648,2002,50'+ gt,17232,Single,HOBY,55493,1374,Imabari Shipbuilding Company Limited (Marugame),Marugame,199.94,190.00,32.20,32.20,23.71,9.62,14.18,Kobe Diesel Company Limited,Mitsubishi Heavy Industries Limited,Indian Breakers,—,Panama,—,—,—,—,—,—,—,—,—,—,—,—,—,—,—,—,—,—,—,9250232,—,13940,18952,8UEC60LSII
vehicle carrier,321342,Baltic Highway,Dead,Panama,12672,2001,30'-50'gt,17828,Single,H9TB,42238,1220,Tsuneishi Shipbuilding Company Limited,Tadotsu,179.48,170.00,32.20,32.20,21.78,9.67,5.46,Kawasaki Shipbuilding Corporation,B&W Diesel A/S,Indian Breakers,—,Panama,—,—,—,—,—,—,—,—,—,—,—,—,—,—,—,—,—,—,—,9243461,—,13480,18328,8S60MC
vehicle carrier,321343,Caribbean Highway,Dead,Panama,12672,2002,30'-50'gt,17866,Single,H9ZW,42238,1221,Tsuneishi Shipbuilding Company Limited,Tadotsu,179.48,170.00,32.20,32.20,21.78,9.67,5.46,Kawasaki Heavy Industries Limited (Tokyo),B&W Diesel A/S,Indian Breakers,—,Panama,—,—,—,—,—,—,—,—,—,—,—,—,—,—,—,—,—,—,—,9243473,—,13480,18328,8S60MC
vehicle carrier,322775,Jean Anne,Live,U.S.A.,20705,2005,30'-50'gt,12561,Single,WDC3786,37548,1873,VT Halter Marine,Pascagoula,176.47,167.39,31.07,31.04,14.45,8.75,5.70,—,B&W Diesel A/S,Pasha Hawaii Transport Lines LLC,United States of America,San Francisco,—,The Pasha Group,United States of America,Pasha Hawaii Transport Lines LLC,United States of America,Pasha Hawaii Transport Lines LLC,United States of America,Pasha Hawaii Holdings LLC,United States of America,—,—,—,—,Pasha Hawaii Holdings LLC,United States of America,—,—,—,—,9233167,367003380,11213,15037,7S50MC-C
vehicle carrier,323961,Grand Pioneer,Live,Panama,17685,2002,50'+ gt,19120,Single,HOBN,58947,H-5136,Shin Kurushima Dockyard Company Limited,Onishi,199.50,190.00,32.26,32.26,34.06,9.62,5.01,Kobe Diesel Company Limited,Mitsubishi Heavy Industries Limited,Cido Shipping (HK) Company Limited,"Hong Kong, S.A.R., China",Panama,—,Cido Shipping (HK) Company Limited,"Hong Kong, S.A.R., China",Cido Shipping (HK) Company Limited,"Hong Kong, S.A.R., China",Dynamic Carrier Shipping S.A.,Panama,Cido Shipping (Korea) Company Limited,Republic of Korea,Cido Car Carrier Service Company Limited,"Hong Kong, S.A.R., China",—,—,Cido Shipping (Korea) Company Limited,Republic of Korea,—,—,—,—,9247572,352935000,14357,19253,8UEC60LS
vehicle carrier,323962,Grand Mercury,Live,Panama,17685,2002,50'+ gt,19121,Single,HOOC,58947,H-5137,Shin Kurushima Dockyard Company Limited,Onishi,199.50,190.00,32.26,32.26,34.06,9.62,5.01,Mitsubishi Heavy Industries Limited,Mitsubishi Heavy Industries Limited,Cido Shipping (HK) Company Limited,"Hong Kong, S.A.R., China",Panama,—,Cido Shipping (HK) Company Limited,"Hong Kong, S.A.R., China",Cido Shipping (HK) Company Limited,"Hong Kong, S.A.R., China",Dynamic Sunrise Shipping S.A.,Panama,Cido Shipping (Korea) Company Limited,Republic of Korea,Cido Car Carrier Service Company Limited,"Hong Kong, S.A.R., China",—,—,Cido Shipping (Korea) Company Limited,Republic of Korea,—,—,—,—,9247584,355649000,14357,19253,8UEC60LS
vehicle carrier,324117,Grande Napoli,Live,Italy,14891,2003,30'-50'gt,14565,Single,IBZE,44431,441,Uljanik Brodogradiliste d.d.,Pula,196.40,185.40,31.10,31.10,14.46,8.41,6.05,Uljanik d.d.,B&W Diesel A/S,Grimaldi Euromed S.p.A.,Italy,Palermo,—,Grimaldi Group S.p.A.,Italy,Grimaldi Euromed S.p.A.,Italy,Grimaldi Euromed S.p.A.,Italy,Grimaldi Euromed S.p.A.,Italy,—,—,—,—,Grimaldi Euromed S.p.A.,Italy,—,—,—,—,9247924,247080200,11060,15037,7S50MC-C
vehicle carrier,324118,Grande Roma,Live,Italy,14891,2003,30'-50'gt,14483,Single,IBZI,44431,442,Uljanik Brodogradiliste d.d.,Pula,196.40,185.40,31.10,31.10,14.46,8.41,6.05,Uljanik Brodogradiliste d.d.,B&W Diesel A/S,Grimaldi Euromed S.p.A.,Italy,Palermo,—,Grimaldi Group S.p.A.,Italy,Grimaldi Euromed S.p.A.,Italy,Grimaldi Euromed S.p.A.,Italy,Grimaldi Euromed S.p.A.,Italy,—,—,—,—,Grimaldi Euromed S.p.A.,Italy,—,—,—,—,9247936,247086800,11060,15037,7S50MC-C
vehicle carrier,3246,Aquila,Dead,Italy,256,1964,-30'gt,737,Single,—,500,—,—,,—,—,—,—,—,—,—,—,Unknown Engine Designer,—,—,—,—,—,—,—,—,—,—,—,—,—,—,—,—,—,—,—,—,—,—,6403242,—,—,—,UNKNOWN
vehicle carrier,325669,Tenerife Car,Dead,Portugal,3934,2002,-30'gt,3276,Single,—,13112,1591,Hijos de J. Barreras S.A.,Vigo,132.00,118.00,21.20,21.20,14.70,—,—,Wartsila Finland oy,Wartsila Corporation,Flota Suardiaz,—,—,—,—,—,—,—,—,—,—,—,—,—,—,—,—,—,—,—,—,—,9249984,—,6391,8570,9L38
vehicle carrier,325670,Bouzas,Live,Spain,10322,2002,-30'gt,6000,Single,EAPC,15224,1592,Hijos de J. Barreras S.A.,Vigo,141.88,132.00,21.00,21.00,12.44,6.00,6.44,MAN Energy Solutions SE,MAN Energy Solutions SE,Flota Suardiaz S.L.,Spain,Santa Cruz de Tenerife,—,Suardiaz Group,Spain,Flota Suardiaz S.L.,Spain,Flota Suardiaz S.L.,Spain,Flota Suardiaz S.L.,Spain,—,—,—,—,Flota Suardiaz S.L.,Spain,—,—,—,—,9249996,224029000,6480,8804,9L40/54
vehicle carrier,325671,Suar Vigo,Live,Spain,4908,2003,-30'gt,6000,Single,ECDY,16361,1593,Hijos de J. Barreras S.A.,Vigo,149.40,132.00,21.00,21.00,12.40,6.20,6.20,B&W Diesel A/S,MAN Energy Solutions SE,Flota Suardiaz S.L.,Spain,Santa Cruz de Tenerife,—,Suardiaz Group,Spain,Flota Suardiaz S.L.,Spain,Flota Suardiaz S.L.,Spain,Flota Suardiaz S.L.,Spain,—,—,—,—,Flota Suardiaz S.L.,Spain,—,—,—,—,9250000,224499000,6570,8810,9L40/54
vehicle carrier,325727,Innovator,Live,Japan,—,2001,-30'gt,2241,Single,JM6662,2187,1026,Honda Shipbuilding Company Limited,Saiki,121.12,—,16.70,16.70,10.30,4.96,5.34,Makita Corporation,B&W Diesel A/S,Hakko Unyu K.K.,Japan,Miyazaki,—,Hakko Unyu K.K.,Japan,Hakko Unyu K.K.,Japan,Hakko Unyu K.K.,Japan,Hakko Unyu K.K.,Japan,—,—,—,—,—,—,—,—,—,—,9251731,431602082,4594,6160,7L35MC
vehicle carrier,326268,Morning Crest,Live,Japan,18499,2003,50'+ gt,19927,Single,7JWJ,56563,674,Minami-Nippon Shipbuilding Company Limited,Usuki,198.00,188.00,32.22,32.20,21.09,9.92,4.68,Kobe Diesel Company Limited,Mitsubishi Heavy Industries Limited,Mitsui O.S.K. Lines Limited (MOL),Japan,Tokyo,—,Mitsui O.S.K. Lines Limited (MOL),Japan,Mitsui O.S.K. Lines Limited (MOL),Japan,Mitsui O.S.K. Lines Limited (MOL),Japan,MOL Ship Management (Singapore) Private Limited,Republic of Singapore,—,—,—,—,MOL Ship Management (Singapore) Private Limited,Republic of Singapore,—,—,—,—,9252204,431312000,14160,19252,8UEC60LS
vehicle carrier,326269,Heroic Ace,Live,Panama,17959,2003,50'+ gt,19879,Single,HPFM,56439,675,Minami-Nippon Shipbuilding Company Limited,Usuki,198.00,188.00,32.20,32.20,21.09,9.92,4.68,Kobe Diesel Company Limited,Mitsubishi Heavy Industries Limited,MOL Auto Logistics (India) Private Limited,India,Panama,—,Mitsui O.S.K. Lines Limited (MOL),Japan,MOL Auto Logistics (India) Private Limited,India,Aurora Car Maritime Transport S.A.,Panama,MOL Ship Management (Singapore) Private Limited,Republic of Singapore,—,—,—,—,MOL Ship Management (Singapore) Private Limited,Republic of Singapore,Unknown,Unknown,Unknown Scrubber Manufacturer,Retrofit,9252216,352915000,14160,19252,8UEC60LS
vehicle carrier,326270,Splendid Ace,Live,Japan,18502,2003,50'+ gt,19893,Single,7JXH,56556,676,Minami-Nippon Shipbuilding Company Limited,Usuki,198.00,188.00,32.20,32.20,21.09,9.92,4.68,Kobe Diesel Company Limited,Mitsubishi Heavy Industries Limited,Mitsui O.S.K. Lines Limited (MOL),Japan,Tokyo,—,Mitsui O.S.K. Lines Limited (MOL),Japan,Mitsui O.S.K. Lines Limited (MOL),Japan,Mitsui O.S.K. Lines Limited (MOL),Japan,MOL Ship Management (Singapore) Private Limited,Republic of Singapore,—,—,—,—,MOL Ship Management (Singapore) Private Limited,Republic of Singapore,—,—,—,—,9252228,431349000,14160,19251,8UEC60LS
vehicle carrier,330184,Kyrannis,Live,Tunisia,281,1985,-30'gt,—,Single,—,499,—,Proteus Z. Vassiliadis Bros. Nafpigiki Limited,Salamis,56.00,49.50,12.20,10.20,3.30,2.16,1.14,"Baudouin, Societe des Moteurs","Baudouin, Societe des Moteurs",Societe Nouvelle de Transport Kerkennah,Tunisia,Sfax,—,Societe Nouvelle de Transport Kerkennah,Tunisia,Societe Nouvelle de Transport Kerkennah,Tunisia,Societe Nouvelle de Transport Kerkennah,Tunisia,Societe Nouvelle de Transport Kerkennah,Tunisia,—,—,—,—,Societe Nouvelle de Transport Kerkennah,Tunisia,—,—,—,—,8842492,—,336,450,12P152S
vehicle carrier,333253,Youshou Maru,Live,Japan,—,2003,-30'gt,6950,Single,JH3502,14790,1089,Mitsubishi Heavy Industries Limited Shipbuilding,Shimonoseki,167.00,158.00,30.20,30.20,17.55,7.52,1.57,Mitsubishi Heavy Industries Limited,Mitsubishi Heavy Industries Limited,Fujitrans Corporation,Japan,Nagoya,—,Fujitrans Corporation,Japan,Fujitrans Corporation,Japan,Fujitrans Corporation,Japan,Fujitrans Corporation,Japan,Kagoshima Senpaku Kaisha Limited,Japan,—,—,—,—,—,—,—,—,9263148,431200632,19125,23400,12UEC52LSE
vehicle carrier,33746,Laurita,Dead,Liberia,3621,1969,-30'gt,7919,Single,—,6255,—,—,West Germany,180.00,—,25.80,—,14.60,6.80,7.80,—,Unknown Engine Designer,—,—,Monrovia,—,—,—,—,—,—,—,—,—,—,—,—,—,—,—,—,—,—,—,6929246,—,5966,8000,UNKNOWN
vehicle carrier,3378615,Trans Future 10,Live,Panama,8627,2010,-30'gt,6220,Single,3FEN2,28755,1139,Mitsubishi Heavy Industries Limited Shipbuilding,Shimonoseki,165.00,157.00,—,27.60,18.93,6.52,17.63,Mitsubishi Heavy Industries Limited Shipbuilding,Mitsubishi Heavy Industries Limited,Toyofuji Shipping Company Limited (Toyofuji Kaiun KK),Japan,Panama,—,Toyofuji Shipping Company Limited (Toyofuji Kaiun KK),Japan,Toyofuji Shipping Company Limited (Toyofuji Kaiun KK),Japan,Feng Li Maritime Corporation & Star Bulk Carrier Company S.A.,Panama,Kagoshima Senpaku Kaisha Limited,Japan,—,—,—,—,Kagoshima Senpaku Kaisha Limited,Japan,—,—,—,—,9477713,356143000,11935,16179,7UEC52LSE
vehicle carrier,3378616,Tocho,Live,Singapore,8627,2010,-30'gt,6220,Single,9V8400,28755,1140,Mitsubishi Heavy Industries Limited Shipbuilding,Shimonoseki,165.00,157.00,—,27.60,18.93,6.52,17.63,Mitsubishi Heavy Industries Limited Shipbuilding,Mitsubishi Heavy Industries Limited,Fujitrans Corporation,Japan,Singapore,—,Fujitrans Corporation,Japan,Fujitrans Corporation,Japan,FT Logistics (Asia) Private Limited,Republic of Singapore,Kagoshima Senpaku Kaisha Limited,Japan,—,—,—,—,Kagoshima Senpaku Kaisha Limited,Japan,—,—,—,—,9477725,564352000,11935,16179,7UEC52LSE
vehicle carrier,3378617,Trans Future 11,Live,Panama,8627,2011,-30'gt,6220,Single,3FXC3,28755,1141,Mitsubishi Heavy Industries Limited Shipbuilding,Shimonoseki,165.00,157.00,—,27.60,18.93,6.52,17.63,Mitsubishi Heavy Industries Limited Shipbuilding,Mitsubishi Heavy Industries Limited,Toyofuji Shipping Company Limited (Toyofuji Kaiun KK),Japan,Panama,—,Toyofuji Shipping Company Limited (Toyofuji Kaiun KK),Japan,Toyofuji Shipping Company Limited (Toyofuji Kaiun KK),Japan,Feng Li Maritime Corporation,Panama,Toyofuji Shipping Company Limited (Toyofuji Kaiun KK),Japan,—,—,—,—,—,—,—,—,—,—,9477737,356468000,11935,16179,7UEC52LSE
vehicle carrier,3381149,Glovis Countess,Live,Marshall Islands,18573,2010,50'+ gt,18701,Single,V7TM4,60213,H-2253,Mitsubishi Heavy Industries Limited Shipbuilding,Nagasaki,199.90,192.00,—,32.26,34.52,9.72,24.80,Mitsubishi Heavy Industries Limited,Mitsubishi Heavy Industries Limited,Korea Ocean Business Corporation (KOBC),Republic of Korea,Majuro,—,Korea Ocean Business Corporation (KOBC),Republic of Korea,Korea Ocean Business Corporation (KOBC),Republic of Korea,KSF Global No 36 SA,Marshall Islands,KMARIN Ocean Services Corporation (KOSCO),Republic of Korea,Stena Glovis SE,Germany,—,—,KMARIN Ocean Services Corporation (KOSCO),Republic of Korea,—,—,—,—,9476721,538003831,14315,19197,7UEC60LSII
vehicle carrier,3381679,Zeus Leader,Live,Japan,19312,2009,50'+ gt,18697,Single,7JEX,60212,2254,Mitsubishi Heavy Industries Limited Shipbuilding,Nagasaki,199.99,192.00,—,32.26,21.25,9.73,25.07,Mitsubishi Heavy Industries Limited,Mitsubishi Heavy Industries Limited,Nippon Yusen Kabushiki Kaisha (NYK Line) (Nippon Yusen Kaisha),Japan,Tokyo,—,Nippon Yusen Kabushiki Kaisha (NYK Line) (Nippon Yusen Kaisha),Japan,Nippon Yusen Kabushiki Kaisha (NYK Line) (Nippon Yusen Kaisha),Japan,Ship I and Ship II and Ship III and Ship IV Company Limited,Japan,NYK Shipmanagement Private Limited,Republic of Singapore,—,—,—,—,NYK Shipmanagement Private Limited,Republic of Singapore,—,—,—,—,9476733,432712000,14315,19197,7UEC60SL
vehicle carrier,3381680,Helios Leader,Live,Japan,19312,2009,50'+ gt,18692,Single,7JFI,60212,2255,Mitsubishi Heavy Industries Limited Shipbuilding,Nagasaki,199.99,192.00,—,32.26,21.25,9.73,26.29,Mitsubishi Heavy Industries Limited Shipbuilding,Mitsubishi Heavy Industries Limited,Nippon Yusen Kabushiki Kaisha (NYK Line) (Nippon Yusen Kaisha),Japan,Tokyo,—,Nippon Yusen Kabushiki Kaisha (NYK Line) (Nippon Yusen Kaisha),Japan,Nippon Yusen Kabushiki Kaisha (NYK Line) (Nippon Yusen Kaisha),Japan,Nippon Yusen Kabushiki Kaisha (NYK Line) (Nippon Yusen Kaisha),Japan,NYK Shipmanagement Private Limited,Republic of Singapore,—,—,—,—,NYK Shipmanagement Private Limited,Republic of Singapore,—,—,—,—,9476745,432723000,14315,19197,7UEC60LSII
vehicle carrier,3381681,Ruby Ace,Live,Japan,18454,2010,50'+ gt,18724,Single,7KOK,60105,2256,Mitsubishi Heavy Industries Limited Shipbuilding,Nagasaki,199.99,192.00,—,32.26,21.25,9.73,26.29,Mitsubishi Heavy Industries Limited Shipbuilding,Mitsubishi Heavy Industries Limited,Mitsui O.S.K. Lines Limited (MOL),Japan,Tokyo,—,Mitsui O.S.K. Lines Limited (MOL),Japan,Mitsui O.S.K. Lines Limited (MOL),Japan,Mitsui O.S.K. Lines Limited (MOL),Japan,MOL Ship Management (Singapore) Private Limited,Republic of Singapore,—,—,—,—,MOL Ship Management (Singapore) Private Limited,Republic of Singapore,—,—,—,—,9476757,431881000,14315,19197,7UEC60LSII
vehicle carrier,3381682,Garnet Ace,Live,Panama,18573,2010,50'+ gt,18740,Single,3FTC4,60148,2257,Mitsubishi Heavy Industries Limited Shipbuilding,Nagasaki,199.99,192.00,—,32.26,21.25,9.73,26.29,Mitsubishi Heavy Industries Limited,Unknown Engine Designer,K.K. Hakuyo Kaiun,Japan,Panama,—,K.K. Hakuyo Kaiun,Japan,K.K. Hakuyo Kaiun,Japan,Lucia Navigation (Panama) S.A.,Panama,Excel Marine Company Limited,Japan,—,—,—,—,Excel Marine Company Limited,Japan,—,—,—,—,9476769,371987000,14315,19197,7UEC60LSII
vehicle carrier,338501,Martorell,Live,Panama,18114,2003,50'+ gt,19531,Single,HPNE,57789,3561,Shin Kurushima Toyohashi Shipbuilding Company Limited,Toyohashi,199.54,190.00,32.26,32.26,21.12,9.73,4.87,Kobe Diesel Company Limited,Mitsubishi Heavy Industries Limited,Kansai Steamship Company Limited,Japan,Panama,—,Kansai Steamship Company Limited,Japan,Kansai Steamship Company Limited,Japan,New Auto Carrier S.A.,Panama,Kansai Steamship Company Limited,Japan,—,—,—,—,Kansai Steamship Company Limited,Japan,—,—,—,—,9267675,351780000,14160,19253,8UEC60LS
vehicle carrier,338502,Progress Ace,Live,Panama,18114,2003,50'+ gt,19512,Single,HPQI,57789,3562,Shin Kurushima Toyohashi Shipbuilding Company Limited,Toyohashi,199.54,170.00,32.26,32.26,21.12,9.73,4.87,Kobe Diesel Company Limited,Mitsubishi Heavy Industries Limited,Meiji Shipping Company Limited,Japan,Panama,—,Meiji Shipping Group,Japan,Meiji Shipping Company Limited,Japan,Esteem Maritime S.A.,Panama,MMS Company Limited,Japan,—,—,—,—,MMS Company Limited,Japan,—,—,—,—,9267687,353514000,14160,16364,8UEC60LS
vehicle carrier,338503,Prominent Ace,Live,Japan,18114,2004,50'+ gt,19550,Single,7KLK,57806,3563,Shin Kurushima Toyohashi Shipbuilding Company Limited,Toyohashi,199.54,190.00,32.26,32.26,21.12,9.73,24.08,Kobe Diesel Company Limited,Mitsubishi Heavy Industries Limited,Mitsui O.S.K. Lines Limited (MOL),Japan,Tokyo,—,Mitsui O.S.K. Lines Limited (MOL),Japan,Mitsui O.S.K. Lines Limited (MOL),Japan,Mitsui O.S.K. Lines Limited (MOL),Japan,MOL Ship Management (Singapore) Private Limited,Republic of Singapore,MOL Auto Carrier Express (MOL ACE),Japan,—,—,MOL Ship Management (Singapore) Private Limited,Republic of Singapore,—,—,—,—,9267699,431695000,14160,19253,8UEC60LS
vehicle carrier,338504,Grand Eagle,Live,Panama,17685,2003,50'+ gt,19048,Single,HOXM,58947,H-3565,Shin Kurushima Toyohashi Shipbuilding Company Limited,Toyohashi,199.50,190.00,32.26,32.26,34.06,9.62,5.01,Kobe Diesel Company Limited,Mitsubishi Heavy Industries Limited,Cido Shipping (HK) Company Limited,"Hong Kong, S.A.R., China",Panama,—,Cido Shipping (HK) Company Limited,"Hong Kong, S.A.R., China",Cido Shipping (HK) Company Limited,"Hong Kong, S.A.R., China",Dynamic Twinkle Shipping Company S.A.,Panama,Cido Shipping (Korea) Company Limited,Republic of Korea,Cido Car Carrier Service Company Limited,"Hong Kong, S.A.R., China",—,—,Cido Shipping (Korea) Company Limited,Republic of Korea,—,—,—,—,9267663,357347000,16733,22439,8UEC60LS
vehicle carrier,338552,Jasper Arrow,Live,Bahamas,21037,2005,50'+ gt,21040,Single,C6UH9,57692,8168/12,Stocznia Gdynia S.A.,Gdynia,199.94,188.36,32.26,32.26,19.98,10.02,9.96,H. Cegielski-Poznan S.A.,B&W Diesel A/S,Ray Shipping Limited,Israel,Nassau,—,Ray Shipping Limited,Israel,Ray Shipping Limited,Israel,Jasper Maritime Limited,Isle of Man,Stamco Ship Management Company Limited,Greece,—,—,—,—,Stamco Ship Management Company Limited,Greece,—,—,—,—,9267912,311919000,15754,21127,7S60MC-C
vehicle carrier,338553,Onyx Arrow,Live,Bahamas,21037,2006,50'+ gt,21087,Single,C6UH8,57692,8168/13,Stocznia Gdynia S.A.,Gdynia,199.93,188.23,32.39,32.26,19.98,10.02,9.96,H. Cegielski-Poznan S.A.,Sulzer Turbomachinery Services,Ray Car Carriers Limited,Isle of Man,Nassau,—,Ray Shipping Limited,Israel,Ray Car Carriers Limited,Isle of Man,Onyx Maritime Limited,Isle of Man,Stamco Ship Management Company Limited,Greece,—,—,—,—,Stamco Ship Management Company Limited,Greece,—,—,—,—,9267924,311918000,15754,21127,7RTA62
vehicle carrier,338725,Reina Ysabel,Live,Spain,10322,2003,-30'gt,6000,Single,—,16361,1600,Hijos de J. Barreras S.A.,Vigo,149.40,139.50,21.00,21.00,12.40,5.85,6.55,B&W Diesel A/S,MAN Energy Solutions SE,Spain Govt Fuerza Naval,Spain,—,—,Government of Spain,Spain,Spain Govt Fuerza Naval,Spain,Spain Govt Fuerza Naval,Spain,Flota Suardiaz S.L.,Spain,—,—,—,—,Flota Suardiaz S.L.,Spain,—,—,—,—,9268409,—,4198,5629,9L40/54
vehicle carrier,341161,Texas Highway,Live,Japan,16637,2003,50'+ gt,17481,Single,JMVY,55458,1400,Imabari Shipbuilding Company Limited (Marugame),Marugame,199.94,190.00,—,32.20,23.71,9.62,5.68,Kobe Diesel Company Limited,Mitsubishi Heavy Industries Limited,'K' Line RoRo Bulk Ship Management Company Limited,Japan,Kobe,—,Kawasaki Kisen Kaisha Limited (Kawasaki Kisen KK) ('K' Line),Japan,'K' Line RoRo Bulk Ship Management Company Limited,Japan,Kawasaki Kisen Kaisha Ltd & 'K' Line RoRo Bulk Ship Management Company Limited,Japan,'K' Line RoRo Bulk Ship Management Company Limited,Japan,—,—,—,—,'K' Line RoRo Bulk Ship Management Company Limited,Japan,—,—,—,—,9272890,432440000,13940,16111,8UEC60LSII
vehicle carrier,341162,Indiana Highway,Live,Japan,16637,2003,50'+ gt,17442,Single,JMVS,55457,1399,Imabari Shipbuilding Company Limited (Marugame),Marugame,199.94,190.00,—,32.20,23.71,9.62,5.68,Kobe Diesel Company Limited,Mitsubishi Heavy Industries Limited,Kawasaki Kisen Kaisha Limited (Kawasaki Kisen KK) ('K' Line),Japan,Kobe,—,Kawasaki Kisen Kaisha Limited (Kawasaki Kisen KK) ('K' Line),Japan,Kawasaki Kisen Kaisha Limited (Kawasaki Kisen KK) ('K' Line),Japan,Kawasaki Kisen Kaisha Limited (Kawasaki Kisen KK) ('K' Line),Japan,'K' Line RoRo Bulk Ship Management Company Limited,Japan,'K' Line RoRo Bulk Ship Management Company Limited,Japan,—,—,'K' Line RoRo Bulk Ship Management Company Limited,Japan,—,—,—,—,9272888,432433000,13940,16111,8UEC60LSII
vehicle carrier,343267,Neptune Koper,Live,Malta,14891,2003,30'-50'gt,14520,Single,9HA5382,44408,452,Uljanik Brodogradiliste d.d.,Pula,196.40,185.60,31.10,31.10,28.00,8.41,19.59,Uljanik Brodogradiliste d.d.,B&W Diesel A/S,Neptune Lines Shipping & Managing Enterprises S.A.,Greece,Valletta,100,Travlos family,Greece,Neptune Lines Shipping & Managing Enterprises S.A.,Greece,Pasiphae Maritime Limited,Marshall Islands,Neptune Lines Shipping & Managing Enterprises S.A.,Greece,—,—,—,—,Neptune Lines Shipping & Managing Enterprises S.A.,Greece,—,—,—,—,9279812,215940000,11212,15036,7S50MC
vehicle carrier,343277,RCC America,Live,Bahamas,21116,2003,50'+ gt,21182,Single,C6TD4,57718,8168/4,Stocznia Gdynia S.A.,Gdynia,199.81,188.18,32.28,32.25,19.98,10.00,9.98,H. Cegielski-Poznan S.A.,Sulzer Turbomachinery Services,Ray Shipping Limited,Israel,Nassau,—,Ray Shipping Limited,Israel,Ray Shipping Limited,Israel,America Maritime Limited,Isle of Man,Stamco Ship Management Company Limited,Greece,—,—,—,—,Stamco Ship Management Company Limited,Greece,—,—,—,—,9277802,311595000,15755,21128,7RTA62
vehicle carrier,343278,RCC Africa,Live,Bahamas,21116,2004,50'+ gt,21214,Single,C6TD3,57718,8168/5,Stocznia Gdynia S.A.,Gdynia,199.98,188.00,32.40,32.25,19.98,10.00,9.98,H. Cegielski-Poznan S.A.,Sulzer Turbomachinery Services,Ray Shipping Limited,Israel,Nassau,—,Ray Shipping Limited,Israel,Ray Shipping Limited,Israel,Africa Maritime Limited,Isle of Man,Stamco Ship Management Company Limited,Greece,—,—,—,—,Stamco Ship Management Company Limited,Greece,—,—,—,—,9277814,311594000,15754,21127,7RTA62
vehicle carrier,343279,Amber Arrow,Live,Bahamas,21037,2004,50'+ gt,21120,Single,C6TM3,57718,8168/6,Stocznia Gdynia S.A.,Gdynia,199.91,187.89,32.40,8.60,19.98,10.00,9.98,H. Cegielski-Poznan S.A.,Sulzer Turbomachinery Services,Ray Shipping Limited,Israel,Nassau,—,Ray Shipping Limited,Israel,Ray Shipping Limited,Israel,Amber Maritime Limited,Isle of Man,Stamco Ship Management Company Limited,Greece,—,—,—,—,Stamco Ship Management Company Limited,Greece,—,—,—,—,9277826,311695000,15754,21127,7RTA62
vehicle carrier,343280,Ivory Arrow,Live,Bahamas,21037,2004,50'+ gt,21199,Single,C6TM4,57718,8168/7,Stocznia Gdynia S.A.,Gdynia,199.96,187.90,32.40,32.25,19.98,10.00,9.98,H. Cegielski-Poznan S.A.,Sulzer Turbomachinery Services,Ray Shipping Limited,Israel,Nassau,—,Ray Shipping Limited,Israel,Ray Shipping Limited,Israel,Ivory Maritime Limited,Isle of Man,Stamco Ship Management Company Limited,Greece,—,—,—,—,Stamco Ship Management Company Limited,Greece,—,—,—,—,9277838,311696000,15754,21127,7RTA62
vehicle carrier,343558,An Ji 3,Live,China,1483,1986,-30'gt,999,Single,BILC,2648,127,Kambara Marine Company Limited & Tsuneishi Shipbuilding Company Limited,Numakuma,74.01,70.00,—,13.00,5.15,3.40,1.75,The Hanshin Diesel Works Limited,The Hanshin Diesel Works Limited,Shanghai Ansheng Automotive Shipping Company Limited,People's Republic of China,Shanghai,—,SAIC Motor Corporation Limited (SAIC),People's Republic of China,Shanghai Ansheng Automotive Shipping Company Limited,People's Republic of China,Shanghai Ansheng Automotive Shipping Company Limited,People's Republic of China,Shanghai Ansheng Automotive Shipping Company Limited,People's Republic of China,—,—,—,—,—,—,—,—,—,—,8520537,412372270,1324,1800,6EL30G
vehicle carrier,343760,Indigirka,Live,Palau,864,1990,-30'gt,1140,Single,T8A4640,2881,347,Imamura Zosen (Imamura Shipbuilding Company Limited),Kure,78.00,74.10,13.30,13.30,8.20,4.30,3.90,The Hanshin Diesel Works Limited,The Hanshin Diesel Works Limited,Navis Shipping LLC,Russian Federation,—,—,Navis Shipping LLC,Russian Federation,Navis Shipping LLC,Russian Federation,Illet Marketing Corporation,Panama,Alfa Ship Managers Private Limited,Republic of Singapore,—,—,—,—,Alfa Ship Managers Private Limited,Republic of Singapore,—,—,—,—,9003639,511101319,1491,2000,6EL32
vehicle carrier,344234,Grand Dolphin,Live,Panama,17766,2004,50'+ gt,18369,Single,H3WF,59217,H-3566,Shin Kurushima Toyohashi Shipbuilding Company Limited,Toyohashi,199.90,192.00,32.26,32.26,35.80,9.61,4.66,Mitsui Engineering & Shipbuilding Company Limited,B&W Diesel A/S,Cido Shipping (HK) Company Limited,"Hong Kong, S.A.R., China",Panama,—,Cido Shipping (HK) Company Limited,"Hong Kong, S.A.R., China",Cido Shipping (HK) Company Limited,"Hong Kong, S.A.R., China",Dynamic Rainbow Marine S.A.,Panama,Cido Shipping (Korea) Company Limited,Republic of Korea,Cido Car Carrier Service Company Limited,"Hong Kong, S.A.R., China",—,—,Cido Shipping (Korea) Company Limited,Republic of Korea,—,—,—,—,9279329,355708000,12306,16503,7S60MC6
vehicle carrier,344235,Grand Aurora,Live,Panama,17766,2004,50'+ gt,18381,Single,H8MK,59217,H-3567,Shin Kurushima Toyohashi Shipbuilding Company Limited,Toyohashi,199.90,192.00,32.26,32.26,35.80,9.61,4.66,Mitsui Engineering & Shipbuilding Company Limited,Mitsubishi Heavy Industries Limited,Cido Shipping (HK) Company Limited,"Hong Kong, S.A.R., China",Panama,—,Cido Shipping (HK) Company Limited,"Hong Kong, S.A.R., China",Cido Shipping (HK) Company Limited,"Hong Kong, S.A.R., China",Regulus Navigation SA,Panama,Cido Shipping (Korea) Company Limited,Republic of Korea,Stena Glovis SE,Germany,—,—,Cido Shipping (Korea) Company Limited,Republic of Korea,—,—,—,—,9279331,351828000,14478,19415,6UEC52LS
vehicle carrier,346239,Grand Phoenix,Live,Panama,17766,2005,50'+ gt,18383,Single,HOWE,59217,H-3572,Shin Kurushima Toyohashi Shipbuilding Company Limited,Toyohashi,199.90,192.00,32.26,32.26,35.80,9.61,4.66,Mitsui Engineering & Shipbuilding Company Limited,B&W Diesel A/S,Cido Shipping (HK) Company Limited,"Hong Kong, S.A.R., China",Panama,—,Cido Shipping (HK) Company Limited,"Hong Kong, S.A.R., China",Cido Shipping (HK) Company Limited,"Hong Kong, S.A.R., China",Dynamic Aurora Shipping S.A.,Panama,Cido Shipping (Korea) Company Limited,Republic of Korea,Cido Car Carrier Service Company Limited,"Hong Kong, S.A.R., China",—,—,Cido Shipping (Korea) Company Limited,Republic of Korea,—,—,—,—,9284764,354662000,12307,16504,7S60MC6
vehicle carrier,346240,Grand Pavo,Live,Panama,17766,2005,50'+ gt,18376,Single,3EAG4,59217,H-3573,Shin Kurushima Toyohashi Shipbuilding Company Limited,Toyohashi,199.90,192.00,32.26,32.26,25.33,9.62,15.71,Mitsui Engineering & Shipbuilding Company Limited,B&W Diesel A/S,Cido Shipping (HK) Company Limited,"Hong Kong, S.A.R., China",Panama,—,Cido Shipping (HK) Company Limited,"Hong Kong, S.A.R., China",Cido Shipping (HK) Company Limited,"Hong Kong, S.A.R., China",Dynamic Growth Marine S.A.,Panama,Cido Shipping (Korea) Company Limited,Republic of Korea,Cido Car Carrier Service Company Limited,"Hong Kong, S.A.R., China",—,—,Cido Shipping (Korea) Company Limited,Republic of Korea,—,—,—,—,9284776,352879000,14478,19415,7S60MC6
vehicle carrier,346593,Grande Anversa,Live,Italy,13843,2004,30'-50'gt,12420,Single,IBHA,38651,453,Uljanik Brodogradiliste d.d.,Pula,176.00,165.00,—,31.10,14.46,8.75,5.71,Uljanik Brodogradiliste d.d.,B&W Diesel A/S,Grimaldi Euromed S.p.A.,Italy,Palermo,880,Grimaldi Group S.p.A.,Italy,Grimaldi Euromed S.p.A.,Italy,Grimaldi Euromed S.p.A.,Italy,Grimaldi Euromed S.p.A.,Italy,—,—,—,—,Grimaldi Euromed S.p.A.,Italy,—,—,—,—,9287417,247116600,11060,15036,7S50MC-C
vehicle carrier,346705,Morning Calm,Live,Bahamas,21037,2004,50'+ gt,21005,Single,C6TM5,57692,8168/8,Stocznia Gdynia S.A.,Gdynia,199.95,188.33,32.28,32.26,19.98,10.02,9.98,Zaklady Przemyslu Metalowego H. Cegielski S.A.,Sulzer Turbomachinery Services,Ray Shipping Limited,Israel,Nassau,—,Ray Shipping Limited,Israel,Ray Shipping Limited,Israel,Calm Maritime Limited,Isle of Man,Wilhelmsen Ship Management Sendirian Berhad,Malaysia,Wallenius Wilhelmsen Ocean AS,Norway,—,—,Wilhelmsen Ship Management Sendirian Berhad,Malaysia,—,—,—,—,9285615,311697000,16039,21509,7RTA62
vehicle carrier,346706,Morning Crown,Live,Bahamas,21037,2005,50'+ gt,21053,Single,C6TM6,57692,8168/9,Stocznia Gdynia S.A.,Gdynia,199.94,188.35,32.28,32.24,19.98,10.02,9.98,H. Cegielski-Poznan S.A.,B&W Diesel A/S,Ray Shipping Limited,Israel,Nassau,—,Ray Shipping Limited,Israel,Ray Shipping Limited,Israel,Crown Maritime Limited,Isle of Man,Wilhelmsen Ship Management Sendirian Berhad,Malaysia,EUKOR Car Carriers Incorporated,Republic of Korea,—,—,Wilhelmsen Ship Management Sendirian Berhad,Malaysia,—,—,—,—,9285641,311698000,16039,21509,7S60MC-C
vehicle carrier,346707,Morning Champion,Live,Bahamas,21037,2005,50'+ gt,21106,Single,C6UI3,57692,8168,Stocznia Gdynia S.A.,Gdynia,199.92,188.36,32.28,32.25,19.98,10.02,9.98,H. Cegielski-Poznan S.A.,B&W Diesel A/S,Ray Shipping Limited,Israel,Nassau,—,Ray Shipping Limited,Israel,Ray Shipping Limited,Israel,Champion Maritime Limited,Isle of Man,Wilhelmsen Ship Management Sendirian Berhad,Malaysia,EUKOR Car Carriers Incorporated,Republic of Korea,—,—,Wilhelmsen Ship Management Sendirian Berhad,Malaysia,—,—,—,—,9285627,311922000,16039,21509,7S60MC-C
vehicle carrier,346710,Morning Courier,Live,Bahamas,21037,2005,50'+ gt,21004,Single,C6UI2,57692,8168/11,Stocznia Gdynia S.A.,Gdynia,199.94,188.31,32.40,32.25,19.98,10.02,9.96,H. Cegielski-Poznan S.A.,B&W Diesel A/S,Ray Car Carriers Limited,Isle of Man,Nassau,—,Ray Shipping Limited,Israel,Ray Car Carriers Limited,Isle of Man,Courier Shipping Limited,Isle of Man,Wilhelmsen Ship Management Sendirian Berhad,Malaysia,—,—,—,—,Wilhelmsen Ship Management Sendirian Berhad,Malaysia,—,—,—,—,9285639,311921000,16039,21509,7S60MC-C
vehicle carrier,348647,Cetus Leader,Live,Japan,18786,2005,50'+ gt,21447,Single,7JZM,62621,3580,Shin Kurushima Toyohashi Shipbuilding Company Limited,Toyohashi,199.94,190.00,—,32.26,24.12,10.33,13.79,Kobe Diesel Company Limited,Mitsubishi Heavy Industries Limited,Nippon Yusen Kabushiki Kaisha (NYK Line) (Nippon Yusen Kaisha),Japan,Tokyo,—,Nippon Yusen Kabushiki Kaisha (NYK Line) (Nippon Yusen Kaisha),Japan,Nippon Yusen Kabushiki Kaisha (NYK Line) (Nippon Yusen Kaisha),Japan,Nippon Yusen Kabushiki Kaisha (NYK Line) (Nippon Yusen Kaisha),Japan,NYK Shipmanagement Private Limited,Republic of Singapore,—,—,—,—,NYK Shipmanagement Private Limited,Republic of Singapore,—,—,—,—,9291133,431079000,15540,17959,8UEC60LSII
vehicle carrier,348977,Andromeda Leader,Live,Japan,18659,2004,50'+ gt,21443,Single,7KMB,62195,3568,Shin Kurushima Toyohashi Shipbuilding Company Limited,Toyohashi,199.94,190.00,—,32.26,24.12,10.33,23.73,Kobe Diesel Company Limited,Mitsubishi Heavy Industries Limited,Nippon Yusen Kabushiki Kaisha (NYK Line) (Nippon Yusen Kaisha),Japan,Tokyo,—,Nippon Yusen Kabushiki Kaisha (NYK Line) (Nippon Yusen Kaisha),Japan,Nippon Yusen Kabushiki Kaisha (NYK Line) (Nippon Yusen Kaisha),Japan,Nippon Yusen Kabushiki Kaisha (NYK Line) (Nippon Yusen Kaisha),Japan,NYK Shipmanagement Private Limited,Republic of Singapore,—,—,ANZ Banking Group (New Zealand) Limited,New Zealand,NYK Shipmanagement Private Limited,Republic of Singapore,—,—,—,—,9273909,431783000,15540,21128,8UEC60LSII
vehicle carrier,348998,Pyxis Leader,Live,Panama,18659,2004,50'+ gt,21466,Single,H9ML,62195,3570,Shin Kurushima Toyohashi Shipbuilding Company Limited,Toyohashi,199.94,190.00,—,32.26,24.12,10.33,23.73,Kobe Diesel Company Limited,Mitsubishi Heavy Industries Limited,Nippon Yusen Kabushiki Kaisha (NYK Line) (Nippon Yusen Kaisha),Japan,Panama,—,Nippon Yusen Kabushiki Kaisha (NYK Line) (Nippon Yusen Kaisha),Japan,Nippon Yusen Kabushiki Kaisha (NYK Line) (Nippon Yusen Kaisha),Japan,Citrine Maritima SA,Panama,Hachiuma Steamship Company Limited (Hachiuma Kisen KK),Japan,—,—,—,—,Hachiuma Steamship Company Limited (Hachiuma Kisen KK),Japan,—,—,—,—,9284738,354591000,15540,21128,8UEC60LSII
vehicle carrier,349004,Centaurus Leader,Live,Singapore,18659,2004,50'+ gt,21471,Single,9V2891,62195,3571,Shin Kurushima Toyohashi Shipbuilding Company Limited,Toyohashi,199.94,190.00,—,32.26,34.80,10.33,24.47,Kobe Diesel Company Limited,Mitsubishi Heavy Industries Limited,Singapore Shipping Corporation Limited,Republic of Singapore,Singapore,—,Singapore Shipping Corporation Limited,Republic of Singapore,Singapore Shipping Corporation Limited,Republic of Singapore,SSC Centaurus Leader Private Limited,Republic of Singapore,SSC Ship Management Private Limited,Republic of Singapore,Nippon Yusen Kabushiki Kaisha (NYK Line) (Nippon Yusen Kaisha),Japan,—,—,SSC Ship Management Private Limited,Republic of Singapore,—,—,—,—,9284740,565503000,15540,21129,8UEC60LSII
vehicle carrier,349006,Lyra Leader,Live,Japan,18786,2005,50'+ gt,21453,Single,7JUM,62623,3575,Shin Kurushima Toyohashi Shipbuilding Company Limited,Toyohashi,199.94,190.00,—,32.26,24.12,10.33,24.47,Kobe Diesel Company Limited,Mitsubishi Heavy Industries Limited,Nippon Yusen Kabushiki Kaisha (NYK Line) (Nippon Yusen Kaisha),Japan,Tokyo,—,Nippon Yusen Kabushiki Kaisha (NYK Line) (Nippon Yusen Kaisha),Japan,Nippon Yusen Kabushiki Kaisha (NYK Line) (Nippon Yusen Kaisha),Japan,Nippon Yusen Kabushiki Kaisha (NYK Line) (Nippon Yusen Kaisha),Japan,NYK Shipmanagement Private Limited,Republic of Singapore,Shohjin Shipholding S.A.,Panama,—,—,NYK Shipmanagement Private Limited,Republic of Singapore,—,—,—,—,9284752,431190000,15540,21129,8UEC60LSII
vehicle carrier,349580,Grande Detroit,Live,Italy,13843,2005,30'-50'gt,12420,Single,ICCK,38671,454,Uljanik Brodogradiliste d.d.,Pula,176.00,165.00,31.10,31.10,14.46,8.75,5.71,Uljanik Brodogradiliste d.d.,B&W Diesel A/S,ACL Atlantic Container Line AB,United States of America,Palermo,1000,Grimaldi Group S.p.A.,Italy,ACL Atlantic Container Line AB,United States of America,ACL Shipholding 2004 AB,Sweden,Grimaldi Euromed S.p.A.,Italy,—,—,—,—,Grimaldi Euromed S.p.A.,Italy,—,—,—,—,9293272,247186300,11060,12781,7S50MC-C
vehicle carrier,349817,Hoegh Tokyo,Live,Norway (Int. Register),25912,2004,50'+ gt,27100,Single,LAPZ7,68871,4432,Hanwha Ocean Company Limited,Okpo,228.70,223.91,32.29,32.26,13.70,10.02,3.70,—,B&W Diesel A/S,Hoegh Autoliners ASA,Norway,Oslo,—,Leif Hoegh & Company As,Norway,Hoegh Autoliners ASA,Norway,Hoegh Autoliners Shipping AS,Norway,Hoegh Technical Management Incorporated,Philippines,—,—,—,—,Hoegh Autoliners Management AS,Norway,—,—,—,—,9285483,257408000,14313,17510,7S60MC
vehicle carrier,349818,Hoegh Seoul,Live,Norway (Int. Register),25912,2004,50'+ gt,27178,Single,LADO6,68871,4433,Hanwha Ocean Company Limited,Okpo,228.74,223.91,32.29,32.29,19.93,10.00,3.70,—,B&W Diesel A/S,Hoegh Autoliners ASA,Norway,Oslo,—,Leif Hoegh & Company As,Norway,Hoegh Autoliners ASA,Norway,Hoegh Autoliners Shipping AS,Norway,Hoegh Technical Management Incorporated,Philippines,—,—,—,—,Hoegh Autoliners Management AS,Norway,—,—,—,—,9285495,257496000,14313,17510,7S60MC
vehicle carrier,349819,Alliance St. Louis,Live,U.S.A.,19535,2005,50'+ gt,15972,Single,WGAE,57280,4434,Hanwha Ocean Company Limited,Okpo,199.90,190.00,32.29,32.26,13.70,10.02,3.68,HSD Engine Company Limited,B&W Diesel A/S,Hoegh Autoliners Management AS,Norway,Norfolk,—,Leif Hoegh & Company As,Norway,Hoegh Autoliners Management AS,Norway,Wilmington Trust Company & Hoegh Autoliners,United States of America,Maersk Line Limited (USA),United States of America,Farrell Lines Incorporated,United States of America,—,—,Maersk Line Limited (USA),United States of America,—,—,—,—,9285500,367093000,14280,19415,7S60MC
vehicle carrier,349858,Torrens,Live,Malta,23416,2004,50'+ gt,21965,Single,9HA4865,61482,2196,Mitsubishi Heavy Industries Limited Shipbuilding,Nagasaki,199.99,192.00,32.29,32.26,36.02,11.00,25.02,—,Unknown Engine Designer,Wallenius Wilhelmsen Ocean Holding AS,Norway,Valletta,—,Wilh Wilhelmsen ASA (WILSHIP),Norway,Wallenius Wilhelmsen Ocean Holding AS,Norway,Wilhelmsen Lines Shipowning Malta Limited,Malta,Wilhelmsen Ship Management (Norway) AS,Norway,—,—,Lloyd's TSB Maritime Leasing (No.16) Limited,United Kingdom,Wilhelmsen Ship Management (Norway) AS,Norway,—,—,—,—,9293612,248923000,14088,18892,8UEC60LSII
vehicle carrier,349859,Toledo,Live,Malta,23416,2005,50'+ gt,14512,Single,9HA4861,61482,2197,Mitsubishi Heavy Industries Limited Shipbuilding,Nagasaki,199.99,192.00,32.29,32.28,36.02,11.03,25.52,Mitsubishi Heavy Industries Limited Shipbuilding,Mitsubishi Heavy Industries Limited,Wallenius Wilhelmsen Ocean Holding AS,Norway,Valletta,—,Wilh Wilhelmsen ASA (WILSHIP),Norway,Wallenius Wilhelmsen Ocean Holding AS,Norway,Wilhelmsen Lines Shipowning Malta Limited,Malta,Wilhelmsen Ship Management (Norway) AS,Norway,Wallenius Wilhelmsen Ocean Holding AS,Norway,Lloyd's TSB Maritime Leasing (No.16) Limited,United Kingdom,Wilhelmsen Ship Management (Norway) AS,Norway,—,—,—,—,9293624,248917000,14088,18892,7UEC60LS
vehicle carrier,349860,Diamond Highway,Dead,Panama,18575,2004,50'+ gt,19086,Single,H8SX,60175,1261,Mitsubishi Heavy Industries Limited Shipbuilding,Kobe,199.99,192.00,—,32.26,21.25,9.73,25.06,Mitsubishi Heavy Industries Limited Shipbuilding,Mitsubishi Heavy Industries Limited,Excel Marine,—,Panama,—,—,—,—,—,—,—,—,—,—,—,—,—,—,—,—,—,—,—,9293636,354487000,14315,16546,7UEC60LS
vehicle carrier,349861,Paradise Ace,Live,Panama,18575,2004,50'+ gt,19080,Single,H9CL,60175,1262,Mitsubishi Heavy Industries Limited Shipbuilding,Kobe,199.99,192.00,—,32.26,21.25,9.73,25.06,Mitsubishi Heavy Industries Limited Shipbuilding,Mitsubishi Heavy Industries Limited,Meiji Shipping Company Limited,Japan,Panama,—,Meiji Shipping Group,Japan,Meiji Shipping Company Limited,Japan,Bright Ocean Maritime S.A.,Panama,MMS Company Limited,Japan,MMS Company Limited,Japan,—,—,MMS Company Limited,Japan,—,—,—,—,9293648,352142000,14315,16546,7UEC60LSII
vehicle carrier,349862,Liberty Ace,Live,Japan,18428,2004,50'+ gt,19106,Single,7KAY,59992,1263,Mitsubishi Heavy Industries Limited Shipbuilding,Kobe,199.99,192.00,—,32.26,21.25,9.73,25.06,Mitsubishi Heavy Industries Limited Shipbuilding,Mitsubishi Heavy Industries Limited,Mitsui OSK Lines Ltd,Japan,Tokyo,—,—,—,—,—,Mitsui OSK Lines Ltd,Japan,—,—,—,—,—,—,—,—,—,—,—,—,9293650,431554000,14315,16546,7UEC60LSII
vehicle carrier,349863,Freedom Ace,Live,Japan,18465,2005,50'+ gt,19093,Single,7KCB,60065,1264,Mitsubishi Heavy Industries Limited Shipbuilding,Kobe,199.99,192.00,—,32.26,21.25,9.73,11.52,Mitsubishi Heavy Industries Limited Shipbuilding,Mitsubishi Heavy Industries Limited,Mitsui OSK Lines Ltd,Japan,Tokyo,—,—,—,—,—,Mitsui OSK Lines Ltd,Japan,—,—,—,—,—,—,—,—,—,—,—,—,9293662,431868000,14315,14085,7UEC60LSII
vehicle carrier,350852,Virgo Leader,Live,Japan,18586,2004,30'-50'gt,20111,Single,7KMH,31825,1421,Imabari Shipbuilding Company Limited (Marugame),Marugame,199.94,190.00,32.26,32.26,24.32,10.02,24.77,Kobe Diesel Company Limited,Mitsubishi Heavy Industries Limited,Nippon Yusen Kabushiki Kaisha (NYK Line) (Nippon Yusen Kaisha),Japan,Tokyo,—,Nippon Yusen Kabushiki Kaisha (NYK Line) (Nippon Yusen Kaisha),Japan,Nippon Yusen Kabushiki Kaisha (NYK Line) (Nippon Yusen Kaisha),Japan,Nippon Yusen Kabushiki Kaisha (NYK Line) (Nippon Yusen Kaisha),Japan,NYK Shipmanagement Private Limited,Republic of Singapore,—,—,ANZ Banking Group (New Zealand) Limited,New Zealand,NYK Shipmanagement Private Limited,Republic of Singapore,—,—,—,—,9273894,431814000,15540,17960,8UEC60LSII
vehicle carrier,350853,Capricornus Leader,Live,Singapore,18557,2004,50'+ gt,20120,Single,9V2816,61854,1422,Imabari Shipbuilding Company Limited (Marugame),Marugame,199.94,190.00,32.26,32.26,24.32,10.02,24.78,Kobe Diesel Company Limited,Mitsubishi Heavy Industries Limited,Singapore Shipping Corporation Limited,Republic of Singapore,Singapore,—,Singapore Shipping Corporation Limited,Republic of Singapore,Singapore Shipping Corporation Limited,Republic of Singapore,SSC Capricornus Leader Private Limited,Republic of Singapore,SSC Ship Management Private Limited,Republic of Singapore,Nippon Yusen Kabushiki Kaisha (NYK Line) (Nippon Yusen Kaisha),Japan,—,—,SSC Ship Management Private Limited,Republic of Singapore,—,—,—,—,9283863,564902000,15540,17960,8UEC60LSII
vehicle carrier,350854,Phoenix Leader,Live,Japan,18704,2004,50'+ gt,20146,Double Bottom,7KNB,62349,1423,Imabari Shipbuilding Company Limited (Marugame),Marugame,199.94,190.00,32.26,32.26,24.32,10.02,24.77,—,Mitsubishi Heavy Industries Limited,Kotobuki Kaiun Company Limited (Kotobuki Kaiun KK),Japan,Omuta,—,Kotobuki Kaiun Company Limited (Kotobuki Kaiun KK),Japan,Kotobuki Kaiun Company Limited (Kotobuki Kaiun KK),Japan,Kotobuki Kaiun Company Limited (99.0%) & Kotobuki Shipping Corporation S.A. (1.0%),Japan,NYK Shipmanagement Private Limited,Republic of Singapore,Nippon Yusen Kabushiki Kaisha (NYK Line) (Nippon Yusen Kaisha),Japan,—,—,NYK Shipmanagement Private Limited,Republic of Singapore,—,—,—,—,9283875,431858000,15540,17960,8UEC60LSII
vehicle carrier,350855,Sagittarius Leader,Live,Japan,18719,2005,50'+ gt,20098,Single,7KNZ,62397,1424,Imabari Shipbuilding Company Limited (Marugame),Marugame,199.94,190.00,—,32.26,24.32,10.02,24.78,Kobe Diesel Company Limited,Mitsubishi Heavy Industries Limited,Hakuyo Shipping Company Limited,Japan,Fukuoka,—,Hakuyo Shipping Company Limited,Japan,Hakuyo Shipping Company Limited,Japan,Hakuyo Shipping Company Limited,Japan,Excel Marine Company Limited,Japan,—,—,—,—,Excel Marine Company Limited,Japan,—,—,—,—,9283887,431912000,15540,17960,8UEC60LSII
vehicle carrier,351346,Lake Taupo,Live,Liberia,14264,2006,30'-50'gt,12665,Single,D5EZ7,47168,XSI403A,Xiamen Shipbuilding Industry Company Limited,Xiamen,182.80,170.20,31.53,31.50,12.80,9.00,3.80,HD Hyundai Heavy Industries Company Limited,B&W Diesel A/S,Bocomm International Ship Lease Company Limited,"Hong Kong, S.A.R., China",Monrovia,—,Bank of Communications Company Limited,People's Republic of China,Bocomm International Ship Lease Company Limited,"Hong Kong, S.A.R., China",Xiang T62 HK International Ship Lease Company Limited,"Hong Kong, S.A.R., China",Eastern Pacific Shipping (UK) Limited,United Kingdom,Eastern Pacific Shipping Private Limited,Republic of Singapore,—,—,Eastern Pacific Shipping (UK) Limited,United Kingdom,—,—,—,—,9289908,636016205,14220,16433,9S50MC-C
vehicle carrier,351347,Morning Midas,Live,Liberia,14264,2006,30'-50'gt,12249,Single,5LGA6,46800,XSI403B,Xiamen Shipbuilding Industry Company Limited,Xiamen,182.80,170.20,31.53,31.50,31.80,9.02,22.78,MAN B&W Diesel Limited,B&W Diesel A/S,Zodiac Maritime Limited,United Kingdom,Monrovia,—,Zodiac Group Monaco SAM,Monaco,Zodiac Maritime Limited,United Kingdom,Hawthorn Navigation Incorporated,Liberia,Zodiac Maritime Limited,United Kingdom,SAIC Anji Logistics Company Limited,People's Republic of China,—,—,Zodiac Maritime Limited,United Kingdom,—,—,—,—,9289910,636021856,12254,16433,9S50MC-C
vehicle carrier,351708,Positive Star,Live,Panama,13143,2004,30'-50'gt,15128,Single,H8WC,43810,1105,Mitsubishi Heavy Industries Limited Shipbuilding,Shimonoseki,180.00,171.00,—,30.00,20.13,9.22,3.88,Mitsubishi Heavy Industries Limited Shipbuilding,Mitsubishi Heavy Industries Limited,Mitsui O.S.K. Lines Limited (MOL),Japan,Panama,—,Mitsui O.S.K. Lines Limited (MOL),Japan,Mitsui O.S.K. Lines Limited (MOL),Japan,Attractive Fleet Management S.A.,Panama,Fuyoh Shipping Company,Japan,Fuyoh Shipping Company,Japan,—,—,Fuyoh Shipping Company,Japan,—,—,—,—,9304502,355615000,11560,13359,8UEC50LSII
vehicle carrier,352009,Positive Pioneer,Live,Panama,13143,2005,30'-50'gt,15128,Single,H3YB,43810,1106,Mitsubishi Heavy Industries Limited Shipbuilding,Shimonoseki,180.00,171.70,—,30.00,20.13,9.22,3.88,Mitsubishi Heavy Industries Limited Shipbuilding,Mitsubishi Heavy Industries Limited,Eastern Car Liner Company Limited,Japan,Panama,—,Eastern Car Liner Company Limited,Japan,Eastern Car Liner Company Limited,Japan,North Island S.A.,Panama,ECL Shipmanagement Company Limited,Japan,—,—,—,—,ECL Shipmanagement Company Limited,Japan,—,—,—,—,9304514,352824000,11560,9826,8UEC50LSII
vehicle carrier,352357,Hoegh New York,Live,Norway (Int. Register),19535,2005,50'+ gt,15990,Single,LAUA7,57280,4435,Hanwha Ocean Company Limited,Okpo,199.90,190.00,32.29,32.25,19.93,10.02,10.93,MAN Diesel AS,B&W Diesel A/S,Unknown Owners,—,Oslo,—,Unknown Owners,—,Unknown Owners,—,Liberty New York Corporation,Marshall Islands,Wilhelmsen Ship Management Korea Limited,Republic of Korea,—,—,—,—,Wilhelmsen Ship Management Korea Limited,Republic of Korea,—,—,—,—,9295830,257560000,12306,16502,7S60MC
vehicle carrier,352358,Hoegh Berlin,Live,Norway (Int. Register),25912,2005,50'+ gt,27178,Single,LASY8,68871,4436,Hanwha Ocean Company Limited,Okpo,228.74,223.91,32.29,32.26,13.70,10.02,3.68,HSD Engine Company Limited,B&W Diesel A/S,Hoegh Autoliners ASA,Norway,Oslo,—,Leif Hoegh & Company As,Norway,Hoegh Autoliners ASA,Norway,Hoegh Autoliners Shipping AS,Norway,Hoegh Technical Management Incorporated,Philippines,—,—,—,—,Hoegh Autoliners Management AS,Norway,—,—,—,—,9295842,258106000,16039,21509,7S60MC
vehicle carrier,352539,Shanghai Highway,Live,Panama,14679,2005,30'-50'gt,15413,Single,3ECE2,48927,1553,Nantong COSCO KHI Ship Engineering Company Limited (NACKS),Nantong,179.99,167.00,—,32.20,21.42,9.42,22.79,Kawasaki Heavy Industries Limited Shipbuilding Division,B&W Diesel A/S,'K' Line RoRo Bulk Ship Management Company Limited,Japan,Panama,—,Kawasaki Kisen Kaisha Limited (Kawasaki Kisen KK) ('K' Line),Japan,'K' Line RoRo Bulk Ship Management Company Limited,Japan,Belocean Shipping S.A.,Panama,'K' Line RoRo Bulk Ship Management Company Limited,Japan,—,—,—,—,'K' Line RoRo Bulk Ship Management Company Limited,Japan,—,—,—,—,9294343,371318000,12500,16995,7S60ME-C
vehicle carrier,352540,Tianjin Highway,Live,Panama,14679,2005,30'-50'gt,15461,Single,3EDE7,48927,35,Nantong COSCO KHI Ship Engineering Company Limited (NACKS),Nantong,179.99,167.00,—,32.20,21.42,9.42,22.79,Kawasaki Heavy Industries Limited Shipbuilding Division,B&W Diesel A/S,'K' Line RoRo Bulk Ship Management Company Limited,Japan,Panama,—,Kawasaki Kisen Kaisha Limited (Kawasaki Kisen KK) ('K' Line),Japan,'K' Line RoRo Bulk Ship Management Company Limited,Japan,KAW1554 Shipping SA,Panama,'K' Line RoRo Bulk Ship Management Company Limited,Japan,—,—,—,—,'K' Line RoRo Bulk Ship Management Company Limited,Japan,—,—,—,—,9294355,371559000,12500,16995,7S60ME-C
vehicle carrier,352542,Guangzhou Highway,Live,Panama,14679,2006,30'-50'gt,15301,Single,3EDQ6,48927,1555,Nantong COSCO KHI Ship Engineering Company Limited (NACKS),Nantong,179.99,167.00,32.20,32.20,21.42,9.42,12.00,Kawasaki Heavy Industries Limited Shipbuilding Division,B&W Diesel A/S,Libera Corporation,Japan,Panama,—,Libera Corporation,Japan,Libera Corporation,Japan,Centennial Shipping SA,Panama,Sandigan Ship Services Incorporated,Philippines,—,—,—,—,Sandigan Ship Services Incorporated,Philippines,—,—,—,—,9294367,371697000,12500,16995,7S60ME-C
vehicle carrier,353170,Neptune Okeanis,Live,Malta,8337,2005,-30'gt,6200,Single,9HZW7,27788,6119,Fincantieri-Cantieri Navali Italiani S.p.A. Palermo,Palermo,165.00,150.00,26.23,26.20,8.68,6.66,2.02,Fincantieri-Cantieri Navali Italiani S.p.A. Trieste,Wartsila Corporation,Neptune Lines Shipping & Managing Enterprises S.A.,Greece,Valletta,—,Travlos family,Greece,Neptune Lines Shipping & Managing Enterprises S.A.,Greece,Okeanis Shipping Limited,Malta,Neptune Lines Shipping & Managing Enterprises S.A.,Greece,—,—,—,—,Neptune Lines Shipping & Managing Enterprises S.A.,Greece,—,—,—,—,9306706,215912000,6387,8565,6L46C
vehicle carrier,353172,Neptune Thelisis,Live,Malta,8337,2005,-30'gt,6200,Single,9HZV7,27788,6120,Fincantieri-Cantieri Navali Italiani S.p.A. Palermo,Palermo,165.00,150.00,26.23,26.20,8.68,6.65,2.03,Fincantieri-Cantieri Navali Italiani S.p.A.,Wartsila Corporation,Neptune Lines Shipping & Managing Enterprises S.A.,Greece,Valletta,—,Travlos family,Greece,Neptune Lines Shipping & Managing Enterprises S.A.,Greece,Thelisis Shipping Limited,Malta,Neptune Lines Shipping & Managing Enterprises S.A.,Greece,—,—,—,—,Neptune Lines Shipping & Managing Enterprises S.A.,Greece,—,—,—,—,9306718,256049000,6387,8565,6L46C
vehicle carrier,353283,Lake Kivu,Live,Liberia,14264,2006,30'-50'gt,12325,Single,D5DX4,47168,XSI403C,Xiamen Shipbuilding Industry Company Limited,Xiamen,182.80,170.20,31.53,31.50,12.80,9.00,3.80,HD Hyundai Heavy Industries Company Limited,B&W Diesel A/S,Bocomm International Ship Lease Company Limited,"Hong Kong, S.A.R., China",Monrovia,—,Bank of Communications Company Limited,People's Republic of China,Bocomm International Ship Lease Company Limited,"Hong Kong, S.A.R., China",Xiang T61 HK International Ship Lease Company Limited,"Hong Kong, S.A.R., China",Eastern Pacific Shipping (UK) Limited,United Kingdom,Eastern Pacific Shipping Private Limited,Republic of Singapore,—,—,Eastern Pacific Shipping (UK) Limited,United Kingdom,—,—,—,—,9308792,636015993,14220,19333,9S50MC-C
vehicle carrier,353284,Gold Xing,Live,Liberia,14264,2007,30'-50'gt,12315,Single,D5DX3,46800,XSI403D,Xiamen Shipbuilding Industry Company Limited,Xiamen,182.80,170.68,31.53,31.50,12.80,9.02,3.78,—,B&W Diesel A/S,Zodiac Maritime Limited,United Kingdom,Monrovia,—,Zodiac Group Monaco SAM,Monaco,Zodiac Maritime Limited,United Kingdom,Woodcote Navigation Incorporated,Liberia,Zodiac Maritime Limited,United Kingdom,—,—,—,—,Zodiac Maritime Limited,United Kingdom,—,—,—,—,9308807,636015992,12087,16433,9S50MC-C
vehicle carrier,353490,Cepheus Leader,Live,Japan,18772,2006,50'+ gt,21402,Single,7KFD,62556,3587,Shin Kurushima Toyohashi Shipbuilding Company Limited,Toyohashi,199.94,190.00,32.26,32.26,24.12,10.33,24.47,Kobe Diesel Company Limited,Mitsubishi Heavy Industries Limited,Hakuyo Shipping Company Limited,Japan,Fukuoka,—,Hakuyo Shipping Company Limited,Japan,Hakuyo Shipping Company Limited,Japan,Hakuyo Shipping Company Limited,Japan,Excel Marine Company Limited,Japan,—,—,—,—,Excel Marine Company Limited,Japan,—,—,—,—,9308883,431323000,15540,17960,8UEC60LSII
vehicle carrier,353491,Dorado Leader,Live,Panama,18772,2006,50'+ gt,21550,Single,3EIF6,62571,3588,Shin Kurushima Toyohashi Shipbuilding Company Limited,Toyohashi,199.94,190.00,32.26,32.26,24.12,10.33,24.47,Kobe Diesel Company Limited,Mitsubishi Heavy Industries Limited,Nippon Yusen Kabushiki Kaisha (NYK Line) (Nippon Yusen Kaisha),Japan,Panama,—,Nippon Yusen Kabushiki Kaisha (NYK Line) (Nippon Yusen Kaisha),Japan,Nippon Yusen Kabushiki Kaisha (NYK Line) (Nippon Yusen Kaisha),Japan,Transportista Mundial One S.A.,Panama,NYK Shipmanagement Private Limited,Republic of Singapore,—,—,—,—,NYK Shipmanagement Private Limited,Republic of Singapore,—,—,—,—,9308895,372140000,15540,17960,8UEC60LSII
vehicle carrier,353591,Toronto,Live,Malta,23416,2005,50'+ gt,21965,Single,9HA4866,61482,2208,Mitsubishi Heavy Industries Limited Shipbuilding,Nagasaki,199.99,192.00,32.29,32.26,36.02,11.03,24.99,Mitsubishi Heavy Industries Limited Shipbuilding,Mitsubishi Heavy Industries Limited,Wallenius Wilhelmsen Ocean Holding AS,Norway,Valletta,—,Wilh Wilhelmsen ASA (WILSHIP),Norway,Wallenius Wilhelmsen Ocean Holding AS,Norway,Wilhelmsen Lines Shipowning Malta Limited,Malta,Wilhelmsen Ship Management (Norway) AS,Norway,Wallenius Wilhelmsen Ocean Holding AS,Norway,Lloyd's TSB Maritime Leasing (No.16) Limited,United Kingdom,Wilhelmsen Ship Management (Norway) AS,Norway,—,—,—,—,9302205,248924000,12550,16830,7UEC60LS
vehicle carrier,353639,Alliance Fairfax,Live,U.S.A.,17912,2005,50'+ gt,19670,Single,WLMQ,59705,4437,Hanwha Ocean Company Limited,Okpo,199.10,189.20,32.24,32.24,34.10,9.62,24.48,HSD Engine Company Limited,B&W Diesel A/S,Hoegh Autoliners Management AS,Norway,Norfolk,—,Leif Hoegh & Company As,Norway,Hoegh Autoliners Management AS,Norway,Wilmington Trust Company & Hoegh Autoliners,United States of America,Maersk Line Limited (USA),United States of America,Farrell Lines Incorporated,United States of America,—,—,Maersk Line Limited (USA),United States of America,—,—,—,—,9303546,366771000,13548,18420,12K98MC-C
vehicle carrier,353640,Auto Way,Live,Norway (Int. Register),17912,2006,50'+ gt,19670,Single,LAVD7,59705,4438,Hanwha Ocean Company Limited,Okpo,199.10,189.20,32.24,32.20,14.66,9.62,5.06,—,B&W Diesel A/S,Walleniusrederierna AB (Wallenius Lines AB),Sweden,Oslo,—,Rederi AB Soya,Sweden,Walleniusrederierna AB (Wallenius Lines AB),Sweden,Walleniusrederierna AB (Wallenius Lines AB),Sweden,Wallenius Marine AB,Sweden,—,—,—,—,Wallenius Marine AB,Sweden,—,—,—,—,9303558,257824000,13548,15660,6S60ME-C
vehicle carrier,353874,Felicity Ace,Dead,Panama,18543,2005,50'+ gt,17738,Single,3ECX4,60118,5306,Shin Kurushima Dockyard Company Limited,Onishi,199.99,192.00,—,32.26,21.17,9.73,11.44,Kobe Diesel Company Limited,Mitsubishi Heavy Industries Limited,MOL Auto India,—,Panama,—,—,—,—,—,—,—,—,—,—,—,—,—,—,—,—,—,—,—,9293911,371427000,15090,20517,8UEC60LSII
vehicle carrier,353899,Mindoro,Live,Panama,3112,2004,-30'gt,5286,Single,H8HI,10373,1086,Kegoya Dock K.K.,Kure,119.00,112.00,—,20.50,14.85,6.11,8.74,Makita Corporation,B&W Diesel A/S,Toko Kaiun Kaisha Limited,Japan,Panama,—,Toko Kaiun Kaisha Limited,Japan,Toko Kaiun Kaisha Limited,Japan,Leyte Navigation S.A.,Japan,Wallem Shipmanagement Limited (WSM),"Hong Kong, S.A.R., China",—,—,—,—,Wallem Shipmanagement Limited (WSM),"Hong Kong, S.A.R., China",—,—,—,—,9310795,351287000,3900,4507,6L35MC
vehicle carrier,353938,Talia,Live,Bahamas,21037,2006,50'+ gt,21021,Single,C6VJ6,57692,8168/14,Stocznia Gdynia S.A.,Gdynia,199.95,188.35,32.51,32.25,19.98,10.02,9.96,H. Cegielski-Poznan S.A.,Sulzer Turbomachinery Services,Ray Car Carriers Limited,Isle of Man,Nassau,—,Ray Shipping Limited,Israel,Ray Car Carriers Limited,Isle of Man,Talia Maritime Limited,Isle of Man,Stamco Ship Management Company Limited,Greece,Wallenius Wilhelmsen Ocean Holding AS,Norway,—,—,Stamco Ship Management Company Limited,Greece,—,—,—,—,9311854,308599000,15754,21127,7RTA62
vehicle carrier,353940,Taipan,Live,Bahamas,21037,2006,50'+ gt,21021,Single,C6VF2,57692,8168/15,Stocznia Gdynia S.A.,Gdynia,199.90,188.30,32.27,32.25,19.98,10.02,9.96,H. Cegielski-Poznan S.A.,Sulzer Turbomachinery Services,Ray Car Carriers Limited,Isle of Man,Nassau,—,Ray Shipping Limited,Israel,Ray Car Carriers Limited,Isle of Man,Taipan Maritime Limited,Bahamas,Stamco Ship Management Company Limited,Greece,Wallenius Wilhelmsen Ocean Holding AS,Norway,—,—,Stamco Ship Management Company Limited,Greece,—,—,—,—,9311866,308921000,15754,21127,7RTA62
vehicle carrier,354629,Grande Sicilia,Live,Italy,13843,2006,30'-50'gt,12400,Single,ICCQ,38671,469,Uljanik Brodogradiliste d.d.,Pula,176.00,165.00,32.00,31.10,14.46,8.75,5.73,Uljanik d.d.,B&W Diesel A/S,ACL Atlantic Container Line AB,United States of America,Palermo,1000,Grimaldi Group S.p.A.,Italy,ACL Atlantic Container Line AB,United States of America,ACL Shipholding 2004 AB,Sweden,Grimaldi Euromed S.p.A.,Italy,—,—,—,—,Grimaldi Euromed S.p.A.,Italy,—,—,—,—,9312092,247186500,11060,15037,7S50MC-C
vehicle carrier,355094,USNS Charlton,Live,U.S.A.,21821,2000,50'+ gt,36639,Single,NJTC,72718,455,National Steel & Shipbuilding Company (NASSCO),San Diego,289.56,277.83,—,32.23,17.96,11.28,6.68,—,Unknown Engine Designer,Patriot Contract Services LLC,United States of America,—,—,Government of The United States of America,United States of America,Patriot Contract Services LLC,United States of America,Patriot Contract Services LLC,United States of America,Patriot Contract Services LLC,United States of America,—,—,—,—,—,—,—,—,—,—,9231664,338902000,—,—,7S60MC-C
vehicle carrier,355095,Fisher,Live,U.S.A.,20809,1999,50'+ gt,29813,Single,NHMX,69365,2374,Avondale Industries Incorporated,Avondale,289.33,269.29,—,32.26,27.51,11.28,16.23,—,Semt Pielstick SA,Department of Transportation - Maritime Administration (MARAD),United States of America,Norfolk,—,Government of The United States of America,United States of America,Department of Transportation - Maritime Administration (MARAD),United States of America,Department of Transportation - Maritime Administration (MARAD),United States of America,TOTE Services LLC,United States of America,—,—,—,—,TOTE Services LLC,United States of America,—,—,—,—,9116826,366985000,12147,16290,10PC4-2V
vehicle carrier,355951,Patriot,Live,U.S.A.,28721,2006,50'+ gt,22564,Single,WAIU,60942,4442,Hanwha Ocean Company Limited,Okpo,199.10,190.00,32.29,32.25,32.59,11.30,21.29,—,B&W Diesel A/S,American Roll-On Roll-Off Carrier (ARC) LLC,United States of America,—,—,Wilh Wilhelmsen ASA (WILSHIP),Norway,American Roll-On Roll-Off Carrier (ARC) LLC,United States of America,m/v Patriot Trust,United States of America,American Roll-On Roll-Off Carrier (ARC) LLC,United States of America,—,—,—,—,American Roll-On Roll-Off Carrier (ARC) LLC,United States of America,—,—,—,—,9316139,303210000,15800,21509,7S60MC-C
vehicle carrier,355952,Arc Resolve,Live,U.S.A.,28721,2006,50'+ gt,22724,Single,WTSZ,60942,4443,Hanwha Ocean Company Limited,Okpo,199.10,190.00,32.26,32.25,34.70,11.30,23.40,—,B&W Diesel A/S,American Roll-On Roll-Off Carrier (ARC) LLC,United States of America,—,—,Wilh Wilhelmsen ASA (WILSHIP),Norway,American Roll-On Roll-Off Carrier (ARC) LLC,United States of America,Arc Resolve Trust,United States of America,American Roll-On Roll-Off Carrier (ARC) LLC,United States of America,—,—,—,—,American Roll-On Roll-Off Carrier (ARC) LLC,United States of America,—,—,—,—,9316141,338492000,16025,21490,7S60MC-C
vehicle carrier,355961,Elbe Highway,Live,Bahamas,7243,2005,-30'gt,7518,Single,C6UR3,23498,8245/1,Stocznia Gdynia S.A.,Gdynia,147.93,134.00,26.40,25.00,25.20,7.90,17.30,—,B&W Diesel A/S,Kawasaki Kisen Kaisha Limited (Kawasaki Kisen KK) ('K' Line),Japan,Nassau,—,Kawasaki Kisen Kaisha Limited (Kawasaki Kisen KK) ('K' Line),Japan,Kawasaki Kisen Kaisha Limited (Kawasaki Kisen KK) ('K' Line),Japan,Elbe Mariitme Limited,Isle of Man,Stargate Shipmanagement GmbH,Germany,—,—,—,—,Stargate Shipmanagement GmbH,Germany,—,—,—,—,9316282,311995000,9297,12467,7S46MC-C
vehicle carrier,355962,Thames Highway,Live,Bahamas,7050,2005,-30'gt,7491,Single,C6UR4,23498,8245/2,Stocznia Gdynia S.A.,Gdynia,147.93,134.00,26.40,26.40,17.37,7.91,9.46,—,B&W Diesel A/S,Ray Shipping Limited,Israel,Nassau,—,Ray Shipping Limited,Israel,Ray Shipping Limited,Israel,Thames Maritime Limited,Isle of Man,Stargate Shipmanagement GmbH,Germany,—,—,—,—,Stargate Shipmanagement GmbH,Germany,—,—,—,—,9316294,311996000,7901,10596,7S46MC-C
vehicle carrier,355978,Danube Highway,Live,Bahamas,7050,2006,-30'gt,7487,Single,C6VH4,23498,8245/3,Stocznia Gdynia S.A.,Gdynia,147.93,134.00,25.03,25.00,19.00,7.91,11.09,—,B&W Diesel A/S,Kawasaki Kisen Kaisha Limited (Kawasaki Kisen KK) ('K' Line),Japan,Nassau,—,Kawasaki Kisen Kaisha Limited (Kawasaki Kisen KK) ('K' Line),Japan,Kawasaki Kisen Kaisha Limited (Kawasaki Kisen KK) ('K' Line),Japan,Danube Maritime Limited,Isle of Man,Stargate Shipmanagement GmbH,Germany,—,—,—,—,Stargate Shipmanagement GmbH,Germany,—,—,—,—,9316309,308803000,9819,13167,7S46MC-C
vehicle carrier,355980,Seine Highway,Live,Bahamas,7050,2007,-30'gt,7443,Single,C6VJ7,23498,8245/4,Stocznia Gdynia S.A.,Gdynia,148.00,134.00,25.03,25.00,19.00,7.91,11.09,—,B&W Diesel A/S,Ray Shipping Limited,Israel,Nassau,—,Ray Shipping Limited,Israel,Ray Shipping Limited,Israel,Seine Maritime Limited,Isle of Man,Stargate Shipmanagement GmbH,Germany,—,—,—,—,Stargate Shipmanagement GmbH,Germany,—,—,—,—,9316311,308654000,7794,10596,7S46MC-C
vehicle carrier,356254,Firmament Ace,Live,Japan,18543,2006,50'+ gt,17713,Single,7KKF,60118,5307,Shin Kurushima Dockyard Company Limited,Onishi,199.99,192.00,32.26,32.26,21.17,9.73,11.44,Kobe Diesel Company Limited,Mitsubishi Heavy Industries Limited,Mitsui OSK Lines Ltd,Japan,Tokyo,—,—,—,—,—,Mitsui OSK Lines Ltd,Japan,—,—,—,—,—,—,—,—,—,—,—,—,9293894,431585000,15090,20517,8UEC60LSII
vehicle carrier,356255,SFL Conductor,Live,Liberia,18543,2006,50'+ gt,17709,Single,5LFR3,60118,5308,Shin Kurushima Dockyard Company Limited,Onishi,199.99,190.00,32.26,32.26,21.17,9.73,24.53,Kobe Diesel Company Limited,Mitsubishi Heavy Industries Limited,Financial Partners Group Company Limited (FPG),Japan,Monrovia,—,Financial Partners Group Company Limited (FPG),Japan,Financial Partners Group Company Limited (FPG),Japan,Solt Holding Liberia 27 SA,Liberia,Sunship Schiffahrtskontor KG,Germany,Volkswagen Group Logistics GmbH & Company OHG,Germany,—,—,Sunship Schiffahrtskontor KG,Germany,—,—,—,—,9293909,636021786,15090,20517,8UEC60LSII
vehicle carrier,356291,Liberty,Live,U.S.A.,23567,2006,50'+ gt,19628,Single,KLIG,61321,2213,Mitsubishi Heavy Industries Limited Shipbuilding,Kobe,199.99,192.00,32.29,32.28,36.02,11.03,24.99,Mitsubishi Heavy Industries Limited Shipbuilding,Mitsubishi Heavy Industries Limited,Wilmington Trust Company,United States of America,Wilmington,—,M&T Bank Corporation,United States of America,Wilmington Trust Company,United States of America,Wilmington Trust Company,United States of America,American Roll-On Roll-Off Carrier (ARC) LLC,United States of America,—,—,—,—,American Roll-On Roll-Off Carrier (ARC) LLC,United States of America,—,—,—,—,9310109,367125000,12335,16542,7UEC60LSII
vehicle carrier,356416,Dream Beauty,Live,Panama,12498,2006,30'-50'gt,15119,Single,3EFF2,41662,5328,Shin Kurushima Dockyard Company Limited,Onishi,186.00,181.00,28.20,28.20,29.43,8.52,3.96,Mitsui Engineering & Shipbuilding Company Limited,B&W Diesel A/S,Cido Shipping (HK) Company Limited,"Hong Kong, S.A.R., China",Panama,—,Cido Shipping (HK) Company Limited,"Hong Kong, S.A.R., China",Cido Shipping (HK) Company Limited,"Hong Kong, S.A.R., China",Dynamic Leader Shipping S.A.,Panama,Cido Shipping (Korea) Company Limited,Republic of Korea,Cido Car Carrier Service Company Limited,"Hong Kong, S.A.R., China",—,—,Cido Shipping (Korea) Company Limited,Republic of Korea,—,—,—,—,9303168,353642000,11599,15555,8S50MC
vehicle carrier,356419,Dream Angel,Live,Panama,12498,2006,30'-50'gt,15089,Single,3EEV,41662,SNO5327,Shin Kurushima Dockyard Company Limited,Onishi,186.03,181.00,28.20,28.20,29.43,8.52,3.96,Mitsui Engineering & Shipbuilding Company Limited (Tamano),B&W Diesel A/S,Cido Shipping (HK) Company Limited,"Hong Kong, S.A.R., China",Panama,—,Cido Shipping (HK) Company Limited,"Hong Kong, S.A.R., China",Cido Shipping (HK) Company Limited,"Hong Kong, S.A.R., China",Dynamic Driving Marine S.A.,Panama,Cido Shipping (Korea) Company Limited,Republic of Korea,Cido Car Carrier Service Company Limited,"Hong Kong, S.A.R., China",—,—,Cido Shipping (Korea) Company Limited,Republic of Korea,—,—,—,—,9303156,371820000,11599,15555,8S50MC
vehicle carrier,356468,Hoegh Detroit,Live,Norway (Int. Register),25912,2008,50'+ gt,27100,Single,LAHE6,68871,4439,Hanwha Ocean Company Limited,Okpo,228.77,223.91,32.29,32.26,19.93,10.00,22.59,MAN Diesel AS,B&W Diesel A/S,Hoegh Autoliners ASA,Norway,Oslo,—,Leif Hoegh & Company As,Norway,Hoegh Autoliners ASA,Norway,Hoegh Autoliners Shipping AS,Norway,Hoegh Technical Management Incorporated,Philippines,—,—,—,—,Hoegh Autoliners Management AS,Norway,—,—,—,—,9312470,257869000,12306,16502,7S60MC
vehicle carrier,356471,Hoegh Shanghai,Live,Norway (Int. Register),25912,2007,50'+ gt,27178,Single,LAJZ6,68871,4440,Hanwha Ocean Company Limited,Okpo,228.74,223.91,32.29,32.26,13.70,10.02,3.68,—,B&W Diesel A/S,Hoegh Autoliners ASA,Norway,Oslo,—,Leif Hoegh & Company As,Norway,Hoegh Autoliners ASA,Norway,Hoegh Autoliners Shipping AS,Norway,Hoegh Technical Management Incorporated,Philippines,—,—,—,—,Hoegh Autoliners Management AS,Norway,—,—,—,—,9312482,258758000,14280,19177,7S60MC
vehicle carrier,356493,Morning Concert,Live,South Korea,20901,2006,50'+ gt,9306,Single,D7BQ,57415,1694,HD Hyundai Heavy Industries Company Limited,Ulsan,199.98,190.00,32.29,32.25,32.64,10.00,22.64,HD Hyundai Heavy Industries Company Limited,B&W Diesel A/S,EUKOR Car Carriers Incorporated,Republic of Korea,Jeju,—,Wilh. Wilhelmsen Holding ASA (Wilship),Norway,EUKOR Car Carriers Incorporated,Republic of Korea,EUKOR Car Carriers Incorporated,Republic of Korea,Wilhelmsen Ship Management Korea Limited,Republic of Korea,—,—,—,—,Wilhelmsen Ship Management Korea Limited,Republic of Korea,—,—,—,—,9312822,441866000,12306,16502,7S60MC
vehicle carrier,356494,Morning Chorus,Live,South Korea,20960,2007,50'+ gt,16178,Single,D7EK,57536,1695,HD Hyundai Heavy Industries Company Limited,Ulsan,199.97,190.00,32.29,32.25,32.64,10.00,22.64,HD Hyundai Heavy Industries Company Limited,B&W Diesel A/S,EUKOR Car Carriers Incorporated,Republic of Korea,Jeju,—,Wilh. Wilhelmsen Holding ASA (Wilship),Norway,EUKOR Car Carriers Incorporated,Republic of Korea,EUKOR Car Carriers Incorporated,Republic of Korea,Wilhelmsen Ship Management Korea Limited,Republic of Korea,—,—,—,—,Wilhelmsen Ship Management Korea Limited,Republic of Korea,—,—,—,—,9312834,440093000,13027,17470,7S60MC
vehicle carrier,356568,Coral Leader,Live,Bahamas,22386,2006,30'-50'gt,10859,Single,C6VT5,40986,465,Uljanik Brodogradiliste d.d.,Pula,176.00,165.00,31.14,31.10,14.50,8.77,5.73,Uljanik Brodogradiliste d.d.,B&W Diesel A/S,Nippon Yusen Kabushiki Kaisha (NYK Line) (Nippon Yusen Kaisha),Japan,Nassau,—,Nippon Yusen Kabushiki Kaisha (NYK Line) (Nippon Yusen Kaisha),Japan,Nippon Yusen Kabushiki Kaisha (NYK Line) (Nippon Yusen Kaisha),Japan,Kujyukuri Maritima S.A.,Panama,Wallem Shipmanagement Limited (WSM),"Hong Kong, S.A.R., China",United European Car Carriers (Norway) AS,Norway,—,—,Wallem Shipmanagement Limited (WSM),"Hong Kong, S.A.R., China",—,—,—,—,9318486,308038000,12640,17185,8S50MC-C
vehicle carrier,356569,Opal Leader,Live,Bahamas,22386,2007,30'-50'gt,10855,Single,C6VT8,40986,466,Uljanik Brodogradiliste d.d.,Pula,176.00,165.00,31.14,31.10,14.50,8.77,5.73,Uljanik Brodogradiliste d.d.,B&W Diesel A/S,Nippon Yusen Kabushiki Kaisha (NYK Line) (Nippon Yusen Kaisha),Japan,Nassau,—,Nippon Yusen Kabushiki Kaisha (NYK Line) (Nippon Yusen Kaisha),Japan,Nippon Yusen Kabushiki Kaisha (NYK Line) (Nippon Yusen Kaisha),Japan,Payton Maritima S.A.,Panama,Wallem Shipmanagement Limited (WSM),"Hong Kong, S.A.R., China",United European Car Carriers AS,Norway,—,—,Wallem Shipmanagement Limited (WSM),"Hong Kong, S.A.R., China",—,—,—,—,9318498,309285000,12640,17185,8S50MC-C
vehicle carrier,356594,Istra Ace,Live,Bahamas,22395,2007,30'-50'gt,12200,Single,C6WE7,41000,467,Uljanik Brodogradiliste d.d.,Pula,176.00,165.00,31.14,31.10,14.50,7.70,6.80,Uljanik Brodogradiliste d.d.,B&W Diesel A/S,Ray Car Carriers Limited,Isle of Man,Nassau,—,Ray Shipping Limited,Israel,Ray Car Carriers Limited,Isle of Man,Istra Maritime Limited,Isle of Man,Stamco Ship Management Company Limited,Greece,Compania Sud Americana de Vapores S.A. (CSAV),Chile,—,—,Stamco Ship Management Company Limited,Greece,—,—,—,—,9318503,309955000,12815,17185,8S50MC-C
vehicle carrier,356595,Morning Menad,Live,South Korea,22392,2007,30'-50'gt,11733,Single,D8HC,41192,468,Uljanik Brodogradiliste d.d.,Pula,176.02,167.55,31.10,31.10,14.50,8.75,5.75,Uljanik Brodogradiliste d.d.,B&W Diesel A/S,EUKOR Car Carriers Incorporated,Republic of Korea,Jeju,—,Wilh. Wilhelmsen Holding ASA (Wilship),Norway,EUKOR Car Carriers Incorporated,Republic of Korea,EUKOR Car Carriers Incorporated,Republic of Korea,Wilhelmsen Ship Management Korea Limited,Republic of Korea,—,—,—,—,Wilhelmsen Ship Management Korea Limited,Republic of Korea,—,—,—,—,9318515,440253000,12640,17185,8S50MC-C
vehicle carrier,356597,Grande Colonia,Live,Italy,13843,2007,30'-50'gt,12400,Single,IBXR,38671,470,Uljanik Brodogradiliste d.d.,Pula,176.00,165.00,31.10,31.10,14.46,8.75,5.73,Uljanik Brodogradiliste d.d.,B&W Diesel A/S,Grimaldi Deep Sea S.p.A.,Italy,Palermo,1350,Grimaldi Group S.p.A.,Italy,Grimaldi Deep Sea S.p.A.,Italy,Grimaldi Deep Sea S.p.A.,Italy,Grimaldi Deep Sea S.p.A.,Italy,—,—,—,—,Grimaldi Deep Sea S.p.A.,Italy,—,—,—,—,9318527,247217500,11060,15037,7S50MC-C
vehicle carrier,356694,Viking Queen,Live,Marshall Islands,21359,2007,50'+ gt,16890,Single,V7A5096,55775,463,Uljanik Brodogradiliste d.d.,Pula,199.90,188.70,32.29,32.00,14.58,8.82,5.76,Uljanik Brodogradiliste d.d.,B&W Diesel A/S,Gram Car Carriers AS,Norway,Majuro,—,Mediterranean Shipping Company S.A. (MSC),Switzerland,Gram Car Carriers AS,Norway,Gram Car Carriers Shipowning AS,Norway,OSM Ship Management Private Limited,Republic of Singapore,Viking Car Carriers AS,Norway,—,—,OSM Ship Management Private Limited,Republic of Singapore,—,—,—,—,9318462,538009733,12815,17185,8S50MC-C
vehicle carrier,356695,Jiuyang Blossom,Live,Marshall Islands,21359,2007,50'+ gt,16632,Single,V7A7537,55775,464,Uljanik Brodogradiliste d.d.,Pula,199.90,188.70,32.29,32.26,32.31,8.02,2.91,Uljanik Brodogradiliste d.d.,B&W Diesel A/S,Bank of Communications Financial Leasing Company Limited,People's Republic of China,Majuro,—,Bank of Communications Company Limited,People's Republic of China,Bank of Communications Financial Leasing Company Limited,People's Republic of China,Xiang T60 HK International Ship Lease Company Limited,"Hong Kong, S.A.R., China",HMC Shipmanagement Company Limited,People's Republic of China,—,—,—,—,HMC Shipmanagement Company Limited,People's Republic of China,—,—,—,—,9318474,538010868,12815,17185,8S50MC-C
vehicle carrier,356789,Settler,Live,Panama,13315,2005,30'-50'gt,8546,Single,3EDP2,44382,695,Naikai Zosen Shipbuilding Corporation,Setoda,183.00,170.00,30.20,30.20,20.94,8.72,20.08,Kawasaki Shipbuilding Corporation,B&W Diesel A/S,Carim Engineering Company Limited,Japan,Panama,—,Carim Engineering Company Limited,Japan,Carim Engineering Company Limited,Japan,Carim Pacific S.A.,Panama,Glowing Ship Management Services,Philippines,—,—,—,—,Glowing Ship Management Services,Philippines,—,—,—,—,9323780,371641000,11620,15799,6S60MC-C
vehicle carrier,356790,Rockies Highway,Dead,Panama,13310,2006,30'-50'gt,12828,Double Hull,3EGN5,44364,696,Naikai Zosen Shipbuilding Corporation,Setoda,183.00,170.00,30.20,30.20,28.80,8.72,20.08,Kawasaki Heavy Industries Limited Shipbuilding Division,B&W Diesel A/S,Fukunaga Kaiun K.K.,Japan,Panama,—,Fukunaga Kaiun K.K.,Japan,Fukunaga Kaiun K.K.,Japan,NSF Line (Panama) S.A.,Panama,Fukunaga Kaiun K.K.,Japan,—,—,—,—,—,—,—,—,—,—,9325427,—,11620,15799,6S60MC-C
vehicle carrier,356791,Sierra Nevada Highway,Live,Panama,13310,2007,30'-50'gt,12851,Single,3EIO4,44364,697,Naikai Zosen Shipbuilding Corporation,Setoda,183.00,170.00,30.20,30.20,20.94,8.72,20.08,Kawasaki Heavy Industries Limited Shipbuilding Division,B&W Diesel A/S,'K' Line RoRo Bulk Ship Management Company Limited,Japan,Panama,—,Kawasaki Kisen Kaisha Limited (Kawasaki Kisen KK) ('K' Line),Japan,'K' Line RoRo Bulk Ship Management Company Limited,Japan,NZC0697 Shipping SA,Panama,'K' Line RoRo Bulk Ship Management Company Limited,Japan,—,—,—,—,'K' Line RoRo Bulk Ship Management Company Limited,Japan,—,—,—,—,9325439,372346000,11620,15799,6S60MC-C
vehicle carrier,356924,Tombarra,Live,Malta,23567,2006,50'+ gt,22149,Single,9HA4367,61321,2217,Mitsubishi Heavy Industries Limited Shipbuilding,Nagasaki,199.99,192.00,32.29,32.26,36.02,11.03,24.99,Mitsubishi Heavy Industries Limited Shipbuilding,Mitsubishi Heavy Industries Limited,Wallenius Wilhelmsen Ocean Holding AS,Norway,Valletta,—,Wilh Wilhelmsen ASA (WILSHIP),Norway,Wallenius Wilhelmsen Ocean Holding AS,Norway,Wilhelmsen Lines Shipowning Malta Limited,Malta,Wilhelmsen Ship Management (Norway) AS,Norway,—,—,—,—,Wilhelmsen Ship Management (Norway) AS,Norway,—,—,—,—,9319753,249758000,14315,16542,7UEC60LSII
vehicle carrier,356926,Tortugas,Live,Malta,23567,2006,50'+ gt,14512,Single,9HA4366,61321,2218,Mitsubishi Heavy Industries Limited Shipbuilding,Nagasaki,199.99,192.00,32.29,32.26,36.02,11.03,24.99,Mitsubishi Heavy Industries Limited Shipbuilding,Mitsubishi Heavy Industries Limited,Wallenius Wilhelmsen Ocean Holding AS,Norway,Valletta,—,Wilh Wilhelmsen ASA (WILSHIP),Norway,Wallenius Wilhelmsen Ocean Holding AS,Norway,Wilhelmsen Lines Shipowning Malta Limited,Malta,Wilhelmsen Ship Management (Norway) AS,Norway,—,—,—,—,Wilhelmsen Ship Management (Norway) AS,Norway,—,—,—,—,9319765,249757000,12335,16542,7UEC60LSII
vehicle carrier,358140,Marvelous Ace,Live,Japan,19152,2006,50'+ gt,19401,Single,7KIT,59422,1433,Imabari Shipbuilding Company Limited (Marugame),Marugame,199.97,192.00,32.26,32.26,21.31,10.02,24.78,Kobe Diesel Company Limited,Mitsubishi Heavy Industries Limited,Mitsui OSK Lines Ltd,Japan,Tokyo,—,—,—,—,—,Mitsui OSK Lines Ltd,Japan,—,—,—,—,—,—,—,—,—,—,—,—,9293519,431058000,15100,20530,8UEC60LSII
vehicle carrier,358141,Miraculous Ace,Live,Japan,19152,2006,50'+ gt,19381,Single,7KIZ,59160,1434,Imabari Shipbuilding Company Limited (Marugame),Marugame,199.97,190.00,32.26,32.26,21.31,10.02,24.78,Kobe Diesel Company Limited,Mitsubishi Heavy Industries Limited,Mitsui O.S.K. Lines Limited (MOL),Japan,Tokyo,—,Mitsui O.S.K. Lines Limited (MOL),Japan,Mitsui O.S.K. Lines Limited (MOL),Japan,Mitsui O.S.K. Lines Limited (MOL),Japan,MOL Ship Management Company Limited (MOLSHIP),Japan,—,—,—,—,MOL Ship Management Company Limited (MOLSHIP),Japan,—,—,—,—,9293521,431082000,15100,20530,8UEC60LSII
vehicle carrier,358142,Eminent Ace,Live,Japan,17578,2005,50'+ gt,18947,Single,7JUL,58595,686,Minami-Nippon Shipbuilding Company Limited,Usuki,199.95,190.00,—,32.20,21.19,9.82,24.38,Kobe Diesel Company Limited,Mitsubishi Heavy Industries Limited,Mitsui O.S.K. Lines Limited (MOL),Japan,Tahara,—,Mitsui O.S.K. Lines Limited (MOL),Japan,Mitsui O.S.K. Lines Limited (MOL),Japan,Mitsui O.S.K. Lines Limited (MOL),Japan,MOL Ship Management Company Limited (MOLSHIP),Japan,—,—,—,—,MOL Ship Management Company Limited (MOLSHIP),Japan,—,—,—,—,9293571,431205000,15130,20571,8UEC60LSII
vehicle carrier,358144,SFL Composer,Live,Liberia,17590,2005,50'+ gt,18881,Single,5LFR2,58631,687,Minami-Nippon Shipbuilding Company Limited,Usuki,199.95,190.00,—,32.20,21.19,9.82,11.37,Kobe Diesel Company Limited,Mitsubishi Heavy Industries Limited,Financial Partners Group Company Limited (FPG),Japan,Monrovia,—,Financial Partners Group Company Limited (FPG),Japan,Financial Partners Group Company Limited (FPG),Japan,Solt Holding Liberia 26 SA,Liberia,Sunship Schiffahrtskontor KG,Germany,Volkswagen Group Logistics GmbH & Company OHG,Germany,—,—,Sunship Schiffahrtskontor KG,Germany,—,—,—,—,9293583,636021785,15130,20571,8UEC60LSII
vehicle carrier,358146,Euphony Ace,Live,Panama,17590,2005,50'+ gt,18944,Single,3EDG6,58631,688,Minami-Nippon Shipbuilding Company Limited,Usuki,199.95,190.00,—,32.20,34.20,9.82,24.38,Kobe Diesel Company Limited,Mitsubishi Heavy Industries Limited,MOL Auto Logistics (India) Private Limited,India,Panama,—,Mitsui O.S.K. Lines Limited (MOL),Japan,MOL Auto Logistics (India) Private Limited,India,Aurora Car Maritime Transport S.A.,Panama,MOL Ship Management (Singapore) Private Limited,Republic of Singapore,—,—,—,—,MOL Ship Management (Singapore) Private Limited,Republic of Singapore,—,—,—,—,9293595,371618000,15130,20571,8UEC60LSII
vehicle carrier,358188,Grand Duke,Live,Panama,17766,2005,50'+ gt,18315,Single,3ECP7,59217,H-3578,Shin Kurushima Toyohashi Shipbuilding Company Limited,Toyohashi,199.90,192.00,32.26,32.26,35.80,9.63,26.17,Mitsui Engineering & Shipbuilding Company Limited (Tamano),B&W Diesel A/S,Cido Shipping (HK) Company Limited,"Hong Kong, S.A.R., China",Panama,—,Cido Shipping (HK) Company Limited,"Hong Kong, S.A.R., China",Cido Shipping (HK) Company Limited,"Hong Kong, S.A.R., China",Excellion Maritime Incorporated,Marshall Islands,Cido Shipping (Korea) Company Limited,Republic of Korea,Mitsui O.S.K. Lines Limited (MOL),Japan,—,—,Cido Shipping (Korea) Company Limited,Republic of Korea,—,—,—,—,9303170,371384000,14478,19415,7S60MC6
vehicle carrier,358189,Grand Cosmo,Live,Panama,17766,2006,50'+ gt,18288,Single,3EDQ,59217,H-3581,Shin Kurushima Toyohashi Shipbuilding Company Limited,Toyohashi,199.90,192.00,32.26,32.26,35.80,9.63,26.17,Mitsui Engineering & Shipbuilding Company Limited (Tamano),B&W Diesel A/S,Cido Shipping (HK) Company Limited,"Hong Kong, S.A.R., China",Panama,—,Cido Shipping (HK) Company Limited,"Hong Kong, S.A.R., China",Cido Shipping (HK) Company Limited,"Hong Kong, S.A.R., China",Dynamic Enterprise Marine S.A.,"Hong Kong, S.A.R., China",Cido Shipping (Korea) Company Limited,Republic of Korea,—,—,—,—,Cido Shipping (Korea) Company Limited,Republic of Korea,—,—,—,—,9303182,371648000,12307,16504,7S60MC6
vehicle carrier,358190,Grand Orion,Live,Panama,17766,2006,50'+ gt,18312,Single,3EES,59217,H-3582,Shin Kurushima Toyohashi Shipbuilding Company Limited,Toyohashi,199.90,192.00,32.26,32.26,35.80,9.63,26.17,Mitsui Engineering & Shipbuilding Company Limited,B&W Diesel A/S,Cido Shipping (HK) Company Limited,"Hong Kong, S.A.R., China",Panama,—,Cido Shipping (HK) Company Limited,"Hong Kong, S.A.R., China",Cido Shipping (HK) Company Limited,"Hong Kong, S.A.R., China",Dynamic Agressive Marine S.A.,Panama,Cido Shipping (Korea) Company Limited,Republic of Korea,—,—,—,—,Cido Shipping (Korea) Company Limited,Republic of Korea,—,—,—,—,9303194,371798000,12307,16504,7S60MC6
vehicle carrier,358192,Grand Neptune,Live,Panama,17766,2006,50'+ gt,18318,Single,3EEX9,59217,H-3583,Shin Kurushima Toyohashi Shipbuilding Company Limited,Toyohashi,199.90,192.00,32.26,32.26,35.80,9.63,26.17,Mitsui Engineering & Shipbuilding Company Limited,B&W Diesel A/S,Cido Shipping (HK) Company Limited,"Hong Kong, S.A.R., China",Panama,—,Cido Shipping (HK) Company Limited,"Hong Kong, S.A.R., China",Cido Shipping (HK) Company Limited,"Hong Kong, S.A.R., China",Dynamic Advantage Marine S.A.,Panama,Cido Shipping (Korea) Company Limited,Republic of Korea,Grimaldi Euromed S.p.A.,Italy,—,—,Cido Shipping (Korea) Company Limited,Republic of Korea,—,—,—,—,9303209,371964000,12307,16504,7S60MC6
vehicle carrier,358193,Grand Venus,Live,Panama,17766,2006,50'+ gt,18107,Single,3EGG5,59217,H-3590,Shin Kurushima Toyohashi Shipbuilding Company Limited,Toyohashi,199.90,192.00,32.26,32.26,35.80,9.63,26.17,Mitsui Engineering & Shipbuilding Company Limited,B&W Diesel A/S,Cido Shipping (HK) Company Limited,"Hong Kong, S.A.R., China",Panama,—,Cido Shipping (HK) Company Limited,"Hong Kong, S.A.R., China",Cido Shipping (HK) Company Limited,"Hong Kong, S.A.R., China",Dynamic Luxury Shipping S.A.,Panama,Cido Shipping (Korea) Company Limited,Republic of Korea,—,—,—,—,Cido Shipping (Korea) Company Limited,Republic of Korea,—,—,—,—,9303211,351034000,12307,16504,7S60MC6
vehicle carrier,358194,Grand Diamond,Live,Panama,17766,2007,50'+ gt,18058,Single,3EHY,59217,H-3591,Shin Kurushima Toyohashi Shipbuilding Company Limited,Toyohashi,199.90,192.00,32.26,32.26,35.80,9.63,26.17,Mitsui Engineering & Shipbuilding Company Limited,Mitsubishi Heavy Industries Limited,Cido Shipping (HK) Company Limited,"Hong Kong, S.A.R., China",Panama,—,Cido Shipping (HK) Company Limited,"Hong Kong, S.A.R., China",Cido Shipping (HK) Company Limited,"Hong Kong, S.A.R., China",Blooming Anemone Corporation,Marshall Islands,Cido Shipping (Korea) Company Limited,Republic of Korea,Kawasaki Kisen Kaisha Limited (Kawasaki Kisen KK) ('K' Line),Japan,—,—,Cido Shipping (Korea) Company Limited,Republic of Korea,—,—,—,—,9303223,372283000,12307,16504,6UEC52LS
vehicle carrier,358463,Grand Ruby,Live,Panama,17766,2007,50'+ gt,18117,Single,3EIU3,59217,H-3592,Shin Kurushima Toyohashi Shipbuilding Company Limited,Toyohashi,199.90,192.00,32.26,32.26,35.80,9.63,26.17,Mitsui Engineering & Shipbuilding Company Limited,Mitsubishi Heavy Industries Limited,Cido Shipping (HK) Company Limited,"Hong Kong, S.A.R., China",Panama,—,Cido Shipping (HK) Company Limited,"Hong Kong, S.A.R., China",Cido Shipping (HK) Company Limited,"Hong Kong, S.A.R., China",Blooming Rose Corporation,Marshall Islands,Cido Shipping (Korea) Company Limited,Republic of Korea,Cido Car Carrier Service Company Limited,"Hong Kong, S.A.R., China",—,—,Cido Shipping (Korea) Company Limited,Republic of Korea,—,—,—,—,9325221,372399000,12307,16504,6UEC52LS
vehicle carrier,358464,Grand Sapphire,Live,Panama,17766,2007,50'+ gt,18099,Single,3EJH,59217,H-3593,Shin Kurushima Toyohashi Shipbuilding Company Limited,Toyohashi,199.90,192.00,32.26,32.26,35.80,9.63,26.17,Mitsui Engineering & Shipbuilding Company Limited,Mitsubishi Heavy Industries Limited,Cido Shipping (HK) Company Limited,"Hong Kong, S.A.R., China",Panama,—,Cido Shipping (HK) Company Limited,"Hong Kong, S.A.R., China",Cido Shipping (HK) Company Limited,"Hong Kong, S.A.R., China",Dynamic Attractive Shipping S.A.,Panama,Cido Shipping (Korea) Company Limited,Republic of Korea,Cido Car Carrier Service Company Limited,"Hong Kong, S.A.R., China",—,—,Cido Shipping (Korea) Company Limited,Republic of Korea,—,—,—,—,9325233,372516000,12307,16504,6UEC52LS
vehicle carrier,358561,Gold Star,Live,Liberia,14264,2007,30'-50'gt,12322,Single,D5DX2,47168,XSI404A,Xiamen Shipbuilding Industry Company Limited,Xiamen,182.80,170.20,31.53,31.50,19.00,9.00,3.81,HD Hyundai Heavy Industries Company Limited,B&W Diesel A/S,XT Management Limited,Israel,Monrovia,—,—,—,XT Management Limited,Israel,West Navigate Limited,Liberia,XT Management Limited,Israel,Sallaum Lines DMCC,United Arab Emirates,Lombard Corporate Finance (December 3) Limited,United Kingdom,XT Management Limited,Israel,—,—,—,—,9325178,636015991,14220,16433,9S50MC-C
vehicle carrier,358562,CSAV Rio Nevado,Live,Liberia,14264,2007,30'-50'gt,12221,Single,D5DX5,46800,XSI404B,Xiamen Shipbuilding Industry Company Limited,Xiamen,182.80,170.68,31.53,31.50,31.80,9.02,22.78,—,B&W Diesel A/S,Zodiac Maritime Limited,United Kingdom,Monrovia,—,Zodiac Group Monaco SAM,Monaco,Zodiac Maritime Limited,United Kingdom,Becketts Navigation Incorporated,Liberia,Zodiac Maritime Limited,United Kingdom,Compania Sud Americana de Vapores S.A. (CSAV),Chile,—,—,Zodiac Maritime Limited,United Kingdom,—,—,—,—,9325180,636015994,12087,16433,9S50MC-C
vehicle carrier,358975,Eastern Highway,Live,Marshall Islands,11827,2006,30'-50'gt,12991,Single,V7WS3,39422,5345,Shin Kurushima Dockyard Company Limited,Onishi,188.03,183.70,28.20,28.20,13.62,8.52,5.10,Kobe Diesel Company Limited,Mitsubishi Heavy Industries Limited,Sugahara Kisen Company Limited,Japan,Majuro,—,Sugahara Kisen Company Limited,Japan,Sugahara Kisen Company Limited,Japan,Prosper Sunwaito S.A.,Marshall Islands,Sugahara Kisen Company Limited,Japan,—,—,—,—,Sugahara Kisen Company Limited,Japan,—,—,—,—,9325764,538007611,11000,14956,8UEC50LSII
vehicle carrier,358976,Western Highway,Live,Panama,11827,2007,30'-50'gt,12980,Single,3EJK5,39422,5346,Shin Kurushima Dockyard Company Limited,Onishi,188.03,183.70,28.20,28.20,19.81,8.52,18.89,Kobe Diesel Company Limited,Mitsubishi Heavy Industries Limited,Libera Corporation,Japan,Panama,—,Libera Corporation,Japan,Libera Corporation,Japan,Centennial Shipping SA,Panama,Sandigan Ship Services Incorporated,Philippines,—,—,—,—,Sandigan Ship Services Incorporated,Philippines,—,—,—,—,9325776,372548000,11000,14956,8UEC50LSII
vehicle carrier,358977,Dream Diamond,Live,Panama,12498,2007,30'-50'gt,15069,Single,3EHY5,41662,5347,Shin Kurushima Dockyard Company Limited,Onishi,186.00,181.00,28.20,28.20,29.43,8.52,3.96,Mitsui Engineering & Shipbuilding Company Limited (Tamano),B&W Diesel A/S,Cido Shipping (HK) Company Limited,"Hong Kong, S.A.R., China",Panama,—,Cido Shipping (HK) Company Limited,"Hong Kong, S.A.R., China",Cido Shipping (HK) Company Limited,"Hong Kong, S.A.R., China",Dynamic Jumping Marine S.A.,Panama,Cido Shipping (Korea) Company Limited,Republic of Korea,Cido Car Carrier Service Company Limited,"Hong Kong, S.A.R., China",—,—,Cido Shipping (Korea) Company Limited,Republic of Korea,—,—,—,—,9325788,372290000,11599,15555,8S50MC
vehicle carrier,358978,Dream Diva,Live,Panama,12498,2007,30'-50'gt,15068,Single,3EKW6,41662,5348,Shin Kurushima Dockyard Company Limited,Onishi,186.00,181.00,28.20,28.20,29.43,8.52,20.91,Mitsui Engineering & Shipbuilding Company Limited (Tamano),B&W Diesel A/S,Cido Shipping (HK) Company Limited,"Hong Kong, S.A.R., China",Panama,—,Cido Shipping (HK) Company Limited,"Hong Kong, S.A.R., China",Cido Shipping (HK) Company Limited,"Hong Kong, S.A.R., China",Dynamic Spirit Shipping S.A.,Panama,Cido Shipping (Korea) Company Limited,Republic of Korea,Cido Car Carrier Service Company Limited,"Hong Kong, S.A.R., China",—,—,Cido Shipping (Korea) Company Limited,Republic of Korea,—,—,—,—,9325790,372856000,11599,15555,8S50MC
vehicle carrier,358983,Trans Future 5,Live,Panama,18125,2005,50'+ gt,14906,Single,3EDA4,60414,2205,Mitsubishi Heavy Industries Limited Shipbuilding,Nagasaki,199.99,192.00,—,32.26,22.03,9.03,27.18,Mitsubishi Heavy Industries Limited,Mitsubishi Heavy Industries Limited,Toyofuji Shipping Company Limited (Toyofuji Kaiun KK),Japan,Panama,—,Toyofuji Shipping Company Limited (Toyofuji Kaiun KK),Japan,Toyofuji Shipping Company Limited (Toyofuji Kaiun KK),Japan,Feng Li Maritime Corporation & Star Bulk Carrier Company S.A.,Panama,Kagoshima Senpaku Kaisha Limited,Japan,—,—,—,—,Kagoshima Senpaku Kaisha Limited,Japan,—,—,—,—,9326079,371522000,14315,16542,7UEC60LSII
vehicle carrier,358984,Trans Future 6,Live,Panama,18121,2006,50'+ gt,14906,Single,3EER6,60401,2206,Mitsubishi Heavy Industries Limited Shipbuilding,Nagasaki,199.99,192.00,—,32.26,22.03,9.03,26.97,Mitsubishi Heavy Industries Limited Shipbuilding,Mitsubishi Heavy Industries Limited,Daiichi Chuo Kisen Kaisha,Japan,Panama,—,Daiichi Chuo Kisen Kaisha,Japan,Daiichi Chuo Kisen Kaisha,Japan,Norwich Shipping Corporation (80%) & Feng Li Maritime Corporation (20%),Panama,Kagoshima Senpaku Kaisha Limited,Japan,—,—,—,—,Kagoshima Senpaku Kaisha Limited,Japan,—,—,—,—,9326081,371797000,14315,16542,7UEC60LSII
vehicle carrier,358985,Trans Future 7,Live,Liberia,18121,2006,50'+ gt,14906,Single,D5KF6,60401,2207,Mitsubishi Heavy Industries Limited Shipbuilding,Nagasaki,199.99,192.00,33.00,32.26,22.03,9.03,13.00,Mitsubishi Heavy Industries Limited Shipbuilding,Mitsubishi Heavy Industries Limited,Kagoshima Senpaku Kaisha Limited,Japan,Monrovia,—,Kagoshima Senpaku Kaisha Limited,Japan,Kagoshima Senpaku Kaisha Limited,Japan,Norwich Shipping Corporation,Panama,Kagoshima Senpaku Kaisha Limited,Japan,—,—,—,—,Kagoshima Senpaku Kaisha Limited,Japan,—,—,—,—,9326093,636017295,14315,16542,7UEC60LSII
vehicle carrier,359741,Tarifa,Live,Bahamas,21037,2007,50'+ gt,21120,Single,C6VT6,57692,8168/16,Stocznia Gdynia S.A.,Gdynia,199.95,188.31,32.28,32.25,32.73,10.02,22.71,H. Cegielski-Poznan S.A.,Sulzer Turbomachinery Services,Ray Car Carriers Limited,Isle of Man,Nassau,—,Ray Shipping Limited,Israel,Ray Car Carriers Limited,Isle of Man,Tarifa Maritime Limited,Bahamas,Stamco Ship Management Company Limited,Greece,EUKOR Car Carriers Incorporated,Republic of Korea,—,—,Stamco Ship Management Company Limited,Greece,—,—,—,—,9327748,309847000,15754,21127,7RTA62
vehicle carrier,360000,Sea Hellinis,Live,Panama,13570,2005,30'-50'gt,14962,Single,H9JT,45232,1109,Mitsubishi Heavy Industries Limited Shipbuilding,Shimonoseki,180.00,171.70,30.03,30.03,13.10,9.22,3.88,Mitsubishi Heavy Industries Limited Shipbuilding,Mitsubishi Heavy Industries Limited,Mediterranean Car-Carriers Line S.A. (MCCL),Greece,Panama,—,Mediterranean Car-Carriers Line S.A. (MCCL),Greece,Mediterranean Car-Carriers Line S.A. (MCCL),Greece,Sea Hellinis Shipping S.A.,Marshall Islands,Mediterranean Car-Carriers Line S.A. (MCCL),Greece,—,—,—,—,Mediterranean Car-Carriers Line S.A. (MCCL),Greece,—,—,—,—,9328728,356145000,11560,13359,8UEC50LSE
vehicle carrier,360681,Morning Cello,Live,Panama,20901,2007,50'+ gt,21060,Single,3FBI3,57542,S288,HD Hyundai Samho Company Limited,Samho,199.97,190.00,32.30,32.26,20.11,10.00,10.11,HD Hyundai Heavy Industries Company Limited,B&W Diesel A/S,EUKOR Car Carriers Incorporated,Republic of Korea,Panama,—,Wilh. Wilhelmsen Holding ASA (Wilship),Norway,EUKOR Car Carriers Incorporated,Republic of Korea,Glorious Marine Shipping S.A.,Bahamas,Wilhelmsen Ship Management Korea Limited,Republic of Korea,—,—,—,—,Wilhelmsen Ship Management Korea Limited,Republic of Korea,—,—,—,—,9329461,374042000,14342,19500,7S60MC
vehicle carrier,360682,Morning Cornet,Live,Liberia,20901,2007,50'+ gt,21051,Single,D5OU4,57542,S289,HD Hyundai Samho Company Limited,Samho,199.97,190.00,32.30,32.26,32.64,10.00,22.64,HD Hyundai Heavy Industries Company Limited,B&W Diesel A/S,EUKOR Car Carriers Incorporated,Republic of Korea,Monrovia,—,Wilh. Wilhelmsen Holding ASA (Wilship),Norway,EUKOR Car Carriers Incorporated,Republic of Korea,Trelav Maritime Incorporated,Liberia,Wilhelmsen Ship Management Korea Limited,Republic of Korea,SAIC Anji Logistics Company Limited,People's Republic of China,—,—,Wilhelmsen Ship Management Korea Limited,Republic of Korea,—,—,—,—,9329473,636018238,14342,19500,7S60MC
vehicle carrier,361004,Jiuyang Bonanza,Live,Marshall Islands,17912,2006,50'+ gt,19670,Single,V7A6811,59705,4441,Hanwha Ocean Company Limited,Okpo,199.10,189.20,32.24,32.20,14.66,8.80,1.00,MAN B&W Diesel Limited,B&W Diesel A/S,Bank of Communications Financial Leasing Company Limited,People's Republic of China,Majuro,—,Bank of Communications Company Limited,People's Republic of China,Bank of Communications Financial Leasing Company Limited,People's Republic of China,Jiayuan International Ship Lease Company Limited,"Hong Kong, S.A.R., China",HMC Shipmanagement Company Limited,People's Republic of China,Changjiu Logistics,People's Republic of China,—,—,HMC Shipmanagement Company Limited,People's Republic of China,—,—,—,—,9330616,538011221,13560,15670,6S60ME-C
vehicle carrier,361496,Alliance Norfolk,Live,U.S.A.,19535,2007,50'+ gt,21500,Single,WGAH,57280,4447,Hanwha Ocean Company Limited,Okpo,199.90,190.00,32.26,32.26,13.95,10.02,3.93,HSD Engine Company Limited,B&W Diesel A/S,Hoegh Autoliners Management AS,Norway,Norfolk,—,Leif Hoegh & Company As,Norway,Hoegh Autoliners Management AS,Norway,Wilmington Trust Company & Hoegh Autoliners,United States of America,Hoegh Fleet Services AS,Norway,Farrell Lines Incorporated,United States of America,—,—,Maersk Line Limited (USA),United States of America,—,—,—,—,9332547,338619000,14280,19415,7S60MC
vehicle carrier,361675,ARC Integrity,Live,U.S.A.,33546,2008,50'+ gt,30386,Single,KINQ,71583,4446,Hanwha Ocean Company Limited,Okpo,228.00,219.30,—,32.26,34.70,11.30,23.40,HSD Engine Company Limited,B&W Diesel A/S,American Roll-On Roll-Off Carrier (ARC) LLC,United States of America,—,—,Wilh Wilhelmsen ASA (WILSHIP),Norway,American Roll-On Roll-Off Carrier (ARC) LLC,United States of America,Arc Integrity Trust,United States of America,American Roll-On Roll-Off Carrier (ARC) LLC,United States of America,—,—,—,—,American Roll-On Roll-Off Carrier (ARC) LLC,United States of America,—,—,—,—,9332949,338058000,15820,18283,7S60MC-C
vehicle carrier,361676,Fidelio,Live,Sweden,33546,2007,50'+ gt,30137,Single,SLKR,71583,4445,Hanwha Ocean Company Limited,Okpo,227.80,219.30,32.26,32.26,34.70,11.30,23.40,HSD Engine Company Limited,B&W Diesel A/S,Wallenius Wilhelmsen Ocean Holding AS,Norway,Stockholm,—,Wilh Wilhelmsen ASA (WILSHIP),Norway,Wallenius Wilhelmsen Ocean Holding AS,Norway,Wall Ro/Ro AB,Sweden,Wallenius Marine Singapore Private Limited,Republic of Singapore,—,—,—,—,Wallenius Marine AB,Sweden,—,—,—,—,9332937,266261000,15820,21509,7S60MC-C
vehicle carrier,361677,ARC Independence,Live,U.S.A.,33546,2007,50'+ gt,30200,Single,WAIE,71583,4444,Hanwha Ocean Company Limited,Okpo,227.80,219.30,32.26,32.26,34.70,9.50,25.20,—,B&W Diesel A/S,American Roll-On Roll-Off Carrier (ARC) LLC,United States of America,—,—,Wilh Wilhelmsen ASA (WILSHIP),Norway,American Roll-On Roll-Off Carrier (ARC) LLC,United States of America,mv Arc Independence Trust,United States of America,American Roll-On Roll-Off Carrier (ARC) LLC,United States of America,—,—,—,—,American Roll-On Roll-Off Carrier (ARC) LLC,United States of America,—,—,—,—,9332925,338794000,16000,21456,7S60MC-C
vehicle carrier,362128,Toyofuku Maru,Live,Japan,—,2005,-30'gt,5490,Single,JD2177,12687,1113,Mitsubishi Heavy Industries Limited Shipbuilding,Shimonoseki,165.00,158.00,—,27.60,18.93,6.22,12.71,Mitsubishi Heavy Industries Limited Shipbuilding,Mitsubishi Heavy Industries Limited,Fukuju Shipping Company Limited,Japan,Shizuoka,—,K. Okumura,Japan,Fukuju Shipping Company Limited,Japan,Fukuju Kigyo K.K. & Toyofuji Shipping Company Limited,Japan,Fukuju Shipping Company Limited,Japan,—,—,—,—,Fukuju Shipping Company Limited,Japan,—,—,—,—,9336921,431200688,11935,13752,7UEC52LSE
vehicle carrier,362130,Seiwa Maru,Live,Japan,—,2006,-30'gt,6818,Single,JD2213,15781,1116,Mitsubishi Heavy Industries Limited Shipbuilding,Shimonoseki,167.00,158.00,30.20,30.20,17.55,7.62,9.93,Mitsubishi Heavy Industries Limited Shipbuilding,Mitsubishi Heavy Industries Limited,Fujitrans Corporation,Japan,Nagoya,—,Fujitrans Corporation,Japan,Fujitrans Corporation,Japan,Fujitrans Corporation,Japan,Fujitrans Corporation,Japan,Kagoshima Senpaku Kaisha Limited,Japan,—,—,—,—,—,—,—,—,9336933,431200693,19125,23644,12UEC52LSE
vehicle carrier,362228,Grand Victory,Live,Panama,17766,2008,50'+ gt,18299,Single,3ERC7,59217,5440,Shin Kurushima Dockyard Company Limited,Onishi,199.99,192.00,32.26,32.26,35.80,9.63,26.17,Mitsui Engineering & Shipbuilding Company Limited (Tamano),B&W Diesel A/S,Cido Shipping (HK) Company Limited,"Hong Kong, S.A.R., China",Panama,—,Cido Shipping (HK) Company Limited,"Hong Kong, S.A.R., China",Cido Shipping (HK) Company Limited,"Hong Kong, S.A.R., China",Dynamic Inventor Marine S.A.,Panama,Cido Shipping (Korea) Company Limited,Republic of Korea,Cido Car Carrier Service Company Limited,"Hong Kong, S.A.R., China",—,—,Cido Shipping (Korea) Company Limited,Republic of Korea,—,—,—,—,9334234,370011000,12306,16502,8S50MC
vehicle carrier,362516,Aphrodite Leader,Live,Japan,18772,2007,50'+ gt,21443,Single,7KCW,62568,3601,Shin Kurushima Toyohashi Shipbuilding Company Limited,Toyohashi,199.94,190.00,32.26,32.26,24.12,10.33,13.79,Kobe Diesel Company Limited,Mitsubishi Heavy Industries Limited,Toko Unyu Company Limited (Toko Unyu K.K.),Japan,—,—,Toko Unyu Company Limited (Toko Unyu K.K.),Japan,Toko Unyu Company Limited (Toko Unyu K.K.),Japan,Toko Unyu Company Limited (Toko Unyu K.K.),Japan,Wallem Shipmanagement Limited (WSM),"Hong Kong, S.A.R., China",Nippon Yusen Kabushiki Kaisha (NYK Line) (Nippon Yusen Kaisha),Japan,—,—,Wallem Shipmanagement Limited (WSM),"Hong Kong, S.A.R., China",—,—,—,—,9335953,431777000,15540,17690,8UEC60LSII
vehicle carrier,362518,Poseidon Leader,Live,Japan,18900,2007,50'+ gt,21449,Single,7JCO,63001,3602,Shin Kurushima Toyohashi Shipbuilding Company Limited,Toyohashi,199.94,190.00,32.26,32.26,24.12,10.33,24.47,Kobe Diesel Company Limited,Mitsubishi Heavy Industries Limited,Nippon Yusen Kabushiki Kaisha (NYK Line) (Nippon Yusen Kaisha),Japan,Tokyo,—,Nippon Yusen Kabushiki Kaisha (NYK Line) (Nippon Yusen Kaisha),Japan,Nippon Yusen Kabushiki Kaisha (NYK Line) (Nippon Yusen Kaisha),Japan,Nippon Yusen Kabushiki Kaisha (NYK Line) (Nippon Yusen Kaisha),Japan,NYK Shipmanagement Private Limited,Republic of Singapore,—,—,—,—,NYK Shipmanagement Private Limited,Republic of Singapore,—,—,—,—,9335965,432624000,15540,17960,8UEC60LSII
vehicle carrier,362520,Morning Conductor,Live,South Korea,20901,2008,50'+ gt,21091,Single,D7ET,57542,S-0290,HD Hyundai Samho Company Limited,Samho,199.97,189.20,32.26,32.26,20.11,10.02,10.09,HD Hyundai Heavy Industries Company Limited,B&W Diesel A/S,EUKOR Car Carriers Incorporated,Republic of Korea,Jeju,—,Wilh. Wilhelmsen Holding ASA (Wilship),Norway,EUKOR Car Carriers Incorporated,Republic of Korea,EUKOR Car Carriers Incorporated,Republic of Korea,Wilhelmsen Ship Management Korea Limited,Republic of Korea,—,—,—,—,Wilhelmsen Ship Management Korea Limited,Republic of Korea,—,—,—,—,9336050,440083000,14342,19500,7S60MC
vehicle carrier,362521,Morning Celesta,Live,Bahamas,20901,2008,50'+ gt,21055,Single,C6DK7,57542,HSHI0291,HD Hyundai Samho Company Limited,Samho,199.97,189.20,32.26,32.26,20.11,10.01,10.10,HD Hyundai Heavy Industries Company Limited,B&W Diesel A/S,EUKOR Car Carriers Incorporated,Republic of Korea,Nassau,—,Wilh. Wilhelmsen Holding ASA (Wilship),Norway,EUKOR Car Carriers Incorporated,Republic of Korea,Celesta Maritime Limited,Isle of Man,Wilhelmsen Ship Management Sendirian Berhad,Malaysia,—,—,—,—,Wilhelmsen Ship Management Sendirian Berhad,Malaysia,—,—,—,—,9336062,311000705,14342,19500,7S60MC6
vehicle carrier,362522,Morning Composer,Live,South Korea,20901,2008,50'+ gt,21053,Single,D7BP,57542,S0292,HD Hyundai Samho Company Limited,Samho,199.97,189.20,32.26,32.26,20.11,10.01,10.10,HD Hyundai Heavy Industries Company Limited,B&W Diesel A/S,EUKOR Car Carriers Incorporated,Republic of Korea,Jeju,—,Wilh. Wilhelmsen Holding ASA (Wilship),Norway,EUKOR Car Carriers Incorporated,Republic of Korea,EUKOR Car Carriers Incorporated,Republic of Korea,Wilhelmsen Ship Management Korea Limited,Republic of Korea,—,—,—,—,Wilhelmsen Ship Management Korea Limited,Republic of Korea,—,—,—,—,9336074,440204000,14342,19500,7S60MC
vehicle carrier,362523,Morning Carol,Live,Bahamas,20901,2008,50'+ gt,21044,Single,C6DI6,57542,HSHI0293,HD Hyundai Samho Company Limited,Samho,199.97,189.20,32.26,32.26,14.30,10.02,4.28,HD Hyundai Heavy Industries Company Limited,B&W Diesel A/S,EUKOR Car Carriers Incorporated,Republic of Korea,Nassau,—,Wilh. Wilhelmsen Holding ASA (Wilship),Norway,EUKOR Car Carriers Incorporated,Republic of Korea,Carol Maritime Limited,Isle of Man,Wilhelmsen Ship Management Sendirian Berhad,Malaysia,—,—,—,—,Wilhelmsen Ship Management Sendirian Berhad,Malaysia,—,—,—,—,9336086,311000685,14342,19500,7S60MC6
vehicle carrier,362889,Morning Charlotte,Live,Panama,18301,2007,50'+ gt,22362,Single,3E2746,61002,S-1464,Imabari Shipbuilding Company Limited (Marugame),Marugame,199.94,190.00,32.26,32.26,24.32,10.02,24.78,Kobe Diesel Company Limited,Mitsubishi Heavy Industries Limited,EUKOR Car Carriers Incorporated,Republic of Korea,Panama,—,Wilh. Wilhelmsen Holding ASA (Wilship),Norway,EUKOR Car Carriers Incorporated,Republic of Korea,Charlotte International Maritime SA,Panama,Wilhelmsen Ship Management Korea Limited,Republic of Korea,—,—,—,—,Wilhelmsen Ship Management Korea Limited,Republic of Korea,—,—,—,—,9338694,352001831,15540,21128,8UEC60LSII
vehicle carrier,362890,Swallow Ace,Live,Japan,18425,2007,50'+ gt,18864,Single,7KNF,58599,697,Minami-Nippon Shipbuilding Company Limited,Usuki,199.95,190.00,32.26,32.20,21.19,9.82,24.38,Kobe Diesel Company Limited,Mitsubishi Heavy Industries Limited,Mitsui O.S.K. Lines Limited (MOL),Japan,Tokyo,—,Mitsui O.S.K. Lines Limited (MOL),Japan,Mitsui O.S.K. Lines Limited (MOL),Japan,Mitsui O.S.K. Lines Limited (MOL),Japan,MOL Ship Management (Singapore) Private Limited,Republic of Singapore,—,—,—,—,MOL Ship Management (Singapore) Private Limited,Republic of Singapore,Unknown,Unknown,Unknown Scrubber Manufacturer,Retrofit,9338620,431839000,15130,21128,8UEC60LSII
vehicle carrier,362891,Southern Highway,Live,Japan,11719,2008,30'-50'gt,12892,Single,7KCN,39065,5500,Shin Kurushima Dockyard Company Limited,Onishi,188.03,183.70,32.23,28.20,19.81,8.52,25.74,Kobe Diesel Company Limited,Mitsubishi Heavy Industries Limited,Kawasaki Kisen Kaisha Limited (Kawasaki Kisen KK) ('K' Line),Japan,Kobe,—,Kawasaki Kisen Kaisha Limited (Kawasaki Kisen KK) ('K' Line),Japan,Kawasaki Kisen Kaisha Limited (Kawasaki Kisen KK) ('K' Line),Japan,Kawasaki Kisen Kaisha Limited (Kawasaki Kisen KK) ('K' Line),Japan,'K' Line RoRo Bulk Ship Management Company Limited,Japan,—,—,—,—,'K' Line RoRo Bulk Ship Management Company Limited,Japan,—,—,—,—,9338632,431857000,11000,14955,8UEC60LSII
vehicle carrier,362894,Morning Carina,Live,Panama,18263,2007,50'+ gt,22755,Single,3ENP9,60876,1465,Imabari Shipbuilding Company Limited (Marugame),Marugame,199.94,190.00,32.26,32.26,24.32,10.02,24.78,—,Mitsubishi Heavy Industries Limited,Shoei Kisen KK (Shoei Kisen Kaisha Limited),Japan,Panama,—,Imabari Shipbuilding Company Limited,Japan,Shoei Kisen KK (Shoei Kisen Kaisha Limited),Japan,Paraiso Shipping S.A (50%) & Shoei Kisen Kaisha Limited (50%),Panama,Fleet Ship Management Private Limited,Republic of Singapore,EUKOR Car Carriers Incorporated,Republic of Korea,—,—,Fleet Ship Management Private Limited,Republic of Singapore,—,—,—,—,9338709,351392000,15540,21128,8UEC60LSII
vehicle carrier,362895,Morning Catherine,Live,Panama,18263,2008,50'+ gt,22447,Single,3E5072,61001,S-1466,Imabari Shipbuilding Company Limited (Marugame),Marugame,199.94,190.60,32.26,32.26,15.00,10.02,4.98,Kobe Diesel Company Limited,Mitsubishi Heavy Industries Limited,EUKOR Car Carriers Incorporated,Republic of Korea,Panama,—,Wilh. Wilhelmsen Holding ASA (Wilship),Norway,EUKOR Car Carriers Incorporated,Republic of Korea,M Catherine SA,Panama,Wilhelmsen Ship Management Korea Limited,Republic of Korea,—,—,—,—,Wilhelmsen Ship Management Korea Limited,Republic of Korea,Unknown,Unknown,Unknown Scrubber Manufacturer,Retrofit,9338711,352002781,15540,21128,8UEC60LSII
vehicle carrier,362896,Morning Caroline,Live,Panama,18263,2008,50'+ gt,22717,Single,H3OO,60876,1467,Imabari Shipbuilding Company Limited (Marugame),Marugame,199.94,190.60,32.26,32.26,15.00,10.02,4.98,Kobe Diesel Company Limited,Mitsubishi Heavy Industries Limited,EUKOR Car Carriers Incorporated,Republic of Korea,Panama,—,Wilh. Wilhelmsen Holding ASA (Wilship),Norway,EUKOR Car Carriers Incorporated,Republic of Korea,M Caroline SA,Panama,Wilhelmsen Ship Management Korea Limited,Republic of Korea,—,—,—,—,Wilhelmsen Ship Management Korea Limited,Republic of Korea,—,—,—,—,9338723,351446000,15540,21128,8UEC60LSII
vehicle carrier,363012,Swan Ace,Live,Bahamas,18167,2008,50'+ gt,18867,Single,C6WV4,58685,698,Minami-Nippon Shipbuilding Company Limited,Usuki,199.95,190.00,32.26,32.20,21.19,9.82,24.38,Kobe Diesel Company Limited,Mitsubishi Heavy Industries Limited,MOL Auto Logistics (India) Private Limited,India,Nassau,—,Mitsui O.S.K. Lines Limited (MOL),Japan,MOL Auto Logistics (India) Private Limited,India,Snowscape Car Carriers S.A.,Panama,MOL Ship Management (Singapore) Private Limited,Republic of Singapore,—,—,—,—,MOL Ship Management (Singapore) Private Limited,Republic of Singapore,—,—,—,—,9338826,309369000,15130,21128,8UEC60LSII
vehicle carrier,363013,Grand Hero,Live,Panama,17766,2007,50'+ gt,18085,Single,3EKW7,59217,H-3598,Shin Kurushima Toyohashi Shipbuilding Company Limited,Toyohashi,199.90,192.00,32.26,32.26,35.80,9.62,26.18,Mitsui Engineering & Shipbuilding Company Limited,B&W Diesel A/S,Cido Shipping (HK) Company Limited,"Hong Kong, S.A.R., China",Panama,—,Cido Shipping (HK) Company Limited,"Hong Kong, S.A.R., China",Cido Shipping (HK) Company Limited,"Hong Kong, S.A.R., China",Dynamic Player Shipping S.A.,Panama,Cido Shipping (Korea) Company Limited,Republic of Korea,Stena Glovis SE,Germany,—,—,Cido Shipping (Korea) Company Limited,Republic of Korea,—,—,—,—,9339806,372857000,12307,16504,7S60MC6
vehicle carrier,363014,Green Bay,Live,U.S.A.,17775,2007,50'+ gt,18090,Single,WDI3177,59250,3600,Shin Kurushima Toyohashi Shipbuilding Company Limited,Toyohashi,199.90,192.00,32.26,32.26,35.80,9.62,26.18,Mitsui Engineering & Shipbuilding Company Limited,B&W Diesel A/S,Waterman Steamship Corporation (Waterman Logistics),United States of America,Mobile,—,SEACOR Holdings Incorporated,United States of America,Waterman Steamship Corporation (Waterman Logistics),United States of America,Green Bull One Corporation,United States of America,Seabulk Fleet Management LLC,United States of America,—,—,—,—,Seabulk Fleet Management LLC,United States of America,—,—,—,—,9339818,338009000,14280,16504,7S60MC6
vehicle carrier,363015,Gold Estrella,Live,Panama,17766,2008,50'+ gt,18079,Single,3EPV3,59217,3606,Shin Kurushima Toyohashi Shipbuilding Company Limited,Toyohashi,199.90,192.00,32.26,32.26,35.80,9.63,26.17,Mitsui Engineering & Shipbuilding Company Limited (Tamano),B&W Diesel A/S,Cido Shipping (HK) Company Limited,"Hong Kong, S.A.R., China",Panama,—,Cido Shipping (HK) Company Limited,"Hong Kong, S.A.R., China",Cido Shipping (HK) Company Limited,"Hong Kong, S.A.R., China",Dynamic Climber Shipping S.A.,Panama,Cido Shipping (Korea) Company Limited,Republic of Korea,Cido Car Carrier Service Company Limited,"Hong Kong, S.A.R., China",—,—,Cido Shipping (Korea) Company Limited,Republic of Korea,—,—,—,—,9339844,371147000,12307,16504,7S60MC6
vehicle carrier,363016,Swift Ace,Live,Bahamas,18167,2008,50'+ gt,18865,Single,C6XB8,58685,699,Minami-Nippon Shipbuilding Company Limited,Usuki,199.95,190.00,32.26,32.20,21.19,9.82,24.38,Kobe Diesel Company Limited,Mitsubishi Heavy Industries Limited,MOL Auto Logistics (India) Private Limited,India,Nassau,—,Mitsui O.S.K. Lines Limited (MOL),Japan,MOL Auto Logistics (India) Private Limited,India,Snowscape Car Carriers S.A.,Panama,MOL Ship Management (Singapore) Private Limited,Republic of Singapore,—,—,—,—,MOL Ship Management (Singapore) Private Limited,Republic of Singapore,—,—,—,—,9338838,311004900,15130,21128,8UEC60LSII
vehicle carrier,363017,Sunrise Ace,Live,Bahamas,18167,2008,50'+ gt,18864,Single,C6XL9,58685,702,Minami-Nippon Shipbuilding Company Limited,Usuki,199.95,190.00,—,32.20,21.19,9.82,11.37,Mitsui Engineering & Shipbuilding Company Limited (Tamano),B&W Diesel A/S,MOL Auto Logistics (India) Private Limited,India,Nassau,—,Mitsui O.S.K. Lines Limited (MOL),Japan,MOL Auto Logistics (India) Private Limited,India,Snowscape Car Carriers S.A.,Panama,MOL Ship Management (Singapore) Private Limited,Republic of Singapore,—,—,—,—,MOL Ship Management (Singapore) Private Limited,Republic of Singapore,—,—,—,—,9338840,311013600,15130,18282,7S60MC-C
vehicle carrier,363018,Sunshine Ace,Live,Bahamas,18167,2009,50'+ gt,18858,Single,C6XN6,58917,703,Minami-Nippon Shipbuilding Company Limited,Usuki,199.95,190.00,32.26,32.20,21.19,9.82,24.38,Mitsui Engineering & Shipbuilding Company Limited,Mitsubishi Heavy Industries Limited,MOL Auto Logistics (India) Private Limited,India,Nassau,—,Mitsui O.S.K. Lines Limited (MOL),Japan,MOL Auto Logistics (India) Private Limited,India,Snowscape Car Carriers S.A.,Panama,MOL Ship Management (Singapore) Private Limited,Republic of Singapore,MOL Auto Carrier Express (MOL ACE),Japan,—,—,MOL Ship Management (Singapore) Private Limited,Republic of Singapore,—,—,—,—,9338852,311015100,15130,21128,8UEC60LSII
vehicle carrier,363019,Sunlight Ace,Live,Panama,18159,2009,50'+ gt,18855,Single,3EID4,58911,704,Minami-Nippon Shipbuilding Company Limited,Usuki,199.95,190.00,32.26,32.20,21.19,9.82,24.98,Mitsui Engineering & Shipbuilding Company Limited,B&W Diesel A/S,Kansai Steamship Company Limited,Japan,Panama,—,Kansai Steamship Company Limited,Japan,Kansai Steamship Company Limited,Japan,Polar Bear S.A.,Panama,Kansai Steamship Company Limited,Japan,—,—,—,—,Kansai Steamship Company Limited,Japan,—,—,—,—,9338864,354423000,15130,18283,7S60MC-C
vehicle carrier,363022,Salvia Ace,Live,Japan,12624,2008,30'-50'gt,15013,Single,7KJZ,42082,5501,Shin Kurushima Dockyard Company Limited,Onishi,186.03,181.00,32.26,28.20,18.85,8.52,26.28,Mitsui Engineering & Shipbuilding Company Limited (Tamano),Mitsubishi Heavy Industries Limited,Mitsui O.S.K. Lines Limited (MOL),Japan,Tokyo,—,Mitsui O.S.K. Lines Limited (MOL),Japan,Mitsui O.S.K. Lines Limited (MOL),Japan,Mitsui O.S.K. Lines Limited (MOL),Japan,MOL Ship Management (Singapore) Private Limited,Republic of Singapore,—,—,—,—,MOL Ship Management (Singapore) Private Limited,Republic of Singapore,—,—,—,—,9338876,431921000,11440,15555,8UEC60LSII
vehicle carrier,363026,Prometheus Leader,Live,Singapore,12566,2008,30'-50'gt,14382,Single,9VHE9,41886,5502,Shin Kurushima Dockyard Company Limited,Onishi,190.03,182.00,32.26,28.20,20.76,9.33,25.47,Kobe Diesel Company Limited,Mitsubishi Heavy Industries Limited,Nippon Yusen Kabushiki Kaisha (NYK Line) (Nippon Yusen Kaisha),Japan,Singapore,—,Nippon Yusen Kabushiki Kaisha (NYK Line) (Nippon Yusen Kaisha),Japan,Nippon Yusen Kabushiki Kaisha (NYK Line) (Nippon Yusen Kaisha),Japan,Bacchus Shipping Private Limited,Republic of Singapore,Wilhelmsen Ship Management Sendirian Berhad,Malaysia,—,—,—,—,Wilhelmsen Ship Management Sendirian Berhad,Malaysia,Unknown,Unknown,Unknown Scrubber Manufacturer,Retrofit,9338888,565835000,11335,15412,8UEC60LSII
vehicle carrier,363027,Pluto Leader,Live,Panama,12566,2009,30'-50'gt,14342,Single,3FWP6,41886,5503,Shin Kurushima Dockyard Company Limited,Onishi,190.03,182.00,—,28.20,20.76,9.33,21.92,Kobe Diesel Company Limited,Mitsubishi Heavy Industries Limited,Biko Kisen Company Limited,Japan,Panama,—,Biko Kisen Company Limited,Japan,Biko Kisen Company Limited,Japan,Picer Marine S.A.,Panama,Shinme Kisen Sangyo K.K.,Japan,—,—,—,—,Shinme Kisen Sangyo K.K.,Japan,—,—,—,—,9338890,371185000,11335,13752,7UEC52LSE
vehicle carrier,363170,Grand Champion,Live,Panama,17766,2008,50'+ gt,18262,Single,3EOR3,59217,5383,Shin Kurushima Dockyard Company Limited,Onishi,199.90,192.00,32.26,32.26,35.80,9.62,4.66,Mitsui Engineering & Shipbuilding Company Limited (Tamano),B&W Diesel A/S,Cido Shipping (HK) Company Limited,"Hong Kong, S.A.R., China",Panama,—,Cido Shipping (HK) Company Limited,"Hong Kong, S.A.R., China",Cido Shipping (HK) Company Limited,"Hong Kong, S.A.R., China",Dynamic Conductor Shipping S.A.,Panama,Cido Shipping (Korea) Company Limited,Republic of Korea,Cido Car Carrier Service Company Limited,"Hong Kong, S.A.R., China",—,—,Cido Shipping (Korea) Company Limited,Republic of Korea,—,—,—,—,9340570,372613000,14479,19416,7S60MC6
vehicle carrier,363629,Georgia Highway,Live,Japan,19643,2007,50'+ gt,17685,Single,7JCV,56973,3603,Shin Kurushima Toyohashi Shipbuilding Company Limited,Toyohashi,199.94,190.00,32.26,32.26,20.36,9.83,24.97,Kawasaki Shipbuilding Corporation,B&W Diesel A/S,Kawasaki Kisen Kaisha Limited (Kawasaki Kisen KK) ('K' Line),Japan,Kobe,—,Kawasaki Kisen Kaisha Limited (Kawasaki Kisen KK) ('K' Line),Japan,Kawasaki Kisen Kaisha Limited (Kawasaki Kisen KK) ('K' Line),Japan,Kawasaki Kisen Kaisha Limited (Kawasaki Kisen KK) ('K' Line),Japan,'K' Line RoRo Bulk Ship Management Company Limited,Japan,'K' Line RoRo Bulk Ship Management Company Limited,Japan,—,—,'K' Line RoRo Bulk Ship Management Company Limited,Japan,—,—,—,—,9339820,432629000,11935,19415,8S50MC-C
vehicle carrier,363633,Michigan Highway,Live,Japan,19643,2008,50'+ gt,17673,Single,7JCW,56951,3605,Shin Kurushima Toyohashi Shipbuilding Company Limited,Toyohashi,199.94,190.00,32.26,32.26,20.36,9.83,10.53,Kawasaki Heavy Industries Limited Shipbuilding Division,B&W Diesel A/S,Kawasaki Kisen Kaisha Limited (Kawasaki Kisen KK) ('K' Line),Japan,Kobe,—,Kawasaki Kisen Kaisha Limited (Kawasaki Kisen KK) ('K' Line),Japan,Kawasaki Kisen Kaisha Limited (Kawasaki Kisen KK) ('K' Line),Japan,Kawasaki Kisen Kaisha Limited (Kawasaki Kisen KK) ('K' Line),Japan,'K' Line RoRo Bulk Ship Management Company Limited,Japan,—,—,—,—,'K' Line RoRo Bulk Ship Management Company Limited,Japan,—,—,—,—,9339832,432633000,11935,19415,8S50MC-C
vehicle carrier,364166,Positive Leader,Live,Panama,13143,2006,30'-50'gt,15023,Single,3EGF8,43810,1117,Mitsubishi Heavy Industries Limited Shipbuilding,Shimonoseki,180.00,171.70,30.03,30.00,20.13,9.22,3.88,Mitsubishi Heavy Industries Limited Shipbuilding,Mitsubishi Heavy Industries Limited,Eastern Car Liner Company Limited,Japan,Panama,—,Eastern Car Liner Company Limited,Japan,Eastern Car Liner Company Limited,Japan,North Island S.A.,Panama,ECL Shipmanagement Company Limited,Japan,—,—,—,—,ECL Shipmanagement Company Limited,Japan,—,—,—,—,9340776,371016000,11560,15717,8UEC50LSII
vehicle carrier,36460,Margaret Maru,Dead,Japan,10656,1966,-30'gt,26938,Single,—,23391,—,—,,—,—,—,—,—,—,—,—,Unknown Engine Designer,—,—,—,—,—,—,—,—,—,—,—,—,—,—,—,—,—,—,—,—,—,—,6605591,—,6525,8750,UNKNOWN
vehicle carrier,365324,Equuleus Leader,Live,Japan,18717,2005,50'+ gt,20141,Single,7JZB,62393,1432,Imabari Shipbuilding Company Limited (Marugame),Marugame,199.94,190.00,32.26,32.26,24.32,10.02,24.78,Kobe Diesel Company Limited,Mitsubishi Heavy Industries Limited,Mitsubishi Ore Transport Company Limited (Mitsubishi Koseki Yuso KK),Japan,Tokyo,—,Mitsubishi Group of Companies,Japan,Mitsubishi Ore Transport Company Limited (Mitsubishi Koseki Yuso KK),Japan,Mitsubishi Ore Transport Company Limited (Mitsubishi Koseki Yuso KK),Japan,Mitsubishi Ore Transport Company Limited (Mitsubishi Koseki Yuso KK),Japan,NYK RORO Shipping,Japan,—,—,Mitsubishi Ore Transport Company Limited (Mitsubishi Koseki Yuso KK),Japan,—,—,—,—,9342906,431816000,15540,17960,8UEC60LSII
vehicle carrier,365329,Capricorn,Live,Unknown,75,1983,-30'gt,—,Single,—,193,—,Toyo Zosen Tekko K.K.,Kamaishi,28.50,—,—,5.90,2.80,2.30,0.50,Niigata Shipbuilding & Repair Incorporated,Unknown Engine Designer,Epsilon Company Limited,Japan,—,—,Epsilon Company Limited,Japan,Epsilon Company Limited,Japan,Epsilon Company Limited,Japan,Epsilon Company Limited,Japan,—,—,—,—,—,—,—,—,—,—,8630590,—,328,440,12P152S
vehicle carrier,365429,Hoegh London,Live,Norway (Int. Register),25912,2008,50'+ gt,27100,Single,LAPY7,68871,4448,Hanwha Ocean Company Limited,Okpo,228.74,223.91,32.29,32.26,13.95,10.02,3.95,HSD Sjo AS,Unknown Engine Designer,Hoegh Autoliners ASA,Norway,Oslo,—,Leif Hoegh & Company As,Norway,Hoegh Autoliners ASA,Norway,Hoegh Autoliners Shipping AS,Norway,Hoegh Technical Management Incorporated,Philippines,—,—,—,—,Hoegh Autoliners Management AS,Norway,—,—,—,—,9342205,258981000,14313,19194,7S60MC
vehicle carrier,3670,Estoril,Dead,French Southern Territories,1566,1974,-30'gt,1200,Single,—,5222,—,—,France,100.00,92.00,15.91,15.91,11.10,4.00,7.10,—,Unknown Engine Designer,U.E.C.C. (Norway),—,Kerguelen Is.,—,—,—,—,—,—,—,—,—,—,—,—,—,—,—,—,—,—,—,7359761,—,1491,2000,UNKNOWN
vehicle carrier,369844,Primrose Ace,Live,Liberia,18543,2007,50'+ gt,17339,Single,D5DQ7,59952,3596,Shin Kurushima Toyohashi Shipbuilding Company Limited,Toyohashi,199.99,192.00,—,32.26,21.17,9.73,24.53,Kobe Diesel Company Limited,Mitsubishi Heavy Industries Limited,MOL Auto Logistics (India) Private Limited,India,Monrovia,—,Mitsui O.S.K. Lines Limited (MOL),Japan,MOL Auto Logistics (India) Private Limited,India,Polar Express S.A.,Panama,MOL Ship Management (Singapore) Private Limited,Republic of Singapore,—,—,—,—,MOL Ship Management (Singapore) Private Limited,Republic of Singapore,—,—,—,—,9355185,636015949,15090,17440,8UEC60LSII
vehicle carrier,369847,Wisteria Ace,Live,Liberia,18543,2007,50'+ gt,17325,Single,D5GC6,59952,3597,Shin Kurushima Toyohashi Shipbuilding Company Limited,Toyohashi,199.99,192.00,—,32.26,21.17,9.73,24.53,Kobe Diesel Company Limited,Mitsubishi Heavy Industries Limited,MOL Auto Logistics (India) Private Limited,India,Monrovia,—,Mitsui O.S.K. Lines Limited (MOL),Japan,MOL Auto Logistics (India) Private Limited,India,Polar Express S.A.,Panama,MOL Ship Management (Singapore) Private Limited,Republic of Singapore,—,—,—,—,MOL Ship Management (Singapore) Private Limited,Republic of Singapore,—,—,—,—,9355197,636016420,15090,17440,8UEC60LSII
vehicle carrier,369851,Grand Dahlia,Live,Panama,17766,2009,50'+ gt,18054,Single,3FRA8,59217,3616,Shin Kurushima Toyohashi Shipbuilding Company Limited,Toyohashi,199.90,192.00,32.26,32.26,35.80,9.63,26.17,Mitsui Engineering & Shipbuilding Company Limited (Tamano),B&W Diesel A/S,Cido Shipping (HK) Company Limited,"Hong Kong, S.A.R., China",Panama,—,Cido Shipping (HK) Company Limited,"Hong Kong, S.A.R., China",Cido Shipping (HK) Company Limited,"Hong Kong, S.A.R., China",Dynamic Exploiter Marine S.A.,Panama,Cido Shipping (Korea) Company Limited,Republic of Korea,Cido Car Carrier Service Company Limited,"Hong Kong, S.A.R., China",—,—,Cido Shipping (Korea) Company Limited,Republic of Korea,—,—,—,—,9355238,355222000,12139,16504,7S60MC6
vehicle carrier,369852,Grand Legacy,Live,Panama,17766,2009,50'+ gt,18075,Single,3FYG8,59217,3617,Shin Kurushima Toyohashi Shipbuilding Company Limited,Toyohashi,199.99,192.00,—,32.26,35.80,9.63,26.17,Mitsui Engineering & Shipbuilding Company Limited (Tamano),B&W Diesel A/S,Cido Shipping (HK) Company Limited,"Hong Kong, S.A.R., China",Panama,—,Cido Shipping (HK) Company Limited,"Hong Kong, S.A.R., China",Cido Shipping (HK) Company Limited,"Hong Kong, S.A.R., China",Dynamic Listener Shipping S.A.,Panama,Cido Shipping (Korea) Company Limited,Republic of Korea,Cido Car Carrier Service Company Limited,"Hong Kong, S.A.R., China",—,—,Cido Shipping (Korea) Company Limited,Republic of Korea,—,—,—,—,9355240,371671000,12139,16504,7S60MC6
vehicle carrier,369853,Grand Vega,Live,Panama,17766,2009,50'+ gt,18049,Single,3FWB5,59217,3618,Shin Kurushima Toyohashi Shipbuilding Company Limited,Toyohashi,199.99,192.00,—,32.26,25.33,9.63,15.70,Mitsui Engineering & Shipbuilding Company Limited (Tamano),B&W Diesel A/S,Cido Shipping (HK) Company Limited,"Hong Kong, S.A.R., China",Panama,—,Cido Shipping (HK) Company Limited,"Hong Kong, S.A.R., China",Cido Shipping (HK) Company Limited,"Hong Kong, S.A.R., China",Dynamic Athlete Shipping S.A.,Panama,Cido Shipping (Korea) Company Limited,Republic of Korea,Cido Car Carrier Service Company Limited,"Hong Kong, S.A.R., China",—,—,Cido Shipping (Korea) Company Limited,Republic of Korea,—,—,—,—,9355252,356909000,12139,16504,7S60MC6
vehicle carrier,369854,Artemis Leader,Live,Japan,18772,2008,50'+ gt,21424,Single,7KKD,62568,3608,Shin Kurushima Toyohashi Shipbuilding Company Limited,Toyohashi,199.94,192.00,—,32.26,24.12,10.33,24.47,Kobe Diesel Company Limited,Mitsubishi Heavy Industries Limited,Kotobuki Kaiun Company Limited (Kotobuki Kaiun KK),Japan,Omuta,—,Kotobuki Kaiun Company Limited (Kotobuki Kaiun KK),Japan,Kotobuki Kaiun Company Limited (Kotobuki Kaiun KK),Japan,Kotobuki Kaiun Company Limited (Kotobuki Kaiun KK),Japan,NYK Shipmanagement Private Limited,Republic of Singapore,Nippon Yusen Kabushiki Kaisha (NYK Line) (Nippon Yusen Kaisha),Japan,—,—,NYK Shipmanagement Private Limited,Republic of Singapore,—,—,—,—,9355202,431534000,15540,17960,8UEC60LSII
vehicle carrier,369868,Rhea Leader,Live,Japan,18901,2008,50'+ gt,21428,Single,7JDK,63004,3610,Shin Kurushima Toyohashi Shipbuilding Company Limited,Toyohashi,199.94,192.00,—,32.26,24.12,10.33,24.46,Kobe Diesel Company Limited,Mitsubishi Heavy Industries Limited,Nippon Yusen Kabushiki Kaisha (NYK Line) (Nippon Yusen Kaisha),Japan,Tokyo,—,Nippon Yusen Kabushiki Kaisha (NYK Line) (Nippon Yusen Kaisha),Japan,Nippon Yusen Kabushiki Kaisha (NYK Line) (Nippon Yusen Kaisha),Japan,Nippon Yusen Kabushiki Kaisha (NYK Line) (Nippon Yusen Kaisha),Japan,NYK Shipmanagement Private Limited,Republic of Singapore,—,—,—,—,NYK Shipmanagement Private Limited,Republic of Singapore,—,—,—,—,9355214,432664000,15540,17960,8UEC60LSII
vehicle carrier,369869,Hestia Leader,Live,Japan,18902,2008,50'+ gt,21419,Single,7JDY,63007,3611,Shin Kurushima Toyohashi Shipbuilding Company Limited,Toyohashi,199.94,192.00,—,32.26,24.12,10.33,24.47,Kobe Diesel Company Limited,Mitsubishi Heavy Industries Limited,Nippon Yusen Kabushiki Kaisha (NYK Line) (Nippon Yusen Kaisha),Japan,Tokyo,—,Nippon Yusen Kabushiki Kaisha (NYK Line) (Nippon Yusen Kaisha),Japan,Nippon Yusen Kabushiki Kaisha (NYK Line) (Nippon Yusen Kaisha),Japan,Nippon Yusen Kabushiki Kaisha (NYK Line) (Nippon Yusen Kaisha),Japan,NYK Shipmanagement Private Limited,Republic of Singapore,—,—,—,—,NYK Shipmanagement Private Limited,Republic of Singapore,—,—,—,—,9355226,432669000,15540,17960,8UEC60LSII
vehicle carrier,370391,Garnet Leader,Live,Bahamas,21037,2008,50'+ gt,21020,Single,C6WE4,57692,8168/20,Stocznia Gdynia S.A.,Gdynia,199.91,188.31,32.28,32.25,19.98,10.00,9.98,H. Cegielski-Poznan S.A.,B&W Diesel A/S,Ray Car Carriers Limited,Isle of Man,Nassau,—,Ray Shipping Limited,Israel,Ray Car Carriers Limited,Isle of Man,Garnet Maritime Limited,Isle of Man,Stamco Ship Management Company Limited,Greece,Nippon Yusen Kabushiki Kaisha (NYK Line) (Nippon Yusen Kaisha),Japan,—,—,Stamco Ship Management Company Limited,Greece,—,—,—,—,9357327,309905000,15754,21127,7S60MC-C
vehicle carrier,370392,Goliath Leader,Live,Bahamas,21037,2008,50'+ gt,20958,Single,C6WE5,57692,8168/19,Stocznia Gdynia S.A.,Gdynia,199.91,188.32,32.26,32.25,19.98,10.02,9.96,H. Cegielski-Poznan S.A.,B&W Diesel A/S,Ray Shipping Limited,Israel,Nassau,—,Ray Shipping Limited,Israel,Ray Shipping Limited,Israel,Goliath Maritime Limited,Isle of Man,Stamco Ship Management Company Limited,Greece,—,—,—,—,Stamco Ship Management Company Limited,Greece,—,—,—,—,9357315,308369000,15754,21127,7S60MC-C
vehicle carrier,370394,Graceful Leader,Live,Bahamas,21037,2007,50'+ gt,20986,Single,C6VT7,57692,8168/18,Stocznia Gdynia S.A.,Gdynia,199.96,188.28,32.28,32.25,19.98,10.00,9.98,H. Cegielski-Poznan S.A.,B&W Diesel A/S,Ray Car Carriers Limited,Isle of Man,Nassau,—,Ray Shipping Limited,Israel,Ray Car Carriers Limited,Isle of Man,Graceful Maritime Limited,Isle of Man,Stamco Ship Management Company Limited,Greece,Nippon Yusen Kabushiki Kaisha (NYK Line) (Nippon Yusen Kaisha),Japan,—,—,Stamco Ship Management Company Limited,Greece,—,—,—,—,9357303,309253000,15754,21127,7S60MC-C
vehicle carrier,370395,Glorious Leader,Live,Bahamas,21037,2007,50'+ gt,20999,Single,C6VT9,57692,8168/17,Stocznia Gdynia S.A.,Gdynia,199.90,188.32,32.28,32.25,19.98,10.02,9.96,H. Cegielski-Poznan S.A.,B&W Diesel A/S,Ray Car Carriers Limited,Isle of Man,Nassau,—,Ray Shipping Limited,Israel,Ray Car Carriers Limited,Isle of Man,Glorious Maritime Limited,Isle of Man,Stamco Ship Management Company Limited,Greece,Wallenius Wilhelmsen Ocean Holding AS,Norway,—,—,Stamco Ship Management Company Limited,Greece,—,—,—,—,9357298,309108000,15754,21127,7S60MC-C
vehicle carrier,370836,Housho Maru,Live,Japan,—,2006,-30'gt,5490,Single,JD2281,12692,1118,Mitsubishi Heavy Industries Limited Shipbuilding,Shimonoseki,165.00,157.00,—,27.60,18.93,6.22,17.93,Mitsui Engineering & Shipbuilding Company Limited,Mitsubishi Heavy Industries Limited,Miyazaki Sangyo Kaiun Company Limited,Japan,Tsukumi,—,Miyazaki Sangyo Kaiun Company Limited,Japan,Miyazaki Sangyo Kaiun Company Limited,Japan,Miyazaki Sangyo Kaiun Company Limited,Japan,Miyazaki Sangyo Kaiun Company Limited,Japan,—,—,—,—,—,—,—,—,—,—,9362891,431200703,11935,13752,7UEC52LSE
vehicle carrier,371939,Dream Orchid,Live,Panama,12498,2009,30'-50'gt,15097,Single,3FPB,41662,5468,Shin Kurushima Dockyard Company Limited,Onishi,186.03,181.00,28.20,28.20,29.43,8.52,3.96,Mitsui Engineering & Shipbuilding Company Limited (Tamano),B&W Diesel A/S,Cido Shipping (HK) Company Limited,"Hong Kong, S.A.R., China",Panama,—,Cido Shipping (HK) Company Limited,"Hong Kong, S.A.R., China",Cido Shipping (HK) Company Limited,"Hong Kong, S.A.R., China",Dynamic Wave Shipping S.A.,Panama,Cido Shipping (Korea) Company Limited,Republic of Korea,Cido Car Carrier Service Company Limited,"Hong Kong, S.A.R., China",—,—,Cido Shipping (Korea) Company Limited,Republic of Korea,—,—,—,—,9360568,372983000,11599,15555,8S50MC
vehicle carrier,3722010,Silver Moon,Live,Panama,14315,2010,30'-50'gt,12403,Single,3EBQ8,47090,XSI460A,Xiamen Shipbuilding Industry Company Limited,Xiamen,182.80,170.20,31.74,31.50,31.80,7.70,24.10,HD Hyundai Heavy Industries Company Limited,B&W Diesel A/S,Sallaum Lines DMCC,United Arab Emirates,Panama,—,Sallaum Lines DMCC,United Arab Emirates,Sallaum Lines DMCC,United Arab Emirates,Silver Sky Shipping S.A.,Lebanon,Sallaum Lines DMCC,United Arab Emirates,—,—,—,—,Sallaum Lines DMCC,United Arab Emirates,—,—,—,—,9448138,353033000,12087,16433,9S50MC-C-7
vehicle carrier,3722288,Selene Leader,Live,Japan,17849,2010,50'+ gt,18082,Single,7JUO,59499,3630,Shin Kurushima Toyohashi Shipbuilding Company Limited,Toyohashi,199.99,192.00,—,32.26,25.28,9.63,26.17,Mitsui Engineering & Shipbuilding Company Limited (Tamano),Mitsubishi Heavy Industries Limited,Nippon Yusen Kabushiki Kaisha (NYK Line) (Nippon Yusen Kaisha),Japan,Tokyo,—,Nippon Yusen Kabushiki Kaisha (NYK Line) (Nippon Yusen Kaisha),Japan,Nippon Yusen Kabushiki Kaisha (NYK Line) (Nippon Yusen Kaisha),Japan,Nippon Yusen Kabushiki Kaisha (NYK Line) (Nippon Yusen Kaisha),Japan,Hachiuma Steamship Company Limited (Hachiuma Kisen KK),Japan,NYK RORO Shipping,Japan,—,—,Hachiuma Steamship Company Limited (Hachiuma Kisen KK),Japan,Unknown,Unknown,Unknown Scrubber Manufacturer,Retrofit,9498597,431224000,14280,17440,8UEC60LSII
vehicle carrier,3722574,Eridanus Leader,Live,U.S.A.,17850,2010,50'+ gt,18056,Single,WELQ,59501,3631,Shin Kurushima Toyohashi Shipbuilding Company Limited,Toyohashi,199.99,192.00,—,32.26,25.28,9.63,26.17,Mitsui Engineering & Shipbuilding Company Limited (Tamano),B&W Diesel A/S,Waterman Steamship Corporation (Waterman Logistics),United States of America,—,—,SEACOR Holdings Incorporated,United States of America,Waterman Steamship Corporation (Waterman Logistics),United States of America,Green Bull One Corporation,United States of America,Seabulk Fleet Management LLC,United States of America,—,—,—,—,Seabulk Fleet Management LLC,United States of America,Unknown,Unknown,Unknown Scrubber Manufacturer,Retrofit,9498602,367185000,14280,16503,7S60MC6
vehicle carrier,3722854,Silver Sky,Live,Panama,14315,2010,30'-50'gt,12403,Single,3E3734,47090,XSI460B,Xiamen Shipbuilding Industry Company Limited,Xiamen,182.80,170.20,31.80,31.50,31.80,9.00,22.80,HD Hyundai Heavy Industries Company Limited,B&W Diesel A/S,Doun Kisen Company Limited (Doun Kisen KK),Japan,Panama,—,Doun Kisen Company Limited (Doun Kisen KK),Japan,Doun Kisen Company Limited (Doun Kisen KK),Japan,Mi-Das Line SA,Panama,Sallaum Lines DMCC,United Arab Emirates,Sallaum Lines DMCC,United Arab Emirates,—,—,Sallaum Lines DMCC,United Arab Emirates,—,—,—,—,9448140,352001920,12087,16433,9S50MC-C-7
vehicle carrier,3722855,Hoegh Beijing,Live,Norway (Int. Register),14315,2010,30'-50'gt,12250,Single,LAJL7,47232,XSI461A,Xiamen Shipbuilding Industry Company Limited,Xiamen,182.80,170.20,31.50,31.50,31.80,9.00,22.80,HD Hyundai Heavy Industries Company Limited,B&W Diesel A/S,Hoegh Autoliners ASA,Norway,Oslo,—,Leif Hoegh & Company As,Norway,Hoegh Autoliners ASA,Norway,Hoegh Autoliners Shipping AS,Norway,Hoegh Technical Management Incorporated,Philippines,—,—,—,—,Hoegh Autoliners Management AS,Norway,—,—,—,—,9431836,257674000,12087,16433,9S50MC-C
vehicle carrier,3722856,Hoegh Xiamen,Dead,Norway (Int. Register),14315,2010,30'-50'gt,12250,Single,LAJM7,47232,XSI461B,Xiamen Shipbuilding Industry Company Limited,Xiamen,182.80,171.79,31.50,31.50,31.80,9.02,22.78,HD Hyundai Heavy Industries Company Limited,B&W Diesel A/S,Ocean Yield Malta,—,Oslo,—,—,—,—,—,—,—,—,—,—,—,—,—,—,—,—,—,—,—,9431848,259025000,12087,16433,9S50MC-C
vehicle carrier,3723128,Neptune Tharros,Live,Greece,14315,2011,30'-50'gt,12250,Single,SVDQ4,47266,XSI461C,Xiamen Shipbuilding Industry Company Limited,Xiamen,182.80,171.80,31.50,31.50,31.80,9.00,22.80,—,B&W Diesel A/S,Neptune Lines Shipping & Managing Enterprises S.A.,Greece,Piraeus,—,Travlos family,Greece,Neptune Lines Shipping & Managing Enterprises S.A.,Greece,Democritus Shipping Company Limited,Marshall Islands,Neptune Lines Shipping & Managing Enterprises S.A.,Greece,—,—,—,—,Neptune Lines Shipping & Managing Enterprises S.A.,Greece,—,—,—,—,9431850,241812000,12087,16433,9S50MC-C
vehicle carrier,3723129,Neptune Ethos,Live,Greece,14315,2011,30'-50'gt,12250,Single,SVDQ6,47266,XSI461D,Xiamen Shipbuilding Industry Company Limited,Xiamen,182.79,170.68,31.52,31.52,12.80,9.00,3.80,—,B&W Diesel A/S,Neptune Lines Shipping & Managing Enterprises S.A.,Greece,Piraeus,—,Travlos family,Greece,Neptune Lines Shipping & Managing Enterprises S.A.,Greece,Anaxagoras Shipping Company Limited,Marshall Islands,Neptune Lines Shipping & Managing Enterprises S.A.,Greece,—,—,—,—,Neptune Lines Shipping & Managing Enterprises S.A.,Greece,—,—,—,—,9431862,241816000,14220,16433,9S50MC-C
vehicle carrier,372364,Lapis Arrow,Live,Bahamas,22395,2006,30'-50'gt,12105,Single,C6VH5,41000,436,Uljanik Brodogradiliste d.d.,Pula,176.00,165.00,31.13,31.10,14.50,8.77,5.73,Uljanik Brodogradiliste d.d.,B&W Diesel A/S,Ray Shipping Limited,Israel,Nassau,—,Ray Shipping Limited,Israel,Ray Shipping Limited,Israel,Lapis Maritime Limited,Bahamas,Stamco Ship Management Company Limited,Greece,—,—,—,—,Stamco Ship Management Company Limited,Greece,—,—,—,—,9361809,308808000,12815,17185,8S50MC-C
vehicle carrier,372382,Emerald Leader,Live,Bahamas,22386,2008,30'-50'gt,10821,Single,C6WP4,40986,471,Uljanik Brodogradiliste d.d.,Pula,176.00,165.00,—,31.10,30.00,8.75,21.25,Uljanik Brodogradiliste d.d.,B&W Diesel A/S,Nippon Yusen Kabushiki Kaisha (NYK Line) (Nippon Yusen Kaisha),Japan,Nassau,—,Nippon Yusen Kabushiki Kaisha (NYK Line) (Nippon Yusen Kaisha),Japan,Nippon Yusen Kabushiki Kaisha (NYK Line) (Nippon Yusen Kaisha),Japan,Francis Maritima S.A.,Panama,Wallem Shipmanagement Limited (WSM),"Hong Kong, S.A.R., China",United European Car Carriers (Norway) AS,Norway,—,—,Wallem Shipmanagement Limited (WSM),"Hong Kong, S.A.R., China",—,—,—,—,9361811,308688000,12640,17185,8S50MC-C
vehicle carrier,372384,RCC Shanghai,Live,Bahamas,22395,2008,30'-50'gt,12300,Single,C6XA5,41009,477,Uljanik Brodogradiliste d.d.,Pula,176.00,165.00,31.10,31.10,30.00,8.74,21.26,Uljanik Brodogradiliste d.d.,B&W Diesel A/S,Ray Car Carriers Limited,Isle of Man,Nassau,—,Ray Shipping Limited,Israel,Ray Car Carriers Limited,Isle of Man,Shanghai Maritime Limited,Isle of Man,Stamco Ship Management Company Limited,Greece,—,—,—,—,Stamco Ship Management Company Limited,Greece,—,—,—,—,9361823,311003600,12815,17185,8S50MC-C
vehicle carrier,372386,RCC Tianjin,Live,Bahamas,22395,2008,30'-50'gt,12300,Single,C6XA4,41009,478,Uljanik Brodogradiliste d.d.,Pula,176.00,165.00,31.10,31.10,14.50,8.77,5.73,Uljanik Brodogradiliste d.d.,B&W Diesel A/S,Ray Shipping Limited,Israel,Nassau,—,Ray Shipping Limited,Israel,Ray Shipping Limited,Israel,Tianjin Maritime Limited,Isle of Man,Stamco Ship Management Company Limited,Greece,—,—,—,—,Stamco Ship Management Company Limited,Greece,—,—,—,—,9361835,311003500,12815,17185,8S50MC-C
vehicle carrier,372646,Lavender Ace,Live,Panama,18543,2008,50'+ gt,17262,Single,3FFS3,60065,3612,Shin Kurushima Toyohashi Shipbuilding Company Limited,Toyohashi,199.99,192.00,32.26,32.26,21.17,9.73,24.53,Kobe Diesel Company Limited,Mitsubishi Heavy Industries Limited,Shunzan Kaiun KK (Shunzan Kaiun Company Limited),Japan,Panama,—,Shunzan Kaiun KK (Shunzan Kaiun Company Limited),Japan,Shunzan Kaiun KK (Shunzan Kaiun Company Limited),Japan,Primavera Montana S.A.,Panama,Shunzan Kaiun KK (Shunzan Kaiun Company Limited),Japan,Mitsui O.S.K. Lines Limited (MOL),Japan,—,—,Shunzan Kaiun KK (Shunzan Kaiun Company Limited),Japan,—,—,—,—,9363948,353332000,15090,17440,8UEC60LSII
vehicle carrier,372656,London Highway,Live,Panama,16680,2006,50'+ gt,17765,Single,3EIF9,55600,1488,Imabari Shipbuilding Company Limited (Marugame),Marugame,199.94,190.00,—,32.20,23.71,9.72,13.99,Kobe Diesel Company Limited,Mitsubishi Heavy Industries Limited,Kawasaki Kisen Kaisha Limited (Kawasaki Kisen KK) ('K' Line),Japan,Panama,—,Kawasaki Kisen Kaisha Limited (Kawasaki Kisen KK) ('K' Line),Japan,Kawasaki Kisen Kaisha Limited (Kawasaki Kisen KK) ('K' Line),Japan,ISC1400 Shipping S.A.,Panama,'K' Line RoRo Bulk Ship Management Company Limited,Japan,—,—,—,—,'K' Line RoRo Bulk Ship Management Company Limited,Japan,—,—,—,—,9362267,372148000,13940,22243,8UEC60LSII
vehicle carrier,372691,Clover Ace,Live,Liberia,18543,2008,50'+ gt,17280,Single,D5JC8,60065,3613,Shin Kurushima Toyohashi Shipbuilding Company Limited,Toyohashi,199.99,192.00,32.26,32.26,21.17,9.73,11.44,Kobe Diesel Company Limited,Mitsubishi Heavy Industries Limited,Osaka Shipping Company Limited (Osaka Senpaku KK),Japan,Monrovia,—,Osaka Shipping Company Limited (Osaka Senpaku KK),Japan,Osaka Shipping Company Limited (Osaka Senpaku KK),Japan,Golden Helm Shipping Company S.A.,Panama,Osaka Fleet Company Limited,Japan,—,—,—,—,Osaka Fleet Company Limited,Japan,—,—,—,—,9363950,636017062,15090,17440,8UEC60LSII
vehicle carrier,373295,Dream Jasmine,Live,Panama,12498,2008,30'-50'gt,15126,Single,3ETG6,41662,5467,Shin Kurushima Dockyard Company Limited,Onishi,186.00,181.00,28.20,28.20,29.43,8.52,3.96,Mitsui Engineering & Shipbuilding Company Limited (Tamano),B&W Diesel A/S,Cido Shipping (HK) Company Limited,"Hong Kong, S.A.R., China",Panama,—,Cido Shipping (HK) Company Limited,"Hong Kong, S.A.R., China",Cido Shipping (HK) Company Limited,"Hong Kong, S.A.R., China",Dynamic Bright Shipping S.A.,Panama,Cido Shipping (Korea) Company Limited,Republic of Korea,Cido Car Carrier Service Company Limited,"Hong Kong, S.A.R., China",—,—,Cido Shipping (Korea) Company Limited,Republic of Korea,—,—,—,—,9334246,370552000,11599,15555,8S50MC
vehicle carrier,374326,Lord Vishnu,Live,Panama,15576,2008,50'+ gt,17341,Single,3E4659,51917,1376,Tsuneishi Shipbuilding Company Limited,Numakuma,179.90,170.00,—,32.20,21.62,9.62,12.00,Mitsui Engineering & Shipbuilding Company Limited (Tamano),Unknown Engine Designer,Unknown Owners,—,Panama,—,Unknown Owners,—,Unknown Owners,—,Noni Maritima SA,Panama,Laurel Ship Management Private Limited,Republic of Singapore,—,—,—,—,Laurel Ship Management Private Limited,Republic of Singapore,—,—,—,—,9367578,352002881,14120,18935,8UEC60LSII
vehicle carrier,374331,Morning Margareta,Live,South Korea,15576,2008,50'+ gt,17386,Single,D7JB,51917,1377,Tsuneishi Shipbuilding Company Limited,Numakuma,179.90,170.00,—,32.20,21.62,9.62,25.18,Mitsui Engineering & Shipbuilding Company Limited (Tamano),Unknown Engine Designer,EUKOR Car Carriers Incorporated,Republic of Korea,Jeju,—,Wilh. Wilhelmsen Holding ASA (Wilship),Norway,EUKOR Car Carriers Incorporated,Republic of Korea,EUKOR Car Carriers Incorporated,Republic of Korea,Wilhelmsen Ship Management Korea Limited,Republic of Korea,—,—,—,—,Wilhelmsen Ship Management Korea Limited,Republic of Korea,—,—,—,—,9367580,440338000,14120,18935,8UEC60LSII
vehicle carrier,374333,Morning Ninni,Live,South Korea,15576,2008,50'+ gt,17372,Single,D7JC,51917,1378,Tsuneishi Shipbuilding Company Limited,Numakuma,179.90,170.00,—,32.20,21.62,9.62,25.18,Mitsui Engineering & Shipbuilding Company Limited (Tamano),Unknown Engine Designer,EUKOR Car Carriers Incorporated,Republic of Korea,Jeju,—,Wilh. Wilhelmsen Holding ASA (Wilship),Norway,EUKOR Car Carriers Incorporated,Republic of Korea,EUKOR Car Carriers Incorporated,Republic of Korea,Wilhelmsen Ship Management Korea Limited,Republic of Korea,—,—,—,—,Wilhelmsen Ship Management Korea Limited,Republic of Korea,—,—,—,—,9367592,440334000,14120,18935,8UEC60LSII
vehicle carrier,374334,Canopus Leader,Live,Singapore,15576,2009,50'+ gt,17382,Single,9VHC4,51917,1379,Tsuneishi Shipbuilding Company Limited,Numakuma,179.90,170.00,—,32.20,21.62,9.62,12.00,Mitsui Engineering & Shipbuilding Company Limited (Tamano),B&W Diesel A/S,Leo PCTC Private Limited,Republic of Singapore,Singapore,—,United Ocean Enterprise Limited,Japan,Leo PCTC Private Limited,Republic of Singapore,Leo PCTC Private Limited,Republic of Singapore,Laurel Ship Management Private Limited,Republic of Singapore,—,—,—,—,Laurel Ship Management Private Limited,Republic of Singapore,—,—,—,—,9367607,563358000,14120,18935,7S60MC-C
vehicle carrier,374500,Hoegh Brasilia,Live,Panama,15519,2007,50'+ gt,17252,Single,3FHU3,51731,089,Tsuneishi Heavy Industries (Cebu) Incorporated,Balamban,179.90,170.00,32.20,32.20,21.62,9.62,12.00,Mitsui Engineering & Shipbuilding Company Limited,B&W Diesel A/S,Gram Car Carriers AS,Norway,Panama,—,Mediterranean Shipping Company S.A. (MSC),Switzerland,Gram Car Carriers AS,Norway,Gram Car Carriers Leasing 3 AS,Norway,V. Ships Asia Group Private Limited,Republic of Singapore,Hoegh Autoliners AS,Norway,—,—,V. Ships Asia Group Private Limited,Republic of Singapore,—,—,—,—,9368895,373996000,14120,21508,7S60MC-C
vehicle carrier,374501,Hoegh Sydney,Live,Panama,15519,2007,50'+ gt,17311,Single,3FEF4,51731,SC-090,Tsuneishi Heavy Industries (Cebu) Incorporated,Balamban,179.90,170.00,32.20,32.20,21.62,9.62,25.18,Mitsui Engineering & Shipbuilding Company Limited,B&W Diesel A/S,Gram Car Carriers AS,Norway,Panama,—,Mediterranean Shipping Company S.A. (MSC),Switzerland,Gram Car Carriers AS,Norway,Gram Car Carriers Leasing 3 AS,Norway,V. Ships Asia Group Private Limited,Republic of Singapore,Hoegh Autoliners Management AS,Norway,—,—,V. Ships Asia Group Private Limited,Republic of Singapore,—,—,—,—,9368900,357957000,14120,21509,7S60MC-C
vehicle carrier,374502,Hoegh Manila,Live,Norway (Int. Register),15590,2007,50'+ gt,17252,Single,LAEC7,51964,SC-091,Tsuneishi Heavy Industries (Cebu) Incorporated,Balamban,179.90,170.00,32.20,32.20,34.80,9.62,25.18,Mitsui Engineering & Shipbuilding Company Limited,B&W Diesel A/S,Hoegh Autoliners ASA,Norway,Oslo,—,Leif Hoegh & Company As,Norway,Hoegh Autoliners ASA,Norway,Hoegh Autoliners Shipping AS,Norway,Hoegh Technical Management Incorporated,Philippines,—,—,—,—,Hoegh Autoliners Management AS,Norway,—,—,—,—,9368912,259709000,14120,21509,7S60MC-C
vehicle carrier,374809,Daihatsu Maru,Live,Japan,—,2008,-30'gt,2159,Single,JD2764,3206,7218,Shin Kochi Heavy Industries Shipbuilding,Kochi(JPN),105.03,98.00,15.60,15.60,8.90,4.41,4.49,Makita Corporation,B&W Diesel A/S,"Japan Railway Construction, Transport & Technology Agency & Tokusho Senpaku K.K.",Japan,Osaka,—,"Japan Railway Construction, Transport & Technology Agency",Japan,"Japan Railway Construction, Transport & Technology Agency & Tokusho Senpaku K.K.",Japan,"Japan Railway Construction, Transport & Technology Agency & Tokusho Senpaku K.K.",Japan,Kagoshima Senpaku Kaisha Limited,Japan,Kohkoku Kaiun K.K.,Japan,—,—,Kagoshima Senpaku Kaisha Limited,Japan,—,—,—,—,9370410,431000701,3900,4507,6L35MC
vehicle carrier,374814,Zambales,Live,Panama,3123,2007,-30'gt,5164,Single,3EJI7,10409,1097,Kegoya Dock K.K.,Kure,119.50,112.00,20.50,20.50,14.85,6.11,8.74,The Hanshin Diesel Works Limited,B&W Diesel A/S,Toko Kaiun Kaisha Limited,Japan,Panama,—,Toko Kaiun Kaisha Limited,Japan,Toko Kaiun Kaisha Limited,Japan,Leyte Navigation S.A.,Japan,Toko Kaiun Kaisha Limited,Japan,—,—,—,—,Toko Kaiun Kaisha Limited,Japan,—,—,—,—,9370563,372534000,3900,5302,6L35MC
vehicle carrier,378408,Luna Spirit,Live,Panama,13143,2007,30'-50'gt,15261,Single,3EJS7,43810,1121,Mitsubishi Heavy Industries Limited Shipbuilding,Shimonoseki,180.00,171.70,—,30.00,20.13,9.22,21.72,Mitsubishi Heavy Industries Limited Shipbuilding,Mitsubishi Heavy Industries Limited,Nichitoku Kisen Company Limited,Japan,Panama,—,Nichitoku Kisen Company Limited,Japan,Nichitoku Kisen Company Limited,Japan,Luna Spirit S.A.,Panama,Nichitoku Kisen Company Limited,Japan,—,—,—,—,Nichitoku Kisen Company Limited,Japan,—,—,—,—,9372315,372610000,11560,15716,8UEC50LSII
vehicle carrier,378409,Andromeda Spirit,Live,Panama,13143,2007,30'-50'gt,15261,Single,3ELH2,43810,1122,Mitsubishi Heavy Industries Limited Shipbuilding,Shimonoseki,180.00,171.70,30.00,30.00,20.13,9.22,21.72,Mitsubishi Heavy Industries Limited Shipbuilding,Mitsubishi Heavy Industries Limited,Meiji Shipping Company Limited,Japan,Panama,—,Meiji Shipping Group,Japan,Meiji Shipping Company Limited,Japan,Esteem Maritime S.A.,Panama,MMS Company Limited,Japan,Mitsubishi Corporation,Japan,—,—,MMS Company Limited,Japan,—,—,—,—,9372327,372945000,11560,15717,8UEC50LSII
vehicle carrier,378416,Kinuura Maru,Live,Japan,—,2007,-30'gt,5820,Single,JD2329,12691,1123,Mitsubishi Heavy Industries Limited Shipbuilding,Shimonoseki,165.00,157.00,27.60,27.60,18.93,6.37,17.78,Mitsubishi Heavy Industries Limited Shipbuilding,Mitsubishi Heavy Industries Limited,Tohoku Kaiun Sangyo (Tohoku Shipping Industry) Company Limited,Japan,Tokyo,—,Libera Corporation,Japan,Tohoku Kaiun Sangyo (Tohoku Shipping Industry) Company Limited,Japan,Tohoku Kaiun Sangyo (Tohoku Shipping Industry) Company Limited,Japan,Tohoku Kaiun Sangyo (Tohoku Shipping Industry) Company Limited,Japan,Fujitrans Corporation,Japan,—,—,Tohoku Kaiun Sangyo (Tohoku Shipping Industry) Company Limited,Japan,—,—,—,—,9372339,431101175,11935,13752,7UEC52LSE
vehicle carrier,378574,Polaris Leader,Live,Singapore,15576,2009,50'+ gt,17406,Single,9VHC5,51917,1380,Tsuneishi Shipbuilding Company Limited,Tadotsu,179.90,170.00,—,32.20,21.62,9.62,25.18,Mitsui Engineering & Shipbuilding Company Limited,B&W Diesel A/S,United Ocean Enterprise Limited,Japan,Singapore,—,United Ocean Enterprise Limited,Japan,United Ocean Enterprise Limited,Japan,Virgo PCTC Private Limited,Republic of Singapore,Laurel Ship Management Private Limited,Republic of Singapore,—,—,—,—,Laurel Ship Management Private Limited,Republic of Singapore,—,—,—,—,9372810,563710000,14120,18283,7S60MC-C
vehicle carrier,386029,Monza,Live,Liberia,14163,2008,30'-50'gt,12303,Single,D5FS6,40619,705,3 Maj Brodogradiliste d.d.,Croatia,176.00,165.00,32.00,31.10,17.00,8.75,8.25,3 Maj Brodogradiliste d.d.,Sulzer Turbomachinery Services,Uthalden AS,Norway,Monrovia,—,Uthalden AS,Norway,Uthalden AS,Norway,Monza Car Carrier AS,Norway,NSC Shipping GmbH & Compagnie KG,Germany,NSC Shipping GmbH & Compagnie KG,Germany,—,—,NSC Shipping GmbH & Compagnie KG,Germany,—,—,—,—,9358888,636020347,11060,14832,7RT-FLEX-50
vehicle carrier,386030,San Martin,Live,Cyprus,14163,2009,30'-50'gt,12245,Single,5BGH5,40619,706,3 Maj Brodogradiliste d.d.,Rijeka,175.91,165.00,31.10,31.10,17.00,8.75,8.25,3 Maj Brodogradiliste d.d.,Sulzer Turbomachinery Services,NSC Shipping GmbH & Compagnie KG,Germany,Limassol,—,NSC Holding GmbH & Compagnie KG,Germany,NSC Shipping GmbH & Compagnie KG,Germany,Gral San Martin Car Carrier Limited,Cyprus,NSC Shipping GmbH & Compagnie KG,Germany,—,—,—,—,NSC Shipping GmbH & Compagnie KG,Germany,—,—,—,—,9382097,209631000,9639,13105,7RT-FLEX-50
vehicle carrier,386031,Chang Tai Hong,Live,China,14163,2009,30'-50'gt,12282,Single,BRSX,40619,707,3 Maj Brodogradiliste d.d.,Rijeka,175.86,165.00,—,31.10,30.00,7.70,22.30,3 Maj Brodogradiliste d.d.,Sulzer Turbomachinery Services,China Merchants Guangzhou RoRo Shipping Company Limited (CMRORO),People's Republic of China,Shenzhen,—,China Merchants Group Limited,"Hong Kong, S.A.R., China",China Merchants Guangzhou RoRo Shipping Company Limited (CMRORO),People's Republic of China,Shenzhen China Merchants RORO Transportation Company Limited,People's Republic of China,Shenzhen China Merchants RORO Transportation Company Limited,People's Republic of China,—,—,—,—,Shenzhen China Merchants RORO Transportation Company Limited,People's Republic of China,—,—,—,—,9382102,414249000,11060,13105,7RT-FLEX-50
vehicle carrier,387973,Aniara,Live,Sweden,33513,2008,50'+ gt,30089,Single,SKJC,71673,4449,Hanwha Ocean Company Limited,Okpo,236.60,219.30,—,32.26,34.70,11.30,23.40,—,B&W Diesel A/S,Wallenius Wilhelmsen Ocean Holding AS,Norway,Stockholm,—,Wilh Wilhelmsen ASA (WILSHIP),Norway,Wallenius Wilhelmsen Ocean Holding AS,Norway,Wall Ro/Ro AB,Sweden,Wallenius Marine Singapore Private Limited,Republic of Singapore,—,—,—,—,Wallenius Marine AB,Sweden,—,—,—,—,9377494,266282000,18080,24560,8S60ME-C
vehicle carrier,387976,Oberon,Live,Sweden,33513,2008,50'+ gt,30134,Single,SKJF,71673,4450,Hanwha Ocean Company Limited,Okpo,236.60,219.30,—,32.26,34.70,11.30,23.40,Doosan Engine Company Limited,B&W Diesel A/S,Wallenius Wilhelmsen Ocean Holding AS,Norway,Stockholm,—,Wilh Wilhelmsen ASA (WILSHIP),Norway,Wallenius Wilhelmsen Ocean Holding AS,Norway,Wall Ro/Ro AB,Sweden,Wallenius Marine Singapore Private Limited,Republic of Singapore,—,—,—,—,Wallenius Marine AB,Sweden,—,—,—,—,9377509,266283000,18080,24582,7S60MC-C
vehicle carrier,387978,Tijuca,Live,Norway (Int. Register),33513,2008,50'+ gt,30089,Single,LAFV7,71668,4451,Hanwha Ocean Company Limited,Okpo,236.60,219.30,—,32.26,19.62,11.30,23.40,Doosan Engine Company Limited,B&W Diesel A/S,Wallenius Wilhelmsen Ocean Holding AS,Norway,Tonsberg,—,Wilh Wilhelmsen ASA (WILSHIP),Norway,Wallenius Wilhelmsen Ocean Holding AS,Norway,Wilhelmsen Lines Shipowning Malta Limited,Malta,Wilhelmsen Ship Management (Norway) AS,Norway,—,—,—,—,Wilhelmsen Ship Management (Norway) AS,Norway,—,—,—,—,9377511,259805000,18080,24582,8S60ME-C
vehicle carrier,387980,Tirranna,Live,Norway (Int. Register),35513,2009,50'+ gt,30089,Single,LAFU7,71673,4452,Hanwha Ocean Company Limited,Okpo,231.60,219.30,—,32.26,34.70,11.30,23.40,—,B&W Diesel A/S,Wallenius Wilhelmsen Ocean Holding AS,Norway,Tonsberg,—,Wilh Wilhelmsen ASA (WILSHIP),Norway,Wallenius Wilhelmsen Ocean Holding AS,Norway,Wilhelmsen Lines Shipowning AS,Norway,Wilhelmsen Ship Management (Norway) AS,Norway,—,—,—,—,Wilhelmsen Ship Management (Norway) AS,Norway,—,—,—,—,9377523,259895000,18064,24224,8S60ME-C
vehicle carrier,389874,Oregon Highway,Live,Panama,17145,2007,50'+ gt,17699,Single,3ENO7,57147,3595,Shin Kurushima Toyohashi Shipbuilding Company Limited,Toyohashi,199.94,192.00,32.26,32.26,20.36,9.83,25.97,Kawasaki Heavy Industries Limited (Tokyo),B&W Diesel A/S,'K' Line RoRo Bulk Ship Management Company Limited,Japan,Panama,—,Kawasaki Kisen Kaisha Limited (Kawasaki Kisen KK) ('K' Line),Japan,'K' Line RoRo Bulk Ship Management Company Limited,Japan,SKD 5400 Shipping S.A.,Panama,'K' Line RoRo Bulk Ship Management Company Limited,Japan,—,—,—,—,'K' Line RoRo Bulk Ship Management Company Limited,Japan,—,—,—,—,9381665,352929000,11935,17185,8S50MC-C
vehicle carrier,390176,Cygnus Leader,Live,Panama,18533,2007,50'+ gt,20180,Single,3EKK5,61775,1489,Imabari Shipbuilding Company Limited (Marugame),Marugame,199.94,190.00,—,32.26,24.32,10.02,24.78,Kobe Diesel Company Limited,Mitsubishi Heavy Industries Limited,Unknown Owners,—,Panama,—,Unknown Owners,—,Unknown Owners,—,Kiyomi Maritima SA,Panama,Wilhelmsen Ship Management Sendirian Berhad,Malaysia,—,—,—,—,Wilhelmsen Ship Management Sendirian Berhad,Malaysia,—,—,—,—,9381249,372747000,15540,21128,8UEC60LSII
vehicle carrier,390180,Volans Leader,Live,Panama,18533,2007,50'+ gt,20168,Single,3EKZ6,61775,1480,Imabari Shipbuilding Company Limited (Marugame),Marugame,199.94,190.00,—,32.26,24.32,10.02,24.78,Kobe Diesel Company Limited,Mitsubishi Heavy Industries Limited,Nippon Yusen Kabushiki Kaisha (NYK Line) (Nippon Yusen Kaisha),Japan,Panama,—,Nippon Yusen Kabushiki Kaisha (NYK Line) (Nippon Yusen Kaisha),Japan,Nippon Yusen Kabushiki Kaisha (NYK Line) (Nippon Yusen Kaisha),Japan,Minneola Maritima SA,Panama,Wilhelmsen Ship Management Sendirian Berhad,Malaysia,—,—,—,—,Wilhelmsen Ship Management Sendirian Berhad,Malaysia,—,—,—,—,9381237,372884000,15540,21128,8UEC60LSII
vehicle carrier,390578,Orchid Ace,Live,Japan,18298,2008,50'+ gt,17289,Single,7JDE,59262,3607,Shin Kurushima Toyohashi Shipbuilding Company Limited,Toyohashi,199.99,192.00,32.26,32.26,21.17,9.73,24.53,Kobe Diesel Company Limited,Mitsubishi Heavy Industries Limited,Mitsui O.S.K. Lines Limited (MOL),Japan,Tokyo,—,Mitsui O.S.K. Lines Limited (MOL),Japan,Mitsui O.S.K. Lines Limited (MOL),Japan,Mitsui O.S.K. Lines Limited (MOL),Japan,Mitsui O.S.K. Lines Limited (MOL),Japan,International Marine Transport Company Limited,Japan,—,—,MOL Ship Management Company Limited (MOLSHIP),Japan,—,—,—,—,9381677,432651000,15090,20517,8UEC60LSII
vehicle carrier,390868,Hoegh Oslo,Live,Norway (Int. Register),15590,2008,50'+ gt,16650,Single,LAEK7,51964,SC-092,Tsuneishi Heavy Industries (Cebu) Incorporated,Balamban,179.90,170.00,—,32.20,13.70,9.62,4.08,Mitsui Engineering & Shipbuilding Company Limited,B&W Diesel A/S,Hoegh Autoliners ASA,Norway,Oslo,—,Leif Hoegh & Company As,Norway,Hoegh Autoliners ASA,Norway,Hoegh Autoliners Shipping AS,Norway,Hoegh Technical Management Incorporated,Philippines,—,—,—,—,Hoegh Autoliners Management AS,Norway,—,—,—,—,9382396,259739000,14120,21508,7S60MC-C
vehicle carrier,392432,Morning Linda,Live,Panama,24507,2008,50'+ gt,28061,Single,3ETI,68701,HSHI0329,HD Hyundai Samho Company Limited,Samho,232.37,222.40,32.26,32.26,14.30,10.02,4.28,HD Hyundai Heavy Industries Company Limited,B&W Diesel A/S,EUKOR Car Carriers Incorporated,Republic of Korea,Panama,—,Wilh. Wilhelmsen Holding ASA (Wilship),Norway,EUKOR Car Carriers Incorporated,Republic of Korea,M Linda SA,Panama,Wilhelmsen Ship Management Korea Limited,Republic of Korea,—,—,—,—,Wilhelmsen Ship Management Korea Limited,Republic of Korea,—,—,—,—,9383106,370567000,14342,19500,7S60MC
vehicle carrier,392617,Morning Lisa,Live,Panama,24507,2008,50'+ gt,28084,Single,3FRO6,68701,S330,HD Hyundai Samho Company Limited,Samho,232.37,222.40,32.26,32.26,14.30,10.02,4.28,HD Hyundai Heavy Industries Company Limited,B&W Diesel A/S,EUKOR Car Carriers Incorporated,Republic of Korea,Panama,—,Wilh. Wilhelmsen Holding ASA (Wilship),Norway,EUKOR Car Carriers Incorporated,Republic of Korea,Lisa International Maritime SA,Panama,Wilhelmsen Ship Management Korea Limited,Republic of Korea,—,—,—,—,Wilhelmsen Ship Management Korea Limited,Republic of Korea,—,—,—,—,9383417,370967000,14280,19500,7S60MC
vehicle carrier,392618,Morning Lynn,Live,Panama,24507,2009,50'+ gt,28092,Single,3FXS4,68701,S331,HD Hyundai Samho Company Limited,Samho,232.37,222.40,32.26,32.26,14.30,10.02,4.28,HD Hyundai Heavy Industries Company Limited,B&W Diesel A/S,EUKOR Car Carriers Incorporated,Republic of Korea,Panama,—,Wilh. Wilhelmsen Holding ASA (Wilship),Norway,EUKOR Car Carriers Incorporated,Republic of Korea,Lynn International Maritime S.A.,Panama,Wilhelmsen Ship Management Korea Limited,Republic of Korea,—,—,—,—,Wilhelmsen Ship Management Korea Limited,Republic of Korea,—,—,—,—,9383429,370808000,14342,19500,7S60MC
vehicle carrier,392620,Morning Lucy,Live,Panama,24507,2009,50'+ gt,28080,Single,3FWJ,68701,S332,HD Hyundai Samho Company Limited,Samho,232.37,222.40,32.30,32.26,14.30,10.02,4.28,HD Hyundai Heavy Industries Company Limited,B&W Diesel A/S,EUKOR Car Carriers Incorporated,Republic of Korea,Panama,—,Wilh. Wilhelmsen Holding ASA (Wilship),Norway,EUKOR Car Carriers Incorporated,Republic of Korea,Lucy International Maritime SA,Panama,Wilhelmsen Ship Management Korea Limited,Republic of Korea,—,—,—,—,Wilhelmsen Ship Management Korea Limited,Republic of Korea,—,—,—,—,9383431,372802000,14342,19500,7S60MC
vehicle carrier,393136,Zenith Leader,Live,U.K.,18624,2007,50'+ gt,22602,Single,2ACU6,62080,1490,Imabari Shipbuilding Company Limited (Marugame),Marugame,199.94,190.00,32.26,32.26,24.32,24.32,0.00,Kobe Diesel Company Limited,Mitsubishi Heavy Industries Limited,Royal Bank Leasing Limited,United Kingdom,London,—,Natwest Group  Public Limited Company,United Kingdom,Royal Bank Leasing Limited,United Kingdom,RBSSAF (25) Limited,United Kingdom,Zodiac Maritime Limited,United Kingdom,—,—,—,—,Zodiac Maritime Limited,United Kingdom,—,—,—,—,9384942,235058697,15540,18906,8UEC60LSII
vehicle carrier,394981,ARC Defender,Live,U.S.A.,23559,2008,50'+ gt,22144,Single,WDM6793,61328,2237,Mitsubishi Heavy Industries Limited Shipbuilding,Nagasaki,199.99,192.00,32.26,32.26,36.02,11.03,24.99,Mitsubishi Heavy Industries Limited Shipbuilding,Mitsubishi Heavy Industries Limited,Wilmington Trust Company,United States of America,Wilmington,—,M&T Bank Corporation,United States of America,Wilmington Trust Company,United States of America,Wilmington Trust Company,United States of America,American Roll-On Roll-Off Carrier (ARC) LLC,United States of America,American Roll-On Roll-Off Carrier (ARC) LLC,United States of America,—,—,American Roll-On Roll-Off Carrier (ARC) LLC,United States of America,—,—,—,—,9375264,338145000,22890,16542,7UEC60LSII
vehicle carrier,394982,Toreador,Live,Malta,23559,2008,50'+ gt,22098,Single,9HA4856,61328,2238,Mitsubishi Heavy Industries Limited Shipbuilding,Nagasaki,199.99,192.00,32.26,32.26,36.02,11.03,24.99,Mitsubishi Heavy Industries Limited Shipbuilding,Mitsubishi Heavy Industries Limited,Wallenius Wilhelmsen Ocean Holding AS,Norway,Valletta,—,Wilh Wilhelmsen ASA (WILSHIP),Norway,Wallenius Wilhelmsen Ocean Holding AS,Norway,Wilhelmsen Lines Shipowning Malta Limited,Malta,Wilhelmsen Ship Management (Norway) AS,Norway,—,—,—,—,Wilhelmsen Ship Management (Norway) AS,Norway,—,—,—,—,9375288,248910000,22890,16542,7UEC60LSII
vehicle carrier,396192,Baltic Ace,Dead,Bahamas,7050,2007,-30'gt,7787,Single,—,23498,8245/5,Stocznia Gdynia S.A.,Gdynia,148.00,134.00,25.03,25.00,19.00,7.90,11.10,—,B&W Diesel A/S,Stamco,—,Nassau,—,—,—,—,—,—,—,—,—,—,—,—,—,—,—,—,—,—,—,9386213,—,9170,—,7S46MC-C
vehicle carrier,396194,Nordic Ray,Live,Bahamas,7050,2007,-30'gt,7378,Single,C6WE6,23498,8245/6,Stocznia Gdynia S.A.,Gdynia,147.93,134.63,25.02,25.00,25.20,7.90,17.30,MAN B&W Diesel Limited,B&W Diesel A/S,Ray Car Carriers Limited,Isle of Man,Nassau,—,Ray Shipping Limited,Israel,Ray Car Carriers Limited,Isle of Man,Nordic Highway Limited,Isle of Man,Stamco Ship Management Company Limited,Greece,—,—,—,—,Stamco Ship Management Company Limited,Greece,—,—,—,—,9386225,309586000,7794,10596,7S46MC-C
vehicle carrier,397656,Guardian Leader,Live,Bahamas,21037,2008,50'+ gt,21182,Single,C6WZ2,57692,8168/21,Stocznia Gdynia S.A.,Gdynia,199.98,187.91,32.26,32.25,32.64,10.00,22.64,H. Cegielski-Poznan S.A.,B&W Diesel A/S,Ray Car Carriers Limited,Isle of Man,Nassau,—,Ray Shipping Limited,Israel,Ray Car Carriers Limited,Isle of Man,Guardian Maritime Limited,Isle of Man,Stamco Ship Management Company Limited,Greece,—,—,—,—,Stamco Ship Management Company Limited,Greece,—,—,—,—,9388716,311003400,13633,18282,7S60MC-C
vehicle carrier,407491,Gentle Leader,Live,Bahamas,21037,2008,50'+ gt,21122,Single,C6WY9,57692,8168/22,Stocznia Gdynia S.A.,Gdynia,199.92,188.34,32.26,32.25,32.70,10.00,22.70,H. Cegielski-Poznan S.A.,B&W Diesel A/S,Ray Car Carriers Limited,Isle of Man,Nassau,—,Ray Shipping Limited,Israel,Ray Car Carriers Limited,Isle of Man,Gentle Maritime Limited,Isle of Man,Stamco Ship Management Company Limited,Greece,—,—,—,—,Stamco Ship Management Company Limited,Greece,—,—,—,—,9391567,311003300,13633,18282,7S60MC-C
vehicle carrier,407492,Serenity Highway,Live,Bahamas,21037,2008,50'+ gt,21004,Single,C6WY5,57692,8168/23,Stocznia Gdynia S.A.,Gdynia,199.98,188.28,32.28,32.25,32.26,10.00,22.26,H. Cegielski-Poznan S.A.,B&W Diesel A/S,Ray Car Carriers Limited,Isle of Man,Nassau,—,Ray Shipping Limited,Israel,Ray Car Carriers Limited,Isle of Man,Serenity Maritime Limited,Isle of Man,Stamco Ship Management Company Limited,Greece,—,—,—,—,Stamco Ship Management Company Limited,Greece,—,—,—,—,9391579,311002800,13633,18282,7S60MC-C
vehicle carrier,407493,RCC Asia,Live,Bahamas,21116,2009,50'+ gt,21037,Single,C6WY8,57692,8168/24,Stocznia Gdynia S.A.,Gdynia,199.90,188.18,32.26,32.25,19.98,10.00,9.98,H. Cegielski-Poznan S.A.,B&W Diesel A/S,Ray Shipping Limited,Israel,Nassau,—,Ray Shipping Limited,Israel,Ray Shipping Limited,Israel,Asia Maritime Limited,Isle of Man,Stamco Ship Management Company Limited,Greece,—,—,—,—,Stamco Ship Management Company Limited,Greece,—,—,—,—,9391581,311003200,13633,18282,7S60MC-C
vehicle carrier,407494,RCC Europe,Live,Bahamas,21037,2009,50'+ gt,21000,Single,C6WY7,57692,8168/25,Stocznia Gdynia S.A.,Gdynia,199.90,187.90,32.26,32.25,14.00,10.02,4.00,H. Cegielski-Poznan S.A.,B&W Diesel A/S,Ray Car Carriers Limited,Isle of Man,Nassau,—,Ray Shipping Limited,Israel,Ray Car Carriers Limited,Isle of Man,Europe Shipping Limited,Greece,Stamco Ship Management Company Limited,Greece,—,—,—,—,Stamco Ship Management Company Limited,Greece,—,—,—,—,9391593,311003100,13633,18282,7S60MC-C
vehicle carrier,408429,Daihatsu Maru 2,Live,Japan,—,2009,-30'gt,2157,Single,JD2918,3206,7231,Shin Kochi Heavy Industries Shipbuilding,Kochi(JPN),105.03,98.00,15.60,15.60,8.90,4.41,4.49,Makita Corporation,B&W Diesel A/S,"Japan Railway Construction, Transport & Technology Agency & Tokusho Senpaku K.K.",Japan,Osaka,—,"Japan Railway Construction, Transport & Technology Agency",Japan,"Japan Railway Construction, Transport & Technology Agency & Tokusho Senpaku K.K.",Japan,"Japan Railway Construction, Transport & Technology Agency & Tokusho Senpaku K.K.",Japan,Kagoshima Senpaku Kaisha Limited,Japan,—,—,—,—,Kagoshima Senpaku Kaisha Limited,Japan,—,—,—,—,9392121,431000981,3900,4507,6L35MC
vehicle carrier,410504,Northern Highway,Live,Marshall Islands,11827,2009,30'-50'gt,12856,Single,V7FT4,39422,5520,Shin Kurushima Dockyard Company Limited,Onishi,188.03,183.70,—,28.20,19.81,8.50,11.31,Kobe Diesel Company Limited,Mitsubishi Heavy Industries Limited,Kawasaki Kisen Kaisha Limited (Kawasaki Kisen KK) ('K' Line),Japan,Majuro,—,Kawasaki Kisen Kaisha Limited (Kawasaki Kisen KK) ('K' Line),Japan,Kawasaki Kisen Kaisha Limited (Kawasaki Kisen KK) ('K' Line),Japan,SKD5520 Shipping SA,Panama,Sugahara Kisen Company Limited,Japan,—,—,—,—,Sugahara Kisen Company Limited,Japan,—,—,—,—,9392339,538007592,11000,13359,8UEC50LSII
vehicle carrier,410505,Venus Leader,Live,Japan,12648,2010,30'-50'gt,15031,Single,7KCG,42160,5521,Shin Kurushima Dockyard Company Limited,Onishi,186.03,181.03,28.20,28.20,18.85,8.52,20.91,Mitsui Engineering & Shipbuilding Company Limited,B&W Diesel A/S,Nippon Yusen Kabushiki Kaisha (NYK Line) (Nippon Yusen Kaisha),Japan,Tokyo,—,Nippon Yusen Kabushiki Kaisha (NYK Line) (Nippon Yusen Kaisha),Japan,Nippon Yusen Kabushiki Kaisha (NYK Line) (Nippon Yusen Kaisha),Japan,Nippon Yusen Kabushiki Kaisha (NYK Line) (Nippon Yusen Kaisha),Japan,NYK Shipmanagement Private Limited,Republic of Singapore,—,—,—,—,NYK Shipmanagement Private Limited,Republic of Singapore,—,—,—,—,9392341,431824000,11440,13220,8S50MC
vehicle carrier,410507,Mercury Leader,Live,Japan,12652,2010,30'-50'gt,15045,Single,7JZX,42175,5522,Shin Kurushima Dockyard Company Limited,Onishi,186.03,181.03,—,28.20,18.85,8.52,20.91,Mitsui Engineering & Shipbuilding Company Limited,B&W Diesel A/S,Nippon Yusen Kabushiki Kaisha (NYK Line) (Nippon Yusen Kaisha),Japan,Tokyo,—,Nippon Yusen Kabushiki Kaisha (NYK Line) (Nippon Yusen Kaisha),Japan,Nippon Yusen Kabushiki Kaisha (NYK Line) (Nippon Yusen Kaisha),Japan,Nippon Yusen Kabushiki Kaisha (NYK Line) (Nippon Yusen Kaisha),Japan,NYK Shipmanagement Private Limited,Republic of Singapore,—,—,—,—,NYK Shipmanagement Private Limited,Republic of Singapore,—,—,—,—,9392353,431432000,11440,13221,8S50MC
vehicle carrier,41513,Goodwood,Dead,French Southern Territories,1554,1974,-30'gt,1400,Single,—,5180,220,ACH - Construction Navale,Le Havre,100.00,92.00,15.91,15.91,11.10,4.38,6.72,Mak Motoren GmbH & Company KG,Mak Motoren GmbH & Company KG,Turkish Breakers,—,Kerguelen Is.,—,—,—,—,—,—,—,—,—,—,—,—,—,—,—,—,—,—,—,7347720,—,1491,2000,12M282AK
vehicle carrier,41564,Musashi Maru,Dead,Japan,14341,1968,-30'gt,23698,Single,—,24682,—,—,,—,—,—,—,—,—,—,—,Unknown Engine Designer,—,—,—,—,—,—,—,—,—,—,—,—,—,—,—,—,—,—,—,—,—,—,6820294,—,8352,11200,UNKNOWN
vehicle carrier,41607,Shoyo Maru,Dead,Japan,13925,1969,-30'gt,24513,Single,—,24720,—,—,Japan,193.00,—,29.50,—,16.20,8.20,8.00,—,Unknown Engine Designer,—,—,—,—,—,—,—,—,—,—,—,—,—,—,—,—,—,—,—,—,—,—,6921880,—,8352,11200,UNKNOWN
vehicle carrier,416698,Aquamarine Ace,Live,Panama,18573,2008,50'+ gt,18772,Single,3E3537,60143,1276,Mitsubishi Heavy Industries Limited Shipbuilding,Kobe,199.99,192.00,—,32.26,21.25,9.73,24.79,Mitsubishi Heavy Industries Limited Shipbuilding,Mitsubishi Heavy Industries Limited,MOL Auto Logistics (India) Private Limited,India,Panama,—,Mitsui O.S.K. Lines Limited (MOL),Japan,MOL Auto Logistics (India) Private Limited,India,Polar Express S.A.,Panama,MOL Ship Management (Singapore) Private Limited,Republic of Singapore,—,—,—,—,MOL Ship Management (Singapore) Private Limited,Republic of Singapore,—,—,—,—,9397987,352980798,14315,16542,7UEC60LSII
vehicle carrier,416699,Amethyst Ace,Live,Panama,18573,2008,50'+ gt,18760,Single,3E3536,60143,1277,Mitsubishi Heavy Industries Limited Shipbuilding,Kobe,199.99,192.00,—,32.26,21.25,9.73,24.79,Mitsubishi Heavy Industries Limited Shipbuilding,Mitsubishi Heavy Industries Limited,MOL Auto Logistics (India) Private Limited,India,Panama,—,Mitsui O.S.K. Lines Limited (MOL),Japan,MOL Auto Logistics (India) Private Limited,India,Polar Express S.A.,Panama,MOL Ship Management (Singapore) Private Limited,Republic of Singapore,—,—,—,—,MOL Ship Management (Singapore) Private Limited,Republic of Singapore,—,—,—,—,9397999,352980797,14315,16542,7UEC60LSII
vehicle carrier,4239588,Viking Passama,Live,Marshall Islands,14551,2012,30'-50'gt,12806,Single,V7A5204,47053,2086,Yangfan Group Company Limited,Zhoushan,183.80,170.75,31.81,31.49,12.80,9.10,3.70,HD Hyundai Heavy Industries Company Limited,B&W Diesel A/S,Gram Car Carriers AS,Norway,Majuro,—,Mediterranean Shipping Company S.A. (MSC),Switzerland,Gram Car Carriers AS,Norway,Gram Car Carriers Shipowning AS,Norway,Reederei F. Laeisz GmbH,Germany,Gram Car Carriers Management AS,Norway,—,—,Reederei F. Laeisz GmbH,Germany,—,—,—,—,9491874,538009816,12087,16433,9S50MC-C
vehicle carrier,4240225,Viking Passero,Live,Marshall Islands,14551,2012,30'-50'gt,12755,Single,V7A5205,47053,2087,Yangfan Group Company Limited,Zhoushan,183.29,170.72,31.78,31.49,12.80,9.10,3.70,HD Hyundai Heavy Industries Company Limited,B&W Diesel A/S,Gram Car Carriers AS,Norway,Majuro,—,Mediterranean Shipping Company S.A. (MSC),Switzerland,Gram Car Carriers AS,Norway,Gram Car Carriers Shipowning AS,Norway,Reederei F. Laeisz GmbH,Germany,—,—,—,—,Reederei F. Laeisz GmbH,Germany,—,—,—,—,9491886,538009817,12087,16433,9S50MC-C
vehicle carrier,4240490,Patara,Live,Germany,14551,2012,30'-50'gt,12755,Single,DHEK2,47053,2088,Yangfan Group Company Limited,Zhoushan,182.93,170.71,31.77,31.49,12.80,9.10,3.70,HD Hyundai Heavy Industries Company Limited,B&W Diesel A/S,F. Laeisz GmbH,Germany,Rostock,—,F. Laeisz GmbH,Germany,F. Laeisz GmbH,Germany,ms  Patara GmbH & Company KG,Germany,Reederei F. Laeisz GmbH,Germany,Patara Shipping Limited,Gibraltar,—,—,Reederei F. Laeisz GmbH,Germany,—,—,—,—,9491898,218818000,12087,16433,9S50MC-C-7
vehicle carrier,429652,Victory Ray,Live,Bahamas,14903,2010,30'-50'gt,10300,Single,C6XG4,49675,CR4900-HL01,Ha Long Shipbuilding,Haiphong,189.30,177.73,32.29,32.26,14.10,9.12,5.00,Doosan Engine Company Limited,B&W Diesel A/S,Ray Car Carriers Limited,Isle of Man,Nassau,—,Ray Shipping Limited,Israel,Ray Car Carriers Limited,Isle of Man,Victory Ray Limited,Isle of Man,Stamco Ship Management Company Limited,Greece,—,—,—,—,Stamco Ship Management Company Limited,Greece,—,—,—,—,9395628,311008700,13560,15671,6S60MC-C
vehicle carrier,429653,Violet Ace,Live,Bahamas,14913,2011,30'-50'gt,13370,Single,C6XG3,49708,CR4900-HL02,Ha Long Shipbuilding,Haiphong,189.30,177.73,32.29,32.26,14.10,9.12,4.98,Doosan Engine Company Limited,B&W Diesel A/S,Ray Car Carriers Limited,Isle of Man,Nassau,—,Ray Shipping Limited,Israel,Ray Car Carriers Limited,Isle of Man,Violet Ray Limited,Isle of Man,Stamco Ship Management Company Limited,Greece,—,—,—,—,Stamco Ship Management Company Limited,Greece,—,—,—,—,9395630,311008600,11526,15671,6S60MC-C
vehicle carrier,43333,Argus,Dead,St. Vincent & Grenadines,4114,1970,-30'gt,6015,Single,—,7471,—,—,U.S.S.R.,169.00,—,23.50,—,13.20,8.30,4.90,—,Unknown Engine Designer,—,—,Kingstown,—,—,—,—,—,—,—,—,—,—,—,—,—,—,—,—,—,—,—,7032870,—,8948,12000,UNKNOWN
vehicle carrier,43334,Nosac Branco,Dead,Liberia,8546,1971,-30'gt,10050,Single,—,13826,—,—,Poland,190.00,—,23.00,—,13.30,9.90,3.40,—,Unknown Engine Designer,—,—,Monrovia,—,—,—,—,—,—,—,—,—,—,—,—,—,—,—,—,—,—,—,7039646,—,12975,17400,UNKNOWN
vehicle carrier,43337,Carbridge,Dead,Cyprus,7232,1975,-30'gt,15305,Single,—,12212,—,—,Japan,197.00,—,28.10,—,12.00,9.00,3.00,—,Unknown Engine Designer,Ofer B.S.,—,—,—,—,—,—,—,—,—,—,—,—,—,—,—,—,—,—,—,—,—,7413086,—,17300,23200,UNKNOWN
vehicle carrier,43354,Nosac Verde,Dead,Liberia,8550,1972,-30'gt,10398,Single,—,13826,—,—,Poland,190.00,—,23.00,—,13.30,9.90,3.40,—,Unknown Engine Designer,—,—,Monrovia,—,—,—,—,—,—,—,—,—,—,—,—,—,—,—,—,—,—,—,7225996,—,12975,17400,UNKNOWN
vehicle carrier,44351,Ohtori,Dead,Liberia,9709,1975,-30'gt,12014,Single,—,14095,—,—,,—,—,—,—,—,—,—,—,Unknown Engine Designer,—,—,Monrovia,—,—,—,—,—,—,—,—,—,—,—,—,—,—,—,—,—,—,—,7402142,—,5966,8000,UNKNOWN
vehicle carrier,4489928,Bob Hope,Live,U.S.A.,20809,1998,50'+ gt,29151,Single,NHNM,69365,—,Avondale Industries Incorporated,Avondale,289.33,269.44,—,32.26,27.51,10.94,16.57,—,Semt Pielstick SA,Department of Transportation - Maritime Administration (MARAD),United States of America,Norfolk,—,Government of The United States of America,United States of America,Department of Transportation - Maritime Administration (MARAD),United States of America,Department of Transportation - Maritime Administration (MARAD),United States of America,American Overseas Marine Corporation (AMSEA),United States of America,—,—,—,—,American Overseas Marine Corporation (AMSEA),United States of America,—,—,—,—,9085297,368836000,12152,16290,10PC4-2V
vehicle carrier,45543,Pacific Wing,Dead,Panama,7821,1975,-30'gt,8309,Single,—,11492,—,—,Japan,191.00,—,23.10,—,7.70,6.70,1.00,—,Unknown Engine Designer,—,—,Panama,—,—,—,—,—,—,—,—,—,—,—,—,—,—,—,—,—,—,—,7403407,—,7979,10700,UNKNOWN
vehicle carrier,46432,Perennial Ace,Dead,Panama,7069,1974,-30'gt,7088,Single,—,10858,—,—,Japan,161.00,—,23.10,—,7.70,6.70,1.00,—,Unknown Engine Designer,—,—,Panama,—,—,—,—,—,—,—,—,—,—,—,—,—,—,—,—,—,—,—,7353016,—,7979,10700,UNKNOWN
vehicle carrier,467639,Toscana,Live,Malta,23559,2009,50'+ gt,22157,Single,9HA4858,61328,2245,Mitsubishi Heavy Industries Limited Shipbuilding,Nagasaki,199.99,192.00,—,32.26,36.02,11.03,24.99,Mitsubishi Heavy Industries Limited Shipbuilding,Mitsubishi Heavy Industries Limited,Wallenius Wilhelmsen Ocean Holding AS,Norway,Valletta,—,Wilh Wilhelmsen ASA (WILSHIP),Norway,Wallenius Wilhelmsen Ocean Holding AS,Norway,Wilhelmsen Lines Shipowning Malta Limited,Malta,Wilhelmsen Ship Management (Norway) AS,Norway,—,—,—,—,Wilhelmsen Ship Management (Norway) AS,Norway,—,—,—,—,9398333,248912000,13240,16542,7UEC60LSII
vehicle carrier,467640,Torino,Live,Malta,23559,2009,50'+ gt,22160,Single,9HA4855,61328,2244,Mitsubishi Heavy Industries Limited Shipbuilding,Nagasaki,199.99,192.00,—,32.26,36.02,11.03,24.99,Mitsubishi Heavy Industries Limited Shipbuilding,Mitsubishi Heavy Industries Limited,Wallenius Wilhelmsen Ocean Holding AS,Norway,Valletta,—,Wilh Wilhelmsen ASA (WILSHIP),Norway,Wallenius Wilhelmsen Ocean Holding AS,Norway,Wilhelmsen Lines Shipowning Malta Limited,Malta,Wilhelmsen Ship Management (Norway) AS,Norway,—,—,—,—,Wilhelmsen Ship Management (Norway) AS,Norway,—,—,—,—,9398321,248906000,14315,16542,7UEC60LSII
vehicle carrier,4704429,Toyo Maru No.2,Live,Japan,—,2009,-30'gt,3605,Single,JD2874,4898,1107,Kegoya Dock K.K.,Kure,124.70,115.87,20.50,20.50,14.80,6.17,2.38,Akasaka Diesels Limited,Mitsubishi Heavy Industries Limited,Santoku Senpaku K.K. (Santoku Shipping Company Limited),Japan,Osaka,—,ORIX Corporation,Japan,Santoku Senpaku K.K. (Santoku Shipping Company Limited),Japan,Santoku Senpaku K.K. (Santoku Shipping Company Limited),Japan,Malox Company Limited,Japan,—,—,—,—,—,—,—,—,—,—,9496393,431000859,6230,8470,7UEC45LA
vehicle carrier,4707394,Venus Spirit,Live,Liberia,13788,2011,30'-50'gt,13951,Single,A8YD8,45959,736,Naikai Zosen Shipbuilding Corporation,Setoda,183.00,170.00,—,30.20,20.94,8.97,19.83,Hitachi Zosen Corporation,B&W Diesel A/S,Mitsui O.S.K. Lines Limited (MOL),Japan,Monrovia,—,Mitsui O.S.K. Lines Limited (MOL),Japan,Mitsui O.S.K. Lines Limited (MOL),Japan,Kerria Shipping Incorporated,Liberia,MMS Company Limited,Japan,—,—,—,—,MMS Company Limited,Japan,—,—,—,—,9505900,636015032,12210,16601,6S60MC-C
vehicle carrier,4707396,Jupiter Spirit,Live,Liberia,13789,2011,30'-50'gt,13954,Single,A8ZC2,45961,737,Naikai Zosen Shipbuilding Corporation,Setoda,183.00,170.00,30.20,30.20,20.94,8.97,19.83,Hitachi Zosen Corporation,B&W Diesel A/S,Nissan Motor Car Carrier Company Limited,Japan,Monrovia,—,Nissan Motor Car Carrier Company Limited,Japan,Nissan Motor Car Carrier Company Limited,Japan,Acacia Transport Incorporated,Liberia,MMS Company Limited,Japan,—,—,—,—,MMS Company Limited,Japan,—,—,—,—,9509401,636015173,12210,16601,6S60MC-C
vehicle carrier,4720535,Ins Kesari,Live,India,1646,2008,-30'gt,2533,Single,AUKU,5488,3015,Garden Reach Shipbuilders & Engineers Limited (GRSE),Kolkata,124.80,120.00,17.50,17.50,8.60,—,—,Pielstick (Blohm & Voss) Semt,Unknown Engine Designer,Government of The Republic of India (Navy Department),India,—,—,Government of The Republic of India,India,Government of The Republic of India (Navy Department),India,Government of The Republic of India (Navy Department),India,Government of The Republic of India (Navy Department),India,—,—,—,—,—,—,—,—,—,—,—,—,3885,5200,12PA6VSTC
vehicle carrier,472459,Viking Odessa,Live,Marshall Islands,6064,2009,-30'gt,5432,Single,V7A5084,20216,485,Kyokuyo Shipyard Corporation (KSC),Shimonoseki,140.00,131.00,22.43,22.40,22.95,6.41,16.54,—,Unknown Engine Designer,Gram Car Carriers AS,Norway,Majuro,—,Mediterranean Shipping Company S.A. (MSC),Switzerland,Gram Car Carriers AS,Norway,Gram Car Carriers Shipowning AS,Norway,Reederei F. Laeisz GmbH,Germany,Viking Car Carriers AS,Norway,—,—,Reederei F. Laeisz GmbH,Germany,—,—,—,—,9398876,538009721,—,—,8L46C
vehicle carrier,476553,Apollon Leader,Live,Panama,18573,2008,50'+ gt,18758,Single,3ETC2,60213,1278,Mitsubishi Heavy Industries Limited Shipbuilding,Kobe,199.99,192.00,—,32.26,21.25,9.73,24.79,Mitsubishi Heavy Industries Limited Shipbuilding,Mitsubishi Heavy Industries Limited,Mitsubishi Ore Transport Company Limited (Mitsubishi Koseki Yuso KK),Japan,Panama,—,Mitsubishi Group of Companies,Japan,Mitsubishi Ore Transport Company Limited (Mitsubishi Koseki Yuso KK),Japan,Compania Flor de Vapores S.A.,Panama,Mitsubishi Ore Transport Company Limited (Mitsubishi Koseki Yuso KK),Japan,NYK RORO Shipping,Japan,—,—,Mitsubishi Ore Transport Company Limited (Mitsubishi Koseki Yuso KK),Japan,—,—,—,—,9402706,370508000,14315,16542,7UEC60LSII
vehicle carrier,476554,Auriga Leader,Live,Japan,18573,2008,50'+ gt,18686,Single,7KJB,60163,1279,Mitsubishi Heavy Industries Limited Shipbuilding,Kobe,199.99,192.00,—,32.26,21.25,9.73,24.79,Mitsubishi Heavy Industries Limited Shipbuilding,Mitsubishi Heavy Industries Limited,Nippon Yusen Kabushiki Kaisha (NYK Line) (Nippon Yusen Kaisha),Japan,Tokyo,—,Nippon Yusen Kabushiki Kaisha (NYK Line) (Nippon Yusen Kaisha),Japan,Nippon Yusen Kabushiki Kaisha (NYK Line) (Nippon Yusen Kaisha),Japan,Izumo Ship Holding LLC,Japan,NYK Shipmanagement Private Limited,Republic of Singapore,—,—,—,—,NYK Shipmanagement Private Limited,Republic of Singapore,—,—,—,—,9402718,431647000,14315,16542,7UEC60LSII
vehicle carrier,482475,Kariyushi Leader,Live,Japan,15566,2008,50'+ gt,17212,Single,7KCE,51888,SC-111,Tsuneishi Heavy Industries (Cebu) Incorporated,Balamban,179.90,170.00,—,32.20,21.62,9.62,25.17,Mitsui Engineering & Shipbuilding Company Limited,B&W Diesel A/S,Meiji Shipping Company Limited,Japan,Tokyo,—,Meiji Shipping Group,Japan,Meiji Shipping Company Limited,Japan,Meiji Shipping Company Limited,Japan,MMS Company Limited,Japan,Nippon Yusen Kabushiki Kaisha (NYK Line) (Nippon Yusen Kaisha),Japan,—,—,MMS Company Limited,Japan,—,—,—,—,9403217,431987000,14120,21508,7S60MC-C
vehicle carrier,483938,Hyperion Leader,Live,Japan,12568,2010,30'-50'gt,14381,Single,7KFK,41894,5523,Shin Kurushima Dockyard Company Limited,Onishi,190.03,177.00,—,28.20,20.76,9.33,18.87,Kobe Hatsudoki,Mitsubishi Heavy Industries Limited,Kitaura Kaiun K.K.,Japan,Imabari,—,Kitaura Kaiun K.K.,Japan,Kitaura Kaiun K.K.,Japan,Kitaura Kaiun K.K.,Japan,Kitaura Kaiun K.K.,Japan,—,—,—,—,Kitaura Kaiun K.K.,Japan,—,—,—,—,9403279,431578000,11335,13752,7UEC52LSE
vehicle carrier,483948,Bergamot Ace,Live,Liberia,12721,2010,30'-50'gt,14996,Single,5LKR5,42401,5525,Shin Kurushima Dockyard Company Limited,Onishi,186.03,181.03,—,28.20,18.85,8.52,20.91,Mitsui Engineering & Shipbuilding Company Limited (Tamano),B&W Diesel A/S,Nichitoku Kisen Company Limited,Japan,Monrovia,—,Nichitoku Kisen Company Limited,Japan,Nichitoku Kisen Company Limited,Japan,Bergamot Ace S.A.,Panama,Nichitoku Kisen Company Limited,Japan,Mitsui O.S.K. Lines Limited (MOL),Japan,—,—,Nichitoku Kisen Company Limited,Japan,—,—,—,—,9403281,636022841,11440,15554,8S50MC
vehicle carrier,50014,Prince Maru No.6,Dead,Japan,881,1971,-30'gt,1962,Single,—,1550,—,—,Japan,96.00,—,14.70,—,5.20,4.90,0.30,—,Unknown Engine Designer,—,—,—,—,—,—,—,—,—,—,—,—,—,—,—,—,—,—,—,—,—,—,7045750,—,2834,3800,UNKNOWN
vehicle carrier,50015,Golden Ray,Dead,Panama,16774,1973,-30'gt,8688,Single,—,22293,1041,Mitsubishi Heavy Industries Limited Shipbuilding,Kobe,169.00,159.97,25.60,25.60,10.01,7.24,2.77,MAN Energy Solutions SE,MAN Energy Solutions SE,TMM,—,Panama,—,—,—,—,—,—,—,—,—,—,—,—,—,—,—,—,—,—,—,7305734,—,7345,9850,V18V40/54
vehicle carrier,5024,Autobahn,Dead,Norway (Int. Register),1067,1972,-30'gt,864,Single,—,3559,—,—,Norway,92.00,84.99,14.51,14.51,9.81,3.89,5.92,—,Unknown Engine Designer,U.E.C.C. (Norway),—,—,—,—,—,—,—,—,—,—,—,—,—,—,—,—,—,—,—,—,—,7129207,—,895,1200,UNKNOWN
vehicle carrier,5027,Khaled IV,Dead,Lebanon,250,1971,-30'gt,783,Single,—,498,593,Baatservice Verft AS,Mandal,92.00,84.99,14.51,14.51,9.81,3.89,5.92,Bergen Group BMV,Normo,Khaled,—,—,—,—,—,—,—,—,—,—,—,—,—,—,—,—,—,—,—,—,—,7113648,—,835,1120,LSMC-8
vehicle carrier,5030,Autostrada,Dead,Norway (Int. Register),1064,1971,-30'gt,857,Single,—,3548,—,—,Norway,92.00,—,14.70,—,9.80,3.90,5.90,—,Unknown Engine Designer,Ugland A.,—,—,—,—,—,—,—,—,—,—,—,—,—,—,—,—,—,—,—,—,—,7109219,—,835,1120,UNKNOWN
vehicle carrier,5031,Autoweg,Dead,Norway (Int. Register),1183,1973,-30'gt,1042,Single,—,3946,—,—,Norway,92.00,—,15.00,—,9.80,3.90,5.90,—,Unknown Engine Designer,Ugland A.,—,—,—,—,—,—,—,—,—,—,—,—,—,—,—,—,—,—,—,—,—,7325576,—,925,1240,UNKNOWN
vehicle carrier,52323,Opal Ray,Dead,Malta,16359,1973,-30'gt,8678,Single,—,22454,4379,Hitachi Shipbuilding Corporation (Maizuru),Maizuru,174.00,163.96,25.40,25.40,8.10,7.22,0.88,Hitachi Shipbuilding Corporation (Osaka),Unknown Engine Designer,Ray Shipping,—,Valletta,—,—,—,—,—,—,—,—,—,—,—,—,—,—,—,—,—,—,—,7301972,—,9247,12400,UNKNOWN
vehicle carrier,53363,Savonita,Dead,Philippines,10274,1971,-30'gt,7730,Single,—,14490,—,—,West Germany,180.00,—,25.80,—,14.60,6.80,7.80,—,Unknown Engine Designer,—,—,—,—,—,—,—,—,—,—,—,—,—,—,—,—,—,—,—,—,—,—,7026584,—,5369,7200,UNKNOWN
vehicle carrier,544343,Neptune Leader,Live,Panama,13324,2008,30'-50'gt,12853,Single,3FUV4,44412,721,Naikai Zosen Shipbuilding Corporation,Setoda,183.00,170.00,—,30.20,20.94,8.72,20.16,Hitachi Zosen Corporation,B&W Diesel A/S,Libera Corporation,Japan,Panama,—,Libera Corporation,Japan,Libera Corporation,Japan,Centennial Shipping SA,Panama,Sandigan Ship Services Incorporated,Philippines,Nippon Yusen Kabushiki Kaisha (NYK Line) (Nippon Yusen Kaisha),Japan,—,—,Sandigan Ship Services Incorporated,Philippines,—,—,—,—,9402744,357079000,11620,15799,6S60MC-C
vehicle carrier,544344,Jupiter Leader,Live,Panama,13324,2008,30'-50'gt,12889,Single,3EIE4,44412,722,Naikai Zosen Shipbuilding Corporation,Setoda,183.00,170.00,—,30.20,20.94,8.72,20.16,Hitachi Zosen Corporation,B&W Diesel A/S,Libera Corporation,Japan,Panama,—,Libera Corporation,Japan,Libera Corporation,Japan,Centennial Shipping SA,Panama,Sandigan Ship Services Incorporated,Philippines,—,—,—,—,Sandigan Ship Services Incorporated,Philippines,—,—,—,—,9402756,373363000,11620,15799,6S60MC-C
vehicle carrier,54511,Toho Maru,Dead,Japan,13224,1970,-30'gt,19265,Single,—,20323,—,—,Japan,172.00,—,25.10,—,17.70,8.90,8.80,—,Unknown Engine Designer,—,—,—,—,—,—,—,—,—,—,—,—,—,—,—,—,—,—,—,—,—,—,7016151,—,5966,8000,UNKNOWN
vehicle carrier,54777,Shun Oh,Dead,Liberia,8020,1975,-30'gt,12451,Single,—,11882,—,—,,—,—,—,—,—,—,—,—,Unknown Engine Designer,—,—,Monrovia,—,—,—,—,—,—,—,—,—,—,—,—,—,—,—,—,—,—,—,7408378,—,5966,8000,UNKNOWN
vehicle carrier,566142,Sanderling Ace,Live,Marshall Islands,18167,2007,50'+ gt,18865,Single,V7UZ3,58685,705,Minami-Nippon Shipbuilding Company Limited,Usuki,199.95,190.00,32.26,32.20,21.19,9.82,24.38,—,B&W Diesel A/S,Kansai Steamship Company Limited,Japan,Majuro,—,Kansai Steamship Company Limited,Japan,Kansai Steamship Company Limited,Japan,New Shipcarrier S.A.,Panama,Kansai Steamship Company Limited,Japan,—,—,—,—,Kansai Steamship Company Limited,Japan,—,—,—,—,9409481,538007573,15130,18906,7S60MC-C
vehicle carrier,57631,Suruga Maru,Dead,Japan,2949,1972,-30'gt,9266,Single,—,7016,—,—,Japan,174.00,—,25.40,—,8.10,7.20,0.90,—,Unknown Engine Designer,—,—,—,—,—,—,—,—,—,—,—,—,—,—,—,—,—,—,—,—,—,—,7207592,—,9247,12400,UNKNOWN
vehicle carrier,57707,Suzukawa Maru,Dead,Japan,5904,1968,-30'gt,19187,Single,—,13348,—,—,,—,—,—,—,—,—,—,—,Unknown Engine Designer,—,—,—,—,—,—,—,—,—,—,—,—,—,—,—,—,—,—,—,—,—,—,6806808,—,6488,8700,UNKNOWN
vehicle carrier,588919,Pleiades Spirit,Live,Panama,18598,2008,50'+ gt,17424,Single,3FYP8,60330,3615,Shin Kurushima Toyohashi Shipbuilding Company Limited,Toyohashi,199.99,192.00,32.26,32.26,21.17,9.73,24.53,Mitsui Engineering & Shipbuilding Company Limited (Tamano),Mitsubishi Heavy Industries Limited,Unknown Owners,—,Panama,—,Unknown Owners,—,Unknown Owners,—,Raccoon Navigation Incorporated,Panama,World Marine Company Limited,Japan,—,—,—,—,World Marine Company Limited,Japan,—,—,—,—,9409326,370852000,15090,18906,8UEC60LSII
vehicle carrier,588920,Porgy,Live,Norway (Int. Register),17667,2009,50'+ gt,18009,Single,LAWR8,58890,3620,Shin Kurushima Toyohashi Shipbuilding Company Limited,Toyohashi,199.98,195.70,32.26,32.26,25.00,9.63,15.37,Kawasaki Heavy Industries Limited Shipbuilding Division,B&W Diesel A/S,Wallenius Wilhelmsen Ocean Holding AS,Norway,Bergen,—,Wilh Wilhelmsen ASA (WILSHIP),Norway,Wallenius Wilhelmsen Ocean Holding AS,Norway,Wall Ro/Ro AB,Sweden,Wallenius Marine Singapore Private Limited,Republic of Singapore,—,—,—,—,Wallenius Marine AB,Sweden,Unknown,Unknown,Unknown Scrubber Manufacturer,Retrofit,9409338,257732000,14280,19415,7S60MC6
vehicle carrier,590287,Bishu Highway,Live,Japan,19665,2009,50'+ gt,17649,Single,7JFK,56978,3621,Shin Kurushima Toyohashi Shipbuilding Company Limited,Toyohashi,199.94,192.00,—,32.26,20.36,9.83,10.53,Kawasaki Heavy Industries Limited (Tokyo),B&W Diesel A/S,Kawasaki Kisen Kaisha Limited (Kawasaki Kisen KK) ('K' Line),Japan,Kobe,—,Kawasaki Kisen Kaisha Limited (Kawasaki Kisen KK) ('K' Line),Japan,Kawasaki Kisen Kaisha Limited (Kawasaki Kisen KK) ('K' Line),Japan,Kawasaki Kisen Kaisha Limited (Kawasaki Kisen KK) ('K' Line),Japan,'K' Line RoRo Bulk Ship Management Company Limited,Japan,—,—,—,—,'K' Line RoRo Bulk Ship Management Company Limited,Japan,—,—,—,—,9409340,432716000,11935,14608,8S50MC-C
vehicle carrier,5984619,Chang Ji Long,Live,China,8608,2009,-30'gt,5594,Single,BUEZ,19370,JLZ07-0401,Jinling Shipyard,Nanjing,140.50,129.60,24.40,24.40,10.42,6.00,4.42,STX Engine Company Limited,B&W Diesel A/S,China Merchants Guangzhou RoRo Shipping Company Limited (CMRORO),People's Republic of China,Shenzhen,—,China Merchants Group Limited,"Hong Kong, S.A.R., China",China Merchants Guangzhou RoRo Shipping Company Limited (CMRORO),People's Republic of China,Shenzhen China Merchants RORO Transportation Company Limited,People's Republic of China,Shenzhen China Merchants RORO Transportation Company Limited,People's Republic of China,—,—,—,—,Shenzhen China Merchants RORO Transportation Company Limited,People's Republic of China,—,—,—,—,9442586,413463060,6480,7488,6S42MC-MK7
vehicle carrier,610986,Hoegh Caribia,Live,Marshall Islands,6062,2010,-30'gt,5493,Single,V7A5088,20209,486,Kyokuyo Shipyard Corporation (KSC),Shimonoseki,140.00,131.00,22.43,22.40,22.95,6.11,16.84,Caterpillar Motoren GmbH & Company KG,Mak Motoren GmbH & Company KG,Gram Car Carriers AS,Norway,Majuro,—,Mediterranean Shipping Company S.A. (MSC),Switzerland,Gram Car Carriers AS,Norway,Gram Car Carriers Shipowning AS,Norway,Reederei F. Laeisz GmbH,Germany,Viking Car Carriers AS,Norway,—,—,Reederei F. Laeisz GmbH,Germany,—,—,—,—,9407665,538009725,16316,21880,6M43
vehicle carrier,611120,Polaris Liberty,Live,Marshall Islands,6062,2010,-30'gt,5496,Single,V7A5085,20209,488,Kyokuyo Shipyard Corporation (KSC),Shimonoseki,140.00,131.00,22.43,22.40,22.95,6.41,16.54,—,Unknown Engine Designer,Polaris Autoliners Limited,United Kingdom,Majuro,—,Salloum Logistics GmbH,Germany,Polaris Autoliners Limited,United Kingdom,Ocean Promising Limited,"Hong Kong, S.A.R., China",OSM Ship Management Private Limited,Republic of Singapore,—,—,—,—,OSM Ship Management Private Limited,Republic of Singapore,—,—,—,—,9407689,538009722,9861,13224,7UEC52LSE
vehicle carrier,611127,Viking Oslo,Live,Marshall Islands,6062,2010,-30'gt,5493,Single,V7A5087,20209,487,Kyokuyo Shipyard Corporation (KSC),Shimonoseki,140.00,131.00,22.43,22.40,22.95,6.41,16.54,Caterpillar Motoren GmbH & Company KG,Mak Motoren GmbH & Company KG,Gram Car Carriers AS,Norway,Majuro,—,Mediterranean Shipping Company S.A. (MSC),Switzerland,Gram Car Carriers AS,Norway,Gram Car Carriers Shipowning AS,Norway,Reederei F. Laeisz GmbH,Germany,Viking Car Carriers AS,Norway,—,—,Reederei F. Laeisz GmbH,Germany,—,—,—,—,9407677,538009724,5100,6934,6M43
vehicle carrier,62222,Iris,Dead,Liberia,3603,1970,-30'gt,7830,Single,—,6252,—,—,West Germany,179.00,—,25.80,—,14.70,6.80,7.90,—,Unknown Engine Designer,—,—,Monrovia,—,—,—,—,—,—,—,—,—,—,—,—,—,—,—,—,—,—,—,7018355,—,4720,6330,UNKNOWN
vehicle carrier,62366,Sacramento Highway,Dead,Japan,9653,1970,-30'gt,12857,Single,—,15502,—,—,Japan,188.00,—,23.50,—,9.40,7.50,1.90,—,Unknown Engine Designer,—,—,—,—,—,—,—,—,—,—,—,—,—,—,—,—,—,—,—,—,—,—,7018147,—,8352,11200,UNKNOWN
vehicle carrier,62367,Columbia Highway,Dead,Japan,9654,1970,-30'gt,12831,Single,—,15503,—,—,,—,—,—,—,—,—,—,—,Unknown Engine Designer,—,—,—,—,—,—,—,—,—,—,—,—,—,—,—,—,—,—,—,—,—,—,7024328,—,8352,11200,UNKNOWN
vehicle carrier,62370,Unicorn,Dead,Philippines,9157,1970,-30'gt,10742,Single,—,14861,—,—,Japan,183.00,—,23.50,—,9.80,7.10,2.70,—,Unknown Engine Designer,—,—,—,—,—,—,—,—,—,—,—,—,—,—,—,—,—,—,—,—,—,—,7026730,—,8352,11200,UNKNOWN
vehicle carrier,62372,Potomac Highway,Dead,Japan,7774,1971,-30'gt,13119,Single,—,14479,—,—,Japan,224.00,—,24.10,—,22.40,8.00,14.40,—,Unknown Engine Designer,—,—,—,—,—,—,—,—,—,—,—,—,—,—,—,—,—,—,—,—,—,—,7046883,—,13721,18400,UNKNOWN
vehicle carrier,62373,Hudson Highway,Dead,Japan,14998,1971,-30'gt,13894,Single,—,23607,—,—,Japan,187.00,—,27.60,—,17.00,7.10,9.90,—,Unknown Engine Designer,—,—,—,—,—,—,—,—,—,—,—,—,—,—,—,—,—,—,—,—,—,—,7112450,—,10067,13500,UNKNOWN
vehicle carrier,62375,Artemis,Dead,Japan,10160,1971,-30'gt,11111,Single,—,17716,—,—,Japan,211.00,—,24.00,—,11.80,8.00,3.80,—,Unknown Engine Designer,—,—,—,—,—,—,—,—,—,—,—,—,—,—,—,—,—,—,—,—,—,—,7116432,—,13721,18400,UNKNOWN
vehicle carrier,62376,Urania,Dead,Japan,14584,1971,-30'gt,17297,Single,—,22567,—,—,Japan,193.00,—,26.10,—,16.00,7.30,8.70,—,Unknown Engine Designer,—,—,—,—,—,—,—,—,—,—,—,—,—,—,—,—,—,—,—,—,—,—,7124087,—,8948,12000,UNKNOWN
vehicle carrier,62377,Thalia,Dead,Japan,15171,1972,-30'gt,16169,Single,—,23575,—,—,Japan,196.00,—,27.60,—,16.60,7.20,9.40,—,Unknown Engine Designer,—,—,—,—,—,—,—,—,—,—,—,—,—,—,—,—,—,—,—,—,—,—,7221938,—,8948,12000,UNKNOWN
vehicle carrier,62400,Arion,Dead,Singapore,13091,1975,-30'gt,30342,Single,—,18714,—,—,Japan,179.00,—,25.50,—,15.50,11.20,4.30,—,Unknown Engine Designer,—,—,Singapore,—,—,—,—,—,—,—,—,—,—,—,—,—,—,—,—,—,—,—,7420900,—,8725,11700,UNKNOWN
vehicle carrier,625110,Glovis Condor,Live,South Korea,27079,2011,50'+ gt,22351,Single,D7GI,60396,D-1002,Hengli Shipping (Dalian) Company Limited,Wafangdian,199.10,190.50,—,32.26,14.30,11.22,3.08,STX Heavy Industries,B&W Diesel A/S,Hyundai Glovis Company Limited,Republic of Korea,Jeju,—,Hyundai Glovis Company Limited,Republic of Korea,Hyundai Glovis Company Limited,Republic of Korea,Hyundai Glovis Company Limited,Republic of Korea,G-Marine Service Company Limited (GMS),Republic of Korea,—,—,—,—,G-Marine Service Company Limited (GMS),Republic of Korea,—,—,—,—,9414876,441344000,14244,19366,6S60MC-C
vehicle carrier,625371,Trans Leader,Live,Panama,13143,2008,30'-50'gt,15154,Single,3EPP4,43810,1127,Mitsubishi Heavy Industries Limited Shipbuilding,Shimonoseki,180.00,171.70,30.00,30.00,20.13,9.22,21.72,Mitsubishi Heavy Industries Limited Shipbuilding,Mitsubishi Heavy Industries Limited,Santoku Senpaku K.K. (Santoku Shipping Company Limited),Japan,Panama,—,ORIX Corporation,Japan,Santoku Senpaku K.K. (Santoku Shipping Company Limited),Japan,Lucretia Shipping S.A.,Panama,Santoku Senpaku K.K. (Santoku Shipping Company Limited),Japan,Nippon Yusen Kabushiki Kaisha (NYK Line) (Nippon Yusen Kaisha),Japan,—,—,Santoku Senpaku K.K. (Santoku Shipping Company Limited),Japan,—,—,—,—,9412567,372849000,11560,13359,7UEC52LSE
vehicle carrier,625372,Toyofuji Maru No.2,Live,Japan,8534,2008,-30'gt,6090,Single,7JDI,28448,1128,Mitsubishi Heavy Industries Limited Shipbuilding,Shimonoseki,165.00,157.00,27.60,27.60,18.93,6.52,17.63,Mitsubishi Heavy Industries Limited Shipbuilding,Mitsubishi Heavy Industries Limited,Toyofuji Shipping Company Limited (Toyofuji Kaiun KK),Japan,Tokai,—,Toyofuji Shipping Company Limited (Toyofuji Kaiun KK),Japan,Toyofuji Shipping Company Limited (Toyofuji Kaiun KK),Japan,Toyofuji Shipping Company Limited (Toyofuji Kaiun KK),Japan,Fukuju Shipping Company Limited,Japan,—,—,—,—,Fukuju Shipping Company Limited,Japan,—,—,—,—,9412579,432667000,11935,13752,7UEC52LSE
vehicle carrier,62724,Jade Ace,Dead,Panama,2852,1973,-30'gt,8717,Single,—,5445,—,—,Japan,174.00,—,25.40,—,8.10,7.20,0.90,—,Unknown Engine Designer,—,—,Panama,—,—,—,—,—,—,—,—,—,—,—,—,—,—,—,—,—,—,—,7313688,—,9247,12400,UNKNOWN
vehicle carrier,6300077,Parana,Live,Germany,14551,2012,30'-50'gt,12868,Single,DHDT2,47053,2085,Yangfan Group Company Limited,Zhoushan,183.06,170.78,31.82,31.50,12.80,9.10,3.70,HD Hyundai Heavy Industries Company Limited,B&W Diesel A/S,F. Laeisz GmbH,Germany,Rostock,—,F. Laeisz GmbH,Germany,F. Laeisz GmbH,Germany,ms Parana GmbH & Company KG,Germany,Reederei F. Laeisz GmbH,Germany,Parana Shipping Limited,Liberia,—,—,Reederei F. Laeisz GmbH,Germany,—,—,—,—,9427964,218562000,12087,16433,9S50MC-C
vehicle carrier,63342,Oberon,Dead,Japan,7258,1974,-30'gt,14990,Single,—,24277,—,—,Japan,197.00,—,28.10,—,12.00,9.00,3.00,—,Unknown Engine Designer,China G.,—,—,—,—,—,—,—,—,—,—,—,—,—,—,—,—,—,—,—,—,—,7373652,—,17300,23200,UNKNOWN
vehicle carrier,643,Aida,Dead,Singapore,17741,1973,-30'gt,28407,Single,—,23767,—,—,Poland,221.00,—,32.30,—,17.00,10.50,6.50,—,Unknown Engine Designer,—,—,Singapore,—,—,—,—,—,—,—,—,—,—,—,—,—,—,—,—,—,—,—,7315430,—,12975,17400,UNKNOWN
vehicle carrier,65306,Sicily Express,Dead,Unknown,1493,1974,-30'gt,1307,Single,—,4979,273,Schulte & Bruns Schiffswerft,Emden,91.00,76.56,16.60,16.60,12.10,4.58,7.52,Deutz AG,Deutz AG,Turkish Breakers,—,—,—,—,—,—,—,—,—,—,—,—,—,—,—,—,—,—,—,—,—,7361166,—,2237,3000,RSBV6M540
vehicle carrier,65316,Warrington,Dead,Italy,2053,1956,-30'gt,2630,Single,—,3685,—,—,,—,—,—,—,—,—,—,—,Unknown Engine Designer,—,—,—,—,—,—,—,—,—,—,—,—,—,—,—,—,—,—,—,—,—,—,5118280,—,—,—,UNKNOWN
vehicle carrier,6537054,Carmen,Live,Sweden,26158,2010,50'+ gt,31143,Single,SMGW,74258,4457,Hanwha Ocean Company Limited,Okpo,227.80,219.30,—,32.26,14.30,11.30,3.00,HSD Sjo AS,B&W Diesel A/S,Wallenius Wilhelmsen Ocean Holding AS,Norway,Stockholm,—,Wilh Wilhelmsen ASA (WILSHIP),Norway,Wallenius Wilhelmsen Ocean Holding AS,Norway,Wall Ro/Ro AB,Sweden,Wallenius Marine AB,Sweden,—,—,—,—,Wallenius Marine AB,Sweden,—,—,—,—,9505027,266339000,12138,16502,7S60MC
vehicle carrier,6537314,ARC Commitment,Live,U.S.A.,26747,2011,50'+ gt,31143,Single,WDM6549,74255,4458,Hanwha Ocean Company Limited,Okpo,230.80,219.30,32.30,32.26,22.10,11.30,10.80,—,B&W Diesel A/S,Wilmington Trust Company,United States of America,Wilmington,—,M&T Bank Corporation,United States of America,Wilmington Trust Company,United States of America,Wilmington Trust Company,United States of America,American Roll-On Roll-Off Carrier (ARC) LLC,United States of America,American Roll-On Roll-Off Carrier (ARC) LLC,United States of America,—,—,American Roll-On Roll-Off Carrier (ARC) LLC,United States of America,—,—,—,—,9505039,368444000,12138,16502,7S60MC
vehicle carrier,6537582,Figaro,Live,Sweden,26104,2011,50'+ gt,31143,Single,SMIO,74258,4459,Hanwha Ocean Company Limited,Okpo,231.60,219.30,—,32.26,14.30,11.30,3.00,HSD Sjo AS,B&W Diesel A/S,Wallenius Wilhelmsen Ocean Holding AS,Norway,Stockholm,—,Wilh Wilhelmsen ASA (WILSHIP),Norway,Wallenius Wilhelmsen Ocean Holding AS,Norway,Wall Ro/Ro AB,Sweden,Wallenius Marine AB,Sweden,—,—,—,—,Wallenius Marine AB,Sweden,—,—,—,—,9505041,266338000,12138,16502,7S60MC
vehicle carrier,6537584,ARC Endeavor,Live,U.S.A.,35099,2011,50'+ gt,28837,Single,WENP,72295,2261,HD Hyundai Heavy Industries Company Limited,Ulsan,229.99,217.10,32.30,32.26,14.30,11.32,2.98,—,B&W Diesel A/S,Wilmington Trust Company,United States of America,—,—,M&T Bank Corporation,United States of America,Wilmington Trust Company,United States of America,Wilmington Trust Company,United States of America,American Roll-On Roll-Off Carrier (ARC) LLC,United States of America,—,—,—,—,American Roll-On Roll-Off Carrier (ARC) LLC,United States of America,—,—,—,—,9505065,366663000,18080,24246,8S60ME-C
vehicle carrier,6537856,Titania,Live,Malta,26747,2012,50'+ gt,31108,Single,9HA2272,74255,4460,Hanwha Ocean Company Limited,Okpo,230.80,219.30,—,32.26,14.30,11.30,3.00,HSD Sjo AS,B&W Diesel A/S,Wallenius Wilhelmsen Ocean Holding AS,Norway,Valletta,—,Wilh Wilhelmsen ASA (WILSHIP),Norway,Wallenius Wilhelmsen Ocean Holding AS,Norway,Wilhelmsen Lines Shipowning Malta Limited,Malta,Wilhelmsen Ship Management Sendirian Berhad,Malaysia,—,—,—,—,Wilhelmsen Ship Management Sendirian Berhad,Malaysia,—,—,—,—,9505053,248225000,12138,16502,7S60MC
vehicle carrier,6537860,ARC Honor,Live,U.S.A.,35099,2012,50'+ gt,28818,Single,WAHI,72295,2263,HD Hyundai Heavy Industries Company Limited,Ulsan,229.99,217.10,32.30,32.25,14.30,11.30,3.00,—,B&W Diesel A/S,Wilmington Trust Company,United States of America,—,—,M&T Bank Corporation,United States of America,Wilmington Trust Company,United States of America,Wilmington Trust Company,United States of America,American Roll-On Roll-Off Carrier (ARC) LLC,United States of America,—,—,—,—,American Roll-On Roll-Off Carrier (ARC) LLC,United States of America,—,—,—,—,9505089,303530000,18080,24246,8S60ME-C
vehicle carrier,66474,Trans Pacific,Dead,Panama,10537,1973,-30'gt,12682,Single,—,16418,—,—,,—,—,—,—,—,—,—,—,Unknown Engine Designer,—,—,Panama,—,—,—,—,—,—,—,—,—,—,—,—,—,—,—,—,—,—,—,7225001,—,7382,9900,UNKNOWN
vehicle carrier,6714,Marwa III,Live,Panama,1820,1975,-30'gt,—,Single,3EGY9,2366,631,Honda Shipbuilding Company Limited,Saiki,78.00,—,14.50,14.50,8.30,4.30,4.00,—,Unknown Engine Designer,Unknown Owners,—,Panama,—,Unknown Owners,—,Unknown Owners,—,Unknown Owners,—,Unknown Owners,—,—,—,—,—,—,—,—,—,—,—,7501340,351861000,1491,2000,6L35MC
vehicle carrier,67236,Asian Harp,Dead,Philippines,4070,1975,-30'gt,3521,Single,—,7553,632,Honda Shipbuilding Company Limited,Saiki,104.00,98.50,18.00,18.00,7.45,6.57,0.88,Pielstick (Blohm & Voss) Semt,Semt Pielstick SA,Shuwa Kaiun,—,—,—,—,—,—,—,—,—,—,—,—,—,—,—,—,—,—,—,—,—,7426083,—,5816,7800,12PC2-5V-400
vehicle carrier,67237,Emily Star,Dead,Panama,2919,1975,-30'gt,5138,Single,—,4666,—,—,,—,—,—,—,—,—,—,—,Unknown Engine Designer,—,—,Panama,—,—,—,—,—,—,—,—,—,—,—,—,—,—,—,—,—,—,—,7500413,—,7755,10400,UNKNOWN
vehicle carrier,67300,Arung Palaka,Dead,Indonesia,3220,1975,-30'gt,2013,Single,—,4740,682,Kegoya Dock K.K.,Kure,91.00,84.50,7.32,7.32,16.00,5.52,10.48,Makita Corporation,Makita Corporation,Bosowa,—,Jakarta,—,—,—,—,—,—,—,—,—,—,—,—,—,—,—,—,—,—,—,7429671,—,3057,4100,KSLH647
vehicle carrier,67361,Triton,Dead,Singapore,11577,1976,-30'gt,28583,Single,—,18727,—,—,,—,—,—,—,—,—,—,—,Unknown Engine Designer,—,—,Singapore,—,—,—,—,—,—,—,—,—,—,—,—,—,—,—,—,—,—,—,7420912,—,8650,11600,UNKNOWN
vehicle carrier,67656,Sea Transit,Dead,Liberia,8442,1976,-30'gt,10215,Single,—,25884,—,—,Netherlands,187.00,—,22.90,—,16.80,8.00,8.80,—,Unknown Engine Designer,Norske A.,—,Monrovia,—,—,—,—,—,—,—,—,—,—,—,—,—,—,—,—,—,—,—,7420986,—,9843,13200,UNKNOWN
vehicle carrier,67773,Chang Ru,Dead,China,2542,1975,-30'gt,3212,Single,—,4065,683,Kegoya Dock K.K.,Kure,91.00,84.49,15.50,15.50,5.80,5.74,0.06,Makita Corporation,Makita Corporation,Sinotrans,—,—,—,—,—,—,—,—,—,—,—,—,—,—,—,—,—,—,—,—,—,7501388,—,3057,4100,KSLH647
vehicle carrier,70617,Pacific Venture,Dead,Panama,5461,1976,-30'gt,7003,Single,—,9043,—,—,Japan,161.00,—,23.10,—,16.10,6.70,9.40,—,Unknown Engine Designer,—,—,Panama,—,—,—,—,—,—,—,—,—,—,—,—,—,—,—,—,—,—,—,7403419,—,7979,10700,UNKNOWN
vehicle carrier,71131,Morning Cape,Dead,Panama,3494,1976,-30'gt,4782,Single,—,11646,475,Towa Shipbuilding Company Limited,Shimonoseki,147.00,136.00,18.00,18.00,6.75,5.90,0.85,Akasaka Diesels Limited,Mitsubishi Heavy Industries Limited,Cido (Korea),—,Panama,—,—,—,—,—,—,—,—,—,—,—,—,—,—,—,—,—,—,—,7397048,—,3384,4538,6UET52/90D
vehicle carrier,71635,Morning Ace,Dead,Panama,7104,1976,-30'gt,17087,Single,—,23679,399,Naikai Zosen Shipbuilding Corporation,Setoda,174.50,163.25,25.40,25.40,8.10,7.20,0.91,Hitachi Zosen Corporation,B&W Diesel A/S,Bangladesh Breakers,—,Panama,—,—,—,—,—,—,—,—,—,—,—,—,—,—,—,—,—,—,—,7429308,—,9247,12400,9K62EF
vehicle carrier,72013,Friendship,Dead,Panama,7373,1976,-30'gt,8809,Single,—,24578,1741,Mitsubishi Heavy Industries Limited Shipbuilding,Nagasaki,175.00,—,—,—,16.80,7.20,9.60,—,Unknown Engine Designer,—,—,Panama,—,—,—,—,—,—,—,—,—,—,—,—,—,—,—,—,—,—,—,7512923,—,9769,13100,UNKNOWN
vehicle carrier,72031,Moon River,Dead,Liberia,11813,1976,-30'gt,28662,Single,—,16856,—,—,Japan,179.00,—,25.50,—,15.50,11.20,4.30,—,Unknown Engine Designer,—,—,Monrovia,—,—,—,—,—,—,—,—,—,—,—,—,—,—,—,—,—,—,—,7510377,—,8650,11600,UNKNOWN
vehicle carrier,72043,Rosetta,Dead,Liberia,9853,1976,-30'gt,15437,Single,—,17963,—,—,Japan,197.00,184.00,28.00,28.00,12.05,9.03,3.02,—,Unknown Engine Designer,NYK Line.,—,Monrovia,—,—,—,—,—,—,—,—,—,—,—,—,—,—,—,—,—,—,—,7426021,—,17300,23200,UNKNOWN
vehicle carrier,72044,Prosper World,Dead,Liberia,2621,1976,-30'gt,4842,Single,—,4686,—,—,Japan,137.00,—,18.30,—,7.00,6.30,0.70,—,Unknown Engine Designer,—,—,Monrovia,—,—,—,—,—,—,—,—,—,—,—,—,—,—,—,—,—,—,—,7526144,—,5966,8000,UNKNOWN
vehicle carrier,72064,Queen Opal,Dead,Panama,3335,1976,-30'gt,8763,Single,—,6126,—,—,Japan,174.00,—,25.40,—,8.10,7.20,0.90,—,Unknown Engine Designer,—,—,Panama,—,—,—,—,—,—,—,—,—,—,—,—,—,—,—,—,—,—,—,7429310,—,9247,12400,UNKNOWN
vehicle carrier,7235188,Tonsberg,Live,Malta,27215,2011,50'+ gt,43878,Double Hull,9HA2066,75251,2262,Mitsubishi Heavy Industries Limited Shipbuilding,Nagasaki,265.00,250.00,32.27,32.26,15.20,12.33,2.87,—,B&W Diesel A/S,Wallenius Wilhelmsen Ocean Holding AS,Norway,Valletta,—,Wilh Wilhelmsen ASA (WILSHIP),Norway,Wallenius Wilhelmsen Ocean Holding AS,Norway,Wilhelmsen Lines Shipowning Malta Limited,Malta,Wilhelmsen Ship Management (Norway) AS,Norway,—,—,—,—,Wilhelmsen Ship Management (Norway) AS,Norway,—,—,—,—,9515383,249904000,21770,29194,7L70MC
vehicle carrier,7236002,Parsifal,Live,Norway (Int. Register),27215,2011,50'+ gt,41820,Single,LATL8,75251,2263,Mitsubishi Heavy Industries Limited Shipbuilding,Nagasaki,265.00,250.00,32.27,32.26,33.22,12.30,20.92,Kawasaki Heavy Industries Limited Shipbuilding Division,B&W Diesel A/S,Wallenius Wilhelmsen Ocean Holding AS,Norway,Bergen,—,Wilh Wilhelmsen ASA (WILSHIP),Norway,Wallenius Wilhelmsen Ocean Holding AS,Norway,Wallenius Wilhelmsen Shipowning Norway AS,Norway,Wallenius Marine Singapore Private Limited,Republic of Singapore,—,—,—,—,Wallenius Marine AB,Sweden,—,—,—,—,9515395,259024000,21770,25158,7L70ME-C
vehicle carrier,7236264,Tysla,Live,Malta,27215,2012,50'+ gt,43878,Single,9HA2067,75251,2264,Mitsubishi Heavy Industries Limited Shipbuilding,Nagasaki,265.00,250.00,32.27,32.26,15.20,12.30,2.90,—,B&W Diesel A/S,Wallenius Wilhelmsen Ocean Holding AS,Norway,Valletta,—,Wilh Wilhelmsen ASA (WILSHIP),Norway,Wallenius Wilhelmsen Ocean Holding AS,Norway,Wilhelmsen Lines Shipowning Malta Limited,Malta,Wilhelmsen Ship Management (Norway) AS,Norway,—,—,—,—,Wilhelmsen Ship Management (Norway) AS,Norway,—,—,—,—,9515400,249909000,21770,29194,7L70ME-C
vehicle carrier,7236744,Salome,Live,Norway (Int. Register),27215,2012,50'+ gt,43878,Single,LATM8,75251,2265,Mitsubishi Heavy Industries Limited Shipbuilding,Nagasaki,265.00,250.00,32.27,32.26,33.22,12.30,20.92,—,B&W Diesel A/S,Wallenius Wilhelmsen Ocean Holding AS,Norway,Bergen,—,Wilh Wilhelmsen ASA (WILSHIP),Norway,Wallenius Wilhelmsen Ocean Holding AS,Norway,Wallenius Wilhelmsen Shipowning Norway AS,Norway,Wallenius Marine Singapore Private Limited,Republic of Singapore,—,—,—,—,Wallenius Marine AB,Sweden,—,—,—,—,9515412,257242000,21770,29194,7L70ME-C
vehicle carrier,72544,City of Berytus,Dead,Dominica,2530,1974,-30'gt,1530,Single,—,6656,331,Imabari Shipbuilding Company Limited,Imabari,105.00,—,17.20,17.20,10.40,5.00,5.40,The Hanshin Diesel Works Limited,The Hanshin Diesel Works Limited,Belgian Breakers,—,Portsmouth,—,—,—,—,—,—,—,—,—,—,—,—,—,—,—,—,—,—,—,7401681,—,3309,4500,6LU54
vehicle carrier,72615,Deborah D.,Dead,Panama,1249,1964,-30'gt,2252,Single,—,1674,—,—,,—,—,—,—,—,—,—,—,Unknown Engine Designer,—,—,Panama,—,—,—,—,—,—,—,—,—,—,—,—,—,—,—,—,—,—,—,6413522,—,—,—,UNKNOWN
vehicle carrier,727208,Hoegh St. Petersburg,Live,Norway (Int. Register),26276,2009,50'+ gt,21285,Single,LAII7,68392,4453,Hanwha Ocean Company Limited,Okpo,228.79,218.79,32.28,32.26,13.95,10.02,4.95,Doosan Engine Company Limited,B&W Diesel A/S,Hoegh Autoliners ASA,Norway,Oslo,—,Leif Hoegh & Company As,Norway,Hoegh Autoliners ASA,Norway,Hoegh Autoliners Shipping AS,Norway,Hoegh Technical Management Incorporated,Philippines,—,—,—,—,Hoegh Autoliners Management AS,Norway,—,—,—,—,9420045,257366000,14280,16503,7S60MC
vehicle carrier,727209,Hoegh Copenhagen,Live,Norway (Int. Register),26276,2010,50'+ gt,21108,Single,LAIJ7,68392,4454,Hanwha Ocean Company Limited,Okpo,228.70,218.80,32.28,32.25,32.59,10.02,22.57,Doosan Engine Company Limited,B&W Diesel A/S,Hoegh Autoliners Management AS,Norway,Oslo,—,Leif Hoegh & Company As,Norway,Hoegh Autoliners Management AS,Norway,Parcar Shipholding AS,Norway,Hoegh Technical Management Incorporated,Philippines,—,—,—,—,Hoegh Autoliners Management AS,Norway,—,—,—,—,9420057,257368000,12138,16503,7S60MC
vehicle carrier,72721,Sea Bridge,Dead,Tonga,3966,1974,-30'gt,4095,Single,—,5236,258,Geibi Shipbuilding Industries Company Limited,Kure,98.00,89.95,16.60,16.60,7.05,6.22,0.83,ITO Engineering Company Limited,ITO Engineering Company Limited,Meri Mar,—,—,—,—,—,—,—,—,—,—,—,—,—,—,—,—,—,—,—,—,—,7370129,—,3729,5000,M566HUS
vehicle carrier,730,Akarita,Dead,Liberia,4992,1959,-30'gt,9400,Single,—,11081,—,—,,178.00,164.59,23.77,23.77,15.09,8.66,6.43,—,Unknown Engine Designer,—,—,Monrovia,—,—,—,—,—,—,—,—,—,—,—,—,—,—,—,—,—,—,—,5013648,—,7457,10000,UNKNOWN
vehicle carrier,73023,Bright Vega,Dead,"Hong Kong, S.A.R., China",8522,1976,-30'gt,4733,Single,—,14496,1035,Miho Shipbuilding Company Limited,Shimizu,121.00,110.00,19.80,19.80,11.00,9.10,1.90,NKK Corporation,Semt Pielstick SA,Univan,—,Hong Kong,—,—,—,—,—,—,—,—,—,—,—,—,—,—,—,—,—,—,—,7513977,—,6935,9300,16PC2-5V-400
vehicle carrier,73306,Carib Sea,Dead,Bahamas,2976,1976,-30'gt,2175,Single,—,4343,237,Astilleros Construcciones S.A.,Vigo,88.00,80.02,15.96,15.96,14.15,5.18,8.97,Deutz AG,Deutz AG,Joint Vessels,—,Nassau,—,—,—,—,—,—,—,—,—,—,—,—,—,—,—,—,—,—,—,7409102,—,2237,3000,DEUTZ DIESEL
vehicle carrier,733128,Paganella,Live,Marshall Islands,14551,2009,30'-50'gt,11454,Single,V7A7494,47020,2073,Yangfan Group Company Limited,Zhoushan,182.97,170.20,32.00,31.50,12.80,8.75,4.05,HD Hyundai Heavy Industries Company Limited,B&W Diesel A/S,Reederei F. Laeisz GmbH,Germany,Majuro,—,F. Laeisz GmbH,Germany,Reederei F. Laeisz GmbH,Germany,MS  'Paganella 2' GmbH & Co KG,Germany,Reederei F. Laeisz GmbH,Germany,—,—,—,—,Reederei F. Laeisz GmbH,Germany,—,—,—,—,9427926,538090648,12087,16433,9S50MC-C
vehicle carrier,733129,Silver Queen,Live,Panama,14106,2009,30'-50'gt,11373,Single,3E3429,47020,2074,Yangfan Group Company Limited,Zhoushan,182.80,170.20,32.17,31.50,12.80,8.75,4.05,HD Hyundai Heavy Industries Company Limited,B&W Diesel A/S,Doun Kisen Company Limited (Doun Kisen KK),Japan,Panama,—,Doun Kisen Company Limited (Doun Kisen KK),Japan,Doun Kisen Company Limited (Doun Kisen KK),Japan,Mi-Das Line SA,Panama,Sallaum Lines DMCC,United Arab Emirates,Vinfast Trading & Production JSC Joint Stock Company,Vietnam,—,—,Sallaum Lines DMCC,United Arab Emirates,—,—,—,—,9427938,352001162,14220,16433,9S50MC-C
vehicle carrier,733130,Viking Paglia,Live,Marshall Islands,14551,2010,30'-50'gt,12909,Single,V7A5950,47057,2075,Yangfan Group Company Limited,Zhoushan,182.91,170.20,32.00,31.50,12.80,8.75,4.05,HD Hyundai Heavy Industries Company Limited,B&W Diesel A/S,Gram Car Carriers AS,Norway,Majuro,—,Mediterranean Shipping Company S.A. (MSC),Switzerland,Gram Car Carriers AS,Norway,Gram Car Carriers Shipowning AS,Norway,Reederei F. Laeisz GmbH,Germany,Paglia Shipping Corporation,Liberia,—,—,Reederei F. Laeisz GmbH,Germany,—,—,—,—,9427940,538010369,12087,16433,9S50MC-C
vehicle carrier,733131,Pagna,Live,Marshall Islands,14117,2010,30'-50'gt,11315,Single,V7A7382,47057,2076,Yangfan Group Company Limited,Zhoushan,182.90,170.20,32.00,31.50,12.80,8.75,4.05,HD Hyundai Heavy Industries Company Limited,B&W Diesel A/S,TB Marine-Hamburg GmbH,Germany,Majuro,—,TB Marine-Hamburg GmbH,Germany,TB Marine-Hamburg GmbH,Germany,ms Pagna GmbH & Company KG,Germany,Reederei F. Laeisz GmbH,Germany,Pagna Shipping Limited,Gibraltar,—,—,Reederei F. Laeisz GmbH,Germany,—,—,—,—,9427952,538090644,12087,16433,9S50MC-C
vehicle carrier,74025,Zim Car,Dead,Cyprus,14142,1976,30'-50'gt,15305,Single,—,34613,—,—,Japan,197.00,184.00,28.00,28.00,12.05,9.02,3.03,—,Unknown Engine Designer,Ofer,—,—,—,—,—,—,—,—,—,—,—,—,—,—,—,—,—,—,—,—,—,7429956,—,17300,23200,UNKNOWN
vehicle carrier,7418498,Adria Ace,Live,Bahamas,22395,2009,30'-50'gt,12300,Single,C6XA8,41009,479,Uljanik Brodogradiliste d.d.,Pula,176.00,165.00,31.10,31.10,30.03,8.77,21.26,Uljanik Brodogradiliste d.d.,B&W Diesel A/S,Ray Car Carriers Limited,Isle of Man,Nassau,—,Ray Shipping Limited,Israel,Ray Car Carriers Limited,Isle of Man,Adria Maritime Limited,Isle of Man,Stamco Ship Management Company Limited,Greece,—,—,—,—,Stamco Ship Management Company Limited,Greece,—,—,—,—,9446881,311003900,12640,17185,8S50MC-C
vehicle carrier,74520,Vittoriosa,Dead,Malta,9882,1976,-30'gt,7322,Double Bottom,—,15507,—,—,Japan,120.00,113.50,23.00,23.00,7.95,6.72,1.23,Pielstick (Blohm & Voss) Semt,Semt Pielstick SA,Mikonos S.,—,Valletta,—,—,—,—,—,—,—,—,—,—,—,—,—,—,—,—,—,—,—,7426057,—,6693,8975,14PC2-5V-400
vehicle carrier,7469570,Mediterranean Sea,Live,Marshall Islands,14264,2010,30'-50'gt,14775,Single,V7FX5,46800,XSI404G,Xiamen Shipbuilding Industry Company Limited,Xiamen,182.80,170.20,31.74,31.50,19.26,9.00,10.26,HD Hyundai Heavy Industries Company Limited,B&W Diesel A/S,Gram Car Carriers AS,Norway,Majuro,—,Mediterranean Shipping Company S.A. (MSC),Switzerland,Gram Car Carriers AS,Norway,Gram Car Carriers Shipowning AS,Norway,Lauterjung Shipmanagement GmbH & Company KG,Germany,—,—,—,—,Lauterjung Shipmanagement GmbH & Company KG,Germany,—,—,—,—,9451006,538007768,14220,16433,9S50MC-C
vehicle carrier,750499,Dionysos Leader,Live,Japan,18897,2009,50'+ gt,21438,Single,7JFW,62993,3623,Shin Kurushima Toyohashi Shipbuilding Company Limited,Toyohashi,199.94,190.00,—,32.26,24.12,10.33,24.47,—,Mitsubishi Heavy Industries Limited,Nippon Yusen Kabushiki Kaisha (NYK Line) (Nippon Yusen Kaisha),Japan,Tokyo,—,Nippon Yusen Kabushiki Kaisha (NYK Line) (Nippon Yusen Kaisha),Japan,Nippon Yusen Kabushiki Kaisha (NYK Line) (Nippon Yusen Kaisha),Japan,Nippon Yusen Kabushiki Kaisha (NYK Line) (Nippon Yusen Kaisha),Japan,Hachiuma Steamship Company Limited (Hachiuma Kisen KK),Japan,NYK RORO Shipping,Japan,—,—,Hachiuma Steamship Company Limited (Hachiuma Kisen KK),Japan,—,—,—,—,9426350,432722000,15540,17959,8UEC60LSII
vehicle carrier,750500,Daedalus Leader,Live,Japan,18897,2009,50'+ gt,21423,Single,7JGF,62993,3625,Shin Kurushima Toyohashi Shipbuilding Company Limited,Toyohashi,199.94,190.00,—,32.26,24.12,10.33,24.47,Kobe Hatsudoki,Mitsubishi Heavy Industries Limited,Nippon Yusen Kabushiki Kaisha (NYK Line) (Nippon Yusen Kaisha),Japan,Tokyo,—,Nippon Yusen Kabushiki Kaisha (NYK Line) (Nippon Yusen Kaisha),Japan,Nippon Yusen Kabushiki Kaisha (NYK Line) (Nippon Yusen Kaisha),Japan,Nippon Yusen Kabushiki Kaisha (NYK Line) (Nippon Yusen Kaisha),Japan,Hachiuma Steamship Company Limited (Hachiuma Kisen KK),Japan,Kawasaki Australia Proprietary Limited,Australia,—,—,Hachiuma Steamship Company Limited (Hachiuma Kisen KK),Japan,—,—,—,—,9426362,432729000,15540,17959,8UEC60LSII
vehicle carrier,750501,Pleiades Leader,Live,Japan,18898,2009,50'+ gt,21462,Single,7JGE,62994,3626,Shin Kurushima Toyohashi Shipbuilding Company Limited,Toyohashi,199.94,190.00,—,32.26,24.12,10.33,27.08,Kobe Hatsudoki,Mitsubishi Heavy Industries Limited,Nippon Yusen Kabushiki Kaisha (NYK Line) (Nippon Yusen Kaisha),Japan,Tokyo,—,Nippon Yusen Kabushiki Kaisha (NYK Line) (Nippon Yusen Kaisha),Japan,Nippon Yusen Kabushiki Kaisha (NYK Line) (Nippon Yusen Kaisha),Japan,Nippon Yusen Kabushiki Kaisha (NYK Line) (Nippon Yusen Kaisha),Japan,NYK Shipmanagement Private Limited,Republic of Singapore,—,—,—,—,NYK Shipmanagement Private Limited,Republic of Singapore,—,—,—,—,9426374,432734000,15540,17959,8UEC60LSII
vehicle carrier,750506,Marguerite Ace,Live,Panama,18543,2009,50'+ gt,17237,Single,3EQH,60067,3627,Shin Kurushima Toyohashi Shipbuilding Company Limited,Toyohashi,199.99,192.00,—,32.26,21.17,9.73,11.44,Kobe Hatsudoki,Mitsubishi Heavy Industries Limited,Osaka Shipping Company Limited (Osaka Senpaku KK),Japan,Panama,—,Osaka Shipping Company Limited (Osaka Senpaku KK),Japan,Osaka Shipping Company Limited (Osaka Senpaku KK),Japan,Golden Helm Shipping Company S.A.,Panama,Osaka Fleet Company Limited,Japan,—,—,—,—,Osaka Fleet Company Limited,Japan,—,—,—,—,9426386,372158000,15090,17440,8UEC60LSII
vehicle carrier,750507,Lake Fuxian,Live,Liberia,18651,2009,50'+ gt,17043,Single,A8UC7,60387,5511,Shin Kurushima Dockyard Company Limited,Onishi,199.99,—,—,32.26,21.20,9.73,26.07,Mitsui Engineering & Shipbuilding Company Limited,Unknown Engine Designer,Kitaura Kaiun K.K.,Japan,Monrovia,—,Kitaura Kaiun K.K.,Japan,Kitaura Kaiun K.K.,Japan,KS Navigation S.A.,Panama,Eastern Pacific Shipping (UK) Limited,United Kingdom,—,—,—,—,Eastern Pacific Shipping (UK) Limited,United Kingdom,—,—,—,—,9494905,636014472,15090,20516,7S60MC-C8
vehicle carrier,752143,Spring Sky,Live,Marshall Islands,8075,2010,-30'gt,9301,Single,V7A5966,25745,1061,Yamanishi Shipbuilding & Iron Works Incorporated,Ishinomaki,165.03,154.00,—,26.00,12.00,7.72,4.28,Makita Corporation,B&W Diesel A/S,Cido Shipping (HK) Company Limited,"Hong Kong, S.A.R., China",Majuro,—,Cido Shipping (HK) Company Limited,"Hong Kong, S.A.R., China",Cido Shipping (HK) Company Limited,"Hong Kong, S.A.R., China",White Heather Shipping S.A.,"Hong Kong, S.A.R., China",Cido Shipping (Korea) Company Limited,Republic of Korea,Cido Car Carrier Service Company Limited,"Hong Kong, S.A.R., China",—,—,Cido Shipping (Korea) Company Limited,Republic of Korea,—,—,—,—,9427550,538010380,8640,9476,8S42MC
vehicle carrier,752145,Spring Wind,Live,Marshall Islands,8075,2010,-30'gt,9274,Single,V7A5969,25745,1061,Yamanishi Shipbuilding & Iron Works Incorporated,Ishinomaki,165.03,154.00,—,26.00,12.00,7.72,4.28,Makita Corporation,B&W Diesel A/S,Cido Shipping (HK) Company Limited,"Hong Kong, S.A.R., China",Majuro,—,Cido Shipping (HK) Company Limited,"Hong Kong, S.A.R., China",Cido Shipping (HK) Company Limited,"Hong Kong, S.A.R., China",Dynamic Boxer Shipping S.A.,Panama,Cido Shipping (Korea) Company Limited,Republic of Korea,Cido Car Carrier Service Company Limited,"Hong Kong, S.A.R., China",—,—,Cido Shipping (Korea) Company Limited,Republic of Korea,—,—,—,—,9427562,538010383,8640,9476,8S42MC
vehicle carrier,752987,Siem Curie,Live,Singapore,13143,2009,30'-50'gt,15154,Single,9V9994,43810,1132,Mitsubishi Heavy Industries Limited Shipbuilding,Shimonoseki,180.00,174.34,—,30.00,13.10,9.22,3.88,Mitsubishi Heavy Industries Limited Shipbuilding,Mitsubishi Heavy Industries Limited,Siem Shipping Norway AS,Norway,Singapore,—,Siem Industries Incorporated (Siem Industries S.A.),Cayman Islands,Siem Shipping Norway AS,Norway,Siem Shipowning I Norway AS,Norway,Siem Car Carriers Private Limited,Republic of Singapore,—,—,—,—,Siem Car Carriers Private Limited,Republic of Singapore,—,—,—,—,9434319,563241700,11560,15707,8UEC50LSII
vehicle carrier,752988,Sebring,Live,Malta,13143,2009,30'-50'gt,15154,Single,9HA5344,43810,1133,Mitsubishi Heavy Industries Limited Shipbuilding,Shimonoseki,180.00,171.70,—,30.00,20.13,9.22,21.72,Mitsubishi Heavy Industries Limited Shipbuilding,Mitsubishi Heavy Industries Limited,Vroon B.V.,Netherlands,Valletta,—,Vroon B.V.,Netherlands,Vroon B.V.,Netherlands,Sebring Shipping Limited,Bermuda,Fleet Management Limited,"Hong Kong, S.A.R., China",—,—,—,—,Fleet Management Limited,"Hong Kong, S.A.R., China",—,—,—,—,9434321,215876000,11560,13752,8UEC50LSII
vehicle carrier,754539,Carrera,Live,U.K.,14217,2008,30'-50'gt,12315,Single,2AGI2,46800,XSI404C,Xiamen Shipbuilding Industry Company Limited,Xiamen,182.80,170.68,31.53,31.50,12.80,9.02,3.78,—,B&W Diesel A/S,Zodiac Maritime Limited,United Kingdom,London,—,Zodiac Group Monaco SAM,Monaco,Zodiac Maritime Limited,United Kingdom,Brabham Navigation Incorporated,British Virgin Islands,Zodiac Maritime Limited,United Kingdom,—,—,—,—,Zodiac Maritime Limited,United Kingdom,—,—,—,—,9432880,235059376,12087,16433,9S50MC-C
vehicle carrier,754543,Lake Wanaka,Live,Liberia,14217,2008,30'-50'gt,12300,Single,D5EZ8,47168,XSI404D,Xiamen Shipbuilding Industry Company Limited,Xiamen,182.80,170.68,31.53,31.50,31.80,9.02,22.78,HD Hyundai Heavy Industries Company Limited,B&W Diesel A/S,Royal Bank Leasing Limited,United Kingdom,Monrovia,—,Natwest Group  Public Limited Company,United Kingdom,Royal Bank Leasing Limited,United Kingdom,Lombard Corporate Finance (December 3) Limited,United Kingdom,Eastern Pacific Shipping (UK) Limited,United Kingdom,—,—,—,—,Eastern Pacific Shipping (UK) Limited,United Kingdom,—,—,—,—,9432892,636016206,14220,16433,9S50MC-C
vehicle carrier,75554,Pacific Rider,Dead,Chile,7314,1976,-30'gt,11458,Single,—,24381,188,NHI Company Limited,Toyama,169.00,160.00,26.40,26.40,12.07,8.02,4.05,—,MAN Energy Solutions SE,Chinese Breakers,—,—,—,—,—,—,—,—,—,—,—,—,—,—,—,—,—,—,—,—,—,7524110,—,10440,14000,14V52/55A
vehicle carrier,755935,Glovis Cardinal,Live,South Korea,26924,2012,50'+ gt,22342,Single,D7GV,60559,D-1003,Hengli Shipping (Dalian) Company Limited,Wafangdian,199.10,188.22,32.26,32.26,13.46,11.22,2.24,STX Engine Company Limited,B&W Diesel A/S,Hyundai Glovis Company Limited,Republic of Korea,Jeju,—,Hyundai Glovis Company Limited,Republic of Korea,Hyundai Glovis Company Limited,Republic of Korea,Hyundai Glovis Company Limited,Republic of Korea,G-Marine Service Company Limited (GMS),Republic of Korea,—,—,—,—,G-Marine Service Company Limited (GMS),Republic of Korea,—,—,—,—,9419759,441304000,14244,19101,6S60MC-C
vehicle carrier,755940,Dong-A Metis,Live,Panama,27647,2010,50'+ gt,22582,Single,3FIR7,60396,D-1001,Hengli Shipping (Dalian) Company Limited,Wafangdian,199.10,190.50,—,32.26,14.30,11.22,3.08,STX Engine Company Limited,B&W Diesel A/S,Dong-A Tanker Corporation (DAT),Republic of Korea,Panama,—,Pine Tree Investment & Management Company Limited,Republic of Korea,Dong-A Tanker Corporation (DAT),Republic of Korea,DAT Metis Maritime S.A.,Panama,KMARIN Ocean Services Corporation (KOSCO),Republic of Korea,—,—,—,—,KMARIN Ocean Services Corporation (KOSCO),Republic of Korea,—,—,—,—,9419747,372997000,14244,19366,6S60MC-C
vehicle carrier,756604,Neptune Horizon,Live,Malta,11013,2010,30'-50'gt,10900,Single,9HA3929,36711,8035,HD Hyundai Mipo Company Limited,Ulsan,168.00,158.00,—,28.00,14.00,7.80,6.20,HD Hyundai Heavy Industries Company Limited,B&W Diesel A/S,Neptune Lines Shipping & Managing Enterprises S.A.,Greece,Valletta,—,Travlos family,Greece,Neptune Lines Shipping & Managing Enterprises S.A.,Greece,Sea Star Company Limited,Malta,Neptune Lines Shipping & Managing Enterprises S.A.,Greece,—,—,—,—,Neptune Lines Shipping & Managing Enterprises S.A.,Greece,Wet,Open Loop (Hybrid Ready),ME Production,Retrofit,9451721,256488000,11620,15799,7S50MC-C
vehicle carrier,756694,Glovis Cougar,Live,South Korea,26896,2012,50'+ gt,22532,Single,D7CG,60559,D-1004,Hengli Shipping (Dalian) Company Limited,Dalian,199.10,188.22,—,32.26,19.65,11.22,8.43,STX Engine Company Limited,B&W Diesel A/S,Hyundai Glovis Company Limited,Republic of Korea,Jeju,—,Hyundai Glovis Company Limited,Republic of Korea,Hyundai Glovis Company Limited,Republic of Korea,Hyundai Glovis Company Limited,Republic of Korea,G-Marine Service Company Limited (GMS),Republic of Korea,—,—,—,—,G-Marine Service Company Limited (GMS),Republic of Korea,—,—,—,—,9451898,441302000,14244,19101,6S60MC-C
vehicle carrier,757372,Morning Lady,Live,South Korea,25275,2010,50'+ gt,27343,Single,D8ML,70853,2053,HD Hyundai Heavy Industries Company Limited,Ulsan,232.38,220.60,32.30,32.26,20.11,9.00,11.11,HD Hyundai Heavy Industries Company Limited,B&W Diesel A/S,EUKOR Car Carriers Incorporated,Republic of Korea,Jeju,—,Wilh. Wilhelmsen Holding ASA (Wilship),Norway,EUKOR Car Carriers Incorporated,Republic of Korea,EUKOR Car Carriers Incorporated,Republic of Korea,Wilhelmsen Ship Management Korea Limited,Republic of Korea,—,—,—,—,Wilhelmsen Ship Management Korea Limited,Republic of Korea,—,—,—,—,9445980,441467000,—,—,7S60MC-C
vehicle carrier,757377,Morning Laura,Live,South Korea,25396,2010,50'+ gt,27297,Single,D8MO,70853,2054,HD Hyundai Heavy Industries Company Limited,Ulsan,232.38,220.60,32.30,32.26,20.11,9.00,11.11,HD Hyundai Heavy Industries Company Limited,B&W Diesel A/S,EUKOR Car Carriers Incorporated,Republic of Korea,Jeju,—,Wilh. Wilhelmsen Holding ASA (Wilship),Norway,EUKOR Car Carriers Incorporated,Republic of Korea,EUKOR Car Carriers Incorporated,Republic of Korea,Wilhelmsen Ship Management Korea Limited,Republic of Korea,—,—,—,—,Wilhelmsen Ship Management Korea Limited,Republic of Korea,—,—,—,—,9445992,441120000,—,—,7S60MC-C
vehicle carrier,757378,Morning Lena,Live,South Korea,25275,2010,50'+ gt,27295,Double Bottom,D7MI,70853,H-2055,HD Hyundai Heavy Industries Company Limited,Ulsan,232.38,220.60,32.30,32.26,20.11,10.02,10.09,HD Hyundai Heavy Industries Company Limited,B&W Diesel A/S,EUKOR Car Carriers Incorporated,Republic of Korea,Jeju,—,Wilh. Wilhelmsen Holding ASA (Wilship),Norway,EUKOR Car Carriers Incorporated,Republic of Korea,EUKOR Car Carriers Incorporated,Republic of Korea,Wilhelmsen Ship Management Korea Limited,Republic of Korea,—,—,—,—,Wilhelmsen Ship Management Korea Limited,Republic of Korea,—,—,—,—,9446001,441115000,15820,21215,7S60MC-C
vehicle carrier,757379,Morning Lily,Live,Panama,25275,2011,50'+ gt,27283,Single,3FDI5,70853,2056,HD Hyundai Heavy Industries Company Limited,Ulsan,232.38,220.60,32.30,32.26,32.64,10.02,23.64,HD Hyundai Heavy Industries Company Limited,B&W Diesel A/S,EUKOR Car Carriers Incorporated,Republic of Korea,Panama,—,Wilh. Wilhelmsen Holding ASA (Wilship),Norway,EUKOR Car Carriers Incorporated,Republic of Korea,Lily International Maritime S.A.,Panama,Wilhelmsen Ship Management Korea Limited,Republic of Korea,—,—,—,—,Wilhelmsen Ship Management Korea Limited,Republic of Korea,—,—,—,—,9446013,372627000,—,—,7S60MC-C
vehicle carrier,758365,Tokyo Car,Live,Liberia,14217,2008,30'-50'gt,12280,Single,D5FF4,46800,XSI404E,Xiamen Shipbuilding Industry Company Limited,Xiamen,182.80,170.68,31.53,31.50,31.80,9.00,22.80,—,B&W Diesel A/S,Zodiac Maritime Limited,United Kingdom,Monrovia,—,Zodiac Group Monaco SAM,Monaco,Zodiac Maritime Limited,United Kingdom,Roptin Shipping Incorporated,British Virgin Islands,Zodiac Maritime Limited,United Kingdom,—,—,—,—,Zodiac Maritime Limited,United Kingdom,—,—,—,—,9432907,636016248,14220,16433,9S50MC-C
vehicle carrier,758367,Lake Como,Live,Liberia,14217,2009,30'-50'gt,12322,Single,5LBE7,47168,XSI404F,Xiamen Shipbuilding Industry Company Limited,Xiamen,182.80,170.20,31.53,31.50,31.80,9.00,22.80,HD Hyundai Heavy Industries Company Limited,B&W Diesel A/S,Eastern Pacific Shipping Private Limited,Republic of Singapore,Monrovia,—,Quantum Pacific Group,Monaco,Eastern Pacific Shipping Private Limited,Republic of Singapore,Kosted Shipping Incorporated,Liberia,Eastern Pacific Shipping (UK) Limited,United Kingdom,Mitsui O.S.K. Lines Limited (MOL),Japan,—,—,Eastern Pacific Shipping (UK) Limited,United Kingdom,—,—,—,—,9432919,636020885,14220,16433,9S50MC-C
vehicle carrier,759773,Neptune Kefalonia,Live,Malta,11071,2009,30'-50'gt,11010,Double Hull,9HA2117,36902,8021,HD Hyundai Mipo Company Limited,Ulsan,169.59,158.02,28.02,28.00,30.56,8.72,21.86,HD Hyundai Heavy Industries Company Limited,B&W Diesel A/S,Neptune Lines Shipping & Managing Enterprises S.A.,Greece,Valletta,—,Travlos family,Greece,Neptune Lines Shipping & Managing Enterprises S.A.,Greece,Thales Shipping Company Limited,Malta,Neptune Lines Shipping & Managing Enterprises S.A.,Greece,—,—,—,—,Neptune Lines Shipping & Managing Enterprises S.A.,Greece,Wet,Open Loop (Hybrid Ready),ME Production,Retrofit,9438717,215588000,11060,12782,7S50MC-C
vehicle carrier,759775,Neptune Ithaki,Live,Malta,11071,2010,30'-50'gt,11010,Single,9HA2213,36902,8022,HD Hyundai Mipo Company Limited,Ulsan,169.59,158.00,28.02,28.00,30.56,8.72,21.86,HD Hyundai Heavy Industries Company Limited,B&W Diesel A/S,Neptune Lines Shipping & Managing Enterprises S.A.,Greece,Valletta,—,Travlos family,Greece,Neptune Lines Shipping & Managing Enterprises S.A.,Greece,Anaximander Shipping Company Limited,Malta,Neptune Lines Shipping & Managing Enterprises S.A.,Greece,—,—,—,—,Neptune Lines Shipping & Managing Enterprises S.A.,Greece,Wet,Open Loop (Hybrid Ready),ME Production,Retrofit,9440083,215587000,9401,12782,7S50MC-C
vehicle carrier,759780,Neptune Odyssey,Live,Malta,11071,2010,30'-50'gt,11418,Single,9HA2350,36902,8023,HD Hyundai Mipo Company Limited,Ulsan,169.59,158.02,28.02,28.00,30.56,8.72,21.86,HD Hyundai Heavy Industries Company Limited,B&W Diesel A/S,Eryx Limited,Greece,Valletta,—,Sarlis Group,Greece,Eryx Limited,Greece,Socrates Navigation Company Limited,Malta,Neptune Lines Shipping & Managing Enterprises S.A.,Greece,—,—,—,—,Neptune Lines Shipping & Managing Enterprises S.A.,Greece,Wet,Open Loop (Hybrid Ready),ME Production,Retrofit,9440095,248406000,11060,12782,7S50MC-C
vehicle carrier,759784,Neptune Iliad,Live,Malta,11071,2010,30'-50'gt,11409,Single,9HA2406,36902,8024,HD Hyundai Mipo Company Limited,Ulsan,169.58,—,28.02,28.00,30.56,8.72,21.84,HD Hyundai Heavy Industries Company Limited,B&W Diesel A/S,Neptune Lines Shipping & Managing Enterprises S.A.,Greece,Valletta,—,Travlos family,Greece,Neptune Lines Shipping & Managing Enterprises S.A.,Greece,Plato Navigation Company Limited,Malta,Neptune Lines Shipping & Managing Enterprises S.A.,Greece,—,—,—,—,Neptune Lines Shipping & Managing Enterprises S.A.,Greece,Wet,Open Loop (Hybrid Ready),ME Production,Retrofit,9440100,248549000,11060,12782,7S50MC-C
vehicle carrier,759799,Neptune Hellas,Live,Malta,11013,2009,30'-50'gt,10900,Single,9HA3957,36790,8032,HD Hyundai Mipo Company Limited,Ulsan,169.06,158.00,28.03,28.01,30.65,8.70,21.95,HD Hyundai Heavy Industries Company Limited,B&W Diesel A/S,Neptune Lines Shipping & Managing Enterprises S.A.,Greece,Valletta,—,Travlos family,Greece,Neptune Lines Shipping & Managing Enterprises S.A.,Greece,Sea Harmony Company Limited,Malta,Neptune Lines Shipping & Managing Enterprises S.A.,Greece,—,—,—,—,Neptune Lines Shipping & Managing Enterprises S.A.,Greece,Wet,Open Loop (Hybrid Ready),ME Production,Retrofit,9440148,256575000,11620,15799,7S50MC-C
vehicle carrier,759803,Trans Future 8,Live,Panama,8627,2010,-30'gt,6220,Single,3EZG6,28755,1138,Mitsubishi Heavy Industries Limited Shipbuilding,Shimonoseki,165.00,157.00,—,27.60,18.93,6.52,17.63,Mitsubishi Heavy Industries Limited Shipbuilding,Mitsubishi Heavy Industries Limited,Toyofuji Shipping Company Limited (Toyofuji Kaiun KK),Japan,Panama,—,Toyofuji Shipping Company Limited (Toyofuji Kaiun KK),Japan,Toyofuji Shipping Company Limited (Toyofuji Kaiun KK),Japan,Feng Li Maritime Corporation & Star Bulk Carrier Company S.A.,Panama,Kagoshima Senpaku Kaisha Limited,Japan,—,—,—,—,Kagoshima Senpaku Kaisha Limited,Japan,—,—,—,—,9477701,371320000,11935,16179,7UEC52LSE
vehicle carrier,759804,Neptune Kallos,Live,Malta,11013,2010,30'-50'gt,11215,Single,9HA5657,36711,8033,HD Hyundai Mipo Company Limited,Ulsan,168.00,158.00,—,28.00,30.65,8.72,21.93,HD Hyundai Heavy Industries Company Limited,B&W Diesel A/S,Neptune Lines Shipping & Managing Enterprises S.A.,Greece,Valletta,—,Travlos family,Greece,Neptune Lines Shipping & Managing Enterprises S.A.,Greece,Periander Shipping Company Limited,Marshall Islands,Neptune Lines Shipping & Managing Enterprises S.A.,Greece,—,—,—,—,Neptune Lines Shipping & Managing Enterprises S.A.,Greece,—,—,—,—,9442122,256010000,11620,15799,7S50MC-C
vehicle carrier,759807,Dignity Leader,Live,Bahamas,19972,2010,50'+ gt,20589,Single,C6WY6,58767,8036,HD Hyundai Mipo Company Limited,Ulsan,199.95,191.00,32.29,32.26,35.00,10.02,24.98,HD Hyundai Heavy Industries Company Limited,B&W Diesel A/S,Ray Car Carriers Limited,Isle of Man,Nassau,—,Ray Shipping Limited,Israel,Ray Car Carriers Limited,Isle of Man,Dignity Maritime Limited,Isle of Man,Stamco Ship Management Company Limited,Greece,—,—,—,—,Stamco Ship Management Company Limited,Greece,—,—,—,—,9441506,311002900,11387,15270,7S50MC-C
vehicle carrier,759810,Horizon Ray,Live,Bahamas,19972,2010,50'+ gt,20434,Single,C6YO9,58767,8037,HD Hyundai Mipo Company Limited,Ulsan,199.95,191.00,32.29,32.26,35.00,10.02,24.98,HD Hyundai Heavy Industries Company Limited,B&W Diesel A/S,Ray Car Carriers Limited,Isle of Man,Nassau,—,Ray Shipping Limited,Israel,Ray Car Carriers Limited,Isle of Man,Horizon Maritime Limited,Isle of Man,Stamco Ship Management Company Limited,Greece,—,—,—,—,Stamco Ship Management Company Limited,Greece,—,—,—,—,9441520,311040600,14506,19453,7S60MC-C
vehicle carrier,759854,Heroic Leader,Live,Bahamas,19972,2011,50'+ gt,20434,Single,C6ZD2,58767,8040,HD Hyundai Mipo Company Limited,Ulsan,199.95,191.00,32.29,32.26,35.00,10.02,24.98,HD Hyundai Heavy Industries Company Limited,B&W Diesel A/S,Ray Car Carriers Limited,Isle of Man,Nassau,—,Ray Shipping Limited,Israel,Ray Car Carriers Limited,Isle of Man,Heroic Ray Limited,Bahamas,Stamco Ship Management Company Limited,Greece,Nippon Yusen Kabushiki Kaisha (NYK Line) (Nippon Yusen Kaisha),Japan,—,—,Stamco Ship Management Company Limited,Greece,—,—,—,—,9441570,311052700,14506,19453,7S60MC-C
vehicle carrier,759855,Harmony Leader,Live,Bahamas,19972,2011,50'+ gt,20434,Single,C6YP3,58767,8039,HD Hyundai Mipo Company Limited,Ulsan,199.95,191.00,32.29,32.26,35.00,10.02,24.98,HD Hyundai Heavy Industries Company Limited,B&W Diesel A/S,Ray Car Carriers Limited,Isle of Man,Nassau,—,Ray Shipping Limited,Israel,Ray Car Carriers Limited,Isle of Man,Harmony Maritime Limited,Isle of Man,Stamco Ship Management Company Limited,Greece,Nippon Yusen Kabushiki Kaisha (NYK Line) (Nippon Yusen Kaisha),Japan,—,—,Stamco Ship Management Company Limited,Greece,—,—,—,—,9441568,311040800,14506,19453,7S60MC-C
vehicle carrier,759856,Glovis Clipper,Live,Bahamas,19972,2012,50'+ gt,20434,Single,C6ZE8,58767,8041,HD Hyundai Mipo Company Limited,Ulsan,199.99,191.00,32.29,32.26,35.00,10.02,24.98,HD Hyundai Heavy Industries Company Limited,B&W Diesel A/S,Ray Car Carriers Limited,Isle of Man,Nassau,—,Ray Shipping Limited,Israel,Ray Car Carriers Limited,Isle of Man,Clipper Maritime Limited,Isle of Man,Stamco Ship Management Company Limited,Greece,Hyundai Glovis Company Limited,Republic of Korea,—,—,Stamco Ship Management Company Limited,Greece,—,—,—,—,9441582,311054400,14506,19453,7S60MC-C
vehicle carrier,759857,Heritage Leader,Live,Bahamas,19972,2011,50'+ gt,20434,Single,C6YP2,58767,8038,HD Hyundai Mipo Company Limited,Ulsan,199.95,191.00,32.29,32.26,35.00,10.02,24.98,HD Hyundai Heavy Industries Company Limited,B&W Diesel A/S,Ray Car Carriers Limited,Isle of Man,Nassau,—,Ray Shipping Limited,Israel,Ray Car Carriers Limited,Isle of Man,Heritage Maritime Limited,Bahamas,Stamco Ship Management Company Limited,Greece,Nippon Yusen Kabushiki Kaisha (NYK Line) (Nippon Yusen Kaisha),Japan,—,—,Stamco Ship Management Company Limited,Greece,—,—,—,—,9441556,311040700,14506,19453,7S60MC-C
vehicle carrier,759858,Glovis Caravel,Live,Bahamas,19972,2012,50'+ gt,20434,Single,C6ZE7,58767,8042,HD Hyundai Mipo Company Limited,Ulsan,199.99,191.00,32.29,32.26,35.00,10.02,24.98,HD Hyundai Heavy Industries Company Limited,B&W Diesel A/S,Ray Car Carriers Limited,Isle of Man,Nassau,—,Ray Shipping Limited,Israel,Ray Car Carriers Limited,Isle of Man,Caravel Maritime Limited,Isle of Man,Stamco Ship Management Company Limited,Greece,Hyundai Glovis Company Limited,Republic of Korea,—,—,Stamco Ship Management Company Limited,Greece,—,—,—,—,9441594,311054300,11387,15270,7S60MC-C
vehicle carrier,759859,RCC Classic,Live,Bahamas,19972,2013,50'+ gt,21000,Single,C6ZY7,58767,8043,HD Hyundai Mipo Company Limited,Ulsan,199.99,191.00,32.29,32.26,35.90,10.02,25.88,HD Hyundai Heavy Industries Company Limited,B&W Diesel A/S,Ray Car Carriers Limited,Isle of Man,Nassau,—,Ray Shipping Limited,Israel,Ray Car Carriers Limited,Isle of Man,Classic Ray Limited,Isle of Man,Stamco Ship Management Company Limited,Greece,—,—,—,—,Stamco Ship Management Company Limited,Greece,—,—,—,—,9441609,311072300,14506,19453,7S60MC-C
vehicle carrier,759861,RCC Compass,Live,Bahamas,19972,2013,50'+ gt,21000,Single,C6ZY8,58767,8044,HD Hyundai Mipo Company Limited,Ulsan,199.99,191.00,32.29,32.26,35.00,10.02,24.98,HD Hyundai Heavy Industries Company Limited,B&W Diesel A/S,Ray Car Carriers Limited,Isle of Man,Nassau,—,Ray Shipping Limited,Israel,Ray Car Carriers Limited,Isle of Man,Compass Ray Limited,Isle of Man,Stamco Ship Management Company Limited,Greece,—,—,—,—,Stamco Ship Management Company Limited,Greece,—,—,—,—,9441611,311072400,14506,19453,7S60ME-C
vehicle carrier,759869,RCC Antwerp,Live,Bahamas,19972,2013,50'+ gt,21000,Single,C6AO2,58767,8045,HD Hyundai Mipo Company Limited,Ulsan,199.96,191.00,32.26,32.26,35.00,10.02,24.98,HD Hyundai Heavy Industries Company Limited,B&W Diesel A/S,Ray Car Carriers Limited,Isle of Man,Nassau,—,Ray Shipping Limited,Israel,Ray Car Carriers Limited,Isle of Man,Antwerp Maritime Limited,Isle of Man,Stamco Ship Management Company Limited,Greece,—,—,—,—,Stamco Ship Management Company Limited,Greece,—,—,—,—,9441623,311000101,14506,19453,7S60MC-C
vehicle carrier,759890,RCC Passion,Live,Bahamas,11050,2011,30'-50'gt,11174,Single,C6YX3,38000,8070,HD Hyundai Mipo Company Limited,Ulsan,168.06,158.00,28.00,28.00,30.65,8.70,21.95,HD Hyundai Heavy Industries Company Limited,B&W Diesel A/S,Ray Car Carriers Limited,Isle of Man,Nassau,—,Ray Shipping Limited,Israel,Ray Car Carriers Limited,Isle of Man,Passion Ray Limited,Bahamas,Stamco Ship Management Company Limited,Greece,Neptune Lines Shipping & Managing Enterprises S.A.,Greece,—,—,Stamco Ship Management Company Limited,Greece,—,—,—,—,9453107,311048200,13560,15670,6S60MC-C
vehicle carrier,759893,RCC Prestige,Live,Bahamas,11050,2011,30'-50'gt,11196,Single,C6YX4,36834,8071,HD Hyundai Mipo Company Limited,Ulsan,168.06,158.00,28.01,28.00,20.21,8.70,11.51,HD Hyundai Heavy Industries Company Limited,B&W Diesel A/S,Ray Car Carriers Limited,Isle of Man,Nassau,—,Ray Shipping Limited,Israel,Ray Car Carriers Limited,Isle of Man,Prestige Ray Limited,Bahamas,Stamco Ship Management Company Limited,Greece,Neptune Lines Shipping & Managing Enterprises S.A.,Greece,—,—,Stamco Ship Management Company Limited,Greece,—,—,—,—,9455715,311048300,11387,15270,7S50MC-C
vehicle carrier,760104,Malaysia Brave,Live,Malaysia,13143,2008,30'-50'gt,15154,Single,9WTO5,43810,1130,Mitsubishi Heavy Industries Limited Shipbuilding,Shimonoseki,180.00,171.70,30.00,30.00,20.13,9.22,10.91,Mitsubishi Heavy Industries Limited Shipbuilding,Mitsubishi Heavy Industries Limited,Eastern Car Liner Company Limited,Japan,Kuching,—,Eastern Car Liner Company Limited,Japan,Eastern Car Liner Company Limited,Japan,Regional Car Liner Seridian Berhad,Malaysia,ECL Shipmanagement Company Limited,Japan,—,—,—,—,ECL Shipmanagement Company Limited,Japan,—,—,—,—,9446477,533170514,11560,13752,8UEC50LSII
vehicle carrier,760105,Malaysia Passion,Live,Malaysia,13143,2009,30'-50'gt,15011,Single,9WUQ7,43810,1131,Mitsubishi Heavy Industries Limited Shipbuilding,Shimonoseki,180.00,171.70,—,30.00,20.13,9.22,10.91,Mitsubishi Heavy Industries Limited Shipbuilding,Mitsubishi Heavy Industries Limited,Eastern Car Liner Company Limited,Japan,Kuching,—,Eastern Car Liner Company Limited,Japan,Eastern Car Liner Company Limited,Japan,Poseidon Autoliners Sendirian Berhad,Malaysia,ECL Shipmanagement Company Limited,Japan,—,—,—,—,ECL Shipmanagement Company Limited,Japan,—,—,—,—,9446489,533170658,11560,13752,8UEC50LSII
vehicle carrier,76016,Pacific Highway,Dead,Japan,7321,1977,-30'gt,11277,Single,—,13533,—,—,Japan,192.00,—,24.20,—,9.80,8.00,1.80,—,Unknown Engine Designer,—,—,—,—,—,—,—,—,—,—,—,—,—,—,—,—,—,—,—,—,—,—,7509847,—,13423,18000,UNKNOWN
vehicle carrier,762302,Florida Highway,Live,Panama,19244,2008,50'+ gt,18930,Single,3EPT6,59493,1471,Imabari Shipbuilding Company Limited (Marugame),Marugame,199.97,192.00,—,32.26,21.31,10.02,4.68,Kobe Diesel Company Limited,Mitsubishi Heavy Industries Limited,Shoei Kisen KK (Shoei Kisen Kaisha Limited),Japan,Panama,—,Imabari Shipbuilding Company Limited,Japan,Shoei Kisen KK (Shoei Kisen Kaisha Limited),Japan,Pedregal Maritime S.A.,Panama,Shoei Kisen KK (Shoei Kisen Kaisha Limited),Japan,—,—,—,—,Shoei Kisen KK (Shoei Kisen Kaisha Limited),Japan,—,—,—,—,9442861,372805000,13260,18028,8UEC60LSII
vehicle carrier,762304,Columbia Highway,Live,Panama,19244,2008,50'+ gt,18930,Single,3EQO8,59493,1472,Imabari Shipbuilding Company Limited (Marugame),Marugame,199.97,—,—,32.26,21.31,10.02,24.45,Kobe Diesel Company Limited,Mitsubishi Heavy Industries Limited,Shoei Kisen KK (Shoei Kisen Kaisha Limited),Japan,Panama,—,Imabari Shipbuilding Company Limited,Japan,Shoei Kisen KK (Shoei Kisen Kaisha Limited),Japan,Olive Investment Corporation S.A.,Panama,Wallem Shipmanagement Limited (WSM),"Hong Kong, S.A.R., China",—,—,—,—,Wallem Shipmanagement Limited (WSM),"Hong Kong, S.A.R., China",—,—,—,—,9442873,371172000,13260,18028,8UEC60LSII
vehicle carrier,762305,Adriatic Highway,Live,Japan,19103,2008,50'+ gt,18868,Single,7JDP,58990,1473,Imabari Shipbuilding Company Limited (Marugame),Marugame,199.97,192.00,—,32.26,21.31,10.02,13.69,Kobe Diesel Company Limited,Mitsubishi Heavy Industries Limited,Kawasaki Kisen Kaisha Limited (Kawasaki Kisen KK) ('K' Line),Japan,Kobe,—,Kawasaki Kisen Kaisha Limited (Kawasaki Kisen KK) ('K' Line),Japan,Kawasaki Kisen Kaisha Limited (Kawasaki Kisen KK) ('K' Line),Japan,Kawasaki Kisen Kaisha Limited (Kawasaki Kisen KK) ('K' Line),Japan,'K' Line RoRo Bulk Ship Management Company Limited,Japan,—,—,—,—,'K' Line RoRo Bulk Ship Management Company Limited,Japan,—,—,—,—,9442885,432665000,13260,18028,8UEC60LSII
vehicle carrier,762307,Aegean Highway,Live,Japan,19090,2008,50'+ gt,18867,Single,7JDT,58989,1474,Imabari Shipbuilding Company Limited (Marugame),Marugame,199.97,190.00,—,32.26,21.31,10.02,13.69,Kobe Diesel Company Limited,Mitsubishi Heavy Industries Limited,Kawasaki Kisen Kaisha Limited (Kawasaki Kisen KK) ('K' Line),Japan,Kobe,—,Kawasaki Kisen Kaisha Limited (Kawasaki Kisen KK) ('K' Line),Japan,Kawasaki Kisen Kaisha Limited (Kawasaki Kisen KK) ('K' Line),Japan,Kawasaki Kisen Kaisha Limited (Kawasaki Kisen KK) ('K' Line),Japan,'K' Line RoRo Bulk Ship Management Company Limited,Japan,—,—,—,—,'K' Line RoRo Bulk Ship Management Company Limited,Japan,—,—,—,—,9464388,432666000,13260,19251,8UEC60LS
vehicle carrier,762318,Cronus Leader,Live,Japan,18718,2008,50'+ gt,20096,Single,7KPM,62394,1481,Imabari Shipbuilding Company Limited (Marugame),Marugame,199.94,190.00,—,32.26,24.32,10.02,24.78,Kobe Diesel Company Limited,Mitsubishi Heavy Industries Limited,Toko Unyu Company Limited (Toko Unyu K.K.),Japan,—,—,Toko Unyu Company Limited (Toko Unyu K.K.),Japan,Toko Unyu Company Limited (Toko Unyu K.K.),Japan,Toko Unyu Company Limited (Toko Unyu K.K.),Japan,Wallem Shipmanagement Limited (WSM),"Hong Kong, S.A.R., China",Nippon Yusen Kabushiki Kaisha (NYK Line) (Nippon Yusen Kaisha),Japan,—,—,Wallem Shipmanagement Limited (WSM),"Hong Kong, S.A.R., China",—,—,—,—,9464455,431189000,15540,19251,8UEC60LS
vehicle carrier,762337,Athens Highway,Live,Japan,19095,2008,50'+ gt,18809,Single,7JPL,58994,1505,Imabari Shipbuilding Company Limited (Marugame),Marugame,199.97,190.00,—,32.26,21.31,10.02,13.69,Kobe Diesel Company Limited,Mitsubishi Heavy Industries Limited,'K' Line RoRo Bulk Ship Management Company Limited,Japan,Kobe,—,Kawasaki Kisen Kaisha Limited (Kawasaki Kisen KK) ('K' Line),Japan,'K' Line RoRo Bulk Ship Management Company Limited,Japan,ISC1505 Shipping S.A.,Panama,'K' Line RoRo Bulk Ship Management Company Limited,Japan,—,—,—,—,'K' Line RoRo Bulk Ship Management Company Limited,Japan,—,—,—,—,9443073,432930000,13260,18028,8UEC60LSII
vehicle carrier,76341,Morning Bright,Dead,Panama,3544,1977,-30'gt,5949,Single,—,8264,1036,Miho Shipbuilding Company Limited,Shimizu,121.00,110.00,19.82,19.82,11.00,9.10,1.90,NKK Corporation,Semt Pielstick SA,Cido (Korea),—,Panama,—,—,—,—,—,—,—,—,—,—,—,—,—,—,—,—,—,—,—,7513989,—,6983,9364,16PC2-5V-400
vehicle carrier,76717,Coral Ace,Dead,Panama,4613,1976,-30'gt,8570,Single,—,7588,—,—,Japan,169.00,—,25.60,—,10.00,7.20,2.80,—,Unknown Engine Designer,—,—,Panama,—,—,—,—,—,—,—,—,—,—,—,—,—,—,—,—,—,—,—,7603071,—,8814,11820,UNKNOWN
vehicle carrier,77210,United Spirit,Dead,Panama,3361,1976,-30'gt,8756,Single,—,6150,—,—,Japan,174.00,—,25.40,—,8.10,7.20,0.90,—,Unknown Engine Designer,—,—,Panama,—,—,—,—,—,—,—,—,—,—,—,—,—,—,—,—,—,—,—,7603150,—,9247,12400,UNKNOWN
vehicle carrier,77652,Pacific Runner,Dead,Marshall Islands,11841,1977,30'-50'gt,17830,Single,—,38754,1035,Imabari Shipbuilding Company Limited (Marugame),Marugame,199.40,186.01,30.03,30.00,27.89,9.33,18.56,Mitsubishi Heavy Industries Limited,Sulzer Turbomachinery Services,Bangladesh Breakers,—,Majuro,—,—,—,—,—,—,—,—,—,—,—,—,—,—,—,—,—,—,—,7620859,—,11687,23450,7RND90M
vehicle carrier,77775,Morning Breeze,Dead,Panama,17535,1977,-30'gt,8545,Single,—,24278,1799,Mitsubishi Heavy Industries Limited Shipbuilding,Nagasaki,169.00,160.00,25.60,25.60,10.01,7.22,2.79,Mitsubishi Heavy Industries Limited,MAN Energy Solutions SE,Chinese Breakers,—,Panama,—,—,—,—,—,—,—,—,—,—,—,—,—,—,—,—,—,—,—,7608382,—,8826,10331,12V52/55A
vehicle carrier,7796998,Iris Ace,Live,Panama,13113,2011,30'-50'gt,14349,Single,3E5008,43709,5527,Shin Kurushima Dockyard Company Limited,Onishi,187.53,181.03,—,28.20,19.10,8.72,20.71,Mitsui Engineering & Shipbuilding Company Limited,B&W Diesel A/S,Mitsui O.S.K. Lines Limited (MOL),Japan,Panama,—,Mitsui O.S.K. Lines Limited (MOL),Japan,Mitsui O.S.K. Lines Limited (MOL),Japan,Luge Maritime Incorporated,Marshall Islands,Fleet Ship Management Private Limited,Republic of Singapore,—,—,—,—,Fleet Ship Management Private Limited,Republic of Singapore,—,—,—,—,9515474,352002694,12640,16950,8S50MC
vehicle carrier,7801443,Morning Celine,Live,South Korea,18240,2009,50'+ gt,22415,Single,D7KX,60931,S-1499,Imabari Shipbuilding Company Limited (Marugame),Marugame,199.94,190.00,—,32.26,15.00,10.02,4.98,Kobe Hatsudoki,Mitsubishi Heavy Industries Limited,EUKOR Car Carriers Incorporated,Republic of Korea,Jeju,—,Wilh. Wilhelmsen Holding ASA (Wilship),Norway,EUKOR Car Carriers Incorporated,Republic of Korea,EUKOR Car Carriers Incorporated,Republic of Korea,Wilhelmsen Ship Management Korea Limited,Republic of Korea,—,—,—,—,Wilhelmsen Ship Management Korea Limited,Republic of Korea,—,—,—,—,9519133,440694000,15540,22243,8UEC60LSII
vehicle carrier,7802248,Morning Cornelia,Live,South Korea,18263,2010,50'+ gt,22530,Single,D7LM,61002,S-1500,Imabari Shipbuilding Company Limited (Marugame),Marugame,199.94,190.00,—,32.26,24.32,10.02,13.15,—,Mitsubishi Heavy Industries Limited,EUKOR Car Carriers Incorporated,Republic of Korea,—,—,Wilh. Wilhelmsen Holding ASA (Wilship),Norway,EUKOR Car Carriers Incorporated,Republic of Korea,EUKOR Car Carriers Incorporated,Republic of Korea,Wilhelmsen Ship Management Korea Limited,Republic of Korea,—,—,—,—,Wilhelmsen Ship Management Korea Limited,Republic of Korea,—,—,—,—,9519145,440797000,15540,22243,8UEC60LSII
vehicle carrier,7802510,Since,Dead,Palau,19152,2009,50'+ gt,19265,Single,—,59408,1501,Imabari Shipbuilding Company Limited (Marugame),Marugame,199.97,190.00,—,32.26,21.31,10.02,13.69,Kobe Diesel Company Limited,Mitsubishi Heavy Industries Limited,Falcon United Limite,—,Malakal Harbor,—,—,—,—,—,—,—,—,—,—,—,—,—,—,—,—,—,—,—,9519092,—,15100,22243,8UEC60LSII
vehicle carrier,7802645,Bosporus Highway,Live,Panama,19244,2009,50'+ gt,18792,Single,3EXG9,59440,1502,Imabari Shipbuilding Company Limited (Marugame),Marugame,199.97,190.00,—,32.26,21.31,10.02,13.69,Kobe Hatsudoki,Mitsubishi Heavy Industries Limited,Kawasaki Kisen Kaisha Limited (Kawasaki Kisen KK) ('K' Line),Japan,Panama,—,Kawasaki Kisen Kaisha Limited (Kawasaki Kisen KK) ('K' Line),Japan,Kawasaki Kisen Kaisha Limited (Kawasaki Kisen KK) ('K' Line),Japan,9107 Strait Line SA,Panama,'K' Line RoRo Bulk Ship Management Company Limited,Japan,—,—,—,—,'K' Line RoRo Bulk Ship Management Company Limited,Japan,—,—,—,—,9519107,372981000,13260,22243,8UEC60LSII
vehicle carrier,7802646,Brasilia Highway,Live,Panama,19244,2009,50'+ gt,18793,Single,3FON6,59440,1503,Imabari Shipbuilding Company Limited (Marugame),Marugame,199.97,192.00,—,32.26,21.31,10.02,11.29,Kobe Diesel Company Limited,Mitsubishi Heavy Industries Limited,Escobal Japan Limited,Japan,Panama,—,Kawasaki Kisen Kaisha Limited (Kawasaki Kisen KK) ('K' Line),Japan,Escobal Japan Limited,Japan,Muse 2 Marine S.A.,Panama,'K' Line RoRo Bulk Ship Management Company Limited,Japan,—,—,—,—,'K' Line RoRo Bulk Ship Management Company Limited,Japan,—,—,—,—,9519119,356073000,13260,22243,8UEC60LSII
vehicle carrier,7804664,Gemini Leader,Live,Panama,18263,2009,50'+ gt,22723,Single,3FFC7,60876,1504,Imabari Shipbuilding Company Limited (Marugame),Marugame,199.94,190.00,—,32.26,24.32,10.02,4.98,Kobe Diesel Company Limited,Mitsubishi Heavy Industries Limited,Sumitomo Corporation (Sumitomo Shoji KK),Japan,Panama,—,Sumitomo Corporation (Sumitomo Shoji KK),Japan,Sumitomo Corporation (Sumitomo Shoji KK),Japan,Triton Navigation B.V.,Netherlands,Wilhelmsen Ship Management Sendirian Berhad,Malaysia,—,—,—,—,Wilhelmsen Ship Management Sendirian Berhad,Malaysia,—,—,—,—,9519121,371862000,15540,22243,8UEC60LSII
vehicle carrier,7804665,Noble Ace,Live,U.K.,19125,2011,50'+ gt,18946,Single,2ELO7,59515,1532,Imabari Shipbuilding Company Limited (Marugame),Marugame,199.97,192.00,—,32.26,21.31,10.02,24.78,Kobe Diesel Company Limited,Mitsubishi Heavy Industries Limited,Zodiac Maritime Limited,United Kingdom,London,—,Zodiac Group Monaco SAM,Monaco,Zodiac Maritime Limited,United Kingdom,Ben Nevis Shipping Incorporated,British Virgin Islands,Zodiac Maritime Limited,United Kingdom,—,—,—,—,Zodiac Maritime Limited,United Kingdom,—,—,—,—,9493365,235086166,13260,18906,8UEC60LSII
vehicle carrier,7868772,Bess,Live,Panama,17625,2010,50'+ gt,18013,Single,3FHH5,58750,3635,Shin Kurushima Toyohashi Shipbuilding Company Limited,Toyohashi,199.98,192.00,—,32.26,25.28,9.63,26.17,—,B&W Diesel A/S,K.K. Hakuyo Kaiun,Japan,Panama,—,K.K. Hakuyo Kaiun,Japan,K.K. Hakuyo Kaiun,Japan,Lucia Navigation (Panama) S.A.,Panama,Excel Marine Company Limited,Japan,Wallenius Wilhelmsen Ocean Holding AS,Norway,—,—,Excel Marine Company Limited,Japan,—,—,—,—,9531715,372995000,14280,16503,7S60MC6
vehicle carrier,7868867,Atlas Leader,Live,Japan,18925,2010,50'+ gt,21323,Single,7JHL,63085,3636,Shin Kurushima Toyohashi Shipbuilding Company Limited,Toyohashi,199.94,190.00,—,32.26,24.12,10.33,24.47,Kobe Hatsudoki,Mitsubishi Heavy Industries Limited,Nippon Yusen Kabushiki Kaisha (NYK Line) (Nippon Yusen Kaisha),Japan,Tokyo,—,Nippon Yusen Kabushiki Kaisha (NYK Line) (Nippon Yusen Kaisha),Japan,Nippon Yusen Kabushiki Kaisha (NYK Line) (Nippon Yusen Kaisha),Japan,Kialoa Leasing Company Limited & FI Kiwi Leasing Company Limited,Japan,NYK Shipmanagement Private Limited,Republic of Singapore,—,—,—,—,NYK Shipmanagement Private Limited,Republic of Singapore,—,—,—,—,9531739,432783000,15540,18907,8UEC60LSII
vehicle carrier,7868868,Asteria Leader,Live,Japan,18925,2010,50'+ gt,21349,Single,7KIE,63084,3637,Shin Kurushima Toyohashi Shipbuilding Company Limited,Toyohashi,199.94,190.00,—,32.26,24.12,10.33,24.47,Kobe Hatsudoki,Mitsubishi Heavy Industries Limited,Hakuyo Shipping Company Limited,Japan,Fukuoka,—,Hakuyo Shipping Company Limited,Japan,Hakuyo Shipping Company Limited,Japan,Hakuyo Shipping Company Limited,Japan,Excel Marine Company Limited,Japan,—,—,—,—,Excel Marine Company Limited,Japan,Unknown,Unknown,Unknown Scrubber Manufacturer,Retrofit,9531741,431024000,15540,18907,8UEC60LSII
vehicle carrier,7868869,Hercules Leader,Live,Japan,18924,2011,50'+ gt,21385,Single,7JIF,63083,3638,Shin Kurushima Toyohashi Shipbuilding Company Limited,Toyohashi,199.94,190.00,—,32.26,24.12,10.33,24.47,Kobe Hatsudoki,Mitsubishi Heavy Industries Limited,Nippon Yusen Kabushiki Kaisha (NYK Line) (Nippon Yusen Kaisha),Japan,Tokyo,—,Nippon Yusen Kabushiki Kaisha (NYK Line) (Nippon Yusen Kaisha),Japan,Nippon Yusen Kabushiki Kaisha (NYK Line) (Nippon Yusen Kaisha),Japan,Nippon Yusen Kabushiki Kaisha (NYK Line) (Nippon Yusen Kaisha),Japan,NYK Shipmanagement Private Limited,Republic of Singapore,—,—,—,—,NYK Shipmanagement Private Limited,Republic of Singapore,—,—,—,—,9531753,432803000,15540,18907,8UEC60LSII
vehicle carrier,8506290,Bangkok Highway,Live,Japan,14680,2009,30'-50'gt,15306,Single,7KBG,48936,53,Nantong COSCO KHI Ship Engineering Company Limited (NACKS),Nantong,179.99,167.00,—,32.20,21.42,9.42,22.68,Kawasaki Heavy Industries Limited Shipbuilding Division,B&W Diesel A/S,Kawasaki Kisen Kaisha Limited (Kawasaki Kisen KK) ('K' Line),Japan,Kobe,—,Kawasaki Kisen Kaisha Limited (Kawasaki Kisen KK) ('K' Line),Japan,Kawasaki Kisen Kaisha Limited (Kawasaki Kisen KK) ('K' Line),Japan,Kawasaki Kisen Kaisha Limited (Kawasaki Kisen KK) ('K' Line),Japan,'K' Line RoRo Bulk Ship Management Company Limited,Japan,'K' Line RoRo Bulk Ship Management Company Limited,Japan,—,—,'K' Line RoRo Bulk Ship Management Company Limited,Japan,—,—,—,—,9506710,431546000,12500,18283,7S60ME-C
vehicle carrier,8506291,Baltimore Highway,Live,Panama,14679,2009,30'-50'gt,15341,Single,3FWK5,48927,54,Nantong COSCO KHI Ship Engineering Company Limited (NACKS),Nantong,179.99,167.00,—,32.20,21.42,9.42,22.79,Kawasaki Heavy Industries Limited Shipbuilding Division,B&W Diesel A/S,K Line Energy Ship Management Company Limited,Japan,Panama,—,Kawasaki Kisen Kaisha Limited (Kawasaki Kisen KK) ('K' Line),Japan,K Line Energy Ship Management Company Limited,Japan,KAW 1602 Shipping SA,Panama,'K' Line RoRo Bulk Ship Management Company Limited,Japan,—,—,—,—,'K' Line RoRo Bulk Ship Management Company Limited,Japan,—,—,—,—,9510149,352517000,12500,18283,7S60ME-C
vehicle carrier,8506293,Blue Ridge Highway,Live,Panama,14679,2009,30'-50'gt,15290,Single,3FEY4,48927,55,Nantong COSCO KHI Ship Engineering Company Limited (NACKS),Nantong,179.99,167.00,—,32.20,21.42,9.42,5.56,Kawasaki Heavy Industries Limited Shipbuilding Division,B&W Diesel A/S,'K' Line RoRo Bulk Ship Management Company Limited,Japan,Panama,—,Kawasaki Kisen Kaisha Limited (Kawasaki Kisen KK) ('K' Line),Japan,'K' Line RoRo Bulk Ship Management Company Limited,Japan,KAW1603 Shipping SA,Panama,'K' Line RoRo Bulk Ship Management Company Limited,Japan,—,—,—,—,'K' Line RoRo Bulk Ship Management Company Limited,Japan,—,—,—,—,9510151,355558000,12500,18283,7S60ME-C
vehicle carrier,8847430,Chang Da Long,Live,China,6677,2012,-30'gt,5837,Single,BUDH,19684,070437,Jinling Shipyard,Nanjing,140.50,129.60,24.40,24.00,12.85,6.00,6.85,Yichang Marine Diesel Engine Plant,B&W Diesel A/S,China Merchants Guangzhou RoRo Shipping Company Limited (CMRORO),People's Republic of China,Shenzhen,—,China Merchants Group Limited,"Hong Kong, S.A.R., China",China Merchants Guangzhou RoRo Shipping Company Limited (CMRORO),People's Republic of China,Shenzhen China Merchants RORO Transportation Company Limited,People's Republic of China,Shenzhen China Merchants RORO Transportation Company Limited,People's Republic of China,—,—,—,—,Shenzhen China Merchants RORO Transportation Company Limited,People's Republic of China,—,—,—,—,9471197,413473010,6480,8690,6S42MC
vehicle carrier,8987470,Spica Leader,Live,Liberia,12566,2012,30'-50'gt,14378,Single,D5YH9,41886,5673,Shin Kurushima Dockyard Company Limited,Onishi,190.03,182.00,—,28.20,20.76,9.33,20.10,Kobe Diesel Company Limited,Mitsubishi Heavy Industries Limited,Nippon Yusen Kabushiki Kaisha (NYK Line) (Nippon Yusen Kaisha),Japan,Monrovia,—,Nippon Yusen Kabushiki Kaisha (NYK Line) (Nippon Yusen Kaisha),Japan,Nippon Yusen Kabushiki Kaisha (NYK Line) (Nippon Yusen Kaisha),Japan,Spica Shipholding Private Limited,Republic of Singapore,Wallem Shipmanagement Limited (WSM),"Hong Kong, S.A.R., China",—,—,—,—,Wallem Shipmanagement Limited (WSM),"Hong Kong, S.A.R., China",—,—,—,—,9536909,636020245,11335,13359,8UEC50LSII
vehicle carrier,8987647,Gaia Leader,Live,Japan,18852,2011,50'+ gt,21286,Double Hull,7KJK,62694,5653,Shin Kurushima Dockyard Company Limited,Onishi,199.94,190.00,—,32.26,24.12,10.33,8.37,Kobe Diesel Company Limited,Unknown Engine Designer,Mitsubishi Ore Transport Company Limited (Mitsubishi Koseki Yuso KK),Japan,Tokyo,—,Mitsubishi Group of Companies,Japan,Mitsubishi Ore Transport Company Limited (Mitsubishi Koseki Yuso KK),Japan,Mitsubishi Ore Transport Company Limited (Mitsubishi Koseki Yuso KK),Japan,Mitsubishi Ore Transport Company Limited (Mitsubishi Koseki Yuso KK),Japan,NYK RORO Shipping,Japan,—,—,Mitsubishi Ore Transport Company Limited (Mitsubishi Koseki Yuso KK),Japan,—,—,—,—,9536818,431637000,15540,20839,7UEC60LSII
vehicle carrier,8997035,City of St. Petersburg,Live,Panama,6342,2010,-30'gt,5000,Single,3FIM5,21143,493,Kyokuyo Shipyard Corporation (KSC),Shimonoseki,139.99,131.00,—,22.40,24.45,6.50,17.95,Hitachi Zosen Corporation,B&W Diesel A/S,Nippon Yusen Kabushiki Kaisha (NYK Line) (Nippon Yusen Kaisha),Japan,Panama,—,Nippon Yusen Kabushiki Kaisha (NYK Line) (Nippon Yusen Kaisha),Japan,Nippon Yusen Kabushiki Kaisha (NYK Line) (Nippon Yusen Kaisha),Japan,Glorious River Line S.A.,Panama,Fairmont Shipping (H.K.) Limited,"Hong Kong, S.A.R., China",—,—,—,—,Fairmont Shipping (H.K.) Limited,"Hong Kong, S.A.R., China",—,—,—,—,9473456,353083000,6965,9463,7L42MC-MK6
vehicle carrier,8997036,City of Rotterdam,Live,Panama,6342,2011,-30'gt,5000,Single,3FUA7,21143,495,Kyokuyo Shipyard Corporation (KSC),Shimonoseki,139.99,131.00,—,22.40,24.45,6.50,17.95,Hitachi Shipbuilding Corporation (Innoshima),B&W Diesel A/S,Nippon Yusen Kabushiki Kaisha (NYK Line) (Nippon Yusen Kaisha),Japan,Panama,—,Nippon Yusen Kabushiki Kaisha (NYK Line) (Nippon Yusen Kaisha),Japan,Nippon Yusen Kabushiki Kaisha (NYK Line) (Nippon Yusen Kaisha),Japan,Glorious River Line S.A.,Panama,Fairmont Shipping (H.K.) Limited,"Hong Kong, S.A.R., China",—,—,—,—,Fairmont Shipping (H.K.) Limited,"Hong Kong, S.A.R., China",—,—,—,—,9473468,372002000,6965,9463,7L42MC-MK6
vehicle carrier,9099496,Asturias,Live,Portugal,13317,2010,30'-50'gt,12470,Single,CQ2228,39362,MD028-33000PCTC-01,Nantong Mingde Heavy Industry Company Limited (SEE NOW AS NANTONG XIANGYU),Nantong,167.25,158.64,28.03,28.00,30.09,8.60,21.49,HD Hyundai Heavy Industries Company Limited,B&W Diesel A/S,Enbarr Maritime Designated Activity Company,Republic of Ireland,—,—,Killiney Maritime Designated Activity Company,Republic of Ireland,Enbarr Maritime Designated Activity Company,Republic of Ireland,Eoghan Maritime 2001 DAC,Republic of Ireland,OSM Ship Management Private Limited,Republic of Singapore,Flota Suardiaz S.L.,Spain,—,—,OSM Ship Management Private Limited,Republic of Singapore,—,—,—,—,9481049,255915770,11060,12782,7S50ME-C
vehicle carrier,9099498,Viking Coral,Live,Marshall Islands,13317,2011,30'-50'gt,10600,Single,V7A5089,39362,MD029-33000PCTC-02,Nantong Mingde Heavy Industry Company Limited (SEE NOW AS NANTONG XIANGYU),Nantong,167.23,158.64,28.03,28.03,30.09,8.62,21.47,HD Hyundai Heavy Industries Company Limited,B&W Diesel A/S,Gram Car Carriers AS,Norway,Majuro,—,Mediterranean Shipping Company S.A. (MSC),Switzerland,Gram Car Carriers AS,Norway,Gram Car Carriers Shipowning AS,Norway,OSM Ship Management Private Limited,Republic of Singapore,—,—,—,—,OSM Ship Management Private Limited,Republic of Singapore,—,—,—,—,9481051,538009726,9401,12782,7S50ME-C
vehicle carrier,9099899,Viking Diamond,Live,Marshall Islands,13317,2011,30'-50'gt,10600,Single,V7A5092,39362,MD031-33000PCTC-04,Nantong Mingde Heavy Industry Company Limited (SEE NOW AS NANTONG XIANGYU),Nantong,167.24,158.64,28.01,28.00,13.74,8.62,5.12,HD Hyundai Heavy Industries Company Limited,B&W Diesel A/S,Gram Car Carriers AS,Norway,Majuro,—,Mediterranean Shipping Company S.A. (MSC),Switzerland,Gram Car Carriers AS,Norway,Gram Car Carriers Shipowning AS,Norway,OSM Ship Management Private Limited,Republic of Singapore,F. Laeisz GmbH,Germany,—,—,OSM Ship Management Private Limited,Republic of Singapore,—,—,—,—,9481075,538009729,11060,12782,7S50ME-C
vehicle carrier,9185620,Antares Leader,Live,Japan,18474,2011,50'+ gt,18646,Single,7KLJ,60284,1291,Mitsubishi Heavy Industries Limited Shipbuilding,Kobe,199.99,192.00,—,32.26,21.25,9.73,24.79,Mitsubishi Heavy Industries Limited Shipbuilding,Mitsubishi Heavy Industries Limited,Meiji Shipping Company Limited,Japan,Tokyo,—,Meiji Shipping Group,Japan,Meiji Shipping Company Limited,Japan,Esteem Maritime Japan Company Limited & Esteem Maritime SA,Japan,MMS Company Limited,Japan,—,—,—,—,MMS Company Limited,Japan,—,—,—,—,9539169,431761000,14315,16542,7UEC60LSII
vehicle carrier,9185621,Altair Leader,Live,Japan,18474,2011,50'+ gt,18688,Single,7JJJ,60295,1292,Mitsubishi Heavy Industries Limited Shipbuilding,Kobe,199.99,192.00,—,32.26,21.25,9.73,24.79,Mitsubishi Heavy Industries Limited Shipbuilding,Mitsubishi Heavy Industries Limited,Nippon Yusen Kabushiki Kaisha (NYK Line) (Nippon Yusen Kaisha),Japan,Tokyo,—,Nippon Yusen Kabushiki Kaisha (NYK Line) (Nippon Yusen Kaisha),Japan,Nippon Yusen Kabushiki Kaisha (NYK Line) (Nippon Yusen Kaisha),Japan,Nippon Yusen Kabushiki Kaisha (NYK Line) (Nippon Yusen Kaisha),Japan,NYK Shipmanagement Private Limited,Republic of Singapore,—,—,—,—,NYK Shipmanagement Private Limited,Republic of Singapore,—,—,—,—,9539171,432817000,14315,16542,7UEC60LSII
vehicle carrier,9185622,Opal Ace,Live,Cayman Islands,18430,2011,50'+ gt,18507,Single,ZGBY9,60131,1293,Mitsubishi Heavy Industries Limited Shipbuilding,Kobe,199.99,192.00,—,32.26,21.25,9.73,24.79,Mitsubishi Heavy Industries Limited Shipbuilding,Mitsubishi Heavy Industries Limited,MOL Auto Logistics (India) Private Limited,India,George Town,—,Mitsui O.S.K. Lines Limited (MOL),Japan,MOL Auto Logistics (India) Private Limited,India,Ivoryshell Marine SA,Panama,MOL Ship Management (Singapore) Private Limited,Republic of Singapore,MOL Auto Carrier Express (MOL ACE),Japan,—,—,MOL Ship Management (Singapore) Private Limited,Republic of Singapore,—,—,—,—,9539183,319058000,14315,16542,7UEC60LSII
vehicle carrier,9185624,Onyx Ace,Live,Liberia,18430,2012,50'+ gt,18529,Single,D5EJ8,60131,1294,Mitsubishi Heavy Industries Limited Shipbuilding,Kobe,199.99,192.00,—,32.26,21.25,9.73,24.79,Mitsubishi Heavy Industries Limited Shipbuilding,Mitsubishi Heavy Industries Limited,MOL Auto Logistics (India) Private Limited,India,Monrovia,—,Mitsui O.S.K. Lines Limited (MOL),Japan,MOL Auto Logistics (India) Private Limited,India,White Bear Maritime Limited,Marshall Islands,MOL Ship Management (Singapore) Private Limited,Republic of Singapore,MOL Auto Carrier Express (MOL ACE),Japan,—,—,MOL Ship Management (Singapore) Private Limited,Republic of Singapore,—,—,—,—,9539212,636016096,14315,16542,7UEC60LSII
vehicle carrier,9186110,Crystal Ace,Live,Marshall Islands,18430,2012,50'+ gt,18481,Single,V7YB2,60131,1295,Mitsubishi Heavy Industries Limited Shipbuilding,Kobe,199.99,192.00,—,32.26,21.25,9.73,24.79,Mitsubishi Heavy Industries Limited Shipbuilding,Mitsubishi Heavy Industries Limited,MOL Auto Logistics (India) Private Limited,India,Majuro,—,Mitsui O.S.K. Lines Limited (MOL),Japan,MOL Auto Logistics (India) Private Limited,India,White Bear Maritime Limited,Marshall Islands,MOL Ship Management (Singapore) Private Limited,Republic of Singapore,—,—,—,—,MOL Ship Management (Singapore) Private Limited,Republic of Singapore,—,—,—,—,9539224,538004619,14315,16542,7UEC60LSII
vehicle carrier,9186111,Emerald Ace,Live,Marshall Islands,18430,2012,50'+ gt,18334,Single,V7YO3,60154,1296,Mitsubishi Heavy Industries Limited Shipbuilding,Kobe,199.99,192.00,—,32.26,21.25,9.73,24.79,Mitsubishi Heavy Industries Limited Shipbuilding,Mitsubishi Heavy Industries Limited,MOL Auto Logistics (India) Private Limited,India,Majuro,—,Mitsui O.S.K. Lines Limited (MOL),Japan,MOL Auto Logistics (India) Private Limited,India,White Bear Maritime Limited,Marshall Islands,MOL Ship Management Company Limited (MOLSHIP),Japan,MOL Auto Carrier Express (MOL ACE),Japan,—,—,MOL Ship Management Company Limited (MOLSHIP),Japan,—,—,—,—,9539236,538004697,14315,16542,7UEC60LSII
vehicle carrier,9194597,Delhi Highway,Live,Panama,19880,2011,50'+ gt,18891,Single,3EVM6,58997,3641,Shin Kurushima Toyohashi Shipbuilding Company Limited,Toyohashi,199.91,196.00,—,32.26,20.95,10.08,25.72,Kawasaki Heavy Industries Limited Shipbuilding Division,B&W Diesel A/S,'K' Line RoRo Bulk Ship Management Company Limited,Japan,Panama,—,Kawasaki Kisen Kaisha Limited (Kawasaki Kisen KK) ('K' Line),Japan,'K' Line RoRo Bulk Ship Management Company Limited,Japan,Crux Line Shipping SA,Panama,'K' Line RoRo Bulk Ship Management Company Limited,Japan,—,—,—,—,'K' Line RoRo Bulk Ship Management Company Limited,Japan,—,—,—,—,9536959,355488000,12500,19415,7S60MC-C
vehicle carrier,9194598,Durban Highway,Live,Panama,19880,2011,50'+ gt,18906,Single,H9CR,58997,3642,Shin Kurushima Toyohashi Shipbuilding Company Limited,Toyohashi,199.91,192.00,—,32.26,20.95,10.08,25.72,Kawasaki Heavy Industries Limited Shipbuilding Division,B&W Diesel A/S,'K' Line RoRo Bulk Ship Management Company Limited,Japan,Panama,—,Kawasaki Kisen Kaisha Limited (Kawasaki Kisen KK) ('K' Line),Japan,'K' Line RoRo Bulk Ship Management Company Limited,Japan,SKD5636 Shipping S.A.,Panama,'K' Line RoRo Bulk Ship Management Company Limited,Japan,—,—,—,—,'K' Line RoRo Bulk Ship Management Company Limited,Japan,—,—,—,—,9536961,371885000,12500,16502,7S60MC
vehicle carrier,9349637,Malaysia Grace,Live,Malaysia,13143,2011,30'-50'gt,15154,Single,9WUX3,43810,1146,Mitsubishi Heavy Industries Limited Shipbuilding,Shimonoseki,180.00,171.70,—,30.00,20.13,9.22,21.72,Mitsubishi Heavy Industries Limited Shipbuilding,Mitsubishi Heavy Industries Limited,Eastern Car Liner Company Limited,Japan,Kuching,—,Eastern Car Liner Company Limited,Japan,Eastern Car Liner Company Limited,Japan,Regional Car Liner Seridian Berhad,Malaysia,ECL Shipmanagement Company Limited,Japan,Mitsui O.S.K. Lines Limited (MOL),Japan,—,—,ECL Shipmanagement Company Limited,Japan,—,—,—,—,9542283,533132164,11560,13359,8UEC50LSII
vehicle carrier,9349638,Positive Challenger,Live,Liberia,13143,2011,30'-50'gt,15154,Single,D5AG5,43810,1147,Mitsubishi Heavy Industries Limited Shipbuilding,Shimonoseki,180.00,171.70,30.00,30.00,20.13,9.22,21.72,Mitsubishi Heavy Industries Limited Shipbuilding,Mitsubishi Heavy Industries Limited,Eastern Car Liner Company Limited,Japan,Monrovia,—,Eastern Car Liner Company Limited,Japan,Eastern Car Liner Company Limited,Japan,Holy Tiger Navigation S.A.,Liberia,ECL Shipmanagement Company Limited,Japan,—,—,—,—,ECL Shipmanagement Company Limited,Japan,—,—,—,—,9542295,636015370,11560,13359,8UEC50LSII
vehicle carrier,9424057,Cattleya Ace,Live,Japan,18548,2011,50'+ gt,16384,Single,7KKG,60975,3643,Shin Kurushima Toyohashi Shipbuilding Company Limited,Toyohashi,199.99,192.00,—,32.26,21.22,9.73,26.07,Kobe Diesel Company Limited,B&W Diesel A/S,Mitsui O.S.K. Lines Limited (MOL),Japan,Tokyo,—,Mitsui O.S.K. Lines Limited (MOL),Japan,Mitsui O.S.K. Lines Limited (MOL),Japan,Mitsui O.S.K. Lines Limited (MOL),Japan,MOL Ship Management (Singapore) Private Limited,Republic of Singapore,—,—,—,—,MOL Ship Management (Singapore) Private Limited,Republic of Singapore,Unknown,Unknown,Unknown Scrubber Manufacturer,Retrofit,9544918,431573000,15090,20236,7S60MC
vehicle carrier,9424058,Carnation Ace,Live,Liberia,18548,2011,50'+ gt,16416,Single,D5CS7,60975,3645,Shin Kurushima Toyohashi Shipbuilding Company Limited,Toyohashi,199.99,192.00,—,32.26,21.22,9.73,26.07,Kobe Diesel Company Limited,B&W Diesel A/S,MOL Auto Logistics (India) Private Limited,India,Monrovia,—,Mitsui O.S.K. Lines Limited (MOL),Japan,MOL Auto Logistics (India) Private Limited,India,White Bear Maritime Limited,Marshall Islands,MOL Ship Management (Singapore) Private Limited,Republic of Singapore,—,—,—,—,MOL Ship Management (Singapore) Private Limited,Republic of Singapore,—,—,—,—,9544920,636015771,15090,20236,7S60MC
vehicle carrier,9574901,Chang Wang Long,Live,China,10755,2010,-30'gt,5512,Single,BUNX,19207,07-0404,Jinling Shipyard,Nanjing,140.50,129.60,—,24.40,10.42,6.00,4.43,MAN B&W Diesel Limited,B&W Diesel A/S,China Merchants Guangzhou RoRo Shipping Company Limited (CMRORO),People's Republic of China,Shenzhen,—,China Merchants Group Limited,"Hong Kong, S.A.R., China",China Merchants Guangzhou RoRo Shipping Company Limited (CMRORO),People's Republic of China,Shenzhen China Merchants RORO Transportation Company Limited,People's Republic of China,Shenzhen China Merchants RORO Transportation Company Limited,People's Republic of China,—,—,—,—,Shenzhen China Merchants RORO Transportation Company Limited,People's Republic of China,—,—,—,—,9556789,413301850,6480,8690,6S42MC
vehicle carrier,9580949,Chang Xiang Long,Live,China,8608,2009,-30'gt,5594,Single,BUTO,19370,JLZ070402,Jinling Shipyard,Nanjing,140.50,129.60,24.40,24.00,10.42,6.00,4.42,STX Engine Company Limited,B&W Diesel A/S,China Merchants Guangzhou RoRo Shipping Company Limited (CMRORO),People's Republic of China,Shenzhen,—,China Merchants Group Limited,"Hong Kong, S.A.R., China",China Merchants Guangzhou RoRo Shipping Company Limited (CMRORO),People's Republic of China,Shenzhen China Merchants RORO Transportation Company Limited,People's Republic of China,Shenzhen China Merchants RORO Transportation Company Limited,People's Republic of China,—,—,—,—,Shenzhen China Merchants RORO Transportation Company Limited,People's Republic of China,—,—,—,—,9442598,413233230,6480,7489,6S42MC
vehicle carrier,9583766,Pathfinder,Live,Panama,15576,2010,50'+ gt,17143,Single,H9DA,51917,SC140,Tsuneishi Heavy Industries (Cebu) Incorporated,Balamban,179.90,170.00,—,32.20,21.62,9.62,12.00,Mitsui Engineering & Shipbuilding Company Limited,B&W Diesel A/S,Carim Engineering Company Limited,Japan,Panama,—,Carim Engineering Company Limited,Japan,Carim Engineering Company Limited,Japan,Carim Ocean S.A.,Panama,Glowing Ship Management Services,Philippines,—,—,—,—,Glowing Ship Management Services,Philippines,—,—,—,—,9502427,357109000,14120,18283,7S60MC-C
vehicle carrier,9618036,USNS Seay,Live,U.S.A.,20809,2000,50'+ gt,34520,Single,NZIN,69365,2375,Northrop Grumman Newport News,Newport News,289.33,269.44,—,32.26,27.51,11.28,16.23,—,Semt Pielstick SA,Military Sealift Command,United States of America,—,—,Government of The United States of America,United States of America,Military Sealift Command,United States of America,Military Sealift Command,United States of America,Patriot Contract Services LLC,United States of America,Patriot Contract Services LLC,United States of America,—,—,Patriot Contract Services LLC,United States of America,—,—,—,—,9116838,338929000,12152,16296,10PC4-2V
vehicle carrier,9636193,Themis Leader,Live,Japan,18714,2010,50'+ gt,20037,Single,7KCT,62380,1522,Imabari Shipbuilding Company Limited (Marugame),Marugame,199.94,190.00,—,32.26,24.32,10.02,13.69,Kobe Diesel Company Limited,Mitsubishi Heavy Industries Limited,Hakuyo Shipping Company Limited,Japan,Fukuoka,—,Hakuyo Shipping Company Limited,Japan,Hakuyo Shipping Company Limited,Japan,Hakuyo Shipping Company Limited,Japan,Excel Marine Company Limited,Japan,—,—,—,—,Excel Marine Company Limited,Japan,—,—,—,—,9553115,431747000,15540,18907,8UEC60LSII
vehicle carrier,9636432,Precious Ace,Live,Japan,19124,2010,50'+ gt,19045,Double Bottom,7KGY,59490,1507,Imabari Shipbuilding Company Limited (Marugame),Marugame,199.97,190.00,—,32.26,21.31,10.02,13.15,Kobe Diesel Company Limited,Mitsubishi Heavy Industries Limited,Mitsui O.S.K. Lines Limited (MOL),Japan,Tokyo,—,Mitsui O.S.K. Lines Limited (MOL),Japan,Mitsui O.S.K. Lines Limited (MOL),Japan,Mitsui O.S.K. Lines Limited (MOL),Japan,MOL Ship Management (Singapore) Private Limited,Republic of Singapore,—,—,—,—,MOL Ship Management (Singapore) Private Limited,Republic of Singapore,—,—,—,—,9554200,431740000,15100,18907,8UEC60LSII
vehicle carrier,9636586,Triton Leader,Live,Panama,18263,2010,50'+ gt,22657,Single,3FFE9,60876,1506,Imabari Shipbuilding Company Limited (Marugame),Marugame,199.94,192.00,—,32.26,24.32,10.02,13.69,Kobe Diesel Company Limited,Mitsubishi Heavy Industries Limited,Sumitomo Corporation (Sumitomo Shoji KK),Japan,Panama,—,Sumitomo Corporation (Sumitomo Shoji KK),Japan,Sumitomo Corporation (Sumitomo Shoji KK),Japan,Triton Navigation B.V.,Netherlands,Wilhelmsen Ship Management Sendirian Berhad,Malaysia,—,—,—,—,Wilhelmsen Ship Management Sendirian Berhad,Malaysia,—,—,—,—,9553103,357795000,15540,18907,8UEC60LSII
vehicle carrier,9638948,Oceanus Leader,Live,Panama,18852,2013,50'+ gt,21351,Single,3FDF7,62838,5633,Shin Kurushima Toyohashi Shipbuilding Company Limited,Onishi,199.94,190.00,—,32.26,24.12,10.33,24.47,Kobe Hatsudoki,Mitsubishi Heavy Industries Limited,Nippon Yusen Kabushiki Kaisha (NYK Line) (Nippon Yusen Kaisha),Japan,Panama,—,Nippon Yusen Kabushiki Kaisha (NYK Line) (Nippon Yusen Kaisha),Japan,Nippon Yusen Kabushiki Kaisha (NYK Line) (Nippon Yusen Kaisha),Japan,Himorov Shipholding SA,Panama,Hachiuma Steamship Company Limited (Hachiuma Kisen KK),Japan,—,—,—,—,Hachiuma Steamship Company Limited (Hachiuma Kisen KK),Japan,—,—,—,—,9553488,351026000,15540,21134,8UEC60LSII
vehicle carrier,9759843,Arabian Sea,Live,Marshall Islands,14264,2010,30'-50'gt,13059,Single,V7EA7,46800,XSI404H,Xiamen Shipbuilding Industry Company Limited,Xiamen,182.80,170.68,31.74,31.50,19.26,9.00,10.26,HD Hyundai Heavy Industries Company Limited,B&W Diesel A/S,JP Lease Products & Services Company,Japan,Majuro,—,Japan Investment Adviser Company Limited,Japan,JP Lease Products & Services Company,Japan,JLPS Ship Investment Marshall 1 Company,Marshall Islands,Lauterjung Shipmanagement GmbH & Company KG,Germany,EUKOR Car Carriers Incorporated,Republic of Korea,JP Lease Products & Services Company,Japan,Lauterjung Shipmanagement GmbH & Company KG,Germany,—,—,—,—,9483786,538007767,14220,19334,9S50MC-C
vehicle carrier,9775196,Viking Emerald,Live,Marshall Islands,13317,2012,30'-50'gt,12459,Double Bottom,V7A5093,39454,MD086-33000PCTC-06,Nantong Mingde Heavy Industry Company Limited (SEE NOW AS NANTONG XIANGYU),Nantong,167.25,158.81,28.00,28.00,16.94,8.60,5.74,HD Hyundai Heavy Industries Company Limited,B&W Diesel A/S,Gram Car Carriers AS,Norway,Majuro,—,Mediterranean Shipping Company S.A. (MSC),Switzerland,Gram Car Carriers AS,Norway,Gram Car Carriers Shipowning AS,Norway,OSM Ship Management Private Limited,Republic of Singapore,Viking Car Carriers AS,Norway,—,—,OSM Ship Management Private Limited,Republic of Singapore,—,—,—,—,9514987,538009730,11060,12782,7S50ME-C
vehicle carrier,9775312,Viking Ocean,Live,Marshall Islands,13317,2012,30'-50'gt,12550,Single,V7A5094,39454,MD087-33000PCTC-07,Nantong Mingde Heavy Industry Company Limited (SEE NOW AS NANTONG XIANGYU),Nantong,167.25,158.81,28.00,28.00,16.94,8.60,22.09,HD Hyundai Heavy Industries Company Limited,B&W Diesel A/S,Gram Car Carriers AS,Norway,Majuro,—,Mediterranean Shipping Company S.A. (MSC),Switzerland,Gram Car Carriers AS,Norway,Gram Car Carriers Shipowning AS,Norway,OSM Ship Management Private Limited,Republic of Singapore,Viking Car Carriers AS,Norway,—,—,OSM Ship Management Private Limited,Republic of Singapore,—,—,—,—,9514999,538009731,11060,12782,7S50ME-C
vehicle carrier,9775313,Viking Sea,Live,Marshall Islands,13317,2012,30'-50'gt,12494,Single,V7A5097,39454,MD088-33000PCTC-08,Nantong Mingde Heavy Industry Company Limited (SEE NOW AS NANTONG XIANGYU),Nantong,167.25,158.64,28.00,28.00,30.09,8.62,21.47,HD Hyundai Heavy Industries Company Limited,B&W Diesel A/S,Gram Car Carriers AS,Norway,Majuro,—,Mediterranean Shipping Company S.A. (MSC),Switzerland,Gram Car Carriers AS,Norway,Gram Car Carriers Shipowning AS,Norway,OSM Ship Management Private Limited,Republic of Singapore,Viking Car Carriers AS,Norway,—,—,OSM Ship Management Private Limited,Republic of Singapore,—,—,—,—,9515008,538009734,11060,12782,7S50ME-C
vehicle carrier,9778220,Chang Fa Long,Live,China,10599,2011,-30'gt,6561,Single,BUAC,19222,07-0436,Jinling Shipyard,Nanjing,140.50,129.60,—,24.00,9.92,6.00,3.33,Yichang Marine Diesel Engine Plant,B&W Diesel A/S,China Merchants Energy Shipping Company Limited (CMES),People's Republic of China,Shenzhen,—,China Merchants Group Limited,"Hong Kong, S.A.R., China",China Merchants Energy Shipping Company Limited (CMES),People's Republic of China,China Merchants Shenzhen RORO Shipping Company Limited,People's Republic of China,China Merchants Shenzhen RORO Shipping Company Limited,People's Republic of China,—,—,—,—,China Merchants Shenzhen RORO Shipping Company Limited,People's Republic of China,—,—,—,—,9442627,413468970,6480,8690,6S42MC
vehicle carrier,9780801,Chang Xing Long,Live,China,8608,2009,-30'gt,5508,Single,BUDW,19370,JLZ07-0403,Jinling Shipyard,Nanjing,140.50,129.60,—,24.40,10.42,6.00,4.43,STX Engine Company Limited,B&W Diesel A/S,China Merchants Guangzhou RoRo Shipping Company Limited (CMRORO),People's Republic of China,Shenzhen,—,China Merchants Group Limited,"Hong Kong, S.A.R., China",China Merchants Guangzhou RoRo Shipping Company Limited (CMRORO),People's Republic of China,Shenzhen China Merchants RORO Transportation Company Limited,People's Republic of China,Shenzhen China Merchants RORO Transportation Company Limited,People's Republic of China,—,—,—,—,Shenzhen China Merchants RORO Transportation Company Limited,People's Republic of China,—,—,—,—,9556777,413240580,6480,7489,6S42MC-MK7
vehicle carrier,9883381,Ligulao,Live,Panama,3141,2010,-30'gt,5296,Single,3FIK2,10469,1131,Kegoya Dock K.K.,Kure,119.69,112.00,—,20.50,15.20,6.16,9.04,The Hanshin Diesel Works Limited,B&W Diesel A/S,Wisdom Marine Lines S.A.,"Taiwan, China",Panama,—,Wisdom Marine Lines Company Limited (Wisdom Marine Lines Company Limited),Cayman Islands,Wisdom Marine Lines S.A.,"Taiwan, China",Ligulao Wisdom SA,"Taiwan, China",Wisdom Marine Lines S.A.,"Taiwan, China",—,—,—,—,Well Shipmanagement & Maritime Consultant Company Limited,"Taiwan, China",—,—,—,—,9561605,351609000,3900,4507,6L35MC
vehicle carrier,9883387,Pulau Tioman,Live,Panama,3137,2011,-30'gt,5291,Single,3EYO9,10456,1133,Kegoya Dock K.K.,Kure,119.69,—,—,20.50,15.20,6.16,9.04,Hanshin Nainenki Kogyo,B&W Diesel A/S,Fair Field Shipping Company Limited (Fair Field Shipping KK),Japan,Panama,—,Fair Field Shipping Company Limited (Fair Field Shipping KK),Japan,Fair Field Shipping Company Limited (Fair Field Shipping KK),Japan,Iwami S.A.,Panama,Fair Field Shipping Company Limited (Fair Field Shipping KK),Japan,—,—,—,—,Fair Field Shipping Company Limited (Fair Field Shipping KK),Japan,—,—,—,—,9561617,356613000,3900,4507,6L35MC
vehicle carrier,9909471,Ins Airavat,Live,India,1646,2009,-30'gt,4225,Single,—,5488,3016,Garden Reach Shipbuilders & Engineers Limited (GRSE),Kolkata,124.80,120.00,17.50,17.50,8.60,—,—,Kirloskar Cummins Limited,Semt Pielstick SA,Government of The Republic of India (Navy Department),India,—,—,Government of The Republic of India,India,Government of The Republic of India (Navy Department),India,Government of The Republic of India (Navy Department),India,Government of The Republic of India (Navy Department),India,—,—,—,—,—,—,—,—,—,—,—,—,3885,5210,12PA6VSTC
vehicle carrier,9938650,Mermaid Ace,Live,Panama,18159,2010,50'+ gt,18828,Single,3FCG3,58939,711,Minami-Nippon Shipbuilding Company Limited,Usuki,199.95,190.00,—,32.20,21.19,9.82,4.88,Mitsui Engineering & Shipbuilding Company Limited (Tamano),B&W Diesel A/S,Masumoto Shipping Company Limited,Japan,Panama,—,Masumoto Shipping Company Limited,Japan,Masumoto Shipping Company Limited,Japan,Prosper World Marine Company Limited,Liberia,Masumoto Shipping Company Limited,Japan,—,—,—,—,Masumoto Shipping Company Limited,Japan,—,—,—,—,9561289,355139000,15130,18283,7S60MC-C