LLI Vessel Type,LLI NO,Name,Status,Flag,Net Weight,Built,Vessel Type and Size,DWT,Hull Type,Call Sign,Gross Tonnes,Yard Number,Built By,Built At,Length Overall (m),Length Between Perpendicular (m),Breadth Extreme (m),Breadth Moulded (m),Depth (m),Maximum Draught (m),Freeboard (m),Engine Built By,Designed By,Company contact,Company contact Country/Region,Port Of Registry,TEU Capacity,Beneficial Owner,Beneficial Owner Country/Region,Commercial Operator,Commercial Operator Country/Region,Registered Owner,Registered Owner Country/Region,Technical Manager,Technical Manager Country/Region,Third Party Operator,Third Party Operator Country/Region,Nominal Owner,Nominal Owner Country/Region,ISM Manager,ISM Manager Country/Region,Scrubber type,Scrubber operating arrangement,Scrubber manufacturer,Scrubber installation type,IMO,MMSI,Engine Power (kW),Engine Horsepower,Engine Designation
passenger (cruise),10002668,Aqua,Live,Peru,—,2007,-2'gt,—,Single,—,400,—,—,"",39.80,—,7.30,—,—,2.25,—,—,—,Aqua Expeditions,Peru,Peru,—,Aqua Expeditions,Peru,Aqua Expeditions,Peru,Aqua Expeditions,Peru,Aqua Expeditions,Peru,—,—,—,—,—,—,—,—,—,—,—,—,388,520,3412
passenger (cruise),10017990,Casino Royale,Live,India,854,2008,2'-10'gt,233,Single,AUTU,2848,116,Waterways Shipyard Private Limited,Mormugao,70.00,66.65,13.42,13.42,3.75,2.01,1.74,Cummins Incorporated,Cummins Incorporated,High Street Cruises & Entertainment Private Limited,India,Panaji,—,High Street Cruises & Entertainment Private Limited,India,High Street Cruises & Entertainment Private Limited,India,High Street Cruises & Entertainment Private Limited,India,High Street Cruises & Entertainment Private Limited,India,—,—,—,—,High Street Cruises & Entertainment Private Limited,India,—,—,—,—,9507439,419076700,379,515,KTA-19
passenger (cruise),10029676,Seachaser,Live,U.S.A.,66,1981,-2'gt,—,Single,WDE6416,97,252,Camcraft Incorporated,"",—,—,—,—,—,—,—,—,Unknown Engine Designer,Unknown Owners,—,Houston,—,Unknown Owners,—,Unknown Owners,—,Unknown Owners,—,Unknown Owners,—,—,—,—,—,—,—,—,—,—,—,—,367380030,—,—,UNKNOWN
passenger (cruise),10037358,American Princess 2,Live,U.S.A.,64,1995,-2'gt,—,Single,WDC7054,94,405,Gulf Craft LLC,Patterson,—,—,—,—,—,—,—,—,Unknown Engine Designer,Unknown Owners,—,Newburyport,—,Unknown Owners,—,Unknown Owners,—,Unknown Owners,—,Unknown Owners,—,—,—,—,—,—,—,—,—,—,—,—,367065440,—,—,UNKNOWN
passenger (cruise),10051765,Fire Island Belle,Live,U.S.A.,52,2009,-2'gt,—,Single,WDE9324,131,326,Blount Marine Corporation,Warren(USA),24.41,—,—,6.09,2.13,—,—,—,Unknown Engine Designer,Fire Island Ferries Incorporated,United States of America,New York,—,Fire Island Ferries Incorporated,United States of America,Fire Island Ferries Incorporated,United States of America,Fire Island Ferries Incorporated,United States of America,Fire Island Ferries Incorporated,United States of America,—,—,—,—,—,—,—,—,—,—,9574341,—,—,—,UNKNOWN
passenger (cruise),10061270,Sri Labuan Lima,Live,Malaysia,61,2004,-2'gt,—,Single,9WEQ9,137,2381,Yong Choo Kui Shipyard Sendirian Berhad,Sibu,—,—,—,4.28,1.50,—,—,Yanmar Diesel Engine Company Limited,Yanmar Diesel Engine Company Limited,Trans-Link Sendirian Berhad,Malaysia,Kota Kinabalu,—,Trans-Link Sendirian Berhad,Malaysia,Trans-Link Sendirian Berhad,Malaysia,Trans-Link Sendirian Berhad,Malaysia,Trans-Link Sendirian Berhad,Malaysia,—,—,—,—,—,—,—,—,—,—,8993899,533000233,610,829,6AYM-ETE
passenger (cruise),101145,Nordbris,Live,Norway,165,1959,-2'gt,90,Single,JXZM,435,152,Kaldnes Mek Verkstad A/S,Tonsberg,45.00,—,8.60,—,5.40,3.20,2.20,MAN Energy Solutions SE,MAN Energy Solutions SE,Norbrise AS,Norway,—,—,Norbrise AS,Norway,Norbrise AS,Norway,Norbrise AS,Norway,Norbrise AS,Norway,—,—,—,—,—,—,—,—,—,—,5300819,—,623,835,G7V30/45ATL
passenger (cruise),101677,Serenissima,Live,Bahamas,829,1960,2'-10'gt,590,Single,C6IF6,2598,244,Aker Trondelag AS,Trondheim,87.41,79.55,13.28,13.26,7.35,4.92,2.44,K/S Burmeister & Wain I,B&W Diesel A/S,Unknown Owners,—,Nassau,—,Unknown Owners,—,Unknown Owners,—,Maritime Nine Invest Limited,Liberia,Vestland Marine Spolka Z.O.O.,Poland,—,—,—,—,Vestland Marine Spolka Z.O.O.,Poland,—,—,—,—,5142657,311006560,2573,3450,5-50VTBF-110/40
passenger (cruise),10172092,Scenic Sapphire,Live,Malta,—,2008,2'-10'gt,—,Single,9HA2277,2721,—,—,"",261.00,—,32.00,—,—,1.80,—,—,Unknown Engine Designer,Scenic Tours Europe AG,Switzerland,—,—,Scenic Tours Proprietary Limited,Australia,Scenic Tours Europe AG,Switzerland,MS Scenic Sapphire AG,Switzerland,Scenic Tours Europe AG,Switzerland,—,—,—,—,—,—,—,—,—,—,8338415,248236000,—,—,3516TA
passenger (cruise),10172889,Tuah 2,Live,Malaysia,63,2008,-2'gt,—,Single,9MGY6,168,—,P.T.Palindo,Tanjung Pinang,33.00,—,6.20,6.20,—,11.30,—,—,Unknown Engine Designer,Penaga Timur (M) Sendirian Berhad,Malaysia,Port Klang,—,Penaga Timur (M) Sendirian Berhad,Malaysia,Penaga Timur (M) Sendirian Berhad,Malaysia,Penaga Timur (M) Sendirian Berhad,Malaysia,Penaga Timur (M) Sendirian Berhad,Malaysia,—,—,—,—,—,—,—,—,—,—,9526447,533019400,—,—,D2842LE
passenger (cruise),101747,Southern Elegance,Live,Panama,691,1956,-2'gt,309,Single,3EMI5,1511,115,Aalborg Vaerft,Aalborg,70.00,—,13.00,—,5.80,3.80,2.00,—,British Polar Engines Limited,Tropical Cruise Line S.A.,United States of America,Panama,—,Tropical Cruise Line S.A.,United States of America,Tropical Cruise Line S.A.,United States of America,Tropical Cruise Line S.A.,United States of America,Tropical Cruise Line S.A.,United States of America,—,—,—,—,—,—,—,—,—,—,5136359,—,1212,1625,MN110
passenger (cruise),10188810,Prinzessin Sisi,Live,Malta,—,2000,-2'gt,—,Single,9HTT8,370,—,IHC Merwede Shipyard B.V.,Hardinxveld,109.96,—,11.40,11.40,1.50,1.50,0.00,—,Unknown Engine Designer,Unknown Owners,—,—,—,Unknown Owners,—,Unknown Owners,—,Unknown Owners,—,Unknown Owners,—,—,—,—,—,—,—,—,—,—,—,8643456,256417000,78,105,4BT3.9
passenger (cruise),10230311,Avalon Felicity,Live,Germany,—,2010,Unknown size,—,Single,DF5975,—,—,—,"",—,—,—,—,—,—,—,—,Unknown Engine Designer,Avalon Waterways,United States of America,—,—,Avalon Waterways,United States of America,Avalon Waterways,United States of America,Avalon Waterways,United States of America,Avalon Waterways,United States of America,—,—,—,—,—,—,—,—,—,—,—,211479640,—,—,UNKNOWN
passenger (cruise),10236107,Prinzessin Katharina,Live,Malta,—,1991,-2'gt,478,Single,9HOX7,240,—,—,Unknown,110.00,—,11.20,11.20,—,1.10,—,—,Unknown Engine Designer,Unknown Owners,—,Valletta,—,Unknown Owners,—,Unknown Owners,—,Unknown Owners,—,Unknown Owners,—,—,—,—,—,—,—,—,—,—,—,8643365,215437000,608,815,3196DITA
passenger (cruise),102544,Noura,Dead,Mongolia,4419,1966,2'-10'gt,1900,Single,—,7586,380,STX Finland OY - SEE NOW AS Arctech Helsinki Shipyard Incorporated,Helsinki,134.00,118.92,22.53,19.89,7.30,4.40,2.90,Wartsila Finland oy,Sulzer Turbomachinery Services,Indian Breakers,—,Ulan Bator,—,—,—,—,—,—,—,—,—,—,—,—,—,—,—,—,—,—,—,6605450,—,2610,3500,8TD56
passenger (cruise),10254598,SH-Sutluce,Live,Turkiye,71,2009,-2'gt,100,Single,TCXU7,175,—,Halicioglu Tersanesi,Istanbul,41.97,38.56,—,8.50,1.99,1.80,0.19,—,Unknown Engine Designer,Istanbul Buyuksehir Belediye Baskanligi (Istanbul Metropolitan Municipality),Turkiye,Istanbul,—,Government of the Republic of Turkiye (Turkey),Turkiye,Istanbul Buyuksehir Belediye Baskanligi (Istanbul Metropolitan Municipality),Turkiye,Istanbul Buyuksehir Belediye Baskanligi (Istanbul Metropolitan Municipality),Turkiye,Istanbul Sehir Hatlari Turizm Sanayi ve Ticaret Anonim Sirketi,Turkiye,—,—,—,—,Istanbul Sehir Hatlari Turizm Sanayi ve Ticaret Anonim Sirketi,Turkiye,—,—,—,—,9564009,271040378,224,300,3406C-TA
passenger (cruise),10254600,Sh-Kasimpasa,Live,Turkiye,69,2009,-2'gt,100,Single,TCXH9,175,—,Halicioglu Tersanesi,Turkey,41.97,38.56,—,8.50,1.99,1.80,0.19,—,Unknown Engine Designer,Istanbul Buyuksehir Belediye Baskanligi (Istanbul Metropolitan Municipality),Turkiye,Istanbul,—,Government of the Republic of Turkiye (Turkey),Turkiye,Istanbul Buyuksehir Belediye Baskanligi (Istanbul Metropolitan Municipality),Turkiye,Istanbul Buyuksehir Belediye Baskanligi (Istanbul Metropolitan Municipality),Turkiye,Istanbul Sehir Hatlari Turizm Sanayi ve Ticaret Anonim Sirketi,Turkiye,—,—,—,—,Istanbul Sehir Hatlari Turizm Sanayi ve Ticaret Anonim Sirketi,Turkiye,—,—,—,—,9563990,271040301,224,300,3406C-TA
passenger (cruise),10258552,Heinrich Heine,Live,Bulgaria,—,1990,-2'gt,—,Single,LZG2223,1600,—,—,"",106.00,—,11.10,—,—,1.50,—,—,Unknown Engine Designer,Unknown Owners,—,—,—,Unknown Owners,—,Unknown Owners,—,Unknown Owners,—,Unknown Owners,—,—,—,—,—,—,—,—,—,—,—,—,207072223,224,300,3406TA
passenger (cruise),102672,Victoria,Dead,Georgia,1308,1962,2'-10'gt,576,Single,—,3435,691,Severney Verf Shipbuilding (Northern Shipyard),St. Petersburg,101.00,—,14.60,—,5.70,3.90,1.80,CKD Praha DIZ a.s.,"Skodaexport, a.s.",Turkish Breakers,—,—,—,—,—,—,—,—,—,—,—,—,—,—,—,—,—,—,—,—,—,6730217,—,1491,2000,8DR43/61-V1
passenger (cruise),10289525,Amadeus Elegant,Live,Germany,—,—,Unknown size,—,Single,DF6170,—,—,—,"",123.00,—,12.00,—,—,—,—,—,Unknown Engine Designer,Unknown Owners,—,—,—,Unknown Owners,—,Unknown Owners,—,Unknown Owners,—,Unknown Owners,—,—,—,—,—,—,—,—,—,—,—,—,211490230,—,—,UNKNOWN
passenger (cruise),10291109,Ikaros Pallas,Live,Greece,92,1999,-2'gt,46,Single,SX7739,178,125,Kanellos Bros.,Greece,31.40,26.05,8.00,8.00,3.00,1.82,0.88,—,Unknown Engine Designer,Unknown Owners,—,Lefkas,—,Unknown Owners,—,Unknown Owners,—,Ionian K & S Cruises Maritime Company,Greece,Ionian K & S Cruises Maritime Company,Greece,—,—,—,—,Ionian K & S Cruises Maritime Company,Greece,—,—,—,—,8680791,237037100,608,815,3196DITA
passenger (cruise),10301298,Delos Express,Live,Greece,67,1992,-2'gt,28,Single,SW9406,246,35,—,Chornomorsk,40.15,—,7.00,6.90,4.25,1.75,2.50,Zvezda JSC,Zvezda JSC,Delos Tours Maritime Company,Greece,Piraeus,—,Delos Tours Maritime Company,Greece,Delos Tours Maritime Company,Greece,Delos Tours Maritime Company,Greece,Delos Tours Maritime Company,Greece,—,—,—,—,—,—,—,—,—,—,9075864,237039500,379,508,M401A-1
passenger (cruise),10306391,Paria Bullet,Live,Trinidad & Tobago,193,2010,-2'gt,40,Single,9YHR,562,237,Austal Ships Proprietary Limited,Fremantle,41.30,36.77,10.90,10.90,4.30,1.49,2.81,MTU Friedrichshafen GmbH,MTU Friedrichshafen GmbH,National Infrastructure Development Company Limited (NIDCO),Trinidad & Tobago,Port of Spain,—,Government of The Republic of Trinidad and Tobago,Trinidad & Tobago,National Infrastructure Development Company Limited (NIDCO),Trinidad & Tobago,National Infrastructure Development Company Limited (NIDCO),Trinidad & Tobago,National Infrastructure Development Company Limited (NIDCO),Trinidad & Tobago,—,—,—,—,—,—,—,—,—,—,9582128,362063000,1224,1664,16V2000M72
passenger (cruise),10318525,American Independence,Live,U.S.A.,65,2010,2'-10'gt,—,Single,WDF3297,2169,90,Chesapeake Shipbuilding Incorporated,Salisbury MD (USA),65.00,—,14.00,—,3.44,—,—,—,Unknown Engine Designer,American Cruise Lines Incorporated,United States of America,—,—,American Cruise Lines Incorporated,United States of America,American Cruise Lines Incorporated,United States of America,American Cruise Lines Incorporated,United States of America,American Cruise Lines Incorporated,United States of America,—,—,—,—,—,—,—,—,—,—,9583366,367438210,—,—,16V4000M70
passenger (cruise),10328800,Alkionis,Live,Greece,95,1995,-2'gt,45,Single,SX4338,191,44,—,"",40.40,34.00,6.90,6.75,2.90,1.80,1.11,—,Unknown Engine Designer,Meandros Maritime Company,Greece,Piraeus,—,Meandros Maritime Company,Greece,Meandros Maritime Company,Greece,Meandros Maritime Company,Greece,Meandros Maritime Company,Greece,—,—,—,—,—,—,—,—,—,—,8655590,237027200,672,901,3196DITA
passenger (cruise),10337629,Passau,Live,Germany,—,1986,-2'gt,—,Single,DC3055,276,—,—,"",80.00,—,10.40,—,—,1.70,—,—,Unknown Engine Designer,Unknown Owners,—,—,—,Unknown Owners,—,Unknown Owners,—,Unknown Owners,—,Unknown Owners,—,—,—,—,—,—,—,—,—,—,—,—,211169130,—,—,SBF12M716
passenger (cruise),10361754,Prinzessin Isabella,Live,Malta,—,2002,2'-10'gt,—,Single,9HKQ9,7654,—,Scheepswerf de Hoop Lobith B.V.,Unknown,125.50,—,11.40,11.40,—,1.50,—,—,Unknown Engine Designer,Unknown Owners,—,—,—,Unknown Owners,—,Unknown Owners,—,Unknown Owners,—,Unknown Owners,—,—,—,—,—,—,—,—,—,—,—,—,249099000,746,1000,3516C-DITA
passenger (cruise),10378394,Scenic Diamond,Live,Malta,—,2008,Unknown size,2148,Single,9HA2276,9474,—,—,"",135.00,—,12.00,—,—,1.70,—,—,Unknown Engine Designer,Scenic Tours Europe AG,Switzerland,Valletta,—,Scenic Tours Proprietary Limited,Australia,Scenic Tours Europe AG,Switzerland,MS Scenic Diamond AG,Switzerland,Scenic Tours Europe AG,Switzerland,—,—,—,—,—,—,—,—,—,—,8338154,248235000,2000,2681,6EY26W
passenger (cruise),10390104,Incisu,Live,Turkiye,169,2010,-2'gt,—,Single,TCYI4,322,—,—,Turkey,41.90,39.40,9.90,—,3.60,1.80,1.80,—,Unknown Engine Designer,Incisu Turizm Organizasyon Restaurant Isletmesi Ticaret Limited Sirketi,Turkiye,Trabzon,—,Incisu Turizm Organizasyon Restaurant Isletmesi Ticaret Limited Sirketi,Turkiye,Incisu Turizm Organizasyon Restaurant Isletmesi Ticaret Limited Sirketi,Turkiye,Incisu Turizm Organizasyon Restaurant Isletmesi Ticaret Limited Sirketi,Turkiye,Incisu Turizm Organizasyon Restaurant Isletmesi Ticaret Limited Sirketi,Turkiye,—,—,—,—,Incisu Turizm Organizasyon Restaurant Isletmesi Ticaret Limited Sirketi,Turkiye,—,—,—,—,—,271041245,197,264,8291SRM85
passenger (cruise),10391343,Moda,Live,Turkiye,208,1986,-2'gt,150,Single,TC5878,456,—,Halicioglu Tersanesi,Istanbul,58.20,55.93,11.00,10.60,3.60,—,—,—,Unknown Engine Designer,Istanbul Buyuksehir Belediye Baskanligi (Istanbul Metropolitan Municipality),Turkiye,Istanbul,—,Government of Government of the Republic of Turkiye (Turkey ),Turkiye,Istanbul Buyuksehir Belediye Baskanligi (Istanbul Metropolitan Municipality),Turkiye,Istanbul Buyuksehir Belediye Baskanligi (Istanbul Metropolitan Municipality),Turkiye,Istanbul Sehir Hatlari Turizm Sanayi ve Ticaret Anonim Sirketi,Turkiye,—,—,—,—,Istanbul Sehir Hatlari Turizm Sanayi ve Ticaret Anonim Sirketi,Turkiye,—,—,—,—,8113255,271002524,168,225,6AL20/24
passenger (cruise),10395071,Baltija,Live,Panama,249,1986,-2'gt,—,Single,HP5584,770,—,—,"",—,—,—,—,—,—,—,—,Unknown Engine Designer,Unknown Owners,—,—,—,Unknown Owners,—,Unknown Owners,—,Baltija Segunda SA,Panama,Unknown Owners,—,—,—,—,—,—,—,—,—,—,—,8741167,—,248,333,R8V22/30ATL
passenger (cruise),10397017,Carlotta M.,Live,Italy,—,2010,-2'gt,112,Single,IIXZ2,240,1012,Air Naval S.r.l.,Italy,37.50,31.60,—,7.00,2.49,1.01,1.48,—,Unknown Engine Designer,Liberty Lines S.p.A.,Italy,Palermo,—,Liberty Lines S.p.A.,Italy,Liberty Lines S.p.A.,Italy,Liberty Lines S.p.A.,Italy,Liberty Lines S.p.A.,Italy,—,—,—,—,Liberty Lines S.p.A.,Italy,—,—,—,—,9598672,247294800,—,—,16V4000M70
passenger (cruise),10431,Oceanbreeze,Dead,St. Vincent & Grenadines,9295,1955,10'-60'gt,7005,Single,—,21667,1498,Harland & Wolff Heavy Industries Limited ( Harland & Wolff),Belfast,184.00,170.69,23.78,23.78,13.80,7.98,5.82,Harland & Wolff Heavy Industries Limited ( Harland & Wolff),Stork-Werkspoor Diesel B.V.,Bangladesh Breakers,—,Kingstown,—,—,—,—,—,—,—,—,—,—,—,—,—,—,—,—,—,—,—,5335319,—,14914,20000,PAMETRADA TURBINE
passenger (cruise),10519180,Kapetan Fotis,Live,Greece,24,2004,-2'gt,—,Single,SY5230,96,Y8749559,—,Thessaloniki,33.00,—,8.00,—,—,2.50,—,—,Unknown Engine Designer,Unknown Owners,—,—,—,Unknown Owners,—,Unknown Owners,—,Unknown Owners,—,Unknown Owners,—,—,—,—,—,—,—,—,—,—,—,8749559,237813500,—,—,UNKNOWN
passenger (cruise),10527854,Agios Panteleimon,Live,Greece,170,1999,-2'gt,526,Single,SX7669,498,—,Proteus Z. Vassiliadis Bros. Nafpigiki Limited,Salamis,57.25,54.00,14.20,14.20,3.30,2.39,0.90,Caterpillar Incorporated,Caterpillar Incorporated,Anonimh Naftiliaki Eteria Thassou SA (ANETH),Greece,Piraeus,—,Anonimh Naftiliaki Eteria Thassou SA (ANETH),Greece,Anonimh Naftiliaki Eteria Thassou SA (ANETH),Greece,Anonimh Naftiliaki Eteria Thassou SA (ANETH),Greece,North West Ferries I Shipping Company,Greece,—,—,—,—,—,—,—,—,—,—,8968961,237033700,368,493,3412
passenger (cruise),10530427,SH-Haskoy,Live,Turkiye,71,2009,-2'gt,100,Single,TCYA6,175,—,Halicioglu Tersanesi,Turkey,42.00,38.56,9.00,8.60,1.89,—,—,—,Unknown Engine Designer,Istanbul Buyuksehir Belediye Baskanligi (Istanbul Metropolitan Municipality),Turkiye,Istanbul,—,Government of the Republic of Turkiye (Turkey),Turkiye,Istanbul Buyuksehir Belediye Baskanligi (Istanbul Metropolitan Municipality),Turkiye,Istanbul Buyuksehir Belediye Baskanligi (Istanbul Metropolitan Municipality),Turkiye,Istanbul Sehir Hatlari Turizm Sanayi ve Ticaret Anonim Sirketi,Turkiye,—,—,—,—,Istanbul Sehir Hatlari Turizm Sanayi ve Ticaret Anonim Sirketi,Turkiye,—,—,—,—,9564023,271040573,224,300,3406C-TA
passenger (cruise),10543,Canberra,Dead,U.K.,25190,1961,10'-60'gt,8775,Double Bottom,—,49073,1621,Harland & Wolff Heavy Industries Limited,Belfast,249.00,—,31.30,—,12.70,10.00,2.70,—,Unknown Engine Designer,P & O,—,—,—,—,—,—,—,—,—,—,—,—,—,—,—,—,—,—,—,—,—,5059953,—,—,—,UNKNOWN
passenger (cruise),106,Achille Lauro,Dead,Italy,10682,1947,10'-60'gt,3937,Single,—,23478,—,—,Netherlands,192.00,176.56,24.90,24.90,14.48,8.95,5.53,Sulzer Mitsubishi,Sulzer Turbomachinery Services,Starlauro,—,—,—,—,—,—,—,—,—,—,—,—,—,—,—,—,—,—,—,—,—,5390008,—,2983,4000,SULZER DIESEL
passenger (cruise),10613578,Avalon Luminary,Live,Germany,—,2010,Unknown size,—,Single,DD6381,—,—,—,"",110.00,—,11.00,—,—,1.70,—,—,Unknown Engine Designer,Avalon Waterways,United States of America,—,—,Avalon Waterways,United States of America,Avalon Waterways,United States of America,Avalon Waterways,United States of America,Avalon Waterways,United States of America,—,—,—,—,—,—,—,—,—,—,—,211507510,—,—,UNKNOWN
passenger (cruise),10632409,Swiss Diamond,Live,Switzerland,—,2010,Unknown size,—,Single,HE7030,—,—,—,"",101.00,—,12.00,—,—,8.00,—,—,Unknown Engine Designer,Unknown Owners,—,—,—,Unknown Owners,—,Unknown Owners,—,Unknown Owners,—,Unknown Owners,—,—,—,—,—,—,—,—,—,—,—,—,269057030,—,—,UNKNOWN
passenger (cruise),106341,Golden Princess,Live,Bahamas,4637,1967,10'-60'gt,1773,Double Bottom,C6DC,12704,383,STX Finland OY - SEE NOW AS Arctech Helsinki Shipyard Incorporated,Helsinki,157.70,133.80,20.00,20.00,12.90,5.60,7.30,Wartsila Finland oy,Sulzer Turbomachinery Services,The Schulte Group,Germany,Nassau,—,The Schulte Group,Germany,The Schulte Group,Germany,Harbour Assets Limited,British Virgin Islands,Island Ship Management Limited,"Hong Kong, S.A.R., China",—,—,—,—,—,—,—,—,—,—,6622458,309469000,4157,5574,9ZH40/48
passenger (cruise),106427,Klavdiya Yelanskaya,Live,Russia,1445,1977,2'-10'gt,1414,Double Bottom,UCKE,4329,416,Brodogradiliste Tito,Mitrovica,100.02,90.00,16.24,16.20,7.00,4.65,2.35,Uljanik Brodogradiliste d.d.,B&W Diesel A/S,Murmansk Shipping Company Joint-Stock Company,Russian Federation,Murmansk,—,Murmansk Shipping Company Joint-Stock Company,Russian Federation,Murmansk Shipping Company Joint-Stock Company,Russian Federation,Murmansk Shipping Company Joint-Stock Company,Russian Federation,Murmansk Shipping Company Joint-Stock Company,Russian Federation,—,—,—,—,Murmansk Shipping Company Joint-Stock Company,Russian Federation,—,—,—,—,7422922,273131500,1969,2640,8-35VF-62
passenger (cruise),10643033,Scenic Pearl,Live,Malta,—,2010,2'-10'gt,—,Single,9HA2560,2773,—,—,"",23.00,—,6.00,—,—,—,—,—,Unknown Engine Designer,Scenic Tours Europe AG,Switzerland,Valletta,—,Scenic Tours Proprietary Limited,Australia,Scenic Tours Europe AG,Switzerland,MS Scenic Pearl AG,Switzerland,Scenic Tours Europe AG,Switzerland,—,—,—,—,—,—,—,—,—,—,9585807,248880000,—,—,16V4000M70
passenger (cruise),10649333,Gonul,Live,Turkiye,146,2011,-2'gt,114,Single,TCZJ5,485,—,—,"",41.90,37.40,10.00,10.00,3.20,1.39,1.81,—,Unknown Engine Designer,"Yaser Yilmaz Zafer Yilmaz, Ziver Yimaz Adi Ortakligi",Turkiye,Istanbul,—,"Yaser Yilmaz Zafer Yilmaz, Ziver Yimaz Adi Ortakligi",Turkiye,"Yaser Yilmaz Zafer Yilmaz, Ziver Yimaz Adi Ortakligi",Turkiye,"Yaser Yilmaz Zafer Yilmaz, Ziver Yimaz Adi Ortakligi",Turkiye,"Yaser Yilmaz Zafer Yilmaz, Ziver Yimaz Adi Ortakligi",Turkiye,—,—,—,—,—,—,—,—,—,—,8746296,271042480,—,—,8291SRM85
passenger (cruise),10687864,Deep Sea,Live,Marshall Islands,61,2010,-2'gt,—,Single,V7A4869,225,41710110,Sunseeker International Limited,Poole,34.00,—,8.00,—,—,2.80,—,—,Unknown Engine Designer,Unknown Owners,—,Jaluit,—,Unknown Owners,—,Unknown Owners,—,Unknown Owners,—,Unknown Owners,—,—,—,—,—,—,—,—,—,—,—,9598036,538071633,—,—,16V4000M70
passenger (cruise),1073857,Columbia Queen,Live,U.S.A.,1260,1994,2'-10'gt,—,Single,WDD7181,4225,311,Leevac Shipyards Incorporated,Portland(OR USA),62.12,—,—,18.29,3.66,—,—,—,—,Majestic America Line,United States of America,—,—,Majestic America Line,United States of America,Majestic America Line,United States of America,CQ Boat LLC,United States of America,V. Ships Leisure SAM,Monaco,—,—,—,—,—,—,—,—,—,—,8643303,—,1051,1409,3516TA
passenger (cruise),10744593,Amacerto,Live,Switzerland,—,—,Unknown size,—,Single,HE7394,—,—,—,"",110.00,—,12.00,—,—,0.20,—,—,Unknown Engine Designer,Unknown Owners,—,—,—,Unknown Owners,—,Unknown Owners,—,Unknown Owners,—,Unknown Owners,—,—,—,—,—,—,—,—,—,—,—,—,269057394,—,—,UNKNOWN
passenger (cruise),1074473,Sea Cloud Spirit,Live,Malta,1630,2021,2'-10'gt,904,Single,9HA5333,5431,299,Factoria Naval de Marin S.A.,Marin,125.70,92.84,17.59,17.20,7.15,5.56,1.59,—,Unknown Engine Designer,Sea Cloud Cruises GmbH,Germany,Valletta,—,Sea Cloud Cruises GmbH,Germany,Sea Cloud Cruises GmbH,Germany,Puerto De Manresa SL,Spain,STL Shipping Management SL,Spain,—,—,—,—,STL Shipping Management SL,Spain,—,—,—,—,9483712,215855000,1700,2280,6EY26W
passenger (cruise),10883695,Alina,Live,Switzerland,1022,2011,Unknown size,—,Single,HE7367,—,—,—,Unknown,125.00,—,11.00,—,—,13.70,—,—,Unknown Engine Designer,Unknown Owners,—,Basle,—,Unknown Owners,—,Unknown Owners,—,Unknown Owners,—,Unknown Owners,—,—,—,—,—,—,—,—,—,—,—,—,269057367,—,—,UNKNOWN
passenger (cruise),10904568,Dive Master 1,Live,Japan,—,2000,Unknown size,—,Single,—,—,—,—,Samut Prakan,30.00,—,6.00,—,—,—,—,—,Unknown Engine Designer,Unknown Owners,—,—,—,Unknown Owners,—,Unknown Owners,—,Unknown Owners,—,Unknown Owners,—,—,—,—,—,—,—,—,—,—,—,8984109,431001546,2000,2681,M200-EN
passenger (cruise),1092301,Miss Kaleigh,Live,U.S.A.,67,1976,-2'gt,—,Single,WDC7338,98,—,Universal Iron Works Incorporated,Houma,31.66,—,—,7.60,2.00,—,—,—,Unknown Engine Designer,K & K Offshore,United States of America,—,—,K & K Offshore,United States of America,K & K Offshore,United States of America,K & K Offshore,United States of America,K & K Offshore,United States of America,—,—,—,—,—,—,—,—,—,—,—,367069830,—,—,UNKNOWN
passenger (cruise),10967602,Gellen,Live,Germany,—,1993,-2'gt,68,Single,DH8804,222,—,Yachtwerft Berlin GmbH,Unknown,8.00,—,40.00,7.70,—,0.20,—,—,Unknown Engine Designer,Unknown Owners,—,—,—,Unknown Owners,—,Unknown Owners,—,Unknown Owners,—,Unknown Owners,—,—,—,—,—,—,—,—,—,—,—,—,211534760,672,901,3196DITA
passenger (cruise),10975651,Schaprode,Live,Germany,—,1993,-2'gt,68,Single,DH7530,222,—,—,Berlin,6.00,—,40.00,7.70,2.70,0.20,2.50,—,Unknown Engine Designer,Unknown Owners,—,—,—,Unknown Owners,—,Unknown Owners,—,Unknown Owners,—,Unknown Owners,—,—,—,—,—,—,—,—,—,—,—,—,211535070,608,815,3196DITA
passenger (cruise),10982230,Nikolaos M.,Live,Greece,72,1962,-2'gt,—,Single,SV2290,110,—,—,"",—,—,—,—,—,—,—,—,Unknown Engine Designer,AM Gavanozin,Greece,Piraeus,—,AM Gavanozin,Greece,AM Gavanozin,Greece,AM Gavanozin,Greece,AM Gavanozin,Greece,—,—,—,—,—,—,—,—,—,—,5407124,237038700,140,188,UNKNOWN DIESEL
passenger (cruise),10997006,Schloss Heidelberg,Live,Germany,—,1928,Unknown size,—,Single,DC4571,—,—,—,"",34.40,—,8.20,—,—,1.50,—,—,Unknown Engine Designer,Unknown Owners,—,—,—,Unknown Owners,—,Unknown Owners,—,Unknown Owners,—,Unknown Owners,—,—,—,—,—,—,—,—,—,—,—,—,211541290,—,—,UNKNOWN
passenger (cruise),11007728,TUI Isla,Live,Malta,—,—,Unknown size,—,Single,9HA2731,—,—,—,"",135.00,—,14.00,—,—,1.60,—,—,Unknown Engine Designer,Unknown Owners,—,—,—,Unknown Owners,—,Unknown Owners,—,Unknown Owners,—,Unknown Owners,—,—,—,—,—,—,—,—,—,—,—,—,215441000,—,—,UNKNOWN
passenger (cruise),11022984,Cascadia,Live,Canada,310,2006,-2'gt,—,Single,CFA2941,498,—,Challenge Marine Limited,Nelson(NZL),42.00,—,13.00,12.80,—,2.50,—,—,Unknown Engine Designer,Harbour & Gulf Limited,New Zealand,Victoria,—,Harbour & Gulf Limited,New Zealand,Harbour & Gulf Limited,New Zealand,Harbour & Gulf Limited,New Zealand,Island Escape Cruises Limited,New Zealand,—,—,—,—,Harbour & Gulf Limited,New Zealand,—,—,—,—,8745216,316039288,596,799,4BT3.9
passenger (cruise),11026374,Sefer Kaptan 1,Live,Turkiye,203,2011,-2'gt,66,Single,TCSE4,299,-,Turkoglu Gemi Insa ve Cekek,Akcansa Yalova,41.98,38.30,—,10.00,3.20,—,—,—,Fiat Avio SpA,Kartal Kaan Tur Omer Hizarci -Sefer Hizarci Ort.,Turkiye,Istanbul,—,Kartal Kaan Tur Omer Hizarci -Sefer Hizarci Ort.,Turkiye,Kartal Kaan Tur Omer Hizarci -Sefer Hizarci Ort.,Turkiye,Kartal Kaan Tur Omer Hizarci -Sefer Hizarci Ort.,Turkiye,Avrasya Denizcilik Tasimaciligi ve Turizm Hizmetleri Insaat Sanayi ve Ticaret AS,Turkiye,—,—,—,—,—,—,—,—,—,—,9605126,271042945,634,850,8291SRM85
passenger (cruise),11028527,Goethe,Live,Malta,—,1913,-2'gt,—,Single,SHA2005,228,—,—,Unknown,83.00,—,15.70,15.70,3.64,3.64,0.00,—,Unknown Engine Designer,Unknown Owners,—,—,—,Unknown Owners,—,Unknown Owners,—,Unknown Owners,—,Unknown Owners,—,—,—,—,—,—,—,—,—,—,—,—,249833000,280,375,ID36SS12V
passenger (cruise),11034298,Elegant Lady,Live,Bulgaria,—,2003,-2'gt,—,Single,LZG2229,1600,—,—,Grave,110.00,—,11.40,11.40,1.60,1.60,0.00,—,Unknown Engine Designer,Dunav Tours AD,Bulgaria,—,—,Dunav Tours AD,Bulgaria,Dunav Tours AD,Bulgaria,Dunav Tours AD,Bulgaria,Dunav Tours AD,Bulgaria,—,—,—,—,—,—,—,—,—,—,—,207072229,—,—,KTA-38-M1
passenger (cruise),11035796,Rygertroll,Live,Norway,80,2012,-2'gt,15,Single,3YWR,200,262,—,Hyen,25.10,—,—,8.80,—,2.60,—,—,Unknown Engine Designer,L. Rodne & Sonner A/S,Norway,Stavanger,—,L. Rodne & Sonner A/S,Norway,L. Rodne & Sonner A/S,Norway,Rodne Trafikk AS,Norway,L. Rodne & Sonner A/S,Norway,—,—,—,—,L. Rodne & Sonner A/S,Norway,—,—,—,—,9579420,259955000,—,—,16V4000M70
passenger (cruise),110617,Kong Olav,Live,Thailand,1058,1964,2'-10'gt,705,Single,HSB2585,2637,433,Solheimsviken AS,Bergen,87.00,—,13.30,—,7.40,4.60,2.80,AS Akers Mek. Verksted,B&W Diesel A/S,Andaman Club Company Limited,Thailand,Bangkok,—,Andaman Club Company Limited,Thailand,Andaman Club Company Limited,Thailand,Andaman Club Company Limited,Thailand,Andaman Club Company Limited,Thailand,—,—,—,—,—,—,—,—,—,—,6401206,567,2479,3325,7-42VT2BF-90
passenger (cruise),11074792,Sofia,Live,Bulgaria,—,1983,-2'gt,1259,Single,LZLT,1600,—,—,"",113.50,—,16.00,—,—,1.65,—,—,Unknown Engine Designer,Unknown Owners,—,—,—,Unknown Owners,—,Unknown Owners,—,Unknown Owners,—,Unknown Owners,—,—,—,—,—,—,—,—,—,—,—,—,207261220,1194,1601,8LD315RF
passenger (cruise),11084784,Ioannis Kapodistrias,Live,Greece,128,1999,-2'gt,149,Single,SX7072,488,—,—,"",56.00,—,14.00,—,—,2.00,—,—,Unknown Engine Designer,Makedonia Shipping Company,Panama,Piraeus,—,Makedonia Shipping Company,Panama,Makedonia Shipping Company,Panama,Makedonia Shipping Company,Panama,Makedonia Shipping Company,Panama,—,—,—,—,Koinopraxia Epivatochimatagogon Salaminos,Greece,—,—,—,—,8969018,237025500,672,901,3196DITA
passenger (cruise),11090401,Scenic Crystal,Live,Malta,—,2011,2'-10'gt,—,Single,9HA3040,2721,—,—,"",135.00,—,12.00,—,—,0.20,—,—,Unknown Engine Designer,Scenic Tours Europe AG,Switzerland,—,—,Scenic Tours Proprietary Limited,Australia,Scenic Tours Europe AG,Switzerland,MS Scenic Crystal AG,Switzerland,Scenic Tours Europe AG,Switzerland,—,—,—,—,—,—,—,—,—,—,8338427,229065000,—,—,16V4000M70
passenger (cruise),11094633,Georgia,Live,Greece,95,1994,-2'gt,60,Single,SX2833,242,42,"Ilyichyovskiy Sudoremontnyy Zavod im. ""50-letiya SSSR""",Chornomorsk,40.15,35.91,6.90,6.89,2.90,1.83,1.07,—,Unknown Engine Designer,Georgia I Shipping Company,Greece,Piraeus,—,Georgia I Shipping Company,Greece,Georgia I Shipping Company,Greece,Georgia I Shipping Company,Greece,Georgia I Shipping Company,Greece,—,—,—,—,Sarris Shipping Company,Greece,—,—,—,—,8953394,237021700,177,241,3D6C
passenger (cruise),11118040,Riza Yusuf Girit,Live,Turkiye,210,2012,-2'gt,163,Single,TCSE9,396,—,Cakirlar Shipyard,Akcansa Yalova,48.90,46.90,11.00,11.00,3.40,—,—,—,Unknown Engine Designer,Girit Turizm Denizcilik Nakliyat Sanayi ve Ticaret Limited Sirketi,Turkiye,Istanbul,—,Girit Turizm Denizcilik Nakliyat Sanayi ve Ticaret Limited Sirketi,Turkiye,Girit Turizm Denizcilik Nakliyat Sanayi ve Ticaret Limited Sirketi,Turkiye,Girit Turizm Denizcilik Nakliyat Sanayi ve Ticaret Limited Sirketi,Turkiye,Avrasya Denizcilik Tasimaciligi ve Turizm Hizmetleri Insaat Sanayi ve Ticaret AS,Turkiye,—,—,—,—,—,—,—,—,—,—,9629184,271042950,197,264,8291SRM85
passenger (cruise),1113336,Diana Stella,Live,Colombia,—,2007,-2'gt,—,Single,—,3,—,—,"",—,—,—,—,—,—,—,—,—,Unknown Owners,—,—,—,Unknown Owners,—,Unknown Owners,—,Unknown Owners,—,Unknown Owners,—,—,—,—,—,—,—,—,—,—,—,2976019,—,—,—,—
passenger (cruise),1113339,El Pechu,Live,Colombia,—,2007,-2'gt,—,Single,—,3,—,—,"",—,—,—,—,—,—,—,—,—,Unknown Owners,—,—,—,Unknown Owners,—,Unknown Owners,—,Unknown Owners,—,Unknown Owners,—,—,—,—,—,—,—,—,—,—,—,2979918,—,—,—,—
passenger (cruise),1113340,El Vikingo,Live,Colombia,—,2007,-2'gt,—,Single,—,2,—,—,"",—,—,—,—,—,—,—,—,—,Unknown Owners,—,—,—,Unknown Owners,—,Unknown Owners,—,Unknown Owners,—,Unknown Owners,—,—,—,—,—,—,—,—,—,—,—,2980577,—,—,—,—
passenger (cruise),1113341,Expreso Salahonda,Live,Colombia,—,2007,-2'gt,—,Single,—,3,—,—,"",—,—,—,—,—,—,—,—,—,Unknown Owners,—,—,—,Unknown Owners,—,Unknown Owners,—,Unknown Owners,—,Unknown Owners,—,—,—,—,—,—,—,—,—,—,—,2981997,—,—,—,—
passenger (cruise),1113407,Johan Farid,Live,Colombia,—,2007,-2'gt,—,Single,—,2,—,—,"",—,—,—,—,—,—,—,—,—,Unknown Owners,—,—,—,Unknown Owners,—,Unknown Owners,—,Unknown Owners,—,Unknown Owners,—,—,—,—,—,—,—,—,—,—,—,2988787,—,—,—,—
passenger (cruise),1113409,Mimi II,Live,Colombia,—,2007,-2'gt,—,Single,—,7,—,—,"",—,—,—,—,—,—,—,—,—,Unknown Owners,—,—,—,Unknown Owners,—,Unknown Owners,—,Unknown Owners,—,Unknown Owners,—,—,—,—,—,—,—,—,—,—,—,—,—,—,—,—
passenger (cruise),11136125,Avalon Visionary,Live,Germany,—,2012,Unknown size,—,Single,DK6613,—,—,—,"",135.00,—,12.00,—,—,—,—,—,Unknown Engine Designer,Avalon Waterways,United States of America,—,—,Avalon Waterways,United States of America,Avalon Waterways,United States of America,Avalon Waterways,United States of America,Avalon Waterways,United States of America,—,—,—,—,—,—,—,—,—,—,—,211573780,2000,2681,6EY26W
passenger (cruise),1113620,Pacifico Expreso Dos,Live,Colombia,—,2007,-2'gt,—,Single,—,7,—,—,"",—,—,—,—,—,—,—,—,—,Unknown Owners,—,—,—,Unknown Owners,—,Unknown Owners,—,Unknown Owners,—,Unknown Owners,—,—,—,—,—,—,—,—,—,—,—,—,—,—,—,—
passenger (cruise),1113761,Sandra Yinesa,Live,Colombia,—,2007,-2'gt,—,Single,—,2,—,—,"",—,—,—,—,—,—,—,—,—,Unknown Owners,—,—,—,Unknown Owners,—,Unknown Owners,—,Unknown Owners,—,Unknown Owners,—,—,—,—,—,—,—,—,—,—,—,—,—,—,—,—
passenger (cruise),1113867,Triton Geminis,Live,Colombia,—,2007,-2'gt,—,Single,—,74,—,—,"",—,—,—,—,—,—,—,—,—,Unknown Owners,—,—,—,Unknown Owners,—,Unknown Owners,—,Unknown Owners,—,Unknown Owners,—,—,—,—,—,—,—,—,—,—,—,—,—,—,—,—
passenger (cruise),1113964,Yole,Live,Colombia,—,2007,-2'gt,—,Single,—,2,—,—,"",—,—,—,—,—,—,—,—,—,Unknown Owners,—,—,—,Unknown Owners,—,Unknown Owners,—,Unknown Owners,—,Unknown Owners,—,—,—,—,—,—,—,—,—,—,—,—,—,—,—,—
passenger (cruise),11143,Pallas Athena,Dead,Greece,8764,1952,10'-60'gt,6052,Single,—,20945,—,—,France,182.00,—,24.50,—,13.40,8.60,4.80,Wartsila Nederland BV,Stork-Werkspoor Diesel B.V.,Epirotiki C.,—,—,—,—,—,—,—,—,—,—,—,—,—,—,—,—,—,—,—,—,—,5116098,—,9955,13350,SW DIESEL
passenger (cruise),11149333,Andela Lora,Live,Croatia,—,2012,Unknown size,—,Single,9AA8432,—,—,—,"",38.00,—,8.00,—,—,—,—,—,Unknown Engine Designer,Turisticki Obrt Filip vl Filip Lovrinov,Republic of Croatia,—,—,Turisticki Obrt Filip vl Filip Lovrinov,Republic of Croatia,Turisticki Obrt Filip vl Filip Lovrinov,Republic of Croatia,Turisticki Obrt Filip vl Filip Lovrinov,Republic of Croatia,Turisticki Obrt Filip vl Filip Lovrinov,Republic of Croatia,—,—,—,—,—,—,—,—,—,—,8690655,238475640,2000,2681,8210M
passenger (cruise),11162688,PRINCESS,Live,Netherlands,—,2012,Unknown size,—,Single,PE5139,—,—,—,"",80.00,—,8.00,—,—,1.00,—,—,Unknown Engine Designer,Unknown Owners,—,—,—,Unknown Owners,—,Unknown Owners,—,Unknown Owners,—,Unknown Owners,—,—,—,—,—,—,—,—,—,—,—,—,244750832,—,—,UNKNOWN
passenger (cruise),11170824,Ava Pearl,Live,U.S.A.,—,2012,-2'gt,69,Single,WDG3248,93,—,—,Somerset(Mass),35.00,—,10.00,9.66,3.81,—,—,—,Unknown Engine Designer,Rhode Island Fast Ferry,United States of America,—,—,Rhode Island Fast Ferry,United States of America,Rhode Island Fast Ferry,United States of America,Rhode Island Fast Ferry,United States of America,Rhode Island Fast Ferry,United States of America,—,—,—,—,—,—,—,—,—,—,9677703,367524060,—,—,UNKNOWN
passenger (cruise),111736,Nordstjernen,Live,Norway (Int. Register),989,1956,2'-10'gt,656,Single,LATU3,2191,787,Blohm + Voss GmbH,Hamburg,88.78,74.98,12.64,12.60,7.16,4.51,2.65,Mak Motoren GmbH & Company KG,B&W Diesel A/S,Cesam Invest AS & Euro Holding AS,Norway,Bergen,—,Cesam Invest AS & Euro Holding AS,Norway,Cesam Invest AS & Euro Holding AS,Norway,m/s Nordstjernen AS,Norway,Vestland Marine Spolka Z.O.O.,Poland,Hurtigruten AS,Norway,Clarksons Platou Project Finance AS,Norway,Vestland Marine Spolka Z.O.O.,Poland,—,—,—,—,5255777,257276000,2237,3000,6-50VBF-90
passenger (cruise),11202,Topaz,Dead,St. Kitts-Nevis,14637,1956,10'-60'gt,8912,Single,—,32327,731,Fairfields (Glasgow) Limited,Glasgow,195.08,182.89,25.96,25.91,14.64,8.84,5.80,Fairfields (Glasgow) Limited,Stork-Werkspoor Diesel B.V.,Indian Breakers,—,—,—,—,—,—,—,—,—,—,—,—,—,—,—,—,—,—,—,—,—,5103924,—,22065,30000,PAMETRADA TURBINE
passenger (cruise),11297852,Marco M.,Live,Italy,—,2011,-2'gt,—,Single,IJDN2,241,H1015,Air Naval S.r.l.,Torre Annunziata,37.65,—,—,7.00,—,1.01,—,Caterpillar Incorporated,Caterpillar Incorporated,Liberty Lines S.p.A.,Italy,Palermo,—,Liberty Lines S.p.A.,Italy,Liberty Lines S.p.A.,Italy,Liberty Lines S.p.A.,Italy,Liberty Lines S.p.A.,Italy,—,—,—,—,Liberty Lines S.p.A.,Italy,—,—,—,—,9669835,247320500,1269,1702,C32
passenger (cruise),11298359,Feggesund,Live,Denmark,114,2012,-2'gt,—,Single,OZMW,380,125,Hvide Sande Skibs-og Baadebyggeri A/S,Hvide Sande,53.40,39.60,11.00,10.70,3.60,2.40,1.20,Scania (Sweden),Unknown Engine Designer,I/S Mors-Thy Faergefart,Denmark,Nykobing Mors,—,I/S Mors-Thy Faergefart,Denmark,I/S Mors-Thy Faergefart,Denmark,I/S Mors-Thy Faergefart,Denmark,I/S Mors-Thy Faergefart,Denmark,—,—,—,—,I/S Mors-Thy Faergefart,Denmark,—,—,—,—,9640918,219017664,368,493,16V4000M70
passenger (cruise),11300,Royale,Dead,Tanzania,3479,1974,2'-10'gt,1361,Double Bottom,—,9511,—,Kynossoura Dockyard Company,Salamis,132.10,118.12,19.80,19.80,11.96,5.20,2.11,Mak Motoren GmbH & Company KG,Mak Motoren GmbH & Company KG,Indian Breakers,—,—,66,—,—,—,—,—,—,—,—,—,—,—,—,—,—,—,—,—,—,7350442,—,2983,4000,8MU551AK
passenger (cruise),11305992,Aspo II,Live,Sweden,—,1984,Unknown size,—,Single,SLEY,—,—,Asi Verkstads AB,Amal,50.00,—,11.00,—,—,—,—,—,Unknown Engine Designer,Unknown Owners,—,—,—,Unknown Owners,—,Unknown Owners,—,Unknown Owners,—,Unknown Owners,—,—,—,—,—,—,—,—,—,—,—,8317887,265604580,—,—,UNKNOWN
passenger (cruise),1130908,Esmeralda,Live,Netherlands,—,—,Unknown size,—,Single,PD7369,—,—,—,"",90.00,—,11.00,—,—,1.50,—,—,Unknown Engine Designer,Trans River Line B.V.,Netherlands,—,—,Trans River Line B.V.,Netherlands,Trans River Line B.V.,Netherlands,Trans River Line B.V.,Netherlands,Trans River Line B.V.,Netherlands,—,—,—,—,—,—,—,—,—,—,—,244130124,—,—,UNKNOWN
passenger (cruise),113131,Antonina Nezhdanova,Dead,Russia,1330,1978,2'-10'gt,1273,Single,—,4254,419,Brodogradiliste Tito,Mitrovica,100.00,90.00,16.20,16.20,7.00,4.65,2.35,Uljanik Brodogradiliste d.d.,B&W Diesel A/S,FESCO,—,Vladivostok,—,—,—,—,—,—,—,—,—,—,—,—,—,—,—,—,—,—,—,7531852,—,1969,2640,8M35BF-62
passenger (cruise),11341239,Nemo,Live,Cyprus,18,2012,-2'gt,—,Single,5BPZ3,59,—,C.S Customised Boat Makers Limited,Larnaca,22.00,—,5.00,—,—,—,—,—,Unknown Engine Designer,Escalop Shipping Limited,Cyprus,Limassol,—,Escalop Shipping Limited,Cyprus,Escalop Shipping Limited,Cyprus,Escalop Shipping Limited,Cyprus,Escalop Shipping Limited,Cyprus,—,—,—,—,—,—,—,—,—,—,—,212983007,—,—,UNKNOWN
passenger (cruise),11346876,MSC Preziosa,Live,Panama,115732,2013,100'-150'gt,11754,Single,3FOA6,139072,X32,Chantiers de l'Atlantique,St. Nazaire,333.33,296.00,45.00,37.92,—,8.65,3.46,Wartsila Corporation,Wartsila Corporation,MSC Crociere (Mediterranean Shipping Cruises) S.p.A.,Italy,Panama,—,Mediterranean Shipping Company S.A. (MSC),Switzerland,MSC Crociere (Mediterranean Shipping Cruises) S.p.A.,Italy,Preziosa Cruise Limited,United Kingdom,MSC Cruise Management (UK) Limited,United Kingdom,—,—,—,—,MSC Cruise Management (UK) Limited,United Kingdom,Unknown,Unknown,Unknown Scrubber Manufacturer,—,9595321,371861000,21800,29234,16V46CR
passenger (cruise),11368084,Sissi,Live,Germany,—,1998,-2'gt,42,Single,DC3471,138,—,—,Unknown,46.75,—,11.26,11.26,1.35,1.35,0.00,—,Unknown Engine Designer,Unknown Owners,—,—,—,Unknown Owners,—,Unknown Owners,—,Unknown Owners,—,Unknown Owners,—,—,—,—,—,—,—,—,—,—,—,—,211169180,672,901,3196DITA
passenger (cruise),114042,United States,Dead,U.S.A.,19352,1952,10'-60'gt,13016,Single,—,38216,488,Northrop Grumman Newport News,Newport News,301.75,276.66,30.94,30.94,17.07,9.82,7.25,Westinghouse Electric Company,Westinghouse Electric Company,SS United States Conservancy,United States of America,New York,—,SS United States Conservancy,United States of America,SS United States Conservancy,United States of America,—,—,SS United States Conservancy,United States of America,—,—,—,—,—,—,—,—,—,—,5373476,—,12960,17380,WESTINGHOUSE TURBINE
passenger (cruise),114353,Atlantis,Dead,Greece,2572,1965,2'-10'gt,—,Single,—,4504,—,—,"",—,—,—,—,—,—,—,—,Unknown Engine Designer,—,—,—,—,—,—,—,—,—,—,—,—,—,—,—,—,—,—,—,—,—,—,6411471,—,2051,2750,UNKNOWN
passenger (cruise),11443,Hai Da,Dead,China,4386,1963,2'-10'gt,2625,Single,—,7989,722,John Brown & Company (Clydebank) Limited,Clyde,146.00,132.59,20.15,20.15,9.14,8.04,1.10,B&W Diesel A/S,B&W Diesel A/S,Chinese Breakers,—,—,—,—,—,—,—,—,—,—,—,—,—,—,—,—,—,—,—,—,—,5410640,—,6152,8250,11-50VT2BF-110
passenger (cruise),114750,Ocean Mist,Dead,Cambodia,1749,1956,2'-10'gt,1433,Single,—,5067,1813,Cantieri Riuniti Dell'Adriatico,Monfalcone,111.00,98.00,15.50,15.50,9.60,5.56,4.04,Fiat Avio SpA,Fiat Avio SpA,Ocean Mist K.,—,Phnom Penh,—,—,—,—,—,—,—,—,—,—,—,—,—,—,—,—,—,—,—,5309906,—,2088,2800,600.7S
passenger (cruise),115657,Star of Venice,Dead,Panama,2363,1953,2'-10'gt,2002,Single,—,6269,1823,Swan Hunter Shipbuilders,Tyne,133.00,125.28,17.38,17.37,9.15,6.10,3.05,Wallsend Slipway,Unknown Engine Designer,Pan Nautic,—,Panama,—,—,—,—,—,—,—,—,—,—,—,—,—,—,—,—,—,—,—,5205253,—,9560,13000,UNKNOWN
passenger (cruise),116033,Viking Sineus,Live,Ukraine,—,1979,2'-10'gt,500,Single,UUAO8,4906,338,Elbewerft Boizenburg GmbH (EWB),Boizenburg,125.00,—,16.70,16.70,4.50,—,—,Russian Engine Builders,Russkiy Diesel Firm,Viking Holding Limited,Bermuda,Kherson,—,Viking Holding Limited,Bermuda,Viking Holding Limited,Bermuda,Viking Holding Limited,Bermuda,Viking Holding Limited,Bermuda,—,—,—,—,—,—,—,—,—,—,7823994,272582000,746,1000,6CHN36/45
passenger (cruise),116177,Bore,Live,Finland,1688,1960,2'-10'gt,870,Single,OGBF,4295,353,NYA Oskarshamns Varv. A/B,Oskarshamn,99.85,90.35,15.30,15.26,9.63,5.02,4.61,Wartsila Corporation,Wartsila Corporation,Oy S/S Borea Ab,Finland,Kotka,—,Oy S/S Borea Ab,Finland,Oy S/S Borea Ab,Finland,Oy S/S Borea Ab,Finland,Oy S/S Borea Ab,Finland,—,—,—,—,—,—,—,—,—,—,5048485,230132000,1652,2216,12V22
passenger (cruise),116320,Alexandros,Dead,Panama,119,1963,-2'gt,464,Double Bottom,—,397,—,—,Italy,72.00,62.77,11.31,11.31,5.21,3.67,1.54,Fiat Avio SpA,Fiat Avio SpA,International M.C.S.,—,Panama,—,—,—,—,—,—,—,—,—,—,—,—,—,—,—,—,—,—,—,5426194,—,2237,3000,B480.6TS
passenger (cruise),1169895,Bahia Express,Live,Colombia,—,2007,-2'gt,—,Single,—,4,—,—,"",—,—,—,—,—,—,—,—,—,Unknown Owners,—,—,—,Unknown Owners,—,Unknown Owners,—,Unknown Owners,—,Unknown Owners,—,—,—,—,—,—,—,—,—,—,—,2965802,—,—,—,—
passenger (cruise),1169897,Diana Paola,Live,Colombia,—,2007,-2'gt,—,Single,—,2,—,—,"",—,—,—,—,—,—,—,—,—,Unknown Owners,—,—,—,Unknown Owners,—,Unknown Owners,—,Unknown Owners,—,Unknown Owners,—,—,—,—,—,—,—,—,—,—,—,2975986,—,—,—,—
passenger (cruise),1169949,Dona Luisa,Live,Colombia,—,2007,-2'gt,—,Single,—,4,—,—,"",—,—,—,—,—,—,—,—,—,Unknown Owners,—,—,—,Unknown Owners,—,Unknown Owners,—,Unknown Owners,—,Unknown Owners,—,—,—,—,—,—,—,—,—,—,—,2977659,—,—,—,—
passenger (cruise),1169996,El Condor I,Live,Colombia,—,2007,-2'gt,—,Single,—,2,—,—,"",—,—,—,—,—,—,—,—,—,Unknown Owners,—,—,—,Unknown Owners,—,Unknown Owners,—,Unknown Owners,—,Unknown Owners,—,—,—,—,—,—,—,—,—,—,—,2978964,—,—,—,—
passenger (cruise),1169998,El Rastafari,Live,Colombia,—,2007,-2'gt,—,Single,—,2,—,—,"",—,—,—,—,—,—,—,—,—,Unknown Owners,—,—,—,Unknown Owners,—,Unknown Owners,—,Unknown Owners,—,Unknown Owners,—,—,—,—,—,—,—,—,—,—,—,2980199,—,—,—,—
passenger (cruise),117,Achilleus,Dead,Cyprus,1662,1939,2'-10'gt,1067,Single,—,2920,—,—,"",—,—,—,—,—,—,—,—,B&W Diesel A/S,—,—,—,—,—,—,—,—,—,—,—,—,—,—,—,—,—,—,—,—,—,—,5141990,—,2498,3350,9-50VF-90
passenger (cruise),1170000,Gaviota 3,Live,Colombia,—,2007,-2'gt,—,Single,—,2,—,—,"",—,—,—,—,—,—,—,—,—,Unknown Owners,—,—,—,Unknown Owners,—,Unknown Owners,—,Unknown Owners,—,Unknown Owners,—,—,—,—,—,—,—,—,—,—,—,2984016,—,—,—,—
passenger (cruise),1170110,JC,Live,Colombia,—,2007,-2'gt,—,Single,—,7,—,—,"",—,—,—,—,—,—,—,—,—,Unknown Owners,—,—,—,Unknown Owners,—,Unknown Owners,—,Unknown Owners,—,Unknown Owners,—,—,—,—,—,—,—,—,—,—,—,—,—,—,—,—
passenger (cruise),1170111,Jeveh,Live,Colombia,—,2007,-2'gt,—,Single,—,4,—,—,"",—,—,—,—,—,—,—,—,—,Unknown Owners,—,—,—,Unknown Owners,—,Unknown Owners,—,Unknown Owners,—,Unknown Owners,—,—,—,—,—,—,—,—,—,—,—,2988464,—,—,—,—
passenger (cruise),1170112,Jireh,Live,Colombia,—,2007,-2'gt,—,Single,—,2,—,—,"",—,—,—,—,—,—,—,—,—,Unknown Owners,—,—,—,Unknown Owners,—,Unknown Owners,—,Unknown Owners,—,Unknown Owners,—,—,—,—,—,—,—,—,—,—,—,2988672,—,—,—,—
passenger (cruise),1170227,Las Catalinas,Live,Colombia,—,2007,-2'gt,—,Single,—,1,—,—,"",—,—,—,—,—,—,—,—,—,Unknown Owners,—,—,—,Unknown Owners,—,Unknown Owners,—,Unknown Owners,—,Unknown Owners,—,—,—,—,—,—,—,—,—,—,—,2998615,—,—,—,—
passenger (cruise),1170341,Pablo R,Live,Colombia,—,2007,-2'gt,—,Single,—,3,—,—,"",—,—,—,—,—,—,—,—,—,Unknown Owners,—,—,—,Unknown Owners,—,Unknown Owners,—,Unknown Owners,—,Unknown Owners,—,—,—,—,—,—,—,—,—,—,—,—,—,—,—,—
passenger (cruise),1171532,Ana Ines,Live,Colombia,—,2007,-2'gt,—,Single,—,2,—,—,"",—,—,—,—,—,—,—,—,—,Unknown Owners,—,—,—,Unknown Owners,—,Unknown Owners,—,Unknown Owners,—,Unknown Owners,—,—,—,—,—,—,—,—,—,—,—,2963232,—,—,—,—
passenger (cruise),1171537,M-Andrea,Live,Colombia,—,2007,-2'gt,—,Single,—,3,—,—,"",—,—,—,—,—,—,—,—,—,Unknown Owners,—,—,—,Unknown Owners,—,Unknown Owners,—,Unknown Owners,—,Unknown Owners,—,—,—,—,—,—,—,—,—,—,—,—,—,—,—,—
passenger (cruise),11720331,AIDAStella,Live,Italy,45266,2013,60'-100'gt,7833,Single,ICUP,71304,695,Meyer Werft GmbH (Dormant),Papenburg,253.26,225.66,38.00,32.20,9.60,7.30,2.30,—,Unknown Engine Designer,Costa Crociere S.p.A.,Italy,Genoa,—,Carnival Corporation,United States of America,Costa Crociere S.p.A.,Italy,Costa Crociere S.p.A.,Italy,Carnival Maritime GmbH,Germany,—,—,—,—,Carnival Maritime GmbH,Germany,—,—,—,—,9601132,247322800,—,—,9M43C
passenger (cruise),11741008,Norwegian Breakaway,Live,Bahamas,132549,2013,100'-150'gt,14500,Single,C6ZJ3,145655,678,Meyer Werft GmbH (Dormant),Papenburg,325.64,300.12,39.71,39.62,11.40,8.60,2.80,—,MAN Energy Solutions SE,NCL (Bahamas) Limited,United States of America,Nassau,—,Norwegian Cruise Line Holdings Limited,United States of America,NCL (Bahamas) Limited,United States of America,Breakaway One Limited,Bermuda,NCL (Bahamas) Limited,United States of America,—,—,—,—,NCL (Bahamas) Limited,United States of America,Unknown,Unknown,Unknown Scrubber Manufacturer,—,9606912,311050800,15076,20217,12V48/60CR
passenger (cruise),11741228,Norwegian Getaway,Live,Bahamas,132549,2014,100'-150'gt,11110,Single,C6ZJ4,145655,692,Meyer Werft GmbH (Dormant),Papenburg,325.65,300.12,44.39,39.62,11.40,8.60,2.80,—,Unknown Engine Designer,NCL (Bahamas) Limited,United States of America,Nassau,—,Norwegian Cruise Line Holdings Limited,United States of America,NCL (Bahamas) Limited,United States of America,Breakaway Two Limited,Bahamas,NCL (Bahamas) Limited,United States of America,—,—,—,—,NCL (Bahamas) Limited,United States of America,Unknown,Unknown,Unknown Scrubber Manufacturer,—,9606924,311050900,—,—,12V48/60CR
passenger (cruise),117513,Santa Cruz,Live,Ecuador,502,1979,-2'gt,420,Double Bottom,HCSZ,1675,178,Astilleros y Talleres Celaya S.A.,Bilbao,69.60,63.60,12.10,11.85,4.00,3.16,0.84,Astilleros Espanoles S.A. (AESA),Alpha Diesels A/S,Empresa Turistica Internacional C.A. (ETICA),Ecuador,Guayaquil,—,Government of Ecuador,Ecuador,Empresa Turistica Internacional C.A. (ETICA),Ecuador,Empresa Turistica Internacional C.A. (ETICA),Ecuador,Empresa Turistica Internacional C.A. (ETICA),Ecuador,—,—,—,—,—,—,—,—,—,—,7811721,735059022,1208,1620,6ASL25/30
passenger (cruise),11751619,Bay Cruiser-1,Live,Bangladesh,—,1995,-2'gt,—,Single,S2CQ,134,341,Miho Shipbuilding Company Limited,"",31.20,—,—,8.30,2.70,1.40,1.30,General Electric Company,General Motors Corporation,Cosmo International,Republic of Korea,Chittagong,—,Cosmo International,Republic of Korea,Cosmo International,Republic of Korea,m/s Bay Cruise International Limited,Bangladesh,Cosmo International,Republic of Korea,—,—,—,—,—,—,—,—,—,—,8889103,—,1324,1776,16V-149-TI
passenger (cruise),11751633,Shinhae No.9,Live,South Korea,—,1997,-2'gt,89,Single,—,154,KR9701,Korea Shipyard Company Limited,Mokpo,49.50,41.00,9.00,7.00,2.20,1.70,0.50,Kwangyang Shipbuilding & Engineering Company Limited,Yanmar Diesel Engine Company Limited,"Korea,Government of the Republic of",Republic of Korea,Mokpo,—,"Korea,Government of the Republic of",Republic of Korea,"Korea,Government of the Republic of",Republic of Korea,"Ministry of Land, Transport & Maritime Affairs",Republic of Korea,Haekwang Transport Limited,Republic of Korea,—,—,—,—,—,—,—,—,—,—,9184342,440320490,648,869,8LAA-UTE
passenger (cruise),117627,Lofoten,Live,Norway,1099,1964,2'-10'gt,671,Single,LIXN,2621,547,AS Akers Mek. Verksted,Oslo,87.41,79.55,13.28,13.28,7.35,4.62,2.73,AS Akers Mek. Verksted,B&W Diesel A/S,Stiftelsen Maritim Videregaende Skole Sorlandet,Norway,Kristiansand,—,Stiftelsen Maritim Videregaende Skole Sorlandet,Norway,Stiftelsen Maritim Videregaende Skole Sorlandet,Norway,Stiftelsen Maritim Videregaende Skole Sorlandet,Norway,OSM Offshore AS,Norway,—,—,—,—,OSM Offshore AS,Norway,—,—,—,—,5424562,258477000,2479,3325,7-42VT2BF-90
passenger (cruise),117636,Royal Zulu,Dead,South Africa,614,1964,-2'gt,410,Single,—,1201,—,—,Spain,67.00,—,11.10,—,5.20,3.20,2.00,—,Unknown Engine Designer,—,—,—,—,—,—,—,—,—,—,—,—,—,—,—,—,—,—,—,—,—,—,6409600,—,652,875,UNKNOWN
passenger (cruise),11766119,Avalon Artistry II,Live,Germany,—,2013,Unknown size,—,Single,DJ5910,—,—,—,Middelburg,110.00,—,12.00,—,—,—,—,—,Unknown Engine Designer,Avalon Waterways,United States of America,—,—,Avalon Waterways,United States of America,Avalon Waterways,United States of America,Avalon Waterways,United States of America,Avalon Waterways,United States of America,—,—,—,—,—,—,—,—,—,—,3801170,211593740,—,—,UNKNOWN
passenger (cruise),11790342,Europa 2,Live,Malta,14406,2013,10'-60'gt,5285,Single,9HA3283,42830,H33,Chantiers de l'Atlantique,St. Nazaire,225.62,205.14,—,26.70,15.60,6.50,9.10,—,Unknown Engine Designer,TUI Cruises GmbH,Germany,Valletta,—,TUI AG,Germany,TUI Cruises GmbH,Germany,TUI Cruises GmbH,Germany,Global Fleet Management LLC,United States of America,—,—,—,—,Global Fleet Management LLC,United States of America,—,—,—,—,9616230,229378000,—,—,12V32
passenger (cruise),11790696,Bach Long,Live,Vietnam,53,2001,-2'gt,22,Single,—,131,ST-138,—,"",—,—,—,6.08,3.00,1.20,1.60,Caterpillar Incorporated,Unknown Engine Designer,Hai Phong Advanced Young Detachment,Vietnam,Haiphong,—,Hai Phong Advanced Young Detachment,Vietnam,Hai Phong Advanced Young Detachment,Vietnam,Hai Phong Advanced Young Detachment,Vietnam,Hai Phong Advanced Young Detachment,Vietnam,—,—,—,—,—,—,—,—,—,—,9023952,574999579,—,—,4BT3.9
passenger (cruise),11790899,Eco Explorer,Live,Belize,—,1998,-2'gt,298,Single,—,575,—,Narasaki Shipbuilding Company Limited,Muroran,45.96,43.00,—,8.50,3.75,—,—,—,Unknown Engine Designer,Explorer Expedition S.A.,Belize,—,—,Explorer Expedition S.A.,Belize,Explorer Expedition S.A.,Belize,Explorer Expedition S.A.,Belize,Explorer Expedition S.A.,Belize,—,—,—,—,—,—,—,—,—,—,8210728,—,820,1100,M220L-SN
passenger (cruise),1182292,B'renda Lee,Live,U.S.A.,67,1982,-2'gt,—,Single,WDB6799,99,254,Gulf Craft LLC,"",36.00,—,8.00,—,—,3.00,—,—,Unknown Engine Designer,Unknown Owners,—,Freeport,—,Unknown Owners,—,Unknown Owners,—,Unknown Owners,—,Unknown Owners,—,—,—,—,—,—,—,—,—,—,—,—,366930670,—,—,UNKNOWN
passenger (cruise),11825438,Royal Princess,Live,Bermuda,139000,2013,100'-150'gt,12512,Single,ZCEI3,142714,6223,Fincantieri-Cantieri Navali Italiani S.p.A. Monfalcone,Monfalcone,329.87,305.87,44.00,38.40,11.34,8.55,2.79,—,Unknown Engine Designer,Carnival Corporation,United States of America,Hamilton,—,Carnival Corporation,United States of America,Carnival Corporation,United States of America,Carnival Corporation,United States of America,Holland America Line N.V.,United States of America,Princess Cruise Lines Limited,United States of America,—,—,Princess Cruise Lines Limited,United States of America,Unknown,Unknown,Unknown Scrubber Manufacturer,—,9584712,310661000,—,—,16M43C
passenger (cruise),11831433,Christ.Adonis,Live,Cyprus,14,1985,-2'gt,—,Single,P3UC8,46,—,Bodrum,Bodrum,18.00,—,5.00,—,—,—,—,—,Unknown Engine Designer,Antonis Christodoulou,Cyprus,Limassol,—,Antonis Christodoulou,Cyprus,Antonis Christodoulou,Cyprus,Antonis Christodoulou,Cyprus,Antonis Christodoulou,Cyprus,—,—,—,—,—,—,—,—,—,—,—,212983058,—,—,UNKNOWN
passenger (cruise),11841915,Steaua Deltei,Live,Romania,—,1992,Unknown size,—,Single,YP2002,—,—,—,Galatz,107.00,—,13.00,—,—,1.80,—,—,Unknown Engine Designer,Unknown Owners,—,Giurgiu,—,Unknown Owners,—,Unknown Owners,—,Unknown Owners,—,Unknown Owners,—,—,—,—,—,—,—,—,—,—,—,—,264162002,2000,2681,6MU453C
passenger (cruise),11863546,Viking Forseti,Live,Germany,—,2013,Unknown size,—,Single,DMBV,—,—,—,Germany,135.00,—,11.00,—,—,—,—,—,Unknown Engine Designer,Unknown Owners,—,—,—,Unknown Owners,—,Unknown Owners,—,Unknown Owners,—,Unknown Owners,—,—,—,—,—,—,—,—,—,—,—,—,211603490,2000,2681,6EY26W
passenger (cruise),11863590,Hanse Star,Live,Germany,—,2011,Unknown size,63,Single,DC9961,207,—,—,Germany,34.00,—,10.00,—,—,0.20,—,—,Unknown Engine Designer,Unknown Owners,—,—,—,Unknown Owners,—,Unknown Owners,—,Unknown Owners,—,Unknown Owners,—,—,—,—,—,—,—,—,—,—,—,—,211431270,1836,2462,UNKNOWN
passenger (cruise),11863647,Avalon Expression,Live,Germany,—,2013,Unknown size,—,Single,DJ6121,—,—,—,Middelfart,135.00,—,12.00,—,—,—,—,—,Unknown Engine Designer,Avalon Waterways,United States of America,—,—,Avalon Waterways,United States of America,Avalon Waterways,United States of America,Avalon Waterways,United States of America,Avalon Waterways,United States of America,—,—,—,—,—,—,—,—,—,—,—,211605060,—,—,UNKNOWN
passenger (cruise),11880199,Quantum of the Seas,Live,Bahamas,153251,2014,150'+ gt,12000,Single,C6BH8,168666,697,Meyer Werft GmbH (Dormant),Papenburg,347.08,320.10,49.47,41.40,11.55,8.80,2.75,—,—,Royal Caribbean Cruises Limited (RCL),United States of America,Nassau,—,Royal Caribbean Cruises Limited (RCL),United States of America,Royal Caribbean Cruises Limited (RCL),United States of America,Quantum of the Seas Incorporated,Bahamas,RCL Cruises Limited,United Kingdom,—,—,—,—,RCL Cruises Limited,United Kingdom,Wet,Hybrid,Wartsila Corporation,Retrofit,9549463,311000267,—,—,12V46
passenger (cruise),11880200,Anthem of the Seas,Live,Bahamas,153251,2015,150'+ gt,12000,Single,C6BI7,168666,698,Meyer Werft GmbH (Dormant),Papenburg,347.06,320.10,49.40,41.39,11.45,8.80,2.65,—,—,Royal Caribbean Cruises Limited (RCL),United States of America,Nassau,—,Royal Caribbean Cruises Limited (RCL),United States of America,Royal Caribbean Cruises Limited (RCL),United States of America,Anthem of the Seas Incorporated,Bahamas,RCL Cruises Limited,United Kingdom,—,—,—,—,RCL Cruises Limited,United Kingdom,Unknown,Unknown,Unknown Scrubber Manufacturer,—,9656101,311000274,—,—,12V46
passenger (cruise),11892559,Sir Robert Baden Powell,Live,Netherlands,53,1958,-2'gt,—,Single,PBMP,111,—,Edgar Andre VEB Schiffswerft,Magdeburg,—,—,6.00,—,—,—,—,—,Unknown Engine Designer,Unknown Owners,—,—,—,Unknown Owners,—,Unknown Owners,—,Unknown Owners,—,Unknown Owners,—,—,—,—,—,—,—,—,—,—,—,5297414,245540000,—,—,SBF12M716
passenger (cruise),11901853,Islander,Live,U.S.A.,65,2000,-2'gt,—,Single,WDG6768,96,—,Yank Marine Incorporated,New Jersey,30.00,—,—,9.75,3.11,—,—,—,Unknown Engine Designer,The Interstate Navigation Company,United States of America,Block Island,—,The Interstate Navigation Company,United States of America,The Interstate Navigation Company,United States of America,The Interstate Navigation Company,United States of America,The Interstate Navigation Company,United States of America,—,—,—,—,—,—,—,—,—,—,8994207,367560440,—,—,UNKNOWN
passenger (cruise),11924878,The Hunter,Live,U.S.A.,38,1970,-2'gt,17,Single,WDG4631,56,235,VT Halter Marine Incorporated,Pascagoula,18.00,—,5.00,—,—,—,—,—,Unknown Engine Designer,McAllister Towing and Transportation Company Incorporated,United States of America,Wilmington,—,McAllister Towing and Transportation Company Incorporated,United States of America,McAllister Towing and Transportation Company Incorporated,United States of America,McAllister Towing and Transportation Company Incorporated,United States of America,McAllister Towing and Transportation Company Incorporated,United States of America,—,—,—,—,—,—,—,—,—,—,—,367308110,—,—,UNKNOWN
passenger (cruise),11956082,Le Soleal,Live,Wallis & Futuna,3440,2013,10'-60'gt,1441,Single,FIHV,10992,6229,Fincantieri Cantieri Navali Italiani S.p.A. Trieste,Trieste,142.10,126.20,18.00,18.00,20.40,4.90,15.50,"Maquinas Electrcias e Hidraulicas Indar, SL (INDAR)","Maquinas Electrcias e Hidraulicas Indar, SL (INDAR)",Compagnie du Ponant (PONANT),France,Mata'utu,—,Compagnie du Ponant (PONANT),France,Compagnie du Ponant (PONANT),France,Compagnie du Ponant (PONANT),France,Compagnie du Ponant (PONANT),France,—,—,—,—,Compagnie du Ponant (PONANT),France,—,—,—,—,9641675,578000200,2300,3084,ACP-900-X/14
passenger (cruise),11962441,Regal Princess,Live,Bermuda,142714,2014,100'-150'gt,10900,Single,ZCEK6,142714,6224,Fincantieri-Cantieri Navali Italiani S.p.A. Monfalcone,Monfalcone,330.00,—,—,46.94,—,11.35,—,—,—,Carnival Corporation,United States of America,Hamilton,—,Carnival Corporation,United States of America,Carnival Corporation,United States of America,Carnival Corporation,United States of America,Princess Cruise Lines Limited,United States of America,Princess Cruise Lines Limited,United States of America,—,—,Princess Cruise Lines Limited,United States of America,Unknown,Unknown,Unknown Scrubber Manufacturer,—,9584724,310674000,—,—,16M43C
passenger (cruise),1202057,Tibidy,Live,France,—,—,-2'gt,116,Single,FGD5859,380,—,—,"",35.00,—,10.00,—,—,—,—,—,Unknown Engine Designer,Compagnie Morbihannaise et Nantaise,France,—,—,Compagnie Nationale de Navigation SAS (CNN),France,Compagnie Morbihannaise et Nantaise,France,Compagnie Morbihannaise et Nantaise,France,Compagnie Morbihannaise et Nantaise,France,Societe Morbihannaise et Nantaise de Navigation,France,—,—,—,—,—,—,—,—,—,227574020,1836,2462,UNKNOWN
passenger (cruise),121023,Prince,Live,Sierra Leone,1910,1962,2'-10'gt,1115,Single,9LYSL1,5145,375,AB Finnboda,Stockholm,101.45,90.61,17.25,17.20,6.91,4.76,2.15,MAN Energy Solutions SE,MAN Energy Solutions SE,Advent Systems Limited,British Virgin Islands,Freetown,—,Advent Systems Limited,British Virgin Islands,Advent Systems Limited,British Virgin Islands,Advent Systems Limited,British Virgin Islands,Advent Systems Limited,British Virgin Islands,—,—,—,—,—,—,—,—,—,—,5346502,—,1825,2447,18V20/27
passenger (cruise),121261,Avsa,Live,Turkiye,921,1976,-2'gt,209,Single,TCKJ,1900,184,Turkiye Gemi Sanayii A.S. Shipbuilding,Istanbul,80.00,—,12.50,12.07,6.70,3.50,3.20,—,SKL Motoren-und Systemtechnik GmbH,Turkiye Denizcilik Isletmeleri Denizyollari Isletmesi Mudurlugu (T.D.I.),Turkiye,—,—,Government of Government of the Republic of Turkiye (Turkey ),Turkiye,Turkiye Denizcilik Isletmeleri Denizyollari Isletmesi Mudurlugu (T.D.I.),Turkiye,Turkiye Denizcilik Isletmeleri Denizyollari Isletmesi Mudurlugu (T.D.I.),Turkiye,Turkiye Denizcilik Isletmeleri Denizyollari Isletmesi Mudurlugu (T.D.I.),Turkiye,—,—,—,—,—,—,—,—,—,—,7364443,271000164,1044,1400,8NVD48-2U
passenger (cruise),121270,Ayvalik,Live,Turkiye,982,1952,-2'gt,632,Single,TCUX,1926,602,Smits Mfbk en Scheepreparatie,Rotterdam,85.00,—,12.30,12.29,4.20,3.70,0.50,—,Stork-Werkspoor Diesel B.V.,Turkiye Denizcilik Isletmeleri Denizyollari Isletmesi Mudurlugu (T.D.I.),Turkiye,—,—,Government of Government of the Republic of Turkiye (Turkey ),Turkiye,Turkiye Denizcilik Isletmeleri Denizyollari Isletmesi Mudurlugu (T.D.I.),Turkiye,Turkiye Denizcilik Isletmeleri Denizyollari Isletmesi Mudurlugu (T.D.I.),Turkiye,Turkiye Denizcilik Isletmeleri Denizyollari Isletmesi Mudurlugu (T.D.I.),Turkiye,—,—,—,—,—,—,—,—,—,—,5032125,271000162,1417,1900,6TM410
passenger (cruise),121420,Capri,Live,Madeira,286,1962,-2'gt,203,Single,—,956,115,Cantieri Naval S.M.E.B. S.p.A.,Messina,62.00,56.05,9.80,9.80,4.32,3.19,1.14,B&W Diesel A/S,B&W Diesel A/S,Roma Shipping Company S.r.l.,Italy,Madeira,—,Roma Shipping Company S.r.l.,Italy,Roma Shipping Company S.r.l.,Italy,Roma Shipping Company S.r.l.,Italy,Multiservice Group S.R.L.,Italy,—,—,—,—,Multiservice Group S.R.L.,Italy,—,—,—,—,5037644,—,645,865,5-28VBF-50
passenger (cruise),12150674,Kaptan Ilyas Mert,Live,Turkiye,157,2013,-2'gt,—,Single,TCNJ6,459,21,Medyilmaz Shipyard,Eregli,41.96,37.80,—,9.30,3.05,1.92,1.13,—,Unknown Engine Designer,Dursun Guler Denizcilik Turizm Insaat Sanayi ve Ticaret Limited Sirketi,Turkiye,Istanbul,—,Dursun Guler Denizcilik Turizm Insaat Sanayi ve Ticaret Limited Sirketi,Turkiye,Dursun Guler Denizcilik Turizm Insaat Sanayi ve Ticaret Limited Sirketi,Turkiye,Dursun Guler Denizcilik Turizm Insaat Sanayi ve Ticaret Limited Sirketi,Turkiye,Dursun Guler Denizcilik Turizm Insaat Sanayi ve Ticaret Limited Sirketi,Turkiye,—,—,—,—,Turyol Deniz Ulasim Hizmetleri Sanayi ve Ticaret Anonim Sirketi,Turkiye,—,—,—,—,9697533,271043641,197,264,8291SRM85
passenger (cruise),12152844,Galapaguito Dive,Live,Ecuador,95,2011,-2'gt,44,Single,HC5208,296,—,Astillero Mariduena,Guayaquil,36.02,—,8.20,—,3.07,1.42,1.65,—,Unknown Engine Designer,Divewolf Live Aboard Cia Limited,Ecuador,—,—,Divewolf Live Aboard Cia Limited,Ecuador,Divewolf Live Aboard Cia Limited,Ecuador,Luis Antonio Culqui Rumipamba,Ecuador,Divewolf Live Aboard Cia Limited,Ecuador,—,—,—,—,—,—,—,—,—,—,9638719,735058876,—,—,16V4000M70
passenger (cruise),12153144,Soldier George Diving,Live,Ecuador,95,2011,-2'gt,44,Single,HC5209,296,—,Astillero Mariduena,Guayaquil,35.55,—,8.20,—,3.09,1.42,1.67,—,Unknown Engine Designer,Unknown Owners,—,—,—,Unknown Owners,—,Unknown Owners,—,Varadero Mariduena S.A.,Ecuador,Unknown Owners,—,—,—,—,—,—,—,—,—,—,—,9638721,735058877,—,—,16V4000M70
passenger (cruise),12153807,Kaptan Mustafa Guler,Live,Turkiye,99,2001,-2'gt,108,Single,TC9904,330,—,Medyilmaz Shipyard,Eregli,—,—,—,—,—,—,—,—,Unknown Engine Designer,S S Turizm ve Yolcu Deniz Tasiyicilar Kooperatifi (TURYOL),Turkiye,Istanbul,—,S S Turizm ve Yolcu Deniz Tasiyicilar Kooperatifi (TURYOL),Turkiye,S S Turizm ve Yolcu Deniz Tasiyicilar Kooperatifi (TURYOL),Turkiye,S S Turizm ve Yolcu Deniz Tasiyicilar Kooperatifi (TURYOL),Turkiye,S S Turizm ve Yolcu Deniz Tasiyicilar Kooperatifi (TURYOL),Turkiye,—,—,—,—,—,—,—,—,—,—,8748189,271010291,224,300,3406C-TA
passenger (cruise),12203082,Colonia 5,Live,Germany,—,1971,Unknown size,—,Single,DC5426,—,40,—,Germany,27.17,—,6.35,—,—,1.50,—,—,Unknown Engine Designer,Unknown Owners,—,Cologne,—,Unknown Owners,—,Unknown Owners,—,Unknown Owners,—,Unknown Owners,—,—,—,—,—,—,—,—,—,—,—,—,211514080,2000,2681,3D6C
passenger (cruise),12206396,Wind Tender,Live,Germany,—,—,Unknown size,—,Single,DHFJ2,—,—,—,"",15.00,—,4.00,—,—,1.00,—,—,Unknown Engine Designer,Unknown Owners,—,—,—,Unknown Owners,—,Unknown Owners,—,Unknown Owners,—,Unknown Owners,—,—,—,—,—,—,—,—,—,—,—,—,211621250,—,—,UNKNOWN
passenger (cruise),12213868,Vindobona,Live,Austria,—,—,Unknown size,100,Single,OED3054,325,—,—,"",40.00,—,9.00,—,—,1.30,—,—,Unknown Engine Designer,Unknown Owners,—,—,—,Unknown Owners,—,Unknown Owners,—,Unknown Owners,—,Unknown Owners,—,—,—,—,—,—,—,—,—,—,—,—,203999327,1836,2462,UNKNOWN
passenger (cruise),12216150,Costa Diadema,Live,Italy,—,2014,100'-150'gt,10250,Single,IBCX,133019,6203,Fincantieri-Cantieri Navali Italiani S.p.A. Venice,Venice,305.70,—,—,37.20,11.20,8.50,2.70,—,—,Costa Crociere S.p.A.,Italy,Genoa,—,Carnival Corporation,United States of America,Costa Crociere S.p.A.,Italy,Costa Crociere S.p.A.,Italy,Carnival Maritime GmbH,Germany,—,—,—,—,Carnival Maritime GmbH,Germany,Unknown,Unknown,Unknown Scrubber Manufacturer,—,9636888,247353700,—,—,12V46C
passenger (cruise),12216995,Superdong III,Live,Vietnam,100,2010,-2'gt,92,Single,XVRH,242,TG0901,Jana Seribu Sendirian Berhad,Sibu,—,—,—,5.50,2.30,1.25,0.60,Mitsubishi Heavy Industries Limited,Unknown Engine Designer,Superdong Kien Giang Fast Ferry Company Limited,Vietnam,Ho Chi Minh City,—,Superdong Kien Giang Fast Ferry Company Limited,Vietnam,Superdong Kien Giang Fast Ferry Company Limited,Vietnam,Superdong Kien Giang Fast Ferry Company Limited,Vietnam,Superdong Kien Giang Fast Ferry Company Limited,Vietnam,—,—,—,—,—,—,—,—,—,—,9622277,574012604,—,—,16V4000M70
passenger (cruise),12217471,Mein Schiff 3,Live,Malta,63078,2014,60'-100'gt,7900,Single,9HA3062,99526,1383,STX Finland OY - SEE NOW AS Arctech Helsinki Shipyard Incorporated,Turku,293.20,272.80,42.20,35.80,11.20,11.20,0.00,—,—,TUI Cruises GmbH,Germany,Valletta,—,TUI AG,Germany,TUI Cruises GmbH,Germany,TUI Cruises GmbH,Germany,Global Fleet Management LLC,United States of America,—,—,—,—,Global Fleet Management LLC,United States of America,Unknown,Unknown,Clean Marine,Retrofit,9641730,229090000,—,—,—
passenger (cruise),12217472,Mein Schiff 4,Live,Malta,63078,2015,60'-100'gt,11874,Single,9HA3513,99526,1384,Meyer Turku OY,Turku,293.20,272.80,42.30,35.80,11.20,11.20,0.00,—,—,TUI Cruises GmbH,Germany,Valletta,—,TUI AG,Germany,TUI Cruises GmbH,Germany,TUI Cruises GmbH,Germany,Global Fleet Management LLC,United States of America,—,—,—,—,Global Fleet Management LLC,United States of America,Unknown,Unknown,Clean Marine,Retrofit,9678408,229678000,—,—,—
passenger (cruise),12220562,Regina Danubia,Live,Germany,—,1992,-2'gt,65,Single,DC6865,211,—,—,Unknown,70.00,—,11.24,11.24,1.38,1.38,0.00,—,Unknown Engine Designer,Unknown Owners,—,—,—,Unknown Owners,—,Unknown Owners,—,Unknown Owners,—,Unknown Owners,—,—,—,—,—,—,—,—,—,—,—,—,211169170,672,901,3196DITA
passenger (cruise),12222237,Stadt Linz,Live,Germany,—,1989,-2'gt,—,Single,DC3085,273,—,Schiffswerft & Maschinenfabrik JG Hitzler,Regensburg,89.41,—,10.40,10.40,1.51,1.51,0.00,—,Unknown Engine Designer,Unknown Owners,—,—,—,Unknown Owners,—,Unknown Owners,—,Unknown Owners,—,Unknown Owners,—,—,—,—,—,—,—,—,—,—,—,—,211169100,—,—,SBF12M716
passenger (cruise),12223025,Aquastar Maxim,Live,Serbia,—,—,Unknown size,37,Single,YT2562,121,—,—,"",28.00,—,6.00,—,—,1.20,—,—,Unknown Engine Designer,Unknown Owners,—,—,—,Unknown Owners,—,Unknown Owners,—,Unknown Owners,—,Unknown Owners,—,—,—,—,—,—,—,—,—,—,—,—,279202562,1836,2462,UNKNOWN
passenger (cruise),122300,Sea Chariot,Dead,Panama,10500,1994,10'-60'gt,1400,Single,—,12000,241,M.E.K.A.P. Limited,Perama,109.00,—,17.00,—,5.90,4.50,1.40,Wartsila NSD Helsinki,Unknown Engine Designer,Turkish Breakers,—,Panama,—,—,—,—,—,—,—,—,—,—,—,—,—,—,—,—,—,—,—,7803645,—,4847,6500,UNKNOWN
passenger (cruise),122360,Ocean Paradise,Dead,Panama,580,1963,-2'gt,644,Double Bottom,—,1934,69,Carrington Slipways Proprietary Limited,Newcastle(AUS),74.00,—,12.90,—,7.20,4.40,2.80,—,British Polar Engines Limited,Travelin,—,Panama,—,—,—,—,—,—,—,—,—,—,—,—,—,—,—,—,—,—,—,5061619,—,1491,2000,M65T
passenger (cruise),12236330,Viking Star,Live,Norway (Int. Register),18858,2015,10'-60'gt,3640,Single,LAIW6,47842,6236,Fincantieri-Cantieri Navali Italiani S.p.A. Venice,Venice,227.28,—,—,28.79,8.86,6.65,2.21,—,—,Viking River Cruises UK Limited,United Kingdom,Bergen,—,Viking Holding Limited,Bermuda,Viking River Cruises UK Limited,United Kingdom,Viking Ocean Cruises Ship I Limited,Bermuda,Wilhelmsen Ship Management (Norway) AS,Norway,—,—,Deutsche Trustee Company Limited,United Kingdom,Wilhelmsen Ship Management (Norway) AS,Norway,Wet,Closed Loop,Alfa Laval Aalborg A/S,Retrofit,9650418,257903000,—,—,—
passenger (cruise),12237360,Inspire,Live,Malta,—,2014,Unknown size,—,Single,—,—,—,—,"",—,—,—,—,—,—,—,—,Unknown Engine Designer,Scylla AG,Switzerland,Valletta,—,Scylla AG,Switzerland,Scylla AG,Switzerland,Scylla AG,Switzerland,Scylla AG,Switzerland,—,—,—,—,—,—,—,—,—,—,9724879,—,—,—,UNKNOWN
passenger (cruise),12237862,Elvira S.,Live,Mexico,—,1973,-2'gt,—,Single,—,117,548358,Monark Custom Craft Incorporated,"",26.82,—,—,7.01,2.93,—,—,—,Detroit Diesel Corporation,Servicios Maritimos Stiles S.A. de C.V.,Mexico,Ciudad del Carmen,—,Servicios Maritimos Stiles S.A. de C.V.,Mexico,Servicios Maritimos Stiles S.A. de C.V.,Mexico,Servicios Maritimos Stiles S.A. de C.V.,Mexico,Servicios Maritimos Stiles S.A. de C.V.,Mexico,—,—,—,—,—,—,—,—,—,—,8663121,345070259,410,550,12V-71-TI
passenger (cruise),12239313,Norwegian Joy,Live,Bahamas,152831,2017,150'+ gt,11700,Single,C6CX3,167725,694,Meyer Werft GmbH (Dormant),Papenburg,333.46,303.92,—,41.40,11.60,8.72,2.88,—,—,NCL (Bahamas) Limited,United States of America,Nassau,—,Norwegian Cruise Line Holdings Limited,United States of America,NCL (Bahamas) Limited,United States of America,Breakaway Four Limited,Bermuda,NCL (Bahamas) Limited,United States of America,—,—,—,—,NCL (Bahamas) Limited,United States of America,Wet,Hybrid,Yara International ASA,Retrofit,9703796,311000599,—,—,12V46
passenger (cruise),12239315,Norwegian Escape,Live,Bahamas,134779,2015,150'+ gt,11700,Single,C6BR3,164998,693,Meyer Werft GmbH (Dormant),Papenburg,325.90,300.20,46.50,41.40,11.60,8.62,2.98,—,—,NCL (Bahamas) Limited,United States of America,Nassau,—,Norwegian Cruise Line Holdings Limited,United States of America,NCL (Bahamas) Limited,United States of America,Breakaway Three Limited,Bermuda,NCL (Bahamas) Limited,United States of America,—,—,—,—,NCL (Bahamas) Limited,United States of America,Wet,Hybrid,Yara International ASA,Retrofit,9677076,311000341,—,—,12V46
passenger (cruise),12239320,Carnival Vista,Live,Panama,69481,2016,100'-150'gt,13415,Single,3EMB9,133596,6242,Fincantieri-Cantieri Navali Italiani S.p.A. Castellammare di Stabia,Italy,323.63,—,—,37.19,11.19,—,—,—,—,Carnival Corporation (Carnival Cruise Line),United States of America,Panama,—,Carnival Corporation,United States of America,Carnival Corporation (Carnival Cruise Line),United States of America,Carnival Corporation (Carnival Cruise Line),United States of America,Carnival Corporation (Carnival Cruise Line),United States of America,—,—,—,—,Carnival Corporation (Carnival Cruise Line),United States of America,Unknown,Unknown,Unknown Scrubber Manufacturer,Retrofit,9692569,356883000,—,—,12V46C
passenger (cruise),12239321,Seven Seas Explorer,Live,Marshall Islands,20412,2016,10'-60'gt,4780,Single,V7QK9,55254,6250,Fincantieri-Cantieri Navali Italiani S.p.A. Castellammare di Stabia,Trieste,224.02,193.00,—,31.00,28.00,7.20,20.80,—,Unknown Engine Designer,Regent Seven Seas Cruises Incorporated,United States of America,Majuro,—,Norwegian Cruise Line Holdings Limited,United States of America,Regent Seven Seas Cruises Incorporated,United States of America,Explorer New Build LLC,Marshall Islands,NCL (Bahamas) Limited,United States of America,—,—,—,—,NCL (Bahamas) Limited,United States of America,—,—,—,—,9703150,538006712,—,—,9M43C
passenger (cruise),12240591,Peng Xing 15,Live,China,110,2014,-2'gt,39,Single,BRYA,338,—,Afai Southern Shipyard (Panyu Guangzhou) Limited,Guangzhou,40.00,37.53,10.00,9.00,3.40,1.25,2.15,MTU Friedrichshafen GmbH,MTU Friedrichshafen GmbH,Shenzhen Pengxing Shipping Company Limited,People's Republic of China,Shenzhen,—,Shenzhen Pengxing Shipping Company Limited,People's Republic of China,Shenzhen Pengxing Shipping Company Limited,People's Republic of China,Shenzhen Pengxing Shipping Company Limited,People's Republic of China,Shenzhen Pengxing Shipping Company Limited,People's Republic of China,—,—,—,—,—,—,—,—,—,—,9715294,412477670,1080,1448,12V2000M72
passenger (cruise),12242538,Scenic Jade,Live,Malta,—,2014,2'-10'gt,—,Single,HA3603,2721,—,—,"",135.00,—,12.00,—,—,—,—,—,Unknown Engine Designer,Scenic Tours Europe AG,Switzerland,—,—,Scenic Tours Proprietary Limited,Australia,Scenic Tours Europe AG,Switzerland,MS Scenic Jade AG,Switzerland,Scenic Tours Europe AG,Switzerland,—,—,—,—,—,—,—,—,—,—,8338532,229781000,—,—,16V4000M70
passenger (cruise),12242876,Amasonata,Live,Switzerland,—,2014,Unknown size,—,Single,HE4ACA,—,—,—,"",135.00,—,11.00,—,—,—,—,—,Unknown Engine Designer,Unknown Owners,—,—,—,Unknown Owners,—,Unknown Owners,—,Unknown Owners,—,Unknown Owners,—,—,—,—,—,—,—,—,—,—,—,9724207,269057481,—,—,UNKNOWN
passenger (cruise),12244435,St. Erik,Live,Sweden,—,1880,-2'gt,—,Single,SGFI,246,—,AB Lindholmens Varv,Gothenburg,35.00,—,6.00,—,—,—,—,—,Unknown Engine Designer,Stromma Turism & Sjofart AB,Sweden,—,—,Stromma Turism & Sjofart AB,Sweden,Stromma Turism & Sjofart AB,Sweden,Stromma Turism & Sjofart AB,Sweden,Stromma Turism & Sjofart AB,Sweden,—,—,—,—,—,—,—,—,—,—,5422540,265625300,209,280,DSI11
passenger (cruise),12244597,Nina,Live,South Korea,196,2016,-2'gt,60,Single,D7SL,553,ASA039,Afai Southern Shipyard (Panyu Guangzhou) Limited,Guangzhou,39.90,36.96,12.00,10.70,3.80,1.73,2.07,MTU Friedrichshafen GmbH,Unknown Engine Designer,Starline Company Limited,Republic of Korea,Jeju,—,Starline Company Limited,Republic of Korea,Starline Company Limited,Republic of Korea,Starline Company Limited,Republic of Korea,Starline Company Limited,Republic of Korea,—,—,—,—,Starline Company Limited,Republic of Korea,—,—,—,—,9694892,440333000,—,—,16V4000M70
passenger (cruise),12247630,Viking Kara,Live,Switzerland,—,2014,2'-10'gt,—,Single,HE7477,3138,—,—,"",135.00,—,12.00,—,—,—,—,—,Unknown Engine Designer,Viking River Cruises AG,Switzerland,—,—,Viking Holding Limited,Bermuda,Viking River Cruises AG,Switzerland,Viking River Cruises AG,Switzerland,Viking River Cruises AG,Switzerland,—,—,—,—,—,—,—,—,—,—,8339873,269057477,—,—,16V4000M70
passenger (cruise),12247918,Scenic Gem,Live,Malta,—,2014,2'-10'gt,—,Single,9HA3606,2417,—,—,"",110.00,—,11.00,—,—,0.40,—,—,Unknown Engine Designer,Scenic Tours Europe AG,Switzerland,—,—,Scenic Tours Proprietary Limited,Australia,Scenic Tours Europe AG,Switzerland,MS Scenic Gem AG,Switzerland,Scenic Tours Europe AG,Switzerland,—,—,—,—,—,—,—,—,—,—,8338520,229784000,—,—,16V4000M70
passenger (cruise),12250413,Viking Hlin,Live,Switzerland,—,2014,2'-10'gt,—,Single,HE7478,3138,—,—,"",135.00,—,12.00,—,—,—,—,—,Unknown Engine Designer,Viking River Cruises AG,Switzerland,—,—,Viking Holding Limited,Bermuda,Viking River Cruises AG,Switzerland,Viking River Cruises AG,Switzerland,Viking River Cruises AG,Switzerland,—,—,—,—,—,—,—,—,—,—,8339885,269057478,—,—,16V4000M70
passenger (cruise),12251397,Rheinprinzessin,Live,Germany,—,—,Unknown size,—,Single,DJ3830,—,—,—,"",60.00,—,12.00,—,—,—,—,—,Unknown Engine Designer,Unknown Owners,—,—,—,Unknown Owners,—,Unknown Owners,—,Unknown Owners,—,Unknown Owners,—,—,—,—,—,—,—,—,—,—,—,—,211477940,—,—,UNKNOWN
passenger (cruise),12252936,Emine Jale,Live,Turkiye,259,2014,-2'gt,145,Single,TCA3159,801,—,Turkoglu Gemi Insa ve Cekek,Yalova,49.40,43.12,—,11.00,3.40,1.77,1.63,—,Unknown Engine Designer,Emine Jale Jalem Tur,Turkiye,Istanbul,—,Emine Jale Jalem Tur,Turkiye,Emine Jale Jalem Tur,Turkiye,Vima Denizcilik Tersanecilik Uluslararasi Tasimacilik Turzim Gida Sanayi Ticaret Limited Sirketi,Turkiye,Emine Jale Jalem Tur,Turkiye,—,—,—,—,Emine Jale Jalem Tur,Turkiye,—,—,—,—,9604641,271043854,—,—,16V4000M70
passenger (cruise),12254563,Cashin- 01,Live,Vietnam,36,2006,-2'gt,22,Single,XVGO,121,TK-64HC,—,Can Tho,—,—,—,4.38,1.80,1.13,0.43,Yanmar Diesel Engine Company Limited,Unknown Engine Designer,Can Tho Shipbuilding Industries & Transport Joint Stock Company,Vietnam,Ho Chi Minh City,—,Can Tho Shipbuilding Industries & Transport Joint Stock Company,Vietnam,Can Tho Shipbuilding Industries & Transport Joint Stock Company,Vietnam,Can Tho Shipbuilding Industries & Transport Joint Stock Company,Vietnam,Tourist Shipping Company Limited,Vietnam,—,—,—,—,—,—,—,—,—,—,8666197,—,78,105,4BT3.9
passenger (cruise),12255962,Geraldine,Live,Malta,—,2006,-2'gt,—,Single,9HB4779,369,—,Umo Gemi Sanayi ve Ticaret Limited,Eregli,42.00,—,9.00,—,—,—,—,—,—,Supreme Travel Limited,Malta,Valletta,—,Supreme Travel Limited,Malta,Supreme Travel Limited,Malta,Supreme Travel Limited,Malta,Supreme Travel Limited,Malta,—,—,—,—,Supreme Travel Limited,Malta,—,—,—,—,8658231,215000148,—,—,4BT3.9
passenger (cruise),12255963,Kocal Kardesler,Live,Turkiye,217,2009,-2'gt,193,Single,TCXP8,486,—,Turkoglu Gemi Insa ve Cekek,Akcansa Yalova,41.98,38.30,—,10.00,3.20,1.34,1.86,—,Unknown Engine Designer,Kocal Denizcilik,Turkiye,Istanbul,—,Kocal Denizcilik,Turkiye,Kocal Denizcilik,Turkiye,Kocal Denizcilik,Turkiye,Avrasya Denizcilik Tasimaciligi ve Turizm Hizmetleri Insaat Sanayi ve Ticaret AS,Turkiye,—,—,—,—,—,—,—,—,—,—,8742745,271040307,—,—,3406C-TA
passenger (cruise),12257958,Le Lyrial,Live,France,3388,2015,10'-60'gt,1400,Single,FIRS,10992,6230,Fincantieri Cantieri Navali Italiani S.p.A. Trieste,Trieste,142.10,126.20,—,18.00,20.40,4.90,15.50,"Maquinas Electrcias e Hidraulicas Indar, SL (INDAR)","Maquinas Electrcias e Hidraulicas Indar, SL (INDAR)",Credit Industriel et Commercial SA (CIC),France,Mata'utu,—,Credit Mutuel Alliance Federale,France,Credit Industriel et Commercial SA (CIC),France,Caroline 55 SAS,France,Compagnie du Ponant (PONANT),France,—,—,—,—,Compagnie du Ponant (PONANT),France,—,—,—,—,9704130,—,2300,3084,ACP-900-X/14
passenger (cruise),12258200,VIKING EIR,Live,Switzerland,—,2015,2'-10'gt,—,Single,HE7494,3138,—,—,"",135.00,—,12.00,—,—,—,—,—,Unknown Engine Designer,Viking River Cruises AG,Switzerland,—,—,Viking Holding Limited,Bermuda,Viking River Cruises AG,Switzerland,Viking River Cruises AG,Switzerland,Viking River Cruises AG,Switzerland,—,—,—,—,—,—,—,—,—,—,8339940,269057494,—,—,16V4000M70
passenger (cruise),12259896,VIKING MANI,Live,Switzerland,—,2014,2'-10'gt,—,Single,HE7489,3138,—,—,"",135.00,—,12.00,—,—,1.60,—,—,Unknown Engine Designer,Viking River Cruises AG,Switzerland,—,—,Viking Holding Limited,Bermuda,Viking River Cruises AG,Switzerland,Viking River Cruises AG,Switzerland,Viking River Cruises AG,Switzerland,—,—,—,—,—,—,—,—,—,—,8339897,269057489,—,—,16V4000M70
passenger (cruise),12261594,Britannia,Live,Bermuda,119023,2015,100'-150'gt,10500,Single,ZCHH2,143730,6231,Fincantieri-Cantieri Navali Italiani S.p.A. Monfalcone,Monfalcone,330.00,—,44.00,38.40,—,11.35,—,—,—,Carnival plc,United Kingdom,Hamilton,—,Carnival Corporation,United States of America,Carnival plc,United Kingdom,Carnival plc,United Kingdom,Carnival plc,United Kingdom,—,—,—,—,Carnival plc,United Kingdom,Unknown,Unknown,Ecospray Technologies S.r.l.,Retrofit,9614036,310858000,—,—,16M43C
passenger (cruise),12264167,Rose Ekspress,Live,Norway,48,2014,-2'gt,—,Single,LKFP,121,17,AS Maaloy Verft,Deknepoll,24.00,—,—,7.20,2.85,—,—,—,Unknown Engine Designer,Gulen Skyssbatservice AS,Norway,Floro,—,Gulen Skyssbatservice AS,Norway,Gulen Skyssbatservice AS,Norway,Gulen Skyssbatservice AS,Norway,Gulen Skyssbatservice AS,Norway,—,—,—,—,Maritime Management AS,Norway,—,—,—,—,9710414,257635500,3944,5289,16V4000M70
passenger (cruise),12264209,Cormorant 1,Dead,Ecuador,99,2011,-2'gt,42,Single,—,330,—,Botto Astilleros y Marina,Guayaquil,32.50,—,12.20,—,3.52,1.40,2.12,—,Unknown Engine Designer,Cormorant T.,—,—,—,—,—,—,—,—,—,—,—,—,—,—,—,—,—,—,—,—,—,9635339,—,1972,2644,16V4000M70
passenger (cruise),122644,City of Hydra,Dead,Greece,431,1955,-2'gt,161,Single,—,1021,—,—,U.K.,70.00,66.45,10.87,10.87,3.97,2.80,1.17,Sulzer Mitsubishi,Sulzer Turbomachinery Services,Canopus,—,—,—,—,—,—,—,—,—,—,—,—,—,—,—,—,—,—,—,—,—,5075799,—,447,600,SULZER DIESEL
passenger (cruise),122652,City of Myconos,Dead,Greece,2371,1956,2'-10'gt,1397,Single,—,4548,1812,Cantieri Riuniti Dell'Adriatico,Monfalcone,112.00,98.00,15.50,15.50,9.61,5.34,4.27,Fiat Avio SpA,Fiat Avio SpA,Canopus,—,—,—,—,—,—,—,—,—,—,—,—,—,—,—,—,—,—,—,—,—,5310199,—,2088,2800,600.7S
passenger (cruise),12267504,Koningsdam,Live,Netherlands,68234,2016,60'-100'gt,9480,Single,PBGJ,99836,6251,Fincantieri-Cantieri Navali Italiani S.p.A. Venice,Venice,299.65,—,—,34.98,—,10.81,—,—,—,HAL Antillen N.V.,Curacao,—,—,Carnival Corporation,United States of America,HAL Antillen N.V.,Curacao,HAL Antillen N.V.,Curacao,Holland America Line N.V.,United States of America,—,—,—,—,Holland America Line N.V.,United States of America,Unknown,Unknown,Ecospray Technologies S.r.l.,Retrofit,9692557,244830547,—,—,12M43C
passenger (cruise),12267964,Fast Cat M5,Live,Philippines,212,2014,-2'gt,300,Single,DUE2796,704,—,Marine-Expert (Zhao Qing) Xijiang Shipyard Company Limited,Zhaoqing,50.64,47.28,17.50,17.50,—,2.00,—,—,Yanmar Diesel Engine Company Limited,Indian Breakers,India,Batangas,—,Indian Breakers,India,Indian Breakers,India,Indian Breakers,India,Indian Breakers,India,—,—,—,—,—,—,—,—,—,—,9745342,548049501,485,650,6AYM-WST
passenger (cruise),12268089,Macoco,Live,Angola,64,2014,-2'gt,26,Single,D3085,214,—,Astilleros Armon S.A.,Navia,30.00,29.60,9.00,8.50,—,1.20,—,—,Unknown Engine Designer,Instituto Maritimo Portuario de Angola (IMPA),Angola,Luanda,—,Government of The People's Republic of Angola,Angola,Instituto Maritimo Portuario de Angola (IMPA),Angola,Instituto Maritimo Portuario de Angola (IMPA),Angola,Instituto Maritimo Portuario de Angola (IMPA),Angola,—,—,—,—,—,—,—,—,—,—,9725055,603714700,3944,5289,16V4000M70
passenger (cruise),12268183,Rheinfels,Live,Germany,—,1965,Unknown size,27,Single,DC 4972,88,—,—,"",25.65,—,5.18,—,—,1.15,—,—,Unknown Engine Designer,Unknown Owners,—,—,—,Unknown Owners,—,Unknown Owners,—,Unknown Owners,—,Unknown Owners,—,—,—,—,—,—,—,—,—,—,—,—,211514780,—,—,UNKNOWN
passenger (cruise),12268410,Panguila,Live,Angola,64,2014,-2'gt,26,Single,D3088,214,737,Astilleros Armon S.A.,Navia,30.00,29.60,9.00,8.50,—,1.20,—,—,Unknown Engine Designer,Instituto Maritimo Portuario de Angola (IMPA),Angola,Luanda,—,Government of The People's Republic of Angola,Angola,Instituto Maritimo Portuario de Angola (IMPA),Angola,Instituto Maritimo Portuario de Angola (IMPA),Angola,Instituto Maritimo Portuario de Angola (IMPA),Angola,—,—,—,—,—,—,—,—,—,—,9725067,603715000,—,—,16V4000M70
passenger (cruise),122704,Vergina Treasure,Dead,Panama,1756,1967,2'-10'gt,500,Single,—,3151,—,—,Japan,89.00,—,13.40,—,6.30,3.90,2.40,—,Mitsubishi Heavy Industries Limited,Ayios,—,Panama,—,—,—,—,—,—,—,—,—,—,—,—,—,—,—,—,—,—,—,6719079,—,2610,3500,8UET39/65C
passenger (cruise),122716,Hebridean Princess,Live,U.K.,633,1964,2'-10'gt,240,Single,GNHV,2112,912,Hall Russell & Company Limited,Aberdeen,71.63,67.06,14.10,13.26,3.97,2.74,1.23,Crossley Marine Engines,Crossley Marine Engines,HP Shipping Limited,United Kingdom,Glasgow,—,HP Shipping Limited,United Kingdom,HP Shipping Limited,United Kingdom,HP Shipping Limited,United Kingdom,Northern Marine Ferries Limited,United Kingdom,All Leisure Holidays Limited,United Kingdom,—,—,Northern Marine Ferries Limited,United Kingdom,—,—,—,—,6409351,232649000,895,1200,HGN8
passenger (cruise),12271757,Diambogne,Live,Senegal,1900,2014,2'-10'gt,814,Single,6WKQ,2600,DSY-003,Dongil Shipyard Company Limited,Busan,75.06,69.74,15.00,15.00,2.90,1.61,1.29,Cummins Incorporated,Unknown Engine Designer,Ministere de la Peche et des Affaires Maritimes,Senegal,Dakar,—,Ministere de la Peche et des Affaires Maritimes,Senegal,Ministere de la Peche et des Affaires Maritimes,Senegal,Ministere de la Peche et des Affaires Maritimes,Senegal,Consortium Senegalese Maritime Activities (COSAMA S.A.),Senegal,—,—,—,—,—,—,—,—,—,—,9714458,663097000,—,—,16V4000M70
passenger (cruise),12272207,Klimt,Live,Germany,—,2006,Unknown size,—,Single,DJ4191,—,—,Scheepswerf Grave BV,Grave,110.00,—,12.00,—,—,1.70,—,Cummins Incorporated,Cummins Incorporated,Unknown Owners,—,—,—,Unknown Owners,—,Unknown Owners,—,Unknown Owners,—,Unknown Owners,—,—,—,—,—,—,—,—,—,—,—,—,211498130,—,1100,KTA-38
passenger (cruise),123156,Daunia,Dead,Italy,388,1965,-2'gt,256,Single,—,822,259,Fincantieri-Cantieri Navali Italiani S.p.A. Ancona,Ancona,63.84,57.00,9.54,9.50,3.81,2.90,0.91,Cantieri Riuniti Dell'Adriatico,B&W Diesel A/S,Turkish Breakers,—,Manfredonia,—,—,—,—,—,—,—,—,—,—,—,—,—,—,—,—,—,—,—,6602305,—,984,1320,8-26MTBF-40
passenger (cruise),123222,Delta Queen,Live,U.S.A.,1160,1926,2'-10'gt,—,Single,WA4141,3360,—,—,U.S.A.,—,—,—,—,—,—,—,—,Unknown Engine Designer,Majestic America Line,United States of America,—,—,Majestic America Line,United States of America,Majestic America Line,United States of America,Majestic America Line,United States of America,V. Ships Leisure SAM,Monaco,—,—,—,—,—,—,—,—,—,—,8643327,366950730,522,700,UNKNOWN TURBINE
passenger (cruise),123333,Dipolog Princess,Live,Philippines,1776,1969,2'-10'gt,1798,Single,—,3642,210,Onomichi Shipbuilding Company Limited,Onomichi,111.00,101.56,15.20,15.20,8.70,5.50,3.20,—,B&W Diesel A/S,Philippine Span Asia Carrier Corporation,Philippines,Manila,—,Philippine Span Asia Carrier Corporation,Philippines,Philippine Span Asia Carrier Corporation,Philippines,Philippine Span Asia Carrier Corporation,Philippines,Philippine Span Asia Carrier Corporation,Philippines,—,—,—,—,—,—,—,—,—,—,6924765,—,4586,6150,8-50VTBF-110
passenger (cruise),123620,Royal Pacific,Dead,Bahamas,5032,1965,10'-60'gt,2725,Single,—,13176,—,—,Australia,135.00,—,21.50,—,12.70,6.10,6.60,—,Unknown Engine Designer,Tony T.,—,Nassau,—,—,—,—,—,—,—,—,—,—,—,—,—,—,—,—,—,—,—,6405434,—,5033,6750,UNKNOWN
passenger (cruise),12366193,Belize Aggressor III,Live,Belize,68,1993,-2'gt,—,Single,V3PP5,188,—,—,U.S.A.,28.19,—,—,6.58,2.90,—,—,General Motors Corporation,Unknown Engine Designer,Venture Charters Limited,Cayman Islands,Belize City,—,Venture Charters Limited,Cayman Islands,Venture Charters Limited,Cayman Islands,Venture Charters Limited,Cayman Islands,Venture Charters Limited,Cayman Islands,—,—,—,—,—,—,—,—,—,—,8972417,312611000,375,1000,12V-71-TI
passenger (cruise),12366493,Solway Lass,Live,Australia,—,1902,Unknown size,—,Single,—,—,—,—,"",—,—,—,—,—,—,—,—,Unknown Engine Designer,Southern Cross Sailing Adventures Proprietary Limited,Australia,Sydney,—,Southern Cross Sailing Adventures Proprietary Limited,Australia,Southern Cross Sailing Adventures Proprietary Limited,Australia,Southern Cross Sailing Adventures Proprietary Limited,Australia,Southern Cross Sailing Adventures Proprietary Limited,Australia,—,—,—,—,—,—,—,—,—,—,5344736,—,—,—,UNKNOWN
passenger (cruise),12366494,Fantome Cat,Live,Australia,—,2010,-2'gt,30,Single,—,250,—,Aluminium Boats Incorporated,Crown Point(USA),—,—,—,—,—,—,—,—,Unknown Engine Designer,Sealink Queensland Proprietary Limited,Australia,Townsville,—,Sealink Queensland Proprietary Limited,Australia,Sealink Queensland Proprietary Limited,Australia,Sealink Queensland Proprietary Limited,Australia,Sealink Queensland Proprietary Limited,Australia,—,—,—,—,—,—,—,—,—,—,9587960,503016390,—,—,16V4000M70
passenger (cruise),12367643,Dynasty 2000,Live,Australia,—,1999,-2'gt,50,Single,—,100,—,—,"",—,—,—,—,—,—,—,—,Unknown Engine Designer,Unknown Owners,—,Sydney,—,Unknown Owners,—,Unknown Owners,—,Unknown Owners,—,Unknown Owners,—,—,—,—,—,—,—,—,—,—,—,8912053,—,380,510,6NSD-M
passenger (cruise),12367964,Oscarsborg II,Live,Norway,40,1999,-2'gt,—,Single,JWAJ,101,314,—,Risor,24.70,—,—,6.00,2.38,—,—,—,Unknown Engine Designer,Forsvarsbygg,Norway,Horten,—,Forsvarsbygg,Norway,Forsvarsbygg,Norway,Forsvarsbygg,Norway,Forsvarsbygg,Norway,—,—,—,—,Forsvarsbygg,Norway,—,—,—,—,8656128,257169200,—,—,12V183TE72
passenger (cruise),12368294,Lulu,Live,St. Vincent & Grenadines,52,2003,-2'gt,—,Single,—,173,—,Astilleros Astonda SA,Santa Pola,—,—,—,—,—,—,—,MTU Detroit Diesel UK Limited,Unknown Engine Designer,Unknown Owners,—,Kingstown,—,Unknown Owners,—,Unknown Owners,—,Jamal Jaham A A Al-Kuwari/Mr,State of Qatar,Unknown Owners,—,—,—,—,—,—,—,—,—,—,—,9093414,—,198,266,12V4000M70
passenger (cruise),12373219,Soma 301,Live,Turkiye,146,2014,-2'gt,192,Single,TCA3341,486,31,Ozata Shipyard,Yalova,39.00,38.12,11.80,11.60,3.50,1.40,2.10,—,Unknown Engine Designer,Izmir Buyuksehir Belediyesi,Turkiye,Izmir,—,Izmir Deniz Isletmeciligi Nakliye ve Turizm Ticaret AS,Turkiye,Izmir Buyuksehir Belediyesi,Turkiye,Izmir Buyuksehir Belediyesi,Turkiye,Izmir Deniz Isletmeciligi Nakliye ve Turizm Ticaret AS,Turkiye,—,—,—,—,Izmir Deniz Isletmeciligi Nakliye ve Turizm Ticaret AS,Turkiye,—,—,—,—,9756755,271044002,197,264,8291SRM85
passenger (cruise),12384061,River Navigator,Live,Germany,—,—,Unknown size,—,Single,DC6074,—,—,—,"",110.00,—,11.00,—,—,1.50,—,—,Unknown Engine Designer,Unknown Owners,—,—,—,Unknown Owners,—,Unknown Owners,—,Unknown Owners,—,Unknown Owners,—,—,—,—,—,—,—,—,—,—,—,—,211668360,—,—,UNKNOWN
passenger (cruise),12390833,Gisela,Live,Germany,—,1977,-2'gt,—,Single,DF8340,106,—,—,"",53.50,—,7.20,—,—,1.30,—,—,Unknown Engine Designer,Unknown Owners,—,—,—,Unknown Owners,—,Unknown Owners,—,Unknown Owners,—,Unknown Owners,—,—,—,—,—,—,—,—,—,—,—,—,211668740,—,—,SBF12M716
passenger (cruise),1239559,Weesam Express 6,Live,Philippines,38,2002,-2'gt,—,Single,—,219,—,Yong Choo Kui Shipyard Sendirian Berhad,Sibu,—,—,—,5.00,2.50,—,—,—,Unknown Engine Designer,SRN Fast Seacrafts Incorporated,Philippines,Zamboanga,—,SRN Fast Seacrafts Incorporated,Philippines,SRN Fast Seacrafts Incorporated,Philippines,SRN Fast Seacrafts Incorporated,Philippines,SRN Fast Seacrafts Incorporated,Philippines,—,—,—,—,—,—,—,—,—,—,9093036,—,518,695,6AYM-ETE
passenger (cruise),124102,Fiesta,Dead,Greece,1075,1946,2'-10'gt,—,Single,—,3158,—,—,"",—,—,—,—,—,—,—,—,Unknown Engine Designer,—,—,—,—,—,—,—,—,—,—,—,—,—,—,—,—,—,—,—,—,—,—,5415224,—,—,—,UNKNOWN
passenger (cruise),124111,Finnmarken,Live,Unknown,1091,1956,2'-10'gt,637,Single,—,2189,788,Blohm + Voss GmbH,Hamburg,81.00,—,12.80,—,7.20,4.50,2.70,—,MAN Energy Solutions SE,Hurtigruten Global Sales AS,Norway,—,—,Silk Topco AS,Norway,Hurtigruten Global Sales AS,Norway,Hurtigruten Global Sales AS,Norway,Hurtigruten Global Sales AS,Norway,—,—,—,—,—,—,—,—,—,—,5115240,—,2207,2960,G10V52/74
passenger (cruise),12413712,AIDAprima,Live,Italy,105110,2016,100'-150'gt,9200,Single,IBGU,125572,2300,Mitsubishi Heavy Industries Limited Shipbuilding,Nagasaki,299.95,294.00,—,37.60,14.13,8.25,5.88,—,Mak Motoren GmbH & Company KG,Costa Crociere S.p.A.,Italy,Genoa,—,Carnival Corporation,United States of America,Costa Crociere S.p.A.,Italy,Costa Crociere S.p.A.,Italy,Carnival Maritime GmbH,Germany,Aida Cruises German Branch of Costa Crociere SpA,Germany,—,—,Carnival Maritime GmbH,Germany,Unknown,Unknown,Unknown Scrubber Manufacturer,—,9636955,247353800,11700,18774,12M43C
passenger (cruise),12413788,Viking Sky,Live,Norway (Int. Register),18858,2017,10'-60'gt,4826,Single,LAYU7,47842,6237,Fincantieri-Cantieri Navali Italiani S.p.A. Ancona,Ancona,228.28,—,—,28.80,8.86,6.65,2.21,—,—,Viking River Cruises UK Limited,United Kingdom,Bergen,—,Viking Holding Limited,Bermuda,Viking River Cruises UK Limited,United Kingdom,Viking Ocean Cruises Ship II Limited,Bermuda,Wilhelmsen Ship Management (Norway) AS,Norway,—,—,—,—,Wilhelmsen Ship Management (Norway) AS,Norway,Wet,Closed Loop,Alfa Laval Aalborg A/S,Retrofit,9650420,259186000,—,—,—
passenger (cruise),12413789,Viking Sea,Live,Norway (Int. Register),18800,2016,10'-60'gt,4870,Single,LAWP7,47842,6245,Fincantieri-Cantieri Navali Italiani S.p.A. Ancona,Ancona,227.92,—,—,28.80,8.86,6.65,2.21,—,—,Viking River Cruises UK Limited,United Kingdom,Bergen,—,Viking Holding Limited,Bermuda,Viking River Cruises UK Limited,United Kingdom,Viking Sea Limited,Bermuda,Wilhelmsen Ship Management (Norway) AS,Norway,—,—,—,—,Wilhelmsen Ship Management (Norway) AS,Norway,Wet,Closed Loop,Alfa Laval Aalborg A/S,Retrofit,9725421,258215000,—,—,—
passenger (cruise),12413821,Ovation of the Seas,Live,Bahamas,154078,2015,150'+ gt,12000,Single,C6BX9,168666,699,Meyer Werft GmbH (Dormant),Papenburg,348.00,320.10,48.90,41.20,11.45,8.82,2.63,Wartsila Finland oy,Wartsila Corporation,Royal Caribbean Cruises Limited (RCL),United States of America,Nassau,—,Royal Caribbean Cruises Limited (RCL),United States of America,Royal Caribbean Cruises Limited (RCL),United States of America,Ovation of the Seas Incorporated,Liberia,RCL Cruises Limited,United Kingdom,—,—,—,—,RCL Cruises Limited,United Kingdom,Unknown,Unknown,kpPlast,Retrofit,9697753,311000397,15076,20217,12V46
passenger (cruise),12414943,Fast Cat M8,Live,Philippines,212,2015,-2'gt,225,Single,4DFI5,704,HY-2207,—,"",50.64,49.90,—,17.50,—,—,—,—,Yanmar Diesel Engine Company Limited,Archipelago Philippines Ferries Corporation,Philippines,Batangas,—,Archipelago Philippines Ferries Corporation,Philippines,Archipelago Philippines Ferries Corporation,Philippines,Archipelago Philippines Ferries Corporation,Philippines,Archipelago Philippines Ferries Corporation,Philippines,—,—,—,—,—,—,—,—,—,—,9745392,548084500,485,650,6AYM-WST
passenger (cruise),12416438,Fast Cat M7,Live,Philippines,212,2015,-2'gt,300,Single,4DFI4,704,HY-2208,—,"",50.64,47.28,17.50,17.50,—,—,—,—,Yanmar Diesel Engine Company Limited,Archipelago Philippines Ferries Corporation,Philippines,Batangas,—,Archipelago Philippines Ferries Corporation,Philippines,Archipelago Philippines Ferries Corporation,Philippines,Archipelago Philippines Ferries Corporation,Philippines,Archipelago Philippines Ferries Corporation,Philippines,—,—,—,—,—,—,—,—,—,—,9745407,548083500,485,650,6AYM-WST
passenger (cruise),12424654,Blue Charm,Live,Sweden,—,1955,Unknown size,—,Single,SJTF,—,—,—,"",39.00,—,6.00,—,—,—,—,—,Unknown Engine Designer,Unknown Owners,—,—,—,Unknown Owners,—,Unknown Owners,—,Unknown Owners,—,Unknown Owners,—,—,—,—,—,—,—,—,—,—,—,5285306,265656810,2000,2681,3D6C
passenger (cruise),124272,Vergina City,Dead,Panama,1736,1967,2'-10'gt,484,Single,—,3155,—,—,Japan,89.00,—,13.40,—,6.30,3.90,2.40,—,Mitsubishi Heavy Industries Limited,Stability L.,—,Panama,—,—,—,—,—,—,—,—,—,—,—,—,—,—,—,—,—,—,—,6723123,—,2610,3500,8UET39/65C
passenger (cruise),12429067,Palm Cat,Live,Australia,—,2008,-2'gt,30,Single,—,250,—,Aluminium Boats Incorporated,Crown Point(USA),—,—,—,—,—,—,—,—,—,Sealink Queensland Proprietary Limited,Australia,—,—,Sealink Queensland Proprietary Limited,Australia,Sealink Queensland Proprietary Limited,Australia,Sealink Queensland Proprietary Limited,Australia,Sealink Queensland Proprietary Limited,Australia,—,—,—,—,—,—,—,—,—,—,9548421,—,245,329,12V2000M70
passenger (cruise),12433953,Bergsund,Live,Sweden,—,1956,Unknown size,—,Single,SIVP,—,—,Lindstols Skips & Baatbyggeri AS,Risor,28.00,—,6.00,—,—,—,—,—,Unknown Engine Designer,Unknown Owners,—,—,—,Unknown Owners,—,Unknown Owners,—,Unknown Owners,—,Unknown Owners,—,—,—,—,—,—,—,—,—,—,—,5351818,265738430,—,—,UNKNOWN
passenger (cruise),12436339,Peng Xing 18,Live,China,110,2015,-2'gt,37,Single,BRZJ,338,—,—,"",40.00,37.53,9.00,9.00,3.40,1.25,2.15,MTU Friedrichshafen GmbH,MTU Friedrichshafen GmbH,Shenzhen Pengxing Shipping Company Limited,People's Republic of China,Shenzhen,—,Shenzhen Pengxing Shipping Company Limited,People's Republic of China,Shenzhen Pengxing Shipping Company Limited,People's Republic of China,Shenzhen Pengxing Shipping Company Limited,People's Republic of China,Shenzhen Pengxing Shipping Company Limited,People's Republic of China,—,—,—,—,—,—,—,—,—,—,9730567,413482110,1080,1448,12V2000M72
passenger (cruise),12438569,VIKING MIMIR,Live,Switzerland,—,2024,2'-10'gt,—,Single,HE7518,3138,—,—,"",135.00,—,12.00,—,—,—,—,—,Unknown Engine Designer,Viking River Cruises AG,Switzerland,—,—,Viking Holding Limited,Bermuda,Viking River Cruises AG,Switzerland,Viking River Cruises AG,Switzerland,Viking River Cruises AG,Switzerland,—,—,—,—,—,—,—,—,—,—,8352198,269057518,—,—,16V4000M70
passenger (cruise),12441113,VIKING VE,Live,Switzerland,—,2015,2'-10'gt,—,Single,HE7517,3138,—,—,"",135.00,—,12.00,—,—,1.60,—,—,Unknown Engine Designer,Viking River Cruises AG,Switzerland,—,—,Viking Holding Limited,Bermuda,Viking River Cruises AG,Switzerland,Viking River Cruises AG,Switzerland,Viking River Cruises AG,Switzerland,—,—,—,—,—,—,—,—,—,—,8340004,269057517,—,—,16V4000M70
passenger (cruise),12442361,Scenic Jasper,Live,Malta,—,2015,Unknown size,—,Single,9HA3882,—,—,—,"",135.00,—,12.00,—,—,0.10,—,—,Unknown Engine Designer,Scenic Tours Europe AG,Switzerland,—,—,Scenic Tours Proprietary Limited,Australia,Scenic Tours Europe AG,Switzerland,MS Scenic Jasper AG,Switzerland,Scenic Tours Europe AG,Switzerland,—,—,—,—,—,—,—,—,—,—,8338544,256306000,—,—,UNKNOWN
passenger (cruise),12448838,MSC Seaside,Live,Malta,149345,2017,150'+ gt,11385,Single,9HA4638,153516,6256,Fincantieri-Cantieri Navali Italiani S.p.A. Venice,Venice,323.33,—,—,41.00,12.10,8.80,3.31,General Electric Company,Alstom Sao Paulo,MSC Crociere (Mediterranean Shipping Cruises) S.p.A.,Italy,Valletta,—,Mediterranean Shipping Company S.A. (MSC),Switzerland,MSC Crociere (Mediterranean Shipping Cruises) S.p.A.,Italy,CNS Compania Naviera Seaside 1 S.A.,Malta,MSC Cruise Management (UK) Limited,United Kingdom,—,—,—,—,MSC Cruise Management (UK) Limited,United Kingdom,Unknown,Unknown,Unknown Scrubber Manufacturer,Retrofit,9745366,248392000,20000,26820,M3HXD300-225MV
passenger (cruise),12453338,Viking Gefjon,Live,Switzerland,—,2023,2'-10'gt,—,Single,HE7516,3138,—,—,"",135.00,—,12.00,—,—,1.60,—,—,Unknown Engine Designer,Viking River Cruises AG,Switzerland,—,—,Viking Holding Limited,Bermuda,Viking River Cruises AG,Switzerland,Viking River Cruises AG,Switzerland,Viking River Cruises AG,Switzerland,—,—,—,—,—,—,—,—,—,—,8339990,269057516,—,—,16V4000M70
passenger (cruise),124570,Langeoog IV,Live,Germany,261,1979,-2'gt,128,Single,DCDJ,623,139,Schiffswerft Julius Diedrich GmbH & Company KG,Emden,45.88,42.40,10.00,10.00,2.90,1.32,1.58,Deutz MWM AG,Deutz MWM AG,Schiffahrt der Inselgemeinde Langeoog,Germany,Langeoog,—,Schiffahrt der Inselgemeinde Langeoog,Germany,Schiffahrt der Inselgemeinde Langeoog,Germany,Schiffahrt der Inselgemeinde Langeoog,Germany,Schiffahrt der Inselgemeinde Langeoog,Germany,—,—,—,—,Schiffahrt der Inselgemeinde Langeoog,Germany,—,—,—,—,7822469,211270830,398,534,TBD602V12S
passenger (cruise),12458134,Lord Of The Highlands,Live,U.K.,192,2012,-2'gt,117,Single,MHCT6,398,19,Medyilmaz Shipyard,Zonguldak,45.00,36.96,—,9.30,3.05,1.86,1.19,—,Unknown Engine Designer,HP Shipping Limited,United Kingdom,Inverness,—,HP Shipping Limited,United Kingdom,HP Shipping Limited,United Kingdom,HP Shipping Limited,United Kingdom,Northern Marine Management Limited,United Kingdom,—,—,—,—,Northern Marine Management Limited,United Kingdom,—,—,—,—,9641285,232027110,—,—,16V4000M70
passenger (cruise),12473576,Scenic Opal,Live,Malta,—,2015,Unknown size,—,Single,HA3904,—,—,—,"",135.00,—,11.00,—,—,—,—,—,Unknown Engine Designer,Scenic Tours Europe AG,Switzerland,—,—,Scenic Tours Proprietary Limited,Australia,Scenic Tours Europe AG,Switzerland,MS Scenic Opal AG,Switzerland,Scenic Tours Europe AG,Switzerland,—,—,—,—,—,—,—,—,—,—,8338556,256405000,—,—,UNKNOWN
passenger (cruise),12478228,Gustaf Af Klint,Live,Sweden,—,1941,Unknown size,—,Single,SEBT,—,326,AB Finnboda,Stockholm,18.00,—,9.00,—,—,2.00,—,—,Unknown Engine Designer,Unknown Owners,—,—,—,Unknown Owners,—,Unknown Owners,—,Unknown Owners,—,Unknown Owners,—,—,—,—,—,—,—,—,—,—,—,5138539,265721780,—,—,UNKNOWN
passenger (cruise),12509914,Dumai Line 5,Live,Indonesia,—,2015,Unknown size,—,Single,YBBX2,—,—,—,"",30.00,—,6.00,—,—,—,—,—,Unknown Engine Designer,P.T. Lestari Indoma Bahari,Indonesia,—,—,P.T. Lestari Indoma Bahari,Indonesia,P.T. Lestari Indoma Bahari,Indonesia,P.T. Lestari Indoma Bahari,Indonesia,P.T. Lestari Indoma Bahari,Indonesia,—,—,—,—,—,—,—,—,—,—,9785213,525003394,—,—,UNKNOWN
passenger (cruise),125140,Logos Hope,Live,Malta,4922,1973,10'-60'gt,1507,Single,9HA2851,12519,678,HDW Nobiskrug GmbH & Company KG,Rendsburg,132.50,117.00,20.79,20.79,12.50,5.20,7.30,Stork-Werkspoor Diesel B.V.,Stork-Werkspoor Diesel B.V.,GBA Ships e.V.,Germany,Valletta,—,GBA Ships e.V.,Germany,GBA Ships e.V.,Germany,Doulos Limited,Malta,GBA Ships e.V.,Germany,—,—,—,—,GBA Ships e.V.,Germany,—,—,—,—,7302914,256375000,2983,4000,6TM410
passenger (cruise),12522393,Harmony of the Seas,Live,Bahamas,257566,2016,150'+ gt,20236,Single,C6BX8,226963,A34,Chantiers de l'Atlantique,St. Nazaire,362.12,330.70,47.42,47.00,12.65,9.32,3.33,—,—,Royal Caribbean Cruises Limited (RCL),United States of America,Nassau,—,Royal Caribbean Cruises Limited (RCL),United States of America,Royal Caribbean Cruises Limited (RCL),United States of America,Harmony of the Seas Incorporated,United States of America,Royal Caribbean Cruises Limited (RCL),United States of America,—,—,—,—,Royal Caribbean Cruises Limited (RCL),United States of America,Wet,Hybrid,Wartsila Corporation,Retrofit,9682875,311000396,—,—,—
passenger (cruise),125315,Daphne,Dead,Malta,365,1962,-2'gt,129,Single,—,688,116,—,Messina,62.00,—,10.00,—,4.30,3.10,1.20,—,Unknown Engine Designer,Greek Breakers,—,Valletta,—,—,—,—,—,—,—,—,—,—,—,—,—,—,—,—,—,—,—,5384047,—,645,865,UNKNOWN
passenger (cruise),12534391,Silver Muse,Live,Bahamas,—,2017,10'-60'gt,4050,Single,C6DC5,40791,6226,Fincantieri-Cantieri Navali Italiani S.p.A. Genoa,Genoa,212.78,—,—,27.00,11.50,6.70,1.91,—,—,Silversea Cruises Limited,United States of America,Nassau,—,Lefebvre family,Monaco,Silversea Cruises Limited,United States of America,Silversea Cruises Limited,United States of America,Silversea S.A.M.,Monaco,—,—,—,—,Silversea S.A.M.,Monaco,—,—,—,—,9784350,311000637,—,—,—
passenger (cruise),12534392,Seabourn Encore,Live,Bahamas,—,2016,10'-60'gt,7000,Single,C6CG4,41865,6251,Fincantieri-Cantieri Navali Italiani S.p.A. Venice,Italy,210.17,—,—,27.99,11.70,6.80,4.90,—,—,Seabourn Cruise Line A/S,Norway,Nassau,—,Carnival Corporation,United States of America,Seabourn Cruise Line A/S,Norway,Seabourn Cruise Line Limited,United States of America,Holland America Line N.V.,United States of America,—,—,—,—,Holland America Line N.V.,United States of America,Unknown,Unknown,Unknown Scrubber Manufacturer,—,9731171,311000464,—,—,—
passenger (cruise),12534393,Seabourn Ovation,Live,Bahamas,15,2018,10'-60'gt,7000,Single,C6CV5,41865,6258,Fincantieri-Cantieri Navali Italiani S.p.A. Venice,Italy,210.50,—,36.00,28.00,11.70,6.80,2.00,—,—,Carnival Corporation,United States of America,Nassau,—,Carnival Corporation,United States of America,Carnival Corporation,United States of America,Carnival Holdings (Bermuda) Limited,Bermuda,Holland America Line N.V.,United States of America,—,—,—,—,Holland America Line N.V.,United States of America,Unknown,Unknown,Unknown Scrubber Manufacturer,—,9764958,311000585,—,—,—
passenger (cruise),125375,Trapesus,Dead,North Korea,397,1970,-2'gt,221,Single,—,1069,904,Varna Shipyard,Varna,68.00,—,10.10,—,6.10,3.20,2.90,Russkiy Diesel Firm,Russkiy Diesel Firm,Turkish Breakers,—,Wonsan,—,—,—,—,—,—,—,—,—,—,—,—,—,—,—,—,—,—,—,7045815,—,446,598,6DR30/50-5-2
passenger (cruise),125447,Golden Prince,Dead,Greece,3470,1973,2'-10'gt,1074,Single,—,7735,1165,Usuki Shipyard Company Limited,Saiki,126.98,115.00,17.20,17.20,6.80,5.77,1.03,NKK Shipbuilding (Nippon Kokan K.K),Semt Pielstick SA,Sea Fighter N.,—,—,—,—,—,—,—,—,—,—,—,—,—,—,—,—,—,—,—,—,—,7323449,—,8054,10800,18PC2-5V-400
passenger (cruise),125575,Waverley,Live,U.K.,327,1947,-2'gt,128,Single,GRPM,693,1330p,A.& J. Inglis Limited,Glasgow,73.00,—,17.50,—,2.70,1.90,0.80,—,Unknown Engine Designer,Waverley Steam Navigation Company Limited,United Kingdom,—,—,Waverley Steam Navigation Company Limited,United Kingdom,Waverley Steam Navigation Company Limited,United Kingdom,Waverley Steam Navigation Company Limited,United Kingdom,Waverley Steam Navigation Company Limited,United Kingdom,Waverley Excursions Limited,United Kingdom,—,—,—,—,—,—,—,—,5386954,232001540,—,—,UNKNOWN TURBINE
passenger (cruise),12558098,Mein Schiff 5,Live,Malta,62689,2016,60'-100'gt,11921,Single,9HA3858,98785,1389,Meyer Turku OY,Finland,295.26,272.74,36.24,35.83,20.60,11.20,9.40,—,—,TUI Cruises GmbH,Germany,Valletta,—,TUI AG,Germany,TUI Cruises GmbH,Germany,TUI Cruises GmbH,Germany,Global Fleet Management LLC,United States of America,—,—,—,—,Global Fleet Management LLC,United States of America,Unknown,Unknown,Clean Marine,Retrofit,9753193,256235000,—,—,—
passenger (cruise),12558099,Mein Schiff 6,Live,Malta,62704,2017,60'-100'gt,7900,Single,9HA4330,98811,1390,Meyer Turku OY,Finland,295.26,272.78,36.20,36.20,11.20,11.20,0.00,—,—,TUI Cruises GmbH,Germany,Valletta,—,TUI AG,Germany,TUI Cruises GmbH,Germany,TUI Cruises GmbH,Germany,Global Fleet Management LLC,United States of America,—,—,—,—,Global Fleet Management LLC,United States of America,Unknown,Unknown,Clean Marine,Retrofit,9753208,249660000,—,—,—
passenger (cruise),12558101,Mein Schiff 2,Live,Malta,75476,2018,100'-150'gt,7900,Single,9HA4883,111554,1393,Meyer Turku OY,Finland,315.70,292.60,36.00,35.80,11.20,11.20,0.00,—,—,TUI Cruises GmbH,Germany,Valletta,—,TUI AG,Germany,TUI Cruises GmbH,Germany,TUI Cruises GmbH,Germany,Global Fleet Management LLC,United States of America,—,—,—,—,Global Fleet Management LLC,United States of America,Unknown,Unknown,Unknown Scrubber Manufacturer,—,9783576,248956000,—,—,—
passenger (cruise),12558135,Genting Dream,Live,Bahamas,138107,2016,150'+ gt,15370,Single,C6BO5,150695,711,Meyer Werft GmbH (Dormant),Papenburg,335.33,302.67,44.47,39.70,11.40,8.30,3.10,—,—,Bocom Leasing Management Hong Kong Company Limited,"Hong Kong, S.A.R., China",Nassau,—,Bank of Communications Company Limited,People's Republic of China,Bocom Leasing Management Hong Kong Company Limited,"Hong Kong, S.A.R., China",Xiang CR18 HK International Ship Lease Company Limited,"Hong Kong, S.A.R., China",RW Ship Management Sendirian Berhad,Malaysia,Genting Hong Kong Limited,"Hong Kong, S.A.R., China",—,—,RW Ship Management Sendirian Berhad,Malaysia,Unknown,Unknown,Unknown Scrubber Manufacturer,—,9733105,311000319,—,—,12V48/60CR
passenger (cruise),12558136,Aroya,Live,Malta,138107,2017,150'+ gt,15370,Single,9HA6061,150695,712,Meyer Werft GmbH (Dormant),Papenburg,335.00,302.67,44.35,39.75,11.42,8.62,2.80,—,—,Cruise Saudi,Saudi Arabia,Valletta,—,Public Investment Fund Saudi Arabia (PIF),Saudi Arabia,Cruise Saudi,Saudi Arabia,Aroya Cruises Limited,Malta,Red Sea Cruise Management Company Limited,Malta,—,—,—,—,Red Sea Cruise Management Company Limited,Malta,Unknown,Unknown,Unknown Scrubber Manufacturer,—,9733117,249010000,—,—,12V48/60CR
passenger (cruise),12558166,Symphony of the Seas,Live,Bahamas,258794,2017,150'+ gt,19599,Single,C6DF6,228081,B34,Chantiers de l'Atlantique,St. Nazaire,361.01,330.70,47.42,47.03,12.65,9.32,3.33,—,—,Royal Caribbean Cruises Limited (RCL),United States of America,Nassau,—,Royal Caribbean Cruises Limited (RCL),United States of America,Royal Caribbean Cruises Limited (RCL),United States of America,Symphony of the Seas Incorporated,Liberia,Royal Caribbean Cruises Limited (RCL),United States of America,—,—,—,—,Royal Caribbean Cruises Limited (RCL),United States of America,Unknown,Unknown,Unknown Scrubber Manufacturer,Retrofit,9744001,311000660,—,—,—
passenger (cruise),12558305,Majestic Princess,Live,U.K.,117981,2017,100'-150'gt,11545,Single,MABI4,144216,6232,Fincantieri-Cantieri Navali Italiani S.p.A. Monfalcone,Monfalcone,329.90,305.90,47.30,38.40,11.35,8.55,2.80,—,—,Princess Cruise Lines Limited,United States of America,London,—,Carnival Corporation,United States of America,Princess Cruise Lines Limited,United States of America,Princess Cruise Lines Limited,United States of America,Holland America Line N.V.,United States of America,—,—,—,—,Princess Cruise Lines Limited,United States of America,Unknown,Unknown,Unknown Scrubber Manufacturer,—,9614141,232002990,—,—,16M43C
passenger (cruise),12558307,Norwegian Bliss,Live,Bahamas,153096,2017,150'+ gt,11700,Single,C6DL4,168028,707,Meyer Werft GmbH (Dormant),Papenburg,333.32,302.76,42.00,41.40,11.60,8.72,2.88,—,—,NCL (Bahamas) Limited,United States of America,Nassau,—,Norwegian Cruise Line Holdings Limited,United States of America,NCL (Bahamas) Limited,United States of America,Seahawk One Limited,Bahamas,NCL (Bahamas) Limited,United States of America,—,—,—,—,NCL (Bahamas) Limited,United States of America,Wet,Hybrid,Yara International ASA,Retrofit,9751509,311000710,—,—,12V46
passenger (cruise),12558309,AIDAperla,Live,Italy,105110,2017,100'-150'gt,9200,Single,IBRL,125572,2301,Mitsubishi Heavy Industries Limited Shipbuilding,Nagasaki,299.95,294.00,37.60,37.60,14.13,8.25,5.88,Caterpillar Incorporated,Mak Motoren GmbH & Company KG,Costa Crociere S.p.A.,Italy,Genoa,—,Carnival Corporation,United States of America,Costa Crociere S.p.A.,Italy,Costa Crociere S.p.A.,Italy,Carnival Maritime GmbH,Germany,Aida Cruises German Branch of Costa Crociere SpA,Germany,—,—,Carnival Maritime GmbH,Germany,Unknown,Unknown,Unknown Scrubber Manufacturer,—,9636967,247385300,11700,15690,12M46DF
passenger (cruise),1256479,Neebish Islander II,Live,U.S.A.,61,1946,-2'gt,—,Single,WYZ3634,90,—,—,"",—,—,—,—,—,—,—,—,Unknown Engine Designer,Eastern Upper Peninsula Transportation Authority,United States of America,—,—,Eastern Upper Peninsula Transportation Authority,United States of America,Eastern Upper Peninsula Transportation Authority,United States of America,Eastern Upper Peninsula Transportation Authority,United States of America,Eastern Upper Peninsula Transportation Authority,United States of America,—,—,—,—,—,—,—,—,—,—,—,—,—,—,UNKNOWN
passenger (cruise),12565996,Nieuw Statendam,Live,Netherlands,68084,2018,60'-100'gt,9509,Single,PBCO,99902,6244,Fincantieri-Cantieri Navali Italiani S.p.A. Venice,Venice,299.75,—,—,34.99,—,10.80,—,—,—,Carnival Corporation,United States of America,—,—,Carnival Corporation,United States of America,Carnival Corporation,United States of America,Carnival Holdings (Bermuda) Limited,Bermuda,Holland America Line N.V.,United States of America,Holland America Line N.V.,United States of America,—,—,Holland America Line N.V.,United States of America,Unknown,Unknown,Unknown Scrubber Manufacturer,Newbuild,9767106,244140580,—,—,12M43C
passenger (cruise),12572924,Nivaga III,Live,Tuvalu,493,2015,-2'gt,578,Single,T2NJ,1337,4006,Japan Marine United Corporation (JMU),Yokohama,60.50,52.00,—,12.60,6.00,3.41,2.59,Yanmar Diesel Engine Company Limited,Unknown Engine Designer,"Ministry Of Communications And Transport, Tuvalu",Tuvalu,Funafuti,—,Government of Tuvalu,Tuvalu,"Ministry Of Communications And Transport, Tuvalu",Tuvalu,"Ministry Of Communications And Transport, Tuvalu",Tuvalu,"Ministry Of Communications And Transport, Tuvalu",Tuvalu,—,—,—,—,"Ministry Of Communications And Transport, Tuvalu",Tuvalu,—,—,—,—,9739707,572032001,480,644,16V4000M70
passenger (cruise),12577099,De Wang 6,Live,China,479,2015,-2'gt,574,Single,BYLA,1599,—,Shanghai Zhenhua Heavy Industries Company Limited,Shanghai,64.80,57.74,13.00,13.00,6.00,3.80,2.20,Shandong Weichai Import & Export Corporation - Weichai Heavy Machinery Company Limited,MAN Diesel AS,Guangzhou Poseidon Ship Management Company Limited,People's Republic of China,Guangzhou,—,Guangzhou Poseidon Ship Management Company Limited,People's Republic of China,Guangzhou Poseidon Ship Management Company Limited,People's Republic of China,Sino Commerce (Guangzhou) Offshore Company Limited,People's Republic of China,Guangzhou Poseidon Ship Management Company Limited,People's Republic of China,—,—,—,—,Guangzhou Poseidon Ship Management Company Limited,People's Republic of China,—,—,—,—,9775581,413484030,2190,2937,6L27/38
passenger (cruise),12592843,Linnea af Uppsala,Live,Sweden,—,1921,-2'gt,127,Single,SMRG,175,—,—,"",—,—,—,—,—,—,—,—,—,Unknown Owners,—,—,—,Unknown Owners,—,Unknown Owners,—,Unknown Owners,—,Unknown Owners,—,—,—,—,—,—,—,—,—,—,—,5322049,265662260,140,188,ID36SS12V
passenger (cruise),12592861,Paxila,Live,Finland,—,1992,-2'gt,—,Single,—,196,—,—,Moscow,—,—,—,—,—,—,—,—,—,Unknown Owners,—,—,—,Unknown Owners,—,Unknown Owners,—,Unknown Owners,—,Unknown Owners,—,—,—,—,—,—,—,—,—,—,—,8634285,—,304,408,3196DITA
passenger (cruise),12597752,Scenic Amber,Live,Malta,—,2016,2'-10'gt,—,Single,HA4187,3350,—,—,"",135.00,—,12.00,—,—,—,—,—,Unknown Engine Designer,Scenic Tours Europe AG,Switzerland,—,—,Scenic Tours Proprietary Limited,Australia,Scenic Tours Europe AG,Switzerland,MS Scenic Amber AG,Switzerland,Scenic Tours Europe AG,Switzerland,—,—,—,—,—,—,—,—,—,—,9771949,249288000,—,—,16V4000M70
passenger (cruise),12600457,VIKING ALRUNA,Live,Switzerland,—,2016,2'-10'gt,—,Single,HE7550,3138,—,—,"",135.00,—,12.00,—,—,1.70,—,—,Unknown Engine Designer,Viking River Cruises AG,Switzerland,—,—,Viking Holding Limited,Bermuda,Viking River Cruises AG,Switzerland,Viking River Cruises AG,Switzerland,Viking River Cruises AG,Switzerland,—,—,—,—,—,—,—,—,—,—,8352241,269057550,—,—,16V4000M70
passenger (cruise),12600493,VIKING ROLF,Live,Switzerland,—,—,2'-10'gt,—,Single,HE7548,3138,—,—,"",135.00,—,12.00,—,—,1.60,—,—,Unknown Engine Designer,Viking River Cruises AG,Switzerland,—,—,Viking Holding Limited,Bermuda,Viking River Cruises AG,Switzerland,Viking River Cruises AG,Switzerland,Viking River Cruises AG,Switzerland,—,—,—,—,—,—,—,—,—,—,8352215,269057548,—,—,UNKNOWN
passenger (cruise),12602616,Scenic Azure,Live,Portugal,—,2016,2'-10'gt,—,Single,CSZA7,2216,—,—,"",80.00,—,12.00,—,—,1.70,—,—,Unknown Engine Designer,Scenic Tours Europe AG,Switzerland,—,—,Scenic Tours Proprietary Limited,Australia,Scenic Tours Europe AG,Switzerland,Waratah Unipessoal Lda,Portugal,Scenic Tours Europe AG,Switzerland,—,—,—,—,—,—,—,—,—,—,8338051,263673911,—,—,UNKNOWN
passenger (cruise),12603764,AmaViola,Live,Switzerland,—,—,Unknown size,—,Single,HE7555,—,—,—,"",135.00,—,12.00,—,—,1.70,—,—,Unknown Engine Designer,AMA Waterways GmbH,Switzerland,—,—,AmaWaterways Limited,United Kingdom,AMA Waterways GmbH,Switzerland,Amaviola GmbH,Switzerland,AMA Waterways GmbH,Switzerland,—,—,—,—,—,—,—,—,—,—,—,269057555,—,—,UNKNOWN
passenger (cruise),12603964,Princess Monterey,Live,U.S.A.,—,2001,Unknown size,—,Single,WDL4752,—,—,Yank Marine Incorporated,"",27.00,—,9.00,7.86,2.77,—,—,—,Unknown Engine Designer,Unknown Owners,—,—,—,Unknown Owners,—,Unknown Owners,—,Unknown Owners,—,Unknown Owners,—,—,—,—,—,—,—,—,—,—,—,8967632,368134480,2000,2681,16V2000M70
passenger (cruise),12605584,Rhein Melodie,Live,Germany,—,2005,Unknown size,—,Single,DK8890,—,—,—,"",132.00,—,12.00,—,—,0.20,—,—,Unknown Engine Designer,Unknown Owners,—,—,—,Unknown Owners,—,Unknown Owners,—,Unknown Owners,—,Unknown Owners,—,—,—,—,—,—,—,—,—,—,—,—,211718140,—,—,UNKNOWN
passenger (cruise),1261162,American Star,Live,U.S.A.,—,2007,-2'gt,1444,Single,WDD7311,1200,-,Chesapeake Shipbuilding Incorporated,Salisbury MD (USA),65.22,—,—,13.87,3.25,—,—,Detroit Diesel Corporation,MTU Friedrichshafen GmbH,American Cruise Lines Incorporated,United States of America,—,—,American Cruise Lines Incorporated,United States of America,American Cruise Lines Incorporated,United States of America,American Cruise Lines Incorporated,United States of America,American Cruise Lines Incorporated,United States of America,—,—,—,—,—,—,—,—,—,—,9427615,367184740,765,1040,10V2000M72
passenger (cruise),126132,Monet,Live,St. Vincent & Grenadines,442,1970,-2'gt,221,Double Bottom,J8VE3,1453,903,Varna Shipyard,Varna,68.10,62.17,10.10,10.10,6.10,5.84,0.26,Caterpillar Incorporated,Caterpillar Incorporated,Brodosplit Plovidba d.o.o.,Republic of Croatia,Kingstown,—,Brodogradiliste Brodosplit Shipbuilding,Republic of Croatia,Brodosplit Plovidba d.o.o.,Republic of Croatia,Dream One Shipping Incorporated,Liberia,Brodosplit Plovidba d.o.o.,Republic of Croatia,Noble Caledonia Limited,United Kingdom,—,—,Brodosplit Plovidba d.o.o.,Republic of Croatia,—,—,—,—,7045803,376457000,500,680,3412
passenger (cruise),126407,Ocus,Dead,Sierra Leone,350,1970,-2'gt,1098,Single,—,1166,261,Uudenkaupungin Tyovene Oy (UKI Workboat Limited),Uusikaupunki,47.00,—,—,11.57,5.30,4.80,0.50,Wartsila Finland oy,Wartsila Corporation,Redwood M.I.,—,Freetown,—,—,—,—,—,—,—,—,—,—,—,—,—,—,—,—,—,—,—,7102170,—,794,1065,824TS
passenger (cruise),126416,Royal Wing,Live,Japan,—,1960,2'-10'gt,542,Single,JKVX,2877,910,Mitsubishi Heavy Industries Limited Shipbuilding,Kobe,86.70,—,13.70,13.40,6.25,4.17,2.08,Mitsubishi Heavy Industries Limited,Sulzer Turbomachinery Services,Taiheiyo Ferry K.K.,Japan,—,—,Taiheiyo Ferry K.K.,Japan,Taiheiyo Ferry K.K.,Japan,Taiheiyo Ferry K.K.,Japan,Taiheiyo Ferry K.K.,Japan,—,—,—,—,—,—,—,—,—,—,5197901,431000547,2013,5400,6TAD48
passenger (cruise),126526,Louisa,Live,St. Vincent & Grenadines,236,1962,-2'gt,160,Single,J8XM9,787,901,Hall Russell & Company Limited,Aberdeen,47.00,—,10.90,10.90,6.63,2.92,3.71,British Polar Engines Limited,British Polar Engines Limited,JBF Holdings LLC,United States of America,Kingstown,—,JBF Holdings LLC,United States of America,JBF Holdings LLC,United States of America,JBF Holdings LLC,United States of America,ASP Ship Management Limited,United Kingdom,—,—,—,—,ASP Ship Management Limited,United Kingdom,—,—,—,—,5264259,—,917,1230,MN16S
passenger (cruise),126537,National Geographic Polaris,Dead,Ecuador,671,1960,2'-10'gt,330,Double Bottom,—,2138,55,Gotaverken Solvesborg AB,Solvesborg,67.27,64.00,13.00,13.00,8.50,4.30,1.76,Nohab Diesel AB,British Polar Engines Limited,Lindblad E.,—,Guayaquil,—,—,—,—,—,—,—,—,—,—,—,—,—,—,—,—,—,—,—,5264704,—,1193,1600,MN16S
passenger (cruise),126572,Rendezvous,Dead,Panama,734,1962,-2'gt,—,Single,—,1684,—,—,Denmark,78.00,64.01,13.61,13.61,6.00,4.02,1.98,B&W Diesel A/S,B&W Diesel A/S,Rendezvous,—,Panama,—,—,—,—,—,—,—,—,—,—,—,—,—,—,—,—,—,—,—,5265538,—,1462,1960,B&W DIESEL
passenger (cruise),12676626,Lenin,Live,Russia,—,1987,Unknown size,—,Single,LENIN,—,—,Elbewerften Rosslauer Schiffswerft GmbH (RSW),Rosslau,120.00,—,16.00,—,—,2.90,—,—,Unknown Engine Designer,Unknown Owners,—,—,—,Unknown Owners,—,Unknown Owners,—,Unknown Owners,—,Unknown Owners,—,—,—,—,—,—,—,—,—,—,—,8707678,273362090,—,—,UNKNOWN
passenger (cruise),12699493,Royal Emerald,Live,Malta,—,2016,2'-10'gt,—,Single,9HA2275,2721,—,—,"",—,—,—,—,—,1.60,—,—,Unknown Engine Designer,Unknown Owners,—,—,—,Unknown Owners,—,Unknown Owners,—,Unknown Owners,—,Unknown Owners,—,—,—,—,—,—,—,—,—,—,—,8339110,248234000,3944,5289,16V4000M70
passenger (cruise),12710732,Red Jet 6,Live,U.K.,126,2016,-2'gt,32,Single,2JPU3,363,01,—,"",41.12,37.94,—,10.87,3.05,1.30,1.75,MTU Friedrichshafen GmbH,MTU Friedrichshafen GmbH,Southampton Isle of Wight & South of England Royal Mail Steam Packet Company Limited (Red Funnel Group),United Kingdom,Southampton,—,Southampton Isle of Wight & South of England Royal Mail Steam Packet Company Limited (Red Funnel Group),United Kingdom,Southampton Isle of Wight & South of England Royal Mail Steam Packet Company Limited (Red Funnel Group),United Kingdom,Southampton Isle of Wight & South of England Royal Mail Steam Packet Company Limited (Red Funnel Group),United Kingdom,Southampton Isle of Wight & South of England Royal Mail Steam Packet Company Limited (Red Funnel Group),United Kingdom,—,—,—,—,—,—,—,—,—,—,9788083,235117926,900,1207,10V2000M72
passenger (cruise),12726923,Scenic Jewel,Live,Malta,—,2013,2'-10'gt,—,Single,HA3284,2721,—,—,"",135.00,—,12.00,—,—,0.20,—,—,Unknown Engine Designer,Scenic Tours Europe AG,Switzerland,—,—,Scenic Tours Proprietary Limited,Australia,Scenic Tours Europe AG,Switzerland,MS Scenic Jewel AG,Switzerland,Scenic Tours Europe AG,Switzerland,—,—,—,—,—,—,—,—,—,—,8338518,229379000,—,—,16V4000M70
passenger (cruise),12728782,Emily Bronte,Live,Switzerland,—,2017,-2'gt,—,Single,HE7584,1350,—,—,"",135.00,—,12.00,—,—,—,—,—,Unknown Engine Designer,Unknown Owners,—,—,—,Unknown Owners,—,Unknown Owners,—,Unknown Owners,—,Unknown Owners,—,—,—,—,—,—,—,—,—,—,—,9803144,269057584,—,—,16V4000M70
passenger (cruise),127370,Hermes,Dead,Greece,1117,1956,2'-10'gt,775,Single,—,2174,130,Brodogradiliste Brodosplit Shipbuilding,Split,90.00,81.84,13.01,13.01,7.52,4.71,2.81,Sulzer Turbomachinery Services,Sulzer Turbomachinery Services,Turkish Breakers,—,—,—,—,—,—,—,—,—,—,—,—,—,—,—,—,—,—,—,—,—,5176713,—,1790,2400,8TD48
passenger (cruise),1274439,Miss Ellis Island,Live,U.S.A.,63,1991,-2'gt,28,Single,WAV4107,93,285,Blount Marine Corporation,"",40.00,—,10.00,9.91,—,10.40,—,—,Unknown Engine Designer,Unknown Owners,—,New York,—,Unknown Owners,—,Unknown Owners,—,Unknown Owners,—,Unknown Owners,—,—,—,—,—,—,—,—,—,—,—,—,367059240,—,—,UNKNOWN
passenger (cruise),12744741,Thomas Hardy,Live,Switzerland,—,2017,-2'gt,—,Single,HE7577,1350,—,—,"",135.00,—,12.00,—,—,1.00,—,—,Unknown Engine Designer,Unknown Owners,—,—,—,Unknown Owners,—,Unknown Owners,—,Unknown Owners,—,Unknown Owners,—,—,—,—,—,—,—,—,—,—,—,9807841,269057577,—,—,16V4000M70
passenger (cruise),12749479,Rhein Symphonie,Live,Germany,—,—,Unknown size,—,Single,DG4282,—,—,—,"",131.00,—,12.00,—,—,0.20,—,—,Unknown Engine Designer,Unknown Owners,—,—,—,Unknown Owners,—,Unknown Owners,—,Unknown Owners,—,Unknown Owners,—,—,—,—,—,—,—,—,—,—,—,—,211539230,—,—,UNKNOWN
passenger (cruise),12750634,Europa,Live,Germany,—,1987,Unknown size,—,Single,DC4565,—,—,—,"",45.80,—,8.20,—,—,—,—,—,Unknown Engine Designer,Unknown Owners,—,—,—,Unknown Owners,—,Unknown Owners,—,Unknown Owners,—,Unknown Owners,—,—,—,—,—,—,—,—,—,—,—,—,211034565,2000,2681,3D6C
passenger (cruise),12765615,Zhao Shang Yi Dun,Live,China,18858,2017,10'-60'gt,4797,Single,BOPU7,47842,6246,Fincantieri-Cantieri Navali Italiani S.p.A. Ancona,Ancona,228.33,—,—,28.79,8.85,6.65,2.20,—,—,China Merchants Cruise Company Limited,People's Republic of China,Shenzhen,—,China Merchants Group Limited,"Hong Kong, S.A.R., China",China Merchants Cruise Company Limited,People's Republic of China,China Merchants Viking Cruises Company Limited,People's Republic of China,China Merchants Viking Cruises Company Limited,People's Republic of China,—,—,—,—,China Merchants Viking Cruises Company Limited,People's Republic of China,Wet,Closed Loop,Alfa Laval Aalborg A/S,Retrofit,9725433,414515000,—,—,—
passenger (cruise),12765635,Celebrity Edge,Live,Malta,92639,2018,100'-150'gt,13361,Single,9HA4612,130818,J34,Chantiers de l'Atlantique,St. Nazaire,306.00,295.06,39.00,39.00,8.40,8.40,0.00,—,—,Celebrity Cruises Incorporated,United States of America,Valletta,—,Royal Caribbean Cruises Limited (RCL),United States of America,Celebrity Cruises Incorporated,United States of America,Celebrity Edge Incorporated,Liberia,RCL Cruises Limited,United Kingdom,—,—,—,—,RCL Cruises Limited,United Kingdom,Unknown,Unknown,Unknown Scrubber Manufacturer,Newbuild,9812705,248325000,—,—,12V46C
passenger (cruise),12765644,Golden Horizon,Live,Croatia,2956,2019,2'-10'gt,2120,Single,9A6701,8784,483,Brodogradiliste Brodosplit Shipbuilding,Split,162.12,128.70,18.72,18.49,12.40,6.40,6.00,—,—,XB AHTS Hero Shipping Incorporated,Marshall Islands,Split,—,XB AHTS Hero Shipping Incorporated,Marshall Islands,XB AHTS Hero Shipping Incorporated,Marshall Islands,XB AHTS Hero Shipping Incorporated,Marshall Islands,Brodosplit Plovidba d.o.o.,Republic of Croatia,Tradewind Voyages UK Limited,United Kingdom,—,—,Brodosplit Plovidba d.o.o.,Republic of Croatia,—,—,—,—,9793545,238021000,—,—,—
passenger (cruise),12771965,Douro Elegance,Live,Portugal,—,2017,-2'gt,—,Single,CSZE6,1734,—,—,Unknown,80.00,—,11.00,11.00,—,1.80,—,—,Unknown Engine Designer,Unknown Owners,—,—,—,Unknown Owners,—,Unknown Owners,—,Unknown Owners,—,Unknown Owners,—,—,—,—,—,—,—,—,—,—,—,8337928,263673932,—,—,UNKNOWN
passenger (cruise),127734,Manila City,Dead,Philippines,1716,1970,2'-10'gt,3766,Single,—,2998,—,—,Japan,106.00,—,14.00,—,6.20,4.70,1.50,—,Mitsubishi Heavy Industries Limited,—,—,—,—,—,—,—,—,—,—,—,—,—,—,—,—,—,—,—,—,—,—,7005798,—,3281,4400,7UET45/75
passenger (cruise),12774721,MSC Meraviglia,Live,Malta,172605,2017,150'+ gt,17184,Single,9HA4455,171598,E34,Chantiers de l'Atlantique,St. Nazaire,315.83,296.00,52.00,43.00,12.00,8.75,3.32,Wartsila Corporation,Wartsila Corporation,MSC Crociere (Mediterranean Shipping Cruises) S.p.A.,Italy,Valletta,—,Mediterranean Shipping Company S.A. (MSC),Switzerland,MSC Crociere (Mediterranean Shipping Cruises) S.p.A.,Italy,Compania Naviera Vista 1 S.A.,Panama,MSC Cruise Management (UK) Limited,United Kingdom,—,—,—,—,MSC Cruise Management (UK) Limited,United Kingdom,Unknown,Unknown,Unknown Scrubber Manufacturer,—,9760512,249973000,19200,26087,16V46CR
passenger (cruise),12775157,Douro Serenity,Live,Portugal,—,2017,-2'gt,—,Single,CSZE8,1734,—,—,Viana do Castelo,80.00,—,11.00,11.00,—,1.80,—,—,Unknown Engine Designer,Unknown Owners,—,—,—,Unknown Owners,—,Unknown Owners,—,Unknown Owners,—,Unknown Owners,—,—,—,—,—,—,—,—,—,—,—,8337930,263673934,—,—,UNKNOWN
passenger (cruise),127770,National Geographic Endeavour,Dead,Ecuador,1045,1966,2'-10'gt,732,Single,HC5241,3132,917,Seebeckwerft AG,Bremerhaven,89.17,80.17,14.03,14.00,9.00,5.71,3.29,Mak Motoren GmbH & Company KG,Mak Motoren GmbH & Company KG,Lindblad E.,—,Guayaquil,—,—,—,—,—,—,—,—,—,—,—,—,—,—,—,—,—,—,—,6611863,—,1193,1600,8M582AK
passenger (cruise),12777409,Spirit of Discovery,Live,U.K.,23503,2019,10'-60'gt,5120,Single,MEYE7,58119,714,Meyer Werft GmbH (Dormant),Papenburg,236.71,211.90,30.80,—,10.40,7.60,2.80,—,—,Saga Cruises Limited,United Kingdom,London,—,Saga Cruises Limited,United Kingdom,Saga Cruises Limited,United Kingdom,Saga Cruises V Limited,United Kingdom,V. Ships Leisure SAM,Monaco,—,—,—,—,V. Ships Leisure SAM,Monaco,Unknown,Unknown,Yara International ASA,Newbuild,9802683,232021171,—,—,—
passenger (cruise),12781953,Sabuk Nusantara 65,Live,Indonesia,169,2017,-2'gt,200,Single,YBRO2,563,—,P.T. Karimun Sembawang Shipyard,Tanjung Balai,44.00,38.46,9.00,9.00,3.60,2.40,1.20,Yanmar Diesel Engine Company Limited,Unknown Engine Designer,Direktorat Jenderal Perhubungan Laut,Indonesia,Tanjung Pinang,—,Direktorat Jenderal Perhubungan Laut,Indonesia,Direktorat Jenderal Perhubungan Laut,Indonesia,Direktorat Jenderal Perhubungan Laut,Indonesia,Direktorat Jenderal Perhubungan Laut,Indonesia,—,—,—,—,—,—,—,—,—,—,9808065,525101037,1836,500,UNKNOWN
passenger (cruise),12782490,Le Laperouse,Live,Wallis & Futuna,2992,2018,2'-10'gt,1366,Single,FLBD,9988,848,Vard Soviknes,Soviknes,131.46,118.40,—,18.00,18.20,4.70,2.00,"Maquinas Electrcias e Hidraulicas Indar, SL (INDAR)","Maquinas Electrcias e Hidraulicas Indar, SL (INDAR)",Compagnie du Ponant (PONANT),France,—,—,Compagnie du Ponant (PONANT),France,Compagnie du Ponant (PONANT),France,Caroline 68,France,Compagnie du Ponant (PONANT),France,—,—,—,—,Compagnie du Ponant (PONANT),France,—,—,—,—,9814026,578000900,2000,2682,IMU-710-X
passenger (cruise),12783081,MSC Bellissima,Live,Malta,—,2019,150'+ gt,17326,Single,9HA4902,171598,F34,Chantiers de l'Atlantique,St. Nazaire,315.83,296.00,43.00,43.00,65.00,8.75,56.25,Wartsila Corporation,Wartsila Corporation,MSC Crociere (Mediterranean Shipping Cruises) S.p.A.,Italy,Valletta,—,Mediterranean Shipping Company S.A. (MSC),Switzerland,MSC Crociere (Mediterranean Shipping Cruises) S.p.A.,Italy,Compania Naviera Vista 2 SA,Panama,MSC Cruise Management (UK) Limited,United Kingdom,—,—,—,—,MSC Cruise Management (UK) Limited,United Kingdom,Unknown,Unknown,Unknown Scrubber Manufacturer,—,9760524,248992000,19200,25748,16V46CR
passenger (cruise),12783373,Riverbar,Live,Germany,—,1979,Unknown size,1664,Single,DD9426,3790,—,Carl F. Peters GmbH & Company ms Wilma,Kampen,97.00,—,11.40,11.40,1.20,1.20,0.00,—,Unknown Engine Designer,Unknown Owners,—,—,—,Unknown Owners,—,Unknown Owners,—,Unknown Owners,—,Unknown Owners,—,—,—,—,—,—,—,—,—,—,—,—,211766760,2000,2681,K6Z57/80C
passenger (cruise),12788679,Tanais,Live,Russia,—,2017,2'-10'gt,—,Single,UBCP2,2700,—,Moscow Shipbuilding & Repair Yard,Moscow,95.00,—,14.00,—,—,1.80,—,—,Unknown Engine Designer,Unknown Owners,—,St. Petersburg,—,Unknown Owners,—,Unknown Owners,—,Unknown Owners,—,Unknown Owners,—,—,—,—,—,—,—,—,—,—,—,9816828,273397290,3944,5289,16V4000M70
passenger (cruise),12789224,Esperanza,Live,Croatia,—,2016,-2'gt,—,Single,9A3336,492,—,Brodogradiliste Brodosplit Shipbuilding,Split,47.22,—,—,8.60,—,—,—,—,Unknown Engine Designer,Obrt Mb Tuna,Republic of Croatia,—,—,Obrt Mb Tuna,Republic of Croatia,Obrt Mb Tuna,Republic of Croatia,Obrt Mb Tuna,Republic of Croatia,Obrt Mb Tuna,Republic of Croatia,—,—,—,—,—,—,—,—,—,—,9818694,238166640,—,—,16V4000M70
passenger (cruise),12803439,National Geographic Quest,Live,U.S.A.,876,2017,2'-10'gt,511,Single,WDJ3521,2906,—,Nichols Bros. Boat Builders Incorporated,Freeland,72.69,62.15,—,13.41,5.00,3.61,1.39,MTU Friedrichshafen GmbH,MTU Friedrichshafen GmbH,Lindblad Expeditions LLC,United States of America,Seattle,—,Lindblad Expeditions Holdings Incorporated,United States of America,Lindblad Expeditions LLC,United States of America,Lex Quest LLC,United States of America,Lindblad Expeditions LLC,United States of America,AdventureSmith Explorations,United States of America,—,—,Lindblad Expeditions LLC,United States of America,—,—,—,—,9798985,366945000,1193,1621,12V4000M54
passenger (cruise),12804072,Carnival Horizon,Live,Panama,125210,2018,100'-150'gt,12164,Single,H3WI,133596,6243,Fincantieri-Cantieri Navali Italiani S.p.A. Venice,Monfalcone,324.00,—,38.00,37.20,—,14.10,—,—,Unknown Engine Designer,Carnival Corporation,United States of America,Panama,—,Carnival Corporation,United States of America,Carnival Corporation,United States of America,Carnival Holdings (Bermuda) Limited,Bermuda,Carnival Corporation (Carnival Cruise Line),United States of America,—,—,—,—,Carnival Corporation (Carnival Cruise Line),United States of America,Unknown,Unknown,Unknown Scrubber Manufacturer,Retrofit,9767091,370039000,—,—,12V46C
passenger (cruise),12807769,Sentosa 9,Live,Indonesia,—,1997,-2'gt,—,Single,YB3426,55,—,—,Unknown,23.00,—,18.00,4.00,—,1.50,—,—,Unknown Engine Designer,Unknown Owners,—,—,—,Unknown Owners,—,Unknown Owners,—,Unknown Owners,—,Unknown Owners,—,—,—,—,—,—,—,—,—,—,—,—,525019200,—,—,UNKNOWN
passenger (cruise),12861455,Ruhrperle,Live,Germany,—,1954,Unknown size,27,Single,DC6220,88,—,—,"",25.95,—,5.20,—,—,1.03,—,—,Unknown Engine Designer,Unknown Owners,—,—,—,Unknown Owners,—,Unknown Owners,—,Unknown Owners,—,Unknown Owners,—,—,—,—,—,—,—,—,—,—,—,—,211126220,—,—,UNKNOWN
passenger (cruise),12868904,Golda,Live,Germany,—,1931,Unknown size,—,Single,DK9123,—,—,—,Unknown,22.24,—,3.64,3.64,—,—,—,—,Unknown Engine Designer,Unknown Owners,—,—,—,Unknown Owners,—,Unknown Owners,—,Unknown Owners,—,Unknown Owners,—,—,—,—,—,—,—,—,—,—,—,—,211785010,—,—,UNKNOWN
passenger (cruise),12873039,Spirit of Adventure,Live,U.K.,23503,2020,10'-60'gt,5120,Single,MGWT8,58119,715,Meyer Werft GmbH (Dormant),Papenburg,236.00,—,31.00,—,—,10.40,—,—,—,Saga Cruises Limited,United Kingdom,London,—,Saga Cruises Limited,United Kingdom,Saga Cruises Limited,United Kingdom,Saga Cruises VI Limited,United Kingdom,V. Ships Leisure SAM,Monaco,—,—,—,—,V. Ships Leisure SAM,Monaco,Wet,Hybrid,Yara International ASA,Newbuild,9818084,232026551,—,—,—
passenger (cruise),12873049,AIDAnova,Live,Italy,—,2018,150'+ gt,12500,Single,IBUK,183858,696,Meyer Werft GmbH (Dormant),Papenburg,337.02,—,—,42.00,11.80,8.80,3.01,—,—,Costa Crociere S.p.A.,Italy,Genoa,—,Carnival Corporation,United States of America,Costa Crociere S.p.A.,Italy,Costa Crociere S.p.A.,Italy,Carnival Maritime GmbH,Germany,Aida Cruises German Branch of Costa Crociere SpA,Germany,—,—,Carnival Maritime GmbH,Germany,—,—,—,—,9781865,247389200,—,—,—
passenger (cruise),12879970,Spectrum of the Seas,Live,Cyprus,168402,2019,150'+ gt,13937,Single,5BDR6,169379,700,Neptun Werft GmbH,Rostock,347.11,320.10,50.00,41.39,11.45,8.80,2.65,—,—,Royal Caribbean Cruises Limited (RCL),United States of America,Limassol,—,Royal Caribbean Cruises Limited (RCL),United States of America,Royal Caribbean Cruises Limited (RCL),United States of America,Spectrum of the Seas Incorporated,Liberia,RCL Cruises Limited,United Kingdom,—,—,—,—,RCL Cruises Limited,United Kingdom,Unknown,Unknown,Unknown Scrubber Manufacturer,—,9778856,210563000,—,—,12V46
passenger (cruise),12899804,Greg Mortimer,Live,Portugal,2410,2019,2'-10'gt,1450,Single,CQEI9,8035,CMHI-196-1,China Merchants Heavy Industry (Jiangsu) Company Limited,Jiangsu,104.40,99.80,—,18.40,7.25,5.30,1.95,Wartsila China Limited,Wartsila China Limited,SunStone Ships Incorporated,United States of America,—,—,SunStone Maritime Group A/S,Denmark,SunStone Ships Incorporated,United States of America,Greg Mortimer Owner Limited,Bahamas,Anglo-Eastern Cruise Management Incorporated,United States of America,—,—,—,—,Anglo-Eastern Cruise Management Incorporated,United States of America,—,—,—,—,9834648,255806396,2200,2950,8L20
passenger (cruise),12899899,Uskudar,Live,Turkiye,126,2017,-2'gt,—,Single,TCA4770,345,NB03,Hercelik Tersanesi,Akcansa Yalova,37.00,36.90,—,8.00,4.20,2.30,1.90,—,Unknown Engine Designer,Avrasya Denizcilik Tasimaciligi ve Turizm Hizmetleri Insaat Sanayi ve Ticaret AS,Turkiye,Istanbul,—,Avrasya Denizcilik Tasimaciligi ve Turizm Hizmetleri Insaat Sanayi ve Ticaret AS,Turkiye,Avrasya Denizcilik Tasimaciligi ve Turizm Hizmetleri Insaat Sanayi ve Ticaret AS,Turkiye,Avrasya Denizcilik Tasimaciligi ve Turizm Hizmetleri Insaat Sanayi ve Ticaret AS,Turkiye,Avrasya Denizcilik Tasimaciligi ve Turizm Hizmetleri Insaat Sanayi ve Ticaret AS,Turkiye,—,—,—,—,—,—,—,—,—,—,9806574,271045557,197,264,8291SRM85
passenger (cruise),12903595,Viking Orion,Live,Norway (Int. Register),18865,2018,10'-60'gt,4798,Single,LAYQ7,47861,6253,Fincantieri-Cantieri Navali Italiani S.p.A. Ancona,Ancona,228.41,—,32.00,28.79,8.85,6.65,2.20,MAN B&W Diesel SE,Wartsila Corporation,CMB Financial Leasing Company Limited,People's Republic of China,Bergen,—,China Merchants Bank (CMB),People's Republic of China,CMB Financial Leasing Company Limited,People's Republic of China,Sea 33 Leasing Company Limited,"Hong Kong, S.A.R., China",Wilhelmsen Ship Management (Norway) AS,Norway,Viking River Cruises UK Limited,United Kingdom,—,—,Wilhelmsen Ship Management (Norway) AS,Norway,Unknown,Unknown,Unknown Scrubber Manufacturer,—,9796250,257034130,5040,6759,9L32/44CR
passenger (cruise),12904646,MSC Virtuosa,Live,Malta,—,2021,150'+ gt,13400,Single,9HA5209,181541,H34,Chantiers de l'Atlantique,St. Nazaire,331.43,310.70,—,43.00,—,8.50,—,—,Unknown Engine Designer,MSC Crociere (Mediterranean Shipping Cruises) S.p.A.,Italy,Valletta,—,Mediterranean Shipping Company S.A. (MSC),Switzerland,MSC Crociere (Mediterranean Shipping Cruises) S.p.A.,Italy,Compania Naviera Vista 4 S.A.,Panama,MSC Cruise Management (UK) Limited,United Kingdom,—,—,—,—,MSC Cruise Management (UK) Limited,United Kingdom,Unknown,Unknown,Unknown Scrubber Manufacturer,—,9803625,215610000,19200,—,UNKNOWN
passenger (cruise),12904651,Sky Princess,Live,Bermuda,122695,2019,100'-150'gt,11772,Single,ZCEV9,145281,6268,Fincantieri-Cantieri Navali Italiani S.p.A. Monfalcone,Monfalcone,330.00,—,47.00,38.38,—,11.35,—,—,—,Carnival Corporation,United States of America,Hamilton,—,Carnival Corporation,United States of America,Carnival Corporation,United States of America,Carnival Holdings (Bermuda) Limited,Bermuda,Princess Cruise Lines Limited,United States of America,—,—,—,—,Princess Cruise Lines Limited,United States of America,Unknown,Unknown,Unknown Scrubber Manufacturer,Newbuild,9802396,310780000,—,—,16M43C
passenger (cruise),12904664,Odyssey of the Seas,Live,Bahamas,166807,2021,150'+ gt,14368,Single,C6EJ5,167704,S713,Meyer Werft GmbH (Dormant),Papenburg,347.08,320.10,—,41.39,11.45,8.77,2.68,Wartsila Italia S.p.A.,Wartsila Corporation,Royal Caribbean Cruises Limited (RCL),United States of America,Nassau,—,Royal Caribbean Cruises Limited (RCL),United States of America,Royal Caribbean Cruises Limited (RCL),United States of America,Odyssey of the Seas Incorporated,Liberia,Royal Caribbean Cruises Limited (RCL),United States of America,—,—,—,—,Royal Caribbean Cruises Limited (RCL),United States of America,Unknown,Unknown,Unknown Scrubber Manufacturer,—,9795737,311000912,67200,90117,12V46
passenger (cruise),12909697,Mein Schiff 1,Live,Malta,75476,2018,100'-150'gt,10373,Single,9HA4683,111554,1392,Meyer Turku OY,Turku,315.70,292.40,40.00,35.80,11.20,11.20,0.00,—,Unknown Engine Designer,TUI Cruises GmbH,Germany,Valletta,—,TUI AG,Germany,TUI Cruises GmbH,Germany,TUI Cruises GmbH,Germany,Global Fleet Management LLC,United States of America,—,—,—,—,Global Fleet Management LLC,United States of America,Unknown,Unknown,Clean Marine,Retrofit,9783564,248513000,—,—,UNKNOWN
passenger (cruise),12910043,Costa Smeralda,Live,Italy,—,2019,150'+ gt,12500,Single,IBCA,185010,1394,Meyer Turku OY,Turku,336.98,—,—,42.00,11.80,8.80,3.00,—,—,Costa Crociere S.p.A.,Italy,Genoa,—,Carnival Corporation,United States of America,Costa Crociere S.p.A.,Italy,Costa Crociere S.p.A.,Italy,Carnival Maritime GmbH,Germany,—,—,—,—,Carnival Maritime GmbH,Germany,Unknown,Unknown,Unknown Scrubber Manufacturer,Newbuild,9781889,247391900,—,—,—
passenger (cruise),12910608,American Constitution,Live,U.S.A.,—,2018,2'-10'gt,—,Single,WDJ9210,4057,—,—,"",110.00,—,15.00,—,—,5.00,—,—,Unknown Engine Designer,American Cruise Lines Incorporated,United States of America,—,—,American Cruise Lines Incorporated,United States of America,American Cruise Lines Incorporated,United States of America,American Cruise Lines Incorporated,United States of America,American Cruise Lines Incorporated,United States of America,—,—,—,—,—,—,—,—,—,—,9901518,368023770,—,—,16V4000M70
passenger (cruise),12911860,MSC Grandiosa,Live,Malta,—,2019,150'+ gt,19607,Single,9HA5063,181541,G34,Chantiers de l'Atlantique,St. Nazaire,331.43,310.70,—,43.00,—,8.75,3.31,Wartsila Italia S.p.A.,Wartsila Corporation,MSC Crociere (Mediterranean Shipping Cruises) S.p.A.,Italy,Valletta,—,Mediterranean Shipping Company S.A. (MSC),Switzerland,MSC Crociere (Mediterranean Shipping Cruises) S.p.A.,Italy,Compania Naviera Vista 3 S.A.,Panama,MSC Cruise Management (UK) Limited,United Kingdom,—,—,—,—,MSC Cruise Management (UK) Limited,United Kingdom,Unknown,Unknown,Unknown Scrubber Manufacturer,—,9803613,215325000,14400,19565,12V46
passenger (cruise),12915624,Hanseatic Nature,Live,Malta,4707,2019,10'-60'gt,1800,Single,9HA5276,15651,870,Vard Tulcea SA,Tulcea,139.00,128.85,22.00,22.00,7.75,5.75,2.00,—,—,TUI Cruises GmbH,Germany,Valletta,—,TUI AG,Germany,TUI Cruises GmbH,Germany,TUI Cruises GmbH,Germany,Global Fleet Management LLC,United States of America,Hapag-Lloyd Kreuzfahrten GmbH (Hapag-Lloyd Cruises GmbH),Germany,—,—,Global Fleet Management LLC,United States of America,—,—,—,—,9817133,215768000,—,—,—
passenger (cruise),12915783,Viking Jupiter,Live,Norway (Int. Register),18865,2019,10'-60'gt,4815,Single,LAYP7,47861,6254,Fincantieri-Cantieri Navali Italiani S.p.A.,Ancona,228.26,—,—,28.79,8.85,6.65,2.20,—,—,CCB Marine MI Corporation Limited,Marshall Islands,Bergen,—,CCB (China Construction Bank) Financial Leasing Corporation Limited,People's Republic of China,CCB Marine MI Corporation Limited,Marshall Islands,Compass Shipping 36 Corporation Limited,Marshall Islands,Wilhelmsen Ship Management (Norway) AS,Norway,Viking River Cruises UK Limited,United Kingdom,—,—,Wilhelmsen Ship Management (Norway) AS,Norway,Unknown,Unknown,Unknown Scrubber Manufacturer,—,9796262,257058920,—,—,—
passenger (cruise),12915786,Carnival Venezia,Live,Bahamas,129346,2019,100'-150'gt,111000,Double Bottom,C6GI3,135225,6271,Fincantieri-Cantieri Navali Italiani S.p.A.,Italy,323.46,287.10,—,37.20,11.20,11.20,0.00,ABB OY,ABB Azipod Oy,Carnival Corporation,United States of America,Nassau,—,Carnival Corporation,United States of America,Carnival Corporation,United States of America,Carnival Holdings (Bermuda) II Limited,Bermuda,Carnival Corporation (Carnival Cruise Line),United States of America,—,—,—,—,Carnival Corporation (Carnival Cruise Line),United States of America,Unknown,Unknown,Unknown Scrubber Manufacturer,Newbuild,9801689,311001253,16500,22127,AMG 1600UT14 LSE
passenger (cruise),12915787,Carnival Panorama,Live,Panama,125129,2019,100'-150'gt,111000,Single,3FJB3,133868,6272,Fincantieri-Cantieri Navali Italiani S.p.A.,Monfalcone,323.63,—,—,49.38,—,11.20,—,—,—,Carnival Corporation,United States of America,Panama,—,Carnival Corporation,United States of America,Carnival Corporation,United States of America,Carnival Holdings (Bermuda) Limited,Bermuda,Carnival Corporation (Carnival Cruise Line),United States of America,—,—,—,—,Carnival Corporation (Carnival Cruise Line),United States of America,—,—,—,—,9802384,374527000,—,—,12V46C
passenger (cruise),12915790,Carnival Firenze,Live,Panama,—,2020,100'-150'gt,9568,Single,3E5193,135156,6273,Fincantieri-Cantieri Navali Italiani S.p.A. Venice,Venice,323.59,—,—,37.20,11.20,8.55,2.65,ABB OY,Unknown Engine Designer,Carnival Corporation (Carnival Cruise Line),United States of America,Panama,—,Carnival Corporation,United States of America,Carnival Corporation (Carnival Cruise Line),United States of America,Carnival Corporation (Carnival Cruise Line),United States of America,Carnival Corporation (Carnival Cruise Line),United States of America,—,—,—,—,Carnival Corporation (Carnival Cruise Line),United States of America,Unknown,Unknown,Unknown Scrubber Manufacturer,Newbuild,9801691,352003546,—,—,12V46C
passenger (cruise),12915791,Enchanted Princess,Live,Bermuda,122695,2020,100'-150'gt,11658,Single,ZCEW2,145281,6275,Fincantieri-Cantieri Navali Italiani S.p.A.,Italy,329.92,—,—,38.38,—,11.35,—,—,—,Carnival Corporation,United States of America,Hamilton,—,Carnival Corporation,United States of America,Carnival Corporation,United States of America,Carnival Holdings (Bermuda) Limited,Bermuda,Princess Cruise Lines Limited,United States of America,Princess Cruise Lines Limited,United States of America,—,—,Princess Cruise Lines Limited,United States of America,Unknown,Unknown,Unknown Scrubber Manufacturer,Newbuild,9807126,310791000,—,—,16M43C
passenger (cruise),12915792,Seven Seas Splendor,Live,Marshall Islands,20738,2020,10'-60'gt,4780,Single,V7ZZ6,56182,6281,Fincantieri-Cantieri Navali Italiani S.p.A.,Italy,223.00,—,—,31.00,—,28.00,—,—,—,Regent Seven Seas Cruises Incorporated,United States of America,Majuro,—,Norwegian Cruise Line Holdings Limited,United States of America,Regent Seven Seas Cruises Incorporated,United States of America,Explorer II New Build LLC,United States of America,NCL (Bahamas) Limited,United States of America,—,—,—,—,NCL (Bahamas) Limited,United States of America,—,—,—,—,9807085,538007673,—,—,9M43C
passenger (cruise),12915793,Viking Venus,Live,Norway (Int. Register),—,2021,10'-60'gt,4667,Single,LACS8,47842,6283,Fincantieri-Cantieri Navali Italiani S.p.A.,Italy,228.28,—,—,28.80,—,14.73,—,—,—,Viking River Cruises UK Limited,United Kingdom,Bergen,—,Viking Holding Limited,Bermuda,Viking River Cruises UK Limited,United Kingdom,Viking Ocean Cruises Ship VII Limited,Bermuda,Wilhelmsen Ship Management (Norway) AS,Norway,—,—,—,—,Wilhelmsen Ship Management (Norway) AS,Norway,Unknown,Unknown,Unknown Scrubber Manufacturer,—,9833175,257552000,—,—,—
passenger (cruise),12915798,Viking Mars,Live,Norway (Int. Register),18858,2022,10'-60'gt,4526,Single,LACR8,47842,6284,Fincantieri-Cantieri Navali Italiani S.p.A.,Italy,228.28,195.50,28.89,28.80,14.73,8.85,5.88,—,—,CCB Marine MI Corporation Limited,Marshall Islands,Bergen,—,CCB (China Construction Bank) Financial Leasing Corporation Limited,People's Republic of China,CCB Marine MI Corporation Limited,Marshall Islands,Compass Shipping 37 Corporation Limited,Marshall Islands,Wilhelmsen Ship Management (Norway) AS,Norway,Viking Ocean Cruises Limited,United States of America,—,—,Wilhelmsen Ship Management (Norway) AS,Norway,Unknown,Unknown,Unknown Scrubber Manufacturer,—,9833187,257800000,—,—,—
passenger (cruise),12915799,Scarlet Lady,Live,Bahamas,74502,2020,100'-150'gt,12741,Single,C6DX2,108192,6287,Fincantieri-Cantieri Navali Italiani S.p.A. Genoa,Genoa,277.03,—,—,38.00,—,11.25,—,—,—,V Cruises US Limited Liability Company (Virgin Voyages),United States of America,Nassau,—,Bain Capital LP & The Virgin Group,United States of America,V Cruises US Limited Liability Company (Virgin Voyages),United States of America,VC Ship One Limited,Bermuda,Virgin Cruises Intermediate Limited,United States of America,—,—,—,—,Virgin Cruises Intermediate Limited,United States of America,Wet,Hybrid,Wartsila Corporation,Newbuild,9804801,311000807,—,—,12V46
passenger (cruise),12915802,Valiant Lady,Live,Bahamas,—,2021,100'-150'gt,12935,Single,C6ER7,108192,6288,Fincantieri-Cantieri Navali Italiani S.p.A. Genoa,Genoa,277.08,—,—,38.00,8.00,—,—,—,—,V Cruises US Limited Liability Company (Virgin Voyages),United States of America,Nassau,—,Bain Capital LP & The Virgin Group,United States of America,V Cruises US Limited Liability Company (Virgin Voyages),United States of America,VC Ship Two Limited,Bermuda,Virgin Cruises Intermediate Limited,United States of America,—,—,—,—,Virgin Cruises Intermediate Limited,United States of America,Wet,Hybrid,Wartsila Corporation,Newbuild,9805336,311000983,—,—,12V46
passenger (cruise),12915803,Resilient Lady,Live,Bahamas,74528,2022,100'-150'gt,10000,Single,C6FA8,108232,6289,Fincantieri-Cantieri Navali Italiani S.p.A. Genoa,Genoa,277.03,—,38.00,38.00,11.25,11.25,0.00,—,Wartsila Corporation,V Cruises US Limited Liability Company (Virgin Voyages),United States of America,Nassau,—,Bain Capital LP & The Virgin Group,United States of America,V Cruises US Limited Liability Company (Virgin Voyages),United States of America,VC Ship Three Limited,Bermuda,Virgin Cruises Intermediate Limited,United States of America,—,—,—,—,Virgin Cruises Intermediate Limited,United States of America,Wet,Hybrid,Wartsila Corporation,Newbuild,9805348,311001056,—,—,8L46F
passenger (cruise),12915845,Norwegian Aqua,Live,Bahamas,130617,2025,150'+ gt,10000,Single,C6HT4,154140,6300,Fincantieri-Cantieri Navali Italiani S.p.A. Venice,Venice,321.80,—,—,40.50,—,11.70,—,—,—,NCL Corporation Limited,United States of America,Nassau,—,Norwegian Cruise Line Holdings Limited,United States of America,NCL Corporation Limited,United States of America,Leonardo Three Limited,Bermuda,NCL (Bahamas) Limited,United States of America,—,—,—,—,NCL (Bahamas) Limited,United States of America,—,—,—,—,9824007,311001559,—,—,16M43C
passenger (cruise),12915858,Norwegian Prima,Live,Bahamas,112862,2022,100'-150'gt,9547,Single,C6FB3,143535,6298,Fincantieri-Cantieri Navali Italiani S.p.A.,Venice,293.40,282.10,43.84,40.50,11.70,8.70,3.00,—,—,NCL Corporation Limited,United States of America,Nassau,—,Norwegian Cruise Line Holdings Limited,United States of America,NCL Corporation Limited,United States of America,Leonardo One Limited,Bermuda,NCL (Bahamas) Limited,United States of America,NCL (Bahamas) Limited,United States of America,—,—,NCL (Bahamas) Limited,United States of America,—,—,—,—,9823986,311001059,—,—,16M43C
passenger (cruise),12915859,Norwegian Viva,Live,Bahamas,110789,2023,100'-150'gt,9547,Single,C6FJ9,143535,6299,Fincantieri-Cantieri Navali Italiani S.p.A. Venice,Venice,293.40,282.10,—,40.50,—,15.59,—,—,—,NCL Corporation Limited,United States of America,Nassau,—,Norwegian Cruise Line Holdings Limited,United States of America,NCL Corporation Limited,United States of America,Leonardo Two Limited,Bermuda,NCL (Bahamas) Limited,United States of America,NCL (Bahamas) Limited,United States of America,—,—,NCL (Bahamas) Limited,United States of America,—,—,—,—,9823998,311001127,—,—,16M43C
passenger (cruise),12915864,Silver Moon,Live,Bahamas,—,2020,10'-60'gt,4000,Single,C6DM6,40844,—,Fincantieri-Cantieri Navali Italiani S.p.A. Genoa,Genoa,213.00,—,30.00,—,—,—,—,—,—,Silversea Cruises Limited,United States of America,Nassau,—,Lefebvre family,Monaco,Silversea Cruises Limited,United States of America,Silversea Cruises Limited,United States of America,Silversea S.A.M.,Monaco,—,—,—,—,Silversea S.A.M.,Monaco,—,—,—,—,9838618,311000719,—,—,—
passenger (cruise),12916080,MSC Seaview,Live,Malta,—,2018,150'+ gt,19341,Single,9HA4777,154000,6257,Fincantieri-Cantieri Navali Italiani S.p.A. Monfalcone,Monfalcone,323.36,—,44.00,41.00,12.10,8.80,3.31,Wartsila Corporation,Wartsila Corporation,MSC Crociere (Mediterranean Shipping Cruises) S.p.A.,Italy,Valletta,—,Mediterranean Shipping Company S.A. (MSC),Switzerland,MSC Crociere (Mediterranean Shipping Cruises) S.p.A.,Italy,Compania Naviera Seaside 2 SA,Panama,MSC Cruise Management (UK) Limited,United Kingdom,—,—,—,—,MSC Cruise Management (UK) Limited,United Kingdom,Unknown,Unknown,Unknown Scrubber Manufacturer,—,9745378,248717000,18810,25225,14V46F
passenger (cruise),12916302,Celebrity Apex,Live,Malta,92639,2020,100'-150'gt,9000,Single,9HA4960,130818,K34,Chantiers de l'Atlantique,St. Nazaire,306.00,295.06,—,39.00,13.89,8.40,5.49,—,—,Celebrity Cruises Incorporated,United States of America,Valletta,—,Royal Caribbean Cruises Limited (RCL),United States of America,Celebrity Cruises Incorporated,United States of America,Celebrity Apex Incorporated,Liberia,RCL Cruises Limited,United Kingdom,—,—,—,—,RCL Cruises Limited,United Kingdom,Unknown,Unknown,Unknown Scrubber Manufacturer,—,9838383,215105000,—,—,12V46C
passenger (cruise),12916311,Wonder of the Seas,Live,Bahamas,106011,2021,150'+ gt,19750,Single,C6EY2,235600,C34,Chantiers de l'Atlantique,St. Nazaire,362.00,—,66.00,47.00,—,—,—,—,—,Royal Caribbean Cruises Limited (RCL),United States of America,Nassau,—,Royal Caribbean Cruises Limited (RCL),United States of America,Royal Caribbean Cruises Limited (RCL),United States of America,Wonder of the Seas LLC,Liberia,Royal Caribbean Cruises Limited (RCL),United States of America,—,—,—,—,Royal Caribbean Cruises Limited (RCL),United States of America,—,—,—,—,9838345,311001033,—,—,—
passenger (cruise),12916355,Norwegian Encore,Live,Bahamas,153398,2019,150'+ gt,13332,Single,C6EF4,169116,708,Meyer Werft GmbH (Dormant),Papenburg,333.44,302.76,45.00,41.39,11.60,8.70,2.90,—,—,NCL (Bahamas) Limited,United States of America,Nassau,—,Norwegian Cruise Line Holdings Limited,United States of America,NCL (Bahamas) Limited,United States of America,Seahawk Two Limited,Bermuda,NCL (Bahamas) Limited,United States of America,—,—,—,—,NCL (Bahamas) Limited,United States of America,Unknown,Unknown,Unknown Scrubber Manufacturer,—,9751511,311000879,—,—,12V46
passenger (cruise),12916356,Costa Toscana,Live,Italy,—,2021,150'+ gt,13000,Single,IBIM,186364,1395,Meyer Werft GmbH (Dormant),Papenburg,336.98,—,—,42.00,12.00,8.80,3.20,—,—,Costa Crociere S.p.A.,Italy,Genoa,—,Carnival Corporation,United States of America,Costa Crociere S.p.A.,Italy,Costa Crociere S.p.A.,Italy,Carnival Maritime GmbH,Germany,—,—,—,—,Carnival Maritime GmbH,Germany,—,—,—,—,9781891,247431200,—,—,—
passenger (cruise),12916359,Iona,Live,Bermuda,—,2020,150'+ gt,16887,Single,ZCHG9,184089,710,Meyer Werft GmbH (Dormant),Papenburg,343.92,—,—,42.00,11.80,8.80,3.00,—,—,Carnival plc,United Kingdom,Hamilton,—,Carnival Corporation,United States of America,Carnival plc,United Kingdom,Carnival plc,United Kingdom,Carnival plc,United Kingdom,—,—,—,—,Carnival plc,United Kingdom,—,—,—,—,9826548,310857000,—,—,—
passenger (cruise),12918812,Verden,Live,Germany,—,1980,Unknown size,—,Single,DC3396,—,—,—,Unknown,28.00,—,6.00,6.00,1.25,—,—,—,Unknown Engine Designer,Unknown Owners,—,—,—,Unknown Owners,—,Unknown Owners,—,Unknown Owners,—,Unknown Owners,—,—,—,—,—,—,—,—,—,—,—,—,211518710,2000,2681,3D6C
passenger (cruise),12934464,Grand-Queen-Beatriz,Live,Ecuador,—,2018,-2'gt,—,Single,HC6239,419,—,—,Guayaquil,41.00,—,9.00,9.00,—,—,—,—,Unknown Engine Designer,Unknown Owners,—,—,—,Unknown Owners,—,Unknown Owners,—,Angel Vilema Guerrero,Ecuador,Unknown Owners,—,—,—,—,—,—,—,—,—,—,—,9857999,735059797,1972,2644,16V4000M70
passenger (cruise),12945692,Albatros,Live,Ecuador,—,1991,-2'gt,—,Single,HC2005,135,—,—,Ecuador,31.00,—,7.00,—,—,2.50,—,—,Unknown Engine Designer,Unknown Owners,—,—,—,Unknown Owners,—,Unknown Owners,—,Galaex SA,Ecuador,Unknown Owners,—,—,—,—,—,—,—,—,—,—,—,8978992,735023405,608,815,3196DITA
passenger (cruise),12956279,Letty,Live,Ecuador,—,1994,-2'gt,—,Single,HC2104,234,—,Astilleros Navales Ecuatorianos (ASTINAVE),"",26.00,—,8.00,8.00,—,—,—,—,Unknown Engine Designer,Ecoventura S.A.,Ecuador,—,—,Ecoventura S.A.,Ecuador,Ecoventura S.A.,Ecuador,Ecoventura S.A.,Ecuador,Ecoventura S.A.,Ecuador,—,—,—,—,—,—,—,—,—,—,8978942,735057504,—,—,UNKNOWN
passenger (cruise),12956323,Galapagos Sky,Live,Ecuador,—,2001,-2'gt,—,Single,HC4379,205,—,—,Unknown,33.00,—,8.00,—,—,2.50,—,—,Unknown Engine Designer,Ecoventura S.A.,Ecuador,Ecuador,—,Ecoventura S.A.,Ecuador,Ecoventura S.A.,Ecuador,Ecoventura S.A.,Ecuador,Ecoventura S.A.,Ecuador,—,—,—,—,—,—,—,—,—,—,8979075,735057585,—,—,3412
passenger (cruise),12962020,Beluga,Live,Ecuador,142,1968,-2'gt,—,Single,HC2105,227,—,Heinrich Grube Schiffswerft,Hamburg,34.00,—,7.00,7.00,3.00,—,—,—,Unknown Engine Designer,Unknown Owners,—,—,—,Unknown Owners,—,Unknown Owners,—,Maritima Galapagos SA,Ecuador,Unknown Owners,—,—,—,—,—,—,—,—,—,—,—,8978772,735057505,552,740,8V396TB83
passenger (cruise),12963770,Hanseatic Inspiration,Live,Malta,4707,2019,10'-60'gt,1800,Single,9HA5274,15651,871,Vard Tulcea SA,Tulcea,138.77,129.02,20.00,—,7.75,5.75,2.00,—,—,TUI Cruises GmbH,Germany,Valletta,—,TUI AG,Germany,TUI Cruises GmbH,Germany,TUI Cruises GmbH,Germany,Global Fleet Management LLC,United States of America,Hapag-Lloyd Kreuzfahrten GmbH (Hapag-Lloyd Cruises GmbH),Germany,—,—,Global Fleet Management LLC,United States of America,—,—,—,—,9817145,215766000,—,—,—
passenger (cruise),12966744,Estrella Del Mar,Live,Ecuador,—,1989,-2'gt,—,Single,HC2019,150,—,—,Guayaquil,20.00,—,7.00,—,—,—,—,—,Unknown Engine Designer,Unknown Owners,—,—,—,Unknown Owners,—,Unknown Owners,—,Adolfo Aurelio Flor Gil,Ecuador,Adolfo Aurelio Flor Gil,Ecuador,—,—,—,—,Adolfo Aurelio Flor Gil,Ecuador,—,—,—,—,8978928,735023419,—,—,8V-71-N
passenger (cruise),12967220,Jesus Del Gran Poder,Live,Ecuador,—,1992,-2'gt,—,Single,HC2027,135,—,—,Ecuador,32.00,—,7.00,7.00,—,—,—,—,Unknown Engine Designer,Unknown Owners,—,—,—,Unknown Owners,—,Unknown Owners,—,Galascuba SA,Ecuador,Unknown Owners,—,—,—,—,—,—,—,—,—,—,—,8978980,735023427,—,—,UNKNOWN
passenger (cruise),12968300,Samba,Live,Ecuador,—,1966,-2'gt,—,Single,HC2098,134,—,—,Unknown,24.00,—,6.00,6.00,—,—,—,—,Unknown Engine Designer,Unknown Owners,—,—,—,Unknown Owners,—,Unknown Owners,—,Catalina Izurieta e Hijos Cia Ltda,Ecuador,Unknown Owners,—,—,—,—,—,—,—,—,—,—,—,8979051,735023498,—,—,8V-71-N
passenger (cruise),12969894,National Geographic Venture,Live,U.S.A.,876,2018,2'-10'gt,511,Single,WDK4393,2920,S189,—,Freeland,72.54,65.30,—,13.41,4.88,2.90,1.98,MTU Friedrichshafen GmbH,MTU Friedrichshafen GmbH,Lindblad Expeditions LLC,United States of America,Seattle,—,Lindblad Expeditions Holdings Incorporated,United States of America,Lindblad Expeditions LLC,United States of America,Lindblad Expeditions LLC,United States of America,Lindblad Expeditions LLC,United States of America,AdventureSmith Explorations,United States of America,—,—,Lindblad Expeditions LLC,United States of America,—,—,—,—,9799044,369358000,1650,2242,12V4000M54
passenger (cruise),12970147,Yolita 2,Live,Ecuador,—,2008,-2'gt,—,Single,HC4936,250,—,—,Unknown,32.00,—,9.00,9.00,—,—,—,—,Unknown Engine Designer,Unknown Owners,—,—,—,Unknown Owners,—,Unknown Owners,—,Unknown Owners,—,Unknown Owners,—,—,—,—,—,—,—,—,—,—,—,9546291,735058239,982,1317,3412E
passenger (cruise),12971150,Eden,Live,Ecuador,—,1996,-2'gt,—,Single,HC2074,154,—,Astilleros y Servicios Navales S.A. (ASENAV),Valdivia,15.00,—,7.00,7.00,—,—,—,—,Unknown Engine Designer,Unknown Owners,—,—,—,Unknown Owners,—,Unknown Owners,—,Unknown Owners,—,Unknown Owners,—,—,—,—,—,—,—,—,—,—,—,9092379,735023474,608,815,3196DITA
passenger (cruise),12973236,Domenica,Live,Ecuador,—,2010,-2'gt,—,Single,HC5157,437,—,Varadero El Aguila,Guayaquil,40.50,—,—,—,—,—,—,—,Unknown Engine Designer,Unknown Owners,—,—,—,Unknown Owners,—,Unknown Owners,—,Corsamer SA,Ecuador,Unknown Owners,—,—,—,—,—,—,—,—,—,—,—,9617583,735058808,—,—,16V4000M70
passenger (cruise),12974279,Archipel,Live,Ecuador,—,2002,-2'gt,—,Single,HC4558,260,—,—,Ecuador,27.00,—,11.00,11.00,—,1.50,—,—,Unknown Engine Designer,Unknown Owners,—,—,—,Unknown Owners,—,Unknown Owners,—,Maxmetour C Ltda,Ecuador,Unknown Owners,—,—,—,—,—,—,—,—,—,—,—,8978760,735057618,982,1317,3412E
passenger (cruise),12975391,Monserrat,Live,Ecuador,—,1973,-2'gt,—,Single,HC4122,151,—,—,Unknown,29.00,—,7.00,6.00,—,—,—,—,Unknown Engine Designer,Unknown Owners,—,—,—,Unknown Owners,—,Unknown Owners,—,Unknown Owners,—,Unknown Owners,—,—,—,—,—,—,—,—,—,—,—,9096349,735059018,224,300,SBF12M716
passenger (cruise),12975846,Gran Natalia,Live,Ecuador,—,2011,-2'gt,—,Single,HC4945,305,—,Varadero El Aguila,"",57.00,—,9.00,—,—,—,—,—,Unknown Engine Designer,Unknown Owners,—,—,—,Unknown Owners,—,Unknown Owners,—,Unknown Owners,—,Unknown Owners,—,—,—,—,—,—,—,—,—,—,—,9099315,735058210,—,—,16V4000M70
passenger (cruise),12977275,Seaman II,Live,Ecuador,—,2007,-2'gt,—,Single,HC4904,249,—,Botto Astilleros y Marina,Guayaquil,28.00,—,11.00,11.00,—,5.00,—,—,Unknown Engine Designer,Cruising Galapagos S.A.,Ecuador,—,—,Cruising Galapagos S.A.,Ecuador,Cruising Galapagos S.A.,Ecuador,Cruising Galapagos S.A.,Ecuador,Cruising Galapagos S.A.,Ecuador,—,—,—,—,—,—,—,—,—,—,9096595,735058057,—,—,3412
passenger (cruise),12979682,Dream,Live,Croatia,141,2017,-2'gt,49,Single,9A4169,379,1,Gulet J Doo,Kastel Sucurac,40.20,30.68,—,8.00,3.54,2.35,1.19,Cummins Incorporated,Unknown Engine Designer,Unknown Owners,—,Split,—,Unknown Owners,—,Unknown Owners,—,Labrador doo,Republic of Croatia,Unknown Owners,—,—,—,—,—,—,—,—,—,—,—,9867009,238337740,608,816,16V4000M70
passenger (cruise),12979720,IL Mare,Live,Croatia,171,2017,-2'gt,101,Single,9A3999,497,24,Radez DD,Blaton,47.95,40.00,—,8.60,3.88,2.41,1.47,—,Unknown Engine Designer,Unknown Owners,—,Split,—,Unknown Owners,—,Unknown Owners,—,Macek doo,Republic of Croatia,Unknown Owners,—,—,—,—,—,—,—,—,—,—,—,9844447,238305140,—,—,—
passenger (cruise),12992131,Petrel,Live,Ecuador,—,2015,-2'gt,—,Single,HC5815,443,—,—,Unknown,35.00,—,12.00,12.00,—,—,—,—,Unknown Engine Designer,Unknown Owners,—,—,—,Unknown Owners,—,Unknown Owners,—,Unknown Owners,—,Unknown Owners,—,—,—,—,—,—,—,—,—,—,—,9794733,735059370,3944,5289,16V4000M70
passenger (cruise),12993223,Obu Alkhair,Live,St. Vincent & Grenadines,304,2019,-2'gt,—,Single,J8B6030,971,—,—,Unknown,74.00,—,16.00,—,—,2.30,—,Caterpillar Incorporated,Caterpillar Incorporated,Unknown Owners,—,Kingstown,—,Unknown Owners,—,Unknown Owners,—,Ikarus Shipping Company SA,Marshall Islands,Redwise Maritime Services B.V.,Netherlands,—,—,—,—,Redwise Maritime Services B.V.,Netherlands,—,—,—,—,9856969,375474000,—,—,C18
passenger (cruise),12994680,Astrea,Live,Ecuador,—,1998,-2'gt,—,Single,HC2121,127,—,—,Ecuador,26.00,—,6.00,6.00,—,—,—,—,Unknown Engine Designer,Unknown Owners,—,—,—,Unknown Owners,—,Unknown Owners,—,Unknown Owners,—,Unknown Owners,—,—,—,—,—,—,—,—,—,—,—,8978978,735057539,—,—,UNKNOWN
passenger (cruise),12997439,MSC Seashore,Live,Malta,—,2021,150'+ gt,—,Single,9HA5370,170412,6306,Fincantieri-Cantieri Navali Italiani S.p.A.,Trieste,339.00,—,—,41.00,12.00,8.80,3.20,General Electric Company,Unknown Engine Designer,MSC Crociere (Mediterranean Shipping Cruises) S.p.A.,Italy,Valletta,—,Mediterranean Shipping Company S.A. (MSC),Switzerland,MSC Crociere (Mediterranean Shipping Cruises) S.p.A.,Italy,Compania Naviera Evo 1 SA,Panama,MSC Cruise Management (UK) Limited,United Kingdom,—,—,—,—,MSC Cruise Management (UK) Limited,United Kingdom,Unknown,Unknown,Unknown Scrubber Manufacturer,—,9843792,215920000,21000,—,UNKNOWN
passenger (cruise),13004875,Roald Amundsen,Live,Norway (Int. Register),7545,2019,10'-60'gt,1800,Single,LAZP7,21765,400,—,Ulsteinvik,140.00,125.90,24.00,23.60,16.00,5.50,10.50,—,Unknown Engine Designer,Hurtigruten Expedition Cruises AS,Norway,Tromso,—,Silk Topco AS,Norway,Hurtigruten Expedition Cruises AS,Norway,HX Finance II AS,Norway,HX TO GmbH,Germany,—,—,—,—,HX TO GmbH,Germany,—,—,—,—,9813072,257425000,—,—,UNKNOWN
passenger (cruise),130050,Expedition,Live,Liberia,1441,1972,2'-10'gt,965,Single,A8QL4,6334,398,Helsingor Vaerft A/S,Denmark,104.04,94.01,18.93,18.59,11.56,4.61,6.95,Helsingor Vaerft A/S,Alpha Diesels A/S,G Adventures Incorporated,Canada,Monrovia,—,G Adventures Incorporated,Canada,G Adventures Incorporated,Canada,The Expedition Shipping Company Limited,Barbados,V. Ships Leisure SAM,Monaco,—,—,—,—,V. Ships Leisure SAM,Monaco,—,—,—,—,7211074,636013956,4511,6050,10U45HU
passenger (cruise),13005105,Adora,Live,Bulgaria,—,2019,-2'gt,—,Single,LZNZ,1800,—,Scheepswerf Jac.Den Breejen & ZN. B.V.,Hardinxveld,135.00,—,12.00,11.40,—,—,—,—,Unknown Engine Designer,Dunav Tours AD,Bulgaria,—,—,Dunav Tours AD,Bulgaria,Dunav Tours AD,Bulgaria,Dunav Tours AD,Bulgaria,Dunav Tours AD,Bulgaria,—,—,—,—,—,—,—,—,—,—,8338489,207261426,—,—,UNKNOWN
passenger (cruise),13005632,Celebrity Flora,Live,Ecuador,—,2019,2'-10'gt,800,Single,HC6354,5922,488,Scheepswerf de Hoop Lobith B.V.,Lobith,102.00,—,17.00,17.00,—,6.50,—,—,—,Celebrity Cruises Incorporated,United States of America,—,—,Royal Caribbean Cruises Limited (RCL),United States of America,Celebrity Cruises Incorporated,United States of America,Islas Galapagos Turismo y Vapores S.A.,Ecuador,Islas Galapagos Turismo y Vapores S.A.,Ecuador,—,—,—,—,Islas Galapagos Turismo y Vapores S.A.,Ecuador,—,—,—,—,9837925,735059945,—,—,6EY26W
passenger (cruise),13006317,CORAL II,Live,Ecuador,—,1963,-2'gt,—,Single,HC2114,208,—,Scheepswerf Alphen P. de Vries Lentsch N.V.,"",34.00,—,7.00,—,—,—,—,—,Unknown Engine Designer,Kleintours Y Representaciones Compania Limitada,Ecuador,—,—,Kleintours Y Representaciones Compania Limitada,Ecuador,Kleintours Y Representaciones Compania Limitada,Ecuador,Kleintours Y Representaciones Compania Limitada,Ecuador,Kleintours Y Representaciones Compania Limitada,Ecuador,—,—,—,—,—,—,—,—,—,—,8978887,735057574,179,240,3ACA
passenger (cruise),13006500,San Jacinto,Live,Ecuador,—,2019,-2'gt,—,Single,HC6323,358,—,—,Unknown,24.00,—,16.00,6.00,—,—,—,—,Unknown Engine Designer,Unknown Owners,—,—,—,Unknown Owners,—,Unknown Owners,—,Unknown Owners,—,Unknown Owners,—,—,—,—,—,—,—,—,—,—,—,9879399,735059893,—,—,16V4000M70
passenger (cruise),13006566,Treasure Of Galapagos I,Live,Ecuador,—,2009,-2'gt,—,Single,HC5070,342,—,—,Guayaquil,32.00,—,12.00,—,—,—,—,—,Unknown Engine Designer,Unknown Owners,—,—,—,Unknown Owners,—,Unknown Owners,—,Unknown Owners,—,Unknown Owners,—,—,—,—,—,—,—,—,—,—,—,9578804,735058659,776,1041,3412
passenger (cruise),13007040,Deep Blue,Live,Ecuador,—,2003,-2'gt,—,Single,HC4555,223,—,Varadero El Aguila,Guayaquil,27.00,—,11.00,7.50,—,—,—,—,Unknown Engine Designer,Unknown Owners,—,—,—,Unknown Owners,—,Unknown Owners,—,Unknown Owners,—,Unknown Owners,—,—,—,—,—,—,—,—,—,—,—,9091571,735057617,—,—,3412
passenger (cruise),13007943,Le Bougainville,Live,France,2996,2019,2'-10'gt,1305,Single,FLDT,9988,850,Vard Soviknes,Norway,131.46,118.40,5.00,—,18.20,4.70,2.00,"Maquinas Electrcias e Hidraulicas Indar, SL (INDAR)","Maquinas Electrcias e Hidraulicas Indar, SL (INDAR)",Credit Industriel et Commercial SA (CIC),France,—,—,Credit Mutuel Alliance Federale,France,Credit Industriel et Commercial SA (CIC),France,Caroline 69 SASU,France,Compagnie du Ponant (PONANT),France,AdventureSmith Explorations,United States of America,—,—,Compagnie du Ponant (PONANT),France,—,—,—,—,9814040,—,2000,2682,IMU-710-X
passenger (cruise),130124,Nantucket,Live,U.S.A.,583,1974,-2'gt,533,Single,WBQ6814,1152,—,—,U.S.A.,70.00,—,—,18.38,5.20,2.90,2.30,—,Unknown Engine Designer,Woods Hole Martha's Vineyard & Nantucket Steamship Authority,United States of America,—,—,Woods Hole Martha's Vineyard & Nantucket Steamship Authority,United States of America,Woods Hole Martha's Vineyard & Nantucket Steamship Authority,United States of America,Woods Hole Martha's Vineyard & Nantucket Steamship Authority,United States of America,Woods Hole Martha's Vineyard & Nantucket Steamship Authority,United States of America,—,—,—,—,—,—,—,—,—,—,7334199,367324580,671,900,16V-149
passenger (cruise),13014689,VIKING SIGRUN,Live,Switzerland,—,—,2'-10'gt,—,Single,HE7686,5000,—,—,"",135.00,—,11.45,—,—,1.70,—,—,Unknown Engine Designer,Unknown Owners,—,—,—,Unknown Owners,—,Unknown Owners,—,Unknown Owners,—,Unknown Owners,—,—,—,—,—,—,—,—,—,—,—,8338245,269057686,—,—,UNKNOWN
passenger (cruise),13026883,Galaxy Orion,Live,Ecuador,—,1986,Unknown size,—,Single,HC2041,—,—,—,"",30.00,—,6.00,—,—,2.00,—,—,Unknown Engine Designer,Unknown Owners,—,—,—,Unknown Owners,—,Unknown Owners,—,Unknown Owners,—,Unknown Owners,—,—,—,—,—,—,—,—,—,—,—,9093050,735023441,—,—,UNKNOWN
passenger (cruise),13029043,Scenic Eclipse,Live,Bahamas,5263,2019,10'-60'gt,1550,Single,C6ET4,17545,530,Uljanik Brodogradiliste d.d.,Croatia,168.00,147.30,15.00,—,13.80,5.60,8.20,—,Anglo Belgian Corporation N.V. (ABC),PEC Holdings Limited,Malta,Nassau,—,Scenic Tours Proprietary Limited,Australia,PEC Holdings Limited,Malta,PEC Limited,Malta,Scenic Cruise Services doo,Republic of Croatia,—,—,—,—,Scenic Cruise Services doo,Republic of Croatia,—,—,—,—,9797371,311000995,3000,4023,16VDZC
passenger (cruise),13031798,World Explorer,Live,Madeira,2978,2019,2'-10'gt,1166,Single,CQAJ7,9923,C010,—,Unknown,119.88,105.29,25.00,19.00,12.90,4.80,2.00,"Rolls-Royce Marine AS, Engines - Bergen",Normo,MysticInvest Holding SA,Portugal,Madeira,—,Pluris Investments S.A.,Portugal,MysticInvest Holding SA,Portugal,Mystic Cruises S.A.,Portugal,Mystic Cruises S.A.,Portugal,—,—,—,—,Mystic Cruises S.A.,Portugal,—,—,—,—,9835719,255806193,2667,3624,C25:33L8P
passenger (cruise),13031978,Le Dumont D'Urville,Live,France,2996,2019,2'-10'gt,1377,Single,FLDS,9988,851,Vard Soviknes,Norway,131.50,118.40,18.00,18.00,18.20,4.70,2.11,"Maquinas Electrcias e Hidraulicas Indar, SL (INDAR)","Maquinas Electrcias e Hidraulicas Indar, SL (INDAR)",Compagnie du Ponant (PONANT),France,Mata'utu,—,Compagnie du Ponant (PONANT),France,Compagnie du Ponant (PONANT),France,Rhode Bail SNC,France,Compagnie du Ponant (PONANT),France,AdventureSmith Explorations,United States of America,—,—,Compagnie du Ponant (PONANT),France,—,—,—,—,9814052,—,2000,2682,IMU-710-X
passenger (cruise),13035086,Hondius,Live,Netherlands,2057,2019,2'-10'gt,1276,Single,PCEP,6603,484,Brodogradiliste Brodosplit Shipbuilding,Split,107.60,94.28,—,17.60,7.60,5.36,2.24,Caterpillar Motoren Rostock GmbH,Unknown Engine Designer,Oceanwide Expeditions B.V.,Netherlands,Flushing,—,Oceanwide Expeditions B.V.,Netherlands,Oceanwide Expeditions B.V.,Netherlands,Hondius Scheepsreizen B.V.,Netherlands,Oceanwide Marine Services B.V.,Netherlands,—,—,—,—,Oceanwide Marine Services B.V.,Netherlands,—,—,—,—,9818709,244327000,12600,16897,12M-43C
passenger (cruise),13046103,Knyazhna Anastasiya,Live,Russia,—,1989,2'-10'gt,480,Single,UAXG4,5414,—,Elbewerften Rosslauer Schiffswerft GmbH (RSW),Rosslau,127.00,—,17.00,—,—,—,—,—,—,Unknown Owners,—,Moscow,—,Unknown Owners,—,Unknown Owners,—,Unknown Owners,—,Unknown Owners,—,—,—,—,—,—,—,—,—,—,—,8922450,273359140,—,—,K6Z57/80C
passenger (cruise),13049157,Stern Von Waldeck,Live,Germany,—,1993,-2'gt,—,Single,—,64,—,—,"",40.00,—,—,8.30,1.00,—,—,—,Unknown Engine Designer,Unknown Owners,—,—,—,Unknown Owners,—,Unknown Owners,—,Unknown Owners,—,Unknown Owners,—,—,—,—,—,—,—,—,—,—,—,—,—,—,—,UNKNOWN
passenger (cruise),13055604,Mardi Gras,Live,Bahamas,70546,2020,150'+ gt,13000,Double Bottom,C6FA2,181808,1396,Meyer Turku OY,Finland,344.46,320.09,—,42.00,11.80,11.80,0.00,—,—,Carnival Corporation,United States of America,Nassau,—,Carnival Corporation,United States of America,Carnival Corporation,United States of America,Carnival Corporation,United States of America,Carnival Corporation (Carnival Cruise Line),United States of America,—,—,—,—,Carnival Corporation (Carnival Cruise Line),United States of America,—,—,—,—,9837444,311001049,—,—,—
passenger (cruise),130560,Far East I,Live,Philippines,134,1961,-2'gt,325,Single,DYTZ,997,40,Saint John Shipbuilding Limited,Saint John(CAN),52.00,—,11.80,11.59,6.10,3.80,2.30,Crossley Marine Engines,Crossley Marine Engines,Far East Maritime Foundation Incorporated  (FEMFI),Philippines,—,—,Far East Maritime Foundation Incorporated  (FEMFI),Philippines,Far East Maritime Foundation Incorporated  (FEMFI),Philippines,Far East Maritime Foundation Incorporated  (FEMFI),Philippines,Far East Maritime Foundation Incorporated  (FEMFI),Philippines,—,—,—,—,—,—,—,—,—,—,5276135,—,820,1100,HGN6
passenger (cruise),130614,Amazing Grace,Dead,Sierra Leone,592,1955,-2'gt,563,Double Bottom,—,1585,507,Caledon Shipbuilding & Engineering Company Limited,Dundee,78.00,—,12.30,—,6.00,3.80,2.20,British Polar Engines Limited,British Polar Engines Limited,Turkish Breakers,—,Freetown,—,—,—,—,—,—,—,—,—,—,—,—,—,—,—,—,—,—,—,5276874,—,977,1310,MN17
passenger (cruise),130617,Melody,Dead,Honduras,3072,1948,2'-10'gt,3333,Single,—,5551,—,—,U.K.,113.00,—,15.60,—,—,7.30,—,—,Unknown Engine Designer,—,—,San Lorenzo,—,—,—,—,—,—,—,—,—,—,—,—,—,—,—,—,—,—,—,5091016,—,—,—,UNKNOWN
passenger (cruise),13065091,Magellan Explorer,Live,Bahamas,1577,2019,2'-10'gt,1014,Single,C6DN6,5258,183,—,"",90.70,—,16.00,—,—,5.80,—,—,Unknown Engine Designer,Unknown Owners,—,—,—,Unknown Owners,—,Unknown Owners,—,Unknown Owners,—,Unknown Owners,—,—,—,—,—,—,—,—,—,—,—,9822516,311000728,—,—,UNKNOWN
passenger (cruise),13093140,VIKING VALI,Live,Switzerland,—,—,2'-10'gt,—,Single,HE7691,5000,—,—,"",135.00,—,11.45,—,—,—,—,—,Unknown Engine Designer,AIS Unknown,—,—,—,AIS Unknown,—,AIS Unknown,—,AIS Unknown,—,AIS Unknown,—,—,—,—,—,—,—,—,—,—,—,8338271,269057691,—,—,—
passenger (cruise),13129890,Sapphire Princess,Live,U.S.A.,—,2001,-2'gt,—,Single,WDH5021,185,—,—,Wisconsin,26.00,—,7.00,—,—,—,—,—,Unknown Engine Designer,Sapphire Cruises Incorporated,United States of America,—,—,Sapphire Cruises Incorporated,United States of America,Sapphire Cruises Incorporated,United States of America,Sapphire Cruises Incorporated,United States of America,Sapphire Cruises Incorporated,United States of America,—,—,—,—,—,—,—,—,—,—,8967668,367623730,—,—,—
passenger (cruise),13130215,VIKING EINAR,Live,Switzerland,—,—,2'-10'gt,—,Single,HE7687,5000,—,—,"",135.00,—,11.45,—,—,—,—,—,Unknown Engine Designer,AIS Unknown,—,—,—,AIS Unknown,—,AIS Unknown,—,AIS Unknown,—,AIS Unknown,—,—,—,—,—,—,—,—,—,—,—,8338257,269057687,—,—,—
passenger (cruise),13132333,VIKING ULLUR,Live,Switzerland,—,—,Unknown size,—,Single,—,—,—,—,"",135.00,—,11.45,—,—,—,—,—,Unknown Engine Designer,AIS Unknown,—,—,—,AIS Unknown,—,AIS Unknown,—,AIS Unknown,—,AIS Unknown,—,—,—,—,—,—,—,—,—,—,—,—,269057694,—,—,—
passenger (cruise),131334,Romantica,Dead,Greece,2053,1936,2'-10'gt,—,Single,—,3743,—,—,"",—,—,—,—,—,—,—,—,Unknown Engine Designer,—,—,—,—,—,—,—,—,—,—,—,—,—,—,—,—,—,—,—,—,—,—,5299096,—,—,—,UNKNOWN
passenger (cruise),1315,Marco Polo,Dead,Bahamas,9081,1965,10'-60'gt,5180,Single,C6JZ7,22080,126,Wadan Yards MTW GmbH,Wismar,176.28,155.00,23.63,23.60,13.49,8.60,5.29,Zaklady Przemyslu Metalowego H. Cegielski S.A.,Sulzer Turbomachinery Services,Indian Breakers,—,Nassau,—,—,—,—,—,—,—,—,—,—,—,—,—,—,—,—,—,—,—,6417097,—,7830,10500,7RND76
passenger (cruise),131600,Sampo,Live,Finland,789,1960,2'-10'gt,3597,Single,OIWK,2630,368,STX Finland OY - SEE NOW AS Arctech Helsinki Shipyard Incorporated,Helsinki,74.00,—,17.40,—,—,6.20,—,—,Sulzer Turbomachinery Services,Kemin Satama Oy (Port of Kemi),Finland,—,—,Government of Finland,Finland,Kemin Satama Oy (Port of Kemi),Finland,Kemin Satama Oy (Port of Kemi),Finland,Kemin Satama Oy (Port of Kemi),Finland,—,—,—,—,—,—,—,—,—,—,5308938,230990040,1398,1875,5MH51
passenger (cruise),131672,Coco Explorer 1,Dead,Cyprus,562,1967,-2'gt,344,Single,—,1199,97,Union Naval de Levante S.A.,Valencia,66.00,—,11.00,—,5.30,3.70,1.60,—,Unknown Engine Designer,Chinese Breakers,—,—,—,—,—,—,—,—,—,—,—,—,—,—,—,—,—,—,—,—,—,6617908,—,746,1000,UNKNOWN
passenger (cruise),13171830,FIORDLAND NAVIGATOR,Live,New Zealand,—,2001,-2'gt,—,Single,ZMA2512,693,—,—,"",40.00,—,10.00,—,—,—,—,—,Unknown Engine Designer,AIS Unknown,—,—,—,AIS Unknown,—,AIS Unknown,—,AIS Unknown,—,AIS Unknown,—,—,—,—,—,—,—,—,—,—,—,8975641,512001473,—,—,—
passenger (cruise),13191249,Milford Wanderer,Live,New Zealand,—,1992,-2'gt,—,Single,—,258,—,—,"",30.00,—,8.00,—,—,—,—,—,Unknown Engine Designer,AIS Unknown,—,—,—,AIS Unknown,—,AIS Unknown,—,AIS Unknown,—,AIS Unknown,—,—,—,—,—,—,—,—,—,—,—,8975665,512001479,443,602,TBD604BV12
passenger (cruise),13200,Millenium Queen,Dead,Panama,3468,1962,2'-10'gt,2737,Single,—,9520,—,—,Spain,145.00,—,18.65,18.65,8.30,5.60,2.70,B&W Diesel A/S,B&W Diesel A/S,SembCorp I.,—,Panama,—,—,—,—,—,—,—,—,—,—,—,—,—,—,—,—,—,—,—,5284792,—,3430,4600,8-50VTBF-110
passenger (cruise),13214379,VIKING SIGYN,Live,Switzerland,—,—,2'-10'gt,—,Single,—,5000,—,—,"",135.00,134.90,11.45,11.45,—,—,—,—,Unknown Engine Designer,Viking River Cruises AG,Switzerland,Basle,—,Viking Holding Limited,Bermuda,Viking River Cruises AG,Switzerland,Viking River Cruises AG,Switzerland,Viking River Cruises AG,Switzerland,—,—,—,—,Viking River Cruises AG,Switzerland,—,—,—,—,8338295,269057695,—,—,—
passenger (cruise),13275959,Viking Gersemi,Live,Switzerland,—,—,Unknown size,—,Single,—,—,—,—,"",135.00,—,12.00,—,—,—,—,—,Unknown Engine Designer,Viking River Cruises AG,Switzerland,—,—,Viking Holding Limited,Bermuda,Viking River Cruises AG,Switzerland,Viking River Cruises AG,Switzerland,Viking River Cruises AG,Switzerland,—,—,—,—,—,—,—,—,—,—,9916850,269087722,—,—,UNKNOWN
passenger (cruise),132777,Sirius,Live,Greece,5247,1948,2'-10'gt,9743,Single,—,8917,733,Fairfields (Glasgow) Limited,Glasgow,151.00,—,18.40,—,10.80,8.40,2.40,Fairfields (Glasgow) Limited,Unknown Engine Designer,Hellenic Industrial Development Bank (ETBA) S.A.,Greece,—,—,Hellenic Industrial Development Bank (ETBA) S.A.,Greece,Hellenic Industrial Development Bank (ETBA) S.A.,Greece,Hellenic Industrial Development Bank (ETBA) S.A.,Greece,Hellenic Industrial Development Bank (ETBA) S.A.,Greece,—,—,—,—,—,—,—,—,—,—,5386461,—,6152,8250,UNKNOWN TURBINE
passenger (cruise),13300863,Milford Mariner,Live,New Zealand,—,2000,-2'gt,—,Single,ZMA2456,693,—,—,"",37.00,—,10.00,—,—,—,—,—,Unknown Engine Designer,AIS Unknown,—,—,—,AIS Unknown,—,AIS Unknown,—,AIS Unknown,—,AIS Unknown,—,—,—,—,—,—,—,—,—,—,—,8975653,512001477,967,1315,UNKNOWN
passenger (cruise),13303040,Ocean Victory,Live,Portugal,2454,2021,2'-10'gt,1400,Single,CQEI7,8181,CMHI 196-3,China Merchants Heavy Industry (Jiangsu) Company Limited,Jiangsu,104.40,99.80,—,18.40,7.25,5.30,1.95,—,Unknown Engine Designer,SunStone Ships Incorporated,United States of America,—,—,SunStone Maritime Group A/S,Denmark,SunStone Ships Incorporated,United States of America,Ocean Victory Partners Limited,Bahamas,Anglo-Eastern Cruise Management Incorporated,United States of America,—,—,—,—,Anglo-Eastern Cruise Management Incorporated,United States of America,—,—,—,—,9868869,255806394,2200,—,UNKNOWN
passenger (cruise),13303041,Ocean Explorer,Live,Madeira,—,2021,2'-10'gt,1300,Single,CQEI6,8228,CMHI-196-4,China Merchants Heavy Industry (Jiangsu) Company Limited,Jiangsu,104.40,99.80,—,18.40,7.25,5.30,1.95,—,Unknown Engine Designer,SunStone Ships Incorporated,United States of America,Madeira,—,SunStone Maritime Group A/S,Denmark,SunStone Ships Incorporated,United States of America,Explorer Owner Unipessoal Lda,Portugal,SunStone Ship Management Unipessoal SA,Portugal,—,—,—,—,SunStone Ship Management Unipessoal SA,Portugal,—,—,—,—,9883194,255806393,2200,—,UNKNOWN
passenger (cruise),13310108,Fridtjof Nansen,Live,Norway (Int. Register),7545,2020,10'-60'gt,2421,Single,LACN8,21765,401,—,"",143.00,125.90,24.00,23.60,10.40,5.50,4.90,—,Unknown Engine Designer,Hurtigruten Expedition Cruises AS,Norway,Tromso,—,Silk Topco AS,Norway,Hurtigruten Expedition Cruises AS,Norway,HX Finance II AS,Norway,HX TO GmbH,Germany,—,—,—,—,HX TO GmbH,Germany,—,—,—,—,9813084,257088070,—,—,12V32
passenger (cruise),133121,Marinos D.,Dead,Panama,2939,1976,2'-10'gt,2423,Single,—,8552,628,The Hakodate Dock Company Limited,Hakodate,144.00,136.00,18.41,18.41,7.22,5.10,2.12,Daihatsu Diesel Manufacturing Company Limited,Daihatsu Diesel Manufacturing Company Limited,Marinos Lines,—,Panama,—,—,—,—,—,—,—,—,—,—,—,—,—,—,—,—,—,—,—,7425558,—,1193,1600,6DSM-32
passenger (cruise),13323370,Rotterdam,Live,Netherlands,—,2021,60'-100'gt,9000,Single,PDGW,99935,—,Fincantieri-Cantieri Navali Italiani S.p.A. Venice,"",299.79,—,—,34.98,—,—,—,—,—,Carnival Corporation,United States of America,—,—,Carnival Corporation,United States of America,Carnival Corporation,United States of America,Carnival Holdings (Bermuda) Limited,Bermuda,Holland America Line N.V.,United States of America,Holland America Line N.V.,United States of America,—,—,Holland America Line N.V.,United States of America,Unknown,Unknown,Unknown Scrubber Manufacturer,—,9837470,245464000,—,—,—
passenger (cruise),13323371,MSC Seascape,Live,Malta,—,2022,150'+ gt,13500,Single,9HA5677,170412,6307,Fincantieri-Cantieri Navali Italiani S.p.A. Monfalcone,Monfalcone,339.00,—,—,41.00,12.10,8.80,3.30,—,—,MSC Crociere (Mediterranean Shipping Cruises) S.p.A.,Italy,Valletta,—,Mediterranean Shipping Company S.A. (MSC),Switzerland,MSC Crociere (Mediterranean Shipping Cruises) S.p.A.,Italy,Compania Naviera Evo 2 SA,Panama,MSC Crociere (Mediterranean Shipping Cruises) S.p.A.,Italy,—,—,—,—,—,—,Unknown,Unknown,Unknown Scrubber Manufacturer,—,9843807,256059000,—,—,—
passenger (cruise),13323372,Viking Neptune,Live,Norway (Int. Register),18871,2022,10'-60'gt,4526,Single,LAOZ8,47878,6285,Fincantieri-Cantieri Navali Italiani S.p.A. Ancona,Ancona,228.33,—,—,28.80,—,14.73,—,—,—,Viking Ocean Cruises Limited,United States of America,Bergen,—,Viking Holding Limited,Bermuda,Viking Ocean Cruises Limited,United States of America,Viking Ocean Cruises Limited,United States of America,Wilhelmsen Ship Management (Norway) AS,Norway,—,—,—,—,Wilhelmsen Ship Management (Norway) AS,Norway,Unknown,Unknown,Unknown Scrubber Manufacturer,—,9845910,257850000,—,—,—
passenger (cruise),13323373,Viking Saturn,Live,Norway (Int. Register),18858,2023,10'-60'gt,4664,Single,LARM8,47842,6286,Fincantieri-Cantieri Navali Italiani S.p.A. Ancona,"",228.40,—,—,28.80,—,14.73,—,—,—,Viking River Cruises UK Limited,United Kingdom,Bergen,—,Viking Holding Limited,Bermuda,Viking River Cruises UK Limited,United Kingdom,Viking Ocean Cruises Ship X Limited,Bermuda,Wilhelmsen Ship Management (Norway) AS,Norway,—,—,—,—,Wilhelmsen Ship Management (Norway) AS,Norway,Unknown,Unknown,Unknown Scrubber Manufacturer,—,9845922,258024000,—,—,—
passenger (cruise),13323377,Viking Vela,Live,Norway (Int. Register),21501,2024,10'-60'gt,4900,Single,LATY8,53769,6316,Fincantieri-Cantieri Navali Italiani S.p.A. Ancona,Ancona,239.90,—,—,28.80,—,14.70,—,—,—,Viking River Cruises UK Limited,United Kingdom,—,—,Viking Holding Limited,Bermuda,Viking River Cruises UK Limited,United Kingdom,Viking Ocean Cruises Ship XI Limited,Bermuda,Wilhelmsen Ship Management (Norway) AS,Norway,—,—,—,—,Wilhelmsen Ship Management (Norway) AS,Norway,Unknown,Unknown,Unknown Scrubber Manufacturer,—,9852432,257526000,—,—,9M43C
passenger (cruise),13323379,Brilliant Lady,Live,Bahamas,74528,2023,100'-150'gt,10000,Single,C6FQ3,108232,6304,Fincantieri-Cantieri Navali Italiani S.p.A. Riva Trigoso,Italy,278.00,—,—,38.00,11.25,11.25,0.00,—,Wartsila Corporation,V Cruises US Limited Liability Company (Virgin Voyages),United States of America,Nassau,—,Bain Capital LP & The Virgin Group,United States of America,V Cruises US Limited Liability Company (Virgin Voyages),United States of America,VC Ship Four Limited,Bermuda,Virgin Cruises Intermediate Limited,United States of America,—,—,—,—,Virgin Cruises Intermediate Limited,United States of America,Unknown,Unknown,Unknown Scrubber Manufacturer,—,9870654,311001167,—,—,8L46F
passenger (cruise),13323437,Mein Schiff 7,Live,Malta,76392,2024,100'-150'gt,11960,Single,9HA5959,112982,1404,Meyer Turku OY,Turku,315.70,292.40,—,35.81,11.00,8.05,2.95,—,—,TUI Cruises GmbH,Germany,Valletta,—,TUI AG,Germany,TUI Cruises GmbH,Germany,TUI Cruises GmbH,Germany,Global Fleet Management LLC,United States of America,—,—,—,—,Global Fleet Management LLC,United States of America,Unknown,Unknown,Unknown Scrubber Manufacturer,—,9851189,256750000,—,—,—
passenger (cruise),133402,Ionian Express,Dead,Greece,8544,1975,10'-60'gt,1746,Single,—,13195,—,—,France,153.00,139.29,22.02,22.02,7.95,5.80,2.15,Pielstick (Blohm & Voss) Semt,Semt Pielstick SA,Blue Star F.,—,—,—,—,—,—,—,—,—,—,—,—,—,—,—,—,—,—,—,—,—,7360174,—,4474,6000,PIELSTICK DIESEL
passenger (cruise),13348711,Sun Princess,Live,Bermuda,169552,2024,150'+ gt,12200,Single,ZCHD6,177882,6310,Fincantieri-Cantieri Navali Italiani S.p.A. Monfalcone,Monfalcone,345.50,—,42.50,42.50,12.10,12.10,0.00,—,—,Princess Cruise Lines Limited,United States of America,Hamilton,—,Carnival Corporation,United States of America,Princess Cruise Lines Limited,United States of America,Sun Princess Limited,Bermuda,Princess Cruise Lines Limited,United States of America,—,—,—,—,Princess Cruise Lines Limited,United States of America,—,—,—,—,9863118,310841000,—,—,—
passenger (cruise),13348735,Utopia Of The Seas,Live,Bahamas,—,2024,150'+ gt,17908,Single,C6GI9,236473,A35,Chantiers de l'Atlantique,France,362.00,330.04,—,47.00,13.00,9.30,3.70,—,Wartsila Corporation,Royal Caribbean Cruises Limited (RCL),United States of America,Nassau,—,Royal Caribbean Cruises Limited (RCL),United States of America,Royal Caribbean Cruises Limited (RCL),United States of America,Utopia of the Seas,Liberia,Royal Caribbean Cruises Limited (RCL),United States of America,—,—,—,—,Royal Caribbean Cruises Limited (RCL),United States of America,—,—,—,—,9880001,311001259,—,—,12V46
passenger (cruise),13349167,Seven Seas Grandeur,Live,Marshall Islands,20744,2023,10'-60'gt,4800,Single,V7A7294,56199,6282,Fincantieri-Cantieri Navali Italiani S.p.A. Venice,Venice,223.00,—,—,31.00,—,28.00,—,—,—,Regent Seven Seas Cruises Incorporated,United States of America,Majuro,—,Norwegian Cruise Line Holdings Limited,United States of America,Regent Seven Seas Cruises Incorporated,United States of America,Explorer III New Build LLC,United States of America,NCL (Bahamas) Limited,United States of America,—,—,—,—,NCL (Bahamas) Limited,United States of America,—,—,—,—,9877444,538010706,—,—,9M43C
passenger (cruise),13349184,Explora II,Live,Malta,—,2024,60'-100'gt,3900,Single,9HA5976,63621,6320,Fincantieri-Cantieri Navali Italiani S.p.A. Monfalcone,Monfalcone,249.00,214.49,—,36.60,9.80,—,—,—,—,MSC Crociere (Mediterranean Shipping Cruises) S.p.A.,Italy,Valletta,—,Mediterranean Shipping Company S.A. (MSC),Switzerland,MSC Crociere (Mediterranean Shipping Cruises) S.p.A.,Italy,Compania Naviera YC2 S.A.,Panama,MSC Cruise Management (UK) Limited,United Kingdom,—,—,—,—,MSC Cruise Management (UK) Limited,United Kingdom,—,—,—,—,9869887,256798000,—,—,9M43C
passenger (cruise),13349188,Vista,Live,Marshall Islands,29755,2023,60'-100'gt,6510,Single,V7A5384,67817,6308,Fincantieri-Cantieri Navali Italiani S.p.A.,Sestri Levante,241.90,—,—,32.20,—,10.38,—,—,—,Oceania Cruises S de RL,United States of America,Majuro,—,Norwegian Cruise Line Holdings Limited,United States of America,Oceania Cruises S de RL,United States of America,O Class Plus One LLC,Marshall Islands,NCL (Bahamas) Limited,United States of America,—,—,—,—,NCL (Bahamas) Limited,United States of America,—,—,—,—,9876957,538009952,—,—,9M43C
passenger (cruise),13349297,MSC World Europa,Live,Malta,—,2022,150'+ gt,18419,Single,9HA5682,215863,W34,Chantiers de l'Atlantique,France,333.33,317.94,—,47.00,12.80,—,3.41,—,—,MSC Crociere (Mediterranean Shipping Cruises) S.p.A.,Italy,Valletta,—,Mediterranean Shipping Company S.A. (MSC),Switzerland,MSC Crociere (Mediterranean Shipping Cruises) S.p.A.,Italy,Compania Naviera World 1 S.A.,Panama,MSC Cruise Management (UK) Limited,United Kingdom,—,—,—,—,MSC Cruise Management (UK) Limited,United Kingdom,—,—,—,—,9837420,256070000,—,—,—
passenger (cruise),13349298,Celebrity Ascent,Live,Malta,107960,2023,100'-150'gt,13991,Single,9HA5731,141420,M34,Chantiers de l'Atlantique,France,326.50,316.52,—,39.00,11.00,8.50,2.50,—,—,Celebrity Cruises Incorporated,United States of America,Valletta,—,Royal Caribbean Cruises Limited (RCL),United States of America,Celebrity Cruises Incorporated,United States of America,Celebrity Ascent LLC,Liberia,Celebrity Cruises Incorporated,United States of America,—,—,—,—,Celebrity Cruises Incorporated,United States of America,—,—,—,—,9838400,256191000,—,—,16M43C
passenger (cruise),13349788,MSC World America,Live,Malta,—,2025,150'+ gt,18000,Single,9HA6157,205700,X34,Chantiers de l'Atlantique,St. Nazaire,333.33,317.97,—,47.00,12.80,9.15,3.42,—,—,MSC Crociere (Mediterranean Shipping Cruises) S.p.A.,Italy,Valletta,—,Mediterranean Shipping Company S.A. (MSC),Switzerland,MSC Crociere (Mediterranean Shipping Cruises) S.p.A.,Italy,Compania Naviera World 2 SA,Panama,MSC Cruise Management (UK) Limited,United Kingdom,—,—,—,—,MSC Cruise Management (UK) Limited,United Kingdom,—,—,—,—,9837432,249193000,—,—,—
passenger (cruise),13349826,Arvia,Live,Bermuda,—,2022,150'+ gt,17986,Single,ZCHG8,185581,716,Meyer Werft GmbH (Dormant),Germany,344.50,—,42.00,42.00,12.10,11.80,0.30,—,—,Carnival Corporation,United States of America,Hamilton,—,Carnival Corporation,United States of America,Carnival Corporation,United States of America,Carnival Holdings (Bermuda) II Limited,Bermuda,Carnival plc,United Kingdom,P & O Cruises (UK) Limited,—,—,—,Carnival plc,United Kingdom,—,—,—,—,9849693,310856000,—,—,—
passenger (cruise),13349827,Carnival Jubilee,Live,Bahamas,—,2023,150'+ gt,13000,Single,C6GY5,182015,717,Meyer Werft GmbH (Dormant),Germany,345.50,—,42.00,42.00,11.80,11.80,0.00,—,—,Carnival Corporation (Carnival Cruise Line),United States of America,Nassau,—,Carnival Corporation,United States of America,Carnival Corporation (Carnival Cruise Line),United States of America,Carnival Corporation (Carnival Cruise Line),United States of America,Carnival Corporation (Carnival Cruise Line),United States of America,—,—,—,—,Carnival Corporation (Carnival Cruise Line),United States of America,—,—,—,—,9851737,311001390,—,—,—
passenger (cruise),13349843,Disney Treasure,Live,Bahamas,115428,2024,100'-150'gt,10000,Single,C6GE2,144256,718,Meyer Werft GmbH (Dormant),Germany,341.13,—,—,39.00,—,11.85,—,—,—,Magical Cruise Company Limited (Disney Cruise Line),United States of America,—,—,Walt Disney World Company,United States of America,Magical Cruise Company Limited (Disney Cruise Line),United States of America,Magical Cruise Company Limited (Disney Cruise Line),United States of America,Magical Cruise Company Limited (Disney Cruise Line),United States of America,—,—,—,—,Magical Cruise Company Limited (Disney Cruise Line),United States of America,—,—,—,—,9834753,311001221,—,—,12V48/60CR
passenger (cruise),13349844,Silver Nova,Live,Bahamas,—,2023,10'-60'gt,4200,Single,C6GA5,55051,719,Meyer Werft GmbH (Dormant),Germany,243.60,—,—,29.00,—,9.30,—,—,—,Silversea Cruises Limited,United States of America,—,—,Lefebvre family,Monaco,Silversea Cruises Limited,United States of America,Silver Nova Shipping Company LLC,Liberia,Silversea S.A.M.,Monaco,—,—,—,—,Silversea S.A.M.,Monaco,—,—,—,—,9886213,311001189,—,—,—
passenger (cruise),13349845,Silver Ray,Live,Bahamas,19682,2024,10'-60'gt,4200,Single,C6HL7,55051,720,Meyer Werft GmbH (Dormant),Germany,243.60,—,—,29.00,—,9.30,—,—,—,Silversea Cruises Limited,United States of America,—,—,Lefebvre family,Monaco,Silversea Cruises Limited,United States of America,Silver Ray Shipping Company LLC,Liberia,Silversea S.A.M.,Monaco,—,—,—,—,Silversea S.A.M.,Monaco,—,—,—,—,9886225,311001496,—,—,—
passenger (cruise),133501,Wang Fu,Dead,China,1615,1961,2'-10'gt,682,Single,—,3787,—,Severney Verf Shipbuilding (Northern Shipyard),St. Petersburg,101.00,—,14.60,14.60,5.70,3.15,2.55,Russian Engine Builders,"Skodaexport, a.s.",Great Sino,—,—,—,—,—,—,—,—,—,—,—,—,—,—,—,—,—,—,—,—,—,6421529,—,1491,2000,8DR43/61-V1
passenger (cruise),13351012,SH Minerva,Live,Malta,—,2021,10'-60'gt,1862,Single,9HA5212,10700,516,Arctech Helsinki Shipyard Incorporated,Helsinki,113.50,—,—,20.20,—,—,—,—,—,STLC Europe Nine Leasing Limited,Republic of Ireland,Valletta,—,—,—,—,—,STLC Europe Nine Leasing Limited,Republic of Ireland,V. Ships Limited,Monaco,Swan Hellenic Cruises Limited,Cyprus,—,—,V. Ships Limited,Monaco,—,—,—,—,9895240,215615000,1150,1542,6EY26W
passenger (cruise),13351013,SH Vega,Live,Liberia,—,2022,10'-60'gt,1862,Single,5LLT9,10617,517,Arctech Helsinki Shipyard Incorporated,Helsinki,113.50,—,—,20.20,—,11.10,—,—,—,Swan Hellenic Cruises,United Kingdom,Monrovia,—,Swan Hellenic Cruises,United Kingdom,Swan Hellenic Cruises,United Kingdom,Swan Hellenic Cruises FZCO,United Arab Emirates,V. Ships Leisure SAM,Monaco,—,—,—,—,V. Ships Leisure SAM,Monaco,—,—,—,—,9895252,636093187,—,—,—
passenger (cruise),133733,Forest,Dead,Tuvalu,2598,1966,2'-10'gt,1148,Double Bottom,—,5994,101,Navantia Carenas Cadiz,Cadiz,130.00,119.40,17.30,17.30,5.39,4.22,1.17,Astilleros Espanoles S.A. (AESA),B&W Diesel A/S,Indian Breakers,—,Funafuti,—,—,—,—,—,—,—,—,—,—,—,—,—,—,—,—,—,—,—,5413977,—,2908,3900,10-42VBF-75
passenger (cruise),13392821,VISTA SKY,Live,Switzerland,—,—,Unknown size,—,Single,HE7720,—,—,—,"",110.00,—,12.00,—,—,—,—,—,Unknown Engine Designer,Unknown Owners,—,—,—,Unknown Owners,—,Unknown Owners,—,Unknown Owners,—,Unknown Owners,—,—,—,—,—,—,—,—,—,—,—,—,269057720,—,—,UNKNOWN
passenger (cruise),13403258,Silver Origin,Live,Ecuador,2001,2020,2'-10'gt,1206,Single,HC6445,6365,489,Scheepswerf de Hoop Lobith B.V.,Lobith,110.10,97.43,18.92,17.00,6.50,4.50,2.00,—,Unknown Engine Designer,Canodros CL,Ecuador,—,—,Lefebvre family,Monaco,Canodros CL,Ecuador,Canodros CL,Ecuador,Silversea S.A.M.,Monaco,—,—,—,—,Silversea S.A.M.,Monaco,—,—,—,—,9837937,735060058,—,—,6EY26W
passenger (cruise),134060,Philippine Dream,Dead,Philippines,—,1966,2'-10'gt,1207,Single,—,9318,885,Sumitomo Heavy Industries Limited Shipbuilding,Tokyo,132.00,—,17.90,—,7.20,5.50,1.70,Kawasaki Shipbuilding Corporation,MAN Energy Solutions SE,Bangladesh Breakers,—,—,—,—,—,—,—,—,—,—,—,—,—,—,—,—,—,—,—,—,—,6618938,—,1193,1600,V8V-22/30ATL
passenger (cruise),13423092,Evrima,Live,Malta,7668,2020,10'-60'gt,1740,Single,9HA4909,25401,1705,Astillero Barreras SA,Vigo,190.00,162.00,—,23.78,8.00,6.05,1.95,—,—,The Ritz-Carlton Yacht Collection (Cruise Yacht OpCo Ltd),Malta,Valletta,—,Cruise Yacht Upper Holdco Limited,Malta,The Ritz-Carlton Yacht Collection (Cruise Yacht OpCo Ltd),Malta,Naviera Yacht I SL,Spain,The Ritz-Carlton Yacht Collection (Cruise Yacht OpCo Ltd),Malta,—,—,—,—,The Ritz-Carlton Yacht Collection (Cruise Yacht OpCo Ltd),Malta,—,—,—,—,9823687,215001000,—,—,—
passenger (cruise),13425875,World Voyager,Live,Portugal,2981,2020,2'-10'gt,1200,Single,CQAE4,9934,WS016,West Sea - Estaleiros Navais Lda.,Viana do Castelo,119.88,—,—,18.00,—,—,2.00,—,Unknown Engine Designer,MysticInvest Holding SA,Portugal,Porto Santo,—,Pluris Investments S.A.,Portugal,MysticInvest Holding SA,Portugal,Mystic Cruises S.A.,Portugal,Mystic Cruises S.A.,Portugal,—,—,—,—,Mystic Cruises S.A.,Portugal,—,—,—,—,9871529,255806150,—,—,UNKNOWN
passenger (cruise),134265,Vatslav Vorovskiy,Dead,Russia,2211,1959,2'-10'gt,1042,Single,—,5091,—,—,East Germany,122.00,—,16.10,—,7.60,5.30,2.30,—,Unknown Engine Designer,Murmansk,—,—,—,—,—,—,—,—,—,—,—,—,—,—,—,—,—,—,—,—,—,5429407,—,3095,4150,UNKNOWN
passenger (cruise),13427676,Discovery Princess,Live,Bermuda,71587,2022,100'-150'gt,12500,Single,ZCEW3,145281,6290,Fincantieri-Cantieri Navali Italiani S.p.A. Monfalcone,Italy,330.00,—,—,38.38,9.00,—,—,—,—,Carnival Corporation,United States of America,Hamilton,—,Carnival Corporation,United States of America,Carnival Corporation,United States of America,Carnival Holdings (Bermuda) Limited,Bermuda,Princess Cruise Lines Limited,United States of America,Princess Cruise Lines Limited,United States of America,—,—,Princess Cruise Lines Limited,United States of America,—,—,—,—,9837468,310812000,—,—,16M43C
passenger (cruise),13429100,World Navigator,Live,Portugal,2982,2021,2'-10'gt,1200,Single,CQAL5,9923,C017,West Sea - Estaleiros Navais Lda.,Viana do Castelo,119.88,105.29,—,18.00,12.90,4.00,2.00,—,Normo,MysticInvest Holding SA,Portugal,—,—,Pluris Investments S.A.,Portugal,MysticInvest Holding SA,Portugal,Mystic Cruises S.A.,Portugal,Mystic Cruises S.A.,Portugal,—,—,—,—,Mystic Cruises S.A.,Portugal,—,—,—,—,9871531,255806207,2665,3574,C25:33L8P
passenger (cruise),13430522,Ultramarine,Live,Marshall Islands,4149,2021,10'-60'gt,1644,Single,V7A4564,13762,487,Brodogradiliste Brodosplit Shipbuilding,Split,127.97,115.58,—,21.50,7.00,5.00,2.00,—,Unknown Engine Designer,CCB Marine Corporation Limited,"Hong Kong, S.A.R., China",Majuro,—,CCB (China Construction Bank) Financial Leasing Corporation Limited,People's Republic of China,CCB Marine Corporation Limited,"Hong Kong, S.A.R., China",Compass Shipping 61 Corporation Limited,"Hong Kong, S.A.R., China",V. Ships Leisure SAM,Monaco,Quark Expeditions Incorporated,United States of America,—,—,V. Ships Leisure SAM,Monaco,—,—,—,—,9861017,538009302,—,—,UNKNOWN
passenger (cruise),134417,Mississippi Queen,Live,U.S.A.,1684,1976,2'-10'gt,—,Single,WBB5793,3365,—,—,U.S.A.,—,—,—,—,—,—,—,—,Unknown Engine Designer,Majestic America Line,United States of America,—,—,Majestic America Line,United States of America,Majestic America Line,United States of America,Majestic America Line,United States of America,Majestic America Line,United States of America,—,—,—,—,—,—,—,—,—,—,8643066,366950750,522,700,UNKNOWN TURBINE
passenger (cruise),13450709,Amadeus Cara,Live,Germany,—,2022,-2'gt,—,Single,DC9499,1770,—,Vahali Shipyards,Serbia,135.00,—,11.50,—,—,—,—,—,Unknown Engine Designer,—,—,—,—,—,—,—,—,Amadeus River Cruises,United States of America,—,—,—,—,—,—,—,—,—,—,—,—,9903736,211867530,—,—,UNKNOWN
passenger (cruise),13462111,Annika,Live,Switzerland,—,2020,Unknown size,—,Single,HE7741,—,—,—,"",110.00,—,12.00,—,—,—,—,—,Unknown Engine Designer,Scylla AG,Switzerland,—,—,Scylla AG,Switzerland,Scylla AG,Switzerland,Scylla AG,Switzerland,Scylla AG,Switzerland,—,—,—,—,—,—,—,—,—,—,—,269057741,—,—,UNKNOWN
passenger (cruise),13473530,Disney Wish,Live,Bahamas,68845,2022,100'-150'gt,9880,Single,C6FG4,144256,705,Neptun Werft GmbH,Rostock,340.89,—,—,37.00,—,11.85,—,—,Unknown Engine Designer,Magical Cruise Company Limited (Disney Cruise Line),United States of America,Nassau,—,Walt Disney World Company,United States of America,Magical Cruise Company Limited (Disney Cruise Line),United States of America,Magical Cruise Company Limited (Disney Cruise Line),United States of America,Magical Cruise Company Limited (Disney Cruise Line),United States of America,—,—,—,—,Magical Cruise Company Limited (Disney Cruise Line),United States of America,—,—,—,—,9834739,311001098,—,—,12V48/60CR
passenger (cruise),13478441,Havila Capella,Live,Norway,5386,2021,10'-60'gt,1819,Double Bottom,LFQY,15519,1093,Besiktas Tersane A.S.,"",122.70,115.20,22.30,21.90,8.20,5.20,3.00,"Rolls-Royce Marine AS, Engines - Bergen","Rolls-Royce Marine AS, Engines - Bergen",Havila Kystruten AS,Norway,Fosnavaag,—,Havila Holding AS,Norway,Havila Kystruten AS,Norway,Havila Capella AS,Norway,Havila Kystruten Operations AS,Norway,—,—,—,—,Havila Kystruten Operations AS,Norway,—,—,—,—,9865570,257753000,1460,2937,C26:33L6PG
passenger (cruise),13479701,Paspaley Pearl,Live,Marshall Islands,298,2021,-2'gt,284,Single,V7A6620,994,915,—,"",53.50,48.78,—,11.20,—,—,—,—,Unknown Engine Designer,Paspaley Pearling Company Proprietary Limited,Australia,Majuro,—,Paspaley Group,Australia,Paspaley Pearling Company Proprietary Limited,Australia,Paspaley Pearling Company Proprietary Limited,Australia,V. Ships Leisure SAM,Monaco,—,—,—,—,V. Ships Leisure SAM,Monaco,—,—,—,—,9903994,538090662,—,—,UNKNOWN
passenger (cruise),13479756,Coral Geographer,Live,Australia,1681,2021,2'-10'gt,1274,Single,VMIT,5602,918,Vard Vung Tau Limited,Vietnam,94.50,84.50,—,17.20,6.80,4.50,2.30,—,Unknown Engine Designer,Coral Expeditions,Australia,Cairns,—,Coral Expeditions,Australia,Coral Expeditions,Australia,CPC Marine Proprietary Limited,Australia,Coral Princess Cruises (NQ) Proprietary Limited,Australia,—,—,—,—,Coral Princess Cruises (NQ) Proprietary Limited,Australia,—,—,—,—,9883986,503000164,—,—,UNKNOWN
passenger (cruise),13479794,Havila Castor,Live,Norway,—,2022,10'-60'gt,1885,Single,LFQW,15812,1094,Tersan Tersanecilik Tasimacilik Sanayi ve Ticaret AS (Yalova),"",124.10,115.19,22.00,21.98,—,—,—,—,Unknown Engine Designer,Havila Kystruten AS,Norway,Fosnavaag,—,Havila Holding AS,Norway,Havila Kystruten AS,Norway,Havila Castor AS,Norway,Havila Kystruten Operations AS,Norway,Tune Chemical Tankers BV,Netherlands,—,—,Havila Kystruten Operations AS,Norway,—,—,—,—,9865582,257752000,—,—,UNKNOWN
passenger (cruise),13479797,Viking Polaris,Live,Norway (Int. Register),9423,2022,10'-60'gt,4059,Single,LAGZ8,30114,907,Vard Soviknes,"",205.00,196.80,—,23.50,8.00,6.20,1.80,—,Unknown Engine Designer,Viking Ocean Cruises Limited,United States of America,Bergen,—,Viking Holding Limited,Bermuda,Viking Ocean Cruises Limited,United States of America,Viking Expedition Ship II Limited,Bermuda,Wilhelmsen Ship Management (Norway) AS,Norway,—,—,—,—,Wilhelmsen Ship Management (Norway) AS,Norway,—,—,—,—,9863209,259144000,—,—,UNKNOWN
passenger (cruise),13479801,Silver Endeavour,Live,Bahamas,6630,2021,10'-60'gt,2070,Single,C6DX3,20649,124,—,"",164.50,149.10,23.40,23.40,8.10,6.10,2.01,—,Unknown Engine Designer,Silversea Cruises Limited,United States of America,Nassau,—,Lefebvre family,Monaco,Silversea Cruises Limited,United States of America,Silver Endeavor Shipping Company,Monaco,Silversea S.A.M.,Monaco,—,—,—,—,Silversea S.A.M.,Monaco,—,—,—,—,9821873,311000932,—,—,UNKNOWN
passenger (cruise),13479824,Seabourn Venture,Live,Bahamas,7155,2022,10'-60'gt,4230,Single,C6EL7,23615,172,T. Mariotti S.p.A.,Genoa,172.30,161.50,24.00,24.00,8.40,8.40,0.00,Wartsila Finland oy,Unknown Engine Designer,Carnival Corporation,United States of America,Nassau,—,Carnival Corporation,United States of America,Carnival Corporation,United States of America,Carnival Holdings (Bermuda) Limited,Bermuda,Holland America Line N.V.,United States of America,—,—,—,—,Holland America Line N.V.,United States of America,—,—,—,—,9862023,311000930,4480,6008,9L46C
passenger (cruise),13479830,Explora I,Live,Malta,—,2023,60'-100'gt,3900,Single,9HA5823,63621,6319,Fincantieri-Cantieri Navali Italiani S.p.A.,"",248.86,—,—,32.60,10.00,7.10,2.71,"Maquinas Electrcias e Hidraulicas Indar, SL (INDAR)",Unknown Engine Designer,MSC Crociere (Mediterranean Shipping Cruises) S.p.A.,Italy,Valletta,—,Mediterranean Shipping Company S.A. (MSC),Switzerland,MSC Crociere (Mediterranean Shipping Cruises) S.p.A.,Italy,Compania Naviera YC1 SA,Panama,MSC Cruise Management (UK) Limited,United Kingdom,—,—,—,—,MSC Cruise Management (UK) Limited,United Kingdom,—,—,—,—,9869875,256389000,10000,—,UNKNOWN
passenger (cruise),13479851,American Jazz,Live,U.S.A.,—,2021,2'-10'gt,—,Single,WDL4897,5148,138,Chesapeake Shipbuilding Incorporated,New Orleans,—,—,—,—,—,—,—,—,Unknown Engine Designer,American Cruise Lines Incorporated,United States of America,—,—,American Cruise Lines Incorporated,United States of America,American Cruise Lines Incorporated,United States of America,American Cruise Lines Incorporated,United States of America,American Cruise Lines Incorporated,United States of America,—,—,—,—,—,—,—,—,—,—,9901685,368135920,—,—,UNKNOWN
passenger (cruise),13479852,American Melody,Live,U.S.A.,—,2021,2'-10'gt,—,Single,WDM4300,5402,140,Chesapeake Shipbuilding Incorporated,Salisbury MD (USA),100.00,—,17.00,—,—,—,—,—,Unknown Engine Designer,American Cruise Lines Incorporated,United States of America,—,—,American Cruise Lines Incorporated,United States of America,American Cruise Lines Incorporated,United States of America,American Cruise Lines Incorporated,United States of America,American Cruise Lines Incorporated,United States of America,—,—,—,—,—,—,—,—,—,—,9901697,368205140,—,—,UNKNOWN
passenger (cruise),13479854,World Traveller,Live,Madeira,2980,2022,2'-10'gt,1166,Single,CQAL8,9930,C019,West Sea - Estaleiros Navais Lda.,"",126.00,—,—,19.00,—,—,2.00,—,Unknown Engine Designer,MysticInvest Holding SA,Portugal,Madeira,—,Pluris Investments S.A.,Portugal,MysticInvest Holding SA,Portugal,Mystic Cruises S.A.,Portugal,Mystic Cruises S.A.,Portugal,Nicko Cruises Schiffsreisen GmbH,Germany,—,—,Mystic Cruises S.A.,Portugal,—,—,—,—,9904807,255806210,—,—,6EY26W
passenger (cruise),13479877,Seabourn Pursuit,Live,Bahamas,7155,2023,10'-60'gt,4220,Single,C6FD9,23000,MAR173,T. Mariotti S.p.A.,Italy,172.28,161.50,24.00,24.00,8.40,8.40,0.00,Wartsila Finland oy,Unknown Engine Designer,Seabourn Cruise Line A/S,Norway,Nassau,—,Carnival Corporation,United States of America,Seabourn Cruise Line A/S,Norway,Seabourn Cruise Line Limited,United States of America,Holland America Line N.V.,United States of America,—,—,—,—,Holland America Line N.V.,United States of America,—,—,—,—,9862035,311001081,4480,6008,9L46C
passenger (cruise),13531225,Spirit Of The Rhine,Live,Switzerland,—,2020,2'-10'gt,—,Single,HE7750,3600,—,—,"",135.00,—,12.00,—,—,—,—,—,Unknown Engine Designer,Unknown Owners,—,—,—,Unknown Owners,—,Unknown Owners,—,RNM Spirit of the Rhine GmbH,Switzerland,Unknown Owners,—,—,—,—,—,—,—,—,—,—,—,9902146,269057750,—,—,16V4000M70
passenger (cruise),13534,Cora,Dead,St. Kitts-Nevis,5993,1971,10'-60'gt,2314,Single,—,13995,329,De Rotterdamsche Droogdok Mij. B.V.,Rotterdam,148.09,125.89,21.92,21.49,15.15,5.88,6.72,Stork-Werkspoor Diesel B.V.,Stork-Werkspoor Diesel B.V.,Indian Breakers,—,—,—,—,—,—,—,—,—,—,—,—,—,—,—,—,—,—,—,—,—,7046936,—,5033,6750,12TM410
passenger (cruise),13543,Gold Club,Dead,Panama,7233,1977,10'-60'gt,3130,Single,—,16852,859,Burmeister & Wain Shipbuilding A/S,Copenhagen,163.55,140.00,22.80,22.80,12.60,6.00,1.11,Hitachi Shipbuilding Corporation,Alpha Diesels A/S,Turkish Breakers,Turkiye,Panama,—,Turkish Breakers,Turkiye,Turkish Breakers,Turkiye,Turkish Breakers,Turkiye,Turkish Breakers,Turkiye,—,—,—,—,—,—,—,—,—,—,7358573,—,3861,5249,7U50HU
passenger (cruise),13543746,Maoro,Live,Luxembourg,70,2013,-2'gt,—,Single,LXOZ,236,21513115,Sunseeker International Limited,U.K.,—,—,—,—,—,—,—,—,Unknown Engine Designer,Unknown Owners,—,Luxembourg,—,Unknown Owners,—,Unknown Owners,—,Unknown Owners,—,Unknown Owners,—,—,—,—,—,—,—,—,—,—,—,8524143,253584000,—,—,16V4000M70
passenger (cruise),13544,Ocean Countess,Dead,Madeira,7146,1976,10'-60'gt,2642,Single,—,16795,858,Burmeister & Wain Shipbuilding A/S,Copenhagen,163.56,—,22.80,—,15.17,5.82,9.40,Hitachi Shipbuilding Corporation (Ariake),Alpha Diesels A/S,European Classical,—,Madeira,—,—,—,—,—,—,—,—,—,—,—,—,—,—,—,—,—,—,—,7358561,—,3915,5250,7U50HU
passenger (cruise),135507,Ha-Kha,Live,Myanmar,478,1979,-2'gt,948,Single,XYNH,1595,235,Kristiansands Mek. Verksted & Batbyggeri AS,Kristiansand,76.00,—,12.00,—,6.50,4.00,2.50,Bergen Group BMV,Rolls-Royce Marine A/S,Myanma Five Star Line Company Limited,Union of Myanmar,Yangon,—,Myanma Economic Holdings Public Company Limited,Union of Myanmar,Myanma Five Star Line Company Limited,Union of Myanmar,Myanma Five Star Line Company Limited,Union of Myanmar,Myanma Five Star Line Company Limited,Union of Myanmar,—,—,—,—,—,—,—,—,—,—,7812543,506161000,2461,3300,KVMB-16
passenger (cruise),13604590,National Geographic Resolution,Live,Bahamas,—,2021,10'-60'gt,1993,Single,C6EH2,12786,—,—,"",—,—,—,21.00,—,—,—,—,Unknown Engine Designer,Lindblad Expeditions LLC,United States of America,Nassau,—,Lindblad Expeditions Holdings Incorporated,United States of America,Lindblad Expeditions LLC,United States of America,Lindblad Bluewater II Limited,Cayman Islands,Lindblad Expeditions LLC,United States of America,—,—,—,—,Lindblad Expeditions LLC,United States of America,—,—,—,—,9880685,311000893,—,—,UNKNOWN
passenger (cruise),13629366,Viking Gymir,Live,Switzerland,—,—,Unknown size,—,Single,HE7765,—,—,—,"",135.00,—,12.00,—,—,1.80,—,—,Unknown Engine Designer,Unknown Owners,—,—,—,Unknown Owners,—,Unknown Owners,—,Unknown Owners,—,Unknown Owners,—,—,—,—,—,—,—,—,—,—,—,—,269057765,—,—,UNKNOWN
passenger (cruise),13640754,Summer,Live,Croatia,—,2021,-2'gt,78,Single,9A5910,392,—,—,Unknown,42.40,—,8.00,8.00,—,3.00,—,—,Unknown Engine Designer,Unknown Owners,—,—,—,Unknown Owners,—,Unknown Owners,—,Unknown Owners,—,Unknown Owners,—,—,—,—,—,—,—,—,—,—,—,9906130,238690440,625,838,16V4000M70
passenger (cruise),13644474,Viking Fjorgyn,Live,Switzerland,—,—,Unknown size,—,Single,HE7743,—,—,—,"",125.00,—,12.00,—,—,—,—,—,Unknown Engine Designer,Viking River Cruises AG,Switzerland,—,—,Viking Holding Limited,Bermuda,Viking River Cruises AG,Switzerland,Viking River Cruises AG,Switzerland,Viking River Cruises AG,Switzerland,—,—,—,—,—,—,—,—,—,—,—,269057743,—,—,UNKNOWN
passenger (cruise),136466,Bukoba,Dead,Tanzania,—,1979,-2'gt,120,Single,—,800,—,—,Belgium,59.00,—,9.40,—,3.50,2.30,1.20,—,Caterpillar Incorporated,Tanzania,—,—,—,—,—,—,—,—,—,—,—,—,—,—,—,—,—,—,—,—,—,7636511,—,772,1035,D399
passenger (cruise),1369887,Surfer 1602,Live,France,—,2007,-2'gt,—,Single,FS9471,19,—,—,"",—,—,—,—,—,—,—,—,Unknown Engine Designer,Unknown Owners,—,—,—,Unknown Owners,—,Unknown Owners,—,Unknown Owners,—,Unknown Owners,—,—,—,—,—,—,—,—,—,—,—,—,635001600,—,—,UNKNOWN
passenger (cruise),13711992,Lastavica,Live,Croatia,—,2021,-2'gt,80,Single,9A6133,496,—,—,Unknown,49.00,—,9.00,—,—,—,—,—,Unknown Engine Designer,Unknown Owners,—,—,—,Unknown Owners,—,Unknown Owners,—,Lastavica New doo,Republic of Croatia,Unknown Owners,—,—,—,—,—,—,—,—,—,—,—,9940368,238517540,753,1009,16V4000M70
passenger (cruise),13712501,Travelmarvel Capella,Live,Switzerland,—,2021,-2'gt,—,Single,HE7780,1700,3561,Den Breejen Shipyard,Hardinxveld,135.00,—,11.40,—,—,—,—,—,Unknown Engine Designer,Unknown Owners,—,—,—,Unknown Owners,—,Unknown Owners,—,Elfte PCE River Cruiser GmbH,Switzerland,Unknown Owners,—,—,—,—,—,—,—,—,—,—,—,9904481,269057780,—,—,UNKNOWN
passenger (cruise),13712654,Mama Marija II,Live,Croatia,171,2021,-2'gt,106,Single,9A6886,498,—,Radez DD,Korcula,50.00,39.50,9.00,8.80,3.85,2.50,1.35,—,Unknown Engine Designer,Unknown Owners,—,Split,—,Unknown Owners,—,Unknown Owners,—,Musac Brodarstvo doo,Republic of Croatia,Unknown Owners,—,—,—,—,—,—,—,—,—,—,—,9938236,238715240,755,1012,16V4000M70
passenger (cruise),13718188,SH Diana,Live,Liberia,3676,2023,10'-60'gt,1250,Single,5LNG6,12255,518,Arctech Helsinki Shipyard Incorporated,Helsinki,124.90,—,—,20.20,—,11.10,—,Wartsila NSD Italia SpA,Unknown Engine Designer,Swan Hellenic Cruises,United Kingdom,Monrovia,—,Swan Hellenic Cruises,United Kingdom,Swan Hellenic Cruises,United Kingdom,Swan Hellenic Cruises FZCO,United Arab Emirates,V. Ships Leisure SAM,Monaco,—,—,—,—,V. Ships Leisure SAM,Monaco,—,—,—,—,9921740,636093228,1760,2360,W8L20DF
passenger (cruise),13719251,Roko,Live,Croatia,171,2021,-2'gt,96,Single,9A6830,497,005,Kolotura J.d.o.o.,Solin,49.00,38.23,9.00,8.60,3.85,2.48,1.37,—,Unknown Engine Designer,Unknown Owners,—,Split,—,Unknown Owners,—,Unknown Owners,—,Stric doo,Czech Republic,Unknown Owners,—,—,—,—,—,—,—,—,—,—,—,9955492,238417340,—,—,16V4000M70
passenger (cruise),13727092,Tip Top 4,Live,Ecuador,—,2006,-2'gt,—,Single,HC4757,223,—,Pesca Polaris,Ecuador,39.00,—,8.00,—,—,1.65,—,—,Unknown Engine Designer,Unknown Owners,—,—,—,Unknown Owners,—,Unknown Owners,—,Rolf Wittmer Turismo Galapagos Cia Limited,Ecuador,Unknown Owners,—,—,—,—,—,—,—,—,—,—,—,9092874,735057700,400,536,3412
passenger (cruise),13732023,Royal Emerald,Live,Switzerland,—,2021,Unknown size,—,Single,HE7282,—,—,—,Unknown,135.00,—,11.00,—,—,1.80,—,—,Unknown Engine Designer,Unknown Owners,—,—,—,Unknown Owners,—,Unknown Owners,—,Unknown Owners,—,Unknown Owners,—,—,—,—,—,—,—,—,—,—,—,—,269057282,—,—,UNKNOWN
passenger (cruise),13732029,Ugo 3003,Live,Panama,—,2021,-2'gt,—,Single,HO3701,39,—,—,Unknown,19.00,—,6.00,5.00,—,9.00,—,—,Unknown Engine Designer,Unknown Owners,—,—,—,Unknown Owners,—,Unknown Owners,—,Unknown Owners,—,Unknown Owners,—,—,—,—,—,—,—,—,—,—,—,—,352976000,—,—,UNKNOWN
passenger (cruise),13732550,AIDACosma,Live,Italy,—,2021,150'+ gt,13000,Single,IBSZ,183774,709,Meyer Werft GmbH (Dormant),Papenburg,337.00,—,54.00,42.00,12.00,8.80,3.20,ABB OY,Unknown Engine Designer,Costa Crociere S.p.A.,Italy,Genoa,—,Carnival Corporation,United States of America,Costa Crociere S.p.A.,Italy,Costa Crociere S.p.A.,Italy,Carnival Maritime GmbH,Germany,Aida Cruises German Branch of Costa Crociere SpA,Germany,—,—,Carnival Maritime GmbH,Germany,—,—,—,—,9781877,247435300,16800,—,UNKNOWN
passenger (cruise),13741085,Koln,Live,Ecuador,—,2001,-2'gt,—,Single,HC2103,176,—,Jacht en Scheeps. C. Van Lent & Zonen B.V.,Kaag,32.00,—,—,7.00,—,1.45,—,—,Unknown Engine Designer,Unknown Owners,—,—,—,Unknown Owners,—,Unknown Owners,—,Galapagos Marine Expeditions Galamarex CIA Ltda,Ecuador,Unknown Owners,—,—,—,—,—,—,—,—,—,—,—,8979099,735057503,327,445,3508DITA
passenger (cruise),137452,KC Bridge,Dead,South Korea,5420,1980,10'-60'gt,2510,Single,—,16340,867,Koyo Dockyard Company Limited - Now Imabari Shipbuilding Company Limited (Hiroshima) which see.,Mihara,165.58,148.00,21.50,21.50,8.80,6.52,2.32,Mitsubishi Heavy Industries Limited,MAN Energy Solutions SE,Chinese Breakers,—,Jeju,100,—,—,—,—,—,—,—,—,—,—,—,—,—,—,—,—,—,—,7908835,—,13423,18000,18V52/55
passenger (cruise),13746217,Phoenix 72,Live,Croatia,172,2021,-2'gt,105,Single,9A6674,499,054,Radez DD,Croatia,51.81,41.00,9.00,8.60,3.85,2.70,1.15,—,Unknown Engine Designer,Unknown Owners,—,Split,—,Unknown Owners,—,Unknown Owners,—,Bati Nautica doo,Republic of Croatia,Unknown Owners,—,—,—,—,—,—,—,—,—,—,—,9938212,238491640,756,1014,16V4000M70
passenger (cruise),13755336,Elbe Princess,Live,France,—,2023,Unknown size,—,Single,FM6906,—,—,—,Unknown,81.00,—,4.00,—,—,0.90,—,—,Unknown Engine Designer,Unknown Owners,—,—,—,Unknown Owners,—,Unknown Owners,—,Unknown Owners,—,Unknown Owners,—,—,—,—,—,—,—,—,—,—,—,—,226011460,—,—,UNKNOWN
passenger (cruise),13766,Dalmacija,Dead,St. Kitts-Nevis,2018,1965,2'-10'gt,1701,Single,—,5619,243,Uljanik Brodogradiliste d.d.,Pula,111.06,105.00,16.50,16.50,7.60,5.26,2.35,Turbine Works Limited,Sulzer Turbomachinery Services,Indian Breakers,—,—,—,—,—,—,—,—,—,—,—,—,—,—,—,—,—,—,—,—,—,6411964,—,2796,3750,10TAD48
passenger (cruise),137770,Filipinas Iloilo,Live,Philippines,1711,1979,2'-10'gt,356,Single,DUH2362,2772,1038,Sanuki Shipbuilding & Iron Works Company,Takuma,81.30,71.70,14.80,14.80,4.75,3.61,1.14,Daihatsu Diesel Manufacturing Company Limited,Daihatsu Diesel Manufacturing Company Limited,Cokaliong Shipping Lines Incorporated,Philippines,Cebu,20,Cokaliong Shipping Lines Incorporated,Philippines,Cokaliong Shipping Lines Incorporated,Philippines,Cokaliong Shipping Lines Incorporated,Philippines,Cokaliong Shipping Lines Incorporated,Philippines,—,—,—,—,Cokaliong Shipping Lines Incorporated,Philippines,—,—,—,—,7913830,548671300,597,800,6DSM-28S
passenger (cruise),13789950,La Boheme,Live,France,—,1995,Unknown size,—,Single,FM2800,—,—,Chantier Naval Meuse & Sambre S.A.,Belgium,110.00,—,11.00,—,—,1.30,—,—,Unknown Engine Designer,Unknown Owners,—,—,—,Unknown Owners,—,Unknown Owners,—,Unknown Owners,—,Unknown Owners,—,—,—,—,—,—,—,—,—,—,—,—,227654790,2000,2681,6MU453C
passenger (cruise),13792898,Mega Star,Live,Greece,—,2019,-2'gt,—,Single,SVA9442,152,—,—,Unknown,30.00,—,7.00,—,—,—,—,—,Unknown Engine Designer,"Anna, Eleftherios & Artemios Dakoutros & Dimitrios Saliveros",Greece,—,—,"Anna, Eleftherios & Artemios Dakoutros & Dimitrios Saliveros",Greece,"Anna, Eleftherios & Artemios Dakoutros & Dimitrios Saliveros",Greece,"Anna, Eleftherios & Artemios Dakoutros & Dimitrios Saliveros",Greece,"Anna, Eleftherios & Artemios Dakoutros & Dimitrios Saliveros",Greece,—,—,—,—,—,—,—,—,—,—,9889863,240188900,2000,2681,8210M
passenger (cruise),13798966,Sylvia Earle,Live,Bahamas,—,2022,2'-10'gt,1578,Single,C6ED8,8076,CMHI-196-2,—,"",104.40,100.21,—,18.40,—,—,1.96,—,Unknown Engine Designer,SunStone Ships Incorporated,United States of America,Nassau,—,SunStone Maritime Group A/S,Denmark,SunStone Ships Incorporated,United States of America,Sea Lion Ten Limited,British Virgin Islands,Anglo-Eastern Cruise Management Incorporated,United States of America,Aurora Expeditions Proprietary Limited,Australia,—,—,Anglo-Eastern Cruise Management Incorporated,United States of America,—,—,—,—,9872327,311000867,—,—,UNKNOWN
passenger (cruise),13811035,Asuka III,Live,Japan,19264,2025,10'-60'gt,4110,Single,7KOY,52412,721,Meyer Werft GmbH (Dormant),Papenburg,228.86,211.00,29.80,29.80,10.00,6.70,3.30,—,Unknown Engine Designer,NYK Cruises Company Limited,Japan,—,—,Nippon Yusen Kabushiki Kaisha (NYK Line) (Nippon Yusen Kaisha),Japan,NYK Cruises Company Limited,Japan,NYK Cruises Company Limited,Japan,NYK Cruises Company Limited,Japan,—,—,—,—,—,—,—,—,—,—,9936355,431547000,—,—,UNKNOWN
passenger (cruise),13811052,Adora Magic City,Live,Panama,129921,2023,100'-150'gt,13000,Single,HOA2246,136201,H1508,Shanghai Waigaoqiao Shipbuilding Company Limited,Shanghai,323.63,287.10,—,37.20,11.20,8.26,2.66,—,Unknown Engine Designer,ADORA Cruises Limited,"Hong Kong, S.A.R., China",Panama City,—,China State Shipbuilding Corporation Limited (CSSC Group),People's Republic of China,ADORA Cruises Limited,"Hong Kong, S.A.R., China",ADORA Cruises Limited,"Hong Kong, S.A.R., China",Columbia Shipmanagement (Deutschland) GmbH,Germany,—,—,—,—,Columbia Cruise Services Limited,Cyprus,—,—,—,—,9871036,352001180,—,—,UNKNOWN
passenger (cruise),13815022,Mistral,Live,France,—,2011,Unknown size,—,Single,FM3000,—,—,—,Unknown,110.00,—,10.00,—,—,—,—,—,Unknown Engine Designer,Unknown Owners,—,—,—,Unknown Owners,—,Unknown Owners,—,Unknown Owners,—,Unknown Owners,—,—,—,—,—,—,—,—,—,—,—,—,226001420,—,—,UNKNOWN
passenger (cruise),13816973,Calypso,Live,Netherlands,—,1978,Unknown size,—,Single,PD3667,—,—,Scheepswerf Peters B.V.,Kampen,75.00,—,10.50,—,—,1.10,—,—,Unknown Engine Designer,Unknown Owners,—,—,—,Unknown Owners,—,Unknown Owners,—,Unknown Owners,—,Unknown Owners,—,—,—,—,—,—,—,—,—,—,—,—,244690027,—,—,UNKNOWN
passenger (cruise),13820163,William Shakespeare,Live,Switzerland,—,2014,Unknown size,—,Single,HE7618,—,—,—,Unknown,110.00,—,11.40,—,—,—,—,—,Unknown Engine Designer,Unknown Owners,—,—,—,Unknown Owners,—,Unknown Owners,—,Select William Shakespeare AG,Switzerland,Unknown Owners,—,—,—,—,—,—,—,—,—,—,—,8339328,269057618,—,—,UNKNOWN
passenger (cruise),13830041,Viking Hermod,Live,Switzerland,—,2014,2'-10'gt,—,Single,HE7459,3138,—,—,Unknown,135.00,—,12.00,—,—,—,—,—,Unknown Engine Designer,Viking River Cruises AG,Switzerland,—,—,Viking Holding Limited,Bermuda,Viking River Cruises AG,Switzerland,Viking River Cruises AG,Switzerland,Viking River Cruises AG,Switzerland,—,—,—,—,—,—,—,—,—,—,8339823,269057459,2000,2681,6EY26W
passenger (cruise),13831335,Statendam,Live,Netherlands,—,2021,Unknown size,—,Single,PG7386,—,—,—,Unknown,104.30,—,11.60,—,—,—,—,—,Unknown Engine Designer,Unknown Owners,—,—,—,Unknown Owners,—,Unknown Owners,—,Unknown Owners,—,Unknown Owners,—,—,—,—,—,—,—,—,—,—,—,—,244000892,—,—,UNKNOWN
passenger (cruise),13832541,Rotterdam,Live,Netherlands,—,1969,Unknown size,—,Single,PF9272,—,—,Gebr. Boot Alphen a/d Rijn,Alphen aan den Rijn,76.00,—,11.00,—,—,1.78,—,—,Unknown Engine Designer,Unknown Owners,—,—,—,Unknown Owners,—,Unknown Owners,—,Unknown Owners,—,Unknown Owners,—,—,—,—,—,—,—,—,—,—,—,—,244032213,—,—,UNKNOWN
passenger (cruise),13835105,Celebrity Beyond,Live,Malta,—,2022,100'-150'gt,13991,Single,9HA5296,141420,—,—,"",327.00,316.52,—,39.00,11.00,8.20,2.80,—,Unknown Engine Designer,Celebrity Cruises Incorporated,United States of America,Valletta,—,Royal Caribbean Cruises Limited (RCL),United States of America,Celebrity Cruises Incorporated,United States of America,Celebrity Beyond LLC,Liberia,Celebrity Cruises Incorporated,United States of America,—,—,—,—,Celebrity Cruises Incorporated,United States of America,—,—,—,—,9838395,215808000,—,—,UNKNOWN
passenger (cruise),13839004,Amanpuri,Live,Netherlands,—,1985,2'-10'gt,284,Single,PD4926,2090,—,Damen Shipyards (Bergum) B.V.,Bergum,89.95,—,12.00,11.10,—,1.70,—,—,Unknown Engine Designer,Unknown Owners,—,Breda,—,Unknown Owners,—,Unknown Owners,—,Unknown Owners,—,Unknown Owners,—,—,—,—,—,—,—,—,—,—,—,8407644,244790570,—,—,7-42VT2BF-90
passenger (cruise),13840636,Viva One,Live,Switzerland,—,2021,Unknown size,—,Single,HE7799,—,—,Da-Capo BV,Hardinxveld,135.00,—,11.40,—,—,—,—,—,Unknown Engine Designer,Unknown Owners,—,—,—,Unknown Owners,—,Unknown Owners,—,Unknown Owners,—,Unknown Owners,—,—,—,—,—,—,—,—,—,—,—,—,269057799,—,—,UNKNOWN
passenger (cruise),13842894,Tichiy Don,Live,Russia,—,1977,2'-10'gt,—,Single,UBGB6,5640,—,—,"",—,—,—,—,—,—,—,—,Unknown Engine Designer,Unknown Owners,—,—,—,Unknown Owners,—,Unknown Owners,—,Unknown Owners,—,Unknown Owners,—,—,—,—,—,—,—,—,—,—,—,7523752,273434270,—,—,UNKNOWN
passenger (cruise),13849226,Rus,Live,Russia,—,1987,2'-10'gt,—,Single,RUSS,5414,—,—,"",—,—,—,—,—,—,—,—,Unknown Engine Designer,Unknown Owners,—,—,—,Unknown Owners,—,Unknown Owners,—,Unknown Owners,—,Unknown Owners,—,—,—,—,—,—,—,—,—,—,—,8707666,273358150,2000,2681,K6Z57/80C
passenger (cruise),13849229,Viking Truvor,Live,Russia,—,1987,2'-10'gt,—,Single,UAWG2,5414,—,—,"",—,—,—,—,—,—,—,—,Unknown Engine Designer,Unknown Owners,—,—,—,Unknown Owners,—,Unknown Owners,—,Unknown Owners,—,Unknown Owners,—,—,—,—,—,—,—,—,—,—,—,8707680,273360710,—,—,UNKNOWN
passenger (cruise),13851166,Georgiy Chicherin,Live,Russia,—,1988,2'-10'gt,—,Single,—,6310,—,—,"",—,—,—,—,—,—,—,—,Unknown Engine Designer,Unknown Owners,—,—,—,Unknown Owners,—,Unknown Owners,—,Unknown Owners,—,Unknown Owners,—,—,—,—,—,—,—,—,—,—,—,8822507,273364080,—,—,UNKNOWN
passenger (cruise),13851592,Miss Egypt,Live,Egypt,—,1998,-2'gt,—,Single,—,802,—,—,"",—,—,—,—,—,—,—,—,Unknown Engine Designer,Unknown Owners,—,—,—,Unknown Owners,—,Unknown Owners,—,Unknown Owners,—,Unknown Owners,—,—,—,—,—,—,—,—,—,—,—,8948818,—,2000,2681,M401A-1
passenger (cruise),13851631,Crown Prince,Live,Egypt,—,1999,-2'gt,—,Single,—,1000,—,—,"",—,—,—,—,—,—,—,—,Unknown Engine Designer,Unknown Owners,—,—,—,Unknown Owners,—,Unknown Owners,—,Unknown Owners,—,Unknown Owners,—,—,—,—,—,—,—,—,—,—,—,8954348,—,2000,2681,3406TA
passenger (cruise),13851897,RA II,Live,Egypt,—,1990,-2'gt,—,Single,—,1500,—,—,"",—,—,—,—,—,—,—,—,Unknown Engine Designer,Unknown Owners,—,—,—,Unknown Owners,—,Unknown Owners,—,Unknown Owners,—,Unknown Owners,—,—,—,—,—,—,—,—,—,—,—,8918045,—,2000,2681,3406TA
passenger (cruise),13852073,Callisto,Live,U.S.A.,—,1969,-2'gt,—,Single,WDE5056,98,—,—,"",—,—,—,—,—,—,—,—,Unknown Engine Designer,Unknown Owners,—,—,—,Unknown Owners,—,Unknown Owners,—,Unknown Owners,—,Unknown Owners,—,—,—,—,—,—,—,—,—,—,—,8978655,367361440,—,—,UNKNOWN
passenger (cruise),13854029,Nile Marquise,Live,Egypt,—,1992,-2'gt,400,Single,—,1600,—,—,"",72.00,—,—,14.00,—,—,—,Caterpillar Incorporated,Unknown Engine Designer,Song of Egypt Company,Arab Republic of Egypt,—,—,Song of Egypt Company,Arab Republic of Egypt,Song of Egypt Company,Arab Republic of Egypt,Song of Egypt Company,Arab Republic of Egypt,Song of Egypt Company,Arab Republic of Egypt,—,—,—,—,—,—,—,—,—,—,9050785,—,350,2681,3408B
passenger (cruise),13854044,Voyager,Live,Egypt,—,1994,-2'gt,480,Single,—,1000,—,—,"",72.00,—,—,13.50,—,—,—,Caterpillar Incorporated,Unknown Engine Designer,TUI AG,Germany,—,—,TUI AG,Germany,TUI AG,Germany,Imperial Cruising Company,Arab Republic of Egypt,TUI AG,Germany,—,—,—,—,—,—,—,—,—,—,9057721,—,283,2681,3406B
passenger (cruise),13854137,Miriam,Live,Egypt,—,1997,-2'gt,—,Single,—,1000,—,—,"",—,—,—,—,—,—,—,—,Unknown Engine Designer,Unknown Owners,—,—,—,Unknown Owners,—,Unknown Owners,—,Unknown Owners,—,Unknown Owners,—,—,—,—,—,—,—,—,—,—,—,9065792,—,2000,2681,3406TA
passenger (cruise),13855124,Glen Massan,Live,U.K.,—,1975,-2'gt,—,Single,—,101,—,—,"",24.00,—,7.00,—,—,—,—,—,Unknown Engine Designer,Craig of Campbeltown Limited,United Kingdom,—,—,Craig of Campbeltown Limited,United Kingdom,Craig of Campbeltown Limited,United Kingdom,The Majestic Line (Scotland) Ltd,United Kingdom,Craig of Campbeltown Limited,United Kingdom,—,—,—,—,—,—,—,—,—,—,8346369,235034073,—,—,8LXB
passenger (cruise),13856534,Wallonia,Live,Belgium,—,1965,-2'gt,70,Single,OT4001,143,—,—,"",30.15,—,—,6.00,—,—,—,—,Unknown Engine Designer,Unknown Owners,—,—,—,Unknown Owners,—,Unknown Owners,—,Unknown Owners,—,Unknown Owners,—,—,—,—,—,—,—,—,—,—,—,7732341,205400190,2000,2681,3D6C
passenger (cruise),13856592,Earnslaw,Live,New Zealand,—,1912,-2'gt,—,Single,—,271,—,—,"",—,—,—,—,—,—,—,—,Unknown Engine Designer,Unknown Owners,—,—,—,Unknown Owners,—,Unknown Owners,—,Unknown Owners,—,Unknown Owners,—,—,—,—,—,—,—,—,—,—,—,8138190,—,2000,2681,8NVD26A-2
passenger (cruise),13856692,Moldavia,Live,Ukraine,—,1979,2'-10'gt,268,Single,URJJ,3205,—,—,Unknown,115.51,—,—,16.97,3.00,1.76,1.24,—,Unknown Engine Designer,State of Ukraine,Ukraine,Izmail,—,Government of the Republic of Ukraine,Ukraine,State of Ukraine,Ukraine,State of Ukraine,Ukraine,State of Ukraine,Ukraine,—,—,—,—,—,—,—,—,—,—,—,272029300,3247,4416,UNKNOWN
passenger (cruise),13859270,Lady Eleganza,Live,Croatia,172,2021,-2'gt,96,Single,9A6961,499,—,Brodotrogir JSC (Brodogradiliste Trogir dd),Trogir,49.25,39.00,9.00,8.60,3.80,2.57,1.23,—,Unknown Engine Designer,Unknown Owners,—,Split,—,Unknown Owners,—,Unknown Owners,—,Eleganza Cruising doo,Republic of Croatia,Unknown Owners,—,—,—,—,—,—,—,—,—,—,—,9961790,238718540,1360,1014,8291SRM85
passenger (cruise),13859271,Anthea,Live,Croatia,151,2021,-2'gt,93,Single,9A6780,499,—,Volvo Penta AB,Gothenburg,52.37,36.16,9.00,8.50,3.80,2.70,1.10,—,Unknown Engine Designer,Orsab d.o.o.,Czech Republic,Split,—,Orsab d.o.o.,Czech Republic,Orsab d.o.o.,Czech Republic,Orsab d.o.o.,Czech Republic,Orsab d.o.o.,Czech Republic,—,—,—,—,—,—,—,—,—,—,9938224,238486840,756,1014,UNKNOWN
passenger (cruise),13860148,Ocean Odyssey,Live,Portugal,—,2022,2'-10'gt,1591,Single,CQEI5,8228,CMHI 196-5,—,"",104.40,—,—,18.40,—,—,—,—,Unknown Engine Designer,SunStone Ships Incorporated,United States of America,—,—,SunStone Maritime Group A/S,Denmark,SunStone Ships Incorporated,United States of America,Sea Lion Ten Limited,British Virgin Islands,SunStone Ship Management Unipessoal SA,Portugal,SunStone Ships Incorporated,United States of America,—,—,SunStone Ship Management Unipessoal SA,Portugal,—,—,—,—,9880673,255806392,—,—,UNKNOWN
passenger (cruise),13860173,Oberoi Zahra,Live,Egypt,—,2007,Unknown size,—,Single,—,—,—,—,"",236.00,—,14.00,—,—,—,—,—,Unknown Engine Designer,—,—,—,—,—,—,—,—,The Oberoi Group,India,—,—,—,—,—,—,—,—,—,—,—,—,—,—,2000,2681,16ZAV40S
passenger (cruise),13862975,A-Rosa Silva,Live,Germany,—,2012,2'-10'gt,—,Single,DD7467,3600,S 519,Neptun Werft GmbH,Rostock,135.00,—,11.45,—,—,1.70,—,—,Unknown Engine Designer,Arkona AG,Germany,Rostock,—,Arkona AG,Germany,Arkona AG,Germany,A-ROSA Flussschiff GmbH,Germany,Arkona AG,Germany,—,—,—,—,—,—,—,—,—,—,8338116,211572460,—,—,D12MH
passenger (cruise),13881601,Emerald Star,Live,Malta,—,2013,Unknown size,—,Single,9HA3638,—,464,Scheepswerf de Hoop Lobith B.V.,Lobith,135.00,—,11.00,—,—,2.10,—,—,Unknown Engine Designer,Unknown Owners,—,Valletta,—,Unknown Owners,—,Unknown Owners,—,MS Emerald Star AG,Switzerland,Unknown Owners,—,—,—,—,—,—,—,—,—,—,—,8338582,229818000,—,—,UNKNOWN
passenger (cruise),13883659,France,Live,Luxembourg,—,2001,Unknown size,—,Single,LX2505,—,—,Chantier Naval Meuse & Sambre S.A.,Belgium,110.00,—,11.40,—,—,1.30,—,—,Unknown Engine Designer,Unknown Owners,—,—,—,Unknown Owners,—,Unknown Owners,—,Unknown Owners,—,Unknown Owners,—,—,—,—,—,—,—,—,—,—,—,—,253242505,—,—,UNKNOWN
passenger (cruise),13883777,La Boheme,Live,Luxembourg,—,1995,Unknown size,—,Single,LX2506,—,—,Chantier Naval Meuse & Sambre S.A.,Belgium,110.00,—,11.00,—,—,1.30,—,—,Unknown Engine Designer,Unknown Owners,—,—,—,Unknown Owners,—,Unknown Owners,—,Unknown Owners,—,Unknown Owners,—,—,—,—,—,—,—,—,—,—,—,—,253242506,—,—,UNKNOWN
passenger (cruise),13884627,Peter de Grote,Live,Netherlands,—,1939,Unknown size,—,Single,PF4174,—,—,Escher Wyss AG,Switzerland,30.50,—,5.10,—,—,1.45,—,—,Unknown Engine Designer,Unknown Owners,—,—,—,Unknown Owners,—,Unknown Owners,—,Unknown Owners,—,Unknown Owners,—,—,—,—,—,—,—,—,—,—,—,—,244690782,—,—,UNKNOWN
passenger (cruise),13885827,Rossini,Live,Germany,—,1983,2'-10'gt,—,Single,DD4477,3116,—,Flensburger Shipbuilding mbH & Company KG,Flensburg,112.00,—,17.00,—,—,1.75,—,—,Unknown Engine Designer,Unknown Owners,—,—,—,Unknown Owners,—,Unknown Owners,—,Favorit Reisen GmbH & Co KG,Germany,Unknown Owners,—,—,—,—,—,—,—,—,—,—,—,8335463,211273930,5792,4319,MAN DIESEL
passenger (cruise),13889981,Le Formidable,Live,Netherlands,—,2015,Unknown size,—,Single,PC9412,—,—,—,Unknown,67.50,—,9.20,—,—,—,—,—,Unknown Engine Designer,Unknown Owners,—,—,—,Unknown Owners,—,Unknown Owners,—,Unknown Owners,—,Unknown Owners,—,—,—,—,—,—,—,—,—,—,—,—,244690935,—,—,UNKNOWN
passenger (cruise),13890059,Ukraina,Live,Ukraine,—,1979,2'-10'gt,268,Single,ENIU,3205,—,—,Unknown,117.00,—,17.00,—,—,3.00,—,—,Unknown Engine Designer,State of Ukraine,Ukraine,Izmail,—,Government of the Republic of Ukraine,Ukraine,State of Ukraine,Ukraine,State of Ukraine,Ukraine,State of Ukraine,Ukraine,—,—,—,—,—,—,—,—,—,—,—,272030800,5922,4416,6K45GF
passenger (cruise),13892014,Pintas Luxury 1,Live,Indonesia,—,—,Unknown size,—,Single,YBA4233,—,—,—,"",—,—,—,—,—,—,—,—,Unknown Engine Designer,PT Pintas Samudra,Indonesia,—,—,PT Pintas Samudra,Indonesia,PT Pintas Samudra,Indonesia,PT Pintas Samudra,Indonesia,PT Pintas Samudra,Indonesia,—,—,—,—,—,—,—,—,—,—,9916680,525101362,—,—,UNKNOWN
passenger (cruise),13893283,Rosesol,Live,Norway,—,2022,-2'gt,—,Single,LGVX,131,—,—,Unknown,23.10,—,—,7.80,3.00,—,—,—,Unknown Engine Designer,Unknown Owners,—,—,—,Unknown Owners,—,Unknown Owners,—,Unknown Owners,—,Unknown Owners,—,—,—,—,—,—,—,—,—,—,—,9940124,258023570,—,—,16V4000M70
passenger (cruise),13893748,Viking Delling,Live,Switzerland,—,2013,2'-10'gt,—,Single,HE7462,3138,—,Neptun Werft GmbH,Rostock,136.00,—,12.00,—,—,—,—,—,Unknown Engine Designer,Viking River Cruises AG,Switzerland,—,—,Viking Holding Limited,Bermuda,Viking River Cruises AG,Switzerland,Viking River Cruises AG,Switzerland,Viking River Cruises AG,Switzerland,—,—,—,—,—,—,—,—,—,—,8338805,269057462,5824,4343,D12MH
passenger (cruise),13896848,A Rosa Stella,Live,Switzerland,—,2005,Unknown size,—,Single,DF2446,—,—,Neptun Werft GmbH,Rostock,125.80,—,11.40,—,—,1.35,—,—,Unknown Engine Designer,Unknown Owners,—,—,—,Unknown Owners,—,Unknown Owners,—,Unknown Owners,—,Unknown Owners,—,—,—,—,—,—,—,—,—,—,—,—,269057680,—,—,UNKNOWN
passenger (cruise),13900987,Grand Rus,Live,Russia,—,1960,2'-10'gt,315,Single,UBHI2,2381,—,—,Unknown,96.00,—,12.00,—,—,—,—,—,Unknown Engine Designer,Unknown Owners,—,—,—,Unknown Owners,—,Unknown Owners,—,Express Tour Limited,Russian Federation,Unknown Owners,—,—,—,—,—,—,—,—,—,—,—,8356479,273356650,2603,3491,8DR43/61-V1
passenger (cruise),13904121,Ohana,Live,Croatia,—,2021,-2'gt,103,Single,9A6479,499,—,Slippstodin Oddi,Kastel Sucurac,49.00,—,8.00,—,3.00,2.00,1.00,—,Unknown Engine Designer,Unknown Owners,—,Split,—,Unknown Owners,—,Unknown Owners,—,Joan doo,Republic of Croatia,Unknown Owners,—,—,—,—,—,—,—,—,—,—,—,9932414,238503940,756,1014,16V4000M70
passenger (cruise),13905432,Leonid Krasin,Live,Russia,—,1989,2'-10'gt,480,Single,UAQG9,5343,—,Elbewerften Rosslauer Schiffswerft GmbH (RSW),Rosslau,130.00,—,16.00,—,—,—,—,—,Unknown Engine Designer,Unknown Owners,—,—,—,Unknown Owners,—,Unknown Owners,—,Unknown Owners,—,Unknown Owners,—,—,—,—,—,—,—,—,—,—,—,8922448,273364310,—,—,K6Z57/80C
passenger (cruise),13907466,MSC Euribia,Live,Malta,—,2023,150'+ gt,18232,Single,9HA5782,177000,V34,Chantiers de l'Atlantique,"",331.40,310.70,43.00,43.00,12.05,8.75,3.30,—,—,MSC Crociere (Mediterranean Shipping Cruises) S.p.A.,Italy,Valletta,—,Mediterranean Shipping Company S.A. (MSC),Switzerland,MSC Crociere (Mediterranean Shipping Cruises) S.p.A.,Italy,Compania Naviera Vista 5 SA,Panama,MSC Cruise Management (UK) Limited,United Kingdom,—,—,—,—,MSC Cruise Management (UK) Limited,United Kingdom,—,—,—,—,9901544,256281000,—,—,—
passenger (cruise),13909026,Icon Of The Seas,Live,Bahamas,307895,2023,150'+ gt,21513,Single,C6FU5,248663,1400,Meyer Turku OY,Rauma,364.75,351.31,48.77,48.47,22.40,9.25,13.15,—,Unknown Engine Designer,Royal Caribbean Cruises Limited (RCL),United States of America,Nassau,—,Royal Caribbean Cruises Limited (RCL),United States of America,Royal Caribbean Cruises Limited (RCL),United States of America,Icon of the Seas LLC,Liberia,Royal Caribbean Cruises Limited (RCL),United States of America,Royal Caribbean International,Bahamas,—,—,Royal Caribbean Cruises Limited (RCL),United States of America,—,—,—,—,9829930,311001178,—,—,16V46
passenger (cruise),13909028,Carnival Celebration,Live,Bahamas,—,2022,150'+ gt,13000,Single,C6GE4,183521,1397,Meyer Turku OY,Rauma,344.46,—,—,42.00,11.80,11.80,3.01,—,Caterpillar Incorporated,Carnival Corporation (Carnival Cruise Line),United States of America,Nassau,—,Carnival Corporation,United States of America,Carnival Corporation (Carnival Cruise Line),United States of America,Carnival Corporation (Carnival Cruise Line),United States of America,Carnival Corporation (Carnival Cruise Line),United States of America,—,—,—,—,Carnival Corporation (Carnival Cruise Line),United States of America,—,—,—,—,9837456,311001223,—,—,16M46DF
passenger (cruise),13911081,Majola,Live,Luxembourg,57,2022,-2'gt,—,Single,LXOJ,190,SL 106A/768,—,"",—,—,—,—,—,—,—,—,Unknown Engine Designer,Unknown Owners,—,Luxembourg,—,Unknown Owners,—,Unknown Owners,—,Unknown Owners,—,Unknown Owners,—,—,—,—,—,—,—,—,—,—,—,9971197,253833000,—,—,16V4000M70
passenger (cruise),13912089,Korea Pride,Live,Panama,—,2022,-2'gt,123,Single,3E2517,1680,KNC420001,Kangnam Corporation,South Korea,71.75,69.60,—,16.00,6.00,1.81,4.19,—,Unknown Engine Designer,"Korea,Government of the Republic of",Republic of Korea,Panama,—,"Korea,Government of the Republic of",Republic of Korea,"Korea,Government of the Republic of",Republic of Korea,Modern Coastal Ferry No 6 SA,Panama,Korea Express Ferry Company Limited,Republic of Korea,—,—,—,—,Korea Express Ferry Company Limited,Republic of Korea,—,—,—,—,9945588,352001502,—,—,UNKNOWN
passenger (cruise),13912580,Mein Schiff Relax,Live,Malta,143460,2024,150'+ gt,15626,Single,9HA6120,157651,6312,Fincantieri-Cantieri Navali Italiani S.p.A. Monfalcone,Italy,332.63,305.15,41.80,41.80,12.00,8.75,3.25,—,Unknown Engine Designer,TUI Cruises GmbH,Germany,Valletta,—,TUI AG,Germany,TUI Cruises GmbH,Germany,TUI Cruises GmbH,Germany,Global Fleet Management LLC,United States of America,—,—,—,—,Global Fleet Management LLC,United States of America,—,—,—,—,9862657,249129000,—,—,16M43C
passenger (cruise),13915145,Havila Polaris,Live,Norway,5427,2023,10'-60'gt,1800,Single,LFSQ,15391,—,—,"",122.70,115.19,—,22.00,8.00,5.30,2.70,—,Unknown Engine Designer,Havila Kystruten AS,Norway,Fosnavaag,—,Havila Holding AS,Norway,Havila Kystruten AS,Norway,Havila Polaris AS,Norway,Havila Kystruten Operations AS,Norway,—,—,—,—,Havila Kystruten Operations AS,Norway,—,—,—,—,9946910,258094000,—,—,UNKNOWN
passenger (cruise),13933981,Dalmatino,Live,Croatia,—,2019,-2'gt,61,Single,9A5826,298,038,Radez DD,Croatia,43.00,—,8.00,—,—,—,—,—,Unknown Engine Designer,Dalmatino d.o.o.,Republic of Croatia,—,—,Dalmatino d.o.o.,Republic of Croatia,Dalmatino d.o.o.,Republic of Croatia,Dalmatino d.o.o.,Republic of Croatia,Dalmatino d.o.o.,Republic of Croatia,—,—,—,—,—,—,—,—,—,—,9878204,238101740,—,—,16V4000M70
passenger (cruise),13945823,Aleksander Pushkin,Live,Russia,—,1974,2'-10'gt,—,Single,UBTT5,3418,—,—,Unknown,110.00,—,15.00,—,—,—,—,—,Unknown Engine Designer,Unknown Owners,—,—,—,Unknown Owners,—,Unknown Owners,—,Vodohod LLC,Russian Federation,Unknown Owners,—,—,—,—,—,—,—,—,—,—,—,7346166,273356150,—,—,8DR43/61-V1
passenger (cruise),13947914,Knyazhna Viktoria,Live,Russia,—,1982,2'-10'gt,555,Single,UAXG8,4900,—,Elbewerften Rosslauer Schiffswerft GmbH (RSW),Rosslau,125.00,—,17.00,—,—,—,—,—,Unknown Engine Designer,Unknown Owners,—,—,—,Unknown Owners,—,Unknown Owners,—,Unknown Owners,—,Unknown Owners,—,—,—,—,—,—,—,—,—,—,—,8225694,273367010,4608,6179,MAN DIESEL
passenger (cruise),13947943,Kronshtadt,Live,Russia,—,1979,2'-10'gt,—,Single,—,5640,—,Elbewerften Rosslauer Schiffswerft GmbH (RSW),Rosslau,125.00,—,17.00,—,—,—,—,—,Unknown Engine Designer,Unknown Owners,—,—,—,Unknown Owners,—,Unknown Owners,—,Vodohod LLC,Russian Federation,Unknown Owners,—,—,—,—,—,—,—,—,—,—,—,7706691,273352150,5150,6906,K6Z57/80C
passenger (cruise),13954689,American Song,Live,U.S.A.,—,2018,2'-10'gt,—,Single,WDK3551,5048,—,—,Unknown,100.00,—,17.00,—,—,—,—,—,Unknown Engine Designer,American Cruise Lines Incorporated,United States of America,—,—,American Cruise Lines Incorporated,United States of America,American Cruise Lines Incorporated,United States of America,American Cruise Lines Incorporated,United States of America,American Cruise Lines Incorporated,United States of America,—,—,—,—,—,—,—,—,—,—,9871713,368046350,—,—,UNKNOWN
passenger (cruise),13954819,Serenade 2,Live,Netherlands,—,2006,Unknown size,—,Single,PD6839,—,—,Sluisveld-Heusden,Heusden,110.00,—,11.40,—,—,1.55,—,—,Unknown Engine Designer,Unknown Owners,—,—,—,Unknown Owners,—,Unknown Owners,—,Lime Tree Cruises BV,Netherlands,Unknown Owners,—,—,—,—,—,—,—,—,—,—,—,8338439,244170837,—,—,UNKNOWN
passenger (cruise),13954950,Mermaid 2,Live,Indonesia,68,2000,-2'gt,—,Single,YB5358,224,—,P.S.P. Marine Company Limited,Samut Sakhon,32.00,—,8.00,7.30,—,—,—,—,Unknown Engine Designer,PT Adi Putra Narasi,Indonesia,Benoa,—,PT Adi Putra Narasi,Indonesia,PT Adi Putra Narasi,Indonesia,PT Adi Putra Narasi,Indonesia,PT Adi Putra Narasi,Indonesia,—,—,—,—,—,—,—,—,—,—,—,525024136,—,—,4BT3.9
passenger (cruise),13956657,Andante,Live,Netherlands,—,1959,Unknown size,—,Single,PD9856,—,5,Niestern-Sander Scheepsbouw BV,Groningen,75.00,—,10.00,—,—,1.50,—,—,Unknown Engine Designer,Unknown Owners,—,—,—,Unknown Owners,—,Unknown Owners,—,Unknown Owners,—,Unknown Owners,—,—,—,—,—,—,—,—,—,—,—,—,244630319,—,—,UNKNOWN
passenger (cruise),13968673,Oscar,Live,Croatia,—,2022,-2'gt,99,Single,9A7273,499,—,Brodotrogir JSC (Brodogradiliste Trogir dd),Trogir,48.00,—,9.00,—,—,—,—,—,Unknown Engine Designer,Romantic Cruise doo,Republic of Croatia,—,—,—,—,—,—,Romantic Cruise doo,Republic of Croatia,—,—,—,—,—,—,—,—,—,—,—,—,8593376,238724140,756,1014,16V4000M70
passenger (cruise),13968969,Miami Clipper,Live,Bahamas,—,1953,-2'gt,—,Single,—,317,856,—,"",39.93,—,—,8.08,—,3.97,—,—,Unknown Engine Designer,Unknown Owners,—,—,—,Unknown Owners,—,Unknown Owners,—,Unknown Owners,—,Unknown Owners,—,—,—,—,—,—,—,—,—,—,—,5158175,—,—,—,—
passenger (cruise),13973703,Havila Pollux,Live,Norway,5427,2023,10'-60'gt,1800,Single,LFSU,15519,—,—,"",122.70,115.19,—,22.00,8.00,5.30,2.70,—,Unknown Engine Designer,Havila Kystruten AS,Norway,Fosnavaag,—,Havila Holding AS,Norway,Havila Kystruten AS,Norway,Havila Pollux AS,Norway,Havila Kystruten Operations AS,Norway,—,—,—,—,Havila Kystruten Operations AS,Norway,—,—,—,—,9946922,257088000,—,—,UNKNOWN
passenger (cruise),13976103,American Symphony,Live,U.S.A.,—,2022,2'-10'gt,—,Single,WDN2327,5402,—,Chesapeake Shipbuilding Incorporated,U.S.A.,100.00,—,18.00,—,—,—,—,—,Unknown Engine Designer,American Cruise Lines Incorporated,United States of America,—,—,American Cruise Lines Incorporated,United States of America,American Cruise Lines Incorporated,United States of America,American Cruise Lines Incorporated,United States of America,American Cruise Lines Incorporated,United States of America,—,—,—,—,—,—,—,—,—,—,9901702,368261060,—,—,UNKNOWN
passenger (cruise),13983806,Viking Egdir,Live,Switzerland,—,2021,2'-10'gt,—,Single,HE7766,2000,—,Neptun Werft GmbH,Rostock,135.00,—,11.50,—,—,1.80,—,—,Unknown Engine Designer,Viking River Cruises AG,Switzerland,—,—,Viking Holding Limited,Bermuda,Viking River Cruises AG,Switzerland,Viking River Cruises AG,Switzerland,Viking River Cruises AG,Switzerland,—,—,—,—,—,—,—,—,—,—,9916915,269057766,—,—,D12MH
passenger (cruise),13988469,Viking Lofn,Live,Switzerland,—,2015,2'-10'gt,—,Single,HE7496,3138,S551,Neptun Werft GmbH,Rostock,135.00,—,12.00,—,—,2.00,—,—,Unknown Engine Designer,Viking River Cruises AG,Switzerland,—,—,Viking Holding Limited,Bermuda,Viking River Cruises AG,Switzerland,Viking River Cruises AG,Switzerland,Viking River Cruises AG,Switzerland,—,—,—,—,—,—,—,—,—,—,8339952,269057496,—,—,D12MH
passenger (cruise),13989822,Viva Two,Live,Switzerland,—,2023,Unknown size,—,Single,HE7829,—,635,Vahali Shipyards,Serbia,135.00,—,11.40,—,—,—,—,—,Unknown Engine Designer,Unknown Owners,—,—,—,Unknown Owners,—,Unknown Owners,—,Scylla Shipping AG,Switzerland,Unknown Owners,—,—,—,—,—,—,—,—,—,—,—,9974943,269057829,—,—,UNKNOWN
passenger (cruise),13992334,A Rosa Sena,Live,Switzerland,—,2022,Unknown size,—,Single,HE7813,—,—,CCM3,Werkendam,135.00,—,18.00,—,—,—,—,—,Unknown Engine Designer,Unknown Owners,—,—,—,Unknown Owners,—,Unknown Owners,—,A-Rosa zweite Schiffsbeteiligungs AG,Germany,Unknown Owners,—,—,—,—,—,—,—,—,—,—,—,9903748,269057813,—,—,UNKNOWN
passenger (cruise),13997446,Ocean Albatros,Live,Portugal,2497,2023,2'-10'gt,1613,Single,CQ2114,8181,CMHI-196-6,—,"",104.40,99.80,—,18.40,7.00,5.30,1.96,—,Unknown Engine Designer,SunStone Ships Incorporated,United States of America,Porto Santo,—,SunStone Maritime Group A/S,Denmark,SunStone Ships Incorporated,United States of America,Ocean Albatros CM Limited,British Virgin Islands,SunStone Ships Incorporated,United States of America,Albatros Expeditions A/S,Denmark,—,—,—,—,—,—,—,—,9880661,255915656,—,—,UNKNOWN
passenger (cruise),140057,Dream Goddess,Live,Mongolia,3542,1980,2'-10'gt,1796,Double Bottom,JVQT8,9570,163,Howaldtswerke-Deutsche Werft GmbH (HDW),Kiel,139.30,122.70,17.53,17.50,6.50,4.98,1.52,Fried. Krupp AG Hoesch-Krupp,Mak Motoren GmbH & Company KG,Dreamliner Cruises,Malta,Ulan Bator,—,Royalton Investment Limited,Malta,Dreamliner Cruises,Malta,Serenity Waves Incorporated,Seychelles,—,—,—,—,—,—,—,—,—,—,—,—,7904889,457900786,3579,4800,12M453
passenger (cruise),140242,Fitzcarraldo,Live,U.K.,91,1971,-2'gt,304,Single,MPFT9,277,24,Nord-Offshore AS,Sandnessjoen,37.00,—,8.50,—,3.70,3.60,0.10,—,Unknown Engine Designer,Walk The Plank Developments Limited,United Kingdom,—,—,Walk The Plank Developments Limited,United Kingdom,Walk The Plank Developments Limited,United Kingdom,Walk The Plank Developments Limited,United Kingdom,Walk The Plank Developments Limited,United Kingdom,—,—,—,—,—,—,—,—,—,—,7112137,—,403,540,ID36SS12V
passenger (cruise),14035118,Black Manta,Live,Indonesia,—,2005,-2'gt,—,Single,YB4799,209,—,Dom Deevimol - Phuket,Phuket,28.00,—,8.00,—,—,—,—,—,Unknown Engine Designer,Unknown Owners,—,—,—,Unknown Owners,—,Unknown Owners,—,PT Black Manta Indonesia,Indonesia,Unknown Owners,—,—,—,—,—,—,—,—,—,—,—,8741844,525066077,380,509,4BT3.9
passenger (cruise),14040725,American Serenade,Live,U.S.A.,—,2023,2'-10'gt,—,Single,WDN6272,5148,—,—,Unknown,100.00,—,18.00,—,—,—,—,—,Unknown Engine Designer,American Cruise Lines Incorporated,United States of America,—,—,American Cruise Lines Incorporated,United States of America,American Cruise Lines Incorporated,United States of America,American Cruise Lines Incorporated,United States of America,American Cruise Lines Incorporated,United States of America,—,—,—,—,—,—,—,—,—,—,9980289,368297540,—,—,UNKNOWN
passenger (cruise),14045576,Amadeus Riva,Live,Germany,—,2023,Unknown size,—,Single,DG9908,—,—,—,Unknown,135.00,—,12.00,—,—,—,—,—,Unknown Engine Designer,Unknown Owners,—,—,—,Unknown Owners,—,Unknown Owners,—,Dr W Lueftner Reisen GmbH (Luftner Cruises),Austria,Unknown Owners,—,—,—,—,—,—,—,—,—,—,—,9979979,218006380,—,—,UNKNOWN
passenger (cruise),14057,Daphne,Dead,St. Kitts-Nevis,5572,1955,10'-60'gt,14167,Single,—,15833,1827,Swan Hunter Shipbuilders,Tyne,162.37,151.80,21.42,21.34,12.80,7.78,2.57,Wallsend Slipway,Unknown Engine Designer,Indian Breakers,—,—,—,—,—,—,—,—,—,—,—,—,—,—,—,—,—,—,—,—,—,5282627,—,4922,6600,UNKNOWN
passenger (cruise),1407,Star Offshore,Dead,Egypt,1054,1952,2'-10'gt,290,Single,—,2157,—,—,Italy,81.00,72.50,12.81,12.81,6.91,4.59,2.32,Fiat Avio SpA,Fiat Avio SpA,Samanco,—,—,—,—,—,—,—,—,—,—,—,—,—,—,—,—,—,—,—,—,—,5181885,—,783,1050,FIAT DIESEL
passenger (cruise),14108191,Scintilla Maris,Live,Marshall Islands,171,—,-2'gt,—,Single,V7A5988,499,—,—,"",—,—,—,—,—,—,—,—,Unknown Engine Designer,Unknown Owners,—,Bikini,—,Unknown Owners,—,Unknown Owners,—,Scintilla Holdings Incorporated,Marshall Islands,Unknown Owners,—,EYOS Expeditions Limited,Isle of Man,—,—,—,—,—,—,—,—,8807222,538071876,—,—,UNKNOWN
passenger (cruise),14199244,Queen Anne,Live,Bermuda,76499,2024,100'-150'gt,12420,Single,ZCHE5,114188,6274,—,"",322.51,—,35.60,35.60,10.80,10.80,0.00,—,Unknown Engine Designer,Cunard Line Limited,United Kingdom,Hamilton,—,Carnival Corporation,United States of America,Cunard Line Limited,United Kingdom,Cunard Line Limited,United Kingdom,Cunard Line Limited,United Kingdom,—,—,—,—,—,—,—,—,—,—,9839399,310835000,—,—,UNKNOWN
passenger (cruise),14207773,Select Bellejour,Live,Malta,—,2003,Unknown size,—,Single,9HTX8,—,760,HDW Nobiskrug GmbH & Company KG,Rendsburg,127.00,—,12.00,—,—,—,—,—,Unknown Engine Designer,Unknown Owners,—,Valletta,—,Unknown Owners,—,Unknown Owners,—,ROI Bellejour GmbH,Switzerland,Unknown Owners,—,—,—,—,—,—,—,—,—,—,—,8338659,256422000,—,—,UNKNOWN
passenger (cruise),142114,Didace- Guevremont,Live,Canada,510,1980,-2'gt,1088,Double Bottom,VCSJ,1702,445,Davie Yards Inc,Lauzon,81.97,75.52,21.95,21.90,5.60,5.59,0.01,Caterpillar Incorporated,Caterpillar Incorporated,La Societe des Traversiers du Quebec,Canada,Quebec,—,La Societe des Traversiers du Quebec,Canada,La Societe des Traversiers du Quebec,Canada,La Societe des Traversiers du Quebec,Canada,La Societe des Traversiers du Quebec,Canada,—,—,—,—,La Societe des Traversiers du Quebec,Canada,—,—,—,—,7902269,316007861,1179,1602,D399
passenger (cruise),14264144,Phong Hai Sapphire,Live,Vietnam,—,—,Unknown size,—,Single,—,—,—,—,"",27.00,—,8.00,—,—,—,—,—,—,—,—,Halong City,—,—,—,—,—,—,—,—,—,—,—,—,—,—,—,—,—,—,—,—,574112839,—,—,—
passenger (cruise),14264211,Maritimo,Live,Croatia,—,—,Unknown size,—,Single,—,—,—,—,"",—,—,—,—,—,—,—,—,—,—,—,—,—,—,—,—,—,—,—,—,—,—,—,—,—,—,—,—,—,—,—,—,238006540,—,—,—
passenger (cruise),14301,Bella Maria,Dead,Greece,2746,1950,2'-10'gt,3530,Single,—,4966,—,—,France,113.00,—,15.00,—,8.50,6.90,1.60,—,Unknown Engine Designer,Bella Maria,—,—,—,—,—,—,—,—,—,—,—,—,—,—,—,—,—,—,—,—,—,5032175,—,—,—,UNKNOWN
passenger (cruise),14305,Sagar,Dead,Mongolia,5056,1952,10'-60'gt,4128,Double Bottom,—,11951,1,Societe Industrielle France-Dunkirk,Dunkirk,150.00,—,19.60,—,11.70,6.80,4.90,—,B&W Diesel A/S,Indian Breakers,—,Ulan Bator,—,—,—,—,—,—,—,—,—,—,—,—,—,—,—,—,—,—,—,5113747,—,4550,6102,10-62VTF-115
passenger (cruise),143210,Da Long,Dead,South Korea,9059,1981,10'-60'gt,3761,Single,—,17980,4375,Fincantieri-Cantieri Navali Italiani S.p.A. Castellammare di Stabia,Castellammare di Stabia,148.32,135.00,22.70,22.70,14.92,6.61,0.92,Grandi Motori Trieste,Fiat Avio SpA,Chinese Breakers,—,Pyeongtaek,400,—,—,—,—,—,—,—,—,—,—,—,—,—,—,—,—,—,—,7902740,—,5593,7500,A420.12
passenger (cruise),14389750,AMERICAN LEGEND,Live,U.S.A.,—,2024,2'-10'gt,—,Single,WDP7887,3344,—,Chesapeake Shipbuilding Incorporated,Salisbury MD (USA),74.00,—,17.00,—,—,—,—,—,Unknown Engine Designer,Unknown Owners,—,—,—,Unknown Owners,—,Unknown Owners,—,Unknown Owners,—,Unknown Owners,—,—,—,—,—,—,—,—,—,—,—,1033432,368385810,—,—,16V4000M70
passenger (cruise),144754,Africa Queen,Live,Panama,102,1952,-2'gt,423,Single,H9GM,457,—,—,Le Havre,42.00,—,8.80,—,4.20,2.90,1.30,—,Sulzer Turbomachinery Services,S.A.R.L. Marine et Tourisme,France,Panama,—,S.A.R.L. Marine et Tourisme,France,S.A.R.L. Marine et Tourisme,France,S.A.R.L. Marine et Tourisme,France,S.A.R.L. Marine et Tourisme,France,—,—,—,—,—,—,—,—,—,—,5080689,—,298,400,6BA22
passenger (cruise),145071,Pearl II,Dead,Malta,6267,1981,10'-60'gt,2952,Double Bottom,—,18627,165,Howaldtswerke-Deutsche Werft GmbH (HDW),Hamburg,164.35,140.00,22.90,22.60,8.10,6.20,1.90,MAN Energy Solutions SE,MAN Energy Solutions SE,Aqua Explorer,—,Valletta,—,—,—,—,—,—,—,—,—,—,—,—,—,—,—,—,—,—,—,8000214,—,2461,3300,6L40/45
passenger (cruise),145105,Dream,Dead,Comoros,16862,1981,10'-60'gt,5694,Single,D6A2791,35265,234,Aalborg Vaerft,Aalborg,204.75,177.00,26.30,26.30,18.10,7.33,10.77,Sulzer Turbomachinery Services,Sulzer Turbomachinery Services,Indian Breakers,—,Moroni,—,—,—,—,—,—,—,—,—,—,—,—,—,—,—,—,—,—,—,7915096,—,9918,13300,7RND68M
passenger (cruise),145217,Wappen Von Cuxhaven,Live,Germany,116,1976,-2'gt,32,Single,DCTN,287,259,Schiffswerft Schloemer GmbH & Company KG,Leer,42.67,38.80,7.80,7.20,2.95,1.06,1.89,Volvo Penta AB,Volvo Penta AB,Aktien-Gesellschaft Ems,Germany,Borkum,—,Aktien-Gesellschaft Ems,Germany,Aktien-Gesellschaft Ems,Germany,Aktien-Gesellschaft Ems,Germany,Aktien-Gesellschaft Ems,Germany,—,—,—,—,Aktien-Gesellschaft Ems,Germany,—,—,—,—,7525918,211221190,284,381,TAMD122A
passenger (cruise),145311,Blue Sapphire,Live,St. Kitts-Nevis,13555,1981,10'-60'gt,5168,Single,V4XZ4,37049,1001,Bremer Vulkan Werft und Maschinenfabrik GmbH,Bremen,175.18,170.50,28.55,28.50,12.98,8.40,4.58,Bremer Vulkan Verbund Ag,MAN Energy Solutions SE,Lagoon Sea Cruises Limited,Malta,Basseterre,—,Lagoon Sea Cruises Limited,Malta,Lagoon Sea Cruises Limited,Malta,Lagoon Sea Cruises Limited,Malta,Signum Destek Hizmetleri ve Ticaret AS,Turkiye,—,—,—,—,Signum Destek Hizmetleri ve Ticaret AS,Turkiye,—,—,—,—,7822457,341776000,10783,14460,K7SZ70/125B
passenger (cruise),14546,Dimitar Blagoev,Live,Bulgaria,395,1969,-2'gt,1432,Single,LZIJ,1061,-,Varna Shipyard,Varna,68.00,—,10.10,—,6.10,5.50,0.60,Russian Engine Builders,Russkiy Diesel Firm,Navigation Maritime Bulgare JSC,Bulgaria,—,—,Advance Properties OOD,Bulgaria,Navigation Maritime Bulgare JSC,Bulgaria,Navigation Maritime Bulgare JSC,Bulgaria,Navigation Maritime Bulgare JSC,Bulgaria,—,—,—,—,—,—,—,—,—,—,7038898,—,447,600,6DR30/50-5-3
passenger (cruise),146177,Qing,Dead,India,17532,1982,10'-60'gt,4514,Single,AWFI,35143,1432,Constructions Industrielles de la Mediterranee (CNIM),Le Havre,204.07,172.00,27.40,27.35,29.15,8.00,3.59,Grandi Motori Trieste,Fiat Avio SpA,Sahara India P.,—,—,—,—,—,—,—,—,—,—,—,—,—,—,—,—,—,—,—,—,—,7902295,419000861,11186,15000,B600.10L
passenger (cruise),146215,Kapitan Khlebnikov,Live,Russia,3686,1981,10'-60'gt,4418,Single,UGSE,12288,430,STX Finland OY - SEE NOW AS Arctech Helsinki Shipyard Incorporated,Helsinki,129.10,121.30,26.74,26.50,12.30,8.50,3.80,—,Sulzer Turbomachinery Services,Government of the Russian Federation,Russian Federation,Vladivostok,—,Government of the Russian Federation,Russian Federation,Government of the Russian Federation,Russian Federation,Government of the Russian Federation,Russian Federation,Federal State Unitary Enterprise Rosmorport,Russian Federation,Quark Expeditions Incorporated,United States of America,—,—,Federal State Unitary Enterprise Rosmorport,Russian Federation,—,—,—,—,7824417,273146110,3087,4140,9ZH40/48
passenger (cruise),146403,Ocean Life,Dead,Malta,4645,1981,10'-60'gt,1719,Single,—,12709,3P86-2,Stocznia Szczecinska Nowa Sp. z o.o.,Szczecin,137.15,127.39,21.02,21.00,12.60,5.80,6.80,Zaklady Urzadzen Technicznych Zgoda,Sulzer Turbomachinery Services,World Cruises Malta,—,Valletta,—,—,—,—,—,—,—,—,—,—,—,—,—,—,—,—,—,—,—,7625809,—,3244,4350,6ZL40/48
passenger (cruise),14641,Polaris,Live,Russia,629,1968,2'-10'gt,422,Double Bottom,UBDF,2097,122,Svendborg Vaerft A/S Shipbuilding,Svendborg,70.56,63.00,13.54,13.50,5.60,4.26,1.20,MAN Energy Solutions SE,MAN Energy Solutions SE,Ministry of State Property and Land Relations of the Sakhalin Region,Russian Federation,Murmansk,—,Government of the Russian Federation,Russian Federation,Ministry of State Property and Land Relations of the Sakhalin Region,Russian Federation,Ministry of State Property and Land Relations of the Sakhalin Region,Russian Federation,Joint Stock Company Marine Company Sakhalin-Kurily,Russian Federation,—,—,—,—,Joint Stock Company Marine Company Sakhalin-Kurily,Russian Federation,—,—,—,—,6807395,273430670,973,1305,G9V30/45ATL
passenger (cruise),1466162,Gayla Graham,Live,Mexico,101,2007,-2'gt,336,Single,XCCH3,337,85,C & G Boat Works Incorporated,Bayou La Batre,50.31,42.70,8.00,8.00,4.20,2.93,1.27,Cummins Incorporated,Cummins Incorporated,Bufete de Mantenimiento Predictivo Industrial SA de CV,Mexico,Ciudad del Carmen,—,Bufete de Mantenimiento Predictivo Industrial SA de CV,Mexico,Bufete de Mantenimiento Predictivo Industrial SA de CV,Mexico,Bufete de Mantenimiento Predictivo Industrial SA de CV,Mexico,Bufete de Mantenimiento Predictivo Industrial SA de CV,Mexico,—,—,—,—,Bufete de Mantenimiento Predictivo Industrial SA de CV,Mexico,—,—,—,—,9452050,345070428,1342,1800,KTA-50
passenger (cruise),147532,AML Louis-Jolliet,Live,Canada,891,1938,2'-10'gt,—,Single,VA7153,2112,513,Davie Yards Inc,Lauzon,49.53,—,—,21.34,5.18,—,—,—,Unknown Engine Designer,Investissements Navimex Incorporated,Canada,Quebec,—,Investissements Navimex Incorporated,Canada,Investissements Navimex Incorporated,Canada,Croisieres AML Incorporated,Canada,Investissements Navimex Incorporated,Canada,—,—,—,—,—,—,—,—,—,—,5212749,316013356,712,955,8L28/32
passenger (cruise),1488269,Viking Spirit,Live,Germany,—,2007,Unknown size,—,Single,DC5428,—,689,IHC Merwede Shipyard B.V.,Netherlands,114.00,—,11.00,—,—,1.70,—,—,Unknown Engine Designer,Unknown Owners,—,—,—,Unknown Owners,—,Unknown Owners,—,Unknown Owners,—,Unknown Owners,—,—,—,—,—,—,—,—,—,—,—,8643444,211162230,2000,2681,12V32
passenger (cruise),1502309,Chemnitz,Live,Germany,—,2007,Unknown size,—,Single,Y4OH,—,—,—,"",—,—,—,—,—,—,—,—,Unknown Engine Designer,Unknown Owners,—,—,—,Unknown Owners,—,Unknown Owners,—,Unknown Owners,—,Unknown Owners,—,—,—,—,—,—,—,—,—,—,—,—,211230900,—,—,UNKNOWN
passenger (cruise),150502,Ocean Endeavour,Live,Madeira,4618,1982,10'-60'gt,1762,Single,CQEJ6,12907,B492/03,Stocznia Szczecinska Nowa Sp. z o.o.,Szczecin,137.10,125.00,21.40,21.01,12.60,5.60,7.00,Zgoda Sulzer Diesel Engines,Sulzer Turbomachinery Services,SunStone Ships Incorporated,United States of America,Madeira,—,SunStone Maritime Group A/S,Denmark,SunStone Ships Incorporated,United States of America,Endeavour Partners Unipessoal LDA,Portugal,SunStone Ship Management Unipessoal SA,Portugal,—,—,—,—,SunStone Ship Management Unipessoal SA,Portugal,—,—,—,—,7625811,255806401,3020,4103,6ZL40/48
passenger (cruise),15162,Sun,Dead,Unknown,8470,1964,10'-60'gt,7394,Single,—,17891,—,—,France,191.00,—,24.90,24.80,10.80,8.30,2.50,—,Unknown Engine Designer,Unknown Owners,—,—,—,—,—,—,—,—,—,—,—,—,—,—,—,—,—,—,—,—,—,5321679,—,—,—,UNKNOWN
passenger (cruise),152514,Ocean Gala 1,Dead,Comoros,21080,1982,10'-60'gt,2983,Single,—,40171,164,Chantiers Dubigeon S.A.,Nantes,185.26,159.42,27.01,27.00,17.97,7.27,10.70,Chantiers de l'Atlantique,B&W Diesel A/S,Indian Breakers,—,Moroni,—,—,—,—,—,—,—,—,—,—,—,—,—,—,—,—,—,—,—,8002597,—,10067,13500,9L55GFCA
passenger (cruise),1527812,Gulf Majesty,Live,U.S.A.,67,2005,-2'gt,—,Single,WDC7277,98,73,C & G Boat Works Incorporated,"",—,—,—,—,—,—,—,—,Unknown Engine Designer,Unknown Owners,—,New Orleans,—,Unknown Owners,—,Unknown Owners,—,Unknown Owners,—,Unknown Owners,—,—,—,—,—,—,—,—,—,—,—,—,367068950,—,—,UNKNOWN
passenger (cruise),153043,Fortu,Dead,Comoros,19379,1982,10'-60'gt,5000,Single,—,37773,431,STX Finland OY - SEE NOW AS Arctech Helsinki Shipyard Incorporated,Helsinki,214.50,179.10,32.64,28.41,9.25,7.02,2.23,Wartsila Finland oy,Sulzer Turbomachinery Services,Voyage Shipping Inc,—,Moroni,—,—,—,—,—,—,—,—,—,—,—,—,—,—,—,—,—,—,—,7927984,—,4176,5600,8ZL40/48
passenger (cruise),1538432,Ivonne,Live,Poland,18,1963,-2'gt,15,Single,SPG2854,59,-,Scheepswerf Geertmannte,Zwartsluis,22.40,20.30,5.11,—,2.28,—,—,Mitsubishi Heavy Industries Limited Shipbuilding,Mitsubishi Heavy Industries Limited,Unknown Owners,—,Wladyslawowo,—,Unknown Owners,—,Unknown Owners,—,Tomasz Renusz,Poland,Unknown Owners,—,—,—,—,—,—,—,—,—,—,—,8432510,—,—,—,6DE10T
passenger (cruise),154462,Victoria,Dead,Russia,1101,1962,2'-10'gt,3203,Single,—,3669,138,Neptun Reparaturwerft GmbH,Rostock,111.00,—,14.40,—,7.90,6.00,1.90,Dieselmotorenwerk Rostock GMBH,SKL Motoren-und Systemtechnik GmbH,Indian Breakers,—,—,—,—,—,—,—,—,—,—,—,—,—,—,—,—,—,—,—,—,—,6417281,—,746,1000,6NVD48A-2U
passenger (cruise),15466,Knyaz Vladimir,Live,Russia,2289,1971,2'-10'gt,2085,Single,UBRP5,9159,123,Chantiers Dubigeon S.A.,Nantes,142.13,135.30,21.90,21.90,7.75,5.96,2.23,Chantiers de l'Atlantique,Semt Pielstick SA,Black Sea Cruises LLC,Russian Federation,Novorossiysk,—,Black Sea Cruises LLC,Russian Federation,Black Sea Cruises LLC,Russian Federation,Black Sea Cruises LLC,Russian Federation,Black Sea Cruises LLC,Russian Federation,—,—,—,—,Black Sea Cruises LLC,Russian Federation,—,—,—,—,7032997,273397120,3915,5250,12PC3V-480
passenger (cruise),1550700,El Mejor,Live,Colombia,—,2007,-2'gt,—,Single,—,74,—,—,"",—,—,—,—,—,—,—,—,—,Unknown Owners,—,—,—,Unknown Owners,—,Unknown Owners,—,Unknown Owners,—,Unknown Owners,—,—,—,—,—,—,—,—,—,—,—,—,—,—,—,—
passenger (cruise),1550819,La Rossa,Live,Colombia,—,2007,-2'gt,—,Single,—,4,—,—,"",—,—,—,—,—,—,—,—,—,Unknown Owners,—,—,—,Unknown Owners,—,Unknown Owners,—,Unknown Owners,—,Unknown Owners,—,—,—,—,—,—,—,—,—,—,—,2997269,—,—,—,—
passenger (cruise),1550926,Megasturias,Live,Colombia,—,2007,-2'gt,—,Single,—,6,—,—,"",—,—,—,—,—,—,—,—,—,Unknown Owners,—,—,—,Unknown Owners,—,Unknown Owners,—,Unknown Owners,—,Unknown Owners,—,—,—,—,—,—,—,—,—,—,—,—,—,—,—,—
passenger (cruise),1551789,Unicus,Live,Poland,—,2004,-2'gt,21,Single,SPG2728,113,-/319,Nishi Shipbuilding Company Limited,Imabari,—,23.78,6.00,—,3.65,2.54,1.11,—,Volvo Penta AB,Unknown Owners,—,Ustka,—,Unknown Owners,—,Unknown Owners,—,Ustka Tours S.C.,Poland,Unknown Owners,—,—,—,—,—,—,—,—,—,—,—,—,—,1077,1444,TAMD122A
passenger (cruise),1552196,Elvis Herney,Live,Colombia,—,2007,-2'gt,—,Single,—,6,—,—,"",—,—,—,—,—,—,—,—,—,Unknown Owners,—,—,—,Unknown Owners,—,Unknown Owners,—,Unknown Owners,—,Unknown Owners,—,—,—,—,—,—,—,—,—,—,—,2980905,—,—,—,—
passenger (cruise),155227,Sunnhordland,Live,Norway,387,1943,-2'gt,500,Single,LEJP,1007,—,Pullman Standard Car Manufacturing Company,Chicago,56.00,—,10.10,10.06,4.30,2.80,1.50,Caterpillar Incorporated,Caterpillar Incorporated,HSD Sunnhordland AS,Norway,—,—,HSD Sunnhordland AS,Norway,HSD Sunnhordland AS,Norway,HSD Sunnhordland AS,Norway,HSD Sunnhordland AS,Norway,—,—,—,—,HSD Sunnhordland AS,Norway,—,—,—,—,5345065,259167000,647,867,3508
passenger (cruise),1552316,La Milagrosa de Saija,Live,Colombia,—,2007,-2'gt,—,Single,—,7,—,—,"",—,—,—,—,—,—,—,—,—,Unknown Owners,—,—,—,Unknown Owners,—,Unknown Owners,—,Unknown Owners,—,Unknown Owners,—,—,—,—,—,—,—,—,—,—,—,—,—,—,—,—
passenger (cruise),1552317,La Nena I,Live,Colombia,—,2007,-2'gt,—,Single,—,7,—,—,"",—,—,—,—,—,—,—,—,—,Unknown Owners,—,—,—,Unknown Owners,—,Unknown Owners,—,Unknown Owners,—,Unknown Owners,—,—,—,—,—,—,—,—,—,—,—,2995297,—,—,—,—
passenger (cruise),1552440,La Pulleto,Live,Colombia,—,2007,-2'gt,—,Single,—,8,—,—,"",—,—,—,—,—,—,—,—,—,Unknown Owners,—,—,—,Unknown Owners,—,Unknown Owners,—,Unknown Owners,—,Unknown Owners,—,—,—,—,—,—,—,—,—,—,—,2996954,—,—,—,—
passenger (cruise),1552441,Las Mellis X,Live,Colombia,—,2007,-2'gt,—,Single,—,6,—,—,"",—,—,—,—,—,—,—,—,—,Unknown Owners,—,—,—,Unknown Owners,—,Unknown Owners,—,Unknown Owners,—,Unknown Owners,—,—,—,—,—,—,—,—,—,—,—,2963361,—,—,—,—
passenger (cruise),1552587,Margarita del Mar Dos,Live,Colombia,—,2007,-2'gt,—,Single,—,2,—,—,"",—,—,—,—,—,—,—,—,—,Unknown Owners,—,—,—,Unknown Owners,—,Unknown Owners,—,Unknown Owners,—,Unknown Owners,—,—,—,—,—,—,—,—,—,—,—,—,—,—,—,—
passenger (cruise),1553989,Halny I,Live,Poland,12,1973,-2'gt,9,Single,SQFN,55,R-17/2,Stocznia Wisla,Gdansk,—,—,—,—,—,—,—,—,M. Nowotki,Unknown Owners,—,Leba,—,Unknown Owners,—,Unknown Owners,—,Miroslaw Jablonski,Poland,Unknown Owners,—,—,—,—,—,—,—,—,—,—,—,—,—,—,—,34H6A
passenger (cruise),15607,Oceanos,Dead,Greece,4058,1953,2'-10'gt,6090,Single,—,7554,—,—,France,150.00,—,19.70,—,11.70,6.70,5.00,—,Unknown Engine Designer,—,—,—,—,—,—,—,—,—,—,—,—,—,—,—,—,—,—,—,—,—,—,5170991,—,4922,6600,UNKNOWN
passenger (cruise),156241,Saltsjon,Live,Sweden,113,1925,-2'gt,—,Single,SGEO,250,216,Eriksbergs Mekaniska Verkstads AB,Gothenburg,37.00,—,7.00,—,—,2.10,—,Eriksbergs Mekaniska Verkstads AB,Unknown Engine Designer,Swecox International AB,Sweden,—,—,Swecox International AB,Sweden,Swecox International AB,Sweden,Swecox International AB,Sweden,Swecox International AB,Sweden,—,—,—,—,—,—,—,—,—,—,8424460,265522960,—,—,UNKNOWN TURBINE
passenger (cruise),157004,Polar Athena,Live,Cyprus,526,1982,-2'gt,766,Single,5BSP5,1753,342,OY Laivateollisuus AB,Turku,71.06,64.30,12.82,12.80,6.45,4.50,1.96,Russian Engine Builders,Russkiy Diesel Firm,Polar Alca Maritime AB,Sweden,Limassol,—,Polar Alca Maritime AB,Sweden,Polar Alca Maritime AB,Sweden,Polar Alca Maritime AB,Sweden,GoTa Ship Management AB,Sweden,—,—,—,—,GoTa Ship Management AB,Sweden,—,—,—,—,8010324,210189000,1163,1559,6CHRNP36/45
passenger (cruise),157031,Escapade,Live,U.S.A.,66,1978,-2'gt,—,Single,WDB8251,98,33,Rockport Yacht & Supply Company Incorporated  (RYSCO),Panama City(USA),56.00,—,11.80,—,4.30,3.60,0.70,Caterpillar Incorporated,Caterpillar Incorporated,Trade Winds Cruise Lines LLC,United States of America,Little River,—,Trade Winds Cruise Lines LLC,United States of America,Trade Winds Cruise Lines LLC,United States of America,Trade Winds Cruise Lines LLC,United States of America,Trade Winds Cruise Lines LLC,United States of America,—,—,—,—,—,—,—,—,—,—,7802689,366955610,839,1125,D399
passenger (cruise),157600,Yankee Clipper,Live,Grenada,198,1927,-2'gt,—,Double Bottom,—,327,—,Friedrich Krupp Germaniawerft AG,Kiel,60.00,—,9.10,—,—,5.20,—,—,Unknown Engine Designer,Windjammer Barefoot Cruises Limited,United States of America,—,—,Windjammer Barefoot Cruises Limited,United States of America,Windjammer Barefoot Cruises Limited,United States of America,Yankee Clipper S.A.,Panama,Windjammer Barefoot Cruises Limited,United States of America,International Maritime Resources Incorporated  (IMR),United States of America,—,—,—,—,—,—,—,—,8845872,—,224,300,SBF12M716
passenger (cruise),1592621,Baago-Faergen,Live,Denmark,55,1976,-2'gt,46,Single,OUUA,150,292,Assens Skibsvaerft A/S,Assens,26.00,22.00,6.80,6.50,2.75,2.50,0.25,—,L. Gardner & Sons Limited,Assens-Bage Faergen A/S,Denmark,Assens,—,Assens-Bage Faergen A/S,Denmark,Assens-Bage Faergen A/S,Denmark,Assens-Bage Faergen A/S,Denmark,Assens-Bage Faergen A/S,Denmark,—,—,—,—,—,—,—,—,—,—,8934910,219000818,206,190,8LXB
passenger (cruise),16005,Erkin,Dead,Turkiye,3291,1956,2'-10'gt,2140,Single,—,6042,—,—,West Germany,122.00,—,16.60,—,8.40,5.80,2.60,—,Unknown Engine Designer,—,—,—,—,—,—,—,—,—,—,—,—,—,—,—,—,—,—,—,—,—,—,5098052,—,2699,3620,UNKNOWN
passenger (cruise),160253,Mwongozo,Live,Tanzania,—,1982,-2'gt,120,Single,—,800,117,Belgian Shipbuilders Corporation,Ruisbroek,59.00,—,9.40,9.01,3.50,2.70,0.80,Caterpillar Incorporated,Caterpillar Incorporated,United Republic of Tanzania,Tanzania,—,—,United Republic of Tanzania,Tanzania,United Republic of Tanzania,Tanzania,Tanzania Railways Corporation,Tanzania,United Republic of Tanzania,Tanzania,—,—,—,—,—,—,—,—,—,—,7636523,—,772,1035,D399
passenger (cruise),160341,Mare S,Dead,Palau,16027,1983,10'-60'gt,4217,Single,T8A3049,33930,V27,Chantiers de l'Atlantique,St. Nazaire,214.66,181.62,27.26,27.21,15.76,7.52,11.31,CCM Sulzer,Sulzer Turbomachinery Services,Greatwave Investment,—,—,—,—,—,—,—,—,—,—,—,—,—,—,—,—,—,—,—,—,—,8024014,—,10951,14685,7RLB66
passenger (cruise),160542,Antic,Dead,Togo,22739,1984,10'-60'gt,6110,Double Bottom,—,46087,1436,Constructions Industrielles de la Mediterranee (CNIM),La Seyne,240.39,203.03,27.81,27.81,16.00,8.21,7.79,General Electric Company,General Electric Company,Unknown Owners,—,—,—,—,—,—,—,—,—,—,—,—,—,—,—,—,—,—,—,—,—,8024026,—,10849,29501,GENERAL ELECTRIC TURBINE
passenger (cruise),161177,La Pinta,Live,Ecuador,432,1982,-2'gt,231,Single,HC4911,1438,175,Astilleros Construcciones S.A.,Vigo,63.87,55.50,12.51,12.50,4.30,3.13,1.17,Cummins Limited,Cummins Incorporated,Empresa Turistica Internacional C.A. (ETICA),Ecuador,Puerto Ayora,—,Government of Ecuador,Ecuador,Empresa Turistica Internacional C.A. (ETICA),Ecuador,Empresa Turistica Internacional C.A. (ETICA),Ecuador,Empresa Turistica Internacional C.A. (ETICA),Ecuador,—,—,—,—,—,—,—,—,—,—,8112897,735058068,895,1275,KTA-38
passenger (cruise),161365,Akademik Shokalskiy,Live,Russia,529,1982,-2'gt,620,Single,UBNF,1764,343,OY Laivateollisuus AB,Turku,71.06,64.30,12.82,12.80,6.45,4.50,1.95,Russkiy Diesel Firm,Russkiy Diesel Firm,Russian Federal Service for Hydrometeorology & Environmental Monitoring 'HYDROMETFLOT',Russian Federation,Vladivostok,—,Russian Federal Service for Hydrometeorology & Environmental Monitoring 'HYDROMETFLOT',Russian Federation,Russian Federal Service for Hydrometeorology & Environmental Monitoring 'HYDROMETFLOT',Russian Federation,Far Eastern Region Hydrometeorological Institute (Dalnevostochnyy Gidromet. NII),Russian Federation,Russian Federal Service for Hydrometeorology & Environmental Monitoring 'HYDROMETFLOT',Russian Federation,—,—,—,—,Far Eastern Region Hydrometeorological Institute (Dalnevostochnyy Gidromet. NII),Russian Federation,—,—,—,—,8010336,273458210,1163,1559,6CHN40/46
passenger (cruise),161405,Ocean Jewel of St. Petersburg,Live,Unknown,4345,1983,10'-60'gt,1647,Single,—,12602,492/04,Stocznia Szczecinska Nowa Sp. z o.o.,Szczecin,136.00,—,21.40,—,12.60,5.60,7.00,Zaklady Urzadzen Technicznych Zgoda,Sulzer Turbomachinery Services,Tschudi Shipping Company AS,Norway,—,—,Tschudi Shipping Company AS,Norway,Tschudi Shipping Company AS,Norway,Titan Cruise Lines,United States of America,Tschudi Shipping Company AS,Norway,—,—,—,—,—,—,—,—,—,—,7625823,—,3244,4350,6ZL40/48
passenger (cruise),162534,Paco Rabanne,Live,U.S.A.,202,1955,-2'gt,—,Single,WTP5481,298,462,N.V. Zaanlandse Scheepsbouw Mij.,Zaandam,44.00,—,8.50,—,3.40,3.40,0.00,—,Unknown Engine Designer,Sea Dancer Incorporated,United States of America,—,—,Sea Dancer Incorporated,United States of America,Sea Dancer Incorporated,United States of America,Sea Dancer Incorporated,United States of America,Sea Dancer Incorporated,United States of America,—,—,—,—,—,—,—,—,—,—,5087259,—,597,800,3ACA
passenger (cruise),163463,Ark,Dead,Cook Islands,7136,1983,10'-60'gt,2750,Single,—,14501,608,Meyer Werft GmbH (Dormant),Papenburg,144.00,130.00,—,23.42,11.79,5.90,5.89,Fried. Krupp AG Hoesch-Krupp,Mak Motoren GmbH & Company KG,Indonesia G.,—,—,—,—,—,—,—,—,—,—,—,—,—,—,—,—,—,—,—,—,—,8209676,—,5514,7395,6MU601AK
passenger (cruise),164151,Marella Celebration,Dead,Malta,16050,1984,10'-60'gt,4243,Single,—,33933,X27,Chantiers de l'Atlantique,St. Nazaire,214.65,181.62,27.26,27.20,15.76,7.70,8.06,CCM Sulzer,Sulzer Turbomachinery Services,Rota Shipping I.,—,Valletta,—,—,—,—,—,—,—,—,—,—,—,—,—,—,—,—,—,—,—,8027298,—,10951,14685,7RLB66
passenger (cruise),16432,Ellinis,Dead,Greece,10066,1932,10'-60'gt,10389,Single,—,18564,—,—,U.S.A.,192.00,—,24.20,—,13.60,8.60,5.00,—,Unknown Engine Designer,—,—,—,—,—,—,—,—,—,—,—,—,—,—,—,—,—,—,—,—,—,—,5423790,—,—,—,UNKNOWN
passenger (cruise),164353,Professor Multanovskiy,Live,Russia,526,1983,-2'gt,767,Double Bottom,UCLA,1754,346,OY Laivateollisuus AB,Turku,71.60,64.30,12.82,12.80,6.45,4.50,1.95,Zavod Dvigatel Revolyutsii,Russkiy Diesel Firm,Government of the Russian Federation,Russian Federation,Vladivostok,—,Government of the Russian Federation,Russian Federation,Government of the Russian Federation,Russian Federation,Government of the Russian Federation,Russian Federation,Far Eastern Region Hydrometeorological Institute (Dalnevostochnyy Gidromet. NII),Russian Federation,—,—,—,—,Far Eastern Region Hydrometeorological Institute (Dalnevostochnyy Gidromet. NII),Russian Federation,—,—,—,—,8010362,273432910,1186,1590,6CHRNP36/45
passenger (cruise),165317,Prince George,Dead,Canada,3239,1948,2'-10'gt,587,Single,—,5825,—,—,Canada,106.00,—,15.90,—,—,5.40,—,—,Unknown Engine Designer,—,—,—,—,—,—,—,—,—,—,—,—,—,—,—,—,—,—,—,—,—,—,5284704,—,—,—,UNKNOWN
passenger (cruise),165535,Mabuhay Sunshine,Live,Philippines,6000,1983,2'-10'gt,1582,Single,DYTY,7262,858,Mitsubishi Heavy Industries Limited Shipbuilding,Kobe,127.00,119.51,17.01,17.01,9.00,4.92,4.08,NKK Corporation,Semt Pielstick SA,Mabuhay Holiday Cruises International Incorporated,Philippines,—,—,Mabuhay Holiday Cruises International Incorporated,Philippines,Mabuhay Holiday Cruises International Incorporated,Philippines,Mabuhay Holiday Cruises International Incorporated,Philippines,Mabuhay Holiday Cruises International Incorporated,Philippines,—,—,—,—,—,—,—,—,—,—,8300561,—,3878,5200,8PC2-5L-400
passenger (cruise),166155,Kambuna,Live,Indonesia,7043,1984,10'-60'gt,2576,Single,YDJI,14501,609,Meyer Werft GmbH (Dormant),Papenburg,144.00,136.20,—,23.42,11.79,5.90,5.89,Fried. Krupp AG Hoesch-Krupp,Mak Motoren GmbH & Company KG,Directorate General of Land Transportation (Direktorat Jenderal Perhubungan Darat),Indonesia,Ujung Pandang,—,Government of Indonesia,Indonesia,Directorate General of Land Transportation (Direktorat Jenderal Perhubungan Darat),Indonesia,Directorate General of Land Transportation (Direktorat Jenderal Perhubungan Darat),Indonesia,Directorate General of Land Transportation (Direktorat Jenderal Perhubungan Darat),Indonesia,P.T. (PELNI) Pelayaran Nasional Indonesia (Persero),Indonesia,—,—,—,—,—,—,—,—,8209688,525005007,5514,7395,6MU601AK
passenger (cruise),166420,Berakah,Live,Bolivia,575,1970,-2'gt,—,Single,CPB3049,1716,1052,American Marine Corporation,New Orleans,54.00,49.22,11.60,10.08,4.90,4.20,0.70,—,Unknown Engine Designer,Unknown Owners,—,La Paz,—,Unknown Owners,—,Unknown Owners,—,Unknown Owners,—,Unknown Owners,—,—,—,—,—,—,—,—,—,—,—,7047136,720958000,1603,2150,8DSM-32
passenger (cruise),166507,Mages,Dead,Comoros,23844,1985,10'-60'gt,7186,Single,D6A2811,46052,246,Aalborg Vaerft,Aalborg,221.57,183.01,28.17,28.00,9.50,7.76,1.74,Sulzer Turbomachinery Services,Sulzer Turbomachinery Services,Indian Breakers,—,Moroni,—,—,—,—,—,—,—,—,—,—,—,—,—,—,—,—,—,—,—,8217881,—,11760,15987,7RLB66
passenger (cruise),16672,Classica,Dead,Panama,6859,1950,10'-60'gt,5252,Double Bottom,—,16741,1874,Swan Hunter Shipbuilders,Tyne,176.00,164.59,22.25,22.25,12.98,7.50,5.48,—,MAN Diesel AS,Cruise H.L.,—,Panama,—,—,—,—,—,—,—,—,—,—,—,—,—,—,—,—,—,—,—,5286128,—,6003,8050,16V32
passenger (cruise),167105,Luo Jia Shan,Live,China,1773,1984,2'-10'gt,1135,Single,BRSS,4083,424-2,CSSC Offshore & Marine Engineering Group Company Limited,Guangzhou,107.00,—,15.20,—,8.00,4.40,3.60,—,Unknown Engine Designer,Lanhai Medical Industry Investment Company Limited,People's Republic of China,—,—,China COSCO Shipping Corporation Limited (China Cosco Shipping Group) (COSCO Shipping) (COSCOCS),People's Republic of China,Lanhai Medical Industry Investment Company Limited,People's Republic of China,Guangzhou Zhenhua Shipping Company Limited,People's Republic of China,Lanhai Medical Industry Investment Company Limited,People's Republic of China,—,—,—,—,—,—,—,—,—,—,8301890,412585000,3356,4500,6K45GF
passenger (cruise),167632,Artania,Live,Bahamas,24841,1984,10'-60'gt,4661,Double Bottom,C6CY5,44697,464,STX Finland OY - SEE NOW AS Arctech Helsinki Shipyard Incorporated,Helsinki,230.61,193.17,32.21,29.20,19.33,7.80,11.53,Wartsila Finland oy,Semt Pielstick SA,Phoenix Reisen GmbH,Germany,Nassau,—,Phoenix Reisen GmbH,Germany,Phoenix Reisen GmbH,Germany,Artania GmbH,Germany,Bernhard Schulte Cruise Services GmbH & Company KG,Germany,—,—,—,—,Bernhard Schulte Cruise Services GmbH & Company KG,Germany,—,—,—,—,8201480,311000608,5880,7885,6PC4-2L-570
passenger (cruise),167715,Atlantic Clipper,Live,Australia,86,1984,-2'gt,394,Single,—,141,981,—,Borth,33.00,—,9.20,—,—,—,—,—,Perkins Engines Company Limited,True Blue Sailing,Australia,Cairns,—,True Blue Sailing,Australia,True Blue Sailing,Australia,True Blue Sailing,Australia,True Blue Sailing,Australia,—,—,—,—,—,—,—,—,—,—,8401169,—,75,100,T6.3544
passenger (cruise),167717,Rinjani,Live,Indonesia,6778,1984,10'-60'gt,2576,Single,YDLE,14501,611,Meyer Werft GmbH (Dormant),Papenburg,144.00,131.71,—,23.42,11.29,5.90,5.39,Fried. Krupp AG Hoesch-Krupp,Mak Motoren GmbH & Company KG,Directorate General of Land Transportation (Direktorat Jenderal Perhubungan Darat),Indonesia,Lembar,—,Government of Indonesia,Indonesia,Directorate General of Land Transportation (Direktorat Jenderal Perhubungan Darat),Indonesia,Directorate General of Land Transportation (Direktorat Jenderal Perhubungan Darat),Indonesia,Directorate General of Land Transportation (Direktorat Jenderal Perhubungan Darat),Indonesia,P.T. (PELNI) Pelayaran Nasional Indonesia (Persero),Indonesia,—,—,—,—,—,—,—,—,8303252,—,5514,7395,6MU601AK
passenger (cruise),170124,Seadream I,Live,Bahamas,1277,1984,2'-10'gt,450,Single,C6PW8,4333,466,STX Finland OY - SEE NOW AS Arctech Helsinki Shipyard Incorporated,Helsinki,104.80,90.56,14.60,14.60,4.80,4.17,0.63,Wartsila Finland oy,Wartsila Corporation,SeaDream Yacht Club AS,Norway,Nassau,—,SeaDream Yacht Club AS,Norway,SeaDream Yacht Club AS,Norway,Seadream Yachts AS,Norway,SeaDream Yacht Club Management,Norway,—,—,—,—,SeaDream Yacht Club Management,Norway,—,—,—,—,8203438,308908000,1790,2400,12V22HF
passenger (cruise),170433,Tian Jiang,Live,China,2800,1984,2'-10'gt,2000,Single,BPXQ,5500,240,Xingang Shipbuilding,Tianjin,128.00,—,17.00,—,7.80,5.80,2.00,Shanghai Diesel Engine Company Limited,Sulzer Turbomachinery Services,Dalian Steam Shipping Company,People's Republic of China,—,—,Dalian Steam Shipping Company,People's Republic of China,Dalian Steam Shipping Company,People's Republic of China,Dalian Steam Shipping Company,People's Republic of China,Dalian Steam Shipping Company,People's Republic of China,—,—,—,—,—,—,—,—,—,—,8311869,412001180,2237,3000,6RD44
passenger (cruise),171215,Seadream II,Live,Bahamas,1277,1985,2'-10'gt,450,Single,C6PW9,4333,467,Hollming Oy,Rauma,104.80,90.56,14.60,14.60,4.80,4.17,0.63,Wartsila Finland oy,Wartsila Corporation,SeaDream Yacht Club AS,Norway,Nassau,—,SeaDream Yacht Club AS,Norway,SeaDream Yacht Club AS,Norway,SeaDream Yacht Club AS,Norway,SeaDream Yacht Club Management,Norway,—,—,—,—,SeaDream Yacht Club Management,Norway,—,—,—,—,8203440,308311000,1790,2400,12V22HF
passenger (cruise),172362,Crown Pearl,Live,Gabon,174,1971,-2'gt,23,Single,—,299,20,Westamarin West A/S Shipbuilding,Mandal,37.00,—,16.00,—,—,—,—,MTU Friedrichshafen GmbH,Maybach Mercedes-Benz Motorenbau GmbH,Unknown Owners,—,—,—,Unknown Owners,—,Unknown Owners,—,Unknown Owners,—,Unknown Owners,—,—,—,—,—,—,—,—,—,—,—,7103576,—,2565,3440,MD1081
passenger (cruise),173162,Umsini,Live,Indonesia,6787,1984,10'-60'gt,3434,Single,YDLF,14501,612,Meyer Werft GmbH (Dormant),Papenburg,144.00,136.20,—,23.42,11.79,5.90,5.89,Fried. Krupp AG Hoesch-Krupp,Mak Motoren GmbH & Company KG,Directorate General of Land Transportation (Direktorat Jenderal Perhubungan Darat),Indonesia,Jakarta,—,Government of Indonesia,Indonesia,Directorate General of Land Transportation (Direktorat Jenderal Perhubungan Darat),Indonesia,Directorate General of Land Transportation (Direktorat Jenderal Perhubungan Darat),Indonesia,Directorate General of Land Transportation (Direktorat Jenderal Perhubungan Darat),Indonesia,—,—,—,—,P.T. (PELNI) Pelayaran Nasional Indonesia (Persero),Indonesia,—,—,—,—,8303264,525005009,5514,8700,6MU601AK
passenger (cruise),173305,Barcarena,Live,Brazil,499,1981,-2'gt,—,Single,—,698,188,Estaleiros Sao Joao Nilo Tavares Coutinho S.A.,Manaus,48.00,—,9.20,—,3.50,1.70,1.80,—,Unknown Engine Designer,Government of Brazil,Brazil,—,—,Government of Brazil,Brazil,Government of Brazil,Brazil,Empresa de Navegacao da Amazonia S.A.,Brazil,Government of Brazil,Brazil,—,—,—,—,—,—,—,—,—,—,8226521,—,248,332,R8V22/30ATL
passenger (cruise),173336,Wan Nian Hong,Live,China,3847,1984,2'-10'gt,3019,Single,—,7669,1137,Hudong-Zhonghua Shipbuilding (Group) Company Limited,Shanghai,138.00,—,17.60,—,8.40,6.00,2.40,Hudong Heavy Machinery Company Limited,Halliburton Productos Limitada,Guangzhou Maritime Transport (Group) Company,People's Republic of China,—,—,China COSCO Shipping Corporation Limited (China Cosco Shipping Group) (COSCO Shipping) (COSCOCS),People's Republic of China,Guangzhou Maritime Transport (Group) Company,People's Republic of China,Guangzhou Maritime Transport (Group) Company,People's Republic of China,Guangzhou Maritime Transport (Group) Company,People's Republic of China,—,—,—,—,—,—,—,—,—,—,8300054,—,6711,9000,9ESDZ43/82B
passenger (cruise),173342,Zhen Zhu Mei,Live,China,3847,1984,2'-10'gt,3019,Single,—,7669,1138,Hudong-Zhonghua Shipbuilding (Group) Company Limited,Shanghai,138.00,—,17.60,—,8.40,6.00,2.40,Hudong Heavy Machinery Company Limited,Halliburton Productos Limitada,Guangzhou Maritime Transport (Group) Company,People's Republic of China,—,—,China COSCO Shipping Corporation Limited (China Cosco Shipping Group) (COSCO Shipping) (COSCOCS),People's Republic of China,Guangzhou Maritime Transport (Group) Company,People's Republic of China,Guangzhou Maritime Transport (Group) Company,People's Republic of China,Guangzhou Maritime Transport (Group) Company,People's Republic of China,—,—,—,—,—,—,—,—,—,—,8300066,—,6711,9000,9ESDZ43/82B
passenger (cruise),17403,Ekaterina 2,Live,Russia,1987,1960,2'-10'gt,1332,Single,UIFF,5330,105,Wadan Yards MTW GmbH,Wismar,122.00,—,16.00,—,7.60,5.30,2.30,Dieselmotorenwerk Rostock GMBH,MAN Energy Solutions SE,Gals-T.,Russian Federation,Novorossiysk,—,Gals-T.,Russian Federation,Gals-T.,Russian Federation,Gals-T.,Russian Federation,Gals-T.,Russian Federation,—,—,—,—,—,—,—,—,—,—,5109019,273437210,3095,4150,K6Z57/80C
passenger (cruise),17447,Big Red Boat II,Dead,North Korea,15851,1966,10'-60'gt,7682,Double Bottom,—,32753,1884,Cantieri Riuniti Dell'Adriatico,Monfalcone,217.00,188.70,29.30,29.30,14.70,8.80,5.90,Cantieri Riuniti Dell'Adriatico,AB De Lavals Angturbin,Indian Breakers,—,Wonsan,—,—,—,—,—,—,—,—,—,—,—,—,—,—,—,—,—,—,—,6502024,—,28684,39999,DE LAVAL TURBINE
passenger (cruise),17510,Columbus C.,Dead,Panama,7835,1953,10'-60'gt,4268,Single,—,16317,—,—,"",—,—,—,—,—,—,—,—,B&W Diesel A/S,—,—,Panama,—,—,—,—,—,—,—,—,—,—,—,—,—,—,—,—,—,—,—,5197664,—,6749,9050,8-74VTF-160
passenger (cruise),175422,Konstantin Simonov,Live,Russia,—,1984,2'-10'gt,480,Single,—,5414,—,Elbewerften Rosslauer Schiffswerft GmbH (RSW),Rosslau,129.00,—,7.00,—,4.50,2.90,1.60,—,Russkiy Diesel Firm,Unknown Owners,—,—,—,Unknown Owners,—,Unknown Owners,—,Vodohod LLC,Russian Federation,Unknown Owners,—,—,—,—,—,—,—,—,—,—,—,8422618,273363090,746,1000,6CHRN36/45
passenger (cruise),175423,Leonid Sobolov,Dead,U.S.S.R.,—,1985,2'-10'gt,480,Single,—,5414,—,—,East Germany,—,—,—,—,4.50,2.90,1.60,—,Russkiy Diesel Firm,—,—,—,—,—,—,—,—,—,—,—,—,—,—,—,—,—,—,—,—,—,—,8501000,—,746,1000,6CHRN36/45
passenger (cruise),1755765,Gulf Glory,Live,U.S.A.,60,1999,-2'gt,—,Single,WCZ2229,89,42,C & G Boat Works Incorporated,"",47.00,—,9.00,8.84,3.81,2.20,1.61,—,Unknown Engine Designer,Unknown Owners,—,New Orleans,—,Unknown Owners,—,Unknown Owners,—,Unknown Owners,—,Unknown Owners,—,—,—,—,—,—,—,—,—,—,—,—,367301550,—,—,UNKNOWN
passenger (cruise),175755,Balmoral,Live,U.K.,310,1949,-2'gt,78,Single,MDMZ,736,4120,VT Shipbuilding International Limited,Southampton,59.00,—,9.10,—,3.40,2.00,1.40,—,Unknown Engine Designer,Waverley Steam Navigation Company Limited,United Kingdom,Bristol,—,Waverley Steam Navigation Company Limited,United Kingdom,Waverley Steam Navigation Company Limited,United Kingdom,Waverley Steam Navigation Company Limited,United Kingdom,Waverley Steam Navigation Company Limited,United Kingdom,Waverley Excursions Limited,United Kingdom,—,—,—,—,—,—,—,—,5034927,235111617,447,600,16V-149
passenger (cruise),176024,Leopard,Live,Unknown,108,1957,-2'gt,—,Single,—,322,1423,Cochrane Shipbuilding Limited,Selby(GBR),39.00,—,8.20,8.08,4.00,3.60,0.40,—,Unknown Engine Designer,Unknown Owners,—,—,—,Unknown Owners,—,Unknown Owners,—,Unknown Owners,—,Unknown Owners,—,—,—,—,—,—,—,—,—,—,—,5300558,—,526,705,8V-71-N
passenger (cruise),177002,Club Royale,Dead,Bahamas,511,1985,-2'gt,208,Double Bottom,—,1528,132,—,Bremen,71.00,63.73,10.70,10.70,4.00,2.75,1.25,MAN Energy Solutions SE,MAN Energy Solutions SE,Marne D.,—,Nassau,—,—,—,—,—,—,—,—,—,—,—,—,—,—,—,—,—,—,—,8500410,—,1775,2380,18V20/27
passenger (cruise),177076,Ella,Dead,Malta,28505,1986,10'-60'gt,5340,Single,—,54763,610,Meyer Werft GmbH (Dormant),Papenburg,243.20,220.50,29.00,29.00,14.50,7.21,7.29,MAN B&W Diesel AS (Holeby Diesel),B&W Diesel A/S,Grand Cruise Inv.,—,Valletta,—,—,—,—,—,—,—,—,—,—,—,—,—,—,—,—,—,—,—,8407735,—,12062,16175,10L55GB
passenger (cruise),1788229,Miss Julie,Live,U.S.A.,102,1981,-2'gt,—,Single,WDD4923,340,14,Swiftship Shipbuilders LLC,Bayou La Batre,48.77,47.47,—,9.14,3.96,2.50,1.46,—,Unknown Engine Designer,United Marine Offshore LLC,United States of America,Morgan City,—,United Marine Offshore LLC,United States of America,United Marine Offshore LLC,United States of America,United Marine Offshore LLC,United States of America,United Marine Offshore LLC,United States of America,—,—,—,—,—,—,—,—,—,—,—,367151170,—,—,3306PCTA
passenger (cruise),1811350,Sinjin Ferry No.2,Live,South Korea,66,1996,-2'gt,241,Single,—,108,9553,Haewoon Company Limited,Mokpo,40.00,—,8.00,—,—,2.00,—,—,Unknown Engine Designer,Unknown Owners,—,Mokpo,—,Unknown Owners,—,Unknown Owners,—,Unknown Owners,—,Unknown Owners,—,—,—,—,—,—,—,—,—,—,—,9153692,440304510,380,510,8LAA-UTE
passenger (cruise),1828351,Cormoran 2,Live,Colombia,—,2007,-2'gt,—,Single,—,3,—,—,"",—,—,—,—,—,—,—,—,—,Unknown Owners,—,—,—,Unknown Owners,—,Unknown Owners,—,Unknown Owners,—,Unknown Owners,—,—,—,—,—,—,—,—,—,—,—,2973926,—,—,—,—
passenger (cruise),1829224,Dona Edith,Live,Colombia,—,2007,-2'gt,—,Single,—,3,—,—,"",—,—,—,—,—,—,—,—,—,Unknown Owners,—,—,—,Unknown Owners,—,Unknown Owners,—,Unknown Owners,—,Unknown Owners,—,—,—,—,—,—,—,—,—,—,—,2977398,—,—,—,—
passenger (cruise),1829487,Juliana III,Live,Colombia,—,2007,-2'gt,—,Single,—,2,—,—,"",—,—,—,—,—,—,—,—,—,Unknown Owners,—,—,—,Unknown Owners,—,Unknown Owners,—,Unknown Owners,—,Unknown Owners,—,—,—,—,—,—,—,—,—,—,—,2989468,—,—,—,—
passenger (cruise),1829720,Karen Daniela,Live,Colombia,—,2007,-2'gt,—,Single,—,3,—,—,"",—,—,—,—,—,—,—,—,—,Unknown Owners,—,—,—,Unknown Owners,—,Unknown Owners,—,Unknown Owners,—,Unknown Owners,—,—,—,—,—,—,—,—,—,—,—,2989896,—,—,—,—
passenger (cruise),1830145,La Costena II,Live,Colombia,—,2007,-2'gt,—,Single,—,2,—,—,"",—,—,—,—,—,—,—,—,—,Unknown Owners,—,—,—,Unknown Owners,—,Unknown Owners,—,Unknown Owners,—,Unknown Owners,—,—,—,—,—,—,—,—,—,—,—,2992776,—,—,—,—
passenger (cruise),1830146,La Grifi,Live,Colombia,—,2007,-2'gt,—,Single,—,3,—,—,"",—,—,—,—,—,—,—,—,—,Unknown Owners,—,—,—,Unknown Owners,—,Unknown Owners,—,Unknown Owners,—,Unknown Owners,—,—,—,—,—,—,—,—,—,—,—,2993809,—,—,—,—
passenger (cruise),1831151,Angie II,Live,Colombia,—,2007,-2'gt,—,Single,—,2,—,—,"",—,—,—,—,—,—,—,—,—,Unknown Owners,—,—,—,Unknown Owners,—,Unknown Owners,—,Unknown Owners,—,Unknown Owners,—,—,—,—,—,—,—,—,—,—,—,2964030,—,—,—,—
passenger (cruise),1831152,Cascabel,Live,Colombia,—,2007,-2'gt,—,Single,—,3,—,—,"",—,—,—,—,—,—,—,—,—,Unknown Owners,—,—,—,Unknown Owners,—,Unknown Owners,—,Unknown Owners,—,Unknown Owners,—,—,—,—,—,—,—,—,—,—,—,2970833,—,—,—,—
passenger (cruise),1831153,Denisse,Live,Colombia,—,2007,-2'gt,—,Single,—,2,—,—,"",—,—,—,—,—,—,—,—,—,Unknown Owners,—,—,—,Unknown Owners,—,Unknown Owners,—,Unknown Owners,—,Unknown Owners,—,—,—,—,—,—,—,—,—,—,—,2975625,—,—,—,—
passenger (cruise),1831313,El Aventurero II,Live,Colombia,—,2007,-2'gt,—,Single,—,2,—,—,"",—,—,—,—,—,—,—,—,—,Unknown Owners,—,—,—,Unknown Owners,—,Unknown Owners,—,Unknown Owners,—,Unknown Owners,—,—,—,—,—,—,—,—,—,—,—,2978586,—,—,—,—
passenger (cruise),1831314,El Bonito I,Live,Colombia,—,2007,-2'gt,—,Single,—,3,—,—,"",—,—,—,—,—,—,—,—,—,Unknown Owners,—,—,—,Unknown Owners,—,Unknown Owners,—,Unknown Owners,—,Unknown Owners,—,—,—,—,—,—,—,—,—,—,—,—,—,—,—,—
passenger (cruise),1831316,El Chiqui,Live,Colombia,—,2007,-2'gt,—,Single,—,3,—,—,"",—,—,—,—,—,—,—,—,—,Unknown Owners,—,—,—,Unknown Owners,—,Unknown Owners,—,Unknown Owners,—,Unknown Owners,—,—,—,—,—,—,—,—,—,—,—,2978873,—,—,—,—
passenger (cruise),1831472,El Muriva,Live,Colombia,—,2007,-2'gt,—,Single,—,3,—,—,"",—,—,—,—,—,—,—,—,—,Unknown Owners,—,—,—,Unknown Owners,—,Unknown Owners,—,Unknown Owners,—,Unknown Owners,—,—,—,—,—,—,—,—,—,—,—,2979657,—,—,—,—
passenger (cruise),1831475,Jessenia I,Live,Colombia,—,2007,-2'gt,—,Single,—,3,—,—,"",—,—,—,—,—,—,—,—,—,Unknown Owners,—,—,—,Unknown Owners,—,Unknown Owners,—,Unknown Owners,—,Unknown Owners,—,—,—,—,—,—,—,—,—,—,—,2988311,—,—,—,—
passenger (cruise),1831477,La Calena II,Live,Colombia,—,2007,-2'gt,—,Single,—,2,—,—,"",—,—,—,—,—,—,—,—,—,Unknown Owners,—,—,—,Unknown Owners,—,Unknown Owners,—,Unknown Owners,—,Unknown Owners,—,—,—,—,—,—,—,—,—,—,—,2991681,—,—,—,—
passenger (cruise),1831478,La Maestra,Live,Colombia,—,2007,-2'gt,—,Single,—,3,—,—,"",—,—,—,—,—,—,—,—,—,Unknown Owners,—,—,—,Unknown Owners,—,Unknown Owners,—,Unknown Owners,—,Unknown Owners,—,—,—,—,—,—,—,—,—,—,—,2994425,—,—,—,—
passenger (cruise),1831621,Luz Helena,Live,Colombia,—,2007,-2'gt,—,Single,—,4,—,—,"",—,—,—,—,—,—,—,—,—,Unknown Owners,—,—,—,Unknown Owners,—,Unknown Owners,—,Unknown Owners,—,Unknown Owners,—,—,—,—,—,—,—,—,—,—,—,2979499,—,—,—,—
passenger (cruise),1831622,Luz Nivelly,Live,Colombia,—,2007,-2'gt,—,Single,—,3,—,—,"",—,—,—,—,—,—,—,—,—,Unknown Owners,—,—,—,Unknown Owners,—,Unknown Owners,—,Unknown Owners,—,Unknown Owners,—,—,—,—,—,—,—,—,—,—,—,—,—,—,—,—
passenger (cruise),1831623,Marimar,Live,Colombia,—,2007,-2'gt,—,Single,—,2,—,—,"",—,—,—,—,—,—,—,—,—,Unknown Owners,—,—,—,Unknown Owners,—,Unknown Owners,—,Unknown Owners,—,Unknown Owners,—,—,—,—,—,—,—,—,—,—,—,—,—,—,—,—
passenger (cruise),1831624,Mayuli,Live,Colombia,—,2007,-2'gt,—,Single,—,3,—,—,"",—,—,—,—,—,—,—,—,—,Unknown Owners,—,—,—,Unknown Owners,—,Unknown Owners,—,Unknown Owners,—,Unknown Owners,—,—,—,—,—,—,—,—,—,—,—,—,—,—,—,—
passenger (cruise),1831625,Medicos Sin Fronteras II,Live,Colombia,—,2007,-2'gt,—,Single,—,2,—,—,"",—,—,—,—,—,—,—,—,—,Unknown Owners,—,—,—,Unknown Owners,—,Unknown Owners,—,Unknown Owners,—,Unknown Owners,—,—,—,—,—,—,—,—,—,—,—,—,—,—,—,—
passenger (cruise),1831772,Plan V,Live,Colombia,—,2007,-2'gt,—,Single,—,3,—,—,"",—,—,—,—,—,—,—,—,—,Unknown Owners,—,—,—,Unknown Owners,—,Unknown Owners,—,Unknown Owners,—,Unknown Owners,—,—,—,—,—,—,—,—,—,—,—,—,—,—,—,—
passenger (cruise),1831773,Plan VI,Live,Colombia,—,2007,-2'gt,—,Single,—,3,—,—,"",—,—,—,—,—,—,—,—,—,Unknown Owners,—,—,—,Unknown Owners,—,Unknown Owners,—,Unknown Owners,—,Unknown Owners,—,—,—,—,—,—,—,—,—,—,—,—,—,—,—,—
passenger (cruise),1831774,Rafael Oswaldo,Live,Colombia,—,2007,-2'gt,—,Single,—,2,—,—,"",—,—,—,—,—,—,—,—,—,Unknown Owners,—,—,—,Unknown Owners,—,Unknown Owners,—,Unknown Owners,—,Unknown Owners,—,—,—,—,—,—,—,—,—,—,—,—,—,—,—,—
passenger (cruise),1831776,Vijorvi,Live,Colombia,—,2007,-2'gt,—,Single,—,3,—,—,"",—,—,—,—,—,—,—,—,—,Unknown Owners,—,—,—,Unknown Owners,—,Unknown Owners,—,Unknown Owners,—,Unknown Owners,—,—,—,—,—,—,—,—,—,—,—,—,—,—,—,—
passenger (cruise),1831777,Yenifer,Live,Colombia,—,2007,-2'gt,—,Single,—,2,—,—,"",—,—,—,—,—,—,—,—,—,Unknown Owners,—,—,—,Unknown Owners,—,Unknown Owners,—,Unknown Owners,—,Unknown Owners,—,—,—,—,—,—,—,—,—,—,—,—,—,—,—,—
passenger (cruise),1848599,Camilla,Live,Finland,133,1987,-2'gt,—,Single,OJCO,334,-,—,"",31.37,28.07,—,8.40,3.38,—,—,Penta Maritime S.A.,Unknown Engine Designer,Lappeenrannan Laivat Oy,Finland,Lappeenranta,—,Lappeenrannan Laivat Oy,Finland,Lappeenrannan Laivat Oy,Finland,Lappeenrannan Laivat Oy,Finland,Karelia Lines OY,Finland,—,—,—,—,Karelia Lines OY,Finland,—,—,—,—,8827650,230937940,540,734,8V-71-N
passenger (cruise),1977966,Big Stone 5,Live,U.S.A.,27,1985,-2'gt,10,Single,WSE3119,34,106,Breaux Brothers Enterprises Incorporated,U.S.A.,16.00,—,—,4.50,2.00,—,—,—,Unknown Engine Designer,Delaware Bay Launch Services Incorporated,United States of America,New Castle,—,Delaware Bay Launch Services Incorporated,United States of America,Delaware Bay Launch Services Incorporated,United States of America,Delaware Bay Launch Services Incorporated,United States of America,Delaware Bay Launch Services Incorporated,United States of America,—,—,—,—,—,—,—,—,—,—,—,367090580,—,—,UNKNOWN
passenger (cruise),1978110,Skagit,Dead,U.S.A.,65,1989,-2'gt,—,Single,—,96,1160,VT Halter Marine,Seattle,33.00,—,8.00,—,—,2.60,—,—,Unknown Engine Designer,United States,—,Seattle,—,—,—,—,—,—,—,—,—,—,—,—,—,—,—,—,—,—,—,—,—,—,—,UNKNOWN
passenger (cruise),1980526,Royal Argosy,Live,U.S.A.,62,2000,-2'gt,—,Single,WDJ7656,91,S-136,Nichols Bros. Boat Builders Incorporated,U.S.A.,57.00,—,14.00,12.80,3.69,—,—,—,Unknown Engine Designer,D B Holdings LLC,United States of America,—,—,D B Holdings LLC,United States of America,D B Holdings LLC,United States of America,D B Holdings LLC,United States of America,D B Holdings LLC,United States of America,—,—,—,—,—,—,—,—,—,—,8642438,368008830,—,—,UNKNOWN
passenger (cruise),20054,Discovery,Dead,Liberia,12228,1956,10'-60'gt,6742,Double Bottom,—,24799,699,John Brown & Company (Clydebank) Limited,Clyde,185.40,173.74,24.49,24.39,14.10,8.94,5.16,John Brown & Company (Clydebank) Limited,Stork-Werkspoor Diesel B.V.,Indian Breakers,—,Monrovia,—,—,—,—,—,—,—,—,—,—,—,—,—,—,—,—,—,—,—,5063629,—,18022,24500,PAMETRADA TURBINE
passenger (cruise),20060,Ripa,Dead,St. Vincent & Grenadines,12480,1957,10'-60'gt,8800,Double Bottom,—,23180,—,—,U.K.,185.00,—,23.90,—,17.40,8.40,9.00,—,Unknown Engine Designer,P & O,—,Kingstown,—,—,—,—,—,—,—,—,—,—,—,—,—,—,—,—,—,—,—,5267732,—,—,—,UNKNOWN
passenger (cruise),20063,Genoa,Dead,Georgia,12113,1957,10'-60'gt,6141,Double Bottom,—,24803,700,John Brown & Company (Clydebank) Limited,Clyde,185.40,173.74,24.49,24.39,14.10,8.90,5.20,John Brown & Company (Clydebank) Limited,Stork-Werkspoor Diesel B.V.,Indian Breakers,—,—,—,—,—,—,—,—,—,—,—,—,—,—,—,—,—,—,—,—,—,5347245,—,18020,24500,PAMETRADA TURBINE
passenger (cruise),201375,Sea Diamond,Dead,Greece,11680,1986,10'-60'gt,1825,Single,—,22412,321,STX Finland OY - SEE NOW AS Arctech Helsinki Shipyard Incorporated,Helsinki,142.95,126.21,25.15,24.70,13.80,6.00,7.80,Wartsila Finland oy,MAN Diesel AS,Louis P.,—,Piraeus,—,—,—,—,—,—,—,—,—,—,—,—,—,—,—,—,—,—,—,8406731,—,4461,5982,12V32D
passenger (cruise),201407,Wind Star,Live,Bahamas,1710,1986,2'-10'gt,922,Single,C6CA9,5703,269,ACH - Construction Navale,Le Havre,134.00,108.45,—,15.80,6.65,4.11,2.56,Chantiers de l'Atlantique,Wartsila Corporation,Windstar Cruises LLC,United States of America,Nassau,—,Carnival Corporation,United States of America,Windstar Cruises LLC,United States of America,Windstar Cruises Marshall Islands LLC,United States of America,Windstar Cruises Marshall Islands LLC,United States of America,—,—,—,—,Windstar Cruises Marshall Islands LLC,United States of America,—,—,—,—,8420878,309163000,1050,1427,6R22D
passenger (cruise),202001,Yuriy Andropov,Dead,Russia,—,1985,Unknown size,—,Single,—,—,—,—,Germany,—,—,—,—,—,—,—,—,Unknown Engine Designer,—,—,—,—,—,—,—,—,—,—,—,—,—,—,—,—,—,—,—,—,—,—,—,—,—,—,UNKNOWN
passenger (cruise),202263,Hen,Dead,St. Kitts-Nevis,25625,1986,10'-60'gt,5708,Single,—,47546,596,Kockums AB,Malmo,223.36,190.81,28.20,28.01,9.50,7.78,1.72,Sulzer Turbomachinery Services,Sulzer Turbomachinery Services,Indian Breakers,—,Charlestown,—,—,—,—,—,—,—,—,—,—,—,—,—,—,—,—,—,—,—,8314122,—,11917,15981,7RLB66
passenger (cruise),20232,Seabreeze I,Dead,Panama,9555,1958,10'-60'gt,5671,Single,—,21010,—,—,Italy,184.00,162.62,24.01,24.01,13.29,8.85,4.44,—,Unknown Engine Designer,Premier C.,—,Panama,—,—,—,—,—,—,—,—,—,—,—,—,—,—,—,—,—,—,—,5113230,—,21328,28601,UNKNOWN DIESEL
passenger (cruise),20245,Salona,Dead,St. Vincent & Grenadines,8803,1955,10'-60'gt,8472,Single,—,22296,693,John Brown & Company (Clydebank) Limited,Clyde,185.00,—,24.50,—,14.10,8.60,5.50,John Brown & Company (Clydebank) Limited,Stork-Werkspoor Diesel B.V.,Blackpool,—,Kingstown,—,—,—,—,—,—,—,—,—,—,—,—,—,—,—,—,—,—,—,5119765,—,—,—,PAMETRADA TURBINE
passenger (cruise),2026243,Diamond Star No.1,Live,Panama,—,1984,-2'gt,165,Single,—,323,-,Kawamoto Zosensho K.K.,Higashino,46.00,40.07,10.02,10.00,3.60,2.60,1.00,Yanmar Diesel Engine Company Limited,Yanmar Diesel Engine Company Limited,Prima Bridge Island Private Limited,Republic of Singapore,Panama,—,Prima Bridge Island Private Limited,Republic of Singapore,Prima Bridge Island Private Limited,Republic of Singapore,Prima Bridge Island Private Limited,Republic of Singapore,Prima Bridge Island Private Limited,Republic of Singapore,—,—,—,—,—,—,—,—,—,—,8626393,—,1030,1400,T260-ST
passenger (cruise),20265,Excelsior Neptune,Dead,Honduras,1744,1958,2'-10'gt,1376,Single,—,4183,—,—,East Germany,122.00,110.01,15.96,15.96,7.60,5.23,2.37,MAN Energy Solutions SE,MAN Energy Solutions SE,Excelsior M.T.,—,San Lorenzo,—,—,—,—,—,—,—,—,—,—,—,—,—,—,—,—,—,—,—,5113436,—,3095,4150,MAN DIESEL
passenger (cruise),203500,Ocean Atlantic,Live,Portugal,4424,1986,10'-60'gt,2059,Single,CQEJ5,12798,B-492,Stocznia Szczecinska Nowa Sp. z o.o.,Szczecin,139.55,125.00,21.40,21.40,12.60,5.80,6.80,Zgoda Sulzer Diesel Engines,Sulzer Turbomachinery Services,SunStone Ships Incorporated,United States of America,Funchal,—,SunStone Maritime Group A/S,Denmark,SunStone Ships Incorporated,United States of America,ATLPRT Atlantic Partners Unipessoal Limitada,Madeira,Anglo-Eastern Cruise Management Incorporated,United States of America,—,—,—,—,Anglo-Eastern Cruise Management Incorporated,United States of America,—,—,—,—,8325432,255806400,3020,4103,6ZL40/48
passenger (cruise),203604,Kelimutu,Live,Indonesia,1807,1986,2'-10'gt,1412,Single,YDVE,6022,614,Meyer Werft GmbH (Dormant),Papenburg,99.00,90.50,—,18.00,9.40,4.20,5.20,Fried. Krupp AG Hoesch-Krupp,Mak Motoren GmbH & Company KG,Directorate General of Land Transportation (Direktorat Jenderal Perhubungan Darat),Indonesia,Jakarta,—,Government of Indonesia,Indonesia,Directorate General of Land Transportation (Direktorat Jenderal Perhubungan Darat),Indonesia,Directorate General of Land Transportation (Direktorat Jenderal Perhubungan Darat),Indonesia,Directorate General of Land Transportation (Direktorat Jenderal Perhubungan Darat),Indonesia,P.T. (PELNI) Pelayaran Nasional Indonesia (Persero),Indonesia,—,—,—,—,—,—,—,—,8502341,525005010,1622,2176,6MU453B
passenger (cruise),203606,Lawit,Live,Indonesia,1807,1986,2'-10'gt,1413,Single,YDVF,6022,615,Meyer Werft GmbH (Dormant),Papenburg,99.00,90.50,—,18.00,8.10,4.20,3.90,Fried. Krupp AG Hoesch-Krupp,Mak Motoren GmbH & Company KG,Directorate General of Land Transportation (Direktorat Jenderal Perhubungan Darat),Indonesia,Pontianak,—,Government of Indonesia,Indonesia,Directorate General of Land Transportation (Direktorat Jenderal Perhubungan Darat),Indonesia,Directorate General of Land Transportation (Direktorat Jenderal Perhubungan Darat),Indonesia,Directorate General of Land Transportation (Direktorat Jenderal Perhubungan Darat),Indonesia,P.T. (PELNI) Pelayaran Nasional Indonesia (Persero),Indonesia,—,—,—,—,—,—,—,—,8502353,525005011,1622,2176,6MU453B
passenger (cruise),204121,Astor,Dead,Bahamas,7394,1987,10'-60'gt,3499,Double Bottom,—,20704,218,Howaldtswerke-Deutsche Werft GmbH (HDW),Kiel,176.25,151.90,22.61,22.60,8.10,6.15,1.95,CCM Sulzer,Sulzer Turbomachinery Services,BMS Gemi Geri,—,Nassau,—,—,—,—,—,—,—,—,—,—,—,—,—,—,—,—,—,—,—,8506373,—,3903,5234,8ZAL40S
passenger (cruise),204137,Atlantis,Live,Netherlands,141,1905,-2'gt,73,Single,PCDT,380,200,J.H.N. Wichhorst,Hamburg,42.00,—,7.50,7.40,4.57,3.75,0.82,J. Wizemann GmbH & Company,J. Wizemann GmbH & Company,Tall Ship Company,Netherlands,—,—,Tall Ship Company,Netherlands,Tall Ship Company,Netherlands,Tall Ship Company,Netherlands,Tall Ship Company,Netherlands,—,—,—,—,Rood Boven Groen,Netherlands,—,—,—,—,8333635,246253000,136,183,WM240
passenger (cruise),204510,Northern Ranger,Live,Canada,1438,1986,2'-10'gt,662,Double Bottom,VOJK,2573,75,Seaway Marine & Industrial Incorporated,St. Catharines,71.86,65.03,15.65,15.61,7.27,4.29,2.98,Alpha Diesels A/S,Alpha Diesels A/S,Canship Ugland Limited,Canada,Saint John,—,The J.J. Ugland Companies and TS Shipping Invest AS (via Knutsen OAS Shipping AS),Norway,Canship Ugland Limited,Canada,Natuashish Shipping GP Incorporated,Canada,Canship Ugland Limited,Canada,—,—,—,—,—,—,—,—,—,—,8512504,316001100,1302,1746,8L28/32
passenger (cruise),204663,Mare Frisium,Live,Netherlands,104,1916,-2'gt,269,Single,PCBM,210,—,N.V. Weerter Scheepsbouw Mij.,Netherlands,36.00,—,6.60,—,3.00,2.20,0.80,—,Unknown Engine Designer,Tall Ship Company,Netherlands,—,—,Tall Ship Company,Netherlands,Tall Ship Company,Netherlands,Tall Ship Company,Netherlands,Tall Ship Company,Netherlands,—,—,—,—,—,—,—,—,—,—,5344592,244596000,112,150,3ACA
passenger (cruise),2049678,Twix,Live,U.S.A.,66,1978,-2'gt,—,Single,WCQ2181,98,1395,Breaux Bay Craft Incorporated,"",30.00,—,9.00,—,—,—,—,—,Unknown Engine Designer,Stanco Marine Incorporated,United States of America,Freeport,—,Stanco Marine Incorporated,United States of America,Stanco Marine Incorporated,United States of America,Stanco Marine Incorporated,United States of America,Stanco Marine Incorporated,United States of America,—,—,—,—,—,—,—,—,—,—,8973588,366930660,—,—,UNKNOWN
passenger (cruise),205035,Wind Song,Dead,Bahamas,1701,1987,2'-10'gt,916,Single,—,5703,270,ACH - Construction Navale,Le Havre,134.00,108.45,15.80,15.80,6.65,4.11,2.54,Jeumont Schneider Industrie,Unknown Engine Designer,Windstar,—,Nassau,—,—,—,—,—,—,—,—,—,—,—,—,—,—,—,—,—,—,—,8420880,—,1064,1427,UNKNOWN
passenger (cruise),205316,Grand,Dead,St. Kitts-Nevis,25487,1987,10'-60'gt,6406,Single,—,47263,597,Kockums AB,Malmo,223.37,191.10,28.20,28.01,21.06,7.90,13.16,Sulzer Turbomachinery Services,Sulzer Turbomachinery Services,Unknown Owners,—,Basseterre,—,—,—,—,—,—,—,—,—,—,—,—,—,—,—,—,—,—,—,8314134,—,11755,15971,7RLB66
passenger (cruise),205327,Aldhaferah,Dead,Oman,3239,1987,10'-60'gt,5040,Single,—,10797,78,Bremer Vulkan Werft und Maschinenfabrik GmbH,Bremen,136.33,125.02,21.04,21.01,13.01,6.01,7.00,Grandi Motori Trieste,Fiat Avio SpA,Winterpark Trading,—,Port Sultan Qaboos,—,—,—,—,—,—,—,—,—,—,—,—,—,—,—,—,—,—,—,8509026,—,3132,4200,A420.6L
passenger (cruise),20533,Fiorita,Dead,Panama,850,1950,2'-10'gt,917,Single,—,3524,—,—,"",—,—,—,—,—,—,—,—,Unknown Engine Designer,—,—,Panama,—,—,—,—,—,—,—,—,—,—,—,—,—,—,—,—,—,—,—,5015440,—,—,—,UNKNOWN
passenger (cruise),20604,Lavia,Dead,Panama,6485,1947,10'-60'gt,6903,Single,—,12318,—,—,U.K.,169.00,—,21.40,—,13.40,8.00,5.40,—,Unknown Engine Designer,—,—,Panama,—,—,—,—,—,—,—,—,—,—,—,—,—,—,—,—,—,—,—,5116139,—,—,—,UNKNOWN
passenger (cruise),207032,Sovereign,Dead,Malta,45194,1987,60'-100'gt,7547,Single,9HUE9,73529,A 29,Alstom Leroux Naval (A.L.N.),St. Nazaire,268.32,236.00,36.00,32.20,15.12,7.80,7.32,Chantiers de l'Atlantique,Semt Pielstick SA,Turkish Breakers,Turkiye,Valletta,—,Turkish Breakers,Turkiye,Turkish Breakers,Turkiye,Turkish Breakers,Turkiye,Turkish Breakers,Turkiye,—,—,—,—,—,—,—,—,—,—,8512281,—,5190,6960,9PC20L400
passenger (cruise),207631,Jade Perle,Live,Germany,123,1960,-2'gt,94,Single,DCQS,325,1165,Husumer Shipbuilding (Dock & Repair) GmbH,Husum(DEU),43.00,—,8.50,8.10,2.95,1.61,1.34,Deutz MWM AG,Deutz MWM AG,A. Tapken & H. Warrings,Germany,Wilhelmshaven,—,A. Tapken & H. Warrings,Germany,A. Tapken & H. Warrings,Germany,A. Tapken & H. Warrings,Germany,A. Tapken & H. Warrings,Germany,—,—,—,—,—,—,—,—,—,—,5386021,211216900,250,335,RHS526A
passenger (cruise),2094909,Helpr 1,Live,Vanuatu,262,1988,-2'gt,120,Single,—,730,204,Carrington Slipways Proprietary Limited,Newcastle(AUS),34.96,33.00,13.29,13.29,4.60,2.40,2.20,—,Unknown Engine Designer,Coral Princess Cruises (NQ) Proprietary Limited,Australia,Port Vila,—,Coral Princess Cruises (NQ) Proprietary Limited,Australia,Coral Princess Cruises (NQ) Proprietary Limited,Australia,Coral Princess Cruises (NQ) Proprietary Limited,Australia,Coral Princess Cruises (NQ) Proprietary Limited,Australia,—,—,—,—,Coral Princess Cruises (NQ) Proprietary Limited,Australia,—,—,—,—,8804696,576139000,—,—,12V-71
passenger (cruise),21020,Blue Lady,Dead,Bahamas,45886,1961,60'-100'gt,13960,Single,—,76049,G19,Chantiers de l'Atlantique,St. Nazaire,298.28,290.03,33.75,33.75,15.81,10.70,5.16,Chantiers de l'Atlantique,Parsons Engineering Company Limited,Indian Breakers,—,Nassau,—,—,—,—,—,—,—,—,—,—,—,—,—,—,—,—,—,—,—,5119143,—,30000,40760,PARSONS TURBINE
passenger (cruise),210747,General W.A.Mann,Dead,U.S.A.,9998,1943,10'-60'gt,9200,Single,—,17832,—,—,U.S.A.,—,—,—,—,—,—,—,—,Unknown Engine Designer,—,—,—,—,—,—,—,—,—,—,—,—,—,—,—,—,—,—,—,—,—,—,—,—,—,—,UNKNOWN
passenger (cruise),21120,Fiesta,Dead,Panama,1860,1957,2'-10'gt,2960,Single,—,6193,—,—,West Germany,148.00,132.67,18.41,18.41,13.64,6.53,7.11,—,Unknown Engine Designer,—,—,Panama,—,—,—,—,—,—,—,—,—,—,—,—,—,—,—,—,—,—,—,5358361,—,9426,12640,UNKNOWN DIESEL
passenger (cruise),211220,Druzhba,Live,Ukraine,677,1987,2'-10'gt,761,Single,ENNV,2257,810/01,Stocznia Gdansk Shipbuilding,Gdansk,108.00,—,14.00,—,10.70,6.60,4.10,Zaklady Przemyslu Metalowego H. Cegielski S.A.,Sulzer Turbomachinery Services,Odessa National Maritime Academy (ONMA),Ukraine,—,—,Odessa National Maritime Academy (ONMA),Ukraine,Odessa National Maritime Academy (ONMA),Ukraine,Odessa National Maritime Academy (ONMA),Ukraine,Odessa National Maritime Academy (ONMA),Ukraine,—,—,—,—,—,—,—,—,—,—,8500692,272715000,425,570,6AL20/24
passenger (cruise),211271,General William Weigel,Dead,U.S.A.,9704,1945,10'-60'gt,22280,Single,—,17558,—,—,"",—,—,—,—,—,—,—,—,Unknown Engine Designer,—,—,—,—,—,—,—,—,—,—,—,—,—,—,—,—,—,—,—,—,—,—,—,—,—,—,UNKNOWN
passenger (cruise),211376,Wind Spirit,Live,Bahamas,1788,1988,2'-10'gt,846,Single,C6CY9,5736,272,ACH - Construction Navale,Le Havre,134.00,108.45,—,15.80,6.65,4.11,2.56,Wartsila SACM,Wartsila Corporation,Windstar Cruises LLC,United States of America,Nassau,—,Carnival Corporation,United States of America,Windstar Cruises LLC,United States of America,Windstar Cruises Marshall Islands LLC,United States of America,Windstar Cruises Marshall Islands LLC,United States of America,—,—,—,—,Windstar Cruises Marshall Islands LLC,United States of America,—,—,—,—,8603509,309056000,773,1050,6R32
passenger (cruise),2115,Amerikani,Dead,Honduras,8104,1952,10'-60'gt,2866,Single,—,18458,1432,Harland & Wolff Heavy Industries Limited,Belfast,175.00,164.85,22.66,22.66,13.42,8.13,5.29,Davey Paxman & Company Limited,Parsons Engineering Company Limited,Chandris H.,—,San Lorenzo,—,—,—,—,—,—,—,—,—,—,—,—,—,—,—,—,—,—,—,5185398,—,—,—,PARSONS TURBINE
passenger (cruise),212052,Balmoral,Live,Bahamas,19985,1988,10'-60'gt,5500,Single,C6II4,43537,616,Meyer Werft GmbH (Dormant),Papenburg,217.91,186.00,32.30,28.20,15.22,7.25,7.97,Fried. Krupp AG Hoesch-Krupp,Mak Motoren GmbH & Company KG,Fred Olsen & Company,Norway,Nassau,—,Fred Olsen & Company,Norway,Fred Olsen & Company,Norway,Balmoral Cruise Limited,United Kingdom,Fred Olsen Windcarrier AS,Norway,—,—,—,—,Fred Olsen Cruise Lines Limited,United Kingdom,—,—,—,—,8506294,308785000,5398,7239,8M601AK
passenger (cruise),212157,Libra,Dead,Togo,23341,1988,10'-60'gt,5000,Single,—,42285,1294,STX Finland OY - SEE NOW AS Arctech Helsinki Shipyard Incorporated,Turku,216.17,178.06,32.64,32.60,9.40,7.02,2.38,Wartsila NSD Helsinki,Sulzer Turbomachinery Services,Flash Maritime Ltd,—,—,—,—,—,—,—,—,—,—,—,—,—,—,—,—,—,—,—,—,—,8612134,—,4683,6280,8ZAL40S
passenger (cruise),212514,Ile de Groix,Live,France,69,1960,-2'gt,40,Single,TKSG,182,25007,Alstom Leroux Naval (A.L.N.),Lorient,28.00,—,7.70,—,3.40,—,—,—,Poyaud- S.S.C.M.,Andre Spitzer,France,—,—,Andre Spitzer,France,Andre Spitzer,France,Andre Spitzer,France,Andre Spitzer,France,—,—,—,—,—,—,—,—,—,—,5158709,—,407,546,A12150SCRM
passenger (cruise),21417,Funchal,Live,Madeira,3759,1961,2'-10'gt,2975,Double Bottom,CSBM,9563,353,Helsingor Vaerft A/S,Denmark,152.65,138.50,19.05,19.05,11.60,6.18,2.82,Stork-Werkspoor Diesel B.V.,Stork-Werkspoor Diesel B.V.,Portuscale Cruises - Cruise Management Unipessoal Limitada,Portugal,Madeira,—,Portuscale Cruises - Cruise Management Unipessoal Limitada,Portugal,Portuscale Cruises - Cruise Management Unipessoal Limitada,Portugal,Pearl Cruises Transportes Maritimos Lda,Portugal,Sociedade de Consultores Maritimos Lda SCMA,Portugal,—,—,—,—,Sociedade de Consultores Maritimos Lda SCMA,Portugal,—,—,—,—,5124162,255971000,3729,5000,9TM410
passenger (cruise),214234,Colus,Dead,Comoros,32185,1989,60'-100'gt,7505,Double Bottom,—,63786,B29,Chantiers de l'Atlantique,St. Nazaire,245.60,—,32.20,32.20,20.50,8.20,12.30,MAN Energy Solutions SE,MAN Energy Solutions SE,Indian Breakers,—,Moroni,—,—,—,—,—,—,—,—,—,—,—,—,—,—,—,—,—,—,—,8611398,—,9854,13215,8L58/64
passenger (cruise),214243,Amera,Live,Bahamas,14054,1988,10'-60'gt,6150,Single,C6EA7,39051,1296,STX Finland OY - SEE NOW AS Arctech Helsinki Shipyard Incorporated,Helsinki,204.00,171.50,32.32,28.90,9.85,7.25,2.60,Wartsila Corporation,Sulzer Turbomachinery Services,Phoenix Reisen GmbH,Germany,Nassau,—,Phoenix Reisen GmbH,Germany,Phoenix Reisen GmbH,Germany,ms Amera Shipping Limited,Bahamas,Bernhard Schulte Cruise Services GmbH & Company KG,Germany,—,—,—,—,Bernhard Schulte Cruise Services GmbH & Company KG,Germany,Unknown,Unknown,Unknown Scrubber Manufacturer,Retrofit,8700280,311000840,5353,7178,8ZAL40S
passenger (cruise),214642,Lake Runner,Live,Canada,160,1984,-2'gt,200,Double Bottom,VCYX,316,44,East Isle Shipyard Limited,Georgetown(CAN),38.00,—,8.10,—,3.90,2.10,1.80,MTU Friedrichshafen GmbH,MTU Friedrichshafen GmbH,Shaker Cruise Lines,Canada,—,—,Shaker Cruise Lines,Canada,Shaker Cruise Lines,Canada,Shaker Cruise Lines,Canada,Shaker Cruise Lines,Canada,—,—,—,—,—,—,—,—,—,—,8308654,316002040,994,1333,12V396TB63
passenger (cruise),214673,Hamilton Harbour Queen,Live,Canada,166,1956,-2'gt,—,Single,VA4496,251,1126,Russel Brothers Incorporated,Owen Sound,30.42,—,7.90,6.74,2.32,—,—,—,Unknown Engine Designer,Unknown Owners,—,Hamilton,—,Unknown Owners,—,Unknown Owners,—,RWH Marine Consulting Incorporation,Canada,Unknown Owners,—,—,—,—,—,—,—,—,—,—,—,5174662,—,348,467,12V396TB63
passenger (cruise),214721,Umoja,Live,Tanzania,—,1964,-2'gt,—,Single,5ITL,1599,—,—,U.K.,—,—,—,—,—,—,—,—,Unknown Engine Designer,United Republic of Tanzania,Tanzania,—,—,United Republic of Tanzania,Tanzania,United Republic of Tanzania,Tanzania,Tanzania Railways Corporation,Tanzania,United Republic of Tanzania,Tanzania,—,—,—,—,—,—,—,—,—,—,—,—,492,660,ESL8
passenger (cruise),214722,Liemba,Live,Tanzania,—,1913,-2'gt,—,Single,—,750,—,Meyer Werft GmbH (Dormant),Papenburg,—,—,—,—,—,—,—,—,Unknown Engine Designer,United Republic of Tanzania,Tanzania,—,—,United Republic of Tanzania,Tanzania,United Republic of Tanzania,Tanzania,Tanzania Railways Corporation,Tanzania,United Republic of Tanzania,Tanzania,—,—,—,—,—,—,—,—,—,—,—,—,388,520,TBD602V12S
passenger (cruise),214723,Victoria,Live,Tanzania,—,1961,-2'gt,—,Single,5ITK,1599,—,—,U.K.,—,—,—,—,—,—,—,—,Unknown Engine Designer,United Republic of Tanzania,Tanzania,—,—,United Republic of Tanzania,Tanzania,United Republic of Tanzania,Tanzania,Tanzania Railways Corporation,Tanzania,United Republic of Tanzania,Tanzania,—,—,—,—,—,—,—,—,—,—,—,—,492,660,ESL8
passenger (cruise),21526,Rosa,Dead,Honduras,1835,1957,2'-10'gt,838,Single,—,5026,1547,Harland & Wolff Heavy Industries Limited,Belfast,104.00,—,16.10,—,6.00,4.80,1.20,—,Unknown Engine Designer,Louis S.,—,San Lorenzo,—,—,—,—,—,—,—,—,—,—,—,—,—,—,—,—,—,—,—,5315814,—,2424,3250,UNKNOWN
passenger (cruise),215411,General Daniel I.Sultan,Dead,U.S.A.,8528,1944,10'-60'gt,9900,Single,—,16039,—,—,"",—,—,—,—,—,—,—,—,Unknown Engine Designer,—,—,—,—,—,—,—,—,—,—,—,—,—,—,—,—,—,—,—,—,—,—,—,—,—,—,UNKNOWN
passenger (cruise),21550,Sun Vista,Dead,Bahamas,—,1963,10'-60'gt,14828,Single,—,30440,—,—,Italy,213.00,188.70,28.60,28.60,14.58,8.65,5.93,—,Unknown Engine Designer,Metro H.,—,Nassau,—,—,—,—,—,—,—,—,—,—,—,—,—,—,—,—,—,—,—,5411254,—,32811,44000,UNKNOWN
passenger (cruise),215733,Tidar,Live,Indonesia,5354,1988,10'-60'gt,3200,Double Bottom,YECN,14501,617,Meyer Werft GmbH (Dormant),Papenburg,144.00,130.00,—,23.40,8.20,5.90,2.30,Fried. Krupp AG Hoesch-Krupp,Mak Motoren GmbH & Company KG,P.T. (PELNI) Pelayaran Nasional Indonesia (Persero),Indonesia,Jakarta,—,Government of Indonesia,Indonesia,P.T. (PELNI) Pelayaran Nasional Indonesia (Persero),Indonesia,P.T. (PELNI) Pelayaran Nasional Indonesia (Persero),Indonesia,P.T. (PELNI) Pelayaran Nasional Indonesia (Persero),Indonesia,—,—,—,—,P.T. (PELNI) Pelayaran Nasional Indonesia (Persero),Indonesia,—,—,—,—,8700292,525005015,6488,8701,6MU601AK
passenger (cruise),215746,Jin,Dead,St. Kitts-Nevis,8313,1989,10'-60'gt,4613,Single,—,23235,1177,Mitsubishi Heavy Industries Limited Shipbuilding,Kobe,167.00,—,27.00,24.00,13.50,6.57,6.93,Mitsubishi Heavy Industries Limited,Mitsubishi Heavy Industries Limited,Pakistan Breakers,Pakistan,Basseterre,—,Pakistan Breakers,Pakistan,Pakistan Breakers,Pakistan,Pakistan Breakers,Pakistan,Pakistan Breakers,Pakistan,—,—,—,—,—,—,—,—,—,—,8700474,—,7870,9100,8UEC52LA
passenger (cruise),216255,Arcadi,Dead,Greece,2867,1948,2'-10'gt,2162,Single,—,5324,—,—,U.K.,122.00,—,16.40,—,—,6.00,—,—,Unknown Engine Designer,National B.,—,—,—,—,—,—,—,—,—,—,—,—,—,—,—,—,—,—,—,—,—,5283815,—,—,—,UNKNOWN
passenger (cruise),216354,Star Pride,Live,Bahamas,4155,1988,10'-60'gt,1734,Single,C6FR5,12969,1065,Seebeckwerft AG,Bremerhaven,159.00,139.00,20.50,19.00,6.60,5.42,1.60,Bergen Group BMV,Rolls-Royce Marine A/S,Windstar Cruises LLC,United States of America,Nassau,—,Carnival Corporation,United States of America,Windstar Cruises LLC,United States of America,Windstar Cruises Marshall Islands LLC,United States of America,Windstar Cruises Marshall Islands LLC,United States of America,—,—,—,—,Windstar Cruises Marshall Islands LLC,United States of America,—,—,—,—,8707343,311084000,2180,2962,KVMB-12
passenger (cruise),216630,Barcelona,Dead,Georgia,9101,1961,10'-60'gt,6139,Double Bottom,—,23145,814,Boelwerf Vlaanderen Shipbuilding N.V.,Temse,195.00,181.15,24.57,24.57,14.30,8.27,6.03,CMI Corporate,CMI Corporate,Chinese Breakers,—,—,—,—,—,—,—,—,—,—,—,—,—,—,—,—,—,—,—,—,—,5160805,—,16192,21714,COCKERILL TURBINE
passenger (cruise),216744,La Belle Des Oceans,Live,Belgium,1565,1989,2'-10'gt,938,Single,ONKI,5218,112,NKK Shipbuilding (Nippon Kokan K.K),Tsu,102.96,92.00,15.40,15.40,6.20,4.43,1.77,Wartsila Deutschland GmbH,Wartsila Corporation,Croisi Europe,France,Brussels,—,Croisi Europe,France,Croisi Europe,France,Belle de L'Ocean SA,Luxembourg,Croisi Europe,France,—,—,—,—,Croisi Europe,France,—,—,—,—,8800195,205788000,2596,3527,16V22HF
passenger (cruise),2170113,Sjogull,Live,Sweden,101,1982,-2'gt,50,Single,SKLJ,209,B49,Marinteknik Verkstads A/B,Oregrund,38.00,—,7.00,—,—,1.80,—,SAAB-Scania A/B,SAAB-Scania A/B,Bidosundsbolaget AB,Sweden,Stockholm,—,Bidosundsbolaget AB,Sweden,Bidosundsbolaget AB,Sweden,Bidosundsbolaget AB,Sweden,Bidosundsbolaget AB,Sweden,—,—,—,—,—,—,—,—,—,—,8129424,265522690,261,355,DSI1402M
passenger (cruise),2172420,Banda Naira,Live,Indonesia,224,2004,-2'gt,500,Single,YHTY,745,—,P.T. Daya Laut Utama,Jakarta,51.00,46.50,—,9.00,4.50,3.20,1.30,Yanmar Diesel Engine Company Limited,Yanmar Diesel Engine Company Limited,Directorate General of Land Transportation (Direktorat Jenderal Perhubungan Darat),Indonesia,Jakarta,—,Government of Indonesia,Indonesia,Directorate General of Land Transportation (Direktorat Jenderal Perhubungan Darat),Indonesia,Directorate General of Land Transportation (Direktorat Jenderal Perhubungan Darat),Indonesia,Directorate General of Land Transportation (Direktorat Jenderal Perhubungan Darat),Indonesia,—,—,—,—,—,—,—,—,—,—,9068134,—,425,620,6LAH-STE3
passenger (cruise),2173819,Maloli,Live,Indonesia,224,2005,-2'gt,530,Single,YDSD,745,—,P.T. Daya Radar Utama,Jakarta,51.00,46.50,—,9.00,4.50,3.20,1.30,Yanmar Diesel Engine Company Limited,Unknown Engine Designer,Directorate General of Land Transportation (Direktorat Jenderal Perhubungan Darat),Indonesia,Ambon,—,Government of Indonesia,Indonesia,Directorate General of Land Transportation (Direktorat Jenderal Perhubungan Darat),Indonesia,Directorate General of Land Transportation (Direktorat Jenderal Perhubungan Darat),Indonesia,Directorate General of Land Transportation (Direktorat Jenderal Perhubungan Darat),Indonesia,—,—,—,—,—,—,—,—,—,—,9029499,—,425,620,6LAH-STE3
passenger (cruise),217515,Carnival Fantasy,Dead,Panama,43450,1990,60'-100'gt,7200,Single,H3GS,70367,479,Masa Yards Incorporated,Helsinki,260.80,224.00,31.50,31.50,10.50,7.85,2.65,Sulzer Mitsubishi,Sulzer Turbomachinery Services,Turkish Breakers,—,Panama,—,—,—,—,—,—,—,—,—,—,—,—,—,—,—,Unknown,Unknown,Unknown Scrubber Manufacturer,Retrofit,8700773,—,7137,9571,12ZAV40S
passenger (cruise),217540,Orient Queen,Dead,Bahamas,2612,1989,2'-10'gt,761,Single,C6CT7,7478,175,Union Naval de Levante S.A.,Valencia,120.80,99.84,16.80,16.80,6.60,4.60,2.00,Wartsila Iberica SA,Wartsila Corporation,Abou Merhi,—,Nassau,—,—,—,—,—,—,—,—,—,—,—,—,—,—,—,—,—,—,—,8701193,311000571,1976,2650,12V22HF
passenger (cruise),217603,Titovka,Dead,Russia,679,1976,2'-10'gt,—,Single,—,2215,—,—,Poland,73.00,—,13.00,—,7.90,4.90,3.00,—,Alpha Diesels A/S,Kholmsk,—,—,—,—,—,—,—,—,—,—,—,—,—,—,—,—,—,—,—,—,—,7511759,—,777,1042,6ASL25/30
passenger (cruise),217752,Exploris One,Live,Bahamas,1839,1989,2'-10'gt,737,Single,C6TA8,6158,304,Rauma-Repola Oy,Savonlinna,108.00,95.95,15.60,15.60,9.60,4.38,5.22,Wartsila Finland oy,Wartsila Corporation,Silversea Cruises Limited,United States of America,Nassau,—,Lefebvre family,Monaco,Silversea Cruises Limited,United States of America,Exploris SAS,France,Exploris SAS,France,—,—,—,—,Exploris SAS,France,—,—,—,—,8806747,311562000,2281,3059,6R32
passenger (cruise),217753,Wind Surf,Live,Bahamas,4691,1989,10'-60'gt,1653,Single,C6IO6,14745,274,ACH - Construction Navale,Le Havre,182.00,156.36,20.00,20.00,8.00,5.01,3.01,Societe Moteurs Duvant Crepelle,Jeumont Schneider Industrie,Windstar Cruises LLC,United States of America,Nassau,—,Carnival Corporation,United States of America,Windstar Cruises LLC,United States of America,Windstar Cruises Marshall Islands LLC,United States of America,Windstar Cruises Marshall Islands LLC,United States of America,—,—,—,—,Windstar Cruises Marshall Islands LLC,United States of America,—,—,—,—,8700785,309242000,1840,2500,PNCB560DE6
passenger (cruise),2196105,Wetar,Live,Indonesia,294,2006,-2'gt,802,Single,—,980,—,PT Sanur Marindo,Tegal,—,53.07,—,10.20,4.50,3.19,1.31,Mitsubishi Heavy Industries Limited,Unknown Engine Designer,Directorate General of Land Transportation (Direktorat Jenderal Perhubungan Darat),Indonesia,Ambon,—,Government of Indonesia,Indonesia,Directorate General of Land Transportation (Direktorat Jenderal Perhubungan Darat),Indonesia,Directorate General of Land Transportation (Direktorat Jenderal Perhubungan Darat),Indonesia,Directorate General of Land Transportation (Direktorat Jenderal Perhubungan Darat),Indonesia,—,—,—,—,—,—,—,—,—,—,9096105,—,425,818,6LAH-STE3
passenger (cruise),220206,Star Breeze,Live,Bahamas,4155,1989,10'-60'gt,1818,Single,C6FR4,12969,1070,Seebeckwerft AG,Bremerhaven,159.00,112.40,20.50,19.00,6.60,5.40,1.60,Bergen Group BMV,Rolls-Royce Marine A/S,Windstar Cruises LLC,United States of America,Nassau,—,Carnival Corporation,United States of America,Windstar Cruises LLC,United States of America,Windstar Cruises Marshall Islands LLC,United States of America,Windstar Cruises Marshall Islands LLC,United States of America,—,—,—,—,Windstar Cruises Marshall Islands LLC,United States of America,—,—,—,—,8807997,311083000,1826,2481,KVMB-12
passenger (cruise),2204379,Zelinskiy,Live,U.S.A.,65,1986,-2'gt,268,Single,WCY6433,96,S-83,Nichols Bros. Boat Builders Incorporated,Freeland,30.00,—,10.00,—,—,7.00,—,—,Unknown Engine Designer,Blue & Gold Fleet LP,United States of America,—,—,Blue & Gold Fleet LP,United States of America,Blue & Gold Fleet LP,United States of America,Blue & Gold Fleet LP,United States of America,Blue & Gold Fleet LP,United States of America,—,—,—,—,—,—,—,—,—,—,—,366985330,—,—,UNKNOWN
passenger (cruise),220510,National Geographic Islander II,Live,Ecuador,1011,1988,2'-10'gt,267,Double Bottom,HC6581,3370,647,Flender Werft AG,Flensburg,85.20,70.86,16.50,16.50,7.00,3.80,3.20,Deutz MWM AG,Deutz MWM AG,Lindblad Expeditions LLC,United States of America,Guayaquil,—,Lindblad Expeditions Holdings Incorporated,United States of America,Lindblad Expeditions LLC,United States of America,Lex Esprit Limited,Cayman Islands,Lindblad Expeditions LLC,United States of America,—,—,—,—,Lindblad Expeditions LLC,United States of America,—,—,—,—,8705266,735060256,1693,2270,TBD604BV16
passenger (cruise),220736,Isabela II,Live,Ecuador,307,1979,-2'gt,1200,Double Bottom,HCII,1025,848,VT Halter Marine,U.S.A.,50.60,50.60,11.60,11.58,3.96,3.39,0.57,General Motors Corporation,Cummins Incorporated,Empresa Turistica Internacional C.A. (ETICA),Ecuador,Puerto Ayora,—,Government of Ecuador,Ecuador,Empresa Turistica Internacional C.A. (ETICA),Ecuador,Empresa Turistica Internacional C.A. (ETICA),Ecuador,Empresa Turistica Internacional C.A. (ETICA),Ecuador,—,—,—,—,Empresa Turistica Internacional C.A. (ETICA),Ecuador,—,—,—,—,7914535,735059039,746,930,KTA-38
passenger (cruise),22126,Cleopatra II,Dead,Panama,426,1969,-2'gt,—,Single,—,1264,—,Varna Shipyard,Varna,68.00,—,10.10,—,6.10,5.50,0.60,Russian Engine Builders,Russkiy Diesel Firm,El Salam Ma,—,Panama,—,—,—,—,—,—,—,—,—,—,—,—,—,—,—,—,—,—,—,7038886,—,447,600,6DR30/50-5-3
passenger (cruise),221277,Polar Star,Live,Barbados,1500,1969,2'-10'gt,879,Single,8PPK,4998,389,STX Finland OY - SEE NOW AS Arctech Helsinki Shipyard Incorporated,Helsinki,86.50,79.49,21.21,21.20,9.50,6.88,2.62,Wartsila Finland oy,Sulzer Turbomachinery Services,3264741 Nova Scotia Limited,Canada,Bridgetown,—,3264741 Nova Scotia Limited,Canada,3264741 Nova Scotia Limited,Canada,3264741 Nova Scotia Limited,Canada,3264741 Nova Scotia Limited,Canada,—,—,—,—,—,—,—,—,—,—,6905745,314125000,2576,3455,9MH51
passenger (cruise),221344,Emerald,Dead,St. Kitts-Nevis,12071,1958,10'-60'gt,8713,Single,—,26428,521,Northrop Grumman Newport News,Newport News,163.12,163.12,—,25.60,13.14,8.28,4.86,General Electric Company,General Electric Company,Indian Breakers,—,—,—,—,—,—,—,—,—,—,—,—,—,—,—,—,—,—,—,—,—,5312824,—,16405,22000,GENERAL ELECTRIC TURBINE
passenger (cruise),221402,Karnika,Dead,Bahamas,36370,1990,60'-100'gt,6261,Double Bottom,C6EG9,70310,5839,Fincantieri-Cantieri Navali Italiani S.p.A. Monfalcone,Monfalcone,245.08,204.40,32.25,32.25,20.03,8.10,11.93,MAN Energy Solutions SE,MAN Energy Solutions SE,Indian Breakers,—,Nassau,—,—,—,—,—,—,—,—,—,—,—,—,—,—,—,—,—,—,—,8521220,—,9854,13214,8L58/64
passenger (cruise),221544,Maxim's des Mers,Live,Bahamas,384,1942,-2'gt,—,Single,—,1280,484,Marietta Manufacturing Company,Point Pleasant,57.00,—,12.00,—,5.40,3.90,1.50,—,Unknown Engine Designer,Portsun Maritime Incorporated,Bahamas,Nassau,—,Portsun Maritime Incorporated,Bahamas,Portsun Maritime Incorporated,Bahamas,Portsun Maritime Incorporated,Bahamas,Portsun Maritime Incorporated,Bahamas,—,—,—,—,—,—,—,—,—,—,8522494,—,1193,1600,16V-149
passenger (cruise),221640,Man,Dead,Palau,3423,1989,2'-10'gt,3423,Single,—,6322,N1928,Mitsubishi Heavy Industries Limited Shipbuilding,Shimonoseki,141.50,130.00,22.00,22.00,7.60,6.22,1.38,NKK Corporation,Semt Pielstick SA,Bangladesh Breakers,—,—,—,—,—,—,—,—,—,—,—,—,—,—,—,—,—,—,—,—,—,8905373,—,6040,8100,14PC2-6V-400
passenger (cruise),222300,Asuka II,Live,Japan,20880,1990,10'-60'gt,8642,Single,7JBI,50444,2100,Mitsubishi Heavy Industries Limited Shipbuilding,Nagasaki,240.96,203.82,29.60,29.60,19.25,8.02,11.23,ABB OY,MAN Energy Solutions SE,NYK Cruises Company Limited,Japan,Yokohama,—,Nippon Yusen Kabushiki Kaisha (NYK Line) (Nippon Yusen Kaisha),Japan,NYK Cruises Company Limited,Japan,NYK Cruises Company Limited,Japan,NYK Cruises Company Limited,Japan,—,—,—,—,NYK Cruises Company Limited,Japan,Unknown,Unknown,Unknown Scrubber Manufacturer,—,8806204,432545000,12000,11746,8L58/64
passenger (cruise),222473,Cruise One,Live,Malta,1378,1990,2'-10'gt,796,Single,9HJU9,4077,44,Cantieri Navale Ferrari S.p.A.,La Spezia,88.30,74.66,15.60,15.31,8.41,3.99,4.42,Alpha Diesels A/S,Alpha Diesels A/S,Platinum Yachts FZCO,United Arab Emirates,Valletta,—,Platinum Yachts FZCO,United Arab Emirates,Platinum Yachts FZCO,United Arab Emirates,Cruise 1 Shipping Incorporated,Greece,Platinum Yachts FZCO,United Arab Emirates,—,—,—,—,—,—,—,—,—,—,8708658,249073000,2555,3426,12V28/32
passenger (cruise),222474,Mantra,Live,Bahamas,1223,1990,2'-10'gt,796,Double Bottom,C6EP2,4203,45,Cantieri Navale Ferrari S.p.A.,La Spezia,88.16,74.66,15.30,15.30,5.70,4.00,1.71,"MAN B&W Diesel AS, Alpha Diesel",Alpha Diesels A/S,Unknown Owners,—,Nassau,—,Unknown Owners,—,Unknown Owners,—,Mantra Sea Hermes Limited,Marshall Islands,Campbell Cruise And Yacht Management Limited,Bahamas,—,—,—,—,Campbell Cruise And Yacht Management Limited,Bahamas,—,—,—,—,8708660,311000960,2520,3424,12V28/32
passenger (cruise),222475,Corinthian,Live,Malta,1223,1990,2'-10'gt,513,Single,9HUT9,4077,46,Cantieri Navale Ferrari S.p.A.,La Spezia,89.35,74.85,15.31,15.30,8.43,4.00,4.43,"MAN B&W Diesel AS, Alpha Diesel",Alpha Diesels A/S,Grand Circle Cruise Lines LLC,United States of America,Valletta,—,Grand Circle Corporation,United States of America,Grand Circle Cruise Lines LLC,United States of America,GCCL (Malta) Fleet 4 Limited,Malta,Grand Circle Dubrovnik Doo,Republic of Croatia,Travel Dynamics International Limited,United States of America,—,—,Grand Circle Dubrovnik Doo,Republic of Croatia,—,—,—,—,8708672,249556000,2520,3424,12V28/32F
passenger (cruise),222615,Doulos Hope,Live,Malta,1011,1991,2'-10'gt,598,Double Bottom,9HA5843,3370,648,Flender Werft AG,Flensburg,82.20,70.30,16.50,14.00,7.00,3.71,0.72,Deutz AG,Deutz MWM AG,GBA Ships e.V.,Germany,Valletta,—,GBA Ships e.V.,Germany,GBA Ships e.V.,Germany,GBA Hope Limited,Malta,GBA Ships e.V.,Germany,—,—,—,—,GBA Ships e.V.,Germany,—,—,—,—,8705278,256447000,1693,2270,TBD604BV16
passenger (cruise),222700,Matilda,Live,Finland,315,1963,-2'gt,—,Single,OJKO,1047,265,Rauma-Repola Oy,Loviisa,57.17,—,13.00,13.00,—,2.20,—,—,SAAB-Scania A/B,Sunborn International,Finland,Turku,—,Sunborn International,Finland,Sunborn International,Finland,Rehab Group OY,Finland,Sunborn International,Finland,—,—,—,—,—,—,—,—,—,—,8874419,—,533,715,SCANIA DIESEL
passenger (cruise),223027,Ortelius,Live,Netherlands,1417,1989,2'-10'gt,804,Single,PCGQ,4575,3,Stocznia im. Komuny Paryskiej,Gdynia,91.25,77.99,17.61,17.20,10.30,5.30,5.00,Zaklady Urzadzen Technicznych Zgoda,Sulzer Turbomachinery Services,Oceanwide Expeditions B.V.,Netherlands,—,—,Oceanwide Expeditions B.V.,Netherlands,Oceanwide Expeditions B.V.,Netherlands,Ortelius Scheepsreizen B.V.,Netherlands,Oceanwide Marine Services B.V.,Netherlands,—,—,—,—,Oceanwide Marine Services B.V.,Netherlands,—,—,—,—,8509181,244180151,3244,4350,6ZL40/48
passenger (cruise),223067,Empress,Live,Bahamas,26821,1990,10'-60'gt,4978,Single,C6CM8,48563,G29,Chantiers de l'Atlantique,St. Nazaire,210.81,176.00,34.40,30.70,21.10,21.10,0.00,Societe Moteurs Duvant Crepelle,Wartsila Corporation,Waterways Leisure Tourism Private Limited,India,Nassau,—,Dream Hotel Group LLC,United States of America,Waterways Leisure Tourism Private Limited,India,Bay Cruise Investments Incorporated,British Virgin Islands,Campbell Cruise And Yacht Management Limited,Bahamas,—,—,—,—,Campbell Cruise And Yacht Management Limited,Bahamas,—,—,—,—,8716899,311000515,4106,5506,8R32
passenger (cruise),223232,Ori,Dead,Comoros,25316,1990,10'-60'gt,5632,Single,—,47427,619,Meyer Werft GmbH (Dormant),Papenburg,208.00,175.03,29.00,29.00,10.10,7.70,2.40,MAN Energy Solutions SE,MAN Energy Solutions SE,Rota Shipping Inc.,—,Moroni,—,—,—,—,—,—,—,—,—,—,—,—,—,—,—,—,—,—,—,8807088,—,5059,6784,9L40/54
passenger (cruise),223407,Carnival Ecstasy,Live,Panama,43450,1991,60'-100'gt,7200,Single,H3GR,70367,480,Kvaerner Masa Yards Incorporated,Helsinki,262.01,224.01,31.51,31.51,13.52,7.85,5.67,Sulzer Mitsubishi,Sulzer Turbomachinery Services,Carnival Corporation (Carnival Cruise Line),United States of America,Panama,—,Carnival Corporation,United States of America,Carnival Corporation (Carnival Cruise Line),United States of America,Carnival Corporation (Carnival Cruise Line),United States of America,Carnival Corporation (Carnival Cruise Line),United States of America,—,—,—,—,Carnival Corporation (Carnival Cruise Line),United States of America,Unknown,Unknown,Unknown Scrubber Manufacturer,Retrofit,8711344,353479000,7137,9571,12ZAV40S
passenger (cruise),223427,Kanko Maru,Live,Japan,162,1988,-2'gt,135,Single,JM5708,353,1004,"Verolme Scheepswerf Heusden B.V. - NO LONGER BUILDERS, NOW SEE SCHEEPSWERF DE HOOP HEUSDEN B.V.",Heusden,65.80,—,10.00,10.00,5.80,4.20,1.60,Mitsubishi Heavy Industries Limited,Mitsubishi Heavy Industries Limited,Nagasaki Hollanda Mura K.K.,Japan,—,—,Nagasaki Hollanda Mura K.K.,Japan,Nagasaki Hollanda Mura K.K.,Japan,Nagasaki Hollanda Mura K.K.,Japan,Nagasaki Hollanda Mura K.K.,Japan,—,—,I.B.J. Leasing Company Limited,Japan,—,—,—,—,—,—,8824177,431002499,254,340,S6B-MPTA
passenger (cruise),224010,Vidanta World's Elegant,Live,Bahamas,5878,1990,10'-60'gt,1398,Single,C6HS2,15583,185,Union Naval de Levante S.A.,Valencia,152.50,125.49,20.60,19.80,7.10,5.82,1.28,Rolls-Royce Marine A/S,Rolls-Royce Marine A/S,Hoteles Dinamicos SA de CV,Mexico,Nassau,—,Hoteles Dinamicos SA de CV,Mexico,Hoteles Dinamicos SA de CV,Mexico,Hoteles Dinamicos SA de CV,Mexico,Bernhard Schulte Cruise Services GmbH & Company KG,Germany,—,—,—,—,Bernhard Schulte Cruise Services GmbH & Company KG,Germany,—,—,—,—,8709573,311001550,3353,4497,BRM-9
passenger (cruise),224240,Americana,Live,U.S.A.,801,1988,2'-10'gt,—,Single,WNAI,2354,—,FirstWave,Green Cove Springs,68.28,68.28,12.20,12.19,3.79,2.60,1.19,Caterpillar Incorporated,Caterpillar Incorporated,Absolute Nevada LLC,United States of America,New York,—,Absolute Nevada LLC,United States of America,Absolute Nevada LLC,United States of America,Absolute Nevada LLC,United States of America,Absolute Nevada LLC,United States of America,—,—,—,—,—,—,—,—,—,—,8949472,369039000,675,905,3508
passenger (cruise),224262,Crown Islander,Live,Unknown,86,1970,-2'gt,23,Single,—,289,19,Westamarin West A/S Shipbuilding,Mandal,37.00,—,7.40,—,—,—,—,MTU Friedrichshafen GmbH,Maybach Mercedes-Benz Motorenbau GmbH,William B. Kenon,United States of America,—,—,William B. Kenon,United States of America,William B. Kenon,United States of America,Arriscado Incorporated,Panama,William B. Kenon,United States of America,—,—,—,—,—,—,—,—,—,—,7033185,—,2565,3440,MD1081
passenger (cruise),224700,Aegean Paradise,Live,Panama,9008,1990,10'-60'gt,4863,Double Bottom,3EQQ5,23287,2987,IHI Corporation (Tokyo) - SEE NOW AS JAPAN MARINE UNITED CORPORATION (JMU),Tokyo,174.00,155.30,24.00,24.00,11.40,6.72,4.68,Ishikawajima-Harima Heavy Industries Company Limited,Semt Pielstick SA,New Century Maritime Hong Kong Limited,"Hong Kong, S.A.R., China",Panama,—,New Century Group Hong Kong Limited,Bermuda,New Century Maritime Hong Kong Limited,"Hong Kong, S.A.R., China",Kingston Maritime Limited,British Virgin Islands,Universal Shipmanagement Private Limited,Republic of Singapore,Ersoy Turistik Servisleri (ETSTUR) Anonim Sirketi,Turkiye,—,—,Universal Shipmanagement Private Limited,Republic of Singapore,—,—,—,—,8902333,374274000,6819,8420,12PC2.6V
passenger (cruise),224702,Nippon Maru,Live,Japan,7955,1990,10'-60'gt,4112,Single,JNNU,22472,1188,Mitsubishi Heavy Industries Limited Shipbuilding,Kobe,166.65,147.00,24.00,24.00,13.50,6.75,4.15,Mitsubishi Heavy Industries Limited,Mitsubishi Heavy Industries Limited,MOL Cruises Limited,Japan,Tokyo,—,Mitsui O.S.K. Lines Limited (MOL),Japan,MOL Cruises Limited,Japan,MOL Cruises Limited,Japan,MOL Cruises Limited,Japan,—,—,—,—,MOL Cruises Limited,Japan,Unknown,Unknown,Unknown Scrubber Manufacturer,Retrofit,8817631,431302000,7685,10448,8UEC52LA
passenger (cruise),224741,Caledonian Sky,Live,Bahamas,1263,1991,2'-10'gt,695,Single,C6ZO2,4200,1145,Nuovi Cantieri Apuania S.p.A.,Marina di Carrara,90.60,80.15,15.32,15.30,5.85,4.25,1.60,"MAN B&W Diesel AS, Alpha Diesel",Alpha Diesels A/S,Salen Ship Management AB,Sweden,Nassau,—,Clipper Group AS,Denmark,Salen Ship Management AB,Sweden,Caledonian Sky Incorporated,Bahamas,Delta Corp Ship Management DMCCO,United Arab Emirates,—,—,—,—,Delta Corp Ship Management DMCCO,United Arab Emirates,—,—,—,—,8802870,311061100,1760,2391,8L28/32A
passenger (cruise),224742,Sea Spirit,Live,Portugal,1263,1991,2'-10'gt,695,Single,CQEJ2,4200,1144,Nuovi Cantieri Apuania S.p.A.,Marina di Carrara,90.60,80.15,15.27,15.27,5.85,4.20,1.65,"MAN B&W Diesel AS, Alpha Diesel",Alpha Diesels A/S,SunStone Ships Incorporated,United States of America,Porto Santo,—,SunStone Maritime Group A/S,Denmark,SunStone Ships Incorporated,United States of America,Sea S Owner Unipessoal Lda,Portugal,Anglo-Eastern Cruise Management Incorporated,United States of America,—,—,—,—,Anglo-Eastern Cruise Management Incorporated,United States of America,—,—,—,—,8802868,255806397,1760,2391,8L28/32A-FHO
passenger (cruise),225102,Ambience,Live,Bahamas,35113,1991,60'-100'gt,6946,Double Bottom,C6FH4,70285,5840,Fincantieri-Cantieri Navali Italiani S.p.A. Monfalcone,Monfalcone,245.10,204.40,32.25,32.20,20.30,8.20,12.10,MAN Energy Solutions SE,MAN Energy Solutions SE,Ambassador Cruise Line Limited,United Kingdom,Nassau,—,ACL Holdings Limited,United Kingdom,Ambassador Cruise Line Limited,United Kingdom,Wake Asset Company Limited,British Virgin Islands,Bernhard Schulte Cruise Services GmbH & Company KG,Germany,—,—,—,—,Bernhard Schulte Cruise Services GmbH & Company KG,Germany,—,—,—,—,8521232,311001109,9854,13214,8L58/64
passenger (cruise),225360,Tara II,Dead,Panama,6253,1968,10'-60'gt,2500,Single,—,12068,—,Cockatoo Island Dockyard,Sydney,157.00,—,20.60,20.60,9.00,—,—,Sulzer Mitsubishi,Sulzer Turbomachinery Services,Lumen M.,—,Panama,—,—,—,—,—,—,—,—,—,—,—,—,—,—,—,—,—,—,—,8828903,—,5369,7200,6RD68
passenger (cruise),225521,Seaventure,Live,Bahamas,2073,1990,2'-10'gt,1238,Single,C6IC6,6752,1182,Mitsubishi Heavy Industries Limited Shipbuilding,Kobe,111.51,98.00,17.00,17.00,6.61,4.80,1.81,Daihatsu Diesel Manufacturing Company Limited,Daihatsu Diesel Manufacturing Company Limited,Guangdong (Hong Kong) International Travel Service Limited,"Hong Kong, S.A.R., China",Nassau,—,Guangdong Provincial People's Government State-owned Assets Supervision & Administration Commission,People's Republic of China,Guangdong (Hong Kong) International Travel Service Limited,"Hong Kong, S.A.R., China",Seaventure Holding (Hong Kong) Company Limited,"Hong Kong, S.A.R., China",Guangdong (Hong Kong) International Travel Service Limited,"Hong Kong, S.A.R., China",66 Expeditions Cruises (HK) Company Limited,"Hong Kong, S.A.R., China",—,—,—,—,—,—,—,—,8907424,311001633,2092,2805,8DKM-32
passenger (cruise),225553,Terra Australis,Dead,Chile,580,1984,-2'gt,139,Single,—,1889,32,Chesapeake Shipbuilding Incorporated,Baltimore,64.00,—,12.80,—,3.70,2.40,1.30,—,Detroit Diesel Corporation,Cruceros A.,—,—,—,—,—,—,—,—,—,—,—,—,—,—,—,—,—,—,—,—,—,8837435,—,761,1020,16V-92
passenger (cruise),226276,Nicobar,Live,India,4740,1991,10'-60'gt,4963,Single,VTWS,14195,561/01,Stocznia Szczecinska Nowa Sp. z o.o.,Szczecin,157.00,143.90,21.00,20.72,12.82,6.71,6.11,Zaklady Przemyslu Metalowego H. Cegielski S.A.,B&W Diesel A/S,"Directorate of Shipping Services, Andaman & Nicobar Administration",India,Mumbai,39,Government of The Republic of India,India,"Directorate of Shipping Services, Andaman & Nicobar Administration",India,"Directorate of Shipping Services, Andaman & Nicobar Administration",India,The Shipping Corporation of India Limited (SCI),India,—,—,—,—,The Shipping Corporation of India Limited (SCI),India,—,—,—,—,8606161,419330000,2643,3544,6L35MC
passenger (cruise),227005,Crown Diver,Live,Panama,174,1968,-2'gt,23,Single,—,298,15,Westamarin West A/S Shipbuilding,Mandal,37.00,—,16.00,—,3.90,1.20,2.70,—,Unknown Engine Designer,Stabbert & Associates,United States of America,Panama,—,Stabbert & Associates,United States of America,Stabbert & Associates,United States of America,Stabbert & Associates,United States of America,Stabbert & Associates,United States of America,—,—,—,—,—,—,—,—,—,—,6825787,—,172,231,MD1081
passenger (cruise),227042,Niaga Express I,Live,Indonesia,73,1989,-2'gt,—,Single,YE4155,107,—,Chiong Brothers Shipyard Company,"",—,32.45,—,4.88,1.98,1.00,0.98,—,Unknown Engine Designer,PT PANN (Persero),Indonesia,Jakarta,—,Government of Indonesia,Indonesia,PT PANN (Persero),Indonesia,PT PANN (Persero),Indonesia,PT PANN (Persero),Indonesia,—,—,—,—,—,—,—,—,—,—,—,—,172,231,8V-71-N
passenger (cruise),227122,Monarch,Dead,Malta,47505,1991,60'-100'gt,7357,Single,9HA3314,73937,A30,Chantiers de l'Atlantique,St. Nazaire,268.32,236.00,36.00,32.20,9.70,7.55,2.15,Chantiers de l'Atlantique,Semt Pielstick SA,Turkish Breakers,—,Valletta,—,—,—,—,—,—,—,—,—,—,—,—,—,—,—,—,—,—,—,8819500,—,5474,7341,9PC20L400
passenger (cruise),227544,Fantome,Dead,Equatorial Guinea,310,1927,-2'gt,—,Double Bottom,—,676,—,—,Italy,85.00,—,12.20,—,—,5.80,—,—,Unknown Engine Designer,Windjammer B.,—,—,—,—,—,—,—,—,—,—,—,—,—,—,—,—,—,—,—,—,—,8845860,—,895,1200,UNKNOWN
passenger (cruise),227710,Delfini XXX,Live,Greece,277,1987,-2'gt,37,Single,SX6722,394,—,Theodosia Shipyard,Theodosia,44.20,—,12.00,—,1.95,1.20,0.80,—,Niigata Shipbuilding & Repair Incorporated,Thirian Coastlines Shipping Company,Greece,Piraeus,—,Thirian Coastlines Shipping Company,Greece,Thirian Coastlines Shipping Company,Greece,Thirian Coastlines Shipping Company,Greece,Thirian Coastlines Shipping Company,Greece,Lindaliini AS,Republic of Estonia,—,—,—,—,—,—,—,—,8727575,237006400,1641,2201,6M37
passenger (cruise),230023,Surigao del Sur,Dead,Philippines,—,1966,-2'gt,—,Single,—,491,—,—,Philippines,—,—,—,—,—,—,—,—,Unknown Engine Designer,—,—,—,—,—,—,—,—,—,—,—,—,—,—,—,—,—,—,—,—,—,—,—,—,—,—,UNKNOWN
passenger (cruise),230024,Bartolome II,Dead,Ecuador,118,1986,-2'gt,—,Single,—,157,—,—,U.S.A.,—,—,—,—,—,—,—,—,Unknown Engine Designer,—,—,—,—,—,—,—,—,—,—,—,—,—,—,—,—,—,—,—,—,—,—,—,—,—,—,UNKNOWN
passenger (cruise),23011,Rex Fortune,Live,Jamaica,3724,1974,2'-10'gt,1377,Double Bottom,6YSL9,9848,404,Helsingor Vaerft A/S,Denmark,130.21,—,19.50,19.20,12.00,5.30,6.70,Mak Motoren GmbH & Company KG,Mak Motoren GmbH & Company KG,Century Crest Limited,"Hong Kong, S.A.R., China",Montego Bay,—,Century Crest Limited,"Hong Kong, S.A.R., China",Century Crest Limited,"Hong Kong, S.A.R., China",Star Sail Investments Limited,"Hong Kong, S.A.R., China",Tower Hill Ship Management Limited,"Hong Kong, S.A.R., China",—,—,—,—,Tower Hill Ship Management Limited,"Hong Kong, S.A.R., China",—,—,—,—,7346934,339300930,5597,7500,12MU551AK
passenger (cruise),230146,Tatamailau,Live,Indonesia,1812,1990,2'-10'gt,1399,Double Bottom,YEIT,6041,628,Meyer Werft GmbH (Dormant),Papenburg,99.80,90.50,18.00,18.00,9.40,4.20,5.20,Fried. Krupp AG Hoesch-Krupp,Mak Motoren GmbH & Company KG,Directorate General of Land Transportation (Direktorat Jenderal Perhubungan Darat),Indonesia,Jakarta,—,Government of Indonesia,Indonesia,Directorate General of Land Transportation (Direktorat Jenderal Perhubungan Darat),Indonesia,Directorate General of Land Transportation (Direktorat Jenderal Perhubungan Darat),Indonesia,Directorate General of Land Transportation (Direktorat Jenderal Perhubungan Darat),Indonesia,—,—,—,—,—,—,—,—,—,—,8915639,525005012,1622,2176,6MU453C
passenger (cruise),230160,Billis,Dead,Cyprus,130,—,-2'gt,—,Single,—,196,—,—,"",—,—,—,—,—,—,—,—,Unknown Engine Designer,—,—,—,—,—,—,—,—,—,—,—,—,—,—,—,—,—,—,—,—,—,—,—,—,—,—,UNKNOWN
passenger (cruise),230445,Singa,Dead,Palau,25488,1992,10'-60'gt,4915,Single,—,47413,620,Meyer Werft GmbH (Dormant),Papenburg,208.00,175.03,29.00,29.00,24.10,7.70,16.40,MAN Energy Solutions SE,MAN Energy Solutions SE,Indian Breakers,—,—,—,—,—,—,—,—,—,—,—,—,—,—,—,—,—,—,—,—,—,8918136,—,5059,6784,9L40/54
passenger (cruise),231033,Heritage Adventurer,Live,Portugal,2573,1991,2'-10'gt,1177,Single,CQAL6,8445,306,Rauma-Repola Oy,Savonlinna,124.89,105.45,18.00,18.00,7.00,4.90,2.10,Fried. Krupp AG Hoesch-Krupp,Mak Motoren GmbH & Company KG,Nordic Hamburg Shipmanagement GmbH & Company KG,Germany,Madeira,—,Nordic Hamburg Shipping NHS GmbH & Company KG,Germany,Nordic Hamburg Shipmanagement GmbH & Company KG,Germany,Nordic Heritage Expedition Cruise GmbH & Company KG,Germany,Nordic Cruise Management GmbH & Company KG,Germany,Heritage Expeditions Limited,New Zealand,—,—,Nordic Cruise Management GmbH & Company KG,Germany,—,—,—,—,9000168,255806208,2981,3997,8M453
passenger (cruise),231150,Maragaritaville At Sea Paradise,Live,Bahamas,26486,1991,10'-60'gt,6724,Double Bottom,C6EQ3,53015,5877,Fincantieri-Cantieri Navali Italiani S.p.A. Venice,Venice,220.62,182.00,30.80,30.80,15.65,7.60,2.26,New Sulzer Diesel Limited,Sulzer Turbomachinery Services,Margaritaville at Sea,United States of America,Nassau,—,Margaritaville at Sea,United States of America,Margaritaville at Sea,United States of America,Paradise Cruise Line Owner Limited,Bahamas,Anglo-Eastern Cruise Management Incorporated,United States of America,—,—,—,—,Anglo-Eastern Cruise Management Incorporated,United States of America,—,—,—,—,8716502,311000969,5760,7826,8ZAL40S
passenger (cruise),231203,Chang Hu,Live,China,2631,1974,2'-10'gt,2000,Single,—,5926,—,—,China,138.00,—,17.60,—,—,7.00,—,Hudong Heavy Machinery Company Limited,Halliburton Productos Limitada,China COSCO Shipping Corporation Limited (China Cosco Shipping Group) (COSCO Shipping) (COSCOCS),People's Republic of China,—,—,China COSCO Shipping Corporation Limited (China Cosco Shipping Group) (COSCO Shipping) (COSCOCS),People's Republic of China,China COSCO Shipping Corporation Limited (China Cosco Shipping Group) (COSCO Shipping) (COSCOCS),People's Republic of China,China COSCO Shipping Corporation Limited (China Cosco Shipping Group) (COSCO Shipping) (COSCOCS),People's Republic of China,China COSCO Shipping Corporation Limited (China Cosco Shipping Group) (COSCO Shipping) (COSCOCS),People's Republic of China,—,—,—,—,—,—,—,—,—,—,7741768,—,4401,5902,6ESDZ43/82B
passenger (cruise),231205,Chang Ken,Live,China,2631,1974,2'-10'gt,2000,Single,—,5926,—,—,China,138.00,—,17.60,—,—,7.00,—,Hudong Heavy Machinery Company Limited,Halliburton Productos Limitada,"Government of China, (The People's Republic of)",People's Republic of China,—,—,"Government of China, (The People's Republic of)",People's Republic of China,"Government of China, (The People's Republic of)",People's Republic of China,"Government of China, (The People's Republic of)",People's Republic of China,"Government of China, (The People's Republic of)",People's Republic of China,—,—,—,—,—,—,—,—,—,—,7741794,—,4401,5902,6ESDZ43/82B
passenger (cruise),231240,Star Flyer,Live,Malta,838,1991,2'-10'gt,300,Single,9HA2512,2298,2183,Scheepswerf van Langerbrugge,Ghent,111.57,70.30,15.14,15.10,9.10,5.50,3.60,Caterpillar Incorporated,Caterpillar Incorporated,Malta International Shipping Services Limited,Malta,Valletta,—,Star Clippers Monaco S.A.M.,Monaco,Malta International Shipping Services Limited,Malta,SPV Star Flyer Limited,Liberia,Star Clippers Monaco S.A.M.,Monaco,—,—,—,—,Star Clippers Monaco S.A.M.,Monaco,—,—,—,—,8915433,248785000,1028,1379,3512
passenger (cruise),231302,Star Clipper,Live,Malta,838,1992,2'-10'gt,300,Single,9HA2513,2298,2184,Scheepswerf van Langerbrugge,Ghent,111.57,70.30,15.14,15.10,9.10,4.70,4.40,Caterpillar Incorporated,Caterpillar Incorporated,Malta International Shipping Services Limited,Malta,Valletta,—,Star Clippers Monaco S.A.M.,Monaco,Malta International Shipping Services Limited,Malta,SPV Star Clipper Limited,Liberia,Star Clippers Monaco S.A.M.,Monaco,—,—,—,—,Star Clippers Monaco S.A.M.,Monaco,—,—,—,—,8915445,248786000,1029,1380,3512DITA
passenger (cruise),231306,Zoe,Dead,Comoros,20073,2008,10'-60'gt,5000,Single,—,50000,494/04,Stocznia Gdansk Shipbuilding,Gdansk,228.60,195.35,28.50,—,17.40,6.70,10.70,Wartsila Finland oy,Wartsila Corporation,Jay M.,—,Moroni,—,—,—,—,—,—,—,—,—,—,—,—,—,—,—,—,—,—,—,7907685,—,12666,17221,8R46
passenger (cruise),231403,Oriental Queen,Live,Unknown,2346,1981,2'-10'gt,3052,Single,—,7820,—,Hudong-Zhonghua Shipbuilding (Group) Company Limited,Shanghai,137.85,124.00,17.60,17.60,8.40,6.02,2.38,Hudong Heavy Machinery Company Limited,Halliburton Productos Limitada,Zhejiang East Haihong HK,"Hong Kong, S.A.R., China",—,—,Zhejiang East Haihong HK,"Hong Kong, S.A.R., China",Zhejiang East Haihong HK,"Hong Kong, S.A.R., China",Zhejiang East Haihong HK,"Hong Kong, S.A.R., China",Guangxi Beibu Gulf Cruise Terminal Company Limited,People's Republic of China,—,—,—,—,Guangxi Beibu Gulf Cruise Terminal Company Limited,People's Republic of China,—,—,—,—,8425115,—,6711,9000,9ESDZ43/82B
passenger (cruise),231407,Shang Jun Yi Hao,Live,China,3847,1980,2'-10'gt,3052,Single,—,7669,—,Hudong-Zhonghua Shipbuilding (Group) Company Limited,Shanghai,138.00,124.00,17.60,17.60,8.40,6.02,2.38,Hudong Heavy Machinery Company Limited,Halliburton Productos Limitada,Unknown Owners,—,—,—,Unknown Owners,—,Unknown Owners,—,Unknown Owners,—,Unknown Owners,—,—,—,—,—,—,—,—,—,—,—,8425141,—,6711,9000,9ESDZ43/82B
passenger (cruise),231510,Fa Yu,Live,China,1662,1978,2'-10'gt,779,Single,BLPG2,2715,—,CSSC Offshore & Marine Engineering Group Company Limited,Guangzhou,94.00,—,13.80,—,7.50,5.60,1.90,—,Unknown Engine Designer,Guangzhou Maritime Transport (Group) Company,People's Republic of China,—,—,China COSCO Shipping Corporation Limited (China Cosco Shipping Group) (COSCO Shipping) (COSCOCS),People's Republic of China,Guangzhou Maritime Transport (Group) Company,People's Republic of China,Guangzhou Maritime Transport (Group) Company,People's Republic of China,Guangzhou Maritime Transport (Group) Company,People's Republic of China,—,—,—,—,—,—,—,—,—,—,8426559,412402810,1745,2340,6K45GF
passenger (cruise),231725,Saipan Star,Live,Bahamas,6546,1992,10'-60'gt,1956,Single,C6OP6,18400,310,STX Finland OY - SEE NOW AS Arctech Helsinki Shipyard Incorporated,Finland,129.00,116.00,32.00,32.00,15.50,8.41,7.09,Wartsila Finland oy,Wartsila Corporation,United Empire Investments Limited,Malaysia,Nassau,—,United Empire Investments Limited,Malaysia,United Empire Investments Limited,Malaysia,United Empire Investments Limited,Malaysia,Wilhelmsen Ship Management Sendirian Berhad,Malaysia,—,—,—,—,Wilhelmsen Ship Management Sendirian Berhad,Malaysia,—,—,—,—,9008407,309788000,2874,3854,8R32
passenger (cruise),232014,Sirimau,Live,Indonesia,1806,1991,2'-10'gt,1400,Double Bottom,YEIU,6022,629,Meyer Werft GmbH (Dormant),Papenburg,99.00,90.50,18.00,18.00,4.20,4.20,0.00,Fried. Krupp AG Hoesch-Krupp,Mak Motoren GmbH & Company KG,P.T. (PELNI) Pelayaran Nasional Indonesia (Persero),Indonesia,Jakarta,—,Government of Indonesia,Indonesia,P.T. (PELNI) Pelayaran Nasional Indonesia (Persero),Indonesia,P.T. (PELNI) Pelayaran Nasional Indonesia (Persero),Indonesia,P.T. (PELNI) Pelayaran Nasional Indonesia (Persero),Indonesia,—,—,—,—,P.T. (PELNI) Pelayaran Nasional Indonesia (Persero),Indonesia,—,—,—,—,8915641,525005013,1622,2175,6MU453C
passenger (cruise),232315,Xin Hai 5,Live,China,291,1980,-2'gt,—,Single,—,699,—,—,"",—,—,—,—,—,—,—,—,Unknown Engine Designer,"Government of China, (The People's Republic of)",People's Republic of China,—,—,"Government of China, (The People's Republic of)",People's Republic of China,"Government of China, (The People's Republic of)",People's Republic of China,"Government of China, (The People's Republic of)",People's Republic of China,"Government of China, (The People's Republic of)",People's Republic of China,—,—,—,—,—,—,—,—,—,—,8836792,412522790,—,—,R8V22/30ATL
passenger (cruise),232673,Gulf Fantasy,Dead,United Arab Emirates,3401,1961,2'-10'gt,1800,Single,—,7363,—,—,Germany,141.00,—,17.60,—,8.30,5.60,2.70,—,Unknown Engine Designer,—,—,—,—,—,—,—,—,—,—,—,—,—,—,—,—,—,—,—,—,—,—,5121835,—,1715,2300,UNKNOWN
passenger (cruise),232703,Crown Iris,Live,Panama,22361,1992,10'-60'gt,2700,Single,3EGC6,41662,1312,STX Finland OY - SEE NOW AS Arctech Helsinki Shipyard Incorporated,Turku,207.10,185.80,33.20,27.60,14.00,6.20,7.80,Wartsila Finland oy,Wartsila Corporation,Mano Maritime Limited,Israel,Panama,—,Mano M Holdings Limited,Israel,Mano Maritime Limited,Israel,Universe Cruises Limited,Liberia,Mano Maritime Limited,Israel,—,—,—,—,Mano Maritime Limited,Israel,—,—,—,—,8814744,370610000,5280,7174,6R46
passenger (cruise),232750,Star Legend,Live,Bahamas,3023,1992,10'-60'gt,5170,Single,C6FR6,12969,1071,SSW Fahr und Spezialschiffbau GmbH,Bremerhaven,160.60,112.40,20.50,19.00,6.60,5.50,1.10,Ulstein Bergen AS,Rolls-Royce Marine A/S,Windstar Cruises LLC,United States of America,Nassau,—,Carnival Corporation,United States of America,Windstar Cruises LLC,United States of America,Windstar Cruises Marshall Islands LLC,United States of America,Windstar Cruises Marshall Islands LLC,United States of America,—,—,—,—,Windstar Cruises Marshall Islands LLC,United States of America,—,—,—,—,9008598,311085000,2192,2978,KVMB-12
passenger (cruise),232752,Majesty of the Oceans,Live,Bahamas,47599,1992,60'-100'gt,6953,Single,C6FZ8,74077,B30,Chantiers de l'Atlantique,St. Nazaire,268.32,236.00,36.00,32.20,9.70,7.88,1.82,Chantiers de l'Atlantique,Semt Pielstick SA,Eaglepower Shipping Limited,Cyprus,Nassau,—,Iliopoulos family group of companies,Greece,Eaglepower Shipping Limited,Cyprus,Majesty of the Oceans Incorporated,Liberia,Eaglepower Shipping Limited,Cyprus,—,—,—,—,Eaglepower Shipping Limited,Cyprus,Unknown,Unknown,Unknown Scrubber Manufacturer,Retrofit,8819512,311734000,5535,7423,9PC20L400
passenger (cruise),233066,Le Ponant,Live,Wallis & Futuna,955,1991,-2'gt,1071,Single,FGZZ,1189,863-1,Societe Francaise de Construction Navals,Asnieres-sur-Seine,88.55,73.00,11.90,11.90,5.20,4.10,0.28,Deutz MWM AG,Deutz MWM AG,Compagnie du Ponant (PONANT),France,Matautu,—,Compagnie du Ponant (PONANT),France,Compagnie du Ponant (PONANT),France,Brama SASU,France,Compagnie du Ponant (PONANT),France,—,—,—,—,Compagnie du Ponant (PONANT),France,—,—,—,—,8914219,—,1680,2283,TBD620V16
passenger (cruise),233477,Amadea,Live,Bahamas,10275,1991,10'-60'gt,3938,Single,C6VE9,29008,2050,Mitsubishi Heavy Industries Limited Shipbuilding,Nagasaki,192.82,160.00,24.70,24.70,15.95,6.70,9.25,Mitsubishi Heavy Industries Limited,MAN Energy Solutions SE,Phoenix Reisen GmbH,Germany,Nassau,—,Phoenix Reisen GmbH,Germany,Phoenix Reisen GmbH,Germany,Amadea Shipping Company Limited,Bahamas,Bernhard Schulte Cruise Services GmbH & Company KG,Germany,—,—,—,—,Bernhard Schulte Cruise Services GmbH & Company KG,Germany,—,—,—,—,8913162,308445000,7887,10577,7L58/64
passenger (cruise),233620,Club Med 2,Live,France,5053,1992,10'-60'gt,1664,Single,FNIR,14983,282,ACH - Construction Navale,Le Havre,182.00,156.36,20.00,20.00,8.00,5.10,2.92,GEC Alsthom,G E C Alsthom Ruston Diesels Limited,Fosun Tourism Group,"Hong Kong, S.A.R., China",—,—,Fosun Tourism Group,"Hong Kong, S.A.R., China",Fosun Tourism Group,"Hong Kong, S.A.R., China",Club Med Marine SAS,France,Columbia Cruise Services GmbH & Company KG,Germany,—,—,—,—,Columbia Cruise Services GmbH & Company KG,Germany,—,—,—,—,9007491,227194000,2945,3304,N3PX630K6
passenger (cruise),233703,Hebridean Sky,Live,Bahamas,1286,1991,2'-10'gt,551,Single,C6BG2,4200,1146,Nuovi Cantieri Apuania S.p.A.,Marina di Carrara,90.60,80.15,15.30,15.30,5.85,4.25,1.60,"MAN B&W Diesel AS, Alpha Diesel",Alpha Diesels A/S,Mauritius Island Cruises,Mauritius,Nassau,—,Mauritius Island Cruises,Mauritius,Mauritius Island Cruises,Mauritius,Hebridean Sky Shipping Incorporated,Bahamas,Salen Ship Management AB,Sweden,—,—,—,—,Salen Ship Management AB,Sweden,—,—,—,—,8802882,311000253,1760,2393,8L28/32AF
passenger (cruise),234137,Gemini,Live,Bahamas,8468,1992,10'-60'gt,1860,Double Bottom,C6AY8,19093,197,Union Naval de Levante S.A.,Valencia,163.81,139.83,22.52,22.50,7.20,5.40,1.80,Wartsila Iberica SA,Wartsila Corporation,Unknown Owners,—,Nassau,—,Unknown Owners,—,Unknown Owners,—,Mirayint Cruises Limited,Marshall Islands,Miray Gemicilik Isletme ve Personel Ticaret Limited Sirketi,Turkiye,—,—,—,—,Miray Gemicilik Isletme ve Personel Ticaret Limited Sirketi,Turkiye,—,—,—,—,9000687,311000160,3280,4457,8R32
passenger (cruise),234351,New Dawn,Live,Malta,11744,1980,10'-60'gt,1703,Double Bottom,9HA2978,25611,1247,STX Finland OY - SEE NOW AS Arctech Helsinki Shipyard Incorporated,Turku,158.88,139.76,25.20,25.18,15.60,5.91,9.69,Wartsila Finland oy,Semt Pielstick SA,Celestyal Cruises EPE,Greece,Valletta,—,"Searchlight Capital Partners, L.P.",United States of America,Celestyal Cruises EPE,Greece,Cristal Trading OPCO LLC,Greece,Optimum Shipmanagement Services S.A.,Greece,—,—,—,—,Optimum Shipmanagement Services S.A.,Greece,—,—,—,—,7827213,229001000,4847,6500,12PC2-5V-400
passenger (cruise),234445,Quest,Live,Faroe Islands,405,1992,-2'gt,170,Double Hull,OZ2178,1268,157,Orskov Yard A/S,Frederikshavn,45.61,43.46,11.10,11.00,4.56,3.50,3.55,"MAN B&W Diesel AS, Alpha Diesel",Alpha Diesels A/S,Norwegian Marine Services AS,Norway,Torshavn,—,Clarksons Norway AS,Norway,Norwegian Marine Services AS,Norway,Northern Expeditions AS,Norway,Vestland Marine Spolka Z.O.O.,Poland,—,—,—,—,Vestland Marine Spolka Z.O.O.,Poland,—,—,—,—,8913904,231763000,1470,1997,6L28/32
passenger (cruise),234754,Zhong Shan Hu,Live,China,92,1990,-2'gt,28,Single,BXDM,306,—,Italthai Marine Company Limited,Bangkok,32.00,—,9.60,—,3.70,1.20,2.50,Deutz MWM AG,Deutz MWM AG,Damaiyu Wharf High Speed Passenger Ship Company Limited,People's Republic of China,—,—,Damaiyu Wharf High Speed Passenger Ship Company Limited,People's Republic of China,Damaiyu Wharf High Speed Passenger Ship Company Limited,People's Republic of China,Damaiyu Wharf High Speed Passenger Ship Company Limited,People's Republic of China,Damaiyu Wharf High Speed Passenger Ship Company Limited,People's Republic of China,—,—,—,—,—,—,—,—,—,—,8843824,—,940,1260,TBD604BV12
passenger (cruise),23507,Titan,Dead,St. Kitts-Nevis,6158,1975,10'-60'gt,3000,Single,—,15402,1213,STX Finland OY - SEE NOW AS Arctech Helsinki Shipyard Incorporated,Turku,156.27,134.02,22.05,21.80,16.31,5.92,10.39,Wartsila Finland oy,Semt Pielstick SA,Salamis Lines,—,—,—,—,—,—,—,—,—,—,—,—,—,—,—,—,—,—,—,—,—,7359400,—,6711,9000,18PC2-2V-400
passenger (cruise),235201,Island Sky,Live,Bahamas,1286,1992,2'-10'gt,695,Single,C6TQ2,4200,1147,Nuovi Cantieri Apuania S.p.A.,Marina di Carrara,90.60,78.78,15.30,15.30,5.85,4.25,1.60,"MAN B&W Diesel AS, Alpha Diesel",Alpha Diesels A/S,Mauritius Island Cruises,Mauritius,Nassau,—,Mauritius Island Cruises,Mauritius,Mauritius Island Cruises,Mauritius,Island Sky Shipping Incorporated,United Kingdom,FleetPro Ocean Incorporated,United States of America,Noble Caledonia Limited,United Kingdom,—,—,Salen Ship Management AB,Sweden,—,—,—,—,8802894,311743000,1760,2391,8L28/32AF
passenger (cruise),23547,Liberty,Dead,Liberia,15536,1963,10'-60'gt,8820,Double Bottom,—,30361,1863,Cantieri Riuniti Dell'Adriatico,Monfalcone,213.00,188.70,28.60,28.60,14.55,8.65,5.90,Fincantieri-Cantieri Navali Italiani S.p.A.,Unknown Engine Designer,Costa Crociere,—,Monrovia,—,—,—,—,—,—,—,—,—,—,—,—,—,—,—,—,—,—,—,5137391,—,16364,36000,UNKNOWN
passenger (cruise),235614,Narkom Pakhomov,Live,Russia,—,1990,2'-10'gt,—,Single,—,3380,—,—,U.S.S.R.,—,—,—,—,—,—,—,—,Unknown Engine Designer,Unknown Owners,—,—,—,Unknown Owners,—,Unknown Owners,—,Unknown Owners,—,Unknown Owners,—,—,—,—,—,—,—,—,—,—,—,—,273314500,2550,3420,12V28/32
passenger (cruise),235777,Coral Princess,Dead,Maldives,567,1985,-2'gt,320,Single,8QCA,779,—,Seaconstruct Private Limited,Singapore,43.00,37.92,12.90,12.90,3.00,2.20,0.80,—,Unknown Engine Designer,Eastinvest,—,Male,—,—,—,—,—,—,—,—,—,—,—,—,—,—,—,—,—,—,—,8836443,—,1984,2660,UNKNOWN
passenger (cruise),2360103,Zalophus,Live,U.S.A.,61,1981,-2'gt,—,Single,WCX7198,89,13,Gamage Shipbuilding Incorporated,U.S.A.,35.00,—,8.00,—,—,—,—,—,Unknown Engine Designer,Golden Gate Scenic Steamship Corporation,United States of America,New London,—,Golden Gate Scenic Steamship Corporation,United States of America,Golden Gate Scenic Steamship Corporation,United States of America,Golden Gate Scenic Steamship Corporation,United States of America,Golden Gate Scenic Steamship Corporation,United States of America,—,—,—,—,—,—,—,—,—,—,—,367305030,—,—,UNKNOWN
passenger (cruise),236115,Arius,Dead,St. Kitts-Nevis,28920,1993,10'-60'gt,6731,Single,—,51309,D30,Chantiers de l'Atlantique,St. Nazaire,229.84,199.80,32.10,28.50,9.66,7.01,2.65,MAN Energy Solutions SE,MAN Energy Solutions SE,Indian Breakers,—,Basseterre,—,—,—,—,—,—,—,—,—,—,—,—,—,—,—,—,—,—,—,9008421,—,4724,6335,8L40/54
passenger (cruise),236116,Gem,Dead,St. Kitts-Nevis,28641,1992,10'-60'gt,6731,Single,—,50764,C30,Chantiers de l'Atlantique,St. Nazaire,229.84,199.80,32.10,28.50,17.83,7.00,10.83,MAN Energy Solutions SE,MAN Energy Solutions SE,Indian Breakers,—,—,—,—,—,—,—,—,—,—,—,—,—,—,—,—,—,—,—,—,—,9008419,—,4724,6335,8L40/54
passenger (cruise),236362,Awu,Live,Indonesia,1812,1991,2'-10'gt,1405,Single,YEIV,6022,630,Meyer Werft GmbH (Dormant),Papenburg,99.00,91.50,18.00,18.00,9.40,4.20,5.20,Fried. Krupp AG Hoesch-Krupp,Mak Motoren GmbH & Company KG,Directorate General of Land Transportation (Direktorat Jenderal Perhubungan Darat),Indonesia,Jakarta,—,Government of Indonesia,Indonesia,Directorate General of Land Transportation (Direktorat Jenderal Perhubungan Darat),Indonesia,Directorate General of Land Transportation (Direktorat Jenderal Perhubungan Darat),Indonesia,Directorate General of Land Transportation (Direktorat Jenderal Perhubungan Darat),Indonesia,—,—,—,—,—,—,—,—,—,—,8915653,525005014,1622,2175,6MU453C
passenger (cruise),237116,Royal Clipper,Live,Malta,1575,2000,2'-10'gt,1000,Single,9HA2796,4425,B811/01,Stocznia Gdynia S.A.,Gdynia,133.74,100.54,16.28,16.00,10.80,5.60,5.20,Caterpillar Incorporated,Caterpillar Incorporated,Malta International Shipping Services Limited,Malta,Valletta,—,Star Clippers Monaco S.A.M.,Monaco,Malta International Shipping Services Limited,Malta,SPV R Clipper Limited,Bahamas,Star Clippers Limited,Monaco,—,—,—,—,Star Clippers Limited,Monaco,—,—,—,—,8712178,215813000,1890,2535,3516
passenger (cruise),237163,Vasco Da Gama,Live,Portugal,26945,1993,10'-60'gt,7637,Single,CQEP2,55877,5881,Fincantieri-Cantieri Navali Italiani S.p.A. Monfalcone,Monfalcone,219.20,185.00,30.80,30.80,19.20,7.70,11.50,Fincantieri-Cantieri Navali Italiani S.p.A.,Sulzer Turbomachinery Services,MysticInvest Holding SA,Portugal,—,—,Pluris Investments S.A.,Portugal,MysticInvest Holding SA,Portugal,Mystic Ocean SA,Portugal,V. Ships Leisure SAM,Monaco,Nicko Cruises Schiffsreisen GmbH,Germany,—,—,V. Ships Leisure SAM,Monaco,—,—,—,—,8919245,255806445,6985,9367,12ZAV40S
passenger (cruise),237222,Ocean Nova,Live,Bahamas,1498,1992,2'-10'gt,163,Double Hull,C6US3,2183,159,Orskov Yard A/S,Frederikshavn,73.00,66.77,11.00,10.99,7.02,3.67,0.82,"MAN B&W Diesel AS, Alpha Diesel",Alpha Diesels A/S,FleetPro Ocean Incorporated,United States of America,Nassau,—,FleetPro Passenger Ship Management AG,Switzerland,FleetPro Ocean Incorporated,United States of America,Nova Cruising Limited,Bahamas,Anglo-Eastern Cruise Management Incorporated,United States of America,Quark Expeditions Incorporated,United States of America,—,—,Anglo-Eastern Cruise Management Incorporated,United States of America,—,—,—,—,8913916,309051000,1470,1998,6L28/32
passenger (cruise),237227,Sultan Babullah,Live,Indonesia,131,1990,-2'gt,—,Single,—,155,—,P.T. Adiguna Shipbuilding & Engineering,Indonesia,—,19.50,—,6.20,2.70,0.75,1.95,—,Unknown Engine Designer,Elsafa,Indonesia,Jakarta,—,Elsafa,Indonesia,Elsafa,Indonesia,Elsafa,Indonesia,Elsafa,Indonesia,—,—,PT PANN (Persero),Indonesia,—,—,—,—,—,—,8996970,—,304,408,3196DITA
passenger (cruise),237405,Reef Escape,Live,Fiji,657,1987,-2'gt,2500,Single,3DVK,1815,182,Carrington Slipways Proprietary Limited,Newcastle(AUS),69.73,63.61,14.15,13.49,3.31,1.45,1.86,Yanmar Diesel Engine Company Limited,Yanmar Diesel Engine Company Limited,Captain Cook Cruises Proprietary Limited,Australia,Suva,—,Captain Cook Cruises Proprietary Limited,Australia,Captain Cook Cruises Proprietary Limited,Australia,Captain Cook Cruises Australasia Limited,Australia,Captain Cook Cruises Proprietary Limited,Australia,—,—,—,—,—,—,—,—,—,—,8512475,—,410,550,S165L-ST
passenger (cruise),2376594,Grant,Live,U.S.A.,65,1991,-2'gt,—,Single,WDE2204,219,1650,Breaux Bay Craft Incorporated,Loreauville,41.14,36.69,—,7.62,3.56,2.74,0.82,—,Unknown Engine Designer,Seabulk Offshore Limited,United States of America,Miami,—,SEACOR Holdings Incorporated,United States of America,Seabulk Offshore Limited,United States of America,Seabulk Offshore Limited,United States of America,Seabulk Offshore Limited,United States of America,—,—,—,—,—,—,—,—,—,—,8973332,367321850,—,—,12V-71-TI
passenger (cruise),240032,Nancowry,Dead,St. Kitts-Nevis,4734,1992,10'-60'gt,5014,Single,—,14176,561/02,Stocznia Szczecinska Nowa Sp. z o.o.,Szczecin,157.00,143.90,21.01,20.98,12.82,6.70,6.12,Zaklady Przemyslu Metalowego H. Cegielski S.A.,B&W Diesel A/S,Indian Breakers,—,Basseterre,39,—,—,—,—,—,—,—,—,—,—,—,—,—,—,—,—,—,—,8606434,—,2643,3544,6L35MC
passenger (cruise),240265,Odyssey,Live,Bahamas,10765,1993,10'-60'gt,3463,Double Bottom,C6SY7,24344,198,Union Naval de Levante S.A.,Valencia,195.82,171.29,22.52,22.52,7.20,5.55,1.65,Wartsila Finland oy,Wartsila Corporation,VV Odyssey LLC,Marshall Islands,Nassau,—,VV Odyssey LLC,Marshall Islands,VV Odyssey LLC,Marshall Islands,VV Odyssey LLC,Marshall Islands,Columbia Cruise Services Limited,Cyprus,—,—,—,—,Columbia Cruise Services Limited,Cyprus,—,—,—,—,9000699,311541000,3324,4457,8R32
passenger (cruise),2406,Andrea C.,Dead,Italy,5155,1942,2'-10'gt,4680,Single,—,8604,—,—,"",—,—,—,—,—,—,—,—,Unknown Engine Designer,—,—,—,—,—,—,—,—,—,—,—,—,—,—,—,—,—,—,—,—,—,—,5016523,—,5220,7000,UNKNOWN
passenger (cruise),240610,Antares Experience,Dead,Liberia,26636,1993,10'-60'gt,7781,Double Bottom,—,56789,5899,Fincantieri-Cantieri Navali Italiani S.p.A. Venice,Venice,220.62,181.93,30.80,30.80,15.65,7.80,7.85,Fincantieri-Cantieri Navali Italiani S.p.A.,Sulzer Turbomachinery Services,Beacon & Bay,—,Monrovia,—,—,—,—,—,—,—,—,—,—,—,—,—,—,—,—,—,—,—,8821046,—,5296,7200,8ZAL40S
passenger (cruise),241077,Lady Ivy May,Live,U.K.,477,1992,-2'gt,—,Single,—,1593,—,—,Netherlands,82.00,—,10.00,—,2.80,1.50,1.30,—,Unknown Engine Designer,Victory Shipping Company Limited,Gibraltar,—,—,Victory Shipping Company Limited,Gibraltar,Victory Shipping Company Limited,Gibraltar,Victory Shipping Company Limited,Gibraltar,Victory Shipping Company Limited,Gibraltar,—,—,BNP Lease S.A. & Nederlandse Scheepshypotheekbank N.V.,Belgium,—,—,—,—,—,—,—,—,224,300,3406TA
passenger (cruise),241103,Zirka Dnipra,Live,Belize,1928,1988,2'-10'gt,480,Single,V3TB8,5475,392,Elbewerft Boizenburg GmbH (EWB),Boizenburg,129.15,—,16.00,16.00,4.50,2.90,1.60,Russian Engine Builders,Russkiy Diesel Firm,Kherson Coastal Fantasy Shipping Company Limited,Cyprus,Belize City,—,Kherson Coastal Fantasy Shipping Company Limited,Cyprus,Kherson Coastal Fantasy Shipping Company Limited,Cyprus,Kherson Coastal Fantasy Shipping Company Limited,Cyprus,Kherson Coastal Fantasy Shipping Company Limited,Cyprus,—,—,—,—,—,—,—,—,—,—,8707692,—,746,1000,6CHRN36/45
passenger (cruise),24330,Vardhan,Dead,Palau,2927,1974,2'-10'gt,5270,Single,—,9700,272,Mazagon Dock Limited,Mumbai,132.50,120.00,21.54,21.50,11.60,7.00,4.60,Zaklady Przemyslu Metalowego H. Cegielski S.A.,Sulzer Turbomachinery Services,Indian Breakers,—,—,—,—,—,—,—,—,—,—,—,—,—,—,—,—,—,—,—,—,—,7219026,—,5966,8000,6RD68
passenger (cruise),244606,Sakarya,Live,Kazakhstan,219,1967,-2'gt,130,Single,URK,732,87,Cantiere Felszegi,Trieste,49.93,44.50,9.50,9.50,5.95,2.78,3.17,—,Mak Motoren GmbH & Company KG,Poyraz Shipping B.V.,Netherlands,Aktau,—,Poyraz Shipping B.V.,Netherlands,Poyraz Shipping B.V.,Netherlands,Poyraz Shipping B.V.,Netherlands,Poyraz Shipping B.V.,Netherlands,—,—,—,—,Enka Insaat ve Sanayi A.S.,Turkiye,—,—,—,—,6726711,436000115,596,799,6MU451A
passenger (cruise),245450,Carnival Sensation,Dead,Bahamas,44053,1993,60'-100'gt,6870,Single,—,70367,484,STX Finland OY - SEE NOW AS Arctech Helsinki Shipyard Incorporated,Helsinki,262.01,224.01,31.51,31.51,22.05,7.85,14.20,Sulzer Mitsubishi,Sulzer Turbomachinery Services,Carnival Cruise L.,—,Nassau,—,—,—,—,—,—,—,—,—,—,—,—,—,—,—,Unknown,Unknown,Unknown Scrubber Manufacturer,—,8711356,—,7137,9571,12ZAV40S
passenger (cruise),245514,Grigoriy Ordzhonikidze,Dead,Russia,2061,1959,2'-10'gt,1372,Single,—,4871,—,—,West Germany,—,—,—,—,—,—,—,—,Unknown Engine Designer,—,—,—,—,—,—,—,—,—,—,—,—,—,—,—,—,—,—,—,—,—,—,5404677,—,3095,4150,UNKNOWN
passenger (cruise),245722,Renaissance,Live,Bermuda,26102,1993,10'-60'gt,7406,Single,ZCEZ8,55575,5882,Fincantieri-Cantieri Navali Italiani S.p.A. Monfalcone,Monfalcone,219.21,185.00,30.83,30.80,19.13,7.71,11.42,Fincantieri-Cantieri Navali Italiani S.p.A.,Sulzer Turbomachinery Services,CFC - Compagnie Francaise de Croisieres SASU (Croisieres Costa/Paquet),France,Hamilton,—,Ambassador Group,United Kingdom,CFC - Compagnie Francaise de Croisieres SASU (Croisieres Costa/Paquet),France,CFC - Compagnie Francaise de Croisieres SASU (Croisieres Costa/Paquet),France,Bernhard Schulte Cruise Services GmbH & Company KG,Germany,—,—,—,—,Bernhard Schulte Cruise Services GmbH & Company KG,Germany,Unknown,Unknown,Unknown Scrubber Manufacturer,—,8919257,310805000,7007,9397,12ZAV40S
passenger (cruise),245727,Regina,Live,Egypt,—,1992,2'-10'gt,500,Single,—,2000,910,Giza Shipbuilding,Egypt,72.00,—,12.70,12.00,3.50,0.90,2.60,Caterpillar Incorporated,Caterpillar Incorporated,El Chiaty Nile Cruises (E.N.C.),Arab Republic of Egypt,—,—,El Chiaty Nile Cruises (E.N.C.),Arab Republic of Egypt,El Chiaty Nile Cruises (E.N.C.),Arab Republic of Egypt,El Chiaty Nile Cruises (E.N.C.),Arab Republic of Egypt,El Chiaty Nile Cruises (E.N.C.),Arab Republic of Egypt,—,—,—,—,—,—,—,—,—,—,9042609,—,265,355,3406
passenger (cruise),246745,Princess Olayinka,Live,Nigeria,375,1965,-2'gt,670,Single,5NWW,612,80,Astilleros y Talleres Celaya S.A.,Bilbao,52.00,—,9.00,—,4.30,4.00,0.30,—,MAN Energy Solutions SE,Yemi Aiyenimelo,Nigeria,—,—,Yemi Aiyenimelo,Nigeria,Yemi Aiyenimelo,Nigeria,Yemi Aiyenimelo,Nigeria,Yemi Aiyenimelo,Nigeria,—,—,—,—,—,—,—,—,—,—,6605682,—,969,1300,G9V30/45ATL
passenger (cruise),247650,Wilderness Discoverer,Live,U.S.A.,204,1992,-2'gt,—,Single,WDF7009,683,280,Blount Marine Corporation,Warren(USA),53.34,—,11.89,11.43,2.96,2.00,0.96,—,Unknown Engine Designer,Innersea Discoveries LLC,United States of America,Juneau,—,Innersea Discoveries LLC,United States of America,Innersea Discoveries LLC,United States of America,Wilderness Discoverer LLC,United States of America,Innersea Discoveries LLC,United States of America,—,—,—,—,—,—,—,—,—,—,8859689,367480140,373,500,3406TA
passenger (cruise),2488060,Kronprinz,Live,Germany,96,1910,-2'gt,110,Single,Y3WU,198,306,Neptun Reparaturwerft GmbH,Rostock,34.47,—,6.79,—,2.87,2.38,0.49,Karl Liebknecht,Unknown Engine Designer,Schiffe der Arbeit E.V.,Germany,—,—,Schiffe der Arbeit E.V.,Germany,Schiffe der Arbeit E.V.,Germany,Schiffe der Arbeit E.V.,Germany,Schiffe der Arbeit E.V.,Germany,—,—,—,—,—,—,—,—,—,—,5373000,—,221,300,SBF12M716
passenger (cruise),250124,Piano Land,Live,Bermuda,37559,1995,60'-100'gt,6260,Single,ZCDU9,69840,636,Meyer Werft GmbH (Dormant),Papenburg,260.00,225.34,32.24,32.20,11.50,7.90,3.60,MAN Energy Solutions SE,MAN Energy Solutions SE,COSCO Shipping Corporation Limited and China National Travel Service Group,People's Republic of China,Hamilton,—,COSCO Shipping Corporation Limited and China National Travel Service Group,People's Republic of China,COSCO Shipping Corporation Limited and China National Travel Service Group,People's Republic of China,Oriental Fleet Cruise 01 Limited,Marshall Islands,Astro Ocean International Cruise Company Limited (Astro Ocean Cruises),"Hong Kong, S.A.R., China",—,—,—,—,Astro Ocean International Cruise Company Limited (Astro Ocean Cruises),"Hong Kong, S.A.R., China",Unknown,Unknown,Unknown Scrubber Manufacturer,Retrofit,9050137,310529000,10074,13510,9L58/64
passenger (cruise),250337,Y Harmony,Dead,Panama,44053,1994,60'-100'gt,7180,Single,—,70538,487,STX Finland OY - SEE NOW AS Arctech Helsinki Shipyard Incorporated,Helsinki,262.00,224.00,31.53,31.50,24.90,7.85,17.05,Wartsila Corporation,Sulzer Turbomachinery Services,Nina Services,—,Panama,—,—,—,—,—,—,—,—,—,—,—,—,—,—,—,—,—,—,—,9041253,—,7137,9571,12ZAV40S
passenger (cruise),250761,Ciremai,Live,Indonesia,5412,1993,10'-60'gt,3480,Single,YEUP,14403,631,Meyer Werft GmbH (Dormant),Papenburg,144.00,136.20,23.40,23.40,11.79,5.90,5.89,Fried. Krupp AG Hoesch-Krupp,Mak Motoren GmbH & Company KG,P.T. (PELNI) Pelayaran Nasional Indonesia (Persero),Indonesia,Jakarta,—,Government of Indonesia,Indonesia,P.T. (PELNI) Pelayaran Nasional Indonesia (Persero),Indonesia,P.T. (PELNI) Pelayaran Nasional Indonesia (Persero),Indonesia,P.T. (PELNI) Pelayaran Nasional Indonesia (Persero),Indonesia,—,—,—,—,P.T. (PELNI) Pelayaran Nasional Indonesia (Persero),Indonesia,—,—,—,—,9032135,525005001,6488,8500,6M601C
passenger (cruise),251271,Silver Cloud,Live,Bahamas,5302,1994,10'-60'gt,1988,Single,C6MQ5,17014,775,Francesco Visentini & C. Cantieri Navale Shipbuilding,Viareggio,157.03,134.20,21.40,21.40,7.60,7.60,0.00,Wartsila Finland oy,Wartsila Corporation,Silversea Cruises Limited,United States of America,Nassau,—,Lefebvre family,Monaco,Silversea Cruises Limited,United States of America,Silversea Cruises Limited,United States of America,Silversea S.A.M.,Monaco,—,—,—,—,Silversea S.A.M.,Monaco,—,—,—,—,8903923,309027000,5850,7953,6R46
passenger (cruise),251567,Seacat Moorea,Live,France,889,1993,2'-10'gt,700,Single,—,3231,031,Incat Australia Private Shipbuilding Limited,Hobart,74.90,60.45,26.00,24.46,7.25,3.03,1.39,Ruston Diesels Limited,Ruston Paxman Diesels Limited,Societe de Developpement de Moorea,France,—,—,Societe de Developpement de Moorea,France,Societe de Developpement de Moorea,France,Societe de Developpement de Moorea,France,Societe de Developpement de Moorea,France,—,—,—,—,—,—,—,—,—,—,9001538,—,4103,5502,16RK270
passenger (cruise),251633,Caledonia,Live,Canada,243,1947,-2'gt,—,Single,VYPK,810,779,"Cook, Welton & Gemmell Limited",Hull,59.00,—,9.20,9.17,4.90,4.60,0.30,—,Unknown Engine Designer,Caterpillar Financial Services Limited,Canada,Halifax,—,Caterpillar Financial Services Limited,Canada,Caterpillar Financial Services Limited,Canada,Caterpillar Financial Services Limited,Canada,Caterpillar Financial Services Limited,Canada,—,—,—,—,—,—,—,—,—,—,5007508,316013760,1119,1500,16V-149
passenger (cruise),252751,Carnival Imagination,Dead,Bahamas,44053,1995,60'-100'gt,7180,Single,—,70367,488,STX Finland OY - SEE NOW AS Arctech Helsinki Shipyard Incorporated,Helsinki,262.00,224.00,36.00,31.53,24.90,7.85,17.05,Wartsila Corporation,Sulzer Turbomachinery Services,Carnival Cruise L.,—,Nassau,—,—,—,—,—,—,—,—,—,—,—,—,—,—,—,—,—,—,—,9053878,—,7137,9571,12ZAV40S
passenger (cruise),253113,Oldenburg,Live,U.K.,133,1958,-2'gt,72,Single,GFTN,294,872,Rolandwerft Dockbetrieb GmbH Ganspe,Bremen,43.57,38.25,7.80,7.80,2.90,1.65,1.25,Cummins Incorporated,Cummins Incorporated,The Lundy Company Limited,United Kingdom,Bideford,—,The Lundy Company Limited,United Kingdom,The Lundy Company Limited,United Kingdom,The Lundy Company Limited,United Kingdom,The Lundy Company Limited,United Kingdom,—,—,—,—,—,—,—,—,—,—,5262146,234990000,321,431,KTA-19
passenger (cruise),253270,Duong Dong Express,Live,Vietnam,152,1992,-2'gt,100,Single,3WHO,477,0002,Kvaerner Fjellstrand A.S.,Norway,40.00,—,10.10,10.10,3.97,1.63,2.48,MTU Friedrichshafen GmbH,MTU Friedrichshafen GmbH,Unknown Owners,—,Ho Chi Minh City,—,Unknown Owners,—,Unknown Owners,—,Sea-Gull Express Ferry Joint Stock Company,Vietnam,Sea-Gull Express Ferry Joint Stock Company,Vietnam,—,—,—,—,—,—,—,—,—,—,9046045,—,1435,1924,12V396
passenger (cruise),253435,Eastern Dream,Live,Panama,3806,1993,10'-60'gt,3407,Single,3FSP9,11478,1001,Hayashikane Shipbuilding & Engineering Company Limited,Nagasaki,140.01,131.75,20.50,20.50,7.70,6.21,1.49,NKK Corporation,Semt Pielstick SA,Kyungwon Shipping Company Limited,Republic of Korea,Panama,—,Kyungwon Shipping Company Limited,Republic of Korea,Kyungwon Shipping Company Limited,Republic of Korea,Blue Ocean Star Incorporated,Panama,Sungan Shipping Company Limited,Republic of Korea,—,—,—,—,Sungan Shipping Company Limited,Republic of Korea,—,—,—,—,9066710,372009000,4278,5737,9PC2-6L-400
passenger (cruise),253561,Dobonsolo,Live,Indonesia,5412,1993,10'-60'gt,3500,Single,YEVX,14403,632,Meyer Werft GmbH (Dormant),Papenburg,146.00,131.37,23.40,23.40,13.40,5.90,7.50,Fried. Krupp AG Hoesch-Krupp,Mak Motoren GmbH & Company KG,P.T. (PELNI) Pelayaran Nasional Indonesia (Persero),Indonesia,Jakarta,—,Government of Indonesia,Indonesia,P.T. (PELNI) Pelayaran Nasional Indonesia (Persero),Indonesia,P.T. (PELNI) Pelayaran Nasional Indonesia (Persero),Indonesia,P.T. (PELNI) Pelayaran Nasional Indonesia (Persero),Indonesia,—,—,—,—,P.T. (PELNI) Pelayaran Nasional Indonesia (Persero),Indonesia,—,—,—,—,9032147,525005002,6488,8500,6M601C
passenger (cruise),254043,Kalighat,Live,India,887,2005,2'-10'gt,719,Single,VWTI,2955,460,Hooghly Dock & Port Engineers Limited.,Kolkata,84.20,75.00,14.02,14.00,7.40,3.75,3.65,Garden Reach Shipbuilders & Engineers Limited (GRSE),Rolls-Royce Marine A/S,"Directorate of Shipping Services, Andaman & Nicobar Administration",India,Kolkata,100,Government of The Republic of India,India,"Directorate of Shipping Services, Andaman & Nicobar Administration",India,"Directorate of Shipping Services, Andaman & Nicobar Administration",India,The Shipping Corporation of India Limited (SCI),India,—,—,—,—,The Shipping Corporation of India Limited (SCI),India,—,—,—,—,8713926,419055200,1820,2480,KRMB-9
passenger (cruise),254314,Crystal Symphony,Live,Bahamas,20201,1995,10'-60'gt,4500,Single,C6MY5,51044,1323,STX Finland OY - SEE NOW AS Arctech Helsinki Shipyard Incorporated,Turku,238.01,203.00,30.60,30.20,20.08,8.00,1.51,Wartsila Corporation,Sulzer Turbomachinery Services,A&K Travel Group Limited,Bahamas,Nassau,—,Heritour Limited,Bahamas,A&K Travel Group Limited,Bahamas,Crystal Symphony Limited,Bahamas,V. Ships Leisure SAM,Monaco,Crystal Cruises Limited,Bahamas,—,—,V. Ships Leisure SAM,Monaco,—,—,—,—,9066667,309168000,6139,8232,9ZAL40S
passenger (cruise),254624,Polynesia,Live,Grenada,306,1939,-2'gt,—,Single,J3AA5,430,206,"Verolme Scheepswerf Heusden B.V. - NO LONGER BUILDERS, NOW SEE SCHEEPSWERF DE HOOP HEUSDEN B.V.",Heusden,63.00,—,9.90,—,—,5.80,—,Sulzer Turbomachinery Services,Sulzer Turbomachinery Services,Windjammer Barefoot Cruises Limited,United States of America,—,—,Windjammer Barefoot Cruises Limited,United States of America,Windjammer Barefoot Cruises Limited,United States of America,Polynesia S.A.,Panama,Windjammer Barefoot Cruises Limited,United States of America,International Maritime Resources Incorporated  (IMR),United States of America,—,—,—,—,—,—,—,—,5023564,—,291,390,4BA29
passenger (cruise),255165,Silver Wind,Live,Bahamas,5302,1994,10'-60'gt,1988,Single,C6FG2,17235,776,Francesco Visentini & C. Cantieri Navale Shipbuilding,Viareggio,162.60,134.20,21.40,21.40,7.60,5.45,2.16,Wartsila Finland oy,Wartsila Corporation,Silversea Cruises Limited,United States of America,Nassau,—,Lefebvre family,Monaco,Silversea Cruises Limited,United States of America,Silver Wind Shipping Limited,Bahamas,Silversea S.A.M.,Monaco,—,—,—,—,Silversea S.A.M.,Monaco,—,—,—,—,8903935,308814000,5850,7953,6R46
passenger (cruise),255523,Celestyal Journey,Live,Bermuda,26279,1994,10'-60'gt,7447,Single,ZCHB2,55877,5883,Fincantieri-Cantieri Navali Italiani S.p.A. Monfalcone,Monfalcone,219.30,185.00,30.83,30.80,19.13,7.71,11.42,Fincantieri-Cantieri Navali Italiani S.p.A.,Sulzer Turbomachinery Services,Celestyal Cruises EPE,Greece,Hamilton,—,"Searchlight Capital Partners, L.P.",United States of America,Celestyal Cruises EPE,Greece,Oasis Shipping Services SA,Marshall Islands,Optimum Shipmanagement Services S.A.,Greece,—,—,—,—,Optimum Shipmanagement Services S.A.,Greece,Unknown,Unknown,Unknown Scrubber Manufacturer,—,8919269,310811000,7007,9397,12ZAV40S
passenger (cruise),255706,Leuser,Live,Indonesia,1812,1994,2'-10'gt,1438,Single,YEVY,6041,633,Meyer Werft GmbH (Dormant),Papenburg,99.00,90.50,—,18.00,9.40,4.20,5.20,Fried. Krupp AG Hoesch-Krupp,Mak Motoren GmbH & Company KG,P.T. (PELNI) Pelayaran Nasional Indonesia (Persero),Indonesia,Sabang,—,Government of Indonesia,Indonesia,P.T. (PELNI) Pelayaran Nasional Indonesia (Persero),Indonesia,P.T. (PELNI) Pelayaran Nasional Indonesia (Persero),Indonesia,P.T. (PELNI) Pelayaran Nasional Indonesia (Persero),Indonesia,—,—,—,—,P.T. (PELNI) Pelayaran Nasional Indonesia (Persero),Indonesia,—,—,—,—,9032159,525005003,1622,2175,6MU453C
passenger (cruise),256066,Pacific World,Live,Panama,44193,1995,60'-100'gt,8293,Single,3EOI6,77441,5909,Fincantieri-Cantieri Navali Italiani S.p.A. Monfalcone,Monfalcone,261.31,221.40,32.25,32.25,17.40,8.10,3.21,Fincantieri-Cantieri Navali Italiani S.p.A.,Sulzer Turbomachinery Services,Japan Grace Company Limited,Japan,Panama,—,Japan Grace Company Limited,Japan,Japan Grace Company Limited,Japan,Japan Grace Company Limited,Japan,Japan Grace Company Limited,Japan,—,—,—,—,—,—,—,—,—,—,9000259,357189000,11679,15662,16ZAV40S
passenger (cruise),256365,Dona Candida,Live,Equatorial Guinea,800,1991,2'-10'gt,682,Single,3CAL,2257,—,—,Perama,80.00,75.90,12.10,12.10,7.20,2.78,4.42,Mirrlees Blackstone Limited,Mirrlees Blackstone Limited,Viteoca GESL,Equatorial Guinea,—,—,Viteoca GESL,Equatorial Guinea,Viteoca GESL,Equatorial Guinea,Viteoca GESL,Equatorial Guinea,—,—,—,—,—,—,—,—,—,—,—,—,8869335,—,1465,1964,ESL9MK2
passenger (cruise),256702,Mutiara Ferindo 7,Live,Indonesia,—,1994,10'-60'gt,7427,Single,YCDH2,32645,3040,IHI Corporation (Tokyo) - SEE NOW AS JAPAN MARINE UNITED CORPORATION (JMU),Tokyo,195.46,—,29.40,29.40,14.50,6.80,7.70,Diesel United Limited,Semt Pielstick SA,PT Mutiara Ferindo Internusa,Indonesia,Panjang,—,PT Mutiara Ferindo Internusa,Indonesia,PT Mutiara Ferindo Internusa,Indonesia,PT Mutiara Ferindo Internusa,Indonesia,PT Mutiara Ferindo Internusa,Indonesia,—,—,—,—,—,—,—,—,—,—,9066784,525200925,10868,14574,9PC40L570
passenger (cruise),257347,Khaw,Dead,Unknown,5033,1956,10'-60'gt,4036,Single,—,12091,691,Howaldtswerke-Deutsche Werft GmbH (HDW),Hamburg,153.00,139.23,19.15,19.15,11.00,8.10,2.90,—,AEG Aktiengesellschaft Fachbereich Schiffbau,Kosmas G.,—,—,—,—,—,—,—,—,—,—,—,—,—,—,—,—,—,—,—,—,—,5398969,—,—,—,AEG TURBINE
passenger (cruise),257422,Flying Horse,Live,Tanzania,46,1989,-2'gt,—,Single,5IM233,152,9,Precision Craft (88) Private Limited,Singapore,—,22.09,7.50,7.50,2.80,1.35,1.45,General Motors Corporation,Detroit Diesel Corporation,Africa Shipping Corporation Limited,Tanzania,—,—,Africa Shipping Corporation Limited,Tanzania,Africa Shipping Corporation Limited,Tanzania,Africa Shipping Corporation Limited,Tanzania,Africa Shipping Corporation Limited,Tanzania,—,—,—,—,—,—,—,—,—,—,8909226,677013300,534,960,16V-92-TA
passenger (cruise),257432,Binaiya,Live,Indonesia,1806,1994,2'-10'gt,1418,Single,YEVZ,6022,634,Meyer Werft GmbH (Dormant),Papenburg,99.00,90.50,18.00,18.00,9.40,4.20,5.20,Fried. Krupp AG Hoesch-Krupp,Mak Motoren GmbH & Company KG,Directorate General of Land Transportation (Direktorat Jenderal Perhubungan Darat),Indonesia,Ambon,—,Government of Indonesia,Indonesia,Directorate General of Land Transportation (Direktorat Jenderal Perhubungan Darat),Indonesia,Directorate General of Land Transportation (Direktorat Jenderal Perhubungan Darat),Indonesia,Directorate General of Land Transportation (Direktorat Jenderal Perhubungan Darat),Indonesia,—,—,—,—,—,—,—,—,—,—,9032161,525005004,1622,2176,6MU453C
passenger (cruise),257440,Coral Expeditions II,Live,Australia,264,1985,-2'gt,330,Single,VJQ5202,884,121,NQEA Australia Proprietary Limited,Cairns,37.00,—,12.50,—,4.50,2.40,2.10,General Motors Corporation,Detroit Diesel Corporation,Coral Princess Cruises (NQ) Proprietary Limited,Australia,Cairns,—,Coral Princess Cruises (NQ) Proprietary Limited,Australia,Coral Princess Cruises (NQ) Proprietary Limited,Australia,AH Bricks Investments Proprietary Limited,Australia,Coral Princess Cruises (NQ) Proprietary Limited,Australia,—,—,—,—,—,—,—,—,—,—,8409240,—,298,400,12V-71
passenger (cruise),257472,Lane Victory,Live,U.S.A.,5193,1945,2'-10'gt,10891,Single,KECW,7638,—,California Shipbuilding Corporation,Los Angeles,133.05,133.05,—,18.90,11.58,—,—,—,Unknown Engine Designer,US Merchant Marine Veterans of World War II,United States of America,Los Angeles,—,US Merchant Marine Veterans of World War II,United States of America,US Merchant Marine Veterans of World War II,United States of America,US Merchant Marine Veterans of World War II,United States of America,US Merchant Marine Veterans of World War II,United States of America,—,—,—,—,—,—,—,—,—,—,5203205,366969950,—,—,6-75VTF-150/50
passenger (cruise),257674,Gipanis,Live,Russia,236,1992,-2'gt,336,Single,UGSR,748,617,AO Oston,Khabarovsk,55.76,52.30,9.51,9.30,5.16,4.22,0.94,SKL Motoren-und Systemtechnik GmbH,SKL Motoren-und Systemtechnik GmbH,Sakhmorflot Joint Stock Company,Russian Federation,Korsakov,—,Sakhmorflot Joint Stock Company,Russian Federation,Sakhmorflot Joint Stock Company,Russian Federation,Sakhmorflot Joint Stock Company,Russian Federation,Sakhmorflot Joint Stock Company,Russian Federation,—,—,—,—,—,—,—,—,—,—,8859744,273445090,746,1000,6NVD48A-2U
passenger (cruise),260122,Hontanas,Live,Panama,61,1975,-2'gt,29,Single,HP5022,190,42,Westamarin West A/S Shipbuilding,Mandal,26.00,—,9.00,—,2.60,2.60,0.00,MTU Friedrichshafen GmbH,MTU Friedrichshafen GmbH,Unknown Owners,—,Panama,—,Unknown Owners,—,Unknown Owners,—,Hontanas Shipping Corp,Panama,Unknown Owners,—,—,—,—,—,—,—,—,—,—,—,7396422,371764000,820,1100,12V493TY70
passenger (cruise),261051,Sea Cloud,Live,Malta,760,1931,2'-10'gt,788,Single,9HOM2,2532,519,Friedrich Krupp Germaniawerft AG,Kiel,96.35,77.42,15.20,14.93,8.53,4.88,3.65,Enterprise Engineering & Foundry Company,Enterprise Engineering & Foundry Company,Sea Cloud Cruises GmbH,Germany,Valletta,—,Sea Cloud Cruises GmbH,Germany,Sea Cloud Cruises GmbH,Germany,Sea Cloud Shipping Company Limited,Antigua & Barbuda,Sea Cloud Cruises GmbH,Germany,—,—,—,—,Sea Cloud Cruises GmbH,Germany,—,—,—,—,8843446,256084000,931,1249,DMG-38
passenger (cruise),261145,Bukit Raya,Live,Indonesia,1806,1994,2'-10'gt,1408,Single,YEWA,6022,635,Meyer Werft GmbH (Dormant),Papenburg,99.00,91.50,18.00,18.00,9.40,4.20,5.20,Fried. Krupp AG Hoesch-Krupp,Mak Motoren GmbH & Company KG,P.T. (PELNI) Pelayaran Nasional Indonesia (Persero),Indonesia,Banjarmasin,—,Government of Indonesia,Indonesia,P.T. (PELNI) Pelayaran Nasional Indonesia (Persero),Indonesia,P.T. (PELNI) Pelayaran Nasional Indonesia (Persero),Indonesia,P.T. (PELNI) Pelayaran Nasional Indonesia (Persero),Indonesia,—,—,—,—,P.T. (PELNI) Pelayaran Nasional Indonesia (Persero),Indonesia,—,—,—,—,9032173,525005005,1622,2175,6MU453C
passenger (cruise),26123,The Empress,Dead,Panama,3741,1966,10'-60'gt,1584,Single,—,10558,455,Solheimsviken AS,Bergen,139.42,122.50,21.42,20.80,7.60,5.27,2.33,B&W Diesel A/S,B&W Diesel A/S,Tschudi,—,Panama,—,—,—,—,—,—,—,—,—,—,—,—,—,—,—,—,—,—,—,6610663,—,4922,6600,12-42VT2BF-90
passenger (cruise),261233,Carnival Inspiration,Dead,Bahamas,44053,1996,60'-100'gt,7180,Single,C6FM5,70367,489,STX Finland OY - SEE NOW AS Arctech Helsinki Shipyard Incorporated,Helsinki,262.00,224.00,31.50,31.50,24.90,7.85,17.05,Sulzer Mitsubishi,Sulzer Turbomachinery Services,Turkish Breakers,Turkiye,Nassau,—,Turkish Breakers,Turkiye,Turkish Breakers,Turkiye,Turkish Breakers,Turkiye,Turkish Breakers,Turkiye,—,—,—,—,—,—,—,—,—,—,9087489,—,7137,9571,12ZAV40S
passenger (cruise),261306,Marella Discovery 2,Live,Bahamas,37971,1995,60'-100'gt,5200,Single,C6SL5,69472,A31,Chantiers de l'Atlantique,St. Nazaire,264.26,221.50,37.00,32.00,10.45,8.07,2.38,Wartsila Finland oy,Wartsila Corporation,TUI UK Limited (Marella Cruises),United Kingdom,Nassau,—,TUI AG,Germany,TUI UK Limited (Marella Cruises),United Kingdom,TUI UK Limited (Marella Cruises),United Kingdom,Columbia Cruise Services GmbH & Company KG,Germany,—,—,—,—,Columbia Cruise Services GmbH & Company KG,Germany,Unknown,Unknown,Unknown Scrubber Manufacturer,Retrofit,9070620,311378000,11658,15634,12V46
passenger (cruise),261334,Borik,Live,Croatia,219,1978,-2'gt,170,Single,9A2195,414,421,Brodogradiliste Tito,Mitrovica,44.90,—,12.70,12.40,4.10,2.80,1.30,SAAB-Scania A/B,SAAB-Scania A/B,Jadrolinija Rijeka,Republic of Croatia,—,—,Jadrolinija Rijeka,Republic of Croatia,Jadrolinija Rijeka,Republic of Croatia,Jadrolinija Rijeka,Republic of Croatia,Jadrolinija Rijeka,Republic of Croatia,—,—,—,—,—,—,—,—,—,—,7713527,—,232,311,DSI11
passenger (cruise),261417,Tijat,Live,Croatia,79,1955,-2'gt,15,Single,9A2167,191,128,Brodogradiliste Brodosplit Shipbuilding,Split,37.70,—,7.10,7.00,3.30,2.40,0.90,Sulzer Turbomachinery Services,Sulzer Turbomachinery Services,Jadrolinija Rijeka,Republic of Croatia,—,—,Jadrolinija Rijeka,Republic of Croatia,Jadrolinija Rijeka,Republic of Croatia,Jadrolinija Rijeka,Republic of Croatia,Jadrolinija Rijeka,Republic of Croatia,—,—,—,—,—,—,—,—,—,—,5261350,238115540,336,450,6TD24
passenger (cruise),26154,Galapagos Discovery,Dead,Ecuador,1123,1962,2'-10'gt,965,Single,—,3745,—,—,Italy,101.00,—,14.70,—,9.00,5.00,4.00,—,Fiat Avio SpA,Galatours,—,—,—,—,—,—,—,—,—,—,—,—,—,—,—,—,—,—,—,—,—,5159002,—,2170,2910,B480.6TS
passenger (cruise),261725,Marella Explorer 2,Live,Malta,39002,1995,60'-100'gt,7260,Single,9HJI9,72458,637,Meyer Werft GmbH (Dormant),Papenburg,243.00,210.50,32.20,32.20,13.50,7.70,5.80,MAN Energy Solutions SE,MAN Energy Solutions SE,TUI UK Limited (Marella Cruises),United Kingdom,Valletta,—,TUI AG,Germany,TUI UK Limited (Marella Cruises),United Kingdom,TUI UK Limited (Marella Cruises),United Kingdom,Columbia Cruise Services GmbH & Company KG,Germany,—,—,—,—,Columbia Cruise Services GmbH & Company KG,Germany,Unknown,Unknown,Unknown Scrubber Manufacturer,Retrofit,9072446,249054000,7414,9942,6L48/60
passenger (cruise),262421,Northern Spirit I,Live,Canada,348,1983,-2'gt,—,Single,CFC6866,489,-,Blount Marine Corporation,Warren(USA),38.00,—,9.50,9.45,2.77,—,—,—,Unknown Engine Designer,Spirit Cruise Line Limited,Canada,Toronto,—,Spirit Cruise Line Limited,Canada,Spirit Cruise Line Limited,Canada,Spirit Cruise Line Limited,Canada,Spirit Cruise Line Limited,Canada,—,—,—,—,—,—,—,—,—,—,8870073,316002600,201,270,3306PCTA
passenger (cruise),262761,Marella Discovery,Live,Malta,37971,1996,60'-100'gt,5200,Single,9HA4324,69472,B31,Chantiers de l'Atlantique,St. Nazaire,264.26,221.50,36.30,32.00,10.45,8.05,2.40,Wartsila Finland oy,Wartsila Corporation,TUI Cruises GmbH,Germany,Valletta,—,TUI AG,Germany,TUI Cruises GmbH,Germany,UK Cruise Charter 1 Limited,Cyprus,Columbia Cruise Services GmbH & Company KG,Germany,Marella Cruises,United Kingdom,—,—,Columbia Cruise Services GmbH & Company KG,Germany,Unknown,Unknown,Clean Marine,Retrofit,9070632,249639000,11658,15634,12V46
passenger (cruise),263447,Andrea,Live,Iceland,106,1972,-2'gt,91,Single,TFED,298,271,Lindstols Skips & Baatbyggeri AS,Risor,34.10,29.98,7.52,7.43,3.60,2.29,1.31,Volvo Penta AB,Volvo Penta AB,Hvalaif ehf,Iceland,—,—,Hvalaif ehf,Iceland,Hvalaif ehf,Iceland,Hvalaif ehf,Iceland,Hvalaif ehf,Iceland,—,—,—,—,—,—,—,—,—,—,7222231,251390110,201,270,TMD120A
passenger (cruise),263516,Reef Endeavour,Live,Fiji,—,1996,2'-10'gt,1112,Single,3DQF,3125,92,The Fuji Marine Shipyards & Slipways,Suva,73.56,64.77,14.77,13.99,5.14,3.68,1.46,Yanmar Diesel Engine Company Limited,Yanmar Diesel Engine Company Limited,Captain Cook Cruises Proprietary Limited,Australia,—,—,Captain Cook Cruises Proprietary Limited,Australia,Captain Cook Cruises Proprietary Limited,Australia,Captain Cook Cruises Fiji Limited,Fiji,Captain Cook Cruises Proprietary Limited,Australia,—,—,—,—,—,—,—,—,—,—,9012666,520184000,1193,1600,T260-ET
passenger (cruise),263551,Royale,Live,Egypt,—,1992,-2'gt,480,Single,—,1000,912,Giza Shipbuilding,Egypt,72.00,—,14.70,13.80,3.50,1.00,2.50,Caterpillar Incorporated,Caterpillar Incorporated,El Chiaty Nile Cruises (E.N.C.),Arab Republic of Egypt,—,—,El Chiaty Nile Cruises (E.N.C.),Arab Republic of Egypt,El Chiaty Nile Cruises (E.N.C.),Arab Republic of Egypt,El Chiaty Nile Cruises (E.N.C.),Arab Republic of Egypt,El Chiaty Nile Cruises (E.N.C.),Arab Republic of Egypt,—,—,—,—,—,—,—,—,—,—,9052020,—,283,380,3406
passenger (cruise),264044,Regency,Live,Egypt,—,1992,-2'gt,480,Single,—,1000,911,Giza Shipbuilding,Egypt,72.00,65.00,13.80,13.80,3.50,1.00,2.50,Caterpillar Incorporated,Caterpillar Incorporated,El Chiaty Nile Cruises (E.N.C.),Arab Republic of Egypt,—,—,El Chiaty Nile Cruises (E.N.C.),Arab Republic of Egypt,El Chiaty Nile Cruises (E.N.C.),Arab Republic of Egypt,El Chiaty Nile Cruises (E.N.C.),Arab Republic of Egypt,El Chiaty Nile Cruises (E.N.C.),Arab Republic of Egypt,—,—,—,—,—,—,—,—,—,—,9047790,—,283,380,3406
passenger (cruise),264273,Rhapsody of the Seas,Live,Bahamas,46560,1997,60'-100'gt,8439,Single,C6UA2,78878,E31,Chantiers de l'Atlantique,France,279.00,235.00,35.64,32.20,15.85,7.92,7.93,Wartsila Finland oy,Wartsila Corporation,Royal Caribbean Cruises Limited (RCL),United States of America,Nassau,—,Royal Caribbean Cruises Limited (RCL),United States of America,Royal Caribbean Cruises Limited (RCL),United States of America,Rhapsody of the Seas Incorporated,Liberia,RCL Cruises Limited,United Kingdom,—,—,—,—,RCL Cruises Limited,United Kingdom,Unknown,Unknown,Unknown Scrubber Manufacturer,Retrofit,9116864,311805000,12774,17130,12V46
passenger (cruise),264274,Vision of the Seas,Live,Bahamas,46471,1998,60'-100'gt,8215,Single,C6SE8,78717,F31,Chantiers de l'Atlantique,St. Nazaire,279.00,234.71,35.60,32.20,15.85,7.90,8.08,Wartsila Finland oy,Wartsila Corporation,Royal Caribbean Cruises Limited (RCL),United States of America,Nassau,—,Royal Caribbean Cruises Limited (RCL),United States of America,Royal Caribbean Cruises Limited (RCL),United States of America,Vision of the Seas Incorporated,Liberia,Royal Caribbean Cruises Limited (RCL),United States of America,—,—,—,—,Royal Caribbean Cruises Limited (RCL),United States of America,Unknown,Unknown,Unknown Scrubber Manufacturer,Retrofit,9116876,311321000,12774,17130,12V46
passenger (cruise),264275,Enchantment of the Seas,Live,Bahamas,52432,1997,60'-100'gt,7200,Single,C6FZ7,82910,493,STX Finland OY - SEE NOW AS Arctech Helsinki Shipyard Incorporated,Helsinki,301.36,258.75,32.20,32.20,10.20,7.82,2.38,MAN Energy Solutions SE,MAN Energy Solutions SE,Royal Caribbean Cruises Limited (RCL),United States of America,Nassau,—,Royal Caribbean Cruises Limited (RCL),United States of America,Royal Caribbean Cruises Limited (RCL),United States of America,Enchantment of the Seas Incorporated,Liberia,Royal Caribbean Cruises Limited (RCL),United States of America,—,—,—,—,Royal Caribbean Cruises Limited (RCL),United States of America,Unknown,Unknown,Unknown Scrubber Manufacturer,Retrofit,9111802,311733000,12774,17130,12V48/60
passenger (cruise),264276,Grandeur of the Seas,Live,Bahamas,44122,1996,60'-100'gt,7000,Single,C6SE3,73817,492,STX Finland OY - SEE NOW AS Arctech Helsinki Shipyard Incorporated,Helsinki,279.00,236.95,36.00,32.20,15.85,7.82,8.03,MAN Energy Solutions SE,MAN Energy Solutions SE,Royal Caribbean Cruises Limited (RCL),United States of America,Nassau,—,Royal Caribbean Cruises Limited (RCL),United States of America,Royal Caribbean Cruises Limited (RCL),United States of America,Grandeur of the Seas Incorporated,Liberia,Royal Caribbean Cruises Limited (RCL),United States of America,—,—,—,—,Royal Caribbean Cruises Limited (RCL),United States of America,Unknown,Unknown,Unknown Scrubber Manufacturer,Retrofit,9102978,311315000,12774,17130,12V48/60
passenger (cruise),264773,Star Voyager,Live,Bahamas,44925,1997,60'-100'gt,8293,Single,C6IG8,77441,5955,Fincantieri-Cantieri Navali Italiani S.p.A. Monfalcone,Monfalcone,261.23,232.21,32.25,32.25,17.40,8.10,3.21,Fincantieri-Cantieri Navali Italiani S.p.A.,Sulzer Turbomachinery Services,Unknown Owners,—,Nassau,—,Unknown Owners,—,Unknown Owners,—,Probiz Investments Limited,British Virgin Islands,Unknown Owners,—,—,—,—,—,—,—,—,—,—,—,9103996,311001666,11679,15662,16ZAV40S
passenger (cruise),264774,Grand Princess,Live,Bermuda,73238,1998,100'-150'gt,8418,Single,ZCBU5,107517,5956,Fincantieri-Cantieri Navali Italiani S.p.A. Monfalcone,Monfalcone,289.52,242.00,36.00,36.00,14.25,8.51,2.91,Fincantieri-Cantieri Navali Italiani S.p.A.,Sulzer Turbomachinery Services,Carnival plc,United Kingdom,Hamilton,—,Carnival Corporation,United States of America,Carnival plc,United Kingdom,Fairline Shipping International Corporation Limited,United States of America,Princess Cruise Lines Limited,United States of America,Princess Cruises Incorporated,United States of America,—,—,Princess Cruise Lines Limited,United States of America,Unknown,Unknown,Unknown Scrubber Manufacturer,—,9104005,310327000,11679,15662,16ZAV40S
passenger (cruise),265726,Marine Star,Dead,U.S.A.,10894,1945,10'-60'gt,—,Single,—,12773,357,Pennsylvania Shipbuilding Company,U.S.A.,150.27,—,21.90,21.79,7.92,5.30,2.62,General Electric Company,General Electric Company,Turkish Breakers,—,Wilmington,—,—,—,—,—,—,—,—,—,—,—,—,—,—,—,—,—,—,—,5021114,—,—,—,GENERAL ELECTRIC TURBINE
passenger (cruise),266307,Nile Crown,Live,Egypt,—,1995,-2'gt,200,Single,—,1200,1062,General Egyptian Shipbuilding Company,Alexandria(EGY),75.00,—,14.80,13.80,3.50,1.20,2.30,Caterpillar Incorporated,Caterpillar Incorporated,Isis Travel Agency,Arab Republic of Egypt,—,—,Isis Travel Agency,Arab Republic of Egypt,Isis Travel Agency,Arab Republic of Egypt,Isis Travel Agency,Arab Republic of Egypt,Isis Travel Agency,Arab Republic of Egypt,—,—,—,—,—,—,—,—,—,—,9060560,—,355,476,3406
passenger (cruise),267134,ST Victoria,Dead,Italy,43277,1996,60'-100'gt,8039,Double Bottom,—,75166,107,Bremer Vulkan Werft und Maschinenfabrik GmbH,Bremen,250.97,217.45,32.25,32.25,14.09,8.00,3.21,MAN Energy Solutions SE,MAN Energy Solutions SE,Genova Trasporti Ma,—,Genoa,—,—,—,—,—,—,—,—,—,—,—,—,—,—,—,—,—,—,—,9109031,—,7800,11488,6L58/64
passenger (cruise),2674,Glory,Dead,St. Kitts-Nevis,3999,1962,10'-60'gt,3713,Single,—,10392,237,Uljanik Brodogradiliste d.d.,Pula,150.00,135.00,19.00,19.00,10.01,7.00,3.01,B&W Diesel A/S,B&W Diesel A/S,Indian Breakers,—,Basseterre,—,—,—,—,—,—,—,—,—,—,—,—,—,—,—,—,—,—,—,5018698,—,3020,4050,7-50VTBF-110
passenger (cruise),267465,Viking I,Live,Panama,168,1968,-2'gt,—,Single,3ESY8,335,1264,Husumer Shipbuilding (Dock & Repair) GmbH,Husum(DEU),40.00,—,7.80,—,—,2.40,—,—,Unknown Engine Designer,Viking Reederei GmbH,Germany,Panama,—,Viking Reederei GmbH,Germany,Viking Reederei GmbH,Germany,Viking Reederei GmbH,Germany,Viking Reederei GmbH,Germany,—,—,—,—,—,—,—,—,—,—,—,—,—,—,SBF12M716
passenger (cruise),26750,Irpinia,Dead,Italy,7756,1929,10'-60'gt,7025,Single,—,13204,—,—,"",—,—,—,—,—,—,—,—,Unknown Engine Designer,—,—,—,—,—,—,—,—,—,—,—,—,—,—,—,—,—,—,—,—,—,—,5163675,—,5593,7500,UNKNOWN
passenger (cruise),267762,Lili Marleen,Live,Malaysia,243,1994,-2'gt,190,Single,9MGJ2,704,417,Elsflether Werft GmbH & Company KG,Elsfleth,73.98,55.50,9.50,9.50,4.35,2.85,1.50,MAN Energy Solutions SE,MAN Energy Solutions SE,Halim Mazmin Group,Malaysia,Port Klang,—,Halim Mazmin Group,Malaysia,Halim Mazmin Group,Malaysia,Shelwina Corporation Sendirian Berhad,Malaysia,Prima Shipmanagement Sendirian Berhad,Malaysia,—,—,—,—,Prima Shipmanagement Sendirian Berhad,Malaysia,—,—,—,—,9086863,533000116,535,718,D2842LE
passenger (cruise),267822,Expresso das Ilhas,Live,Portugal,103,1990,-2'gt,100,Single,—,286,B73,Marinteknik Verkstads A/B,Oregrund,34.00,—,9.40,—,3.00,—,—,MTU Friedrichshafen GmbH,MTU Friedrichshafen GmbH,Unknown Owners,—,—,—,Unknown Owners,—,Unknown Owners,—,Unknown Owners,—,Unknown Owners,—,—,—,—,—,—,—,—,—,—,—,8917041,—,1520,2039,12V396TE84
passenger (cruise),267856,Marella Explorer,Live,Malta,43358,1996,60'-100'gt,6500,Single,9HJH9,76998,638,Meyer Werft GmbH (Dormant),Papenburg,263.90,—,32.23,32.20,10.50,7.88,2.62,MAN Energy Solutions SE,MAN Energy Solutions SE,TUI UK Limited (Marella Cruises),United Kingdom,Valletta,—,TUI AG,Germany,TUI UK Limited (Marella Cruises),United Kingdom,TUI UK Limited (Marella Cruises),United Kingdom,Columbia Cruise Services GmbH & Company KG,Germany,—,—,—,—,Columbia Cruise Services GmbH & Company KG,Germany,—,—,—,—,9106297,249051000,7983,10706,9L48/60
passenger (cruise),268046,Goodwill Guide,Live,Panama,118,1967,-2'gt,—,Single,3FFY7,407,—,Gdanska Stocznia Rzeczna,Gdansk,44.94,—,8.60,—,3.61,2.48,1.10,SKL Motoren-und Systemtechnik GmbH,SKL Motoren-und Systemtechnik GmbH,Interocean Millenium Fisheries (Private) Limited,Sri Lanka,Panama,—,Interocean Millenium Fisheries (Private) Limited,Sri Lanka,Interocean Millenium Fisheries (Private) Limited,Sri Lanka,Interocean Millenium Fisheries (Private) Limited,Sri Lanka,Interocean Millenium Fisheries (Private) Limited,Sri Lanka,—,—,—,—,—,—,—,—,—,—,6919497,351065000,418,560,8NVD36-A1
passenger (cruise),268160,American Queen,Live,U.S.A.,3735,1995,10'-60'gt,1152,Single,WDG2957,10159,296,McDermott Shipyard,Amelia,127.00,—,27.40,—,4.20,2.60,1.60,—,Unknown Engine Designer,American Queen Voyages,United States of America,New Orleans,—,HMS Global Maritime Incorporated,United States of America,American Queen Voyages,United States of America,American Queen Steamboat Operating Company LLC,United States of America,American Queen Voyages,United States of America,—,—,—,—,—,—,—,—,—,—,9084542,366950740,—,—,UNKNOWN TURBINE
passenger (cruise),268330,Tilongkabila,Live,Indonesia,1806,1995,2'-10'gt,1438,Single,YFCD,6022,S 641,Meyer Werft GmbH (Dormant),Papenburg,99.00,91.50,18.00,18.00,9.40,4.20,5.20,Fried. Krupp AG Hoesch-Krupp,Mak Motoren GmbH & Company KG,Directorate General of Land Transportation (Direktorat Jenderal Perhubungan Darat),Indonesia,Jakarta,—,Government of Indonesia,Indonesia,Directorate General of Land Transportation (Direktorat Jenderal Perhubungan Darat),Indonesia,Directorate General of Land Transportation (Direktorat Jenderal Perhubungan Darat),Indonesia,Sinsimon Navigation Company Limited,Thailand,—,—,—,—,Sinsimon Navigation Company Limited,Thailand,—,—,—,—,9102760,525005016,1622,2175,6MU453C
passenger (cruise),268670,Bulou Ni Ceva,Dead,Fiji,206,1994,-2'gt,150,Single,—,620,93200,Fuchunjiang Shipyard,Hangzhou,42.00,—,9.00,—,—,3.00,—,Caterpillar Incorporated,Caterpillar Incorporated,Kadavu,—,—,—,—,—,—,—,—,—,—,—,—,—,—,—,—,—,—,—,—,—,9074183,—,186,250,3412
passenger (cruise),268737,Orka Hyperion,Live,Egypt,161,1995,-2'gt,100,Single,SSMH,212,C175,Chantier Piriou Freres,Concarneau,30.15,26.60,9.90,9.00,5.16,1.85,3.31,MTU Friedrichshafen GmbH,MTU Friedrichshafen GmbH,Castalia Navigation,Greece,Alexandria,—,Castalia Navigation,Greece,Castalia Navigation,Greece,Castalia Navigation,Greece,Castalia Navigation,Greece,—,—,—,—,—,—,—,—,—,—,9118331,—,1470,1998,12V183TE92
passenger (cruise),269421,Abitibi,Live,Canada,332,1938,-2'gt,—,Single,—,508,—,Canadian Vickers Shipyards Limited (G.T.Davie Division),Montreal,140.00,—,—,8.84,3.51,—,—,—,Unknown Engine Designer,R.A.P. Holdings Limited,Canada,Vancouver,—,R.A.P. Holdings Limited,Canada,R.A.P. Holdings Limited,Canada,R.A.P. Holdings Limited,Canada,R.A.P. Holdings Limited,Canada,—,—,—,—,—,—,—,—,—,—,5001358,—,956,1282,R8V22/30ATL
passenger (cruise),269646,Pangrango,Live,Indonesia,786,1995,2'-10'gt,400,Single,YFFD,2620,121,P.T. PAL Indonesia (PERSERO),Surabaya,74.00,68.00,—,15.20,8.50,2.85,5.65,Fried. Krupp AG Hoesch-Krupp,Mak Motoren GmbH & Company KG,P.T. (PELNI) Pelayaran Nasional Indonesia (Persero),Indonesia,Tanjung Perak,—,Government of Indonesia,Indonesia,P.T. (PELNI) Pelayaran Nasional Indonesia (Persero),Indonesia,P.T. (PELNI) Pelayaran Nasional Indonesia (Persero),Indonesia,P.T. (PELNI) Pelayaran Nasional Indonesia (Persero),Indonesia,—,—,—,—,P.T. (PELNI) Pelayaran Nasional Indonesia (Persero),Indonesia,—,—,—,—,9072123,525005018,1216,1200,8M20
passenger (cruise),269961,Norwegian Sky,Live,Bahamas,45951,1999,60'-100'gt,8800,Single,C6PZ8,77104,108,Bremer Vulkan Werft und Maschinenfabrik GmbH,Bremen,258.60,223.05,36.00,32.25,11.20,8.02,3.18,MAN Energy Solutions SE,MAN Energy Solutions SE,NCL (Bahamas) Limited,United States of America,Nassau,—,Norwegian Cruise Line Holdings Limited,United States of America,NCL (Bahamas) Limited,United States of America,Norwegian Sky Limited,Bahamas,NCL (Bahamas) Limited,United States of America,—,—,—,—,NCL (Bahamas) Limited,United States of America,—,—,—,—,9128532,308865000,8567,11488,7L58/64
passenger (cruise),270021,Nile Elite,Live,Egypt,—,1993,-2'gt,480,Single,—,1600,905,Giza Shipbuilding,Egypt,72.00,—,14.30,13.50,3.40,1.20,2.20,Caterpillar Incorporated,Caterpillar Incorporated,Memnon Tours Company,Arab Republic of Egypt,—,—,Memnon Tours Company,Arab Republic of Egypt,Memnon Tours Company,Arab Republic of Egypt,Memnon Tours Company,Arab Republic of Egypt,Memnon Tours Company,Arab Republic of Egypt,—,—,—,—,—,—,—,—,—,—,8918007,—,265,355,3406
passenger (cruise),270022,Nile Smart,Live,Egypt,—,1992,-2'gt,480,Single,—,1600,900,Giza Shipbuilding,Egypt,72.00,—,12.70,12.00,3.50,1.10,2.40,Caterpillar Incorporated,Caterpillar Incorporated,Memnon Tours Company,Arab Republic of Egypt,—,—,Memnon Tours Company,Arab Republic of Egypt,Memnon Tours Company,Arab Republic of Egypt,Memnon Tours Company,Arab Republic of Egypt,Memnon Tours Company,Arab Republic of Egypt,—,—,—,—,—,—,—,—,—,—,8910160,—,265,355,3406
passenger (cruise),270023,Nile Supreme,Live,Egypt,—,1993,-2'gt,480,Single,—,800,914,Giza Shipbuilding,Egypt,72.00,—,14.00,14.00,3.50,1.20,2.30,Caterpillar Incorporated,Caterpillar Incorporated,Memnon Tours Company,Arab Republic of Egypt,—,—,Memnon Tours Company,Arab Republic of Egypt,Memnon Tours Company,Arab Republic of Egypt,Memnon Tours Company,Arab Republic of Egypt,Memnon Tours Company,Arab Republic of Egypt,—,—,—,—,—,—,—,—,—,—,9056959,—,263,353,3406
passenger (cruise),270024,Nile Quality,Live,Egypt,—,1994,-2'gt,400,Single,—,800,920,Giza Shipbuilding,Giza,72.00,—,14.90,14.00,3.60,1.00,2.60,Caterpillar Incorporated,Caterpillar Incorporated,Memnon Tours Company,Arab Republic of Egypt,—,—,Memnon Tours Company,Arab Republic of Egypt,Memnon Tours Company,Arab Republic of Egypt,Memnon Tours Company,Arab Republic of Egypt,Memnon Tours Company,Arab Republic of Egypt,—,—,—,—,—,—,—,—,—,—,9070591,—,267,358,3406
passenger (cruise),27025,Iskenderun,Dead,Turkiye,3624,1950,2'-10'gt,2916,Single,—,6570,—,—,"",—,—,—,—,—,—,—,—,Unknown Engine Designer,—,—,—,—,—,—,—,—,—,—,—,—,—,—,—,—,—,—,—,—,—,—,5164540,—,—,—,UNKNOWN
passenger (cruise),270380,Solmar V,Live,Sao Tome & Principe,135,1980,-2'gt,215,Single,S9NF,264,02,Factoria Naval de Marin S.A.,Marin,30.00,—,10.50,—,3.00,1.80,1.20,"Baudouin, Societe des Moteurs","Baudouin, Societe des Moteurs",Solmar S.A.,Mexico,Sao Tome,—,Solmar S.A.,Mexico,Solmar S.A.,Mexico,Solmar S.A.,Mexico,Solmar S.A.,Mexico,—,—,—,—,—,—,—,—,—,—,7922659,—,321,430,DNP12M
passenger (cruise),27047,Amen,Dead,St. Kitts-Nevis,7865,1972,10'-60'gt,2859,Double Bottom,—,20186,414,Emder Werft und Dockbetriebe GmbH (EWD),Emden,168.00,144.30,24.59,24.59,15.14,7.49,7.65,Fiat Avio SpA,Fiat Avio SpA,Indian Breakers,—,—,—,—,—,—,—,—,—,—,—,—,—,—,—,—,—,—,—,—,—,7108514,—,3356,4500,C420.10L
passenger (cruise),270561,Mexico III,Live,Mexico,—,1995,-2'gt,390,Single,—,900,1670,Breaux Brothers Enterprises Incorporated,Loreauville,45.00,—,9.10,—,4.00,2.60,1.40,General Motors Corporation,Detroit Diesel Corporation,Cruceros Maritimos del Caribe,Mexico,—,—,Cruceros Maritimos del Caribe,Mexico,Cruceros Maritimos del Caribe,Mexico,Cruceros Maritimos del Caribe,Mexico,Cruceros Maritimos del Caribe,Mexico,—,—,—,—,—,—,—,—,—,—,9076284,345110004,820,1100,16V-92-TA
passenger (cruise),270998,Carnival Sunshine,Live,Bahamas,73081,1996,100'-150'gt,11142,Single,C6FN4,103881,5941,Fincantieri-Cantieri Navali Italiani S.p.A. Monfalcone,Monfalcone,272.35,230.00,35.54,35.50,11.22,8.30,2.92,Fincantieri-Cantieri Navali Italiani S.p.A.,Sulzer Turbomachinery Services,Carnival Corporation (Carnival Cruise Line),United States of America,Nassau,—,Carnival Corporation,United States of America,Carnival Corporation (Carnival Cruise Line),United States of America,Carnival Corporation (Carnival Cruise Line),United States of America,Carnival Corporation (Carnival Cruise Line),United States of America,—,—,—,—,Carnival Corporation (Carnival Cruise Line),United States of America,Unknown,Unknown,Unknown Scrubber Manufacturer,—,9070058,308017000,10706,14357,16ZAV40S
passenger (cruise),27102,Porto,Dead,Madeira,1766,1965,2'-10'gt,1640,Single,CQUU,5888,248,Uljanik Brodogradiliste d.d.,Pula,116.00,—,16.50,—,7.60,5.30,2.30,Turbine Works Limited,Sulzer Turbomachinery Services,Turkish Breakers,—,Madeira,—,—,—,—,—,—,—,—,—,—,—,—,—,—,—,—,—,—,—,6419057,—,2796,3750,10TAD48
passenger (cruise),27113,Aspire,Dead,St. Kitts-Nevis,4958,1967,10'-60'gt,2660,Single,—,12263,76,Cantiere Felszegi,Trieste,149.78,132.60,21.53,21.50,10.50,6.80,3.70,Fincantieri-Cantieri Navali Italiani S.p.A.,Sulzer Turbomachinery Services,Indian Breakers,—,—,—,—,—,—,—,—,—,—,—,—,—,—,—,—,—,—,—,—,—,6513994,—,5518,7400,9RD56
passenger (cruise),271294,Evolution,Live,Ecuador,196,1970,-2'gt,—,Single,HC4535,655,987,Kanasashi Shipbuilding Company Limited,Shimizu,56.70,—,8.60,—,3.90,3.70,0.20,—,Caterpillar Incorporated,Quasar Nautica Expeditions S.A.,Ecuador,—,—,Quasar Nautica Expeditions S.A.,Ecuador,Quasar Nautica Expeditions S.A.,Ecuador,Nautica del Pacifico S.A.,Ecuador,Quasar Nautica Expeditions S.A.,Ecuador,—,—,—,—,—,—,—,—,—,—,7122326,735057612,895,1300,3512
passenger (cruise),27162,Frank,Dead,St. Vincent & Grenadines,7528,1964,10'-60'gt,6007,Single,—,21192,—,—,East Germany,175.00,—,25.00,—,13.50,8.20,5.30,—,Sulzer Turbomachinery Services,Black Sea S.,—,Kingstown,—,—,—,—,—,—,—,—,—,—,—,—,—,—,—,—,—,—,—,5415901,—,7830,10500,7RND76
passenger (cruise),271878,Frisia XI,Live,Germany,91,1969,-2'gt,45,Single,DCEC,179,106,Schiffswerft Julius Diedrich GmbH & Company KG,Oldersum,35.36,32.00,7.00,7.00,1.55,1.01,0.54,Deutz AG,Deutz AG,AG Reederei Norden-Frisia,Germany,Norderney,—,AG Reederei Norden-Frisia,Germany,AG Reederei Norden-Frisia,Germany,AG Reederei Norden-Frisia,Germany,AG Reederei Norden-Frisia,Germany,—,—,—,—,—,—,—,—,—,—,8137237,211298150,350,470,12M716
passenger (cruise),271879,Stortebeker,Live,Germany,53,1969,-2'gt,21,Single,DHQK2,114,1284,Husumer Shipbuilding (Dock & Repair) GmbH,Husum(DEU),30.50,27.20,6.30,6.30,1.98,0.97,0.00,Deutz AG,Deutz AG,Aktien-Gesellschaft Ems,Germany,Borkum,—,Aktien-Gesellschaft Ems,Germany,Aktien-Gesellschaft Ems,Germany,Aktien-Gesellschaft Ems,Germany,Aktien-Gesellschaft Ems,Germany,—,—,—,—,—,—,—,—,—,—,7935319,211284610,175,235,SBF6M716
passenger (cruise),271950,Aguia,Live,Brazil,216,1992,-2'gt,50,Single,PQ9352,659,1604,Kvaerner Fjellstrand A.S.,Norway,40.55,37.00,12.00,—,4.00,1.67,2.33,MTU Friedrichshafen GmbH,MTU Friedrichshafen GmbH,Barcas S/A Transportes Maritimos,Brazil,—,—,Barcas S/A Transportes Maritimos,Brazil,Barcas S/A Transportes Maritimos,Brazil,MTH Houdster en Maritiem Transport BV,Netherlands,Barcas S/A Transportes Maritimos,Brazil,—,—,—,—,—,—,—,—,—,—,9015553,710015360,2028,2719,16V396
passenger (cruise),272,Adzhariya,Dead,Ukraine,2119,1964,2'-10'gt,1355,Single,—,4804,—,—,East Germany,122.00,110.01,15.96,15.96,7.62,5.21,2.41,MAN Energy Solutions SE,MAN Energy Solutions SE,Black Sea S.,—,—,—,—,—,—,—,—,—,—,—,—,—,—,—,—,—,—,—,—,—,6415130,—,3095,4150,MAN DIESEL
passenger (cruise),272082,Golden Sea,Live,Egypt,457,1981,-2'gt,—,Single,SSLN,1523,—,Arab Contractors Marine Workshops,Ismailia,69.50,—,11.00,11.00,3.30,1.80,1.50,Cummins Incorporated,Cummins Incorporated,Egyptian Italian Company for Hotels & Touristic Establishments S.A.E.,Arab Republic of Egypt,Alexandria,—,Egyptian Italian Company for Hotels & Touristic Establishments S.A.E.,Arab Republic of Egypt,Egyptian Italian Company for Hotels & Touristic Establishments S.A.E.,Arab Republic of Egypt,Egyptian Italian Company for Hotels & Touristic Establishments S.A.E.,Arab Republic of Egypt,Egyptian Italian Company for Hotels & Touristic Establishments S.A.E.,Arab Republic of Egypt,—,—,—,—,—,—,—,—,—,—,8882571,—,350,470,KTA-1150-M
passenger (cruise),272480,Aegean Majesty,Live,Bermuda,26819,1996,10'-60'gt,6604,Single,ZCEZ7,57092,5954,Fincantieri-Cantieri Navali Italiani S.p.A. Venice,Venice,219.21,185.00,30.83,30.80,19.13,7.72,11.41,Fincantieri-Cantieri Navali Italiani S.p.A.,Sulzer Turbomachinery Services,Seajets Group of Companies,Greece,Hamilton,—,Iliopoulos family group of companies,Greece,Seajets Group of Companies,Greece,Mediterranean Dream Incorporated,Liberia,Acheon Akti Navigation Company Limited,Cyprus,—,—,—,—,Acheon Akti Navigation Company Limited,Cyprus,Unknown,Unknown,Unknown Scrubber Manufacturer,Retrofit,9102992,310801000,6878,9224,12ZAV40S
passenger (cruise),27253,Izmir,Dead,Turkiye,3326,1955,2'-10'gt,1489,Single,—,6049,—,—,West Germany,122.00,—,16.60,—,8.40,5.80,2.60,—,Unknown Engine Designer,—,—,—,—,—,—,—,—,—,—,—,—,—,—,—,—,—,—,—,—,—,—,5166196,—,2699,3620,UNKNOWN
passenger (cruise),272716,National Geographic Islander,Live,Ecuador,304,1995,-2'gt,52,Single,HC4654,1065,B210,Chantiers Nav. de Marseille,Marseille,49.90,41.50,13.50,13.50,4.00,1.93,2.07,MTU Friedrichshafen GmbH,MTU Friedrichshafen GmbH,Lindblad Expeditions LLC,United States of America,Guayaquil,—,Lindblad Expeditions Holdings Incorporated,United States of America,Lindblad Expeditions LLC,United States of America,Marventura de Turismo Compania Limitada,Ecuador,Empresa Turistica Internacional C.A. (ETICA),Ecuador,—,—,—,—,Empresa Turistica Internacional C.A. (ETICA),Ecuador,—,—,—,—,9139878,735059027,1100,1495,12V183
passenger (cruise),272796,Marella Voyager,Live,Malta,43519,1997,60'-100'gt,9600,Single,9HJG9,77302,639,Meyer Werft GmbH (Dormant),Papenburg,243.00,225.75,32.23,32.20,10.50,8.10,2.40,MAN Energy Solutions SE,MAN Energy Solutions SE,TUI UK Limited (Marella Cruises),United Kingdom,Valletta,—,TUI AG,Germany,TUI UK Limited (Marella Cruises),United Kingdom,Marella Cruises Limited,United Kingdom,Columbia Cruise Services GmbH & Company KG,Germany,—,—,—,—,Columbia Cruise Services GmbH & Company KG,Germany,Unknown,Unknown,Unknown Scrubber Manufacturer,Retrofit,9106302,249053000,7983,10706,9L48/60
passenger (cruise),272799,Astoria Grande,Live,Palau,17766,1996,10'-60'gt,3752,Double Bottom,T8A3965,38557,1337,STX Finland OY - SEE NOW AS Arctech Helsinki Shipyard Incorporated,Turku,193.34,170.30,32.60,27.60,16.95,6.00,10.95,MAN Energy Solutions SE,MAN Energy Solutions SE,Newmay Management Limited,Cyprus,—,—,Goodwin Shipping Limited,Seychelles,Newmay Management Limited,Cyprus,Goodwin Shipping Limited,Seychelles,Camelot Maritime Gemi Isletmeciligi Limited Sirket,Turkiye,—,—,—,—,Camelot Maritime Gemi Isletmeciligi Limited Sirket,Turkiye,—,—,—,—,9112789,511100759,5505,7382,6L48/60
passenger (cruise),273552,Carnival Sunrise,Live,Bahamas,73744,1999,100'-150'gt,10984,Single,C6FN5,102239,5979,Fincantieri-Cantieri Navali Italiani S.p.A. Monfalcone,Monfalcone,272.82,230.00,35.54,35.50,11.20,8.30,2.90,Fincantieri-Cantieri Navali Italiani S.p.A.,Sulzer Turbomachinery Services,Carnival Corporation (Carnival Cruise Line),United States of America,Nassau,—,Carnival Corporation,United States of America,Carnival Corporation (Carnival Cruise Line),United States of America,Carnival Corporation (Carnival Cruise Line),United States of America,Carnival Corporation,United States of America,—,—,—,—,Carnival Corporation (Carnival Cruise Line),United States of America,Unknown,Unknown,Unknown Scrubber Manufacturer,—,9138850,308045000,9732,13051,16ZAV40S
passenger (cruise),273605,Tania,Dead,Egypt,—,—,-2'gt,—,Single,—,900,925,—,Egypt,—,—,—,—,—,—,—,—,Caterpillar Incorporated,El Chiaty,—,—,—,—,—,—,—,—,—,—,—,—,—,—,—,—,—,—,—,—,—,9131424,—,265,355,3406
passenger (cruise),273619,Minerva,Live,Malta,4349,1996,10'-60'gt,2004,Single,9HA4677,12892,1/95,Wadan Yards Okean OSJC,Nikolayev,133.55,115.00,20.00,20.00,9.00,6.00,3.00,Eriksbergs Mekaniska Verkstads AB,Semt Pielstick SA,Sete Yacht Management S.A.,Greece,Valletta,—,Latsis group of companies,Greece,Sete Yacht Management S.A.,Greece,Evante International Trading S.A.,Panama,Sete Yacht Management S.A.,Greece,—,—,—,—,Sete Yacht Management S.A.,Greece,—,—,—,—,9144196,248503000,3460,4704,8PC26/2E
passenger (cruise),273735,Epos,Live,Norway,73,1963,-2'gt,—,Single,LAZT,120,—,Kvaerner Fjellstrand A.S.,Omastrand,25.00,—,—,20.70,6.20,—,—,Caterpillar Incorporated,Caterpillar Incorporated,Vinnes Skyssbatservice A/S,Norway,Bergen,—,Vinnes Skyssbatservice A/S,Norway,Vinnes Skyssbatservice A/S,Norway,Vinnes Skyssbatservice A/S,Norway,Vinnes Skyssbatservice A/S,Norway,—,—,—,—,—,—,—,—,—,—,8428868,257228700,127,170,3306
passenger (cruise),273845,Carnival Paradise,Live,Panama,44045,1998,60'-100'gt,6894,Single,3FOB5,71925,494,STX Finland OY - SEE NOW AS Arctech Helsinki Shipyard Incorporated,Helsinki,262.00,224.00,31.50,31.50,24.90,7.85,17.05,Wartsila Finland oy,Wartsila Corporation,Carnival Corporation (Carnival Cruise Line),United States of America,Panama,—,Carnival Corporation,United States of America,Carnival Corporation (Carnival Cruise Line),United States of America,Carnival Corporation (Carnival Cruise Line),United States of America,Carnival Corporation (Carnival Cruise Line),United States of America,—,—,—,—,Carnival Corporation (Carnival Cruise Line),United States of America,Unknown,Unknown,Unknown Scrubber Manufacturer,Retrofit,9120877,355833000,8029,10767,12V38
passenger (cruise),273846,Carnival Elation,Live,Panama,44045,1998,60'-100'gt,7498,Single,3FOC5,71909,491,STX Finland OY - SEE NOW AS Arctech Helsinki Shipyard Incorporated,Helsinki,260.80,224.00,31.50,31.50,13.50,7.85,5.65,Wartsila Finland oy,Wartsila Corporation,Carnival Corporation (Carnival Cruise Line),United States of America,Panama,—,Carnival Corporation,United States of America,Carnival Corporation (Carnival Cruise Line),United States of America,Carnival Corporation (Carnival Cruise Line),United States of America,Carnival Corporation (Carnival Cruise Line),United States of America,—,—,—,—,Carnival Corporation (Carnival Cruise Line),United States of America,Unknown,Unknown,Unknown Scrubber Manufacturer,Retrofit,9118721,355831000,8029,10767,12V38
passenger (cruise),273928,Borealis,Live,Bahamas,29017,1997,10'-60'gt,5791,Single,C6ES4,59652,5980,Fincantieri-Cantieri Navali Italiani S.p.A. Venice,Venice,237.91,209.10,32.29,32.25,11.00,8.00,3.00,Fincantieri-Cantieri Navali Italiani S.p.A.,Sulzer Turbomachinery Services,Fred Olsen & Company,Norway,Nassau,—,Fred Olsen & Company,Norway,Fred Olsen & Company,Norway,Borealis Cruise Limited,United Kingdom,Fred Olsen Windcarrier AS,Norway,—,—,—,—,Fred Olsen Cruise Lines Limited,United Kingdom,Unknown,Unknown,Unknown Scrubber Manufacturer,Retrofit,9122552,311000987,11699,15689,16ZAV40S
passenger (cruise),274105,Indigo,Live,Sierra Leone,1013,1991,2'-10'gt,865,Single,9LC2063,2964,—,Damen Yichang Shipyard,Yichang,88.48,78.24,13.60,13.60,7.00,3.60,3.40,Zaklady Przemyslu Metalowego H. Cegielski S.A.,Sulzer Turbomachinery Services,Unknown Owners,—,Freetown,—,Unknown Owners,—,Unknown Owners,—,Unknown Owners,—,Unknown Owners,—,—,—,—,—,—,—,—,—,—,—,8888824,667484000,623,836,6AL20/24
passenger (cruise),274185,Skorpios III,Live,Chile,549,1995,-2'gt,259,Single,CBSK,1597,2,Astilleros Skorpios,Puerto Montt,69.00,59.70,10.00,10.00,4.50,3.30,1.20,Alpha Diesels A/S,Alpha Diesels A/S,Naviera y Turismo Skorpios S.A.,Chile,Valparaiso,—,Naviera y Turismo Skorpios S.A.,Chile,Naviera y Turismo Skorpios S.A.,Chile,Naviera y Turismo Skorpios S.A.,Chile,Naviera y Turismo Skorpios S.A.,Chile,—,—,—,—,—,—,—,—,—,—,9143908,725001100,1298,1740,8L23/30
passenger (cruise),274280,Paul Gauguin,Live,France,6199,1997,10'-60'gt,2208,Single,FNPG,19170,G31,Chantiers de l'Atlantique,St. Nazaire,153.66,131.40,22.00,22.00,21.10,5.15,2.91,Compagnie Alsthom Atlantique,Alstom Sao Paulo,Compagnie du Ponant (PONANT),France,—,—,Compagnie du Ponant (PONANT),France,Compagnie du Ponant (PONANT),France,Compagnie du Ponant (PONANT),France,Compagnie du Ponant (PONANT),France,—,—,—,—,Compagnie du Ponant (PONANT),France,—,—,—,—,9111319,—,4500,12228,M3HXD210100/16V
passenger (cruise),274367,Mystique Princess,Live,Fiji,539,1996,-2'gt,142,Single,3DVJ,1533,111,Astilleros y Servicios Navales S.A. (ASENAV),Valdivia,55.00,—,12.50,12.50,4.00,2.80,1.20,Detroit Diesel Corporation,Detroit Diesel Corporation,Blue Lagoon Cruises Limited,Fiji,Suva,—,Blue Lagoon Cruises Limited,Fiji,Blue Lagoon Cruises Limited,Fiji,Blue Lagoon Cruises Limited,Fiji,Blue Lagoon Cruises Limited,Fiji,—,—,—,—,—,—,—,—,—,—,9131395,—,483,648,12V-92-TA
passenger (cruise),274403,Star Navigator,Live,Bahamas,47636,1999,60'-100'gt,8530,Single,C6AV6,75338,647,Meyer Werft GmbH (Dormant),Papenburg,268.60,235.60,32.30,32.20,11.50,7.90,3.60,MAN Energy Solutions SE,MAN Energy Solutions SE,Unknown Owners,—,Nassau,—,Unknown Owners,—,Unknown Owners,—,Paradise Cove Holdings Limited,British Virgin Islands,RW Ship Management Sendirian Berhad,Malaysia,—,—,—,—,RW Ship Management Sendirian Berhad,Malaysia,Unknown,Unknown,Unknown Scrubber Manufacturer,—,9141077,311000165,14903,19985,14V48/60
passenger (cruise),274404,Norwegian Spirit,Live,Bahamas,45960,1998,60'-100'gt,8530,Single,C6TQ6,75904,646,Meyer Werft GmbH (Dormant),Papenburg,268.60,235.60,32.30,32.20,11.50,8.42,3.08,MAN Energy Solutions SE,MAN Energy Solutions SE,NCL (Bahamas) Limited,United States of America,Nassau,—,Norwegian Cruise Line Holdings Limited,United States of America,NCL (Bahamas) Limited,United States of America,Norwegian Spirit Limited,Bermuda,NCL (Bahamas) Limited,United States of America,—,—,—,—,NCL (Bahamas) Limited,United States of America,—,—,—,—,9141065,311746000,14903,19985,14V48/60
passenger (cruise),274492,Schilksee,Live,Germany,71,1986,-2'gt,35,Single,DJOV,159,1549,Fjellstrand Aluminium,Omastrand,16.00,14.00,7.40,5.27,2.50,1.85,0.65,Deutz MWM AG,Deutz MWM AG,Kieler Verkehrs AG,Germany,Kiel,—,Kieler Verkehrs AG,Germany,Kieler Verkehrs AG,Germany,Schlepp und Fahrgesellschaft Kiel mbH,Germany,Kieler Verkehrs AG,Germany,—,—,—,—,—,—,—,—,—,—,8605507,211897000,218,292,TBD604BL6
passenger (cruise),274511,Strande,Live,Estonia,105,1984,-2'gt,50,Single,ESNX,266,214,"Lindenau GmbH, Schiffswerft & Maschinenfabrik",Kiel,32.00,—,7.90,7.60,3.30,2.25,1.05,Deutz MWM AG,Deutz MWM AG,Unknown Owners,—,—,—,Unknown Owners,—,Unknown Owners,—,Unknown Owners,—,Unknown Owners,—,—,—,—,—,—,—,—,—,—,—,8400074,276871000,254,340,TBD440-6
passenger (cruise),274648,Hamburg,Live,Bahamas,5092,1997,10'-60'gt,1378,Single,C6OX6,15067,451,Wadan Yards MTW GmbH,Wismar,144.13,125.20,21.50,21.50,13.25,5.15,8.10,Wartsila Finland oy,Wartsila Corporation,Conti Holding GmbH & Company KG,Germany,Nassau,—,CPO Holding (GmbH & Company) KG,Germany,Conti Holding GmbH & Company KG,Germany,Conti 1 Kreuzfahrt GmbH & Company KG ms Columbus,Germany,Mamba Point Ship Management Private Limited,Republic of Singapore,Plantours & Partner GmbH,Germany,—,—,Mamba Point Ship Management Private Limited,Republic of Singapore,—,—,—,—,9138329,309908000,2640,3589,6L32
passenger (cruise),274674,Island Queen III,Live,Canada,227,1975,-2'gt,—,Single,VA3412,304,—,Marlin Yachts Company Limited,Canada,66.00,—,—,7.92,2.13,—,—,—,Unknown Engine Designer,Kingston & The Islands Boat Lines Limited,Canada,Kingston,—,Kingston & The Islands Boat Lines Limited,Canada,Kingston & The Islands Boat Lines Limited,Canada,Kingston & The Islands Boat Lines Limited,Canada,Kingston & The Islands Boat Lines Limited,Canada,—,—,—,—,—,—,—,—,—,—,—,316035873,483,648,12V396TB63
passenger (cruise),274725,Innvik,Dead,Norway,297,1967,-2'gt,—,Single,—,993,30,Vard Norway Offshore AS,Aukra,43.55,—,—,10.12,3.90,3.00,0.90,Bergen Group BMV,Normo,Borknes R.,—,Maaloy,—,—,—,—,—,—,—,—,—,—,—,—,—,—,—,—,—,—,—,6724294,—,485,650,LSMC-5
passenger (cruise),274763,Corsica Express Three,Live,Italy,1059,1996,2'-10'gt,280,Single,IBBV,3530,4249,I.N.M.A. Cantiere Navale Industrie Navali Meccaniche Affini S.p.A. Shipbuilding,La Spezia,103.55,84.00,14.50,14.50,9.50,1.50,8.00,MTU Friedrichshafen GmbH,MTU Friedrichshafen GmbH,Forship S.p.A. (Corsica Ferries Italia),Italy,Genoa,—,Lozali S.A,Switzerland,Forship S.p.A. (Corsica Ferries Italia),Italy,Corsica Ferries (France) S.A.S,France,Forship S.p.A. (Corsica Ferries Italia),Italy,—,—,—,—,Forship S.p.A. (Corsica Ferries Italia),Italy,—,—,—,—,9135963,247061600,6000,8157,20V1163TB73
passenger (cruise),2750,Santa Cruise,Dead,Unknown,11973,1969,10'-60'gt,6966,Double Bottom,—,28597,1170,STX Finland OY - SEE NOW AS Arctech Helsinki Shipyard Incorporated,Turku,187.25,170.64,25.75,25.75,13.15,8.20,2.26,Wartsila Finland oy,Wartsila Corporation,Costa Crociere,—,—,—,—,—,—,—,—,—,—,—,—,—,—,—,—,—,—,—,—,—,6916885,—,4854,6509,6R46
passenger (cruise),275180,World Odyssey,Live,Bahamas,8402,1998,10'-60'gt,3460,Double Bottom,C6BZ6,22496,328,Howaldtswerke-Deutsche Werft GmbH (HDW),Kiel,175.49,155.80,23.00,23.00,16.20,5.79,10.41,Mak Motoren GmbH & Company KG,Mak Motoren GmbH & Company KG,Delos Shipping LLC,United States of America,Nassau,—,Delos Shipping LLC,United States of America,Delos Shipping LLC,United States of America,Viser Cruise Opco LLC,Marshall Islands,Bernhard Schulte Cruise Services GmbH & Company KG,Germany,—,—,—,—,Bernhard Schulte Cruise Services GmbH & Company KG,Germany,—,—,—,—,9141807,311000410,3122,4187,8M32
passenger (cruise),275195,Disney Magic,Live,Bahamas,59476,1998,60'-100'gt,8452,Single,C6PT7,83969,5989,Fincantieri-Cantieri Navali Italiani S.p.A. Venice,Venice,294.00,256.20,32.25,32.25,20.85,7.70,13.15,Fincantieri-Cantieri Navali Italiani S.p.A.,Sulzer Turbomachinery Services,Magical Cruise Company Limited (Disney Cruise Line),United States of America,Nassau,—,Walt Disney World Company,United States of America,Magical Cruise Company Limited (Disney Cruise Line),United States of America,Magical Cruise Company Limited (Disney Cruise Line),United States of America,Magical Cruise Company Limited (Disney Cruise Line),United States of America,—,—,—,—,Magical Cruise Company Limited (Disney Cruise Line),United States of America,—,—,—,—,9126807,308516000,11693,15680,16ZAV40S
passenger (cruise),275196,Disney Wonder,Live,Bahamas,59456,1999,60'-100'gt,8604,Single,C6QM8,84130,5990,Fincantieri-Cantieri Navali Italiani S.p.A. Venice,Venice,294.00,256.20,—,32.25,11.00,8.00,3.00,Fincantieri-Cantieri Navali Italiani S.p.A.,Sulzer Turbomachinery Services,Disney Magic Corporation,United States of America,Nassau,—,Walt Disney World Company,United States of America,Disney Magic Corporation,United States of America,Disney Magic Corporation,United States of America,Magical Cruise Company Limited (Disney Cruise Line),United States of America,—,—,—,—,Magical Cruise Company Limited (Disney Cruise Line),United States of America,—,—,—,—,9126819,308457000,11693,15680,16ZAV40S
passenger (cruise),275358,Dream,Live,Liberia,44202,1998,60'-100'gt,8165,Single,D5YS3,77499,5998,Fincantieri-Cantieri Navali Italiani S.p.A. Monfalcone,Monfalcone,261.00,232.21,32.25,32.25,17.40,8.11,9.29,Fincantieri-Cantieri Navali Italiani S.p.A.,Sulzer Turbomachinery Services,Tianjin Orient International Cruise Line Company Limited,People's Republic of China,Monrovia,—,Tangshan DongFang Shipping Company Limited,People's Republic of China,Tianjin Orient International Cruise Line Company Limited,People's Republic of China,Tianjin Orient International Cruise Line Company Limited,People's Republic of China,Tianjin Orient International Cruise Line Company Limited,People's Republic of China,—,—,—,—,Integrated Maritime Management (SG) Private Limited,Republic of Singapore,—,—,—,—,9150913,636020325,11679,15662,16ZAV40S
passenger (cruise),276177,Perast,Live,Croatia,136,1963,-2'gt,30,Single,—,335,119,Brodogradiliste Losinj,Mali Losinj,44.00,—,8.10,—,4.00,3.00,1.00,Brodogradiliste Tito,Alpha Diesels A/S,Lenko Garbin,Republic of Croatia,—,—,Lenko Garbin,Republic of Croatia,Lenko Garbin,Republic of Croatia,Lenko Garbin,Republic of Croatia,Lenko Garbin,Republic of Croatia,—,—,—,—,—,—,—,—,—,—,5274498,—,447,600,495VO
passenger (cruise),276188,Polaris,Live,Croatia,—,1943,-2'gt,—,Single,9AA5026,132,918,The American Ship Building Company (Amship Division),Buffalo,29.23,—,7.30,—,3.20,3.00,0.20,—,Unknown Engine Designer,Ivan I Filip  Tomic,Republic of Croatia,—,—,Ivan I Filip  Tomic,Republic of Croatia,Ivan I Filip  Tomic,Republic of Croatia,Ivan I Filip  Tomic,Republic of Croatia,Ivan I Filip  Tomic,Republic of Croatia,—,—,—,—,—,—,—,—,—,—,5135006,—,559,750,3306PCTA
passenger (cruise),276419,Agape II,Dead,Indonesia,60,1996,-2'gt,—,Single,—,163,—,—,Indonesia,—,—,—,—,—,—,—,—,Unknown Engine Designer,Ronta,—,—,—,—,—,—,—,—,—,—,—,—,—,—,—,—,—,—,—,—,—,—,—,—,—,UNKNOWN
passenger (cruise),276614,Aquavision I,Live,Egypt,294,1996,-2'gt,50,Single,SSHB,579,S02,Alreidy Workshop Shipbuilding,Suez,47.00,37.75,9.01,9.00,4.50,2.80,1.70,General Motors Corporation,Detroit Diesel Corporation,Joily International Cruises,Arab Republic of Egypt,Alexandria,—,Joily International Cruises,Arab Republic of Egypt,Joily International Cruises,Arab Republic of Egypt,Joily International Cruises,Arab Republic of Egypt,Joily International Cruises,Arab Republic of Egypt,—,—,—,—,—,—,—,—,—,—,9117636,—,372,499,12V-71
passenger (cruise),276641,Bluenose II,Live,Canada,53,2015,-2'gt,38,Single,CYJZ,179,—,Smith & Rhuland,Lunenburg,49.07,43.59,—,8.23,4.88,—,—,John  Deere Engine Works,John  Deere Engine Works,The Minister of Tourism,Canada,Lunenburg,—,Government of Canada,Canada,The Minister of Tourism,Canada,The Minister of Tourism,Canada,The Minister of Tourism,Canada,—,—,—,—,—,—,—,—,—,—,5419086,316245000,175,175,6081AFM75
passenger (cruise),276743,Kalli P.,Live,Malta,1480,1996,2'-10'gt,350,Single,9HSR9,4934,623,Saint Malo Navale,St. Malo,102.00,96.51,15.00,15.00,5.20,2.48,2.72,MTU Friedrichshafen GmbH,MTU Friedrichshafen GmbH,Idomeneas Lines,Greece,Valletta,—,Panagiotopoulos family,Greece,Idomeneas Lines,Greece,Idomeneas Lines,Greece,Maritime Company of Lesvos S.A.,Greece,—,—,—,—,Maritime Company of Lesvos S.A.,Greece,—,—,—,—,9127643,249463000,6500,8832,20V1163TB73
passenger (cruise),27705,Ocean Odyssey,Dead,Panama,1633,1965,2'-10'gt,852,Single,—,4561,1882,Cantieri Riuniti Dell'Adriatico,Monfalcone,101.00,86.77,16.01,16.01,8.06,4.52,3.54,Sulzer Mitsubishi,Sulzer Turbomachinery Services,Indian Breakers,—,Panama,—,—,—,—,—,—,—,—,—,—,—,—,—,—,—,—,—,—,—,6415489,—,2051,2750,7TAD48
passenger (cruise),277103,Boomtown Belle II,Live,U.S.A.,3152,1995,10'-60'gt,—,Single,WCX8800,10507,3009,Bender Shipbuilding & Repair Company Incorporated,Mobile,—,—,—,—,—,—,—,—,Unknown Engine Designer,Penn National Gaming,United States of America,—,—,Penn National Gaming,United States of America,Penn National Gaming,United States of America,Penn National Gaming,United States of America,Penn National Gaming,United States of America,—,—,—,—,—,—,—,—,—,—,—,—,3353,4496,6L35MC
passenger (cruise),277105,Grand Palais,Live,U.S.A.,3152,1995,10'-60'gt,—,Single,WCP9273,10507,3008,Bender Shipbuilding & Repair Company Incorporated,Mobile,—,—,—,26.52,4.00,—,—,—,Unknown Engine Designer,Grand Palais Riverboat Incorporated,United States of America,New Orleans,—,Grand Palais Riverboat Incorporated,United States of America,Grand Palais Riverboat Incorporated,United States of America,Grand Palais Riverboat Incorporated,United States of America,Grand Palais Riverboat Incorporated,United States of America,—,—,—,—,—,—,—,—,—,—,—,—,3353,4496,6L35MC
passenger (cruise),277106,Lady Luck Bettendorf,Live,U.S.A.,2179,1995,2'-10'gt,—,Single,—,3539,1209,—,Los Angeles,—,—,—,—,—,—,—,—,Unknown Engine Designer,Lady Luck Tunica Incorporated,United States of America,—,—,Lady Luck Tunica Incorporated,United States of America,Lady Luck Tunica Incorporated,United States of America,Lady Luck Tunica Incorporated,United States of America,Lady Luck Tunica Incorporated,United States of America,—,—,—,—,—,—,—,—,—,—,—,—,2550,3420,12V28/32
passenger (cruise),277198,Haligonian III,Live,Canada,75,1972,-2'gt,—,Single,—,110,—,—,Canada,65.00,—,—,7.13,2.23,—,—,—,Unknown Engine Designer,Murphy Sailing Tours Limited,Canada,Halifax,—,Murphy Sailing Tours Limited,Canada,Murphy Sailing Tours Limited,Canada,Murphy Sailing Tours Limited,Canada,Murphy Sailing Tours Limited,Canada,—,—,—,—,—,—,—,—,—,—,—,—,130,348,12V396TB63
passenger (cruise),27742,Ambasador I,Dead,Ecuador,699,1958,2'-10'gt,610,Single,—,2329,132,Brodogradiliste Brodosplit Shipbuilding,Split,90.00,—,13.10,—,7.50,4.80,2.70,Stork-Werkspoor Diesel B.V.,Sulzer Turbomachinery Services,Ionian T.,—,—,—,—,—,—,—,—,—,—,—,—,—,—,—,—,—,—,—,—,—,5171294,—,1790,2400,8TD48
passenger (cruise),277478,RS Pioneer,Live,Ecuador,2005,1998,2'-10'gt,5363,Single,HC6714,4150,A445,Jiangxi Jiujiang Shipyard,Ruichang,99.95,94.80,16.20,16.20,8.20,6.63,1.59,Mak Motoren GmbH & Company KG,Mak Motoren GmbH & Company KG,Pacific Cargo Line PCL CA,Ecuador,Guayaquil,374,Pacific Cargo Line PCL CA,Ecuador,Pacific Cargo Line PCL CA,Ecuador,Pacific Cargo Line PCL CA,Ecuador,Pacific Cargo Line PCL CA,Ecuador,—,—,—,—,Pacific Cargo Line PCL CA,Ecuador,—,—,—,—,9126730,735060424,3960,5384,9M32
passenger (cruise),277582,Nubian Sea,Live,Egypt,—,1996,-2'gt,200,Single,—,1200,1066,General Egyptian Shipbuilding Company,Cairo,76.00,—,13.80,13.80,3.50,1.40,2.10,Caterpillar Incorporated,Caterpillar Incorporated,High Dam Cruises,Arab Republic of Egypt,—,—,High Dam Cruises,Arab Republic of Egypt,High Dam Cruises,Arab Republic of Egypt,High Dam Cruises,Arab Republic of Egypt,High Dam Cruises,Arab Republic of Egypt,—,—,—,—,—,—,—,—,—,—,9065326,—,350,469,3408
passenger (cruise),277817,Dongyang Gold,Live,South Korea,—,1996,-2'gt,50,Single,—,314,29,Damen Shipyards Singapore Private Limited,Singapore,40.00,37.29,10.10,10.10,3.94,1.70,2.34,MTU Friedrichshafen GmbH,MTU Friedrichshafen GmbH,Dong Yang Express Ferry Company Limited,Republic of Korea,Mokpo,—,Dong Yang Express Ferry Company Limited,Republic of Korea,Dong Yang Express Ferry Company Limited,Republic of Korea,Dong Yang Express Ferry Company Limited,Republic of Korea,Dong Yang Express Ferry Company Limited,Republic of Korea,—,—,—,—,—,—,—,—,—,—,9154878,440301190,2028,2719,16V396TE74L
passenger (cruise),278370,Sampaguita Express,Dead,Philippines,—,1986,-2'gt,—,Single,—,112,—,—,Philippines,—,—,—,—,—,—,—,—,Unknown Engine Designer,Sampaguita S.C.,—,—,—,—,—,—,—,—,—,—,—,—,—,—,—,—,—,—,—,—,—,—,—,—,—,UNKNOWN
passenger (cruise),278544,Cagidonu,Live,Fiji,192,1979,-2'gt,150,Single,3DQG,337,54,The Fuji Marine Shipyards & Slipways,Suva,33.00,—,7.40,—,—,3.00,—,General Motors Corporation,General Motors Corporation,Government of Fiji,Fiji,—,—,Government of Fiji,Fiji,Government of Fiji,Fiji,Government of Fiji,Fiji,Government of Fiji,Fiji,—,—,—,—,—,—,—,—,—,—,7636315,—,261,350,8V-71-N
passenger (cruise),278575,Lycianda,Live,Fiji,153,1984,-2'gt,30,Single,3DSG,385,31,Carpenters Industrial,Suva,39.00,—,7.60,—,3.30,—,—,Deutz MWM AG,Deutz MWM AG,Blue Lagoon Cruises Limited,Fiji,—,—,Blue Lagoon Cruises Limited,Fiji,Blue Lagoon Cruises Limited,Fiji,Blue Lagoon Cruises Limited,Fiji,Blue Lagoon Cruises Limited,Fiji,—,—,—,—,—,—,—,—,—,—,8401987,—,280,375,TBD234V8
passenger (cruise),278576,Marieanda,Live,Fiji,176,1978,-2'gt,10,Single,3DPQ,257,55,The Fuji Marine Shipyards & Slipways,Suva,38.00,—,7.30,—,—,2.20,—,General Motors Corporation,General Motors Corporation,Blue Lagoon Cruises Limited,Fiji,—,—,Blue Lagoon Cruises Limited,Fiji,Blue Lagoon Cruises Limited,Fiji,Blue Lagoon Cruises Limited,Fiji,Blue Lagoon Cruises Limited,Fiji,—,—,—,—,—,—,—,—,—,—,7726835,—,172,231,8V-71-N
passenger (cruise),278583,Oleanda,Live,Fiji,140,1974,-2'gt,50,Single,3DOT,301,—,The Fuji Marine Shipyards & Slipways,Suva,38.00,—,7.30,—,—,2.80,—,General Motors Corporation,General Motors Corporation,Blue Lagoon Cruises Limited,Fiji,—,—,Blue Lagoon Cruises Limited,Fiji,Blue Lagoon Cruises Limited,Fiji,Blue Lagoon Cruises Limited,Fiji,Blue Lagoon Cruises Limited,Fiji,—,—,—,—,—,—,—,—,—,—,7343695,—,261,350,8V-71-N
passenger (cruise),278598,Tui Tai,Live,Fiji,317,1980,-2'gt,180,Single,3DQM,540,44,Carpenters Industrial,Suva,39.00,—,9.20,—,3.90,2.70,1.20,L. Gardner & Sons Limited,L. Gardner & Sons Limited,Beachcomber Cruises Limited,Fiji,—,—,Beachcomber Cruises Limited,Fiji,Beachcomber Cruises Limited,Fiji,Beachcomber Cruises Limited,Fiji,Beachcomber Cruises Limited,Fiji,—,—,—,—,—,—,—,—,—,—,7910644,—,172,230,8L3B
passenger (cruise),278666,Insignia,Live,Marshall Islands,11481,1998,10'-60'gt,2700,Single,V7DM2,30277,H31,Chantiers de l'Atlantique,St. Nazaire,180.45,157.85,25.73,25.73,18.10,5.95,2.46,Chantiers de l'Atlantique,MAN Diesel AS,Oceania Cruises S de RL,United States of America,Majuro,—,Norwegian Cruise Line Holdings Limited,United States of America,Oceania Cruises S de RL,United States of America,Insignia Vessel Aquisition LLC,United States of America,NCL (Bahamas) Limited,United States of America,—,—,—,—,NCL (Bahamas) Limited,United States of America,Unknown,Unknown,Unknown Scrubber Manufacturer,Retrofit,9156462,538001663,4927,6607,12V32
passenger (cruise),278667,Regatta,Live,Marshall Islands,11481,1997,10'-60'gt,2700,Single,V7DM3,30277,I31R2,Chantiers de l'Atlantique,St. Nazaire,181.00,157.85,25.46,25.46,18.10,5.95,2.46,—,Unknown Engine Designer,Oceania Cruises S de RL,United States of America,Majuro,—,Norwegian Cruise Line Holdings Limited,United States of America,Oceania Cruises S de RL,United States of America,Regatta Acquisition LLC,United States of America,NCL (Bahamas) Limited,United States of America,Prestige Cruise Services LLC,United States of America,—,—,NCL (Bahamas) Limited,United States of America,—,—,—,—,9156474,538001664,4927,6607,12V32
passenger (cruise),278695,Volendam,Live,Netherlands,31371,1999,60'-100'gt,6150,Single,PCHM,61214,6035,Fincantieri-Cantieri Navali Italiani S.p.A. Venice,Venice,237.00,202.00,32.25,32.25,11.00,7.80,3.20,Fincantieri-Cantieri Navali Italiani S.p.A.,Sulzer Turbomachinery Services,HAL Antillen N.V.,Curacao,—,—,Carnival Corporation,United States of America,HAL Antillen N.V.,Curacao,HAL Antillen N.V.,Curacao,Holland America Line N.V.,United States of America,—,—,—,—,Holland America Line N.V.,United States of America,Unknown,Unknown,Unknown Scrubber Manufacturer,Retrofit,9156515,245968000,11699,15689,16ZAV40S
passenger (cruise),278700,Zaandam,Live,Netherlands,31457,2000,60'-100'gt,6150,Single,PDAN,61396,6036,Fincantieri-Cantieri Navali Italiani S.p.A. Venice,Venice,237.00,202.00,32.25,32.25,11.00,7.80,3.20,Fincantieri-Cantieri Navali Italiani S.p.A.,Sulzer Turbomachinery Services,HAL Antillen N.V.,Curacao,—,—,Carnival Corporation,United States of America,HAL Antillen N.V.,Curacao,HAL Antillen N.V.,Curacao,Holland America Line N.V.,United States of America,—,—,—,—,Holland America Line N.V.,United States of America,Unknown,Unknown,Wartsila Corporation,Retrofit,9156527,246442000,8759,11746,16ZAV40S
passenger (cruise),278955,Eastern Venus,Live,Panama,7978,1998,10'-60'gt,4202,Double Bottom,3E7469,26594,3095,IHI Corporation (Tokyo) - SEE NOW AS JAPAN MARINE UNITED CORPORATION (JMU),Tokyo,183.40,160.00,25.00,25.00,11.70,6.52,2.48,Diesel United Limited,Semt Pielstick SA,Duwon Shipping Company Limited,Republic of Korea,Panama,—,Duwon Shipping Company Limited,Republic of Korea,Duwon Shipping Company Limited,Republic of Korea,Eastern Venus Incorporation,Panama,Sungan Shipping Company Limited,Republic of Korea,—,—,—,—,Sungan Shipping Company Limited,Republic of Korea,—,—,—,—,9160011,352003306,6818,18540,12PC2-6V-400
passenger (cruise),279316,Prince Abbas,Live,Egypt,—,1998,-2'gt,190,Single,—,1500,926,Giza Shipbuilding,Giza,84.00,—,14.50,—,4.30,1.80,2.50,Caterpillar Incorporated,Caterpillar Incorporated,Nile Exploration Corporation,Arab Republic of Egypt,—,—,Nile Exploration Corporation,Arab Republic of Egypt,Nile Exploration Corporation,Arab Republic of Egypt,Nile Exploration Corporation,Arab Republic of Egypt,Nile Exploration Corporation,Arab Republic of Egypt,—,—,—,—,—,—,—,—,—,—,9149275,—,406,544,3412
passenger (cruise),279512,Clio,Live,Malta,1051,1998,2'-10'gt,417,Single,9HA4306,3504,625,Breheret Leroux & Lotz,Lorient,99.60,85.94,13.90,13.90,4.30,3.22,1.09,Wartsila NSD Helsinki,Wartsila China Limited,Grand Circle Dubrovnik Doo,Republic of Croatia,Valletta,—,Grand Circle Corporation,United States of America,Grand Circle Dubrovnik Doo,Republic of Croatia,GCCL Cayman Fleet 1,Cayman Islands,Grand Circle Dubrovnik Doo,Republic of Croatia,—,—,—,—,Grand Circle Dubrovnik Doo,Republic of Croatia,—,—,—,—,9159830,249596000,580,789,9L20
passenger (cruise),279739,Voyager of the Seas,Live,Bahamas,108645,1999,100'-150'gt,11132,Single,C6SE5,138194,1344,STX Finland OY - SEE NOW AS Arctech Helsinki Shipyard Incorporated,Turku,311.12,274.70,47.40,38.60,11.70,11.70,0.00,Wartsila Finland oy,Wartsila Corporation,Royal Caribbean Cruises Limited (RCL),United States of America,Nassau,—,Royal Caribbean Cruises Limited (RCL),United States of America,Royal Caribbean Cruises Limited (RCL),United States of America,Voyager of the Seas Incorporated,Liberia,RCL Cruises Limited,United Kingdom,—,—,—,—,RCL Cruises Limited,United Kingdom,Unknown,Unknown,Unknown Scrubber Manufacturer,Retrofit,9161716,311317000,12774,17130,12V46
passenger (cruise),279740,Explorer of the Seas,Live,Bahamas,108645,2000,100'-150'gt,10937,Single,C6SE4,138194,1345,STX Finland OY - SEE NOW AS Arctech Helsinki Shipyard Incorporated,Turku,311.00,274.70,49.10,38.59,11.70,8.30,3.40,Wartsila Finland oy,Wartsila Corporation,Royal Caribbean Cruises Limited (RCL),United States of America,Nassau,—,Royal Caribbean Cruises Limited (RCL),United States of America,Royal Caribbean Cruises Limited (RCL),United States of America,Explorer of the Seas Incorporated,United States of America,RCL Cruises Limited,United Kingdom,—,—,—,—,RCL Cruises Limited,United Kingdom,Unknown,Unknown,Unknown Scrubber Manufacturer,Retrofit,9161728,311316000,12595,16890,12V46
passenger (cruise),280066,Carnival Radiance,Live,Panama,73744,2000,100'-150'gt,11141,Single,3FFL8,102232,6045,Fincantieri-Cantieri Navali Italiani S.p.A. Monfalcone,Monfalcone,272.00,230.00,35.50,35.42,38.15,8.20,29.95,Fincantieri-Cantieri Navali Italiani S.p.A.,Sulzer Turbomachinery Services,Carnival Corporation (Carnival Cruise Line),United States of America,Panama,—,Carnival Corporation,United States of America,Carnival Corporation (Carnival Cruise Line),United States of America,Carnival Corporation (Carnival Cruise Line),United States of America,Carnival Corporation (Carnival Cruise Line),United States of America,—,—,—,—,Carnival Corporation (Carnival Cruise Line),United States of America,Unknown,Unknown,Unknown Scrubber Manufacturer,—,9172648,355263000,10706,14357,16ZAV40S
passenger (cruise),2800797,Gladys D,Live,U.S.A.,61,1974,-2'gt,28,Single,WDD9126,90,110,Camcraft Incorporated,"",—,—,—,—,—,—,—,—,Unknown Engine Designer,Unknown Owners,—,Freeport,—,Unknown Owners,—,Unknown Owners,—,Unknown Owners,—,Unknown Owners,—,—,—,—,—,—,—,—,—,—,—,—,367307280,—,—,UNKNOWN
passenger (cruise),280461,Rajah Mas,Dead,Malaysia,214,1955,-2'gt,—,Single,—,545,—,Straits Link Ship Agencies & Management Private Limited,Penang,51.00,—,9.80,—,—,—,—,—,Ruston Diesels Limited,South E.A.S.,—,—,—,—,—,—,—,—,—,—,—,—,—,—,—,—,—,—,—,—,—,5292593,—,403,540,6VEBXM
passenger (cruise),281011,Sonargaon,Live,Bangladesh,—,1983,-2'gt,165,Single,—,1350,487,Khulna Shipyard Limited,Bangladesh,70.00,—,13.20,—,2.70,1.30,1.40,—,Unknown Engine Designer,Government of The People's Republic of Bangladesh,Bangladesh,—,—,Government of The People's Republic of Bangladesh,Bangladesh,Government of The People's Republic of Bangladesh,Bangladesh,Bangladesh Railways Board,Bangladesh,Government of The People's Republic of Bangladesh,Bangladesh,—,—,—,—,—,—,—,—,—,—,7912185,—,649,870,6CHRNP36/45
passenger (cruise),281022,Avatapu,Dead,New Zealand,—,1968,-2'gt,—,Single,—,208,634,—,Japan,36.00,—,6.70,—,—,—,—,—,Unknown Engine Designer,Unknown Owners,—,—,—,—,—,—,—,—,—,—,—,—,—,—,—,—,—,—,—,—,—,6820347,—,462,620,UNKNOWN
passenger (cruise),281100,Chrysi Express,Live,Greece,124,1959,-2'gt,—,Single,SX8595,213,—,—,Germany,—,—,—,—,—,—,—,—,Unknown Engine Designer,Greek Breakers,—,—,—,—,—,—,—,—,—,—,—,—,—,—,—,—,—,—,—,—,—,8989484,237338400,—,—,SBF12M716
passenger (cruise),281274,Hamlet,Live,Denmark (Int. Register),3020,1997,10'-60'gt,2864,Single,OZMH2,10067,412,STX Finland OY - SEE NOW AS Arctech Helsinki Shipyard Incorporated,Rauma,111.20,102.22,28.22,27.60,13.90,5.50,8.40,Wartsila Finland oy,Wartsila China Limited,Oresundslinjen Helsingor ApS,Denmark,Helsingor,—,ForSea AB,Sweden,Oresundslinjen Helsingor ApS,Denmark,Oresundslinjen Helsingor ApS,Denmark,Molslinjen A/S,Denmark,—,—,—,—,Molslinjen A/S,Denmark,—,—,—,—,9150030,219622000,1551,2080,9L20
passenger (cruise),281774,Aurora,Live,Bermuda,40037,2000,60'-100'gt,8486,Single,ZCDW9,76152,640,Meyer Werft GmbH (Dormant),Papenburg,270.00,240.78,33.60,32.20,11.50,8.40,3.10,MAN Energy Solutions SE,MAN Energy Solutions SE,Carnival plc,United Kingdom,Hamilton,—,Carnival Corporation,United States of America,Carnival plc,United Kingdom,Carnival plc,United Kingdom,Carnival Corporation,United States of America,—,—,—,—,Carnival plc,United Kingdom,Unknown,Unknown,Unknown Scrubber Manufacturer,—,9169524,310556000,14193,19033,14V48/60
passenger (cruise),281775,Queen Of The Oceans,Live,Bermuda,44202,2000,60'-100'gt,8165,Single,ZCDN9,77499,6044,Fincantieri-Cantieri Navali Italiani S.p.A. Monfalcone,Monfalcone,261.00,232.21,32.25,32.25,17.40,8.11,9.29,Fincantieri-Cantieri Navali Italiani S.p.A.,Sulzer Turbomachinery Services,Seajets Group of Companies,Greece,Hamilton,—,Iliopoulos family group of companies,Greece,Seajets Group of Companies,Greece,Queen of the Oceans Incorporated,Liberia,Optimum Shipmanagement Services S.A.,Greece,—,—,—,—,Optimum Shipmanagement Services S.A.,Greece,—,—,—,—,9169550,310473000,11679,15662,16ZAV40S
passenger (cruise),282009,Jens Albrecht III,Live,Germany,54,1935,-2'gt,24,Single,DCCY,118,401,Meyer Werft GmbH (Dormant),Papenburg,26.48,23.50,5.80,5.80,1.75,1.23,0.52,MAN Truck and Bus AG,MAN Energy Solutions SE,AG Reederei Norden-Frisia,Germany,Harlesiel,—,AG Reederei Norden-Frisia,Germany,AG Reederei Norden-Frisia,Germany,AG Reederei Norden-Frisia,Germany,DB AutoZug GmbH Niederlassung Wangerooge,Germany,—,—,—,—,—,—,—,—,—,—,8745931,211227580,260,217,D2840LE
passenger (cruise),282133,Moon River,Live,Egypt,—,1991,-2'gt,480,Single,—,1000,902,Giza Shipbuilding,Giza,64.00,—,11.60,11.00,3.40,1.20,2.20,Caterpillar Incorporated,Caterpillar Incorporated,Moon River Tours Company,Arab Republic of Egypt,—,—,Moon River Tours Company,Arab Republic of Egypt,Moon River Tours Company,Arab Republic of Egypt,Moon River Tours Company,Arab Republic of Egypt,Moon River Tours Company,Arab Republic of Egypt,—,—,—,—,—,—,—,—,—,—,8912950,—,240,322,3406
passenger (cruise),282168,Ukko,Live,Finland,107,1918,-2'gt,—,Single,OIKY,232,—,—,Finland,30.00,—,6.50,—,—,2.20,—,—,Unknown Engine Designer,Roll-Laivat Oy,Finland,—,—,Roll-Laivat Oy,Finland,Roll-Laivat Oy,Finland,Roll-Laivat Oy,Finland,Roll-Laivat Oy,Finland,—,—,—,—,—,—,—,—,—,—,8634649,—,224,300,8V-71-N
passenger (cruise),282220,Sea Cloud II,Live,Malta,1154,2000,2'-10'gt,379,Single,9HUE6,3849,405,Astilleros Gondan S.A.,Castropol,105.90,81.50,16.00,16.00,9.45,5.18,4.27,Mak Motoren GmbH & Company KG,Mak Motoren GmbH & Company KG,Hansa Shipping GmbH & Company KG,Germany,Valletta,—,Hansa Treuhand Schiffsbeteiligungs AG & Company K.G.,Germany,Hansa Shipping GmbH & Company KG,Germany,Schiffahrtss-Gesellschaft Sea Cloud II mbH & Company KG,Germany,Sea Cloud Cruises GmbH,Germany,Sea Cloud II Shipping Company Limited,Liberia,—,—,Sea Cloud Cruises GmbH,Germany,—,—,—,—,9171292,248953000,1267,1699,8M20
passenger (cruise),282642,Ambition,Live,Bahamas,25196,1999,10'-60'gt,4225,Single,C6FL6,48123,J31,Chantiers de l'Atlantique,St. Nazaire,216.00,187.00,28.80,28.80,16.15,7.00,9.15,Chantiers de l'Atlantique,Wartsila Corporation,Ambassador Cruise Line Limited,United Kingdom,Nassau,303,ACL Holdings Limited,United Kingdom,Ambassador Cruise Line Limited,United Kingdom,Wake Asset Company Limited,British Virgin Islands,Bernhard Schulte Cruise Services GmbH & Company KG,Germany,—,—,—,—,Bernhard Schulte Cruise Services GmbH & Company KG,Germany,—,—,—,—,9172777,311001141,8029,10767,12V38
passenger (cruise),282644,Giselle,Live,Egypt,—,1997,-2'gt,480,Single,—,1000,917,Giza Shipbuilding,Giza,72.00,—,13.50,—,3.60,1.40,2.20,Caterpillar Incorporated,Caterpillar Incorporated,Spring Tours,Arab Republic of Egypt,—,—,Spring Tours,Arab Republic of Egypt,Spring Tours,Arab Republic of Egypt,Spring Tours,Arab Republic of Egypt,Spring Tours,Arab Republic of Egypt,—,—,—,—,—,—,—,—,—,—,9062099,—,287,385,3406
passenger (cruise),282645,Norma,Live,Egypt,—,1998,-2'gt,480,Single,—,1000,918,Giza Shipbuilding,Giza,72.00,—,13.50,—,3.60,1.30,2.30,Caterpillar Incorporated,Caterpillar Incorporated,Spring Tours,Arab Republic of Egypt,—,—,Spring Tours,Arab Republic of Egypt,Spring Tours,Arab Republic of Egypt,Spring Tours,Arab Republic of Egypt,Spring Tours,Arab Republic of Egypt,—,—,—,—,—,—,—,—,—,—,9062104,—,287,385,3406
passenger (cruise),282647,Saloumi,Live,Egypt,—,1997,-2'gt,480,Single,—,1000,—,Giza Shipbuilding,Giza,63.00,—,11.00,—,3.20,1.20,2.00,Caterpillar Incorporated,Caterpillar Incorporated,Unknown Owners,—,—,—,Unknown Owners,—,Unknown Owners,—,Unknown Owners,—,Unknown Owners,—,—,—,—,—,—,—,—,—,—,—,9062116,—,377,505,3406
passenger (cruise),282648,Nile Angel,Live,Egypt,—,1997,-2'gt,500,Single,—,1000,9/92,Shalkami Shipyard,Giza,61.00,—,11.00,—,3.50,1.30,2.20,Caterpillar Incorporated,Caterpillar Incorporated,Nile Cruising for Floating Hotels,Arab Republic of Egypt,—,—,Nile Cruising for Floating Hotels,Arab Republic of Egypt,Nile Cruising for Floating Hotels,Arab Republic of Egypt,Nile Cruising for Floating Hotels,Arab Republic of Egypt,Nile Cruising for Floating Hotels,Arab Republic of Egypt,—,—,—,—,—,—,—,—,—,—,9062142,—,243,326,3406
passenger (cruise),282722,Kurmangazy,Live,Kazakhstan,1130,1999,2'-10'gt,596,Single,UNAG,3508,179,Cantieri Naval S.M.E.B. S.p.A.,Messina,126.08,116.90,11.20,11.20,4.60,2.87,1.73,Deutz MWM AG,Deutz MWM AG,Wagenborg Shipping B.V.,Netherlands,Aktau,—,Wagenborg Shipping B.V.,Netherlands,Wagenborg Shipping B.V.,Netherlands,Roborg B.V.,Netherlands,Wagenborg Kazakhstan B.V.,Netherlands,—,—,—,—,Wagenborg Kazakhstan B.V.,Netherlands,—,—,—,—,9172088,436000149,1107,1505,TBD616V16
passenger (cruise),282767,Papoose III,Live,Canada,75,1968,-2'gt,—,Single,—,110,—,—,Ontario,65.00,—,—,7.13,2.23,—,—,—,Unknown Engine Designer,Kingston & The Islands Boat Lines Limited,Canada,—,—,Kingston & The Islands Boat Lines Limited,Canada,Kingston & The Islands Boat Lines Limited,Canada,Kingston & The Islands Boat Lines Limited,Canada,Kingston & The Islands Boat Lines Limited,Canada,—,—,—,—,—,—,—,—,—,—,—,—,347,466,12V396TB63
passenger (cruise),282923,Seven Seas Navigator,Live,Bahamas,9839,1999,10'-60'gt,3342,Single,C6ZI9,28803,6125,Admiralty Shipyards,St. Petersburg,170.69,150.18,24.80,24.80,12.28,7.30,4.98,Wartsila Sweden AB,Wartsila Corporation,Regent Seven Seas Cruises Incorporated,United States of America,Nassau,—,Norwegian Cruise Line Holdings Limited,United States of America,Regent Seven Seas Cruises Incorporated,United States of America,Navigator Vessel Company LLC,United States of America,Regent Seven Seas Cruises Incorporated,United States of America,—,—,—,—,NCL (Bahamas) Limited,United States of America,—,—,—,—,9064126,311050600,3937,5280,8L38
passenger (cruise),283242,Soon Pung,Live,South Korea,—,1983,-2'gt,15,Single,D8GK,104,—,Korea Tacoma Marine Industries Limited Shipbuilding,Masan,26.00,23.10,10.20,10.20,2.68,—,—,MTU Friedrichshafen GmbH,MTU Friedrichshafen GmbH,Semo Marine Company Limited,Republic of Korea,Yeosu,—,Semo Marine Company Limited,Republic of Korea,Semo Marine Company Limited,Republic of Korea,Semo Marine Company Limited,Republic of Korea,Semo Marine Company Limited,Republic of Korea,—,—,—,—,—,—,—,—,—,—,8327935,—,766,1027,8V396TB83
passenger (cruise),283316,Neptun Baroness,Live,Germany,—,1997,-2'gt,450,Single,—,498,6441,Abeking & Rasmussen GmbH & Company Schiffs und Yachtwerft,Lemwerder,39.00,—,9.90,—,3.50,—,—,—,Unknown Engine Designer,Unknown Owners,—,—,—,Unknown Owners,—,Unknown Owners,—,Neptun Baroness Verwaltungs GmbH & Company,Germany,Unknown Owners,—,—,—,—,—,—,—,—,—,—,—,9116151,—,304,408,3196DITA
passenger (cruise),283317,Neptun Princess,Live,Germany,—,1997,-2'gt,450,Single,—,498,6442,Abeking & Rasmussen GmbH & Company Schiffs und Yachtwerft,Lemwerder,39.00,—,9.90,—,3.50,—,—,—,Unknown Engine Designer,Unknown Owners,—,—,—,Unknown Owners,—,Unknown Owners,—,Neptun Princess Verwaltungs GmbH & Company,Germany,Unknown Owners,—,—,—,—,—,—,—,—,—,—,—,9116163,—,304,408,3196DITA
passenger (cruise),283505,Belle of Louisville,Live,U.S.A.,350,1914,-2'gt,—,Single,WF6270,350,—,—,Pittsburgh(PA USA),170.00,—,46.00,—,5.20,—,—,—,Unknown Engine Designer,Jefferson County Fiscal Court,United States of America,—,—,Jefferson County Fiscal Court,United States of America,Jefferson County Fiscal Court,United States of America,Jefferson County Fiscal Court,United States of America,Jefferson County Fiscal Court,United States of America,—,—,—,—,—,—,—,—,—,—,—,367199750,158,212,UNKNOWN TURBINE
passenger (cruise),284116,Kasr Ibrim,Live,Egypt,—,1997,-2'gt,400,Single,—,1200,710,Arab Contractors Marine Workshops,Ismailia,79.00,—,14.00,—,3.60,1.80,1.80,Caterpillar Incorporated,Caterpillar Incorporated,Eugeni for Tourism Investment,Arab Republic of Egypt,—,—,Eugeni for Tourism Investment,Arab Republic of Egypt,Eugeni for Tourism Investment,Arab Republic of Egypt,Eugeni for Tourism Investment,Arab Republic of Egypt,Eugeni for Tourism Investment,Arab Republic of Egypt,—,—,—,—,—,—,—,—,—,—,9149691,—,36,48,3408
passenger (cruise),284828,Rypoy,Live,Norway,48,1997,-2'gt,48,Single,LIRL,121,509,Oma Baatbyggeri A/S,Stord,20.76,—,8.00,8.00,2.55,—,—,MTU Friedrichshafen GmbH,MTU Friedrichshafen GmbH,Boreal Sjo AS,Norway,Hammerfest,—,Boreal Holding AS,Norway,Boreal Sjo AS,Norway,Boreal Sjo AS,Norway,Boreal Sjo AS,Norway,—,—,—,—,Boreal Sjo AS,Norway,—,—,—,—,9168661,257368900,618,829,12V183TE72
passenger (cruise),284874,Gotska Sandon,Live,Sweden,58,1981,-2'gt,25,Single,SMXK,111,1533,Kvaerner Fjellstrand A.S.,Omastrand,25.00,—,5.80,—,2.60,2.40,0.20,MTU Friedrichshafen GmbH,MTU Friedrichshafen GmbH,Uto Rederi AB,Sweden,—,—,Uto Rederi AB,Sweden,Uto Rederi AB,Sweden,Uto Rederi AB,Sweden,Uto Rederi AB,Sweden,—,—,—,—,—,—,—,—,—,—,8028462,265518280,597,800,8V396TC92
passenger (cruise),284940,Nile Glory,Live,Egypt,—,1998,-2'gt,100,Single,—,800,1012,Maghagha Shipyard,Maghagha,72.00,—,13.80,—,3.50,1.00,2.50,Caterpillar Incorporated,Caterpillar Incorporated,Memnon Tours Company,Arab Republic of Egypt,—,—,Memnon Tours Company,Arab Republic of Egypt,Memnon Tours Company,Arab Republic of Egypt,Memnon Tours Company,Arab Republic of Egypt,Memnon Tours Company,Arab Republic of Egypt,—,—,—,—,—,—,—,—,—,—,9070606,—,324,435,3406
passenger (cruise),284967,Nile Spirit,Live,Egypt,—,1997,-2'gt,100,Single,—,1000,1013,Maghagha Shipyard,Maghagha,63.00,—,11.50,—,3.80,1.30,2.50,Caterpillar Incorporated,Caterpillar Incorporated,Memnon Tours Company,Arab Republic of Egypt,—,—,Memnon Tours Company,Arab Republic of Egypt,Memnon Tours Company,Arab Republic of Egypt,Memnon Tours Company,Arab Republic of Egypt,Memnon Tours Company,Arab Republic of Egypt,—,—,—,—,—,—,—,—,—,—,9070618,—,224,300,3406
passenger (cruise),285259,Adventure of the Seas,Live,Bahamas,108644,2001,100'-150'gt,11033,Single,C6SA3,138193,1346,STX Finland OY - SEE NOW AS Arctech Helsinki Shipyard Incorporated,Turku,311.00,275.35,49.10,38.59,11.70,8.82,2.88,Wartsila Finland oy,Wartsila Corporation,Royal Caribbean Cruises Limited (RCL),United States of America,Nassau,—,Royal Caribbean Cruises Limited (RCL),United States of America,Royal Caribbean Cruises Limited (RCL),United States of America,Adventure of the Seas Incorporated,Liberia,Royal Caribbean Cruises Limited (RCL),United States of America,—,—,—,—,Royal Caribbean Cruises Limited (RCL),United States of America,Unknown,Unknown,Unknown Scrubber Manufacturer,Retrofit,9167227,311263000,12595,16890,12V46
passenger (cruise),285514,Chinese Taishan,Live,Liberia,10410,2000,10'-60'gt,2430,Single,D5MU2,24427,961,Blohm + Voss GmbH,Hamburg,180.45,155.00,26.00,25.50,12.70,7.10,2.66,Wartsila Finland oy,Wartsila Corporation,Yantai Bohai Ferry International Ship Management Company Limited,People's Republic of China,Monrovia,—,Yantai Bohai Ferry International Ship Management Company Limited,People's Republic of China,Yantai Bohai Ferry International Ship Management Company Limited,People's Republic of China,Bohai Cruise Company Limited,"Hong Kong, S.A.R., China",Yantai Bohai Ferry International Ship Management Company Limited,People's Republic of China,—,—,—,—,Yantai Bohai Ferry International Ship Management Company Limited,People's Republic of China,—,—,—,—,9183506,636017800,9450,12847,9L46
passenger (cruise),285516,Blue Dream Star,Live,Liberia,10056,2001,10'-60'gt,2147,Single,D5XF2,24782,962,Blohm + Voss GmbH,Hamburg,181.40,155.00,—,25.50,18.30,7.40,10.90,Wartsila Finland oy,Wartsila Corporation,Shanghai Blue Dream International Cruise Company Limited,People's Republic of China,Monrovia,—,Shanghai Blue Dream International Cruise Company Limited,People's Republic of China,Shanghai Blue Dream International Cruise Company Limited,People's Republic of China,Blue Dream International Cruises Development (Tianjin) Company Limited,People's Republic of China,Hong Kong Guo Hang Ocean Ship Management Company Limited,People's Republic of China,—,—,—,—,Hong Kong Guo Hang Ocean Ship Management Company Limited,People's Republic of China,—,—,—,—,9183518,636020005,9580,12847,9L46
passenger (cruise),285739,Europa,Live,Malta,9205,1999,10'-60'gt,2557,Single,9HA5275,28890,495,STX Finland OY - SEE NOW AS Arctech Helsinki Shipyard Incorporated,Helsinki,198.52,179.86,24.00,24.00,18.00,6.30,11.70,MAN Energy Solutions SE,MAN Energy Solutions SE,Hapag-Lloyd Kreuzfahrten GmbH (Hapag-Lloyd Cruises GmbH),Germany,Valletta,—,TUI AG,Germany,Hapag-Lloyd Kreuzfahrten GmbH (Hapag-Lloyd Cruises GmbH),Germany,Hapag-Lloyd (Bahamas) Limited,Bahamas,Global Fleet Management LLC,United States of America,—,—,—,—,Global Fleet Management LLC,United States of America,—,—,—,—,9183855,215767000,5760,7831,8L40/54
passenger (cruise),286580,Nile Elegant,Live,Egypt,—,1992,-2'gt,480,Single,—,1600,901,Giza Shipbuilding,Giza,73.00,—,12.70,12.00,3.50,1.10,2.40,Caterpillar Incorporated,Caterpillar Incorporated,Smart Tours,Arab Republic of Egypt,—,—,Smart Tours,Arab Republic of Egypt,Smart Tours,Arab Republic of Egypt,Smart Tours,Arab Republic of Egypt,Smart Tours,Arab Republic of Egypt,—,—,—,—,—,—,—,—,—,—,8910172,—,265,355,3406
passenger (cruise),286595,Media,Live,Egypt,—,1999,-2'gt,480,Single,—,1000,1063,Egyptian Shiprepairs & Building Company,Alexandria(EGY),71.00,—,13.50,—,3.50,1.20,2.30,Caterpillar Incorporated,Caterpillar Incorporated,El Mohamady Hewedak,Arab Republic of Egypt,—,—,El Mohamady Hewedak,Arab Republic of Egypt,El Mohamady Hewedak,Arab Republic of Egypt,El Mohamady Hewedak,Arab Republic of Egypt,El Mohamady Hewedak,Arab Republic of Egypt,—,—,—,—,—,—,—,—,—,—,9065780,—,335,449,3408T
passenger (cruise),286956,Penta 40,Live,Sweden,126,1997,-2'gt,44,Single,SCDH,401,16,Baatservice Verft AS,Mandal,37.00,—,—,10.61,3.90,1.70,2.20,MTU Friedrichshafen GmbH,MTU Friedrichshafen GmbH,Boreal Sjo AS,Norway,—,—,Boreal Holding AS,Norway,Boreal Sjo AS,Norway,Boreal Sjo AS,Norway,Boreal Sjo AS,Norway,—,—,—,—,Boreal Sjo AS,Norway,—,—,—,—,9177076,265038960,634,850,12V183TE92
passenger (cruise),287189,Margaritaville At Sea Islander,Live,Bahamas,53437,2000,60'-100'gt,8600,Single,C6FB7,85861,4981342,STX Finland OY - SEE NOW AS Arctech Helsinki Shipyard Incorporated,Helsinki,292.50,260.60,32.20,32.20,13.60,8.00,2.61,Wartsila Finland oy,Wartsila Corporation,Classica Cruise Operator Limited Incoporated,United States of America,Nassau,—,Margaritaville at Sea,United States of America,Classica Cruise Operator Limited Incoporated,United States of America,MV Cruises I Vessel Company Limited,Bahamas,Anglo-Eastern Cruise Management Incorporated,United States of America,—,—,—,—,Anglo-Eastern Cruise Management Incorporated,United States of America,Unknown,Unknown,Unknown Scrubber Manufacturer,Retrofit,9187796,311001063,17600,14132,9L46
passenger (cruise),287192,Azamara Onward,Live,Malta,11493,1999,10'-60'gt,3376,Single,9HA5593,30312,N31,Chantiers de l'Atlantique,St. Nazaire,181.00,157.85,25.46,25.46,18.10,5.95,2.46,Chantiers de l'Atlantique,MAN Diesel AS,Sycamore Partners,United States of America,Valletta,—,Sycamore Partners,United States of America,Sycamore Partners,United States of America,SP Cruises Vessel (PP) Limited,Bermuda,V. Ships Leisure SAM,Monaco,V. Ships Leisure SAM,Monaco,—,—,V. Ships Leisure SAM,Monaco,—,—,—,—,9187887,229765000,4927,6607,12V32
passenger (cruise),287194,Sirena,Live,Marshall Islands,11481,1999,10'-60'gt,2000,Single,V7RX6,30277,O31,Chantiers de l'Atlantique,St. Nazaire,181.00,157.85,25.46,25.46,18.10,5.95,2.46,Chantiers de l'Atlantique,MAN Diesel AS,NCL (Bahamas) Limited,United States of America,Majuro,—,Norwegian Cruise Line Holdings Limited,United States of America,NCL (Bahamas) Limited,United States of America,Sirena Acquisition,Marshall Islands,NCL (Bahamas) Limited,United States of America,—,—,—,—,NCL (Bahamas) Limited,United States of America,—,—,—,—,9187899,538006842,4927,6607,12V32
passenger (cruise),287315,Prestige,Live,Egypt,—,1993,-2'gt,400,Single,—,1000,637,National Organisation for Shipbuilding El Shakhani,Cairo,72.00,—,14.40,13.50,3.50,1.10,2.40,Caterpillar Incorporated,Caterpillar Incorporated,Tresor Travel,Arab Republic of Egypt,—,—,Tresor Travel,Arab Republic of Egypt,Tresor Travel,Arab Republic of Egypt,Tresor Travel,Arab Republic of Egypt,Tresor Travel,Arab Republic of Egypt,—,—,—,—,—,—,—,—,—,—,9062130,—,287,385,3406
passenger (cruise),287317,Nile Treasure,Live,Egypt,—,1992,-2'gt,480,Single,—,1600,896,Giza Shipbuilding,Giza,72.00,—,12.00,12.00,3.50,1.10,2.40,Caterpillar Incorporated,Caterpillar Incorporated,Tresor Travel,Arab Republic of Egypt,—,—,Tresor Travel,Arab Republic of Egypt,Tresor Travel,Arab Republic of Egypt,Tresor Travel,Arab Republic of Egypt,Tresor Travel,Arab Republic of Egypt,—,—,—,—,—,—,—,—,—,—,8903832,—,240,322,3406
passenger (cruise),287322,Bolette,Live,Bahamas,30766,2000,60'-100'gt,7327,Single,C6ES3,62735,6052,Fincantieri-Cantieri Navali Italiani S.p.A. Venice,Venice,237.91,202.75,32.25,32.25,11.00,8.10,2.90,Fincantieri-Cantieri Navali Italiani S.p.A.,Sulzer Turbomachinery Services,Fred Olsen & Company,Norway,Nassau,—,Fred Olsen & Company,Norway,Fred Olsen & Company,Norway,Bolette Cruise Limited,United Kingdom,Fred Olsen Windcarrier AS,Norway,—,—,—,—,Fred Olsen Cruise Lines Limited,United Kingdom,Unknown,Unknown,Unknown Scrubber Manufacturer,Retrofit,9188037,311000986,11195,15013,16ZAV40S
passenger (cruise),287465,Carnival Spirit,Live,Bahamas,53613,2001,60'-100'gt,7200,Single,C6FF5,85920,499,STX Finland OY - SEE NOW AS Arctech Helsinki Shipyard Incorporated,Helsinki,292.56,260.60,32.20,32.20,14.00,8.01,5.99,Wartsila Finland oy,Wartsila Corporation,Carnival Corporation (Carnival Cruise Line),United States of America,Nassau,—,Carnival Corporation,United States of America,Carnival Corporation (Carnival Cruise Line),United States of America,Carnival Corporation (Carnival Cruise Line),United States of America,Carnival Corporation (Carnival Cruise Line),United States of America,—,—,—,—,Carnival Corporation (Carnival Cruise Line),United States of America,—,—,—,—,9188647,311001095,10538,14132,9R46
passenger (cruise),287483,Ol Busum,Live,Germany,77,1966,-2'gt,42,Single,DLWP,173,1240,Husumer Shipbuilding (Dock & Repair) GmbH,Husum(DEU),33.53,29.27,6.60,6.60,2.20,1.45,0.75,MTU Friedrichshafen GmbH,MTU Friedrichshafen GmbH,Hans-Georg Rahder,Germany,Busum,—,Hans-Georg Rahder,Germany,Hans-Georg Rahder,Germany,Hans-Georg Rahder,Germany,Reederei H.G. Rahder GmbH,Germany,—,—,—,—,—,—,—,—,—,—,6618691,211225340,346,464,12V183TA
passenger (cruise),287591,Cherry Rose,Live,Philippines,—,1974,-2'gt,—,Single,—,246,757,Sanuki Zosen Tekkosho K.K.,Takuma,—,42.98,8.34,8.31,3.89,—,—,—,Mak Motoren GmbH & Company KG,Rose Shipping Lines,Philippines,Cebu,—,Rose Shipping Lines,Philippines,Rose Shipping Lines,Philippines,Rose Shipping Lines,Philippines,Rose Shipping Lines,Philippines,—,—,—,—,—,—,—,—,—,—,7394008,—,956,1300,KNLH6275
passenger (cruise),287680,Admiral,Live,U.S.A.,—,1907,-2'gt,—,Single,—,1557,—,—,"",—,—,—,—,—,—,—,—,Unknown Engine Designer,Unknown Owners,—,—,—,Unknown Owners,—,Unknown Owners,—,Unknown Owners,—,Unknown Owners,—,—,—,—,—,—,—,—,—,—,—,—,—,662,888,6CHRNP36/45
passenger (cruise),287886,Celebrity Millennium,Live,Malta,53648,2000,60'-100'gt,11928,Single,9HJF9,90963,R31,Chantiers de l'Atlantique,St. Nazaire,294.00,262.70,32.20,32.20,10.60,8.30,2.30,General Electric Company,General Electric Company,Celebrity Cruises Incorporated,United States of America,Valletta,—,Royal Caribbean Cruises Limited (RCL),United States of America,Celebrity Cruises Incorporated,United States of America,Millenium Incorporated,United States of America,Royal Caribbean Cruises Limited (RCL),United States of America,—,—,—,—,RCL Cruises Limited,United Kingdom,Unknown,Unknown,CR Ocean Engineering,Retrofit,9189419,249055000,50689,67975,LM2500+
passenger (cruise),287887,Celebrity Infinity,Live,Malta,55452,2001,60'-100'gt,11778,Single,9HJD9,90940,S31,Chantiers de l'Atlantique,St. Nazaire,294.00,262.70,32.20,32.20,10.60,10.60,0.00,GEC Alsthom,General Electric Company,Celebrity Cruises Incorporated,United States of America,Valletta,—,Royal Caribbean Cruises Limited (RCL),United States of America,Celebrity Cruises Incorporated,United States of America,Infinity Incorporated,Liberia,Royal Caribbean Cruises Limited (RCL),United States of America,—,—,—,—,Celebrity Cruises Incorporated,United States of America,Unknown,Unknown,CR Ocean Engineering,Retrofit,9189421,249048000,58799,78851,LM2500+
passenger (cruise),288397,Stella Polaris,Live,Sweden,42,1961,-2'gt,—,Single,SLTR,142,—,—,"",27.00,—,7.10,—,—,1.80,—,—,Unknown Engine Designer,Royal Stockholm Cruise Line AB,Sweden,—,—,Royal Stockholm Cruise Line AB,Sweden,Royal Stockholm Cruise Line AB,Sweden,Royal Stockholm Cruise Line AB,Sweden,Royal Stockholm Cruise Line AB,Sweden,—,—,—,—,—,—,—,—,—,—,—,—,140,188,ID36SS12V
passenger (cruise),288535,Silver Shadow,Live,Bahamas,9144,2000,10'-60'gt,3405,Single,C6FN6,28258,981,T. Mariotti S.p.A.,Donada,186.00,161.80,24.80,24.80,11.30,6.12,5.18,Wartsila NSD Helsinki,Wartsila Corporation,Silversea Cruises Limited,United States of America,Nassau,—,Lefebvre family,Monaco,Silversea Cruises Limited,United States of America,Silver Shadow Shipping Company Limited,Bahamas,Silversea S.A.M.,Monaco,—,—,—,—,Silversea S.A.M.,Monaco,—,—,—,—,9192167,308628000,7800,7800,8R46B
passenger (cruise),288536,Silver Whisper,Live,Bahamas,9144,2001,10'-60'gt,2980,Single,C6FN7,28258,982,T. Mariotti S.p.A.,Donada,186.00,161.80,24.80,24.80,11.30,6.12,2.29,Wartsila Finland oy,Wartsila Corporation,Silversea Cruises Limited,United States of America,Nassau,—,Lefebvre family,Monaco,Silversea Cruises Limited,United States of America,Silver Whisper Shipping Company Limited,Bahamas,Silversea S.A.M.,Monaco,—,—,—,—,Silversea S.A.M.,Monaco,—,—,—,—,9192179,308322000,7800,7800,8R46B
passenger (cruise),288650,Carnival Adventure,Live,Bahamas,73276,2001,100'-150'gt,8418,Single,C6HX6,108865,6050,Fincantieri-Cantieri Navali Italiani S.p.A. Monfalcone,Monfalcone,285.00,242.00,36.00,36.00,11.40,8.51,2.89,Fincantieri-Cantieri Navali Italiani S.p.A.,Sulzer Turbomachinery Services,Carnival Corporation (Carnival Cruise Line),United States of America,Nassau,—,Carnival Corporation,United States of America,Carnival Corporation (Carnival Cruise Line),United States of America,Carnival Corporation (Carnival Cruise Line),United States of America,Carnival Corporation (Carnival Cruise Line),United States of America,—,—,—,—,Carnival Corporation (Carnival Cruise Line),United States of America,Unknown,Unknown,Unknown Scrubber Manufacturer,—,9192351,311001595,19000,14357,16ZAV40S
passenger (cruise),288651,Carnival Encounter,Live,Bahamas,73347,2002,100'-150'gt,10852,Single,C6HX7,108977,6051,Fincantieri-Cantieri Navali Italiani S.p.A. Monfalcone,Monfalcone,289.62,242.00,36.00,36.00,14.25,8.45,8.45,Fincantieri-Cantieri Navali Italiani S.p.A.,Sulzer Turbomachinery Services,Carnival Corporation (Carnival Cruise Line),United States of America,Nassau,—,Carnival Corporation,United States of America,Carnival Corporation (Carnival Cruise Line),United States of America,Carnival Corporation (Carnival Cruise Line),United States of America,Carnival Corporation (Carnival Cruise Line),United States of America,—,—,—,—,Carnival Corporation (Carnival Cruise Line),United States of America,Unknown,Unknown,Unknown Scrubber Manufacturer,—,9192363,311001596,19000,21535,16ZAV40S
passenger (cruise),288713,Norwegian Star,Live,Bahamas,61087,2001,60'-100'gt,7500,Single,C6FR3,91740,648,Meyer Werft GmbH (Dormant),Papenburg,294.13,264.00,32.20,32.20,11.50,8.63,2.87,MAN Energy Solutions SE,MAN Energy Solutions SE,NCL (Bahamas) Limited,United States of America,Nassau,—,Norwegian Cruise Line Holdings Limited,United States of America,NCL (Bahamas) Limited,United States of America,Norwegian Star Limited,Bahamas,NCL (Bahamas) Limited,United States of America,—,—,—,—,NCL (Bahamas) Limited,United States of America,—,—,—,—,9195157,311082000,14903,19985,14V48/60
passenger (cruise),288714,Norwegian Dawn,Live,Bahamas,61406,2002,60'-100'gt,7500,Single,C6FT7,92250,649,Meyer Werft GmbH (Dormant),Papenburg,294.13,264.80,38.10,32.20,11.50,8.63,2.87,MAN Energy Solutions SE,MAN Energy Solutions SE,NCL (Bahamas) Limited,United States of America,Nassau,—,Norwegian Cruise Line Holdings Limited,United States of America,NCL (Bahamas) Limited,United States of America,Norwegian Dawn Limited,Isle of Man,NCL (Bahamas) Limited,United States of America,—,—,—,—,NCL (Bahamas) Limited,United States of America,Unknown,Unknown,Unknown Scrubber Manufacturer,—,9195169,311307000,14903,19985,14V48/60
passenger (cruise),288717,Radiance of the Seas,Live,Bahamas,56328,2001,60'-100'gt,10759,Single,C6SE7,90090,655,Meyer Werft GmbH (Dormant),Papenburg,293.20,263.50,39.80,32.19,11.50,8.63,2.87,General Electric Company,General Electric Company,Royal Caribbean Cruises Limited (RCL),United States of America,Nassau,—,Royal Caribbean Cruises Limited (RCL),United States of America,Royal Caribbean Cruises Limited (RCL),United States of America,Radiance of the Seas Incorporated,Liberia,RCL Cruises Limited,United Kingdom,—,—,—,—,RCL Cruises Limited,United Kingdom,Wet,Closed Loop,Langh Tech Oy Ab,Retrofit,9195195,311319000,25641,34385,LM2500
passenger (cruise),290470,Harbour Queen,Live,Singapore,—,1987,-2'gt,—,Single,—,118,167,Keppel Hitachi Zosen Limited,Singapore,—,—,—,—,—,—,—,—,Unknown Engine Designer,PSA Marine Private Limited,Republic of Singapore,Singapore,—,PSA International Limited,Republic of Singapore,PSA Marine Private Limited,Republic of Singapore,PSA Marine Private Limited,Republic of Singapore,PSA Marine Private Limited,Republic of Singapore,—,—,—,—,—,—,—,—,—,—,—,—,537,720,16V-92-TA
passenger (cruise),290495,Aashi-1,Live,India,136,1999,-2'gt,40,Single,AWYC,451,1645,Kvaerner Fjellstrand A.S.,Omastrand,38.00,36.00,9.60,9.48,3.70,3.20,0.50,MTU Friedrichshafen GmbH,MTU Friedrichshafen GmbH,Unknown Owners,—,Mumbai,—,Unknown Owners,—,Unknown Owners,—,Aashi Resorts Private Limited,India,Sonar Marine Consultant Private Limited,India,—,—,—,—,Sonar Marine Consultant Private Limited,India,—,—,—,—,9119359,419001355,799,1071,12V2000M70
passenger (cruise),290611,Orillia's Island Princess,Live,Canada,133,1989,-2'gt,—,Single,—,194,—,—,"",—,—,—,8.08,2.07,—,—,—,Unknown Engine Designer,Big Chute Boat Cruises Limited,Canada,Collingwood,—,Big Chute Boat Cruises Limited,Canada,Big Chute Boat Cruises Limited,Canada,Big Chute Boat Cruises Limited,Canada,Big Chute Boat Cruises Limited,Canada,—,—,—,—,—,—,—,—,—,—,—,—,172,500,8V-71-N
passenger (cruise),292993,Nautica,Live,Marshall Islands,11481,2000,10'-60'gt,2948,Single,V7DM4,30277,R5-P31,Chantiers de l'Atlantique,St. Nazaire,181.00,157.85,25.46,25.46,18.10,5.95,2.46,Wartsila Finland oy,Unknown Engine Designer,Oceania Cruises S de RL,United States of America,Majuro,—,Norwegian Cruise Line Holdings Limited,United States of America,Oceania Cruises S de RL,United States of America,Nautica Acquisition LLC,Marshall Islands,NCL (Bahamas) Limited,United States of America,Prestige Cruise Services LLC,United States of America,—,—,NCL (Bahamas) Limited,United States of America,—,—,—,—,9200938,538001665,4650,6236,12V32LNE
passenger (cruise),292994,Azamara Journey,Live,Malta,11748,2000,10'-60'gt,2700,Single,9HOB8,30277,Q31,Chantiers de l'Atlantique,St. Nazaire,181.00,157.85,25.46,25.46,18.10,5.95,12.15,Wartsila Norway AS,MAN Diesel AS,Sycamore Partners,United States of America,Valletta,—,Sycamore Partners,United States of America,Sycamore Partners,United States of America,SP Cruises Vessel (AJ) Limited,Bermuda,V. Ships Leisure SAM,Monaco,Celebrity Cruises Incorporated,United States of America,—,—,V. Ships Leisure SAM,Monaco,Unknown,Unknown,Unknown Scrubber Manufacturer,Retrofit,9200940,256204000,6793,9109,12V32
passenger (cruise),294074,Yukon Queen II,Live,U.S.A.,73,1999,-2'gt,20,Single,WDE9323,237,981,P.T. SBF Shipbuilders,Fremantle,27.00,—,9.60,—,2.10,1.10,1.00,MTU Friedrichshafen GmbH,MTU Friedrichshafen GmbH,Carnival Corporation,United States of America,—,—,Carnival Corporation,United States of America,Carnival Corporation,United States of America,Westours Motorcoaches,United States of America,Carnival Corporation,United States of America,—,—,—,—,—,—,—,—,—,—,9200885,367027520,787,1055,12V2000M70
passenger (cruise),295390,Carnival Conquest,Live,Panama,87344,2002,100'-150'gt,11100,Single,3FPQ9,110475,6057,Fincantieri-Cantieri Navali Italiani S.p.A. Monfalcone,Monfalcone,290.13,247.70,35.42,35.42,11.00,8.20,2.80,Fincantieri-Cantieri Navali Italiani S.p.A.,Sulzer Turbomachinery Services,Carnival Corporation (Carnival Cruise Line),United States of America,Panama,—,Carnival Corporation,United States of America,Carnival Corporation (Carnival Cruise Line),United States of America,Carnival Corporation (Carnival Cruise Line),United States of America,Carnival Corporation (Carnival Cruise Line),United States of America,—,—,—,—,Carnival Corporation (Carnival Cruise Line),United States of America,Unknown,Unknown,Unknown Scrubber Manufacturer,Retrofit,9198355,357657000,16060,21537,16ZAV40S
passenger (cruise),295391,Carnival Glory,Live,Panama,84938,2003,100'-150'gt,11100,Single,3FPS9,110480,6058,Fincantieri-Cantieri Navali Italiani S.p.A. Monfalcone,Monfalcone,290.13,248.00,35.42,35.42,23.10,8.20,14.90,Fincantieri-Cantieri Navali Italiani S.p.A.,Sulzer Turbomachinery Services,Carnival Corporation (Carnival Cruise Line),United States of America,Panama,—,Carnival Corporation,United States of America,Carnival Corporation (Carnival Cruise Line),United States of America,Carnival Corporation (Carnival Cruise Line),United States of America,Carnival Corporation (Carnival Cruise Line),United States of America,—,—,—,—,Carnival Corporation (Carnival Cruise Line),United States of America,Unknown,Unknown,Unknown Scrubber Manufacturer,—,9198367,357659000,16060,21537,16ZAV40S
passenger (cruise),295710,Brilliance of the Seas,Live,Bahamas,56328,2002,60'-100'gt,10759,Single,C6SJ5,90090,656,Meyer Werft GmbH (Dormant),Papenburg,292.00,263.50,39.80,32.20,11.50,8.63,2.87,General Electric Company,General Electric Company,Royal Caribbean Cruises Limited (RCL),United States of America,Nassau,—,Royal Caribbean Cruises Limited (RCL),United States of America,Royal Caribbean Cruises Limited (RCL),United States of America,Brilliance of the Seas Shipping Incorporated,Liberia,RCL Cruises Limited,United Kingdom,—,—,Halifax Leasing (September) Limited,Bahamas,RCL Cruises Limited,United Kingdom,Wet,Closed Loop,Langh Tech Oy Ab,Retrofit,9195200,311361000,25346,33990,LM2500
passenger (cruise),296313,Radamis II,Live,Egypt,—,2002,-2'gt,—,Single,—,1000,708,Arab Contractors Marine Workshops,Helwan,72.00,—,13.80,—,3.60,1.30,2.30,Caterpillar Incorporated,Caterpillar Incorporated,Radamis Floating Hotels,Arab Republic of Egypt,—,—,Radamis Floating Hotels,Arab Republic of Egypt,Radamis Floating Hotels,Arab Republic of Egypt,Radamis Floating Hotels,Arab Republic of Egypt,Radamis Floating Hotels,Arab Republic of Egypt,—,—,—,—,—,—,—,—,—,—,9086540,—,324,435,3406
passenger (cruise),296315,Nile Quest,Live,Egypt,—,2002,-2'gt,400,Single,—,1000,707,Arab Contractors Marine Workshops,Helwan,72.00,—,14.00,—,3.80,1.30,2.50,Caterpillar Incorporated,Caterpillar Incorporated,Unknown Owners,—,—,—,Unknown Owners,—,Unknown Owners,—,Unknown Owners,—,Unknown Owners,—,—,—,—,—,—,—,—,—,—,—,9071741,—,324,435,3406
passenger (cruise),296330,Elysium,Live,St. Kitts-Nevis,483,1982,-2'gt,425,Single,V4MG4,1610,176,Hijos de J. Barreras S.A.,Vigo,63.87,—,12.50,12.50,7.10,3.24,3.86,Hijos de Miguel Estela S.A.,Unknown Engine Designer,Emerald Blue Cruises SA,Panama,Basseterre,—,Emerald Blue Cruises SA,Panama,Emerald Blue Cruises SA,Panama,Emerald Blue Cruises SA,Panama,Timm Limited,Marshall Islands,—,—,—,—,Timm Limited,Marshall Islands,—,—,—,—,8112902,341200000,1728,1175,SBA8M528
passenger (cruise),296472,Montasser 1,Live,Egypt,—,1992,-2'gt,200,Single,—,1600,7/90,Shalkami Shipyard,Cairo,71.00,—,13.00,13.00,3.50,1.30,2.20,Caterpillar Incorporated,Caterpillar Incorporated,Egyptian Canadian Company,Arab Republic of Egypt,—,—,Egyptian Canadian Company,Arab Republic of Egypt,Egyptian Canadian Company,Arab Republic of Egypt,Egyptian Canadian Company,Arab Republic of Egypt,Egyptian Canadian Company,Arab Republic of Egypt,—,—,—,—,—,—,—,—,—,—,9002427,—,300,402,3408
passenger (cruise),296738,Celebrity Summit,Live,Malta,53268,2001,60'-100'gt,11788,Single,9HJC9,91003,T31,Chantiers de l'Atlantique,St. Nazaire,294.00,263.10,32.30,32.20,10.60,8.00,2.60,GEC Alsthom,General Electric Company,Celebrity Cruises Incorporated,United States of America,Valletta,—,Royal Caribbean Cruises Limited (RCL),United States of America,Celebrity Cruises Incorporated,United States of America,Summit Incorporated,Malta,Celebrity Cruises Incorporated,United States of America,—,—,—,—,Celebrity Cruises Incorporated,United States of America,Unknown,Unknown,CR Ocean Engineering,Retrofit,9192387,249047000,18252,24476,LM2500+
passenger (cruise),296739,Celebrity Constellation,Live,Malta,53268,2002,60'-100'gt,11763,Single,9HJB9,90940,U31,Chantiers de l'Atlantique,St. Nazaire,294.00,262.93,37.40,32.20,10.60,8.00,32.40,GEC Alsthom,General Electric Company,Celebrity Cruises Incorporated,United States of America,Valletta,—,Royal Caribbean Cruises Limited (RCL),United States of America,Celebrity Cruises Incorporated,United States of America,Constellation Incorporated,Malta,Royal Caribbean Cruises Limited (RCL),United States of America,—,—,—,—,RCL Cruises Limited,United Kingdom,Unknown,Unknown,CR Ocean Engineering,Retrofit,9192399,249046000,29401,39428,LM2500+
passenger (cruise),298509,Seven Seas Mariner,Live,Bahamas,17600,2001,10'-60'gt,4700,Single,C6VV8,48075,K31,Chantiers de l'Atlantique,St. Nazaire,216.00,187.00,28.84,28.80,16.15,7.00,9.15,Wartsila Nederland BV,General Electric Company,Prestige Cruise Services LLC,United States of America,Nassau,—,Prestige Cruise Services LLC,United States of America,Prestige Cruise Services LLC,United States of America,Mariner LLC,Marshall Islands,NCL (Bahamas) Limited,United States of America,—,—,—,—,NCL (Bahamas) Limited,United States of America,—,—,—,—,9210139,311622000,8029,10767,LM2500+
passenger (cruise),299011,MSC Armonia,Live,Panama,33519,2001,60'-100'gt,6949,Single,H8EW,65542,V31,Chantiers de l'Atlantique,St. Nazaire,274.90,222.25,28.80,28.80,12.90,6.80,6.10,Wartsila Sweden AB,Wartsila Corporation,MSC Crociere (Mediterranean Shipping Cruises) S.p.A.,Italy,Panama,—,Mediterranean Shipping Company S.A. (MSC),Switzerland,MSC Crociere (Mediterranean Shipping Cruises) S.p.A.,Italy,Newco Armonia S.A.,Panama,MSC Cruise Management (UK) Limited,United Kingdom,—,—,—,—,MSC Cruise Management (UK) Limited,United Kingdom,—,—,—,—,9210141,357281000,7920,10767,12V38
passenger (cruise),299012,MSC Sinfonia,Live,Panama,33519,2002,60'-100'gt,7500,Single,H8XH,65542,X31,Chantiers de l'Atlantique,St. Nazaire,274.90,222.50,28.80,28.80,12.90,6.80,3.21,Wartsila Sweden AB,Wartsila Corporation,MSC Crociere (Mediterranean Shipping Cruises) S.p.A.,Italy,Panama,—,Mediterranean Shipping Company S.A. (MSC),Switzerland,MSC Crociere (Mediterranean Shipping Cruises) S.p.A.,Italy,Newco Sinfonia S.A.,Panama,MSC Cruise Management (UK) Limited,United Kingdom,—,—,—,—,MSC Cruise Management (UK) Limited,United Kingdom,—,—,—,—,9210153,356716000,7920,10621,W12V38A
passenger (cruise),299013,Azamara Quest,Live,Malta,11748,2000,10'-60'gt,2700,Single,9HOM8,30277,Y31,Chantiers de l'Atlantique,St. Nazaire,181.00,157.85,25.46,25.46,8.40,5.95,2.46,Wartsila Finland oy,MAN Diesel AS,Sycamore Partners,United States of America,Valletta,—,Sycamore Partners,United States of America,Sycamore Partners,United States of America,SP Cruises Vessel (AQ) Limited,Bermuda,V. Ships Leisure SAM,Monaco,—,—,—,—,V. Ships Leisure SAM,Monaco,Unknown,Unknown,Unknown Scrubber Manufacturer,Retrofit,9210218,256216000,13500,18342,12V32
passenger (cruise),299014,Azamara Pursuit,Live,Malta,11481,2001,10'-60'gt,2700,Single,9HA4800,30277,Z31,Chantiers de l'Atlantique,St. Nazaire,181.00,157.85,25.76,25.46,8.40,5.95,2.45,Chantiers de l'Atlantique,General Electric Company,Sycamore Partners,United States of America,Valletta,—,Sycamore Partners,United States of America,Sycamore Partners,United States of America,SP Cruises Vessel (AP) Limited,Bermuda,V. Ships Leisure SAM,Monaco,—,—,—,—,V. Ships Leisure SAM,Monaco,Unknown,Unknown,Unknown Scrubber Manufacturer,Retrofit,9210220,248762000,13500,18342,LM2500
passenger (cruise),299731,Canadian Empress,Live,Canada,122,1981,-2'gt,—,Single,VX6095,407,—,—,Canada,32.00,—,—,9.14,2.51,—,—,—,Unknown Engine Designer,St. Lawrence Cruise Lines Incorporated,Canada,Kingston,—,St. Lawrence Cruise Lines Incorporated,Canada,St. Lawrence Cruise Lines Incorporated,Canada,St. Lawrence Cruise Lines Incorporated,Canada,St. Lawrence Cruise Lines Incorporated,Canada,—,—,—,—,—,—,—,—,—,—,—,316002588,468,628,12V396TB63
passenger (cruise),300331,Kristel Jane 3,Live,Philippines,—,1983,-2'gt,350,Single,—,452,1535,Usuki Shipyard Company Limited,Usuki,57.00,—,11.20,—,4.00,3.10,0.90,Niigata Shipbuilding & Repair Incorporated,Niigata Shipbuilding & Repair Incorporated,Aleson Shipping Lines Incorporated,Philippines,—,—,Aleson Shipping Lines Incorporated,Philippines,Aleson Shipping Lines Incorporated,Philippines,Aleson Shipping Lines Incorporated,Philippines,Aleson Shipping Lines Incorporated,Philippines,—,—,—,—,—,—,—,—,—,—,8313489,—,1611,2160,6PA5
passenger (cruise),300631,Pride of America,Live,U.S.A.,50632,2005,60'-100'gt,8260,Single,WNBE,80439,7671,Ingalls Shipbuilding Corporation,Pascagoula,280.59,257.59,—,32.20,20.07,8.02,12.05,Wartsila Deutschland GmbH,Wartsila Corporation,NCL (Bahamas) Limited,United States of America,Honolulu,—,Norwegian Cruise Line Holdings Limited,United States of America,NCL (Bahamas) Limited,United States of America,Pride of America Ship Holding LLC,United States of America,NCL (Bahamas) Limited,United States of America,—,—,—,—,NCL (Bahamas) Limited,United States of America,Unknown,Unknown,Yara International ASA,Retrofit,9209221,366994450,8516,11420,8L46C
passenger (cruise),301273,Victory II,Live,Bahamas,1468,2004,2'-10'gt,695,Single,C6YZ8,4954,243,Atlantic Marine Incorporated,Jacksonville,91.44,90.22,15.24,15.24,6.10,3.81,2.29,Caterpillar Incorporated,Caterpillar Incorporated,Victory Cruise Lines Incorporated,United States of America,Nassau,—,—,—,—,—,Victory Cruise Lines Incorporated,United States of America,—,—,—,—,—,—,—,—,—,—,—,—,9213131,311050300,1452,1947,3516
passenger (cruise),301274,Victory I,Live,Bahamas,1468,2001,2'-10'gt,200,Single,C6YZ9,4954,242,Atlantic Marine Incorporated,Jacksonville,91.44,90.22,15.24,15.24,6.10,3.81,2.29,Caterpillar Incorporated,Caterpillar Incorporated,Victory Cruise Lines Incorporated,United States of America,Nassau,—,—,—,—,—,Victory Cruise Lines Incorporated,United States of America,—,—,—,—,—,—,—,—,—,—,—,—,9213129,311050400,1491,2000,3516
passenger (cruise),30145,Fayza Express,Dead,Syria,359,1956,-2'gt,881,Single,—,1554,778,Fleming & Ferguson Limited,Paisley,67.00,—,12.30,—,6.10,5.00,1.10,Mirrlees Blackstone Limited,Mirrlees Blackstone Limited,Turkish Breakers,—,—,—,—,—,—,—,—,—,—,—,—,—,—,—,—,—,—,—,—,—,5173321,—,682,915,ESL8
passenger (cruise),302431,Carnival Pride,Live,Panama,53613,2001,60'-100'gt,7200,Single,H3VU,86071,500,STX Finland OY - SEE NOW AS Arctech Helsinki Shipyard Incorporated,Helsinki,292.50,262.70,—,38.80,13.60,7.80,5.80,Wartsila Finland oy,Wartsila Corporation,Carnival Corporation (Carnival Cruise Line),United States of America,Panama,—,Carnival Corporation,United States of America,Carnival Corporation (Carnival Cruise Line),United States of America,Carnival Corporation (Carnival Cruise Line),United States of America,Carnival Corporation (Carnival Cruise Line),United States of America,—,—,—,—,Carnival Corporation (Carnival Cruise Line),United States of America,Unknown,Unknown,Unknown Scrubber Manufacturer,Retrofit,9223954,354215000,10539,14133,9R46
passenger (cruise),302555,Stortemelk,Live,Netherlands,55,1961,-2'gt,33,Single,PHTK,109,2/75,Hijlkema & Zonen Scheepsbouw FA,Hoogezand,29.00,—,6.40,—,3.40,2.50,0.90,Stork-Werkspoor Diesel B.V.,Kromhout Motorenfabriek D. Goedkoop Jr N.V.,M.J. De Jonge,Netherlands,—,—,M.J. De Jonge,Netherlands,M.J. De Jonge,Netherlands,Stortemelk Sailtravel,Netherlands,M.J. De Jonge,Netherlands,—,—,—,—,Rood Boven Groen,Netherlands,—,—,—,—,5018612,244602000,597,800,6FEHD240
passenger (cruise),303040,Marco Polo,Live,France,100,1980,-2'gt,21,Single,FAB7501,144,1170,Kroeger Werft GmbH & Company KG,Rendsburg,33.59,29.27,6.20,6.20,2.10,1.41,0.69,Volvo Penta AB,Volvo Penta AB,Reederei Ostsee-Tour,Germany,—,—,Reederei Ostsee-Tour,Germany,Reederei Ostsee-Tour,Germany,Carsten Nohren-Petan,Germany,Reederei Ostsee-Tour,Germany,—,—,—,—,—,—,—,—,—,—,5112195,227234460,274,367,TAMD121
passenger (cruise),30336,Ocean Majesty,Live,Madeira,4189,1966,10'-60'gt,1690,Single,CQSC,10417,93,Union Naval de Levante S.A.,Valencia,135.30,117.94,19.23,19.20,7.80,5.42,1.71,Wartsila Finland oy,MAN Diesel AS,Majestic International Cruises Incorporated,Greece,Madeira,—,Kollakis Group,Greece,Majestic International Cruises Incorporated,Greece,Majestic Marine Company,Marshall Islands,Majestic International Cruises Incorporated,Greece,Hansa Touristik GmbH,Germany,—,—,Majestic International Cruises Incorporated,Greece,—,—,—,—,6602898,255717000,6008,8163,16V32
passenger (cruise),303422,The World,Live,Bahamas,15444,2002,10'-60'gt,4558,Single,C6RW4,43188,247,Landskronavarvet AB,Landskrona,196.35,173.00,29.80,29.20,9.20,7.07,2.13,Wartsila Finland oy,MAN Diesel AS,ResidenSea Limited,Bahamas,Nassau,—,ResidenSea Limited,Bahamas,ResidenSea Limited,Bahamas,The World of ResidenSea II Limited,Bahamas,Row Management Limited Incorporated,Bahamas,—,—,—,—,Row Management Limited Incorporated,Bahamas,—,—,—,—,9219331,311213000,6022,8075,12V32
passenger (cruise),303505,Norwegian Sun,Live,Bahamas,46069,2001,60'-100'gt,7100,Single,C6RN3,78309,5,Lloyd Werft Bremerhaven GmbH,Bremerhaven,258.00,223.05,36.00,32.25,14.09,8.22,5.87,MAN Energy Solutions SE,VM Motori (SPA),NCL (Bahamas) Limited,United States of America,Nassau,—,Norwegian Cruise Line Holdings Limited,United States of America,NCL (Bahamas) Limited,United States of America,Norwegian Sun Limited,Bermuda,NCL (Bahamas) Limited,United States of America,—,—,—,—,NCL (Bahamas) Limited,United States of America,Wet,Hybrid,Yara International ASA,Retrofit,9218131,311109000,8567,11488,DTMYZ3070-16
passenger (cruise),3037328,Mystic Breeze,Live,Canada,—,1982,-2'gt,—,Single,—,31,—,Rivtow Straits Limited,Vancouver(CAN),14.33,—,—,4.57,1.62,—,—,—,Unknown Engine Designer,Rio Tinto Alcan Incorporated,Canada,Prince Rupert,—,Rio Tinto Plc (Rio Tinto Group),United Kingdom,Rio Tinto Alcan Incorporated,Canada,Rio Tinto Alcan Incorporated,Canada,Rio Tinto Alcan Incorporated,Canada,—,—,—,—,—,—,—,—,—,—,—,316008425,—,—,UNKNOWN
passenger (cruise),3037779,Nechako,Live,Canada,65,1975,-2'gt,—,Single,—,96,—,John Manly Limited,Vancouver(CAN),22.65,—,—,5.70,2.62,—,—,—,Unknown Engine Designer,Rio Tinto Alcan Incorporated,Canada,Vancouver,—,Rio Tinto Plc (Rio Tinto Group),United Kingdom,Rio Tinto Alcan Incorporated,Canada,Rio Tinto Alcan Incorporated,Canada,Rio Tinto Alcan Incorporated,Canada,—,—,—,—,—,—,—,—,—,—,—,316003424,—,—,UNKNOWN
passenger (cruise),304203,Chang Shen,Live,China,2631,1979,2'-10'gt,3158,Single,—,5926,—,Hudong-Zhonghua Shipbuilding (Group) Company Limited,Shanghai,138.00,—,17.60,—,8.40,6.00,2.40,Hudong Heavy Machinery Company Limited,Halliburton Productos Limitada,COSCO Shipping Ferry Company Limited,People's Republic of China,—,—,China COSCO Shipping Corporation Limited (China Cosco Shipping Group) (COSCO Shipping) (COSCOCS),People's Republic of China,COSCO Shipping Ferry Company Limited,People's Republic of China,COSCO Shipping Ferry Company Limited,People's Republic of China,COSCO Shipping Ferry Company Limited,People's Republic of China,—,—,—,—,—,—,—,—,—,—,7741811,—,3356,4500,9ESDZ43/82B
passenger (cruise),30436,Jupiter,Dead,Greece,3182,1961,2'-10'gt,2018,Single,—,6306,—,—,France,126.00,—,19.90,—,10.70,6.50,4.20,—,Unknown Engine Designer,—,—,—,—,—,—,—,—,—,—,—,—,—,—,—,—,—,—,—,—,—,—,5239022,—,2383,3195,UNKNOWN
passenger (cruise),304642,Caribbean Princess,Live,Bermuda,85676,2004,100'-150'gt,8418,Single,ZCDG8,112894,6067,Fincantieri-Cantieri Navali Italiani S.p.A. Monfalcone,Monfalcone,289.56,242.00,36.00,36.00,14.25,8.45,2.96,Fincantieri-Cantieri Navali Italiani S.p.A.,Sulzer Turbomachinery Services,Princess Cruise Lines Limited,United States of America,Hamilton,—,Carnival Corporation,United States of America,Princess Cruise Lines Limited,United States of America,Princess Cruise Lines Limited,United States of America,Princess Cruise Lines Limited,United States of America,—,—,—,—,Princess Cruise Lines Limited,United States of America,Unknown,Unknown,kpPlast,—,9215490,310423000,16060,21537,16ZAV40S
passenger (cruise),304682,Sapphire Princess,Live,U.K.,77745,2004,100'-150'gt,6750,Single,2HFZ6,115875,2180,Mitsubishi Heavy Industries Limited Shipbuilding,Nagasaki,290.00,246.00,37.50,37.50,20.51,8.05,12.46,General Electric Company,General Electric Company,Carnival plc,United Kingdom,—,—,Carnival Corporation,United States of America,Carnival plc,United Kingdom,Fairline Shipping International Corporation Limited,United States of America,Princess Cruise Lines Limited,United States of America,Princess Cruises Incorporated,United States of America,—,—,Princess Cruise Lines Limited,United States of America,Unknown,Unknown,Unknown Scrubber Manufacturer,—,9228186,235103357,61537,82522,LM2500+
passenger (cruise),304683,Diamond Princess,Live,U.K.,78815,2004,100'-150'gt,14601,Single,2HFZ7,115906,2181,Mitsubishi Heavy Industries Limited Shipbuilding,Nagasaki,290.00,246.00,37.75,37.50,20.51,8.30,12.21,Wartsila Deutschland GmbH,Wartsila Corporation,Carnival plc,United Kingdom,Douglas,—,Carnival Corporation,United States of America,Carnival plc,United Kingdom,Fairline Shipping International Corporation Limited,United States of America,Split Ship Management Limited,Republic of Croatia,Princess Cruise Lines Limited,United States of America,—,—,Princess Cruise Lines Limited,United States of America,Unknown,Unknown,Unknown Scrubber Manufacturer,—,9228198,235103359,61541,82528,9L46
passenger (cruise),304932,Tian Yun,Live,China,2800,1984,2'-10'gt,2000,Single,—,5500,248,Xingang Shipbuilding,Tianjin,120.00,—,17.00,—,7.80,5.80,2.00,Shanghai Diesel Engine Company Limited,Sulzer Turbomachinery Services,China COSCO Shipping Corporation Limited (China Cosco Shipping Group) (COSCO Shipping) (COSCOCS),People's Republic of China,—,—,China COSCO Shipping Corporation Limited (China Cosco Shipping Group) (COSCO Shipping) (COSCOCS),People's Republic of China,China COSCO Shipping Corporation Limited (China Cosco Shipping Group) (COSCO Shipping) (COSCOCS),People's Republic of China,China COSCO Shipping Corporation Limited (China Cosco Shipping Group) (COSCO Shipping) (COSCOCS),People's Republic of China,China COSCO Shipping Corporation Limited (China Cosco Shipping Group) (COSCO Shipping) (COSCOCS),People's Republic of China,—,—,—,—,—,—,—,—,—,—,8311871,—,2237,3000,6RD44
passenger (cruise),306184,Blue Dream Melody,Live,Liberia,20877,2002,10'-60'gt,4232,Single,5LKV2,42289,3,Wadan Yards MTW GmbH,Wismar,208.85,179.74,28.10,28.10,12.00,6.30,2.46,Wartsila Corporation,Wartsila Corporation,China Development Bank Financial Leasing Company Limited,People's Republic of China,Monrovia,—,China Development Bank (CDB),People's Republic of China,China Development Bank Financial Leasing Company Limited,People's Republic of China,Tianjin Hongtu No 1 Leasing Company Limited,People's Republic of China,Hong Kong Guo Hang Ocean Ship Management Company Limited,People's Republic of China,Blue Dream International Cruise Tourism Holding Company Limited,"Hong Kong, S.A.R., China",—,—,Hong Kong Guo Hang Ocean Ship Management Company Limited,People's Republic of China,Unknown,Unknown,Unknown Scrubber Manufacturer,Retrofit,9221554,636022869,13965,18728,12V38
passenger (cruise),306185,Celestyal Discovery,Live,Malta,20877,2003,10'-60'gt,4157,Single,9HA5930,42289,4,Wadan Yards MTW GmbH,Wismar,202.85,179.74,28.10,28.10,8.75,6.30,2.45,Wartsila Nederland BV,Wartsila Corporation,Celestyal Cruises EPE,Greece,Valletta,—,"Searchlight Capital Partners, L.P.",United States of America,Celestyal Cruises EPE,Greece,Aria Shipping Limited,Marshall Islands,Optimum Shipmanagement Services S.A.,Greece,—,—,—,—,Optimum Shipmanagement Services S.A.,Greece,—,—,—,—,9221566,256667000,8699,11828,12V38
passenger (cruise),306188,Oosterdam,Live,Netherlands,42186,2003,60'-100'gt,10965,Single,PBKH,82820,6076,Fincantieri-Cantieri Navali Italiani S.p.A. Venice,Venice,285.00,254.13,32.20,32.20,10.80,8.02,2.78,Fincantieri-Cantieri Navali Italiani S.p.A.,Sulzer Turbomachinery Services,HAL Antillen N.V.,Curacao,—,—,Carnival Corporation,United States of America,HAL Antillen N.V.,Curacao,HAL Antillen N.V.,Curacao,Holland America Line N.V.,United States of America,—,—,—,—,Holland America Line N.V.,United States of America,Unknown,Unknown,Unknown Scrubber Manufacturer,—,9221281,245417000,76182,102162,16ZAV40S
passenger (cruise),306189,Zuiderdam,Live,Netherlands,48411,2002,60'-100'gt,10965,Single,PBIG,82820,6075,Fincantieri-Cantieri Navali Italiani S.p.A. Venice,Venice,285.42,254.00,32.20,32.20,10.80,7.80,3.00,—,Sulzer Turbomachinery Services,HAL Antillen N.V.,Curacao,—,—,Carnival Corporation,United States of America,HAL Antillen N.V.,Curacao,HAL Antillen N.V.,Curacao,Holland America Line N.V.,United States of America,—,—,—,—,Holland America Line N.V.,United States of America,Unknown,Unknown,Unknown Scrubber Manufacturer,—,9221279,245304000,76182,102162,16ZAV40S
passenger (cruise),306762,Carnival Legend,Live,Bahamas,53626,2002,60'-100'gt,7089,Single,C6FF2,85942,501,STX Finland OY - SEE NOW AS Arctech Helsinki Shipyard Incorporated,Helsinki,292.50,260.60,32.20,32.20,13.60,8.00,2.61,Wartsila Finland oy,Wartsila Corporation,Carnival Corporation (Carnival Cruise Line),United States of America,Nassau,—,Carnival Corporation,United States of America,Carnival Corporation (Carnival Cruise Line),United States of America,Carnival Corporation (Carnival Cruise Line),United States of America,Carnival Corporation (Carnival Cruise Line),United States of America,—,—,—,—,Carnival Corporation (Carnival Cruise Line),United States of America,Unknown,Unknown,Unknown Scrubber Manufacturer,Retrofit,9224726,311001094,10539,14133,9R46
passenger (cruise),309600,Westerdam,Live,Netherlands,41661,2004,60'-100'gt,10965,Single,PINX,82862,6077,Fincantieri-Cantieri Navali Italiani S.p.A. Venice,Venice,285.24,254.13,32.30,32.22,10.80,8.00,2.80,GEC Alsthom,General Electric Company,Carnival Corporation,United States of America,Rotterdam,—,Carnival Corporation,United States of America,Carnival Corporation,United States of America,Carnival Corporation,United States of America,Carnival Corporation,United States of America,—,—,—,—,Holland America Line N.V.,United States of America,Unknown,Unknown,Unknown Scrubber Manufacturer,—,9226891,244128000,76182,102162,LM2500
passenger (cruise),309606,Arcadia,Live,Bermuda,50447,2004,60'-100'gt,10939,Single,ZCDN2,84342,6078,Fincantieri-Cantieri Navali Italiani S.p.A. Venice,Venice,286.43,254.13,32.54,32.24,10.82,8.01,2.81,GEC Alsthom,Sulzer Turbomachinery Services,Carnival plc,United Kingdom,Hamilton,—,Carnival Corporation,United States of America,Carnival plc,United Kingdom,Carnival plc,United Kingdom,Carnival plc,United Kingdom,—,—,—,—,Carnival plc,United Kingdom,Wet,Open Loop,Ecospray Technologies S.r.l.,Retrofit,9226906,310459000,20566,27580,16ZAV40S
passenger (cruise),310002,Monowai,Dead,New Zealand,1337,1960,2'-10'gt,2276,Single,—,2753,—,Grangemouth Dockyard Limited,Scotland,90.00,—,14.00,—,6.70,5.20,1.50,—,Sulzer Turbomachinery Services,Spanish Breakers,—,—,—,—,—,—,—,—,—,—,—,—,—,—,—,—,—,—,—,—,—,5237969,—,1357,1820,7TAD36
passenger (cruise),310462,Queen Mary 2,Live,Bermuda,98720,2003,100'-150'gt,19189,Single,ZCEF6,149215,G32,Chantiers de l'Atlantique,St. Nazaire,345.03,301.35,41.08,41.00,33.14,10.30,22.84,Wartsila Finland oy,Wartsila Corporation,Carnival plc,United Kingdom,Hamilton,—,Carnival Corporation,United States of America,Carnival plc,United Kingdom,Carnival plc,United Kingdom,Carnival plc,United Kingdom,—,—,—,—,Carnival plc,United Kingdom,Unknown,Unknown,Unknown Scrubber Manufacturer,—,9241061,310627000,16800,22841,16V46C
passenger (cruise),310482,Serenade of the Seas,Live,Bahamas,56328,2003,60'-100'gt,11936,Single,C6FV8,90090,657,Meyer Werft GmbH (Dormant),Papenburg,293.20,266.23,39.80,32.19,11.70,8.63,3.07,General Electric Company,General Electric Company,Royal Caribbean Cruises Limited (RCL),United States of America,Nassau,—,Royal Caribbean Cruises Limited (RCL),United States of America,Royal Caribbean Cruises Limited (RCL),United States of America,Serenade of the Seas Incorporated,Bahamas,Royal Caribbean Cruises Limited (RCL),United States of America,—,—,—,—,Royal Caribbean Cruises Limited (RCL),United States of America,Wet,Closed Loop,Langh Tech Oy Ab,Retrofit,9228344,311492000,29306,39300,LM2500
passenger (cruise),310483,Jewel of the Seas,Live,Bahamas,56328,2004,60'-100'gt,11936,Single,C6FW9,90090,658,Meyer Werft GmbH (Dormant),Papenburg,293.20,266.23,39.80,32.20,10.70,8.63,2.07,—,General Electric Company,Royal Caribbean Cruises Limited (RCL),United States of America,Nassau,—,Royal Caribbean Cruises Limited (RCL),United States of America,Royal Caribbean Cruises Limited (RCL),United States of America,Jewel of the Seas Incorporated,Liberia,RCL Cruises Limited,United Kingdom,—,—,—,—,RCL Cruises Limited,United Kingdom,Unknown,Unknown,kpPlast,Retrofit,9228356,311583000,18252,24476,LM2500
passenger (cruise),31060,Karadeniz,Dead,Turkiye,4895,1956,2'-10'gt,3499,Single,—,8809,—,—,"",—,—,—,—,—,—,—,—,Unknown Engine Designer,—,—,—,—,—,—,—,—,—,—,—,—,—,—,—,—,—,—,—,—,—,—,5181847,—,3102,4160,UNKNOWN
passenger (cruise),311625,Celebrity Xpedition,Live,Ecuador,881,2001,2'-10'gt,570,Single,HC2083,2938,228,Cassens Schiffswerft und Maschinenfabrik GmbH,Emden,88.00,—,14.00,14.00,5.85,3.60,0.00,Mak Motoren GmbH & Company KG,Mak Motoren GmbH & Company KG,Celebrity Cruises Incorporated,United States of America,Guayaquil,—,Royal Caribbean Cruises Limited (RCL),United States of America,Celebrity Cruises Incorporated,United States of America,Islas Galapagos Turismo y Vapores S.A.,Ecuador,Celebrity Cruises Incorporated,United States of America,—,—,—,—,—,—,—,—,—,—,9228368,735023483,1875,2515,6M25
passenger (cruise),3122363,Masco VIII,Live,U.S.A.,67,1986,-2'gt,—,Single,WTZ5818,99,70,Master Boat Builders Incorporated,Bayou La Batre,—,—,—,—,—,—,—,—,Unknown Engine Designer,Masco Operators Incorporated,United States of America,Bayou la Batre,—,Masco Operators Incorporated,United States of America,Masco Operators Incorporated,United States of America,Masco Operators Incorporated,United States of America,Masco Operators Incorporated,United States of America,—,—,—,—,—,—,—,—,—,—,—,367060790,—,—,UNKNOWN
passenger (cruise),3123540,Perdido Queen,Live,U.S.A.,50,2002,-2'gt,—,Single,WDH8650,62,263,—,U.S.A.,21.00,—,—,8.00,2.00,—,—,—,—,Unknown Owners,—,—,—,Unknown Owners,—,Unknown Owners,—,Unknown Owners,—,Unknown Owners,—,—,—,—,—,—,—,—,—,—,—,—,367660160,—,—,—
passenger (cruise),312862,Navigator of the Seas,Live,Bahamas,117123,2002,100'-150'gt,9616,Single,C6FU4,139999,1347,STX Finland OY - SEE NOW AS Arctech Helsinki Shipyard Incorporated,Turku,311.00,274.73,39.04,38.60,21.30,9.12,12.18,Wartsila Finland oy,Wartsila Corporation,Royal Caribbean Cruises Limited (RCL),United States of America,Nassau,—,Royal Caribbean Cruises Limited (RCL),United States of America,Royal Caribbean Cruises Limited (RCL),United States of America,Navigator of the Seas Incorporated,Liberia,Royal Caribbean Cruises Limited (RCL),United States of America,—,—,—,—,Royal Caribbean Cruises Limited (RCL),United States of America,Unknown,Unknown,Unknown Scrubber Manufacturer,Retrofit,9227508,311478000,12595,16890,12V46
passenger (cruise),312863,Mariner of the Seas,Live,Bahamas,109896,2003,100'-150'gt,12088,Single,C6FV9,139863,1348,Kvaerner Masa Yards Incorporated,Turku,311.12,274.73,39.03,38.60,21.30,9.10,12.20,Wartsila Deutschland GmbH,Wartsila Corporation,Royal Caribbean Cruises Limited (RCL),United States of America,Nassau,—,Royal Caribbean Cruises Limited (RCL),United States of America,Royal Caribbean Cruises Limited (RCL),United States of America,Mariner of the Seas Incorporated,United States of America,Royal Caribbean Cruises Limited (RCL),United States of America,—,—,—,—,Royal Caribbean Cruises Limited (RCL),United States of America,Unknown,Unknown,Unknown Scrubber Manufacturer,Retrofit,9227510,311493000,12775,17131,12V46
passenger (cruise),312882,Noordam,Live,Netherlands,48044,2005,60'-100'gt,10939,Single,PHET,82897,6079,Fincantieri-Cantieri Navali Italiani S.p.A. Venice,Venice,285.24,253.93,—,32.25,36.98,8.00,28.98,GEC Alsthom,General Electric Company,HAL Antillen N.V.,Curacao,—,—,Carnival Corporation,United States of America,HAL Antillen N.V.,Curacao,HAL Antillen N.V.,Curacao,Holland America Line N.V.,United States of America,—,—,—,—,Holland America Line N.V.,United States of America,Unknown,Unknown,Unknown Scrubber Manufacturer,—,9230115,246028000,73643,98757,LM2500
passenger (cruise),3149263,Olympia Dream,Live,Japan,—,2005,-2'gt,296,Single,JD2113,967,—,—,Omishima,66.03,59.85,19.00,14.70,3.90,—,—,—,Niigata Shipbuilding & Repair Incorporated,ORIX Corporation,Japan,Okayama,—,ORIX Corporation,Japan,ORIX Corporation,Japan,ORIX Corporation,Japan,ORIX Corporation,Japan,—,—,—,—,—,—,—,—,—,—,8998526,431402019,2354,3200,6M31BGT
passenger (cruise),315162,Carnival Valor,Live,Panama,83320,2004,100'-150'gt,13294,Single,H3VR,110438,6082,Fincantieri-Cantieri Navali Italiani S.p.A. Monfalcone,Monfalcone,290.19,247.70,35.50,35.50,20.00,8.30,11.70,Fincantieri-Cantieri Navali Italiani S.p.A.,Sulzer Turbomachinery Services,Carnival Corporation (Carnival Cruise Line),United States of America,Panama,—,Carnival Corporation,United States of America,Carnival Corporation (Carnival Cruise Line),United States of America,Carnival Corporation (Carnival Cruise Line),United States of America,Carnival Corporation (Carnival Cruise Line),United States of America,—,—,—,—,Carnival Corporation (Carnival Cruise Line),United States of America,Unknown,Unknown,Unknown Scrubber Manufacturer,—,9236389,354298000,15458,20729,16ZAV40S
passenger (cruise),31533,Sounds of Orient,Dead,Panama,2165,1962,2'-10'gt,1357,Single,—,5235,—,—,East Germany,122.00,—,16.10,—,10.30,5.20,5.10,—,Unknown Engine Designer,—,—,Panama,—,—,—,—,—,—,—,—,—,—,—,—,—,—,—,—,—,—,—,5186196,—,3095,4150,UNKNOWN
passenger (cruise),315362,Carnival Miracle,Live,Panama,53626,2004,60'-100'gt,7089,Single,H3VS,85942,503,STX Finland OY - SEE NOW AS Arctech Helsinki Shipyard Incorporated,Helsinki,292.50,260.60,32.20,32.20,13.60,7.80,5.80,Wartsila Deutschland GmbH,Wartsila Corporation,Carnival Corporation (Carnival Cruise Line),United States of America,Panama,—,Carnival Corporation,United States of America,Carnival Corporation (Carnival Cruise Line),United States of America,Carnival Corporation (Carnival Cruise Line),United States of America,Carnival Corporation (Carnival Cruise Line),United States of America,—,—,—,—,Carnival Corporation (Carnival Cruise Line),United States of America,Unknown,Unknown,kpPlast,—,9237357,354277000,10539,14133,9L46
passenger (cruise),315402,Adora Mediterranea,Live,Bahamas,53437,2003,60'-100'gt,7500,Single,C6FE7,85619,502,STX Finland OY - SEE NOW AS Arctech Helsinki Shipyard Incorporated,Helsinki,292.50,260.60,32.20,32.20,13.60,8.00,2.61,Wartsila Sweden AB,Wartsila Corporation,ADORA Cruises Limited,"Hong Kong, S.A.R., China",Nassau,—,China State Shipbuilding Corporation Limited (CSSC Group),People's Republic of China,ADORA Cruises Limited,"Hong Kong, S.A.R., China",ADORA Cruises Limited,"Hong Kong, S.A.R., China",Columbia Cruise Services Limited,Cyprus,—,—,—,—,Columbia Cruise Services Limited,Cyprus,—,—,—,—,9237345,311001086,17600,14132,9L46
passenger (cruise),3173,Regency,Dead,Panama,2432,1952,2'-10'gt,737,Single,—,4811,—,—,U.K.,103.00,—,15.70,—,5.80,4.80,1.00,—,Unknown Engine Designer,—,—,Panama,—,—,—,—,—,—,—,—,—,—,—,—,—,—,—,—,—,—,—,5163120,—,2424,3250,UNKNOWN
passenger (cruise),317552,Coral Princess,Live,Bermuda,53394,2002,60'-100'gt,8015,Single,ZCDF4,91627,C32,Chantiers de l'Atlantique,St. Nazaire,294.00,266.00,—,32.20,40.40,19.85,20.55,Wartsila Finland oy,Wartsila Corporation,Princess Cruise Lines Limited,United States of America,Hamilton,—,Carnival Corporation,United States of America,Princess Cruise Lines Limited,United States of America,Brittany Shipping Corporation Limited,Bermuda,Princess Cruise Lines Limited,United States of America,Princess Cruises Incorporated,United States of America,—,—,Princess Cruise Lines Limited,United States of America,Unknown,Unknown,kpPlast,—,9229659,310376000,63551,85223,16V46C
passenger (cruise),317554,Island Princess,Live,Bermuda,43394,2003,60'-100'gt,8015,Single,ZCDG4,92822,D32,Chantiers de l'Atlantique,St. Nazaire,294.00,—,32.20,32.19,40.40,8.00,32.40,Wartsila Finland oy,Wartsila Corporation,Princess Cruise Lines Limited,United States of America,Hamilton,—,Carnival Corporation,United States of America,Princess Cruise Lines Limited,United States of America,Princess Cruise Lines Limited,United States of America,Princess Cruise Lines Limited,United States of America,—,—,—,—,Princess Cruise Lines Limited,United States of America,Unknown,Unknown,Unknown Scrubber Manufacturer,—,9230402,310384000,63551,85223,16V46C
passenger (cruise),317601,Seong Hee,Live,South Korea,5849,2002,10'-60'gt,3738,Single,DSFS8,16875,H0027,HD Hyundai Mipo Company Limited,Ulsan,162.00,150.00,23.60,23.60,14.55,5.62,8.93,Daihatsu Diesel Manufacturing Company Limited,B&W Diesel A/S,Pukwan Ferry Company Limited,Republic of Korea,Jeju,4,Pukwan Ferry Company Limited,Republic of Korea,Pukwan Ferry Company Limited,Republic of Korea,Pukwan Ferry Company Limited,Republic of Korea,TMS Korea Company Limited,Republic of Korea,—,—,—,—,TMS Korea Company Limited,Republic of Korea,—,—,—,—,9241700,441163000,4474,6000,6S50MC-C
passenger (cruise),318042,Bijou Du Rhone,Live,Malta,—,2001,Unknown size,—,Single,9HA4211,,687,"B.V. Scheepswerf en Machinefabriek ""De Merwede"" v/h Van Vliet & Company - NO LONGER BUILDERS, NOW SEE IHC MERWEDE SHIPYARD B.V.",Hardinxveld,111.00,—,11.40,—,2.70,1.50,1.20,—,Unknown Engine Designer,Unknown Owners,—,Valletta,—,Unknown Owners,—,Unknown Owners,—,Unknown Owners,—,Unknown Owners,—,—,—,—,—,—,—,—,—,—,—,8643420,249358000,—,—,UNKNOWN
passenger (cruise),318343,Costa Fortuna,Live,Italy,74481,2003,100'-150'gt,8200,Single,IBNY,102669,6086,Sestri Cantieri Nav S.p.A.,Genoa,272.19,230.00,35.50,35.50,14.18,8.30,5.88,Wartsila NSD Helsinki,Sulzer Turbomachinery Services,Costa Crociere S.p.A.,Italy,Genoa,—,Carnival Corporation,United States of America,Costa Crociere S.p.A.,Italy,Costa Crociere S.p.A.,Italy,Carnival Maritime GmbH,Germany,—,—,—,—,Costa Crociere S.p.A.,Italy,—,—,—,—,9239783,247094800,11520,21537,16ZAV40S
passenger (cruise),318344,Goddess Of The Night,Live,Bermuda,74481,2004,100'-150'gt,9859,Single,ZCHE3,102784,6087,Sestri Cantieri Nav S.p.A.,Genoa,272.19,230.00,35.50,35.40,14.18,8.20,5.98,Grandi Motori Trieste,Sulzer Turbomachinery Services,Seajets Catamaran Joint Venture,Greece,Hamilton,—,Iliopoulos family group of companies,Greece,Seajets Catamaran Joint Venture,Greece,Mykonos Magica Incorporated,Liberia,Bernhard Schulte Cruise Services GmbH & Company KG,Germany,—,—,—,—,Bernhard Schulte Cruise Services GmbH & Company KG,Germany,—,—,—,—,9239795,310834000,20000,21536,16ZAV40S
passenger (cruise),321225,Native Sun,Live,U.S.A.,44,1983,-2'gt,—,Single,WDL9566,97,—,—,"",—,—,—,—,—,—,—,—,Unknown Engine Designer,Unknown Owners,—,—,—,Unknown Owners,—,Unknown Owners,—,Unknown Owners,—,Unknown Owners,—,—,—,—,—,—,—,—,—,—,—,—,—,—,—,UNKNOWN
passenger (cruise),322245,Granvin,Live,Norway,47,1931,-2'gt,35,Single,LGDC,115,63,Mjellem & Karlsen A/S Shipbuilding,Bergen,27.00,—,5.60,—,9.50,3.00,0.00,Bergen Group BMV,Wartsila Norway AS,Veteranskipslaget Fjordabaten,Norway,Bergen,—,Veteranskipslaget Fjordabaten,Norway,Veteranskipslaget Fjordabaten,Norway,Veteranskipslaget Fjordabaten,Norway,Veteranskipslaget Fjordabaten,Norway,—,—,—,—,—,—,—,—,—,—,5135159,257264700,224,300,3ACA
passenger (cruise),322323,La Merusa IV,Live,Colombia,—,2000,-2'gt,—,Single,—,4,—,—,"",—,—,—,—,—,—,—,—,Unknown Engine Designer,Unknown Owners,—,—,—,Unknown Owners,—,Unknown Owners,—,Unknown Owners,—,Unknown Owners,—,—,—,—,—,—,—,—,—,—,—,2598025,—,—,—,UNKNOWN
passenger (cruise),322324,Expresso Mamusa,Live,Colombia,—,2000,-2'gt,—,Single,—,2,—,—,"",—,—,—,—,—,—,—,—,Unknown Engine Designer,Unknown Owners,—,—,—,Unknown Owners,—,Unknown Owners,—,Unknown Owners,—,Unknown Owners,—,—,—,—,—,—,—,—,—,—,—,2598037,—,—,—,UNKNOWN
passenger (cruise),322330,Mi' Sarube,Live,Colombia,—,2000,-2'gt,—,Single,—,5,—,—,"",—,—,—,—,—,—,—,—,Unknown Engine Designer,Unknown Owners,—,—,—,Unknown Owners,—,Unknown Owners,—,Unknown Owners,—,Unknown Owners,—,—,—,—,—,—,—,—,—,—,—,2598049,—,—,—,UNKNOWN
passenger (cruise),322345,Jholiee,Live,Colombia,—,2000,-2'gt,—,Single,—,7,—,—,"",—,—,—,—,—,—,—,—,Unknown Engine Designer,Unknown Owners,—,—,—,Unknown Owners,—,Unknown Owners,—,Unknown Owners,—,Unknown Owners,—,—,—,—,—,—,—,—,—,—,—,2598075,—,—,—,UNKNOWN
passenger (cruise),322346,Tonina,Live,Colombia,—,2000,-2'gt,—,Single,—,3,—,—,"",—,—,—,—,—,—,—,—,Unknown Engine Designer,Unknown Owners,—,—,—,Unknown Owners,—,Unknown Owners,—,Unknown Owners,—,Unknown Owners,—,—,—,—,—,—,—,—,—,—,—,2598087,—,—,—,UNKNOWN
passenger (cruise),322347,Maria Auxiliadora I,Live,Colombia,—,2000,-2'gt,—,Single,—,6,—,—,"",—,—,—,—,—,—,—,—,Unknown Engine Designer,Unknown Owners,—,—,—,Unknown Owners,—,Unknown Owners,—,Unknown Owners,—,Unknown Owners,—,—,—,—,—,—,—,—,—,—,—,2598099,—,—,—,UNKNOWN
passenger (cruise),322348,Marlina,Live,Colombia,—,2000,-2'gt,—,Single,—,3,—,—,"",—,—,—,—,—,—,—,—,Unknown Engine Designer,Unknown Owners,—,—,—,Unknown Owners,—,Unknown Owners,—,Unknown Owners,—,Unknown Owners,—,—,—,—,—,—,—,—,—,—,—,2598104,—,—,—,UNKNOWN
passenger (cruise),322349,Champion,Live,Colombia,—,2000,-2'gt,—,Single,—,5,—,—,"",—,—,—,—,—,—,—,—,Unknown Engine Designer,Unknown Owners,—,—,—,Unknown Owners,—,Unknown Owners,—,Unknown Owners,—,Unknown Owners,—,—,—,—,—,—,—,—,—,—,—,2598116,—,—,—,UNKNOWN
passenger (cruise),322655,MSC Lirica,Live,Panama,41711,2003,10'-60'gt,7683,Single,HOPW,59058,K32,Chantiers de l'Atlantique,St. Nazaire,274.90,245.90,28.80,28.80,34.85,6.80,3.20,Unknown Engine Builder,Wartsila Corporation,MSC Crociere (Mediterranean Shipping Cruises) S.p.A.,Italy,Panama,—,Mediterranean Shipping Company S.A. (MSC),Switzerland,MSC Crociere (Mediterranean Shipping Cruises) S.p.A.,Italy,Lirica Cruise Limited,United Kingdom,MSC Cruise Management (UK) Limited,United Kingdom,—,—,—,—,MSC Cruise Management (UK) Limited,United Kingdom,Unknown,Unknown,Unknown Scrubber Manufacturer,—,9246102,356042000,5000,6794,W12V38A
passenger (cruise),3231332,Stockholm,Live,Sweden,215,1931,-2'gt,—,Single,SGLD,658,280,Oskarshamns Mekaniske Verkstad AB,Oskarshamn,48.72,46.55,8.60,—,—,2.77,—,—,Unknown Engine Designer,Stromma Turism & Sjofart AB,Sweden,Stockholm,—,Stromma Turism & Sjofart AB,Sweden,Stromma Turism & Sjofart AB,Sweden,Stromma Turism & Sjofart AB,Sweden,Stromma Turism & Sjofart AB,Sweden,—,—,—,—,—,—,—,—,—,—,5193890,265514680,248,333,R8V22/30ATL
passenger (cruise),324035,Seven Seas Voyager,Live,Bahamas,15525,2003,10'-60'gt,5400,Single,C6SW3,42363,MAR001,Francesco Visentini & C. Cantieri Navale Shipbuilding,Donada,206.50,177.10,28.83,28.80,15.70,7.05,8.65,Wartsila Finland oy,Wartsila Corporation,Regent Seven Seas Cruises Incorporated,United States of America,Nassau,—,Norwegian Cruise Line Holdings Limited,United States of America,Regent Seven Seas Cruises Incorporated,United States of America,Voyager Vessel Company LLC,United States of America,Prestige Cruise Services LLC,United States of America,—,—,—,—,Prestige Cruise Services LLC,United States of America,—,—,—,—,9247144,311513000,6022,8076,6R38
passenger (cruise),324215,Lauren L.,Live,Cayman Islands,897,2002,2'-10'gt,445,Single,ZGDH6,2991,30235,Cassens Schiffswerft und Maschinenfabrik GmbH,Emden,88.50,78.00,14.00,14.00,5.85,3.97,1.88,Caterpillar Motoren GmbH & Company KG,Mak Motoren GmbH & Company KG,Sirena Yachting,Cayman Islands,The Creek,—,Sirena Yachting,Cayman Islands,Sirena Yachting,Cayman Islands,Sirena Yachting,Cayman Islands,Titan Fleet Management SarL,France,—,—,—,—,Titan Fleet Management SarL,France,—,—,—,—,9246827,319053200,1875,2515,6M25
passenger (cruise),324235,Kerkyra,Live,Greece,196,1993,-2'gt,—,Single,SX2075,832,01,Koutalis-Kostergias O.E.,Piraeus,72.35,—,15.80,13.70,3.40,2.56,0.84,—,Unknown Engine Designer,Nissos Maritime Company,Greece,Piraeus,—,Nissos Maritime Company,Greece,Nissos Maritime Company,Greece,Nissos Maritime Company,Greece,Nissos Maritime Company,Greece,—,—,—,—,Nissos Maritime Company,Greece,—,—,—,—,8969111,237016200,895,1200,6NVD48A-2U
passenger (cruise),325328,MSC Opera,Live,Panama,41711,2004,60'-100'gt,7642,Single,H3FV,65591,L32,Chantiers de l'Atlantique,St. Nazaire,274.90,245.90,32.00,28.80,34.85,6.81,3.21,Wartsila Deutschland GmbH,Wartsila Corporation,MSC Crociere (Mediterranean Shipping Cruises) S.p.A.,Italy,Panama,—,Mediterranean Shipping Company S.A. (MSC),Switzerland,MSC Crociere (Mediterranean Shipping Cruises) S.p.A.,Italy,Opera Cruise Limited,United Kingdom,MSC Cruise Management (UK) Limited,United Kingdom,—,—,—,—,MSC Cruise Management (UK) Limited,United Kingdom,Unknown,Unknown,Unknown Scrubber Manufacturer,—,9250464,357627000,4000,5435,12V38
passenger (cruise),32601,Kota Bali,Dead,Malaysia,5430,1950,2'-10'gt,6264,Single,—,9000,—,—,"",—,—,—,—,—,—,—,—,Unknown Engine Designer,—,—,—,—,—,—,—,—,—,—,—,—,—,—,—,—,—,—,—,—,—,—,5362582,—,2498,3350,UNKNOWN
passenger (cruise),328189,Velero Plume de Chevre,Live,France,—,2001,-2'gt,—,Single,—,13,—,—,"",—,—,—,—,—,—,—,—,Unknown Engine Designer,Unknown Owners,—,—,—,Unknown Owners,—,Unknown Owners,—,Unknown Owners,—,Unknown Owners,—,—,—,—,—,—,—,—,—,—,—,2611683,—,—,—,UNKNOWN
passenger (cruise),328351,Angelika,Live,Greece,—,1947,-2'gt,—,Single,—,318,—,—,"",—,—,—,—,—,—,—,—,Unknown Engine Designer,Attica Shipping (Cruises) Company,Greece,—,—,Attica Shipping (Cruises) Company,Greece,Attica Shipping (Cruises) Company,Greece,Attika Shipping Company,Greece,Attica Shipping (Cruises) Company,Greece,—,—,—,—,—,—,—,—,—,—,—,—,140,188,ID36SS12V
passenger (cruise),328482,Dona Ana,Live,Colombia,—,2001,-2'gt,—,Single,—,6,—,—,"",—,—,—,—,—,—,—,—,Unknown Engine Designer,Unknown Owners,—,—,—,Unknown Owners,—,Unknown Owners,—,Unknown Owners,—,Unknown Owners,—,—,—,—,—,—,—,—,—,—,—,2613734,—,—,—,UNKNOWN
passenger (cruise),328483,Flipper III,Live,Colombia,—,2001,-2'gt,—,Single,—,4,—,—,"",—,—,—,—,—,—,—,—,Unknown Engine Designer,Unknown Owners,—,—,—,Unknown Owners,—,Unknown Owners,—,Unknown Owners,—,Unknown Owners,—,—,—,—,—,—,—,—,—,—,—,2613746,—,—,—,UNKNOWN
passenger (cruise),328485,Hosteria Trigana,Live,Colombia,—,2001,-2'gt,—,Single,—,2,—,—,"",—,—,—,—,—,—,—,—,Unknown Engine Designer,Unknown Owners,—,—,—,Unknown Owners,—,Unknown Owners,—,Unknown Owners,—,Unknown Owners,—,—,—,—,—,—,—,—,—,—,—,2613760,—,—,—,UNKNOWN
passenger (cruise),328492,Paula Andrea,Live,Colombia,—,2001,-2'gt,—,Single,—,4,—,—,"",—,—,—,—,—,—,—,—,Unknown Engine Designer,Unknown Owners,—,—,—,Unknown Owners,—,Unknown Owners,—,Unknown Owners,—,Unknown Owners,—,—,—,—,—,—,—,—,—,—,—,2613813,—,—,—,UNKNOWN
passenger (cruise),328497,Uracruz,Live,Colombia,—,2001,-2'gt,—,Single,—,1,—,—,"",—,—,—,—,—,—,—,—,Unknown Engine Designer,Unknown Owners,—,—,—,Unknown Owners,—,Unknown Owners,—,Unknown Owners,—,Unknown Owners,—,—,—,—,—,—,—,—,—,—,—,2613849,—,—,—,UNKNOWN
passenger (cruise),328661,Safari Voyager,Live,St. Kitts-Nevis,370,1982,-2'gt,—,Single,V4AV3,1195,—,Chesapeake Shipbuilding Incorporated,Baltimore,53.47,45.36,10.97,10.97,3.00,—,—,Caterpillar Incorporated,Caterpillar Incorporated,Innersea Discoveries LLC,United States of America,—,—,Innersea Discoveries LLC,United States of America,Innersea Discoveries LLC,United States of America,Mukilteo Maritime Contractors LLC,Colombia,Innersea Discoveries LLC,United States of America,—,—,—,—,—,—,—,—,—,—,8963753,341500000,354,475,3408
passenger (cruise),328795,La Reina Sofia,Live,Colombia,—,2001,-2'gt,—,Single,—,3,—,—,"",—,—,—,—,—,—,—,—,Unknown Engine Designer,Unknown Owners,—,—,—,Unknown Owners,—,Unknown Owners,—,Unknown Owners,—,Unknown Owners,—,—,—,—,—,—,—,—,—,—,—,2614283,—,—,—,UNKNOWN
passenger (cruise),3296300,Tio Pepe,Live,Italy,11,1979,-2'gt,—,Single,ISEV,24,022/79,Boschetti Elviro,Cesenatico,18.86,15.45,—,4.93,1.54,1.28,0.26,Iveco Aifo Spa,Iveco Motors,La Bussola snc di Ballore G&C,Italy,Olbia,—,La Bussola snc di Ballore G&C,Italy,La Bussola snc di Ballore G&C,Italy,La Bussola snc di Ballore G&C,Italy,La Bussola snc di Ballore G&C,Italy,—,—,—,—,La Bussola snc di Ballore G&C,Italy,—,—,—,—,—,247190700,63,86,8361SRM
passenger (cruise),330017,Crystal Serenity,Live,Bahamas,34913,2003,60'-100'gt,10810,Single,C6SY3,68870,H32,Chantiers de l'Atlantique,St. Nazaire,250.00,219.80,32.20,32.19,9.16,8.00,1.17,—,Wartsila Corporation,A&K Travel Group Limited,Bahamas,Nassau,—,Heritour Limited,Bahamas,A&K Travel Group Limited,Bahamas,Crystal Serenity Limited,Bahamas,V. Ships Leisure SAM,Monaco,Crystal Cruises Limited,Bahamas,—,—,V. Ships Leisure SAM,Monaco,—,—,—,—,9243667,311536000,8821,11829,12V38B
passenger (cruise),331037,Ocean Quest II,Live,Australia,188,1988,-2'gt,50,Single,VMQ8453,599,MD36,P.T. SBF Shipbuilders,Fremantle,35.75,31.44,13.00,13.00,3.92,1.58,2.34,Caterpillar Incorporated,Caterpillar Incorporated,Ecrolight Proprietary Limited,Australia,Cairns,—,Ecrolight Proprietary Limited,Australia,Ecrolight Proprietary Limited,Australia,Ecrolight Proprietary Limited,Australia,Ecrolight Proprietary Limited,Australia,—,—,—,—,—,—,—,—,—,—,8717398,503632600,918,1248,3412
passenger (cruise),331061,Jan Cux II,Live,Germany,73,1978,-2'gt,35,Single,DFKW,207,271,Schiffswerft Schloemer GmbH & Company KG,Oldersum,31.17,26.70,7.00,7.00,3.36,2.28,1.08,Deutz AG,Deutz AG,Unknown Owners,—,Cuxhaven,—,Unknown Owners,—,Unknown Owners,—,Reederei Cassen Eils GmbH & Company KG,Germany,Nordische Schiffsbteiligung GmbH & Company KG,Germany,—,—,—,—,Nordische Schiffsbteiligung GmbH & Company KG,Germany,—,—,—,—,8136099,211235610,429,575,SBA12M816
passenger (cruise),33120,Veronica,Dead,Bahamas,11005,1966,10'-60'gt,5572,Double Bottom,—,28891,728,John Brown & Company (Clydebank) Limited,Clyde,201.00,173.70,26.60,26.50,15.40,8.60,6.80,Gotaverken Arendal A/B,Gotaverken Cityvarvet AB,Indian Breakers,—,Nassau,—,—,—,—,—,—,—,—,—,—,—,—,—,—,—,—,—,—,—,6512354,—,9396,12600,760/1500VGS9
passenger (cruise),331214,Orion I,Live,Germany,154,1964,-2'gt,31,Single,DKRS,231,—,HDW Nobiskrug GmbH & Company KG,Rendsburg,35.00,—,7.00,7.00,3.00,1.44,1.56,Deutz MWM AG,Deutz MWM AG,Gunter Heise,Germany,Flensburg,—,Gunter Heise,Germany,Gunter Heise,Germany,Gunter Heise,Germany,Gunter Heise,Germany,—,—,—,—,—,—,—,—,—,—,7939614,—,235,315,RH435SU
passenger (cruise),331262,Saint Georges XII,Live,France,74,1974,-2'gt,30,Single,FZER,141,—,Ateliers de la Charente,Rochefort,25.40,23.10,6.00,6.00,2.78,1.83,0.95,General Motors Corporation,General Motors Corporation,Jean Cloony,France,—,—,Jean Cloony,France,Jean Cloony,France,Jean Cloony,France,Jean Cloony,France,—,—,—,—,—,—,—,—,—,—,7418402,—,522,700,16V-71-N
passenger (cruise),33134,Linnea,Dead,St. Vincent & Grenadines,697,1964,2'-10'gt,680,Single,—,2127,238,Danyard A/S,Frederikshavn,74.00,—,12.90,—,6.30,4.00,2.30,—,Unknown Engine Designer,Bangladesh Breakers,—,Kingstown,—,—,—,—,—,—,—,—,—,—,—,—,—,—,—,—,—,—,—,6408747,—,1462,1960,UNKNOWN
passenger (cruise),331356,Rahman 202,Live,Brunei,40,1987,-2'gt,20,Single,V8XV,134,60,Greenbay Marine Private Limited,Singapore,26.00,23.45,6.00,6.00,3.00,1.85,1.15,Caterpillar Incorporated,Caterpillar Incorporated,Syarikat Kejuruteraan Bumiputra Belait Sendirian Berhad,Brunei Darussalam,—,—,Syarikat Kejuruteraan Bumiputra Belait Sendirian Berhad,Brunei Darussalam,Syarikat Kejuruteraan Bumiputra Belait Sendirian Berhad,Brunei Darussalam,Syarikat Kejuruteraan Bumiputra Belait Sendirian Berhad,Brunei Darussalam,Syarikat Kejuruteraan Bumiputra Belait Sendirian Berhad,Brunei Darussalam,—,—,—,—,—,—,—,—,—,—,8807870,—,240,322,3406
passenger (cruise),331370,Rishi Aurobindo,Live,India,—,1998,-2'gt,50,Single,—,188,953,P.T. SBF Shipbuilders,Fremantle,26.00,26.00,9.40,9.40,4.15,—,—,Deutz MWM AG,Deutz MWM AG,Development Consultants Limited,India,—,—,Development Consultants Limited,India,Development Consultants Limited,India,Development Consultants Limited,India,Development Consultants Limited,India,—,—,—,—,—,—,—,—,—,—,9160827,—,2243,3008,TBD616V16
passenger (cruise),331415,Marshalls 202,Live,France,—,1998,-2'gt,20,Single,—,141,203,NQEA Australia Proprietary Limited,Cairns,—,27.55,7.00,7.00,2.09,1.27,0.78,Caterpillar Incorporated,Caterpillar Incorporated,Bora Bora Navettes,France,Borabora Is.,—,Bora Bora Navettes,France,Bora Bora Navettes,France,Bora Bora Navettes,France,Bora Bora Navettes,France,—,—,—,—,Bora Bora Navettes,France,—,—,—,—,9206449,—,315,428,3196DITA
passenger (cruise),331429,New Frontiers Express,Live,Malaysia,54,1999,-2'gt,—,Single,9WDR7,139,6397,Wong Ka Tang Shipyard,Sibu,43.00,36.48,4.42,4.42,1.75,1.35,0.40,Yanmar Diesel Engine Company Limited,Yanmar Diesel Engine Company Limited,Standrich Sendirian Berhad,Malaysia,Kuching,—,Standrich Sendirian Berhad,Malaysia,Standrich Sendirian Berhad,Malaysia,Standrich Sendirian Berhad,Malaysia,Standrich Sendirian Berhad,Malaysia,—,—,—,—,—,—,—,—,—,—,8957261,—,820,1100,12LAK-STE2
passenger (cruise),331516,Flipper,Live,Germany,159,1977,-2'gt,51,Single,DCVT,406,196,Mutzelfeldtwerft GmbH & Co. KG,Cuxhaven,46.61,42.30,8.00,8.00,1.75,1.24,0.51,Deutz MWM AG,Deutz MWM AG,Reederei Cassen Eils GmbH & Company KG,Germany,Cuxhaven,—,Reederei Cassen Eils GmbH & Company KG,Germany,Reederei Cassen Eils GmbH & Company KG,Germany,Reederei Cassen Eils GmbH & Company KG,Germany,Reederei Cassen Eils GmbH & Company KG,Germany,—,—,—,—,—,—,—,—,—,—,7641190,211208420,224,300,TBD601-6K
passenger (cruise),331612,Spiekeroog I,Live,Germany,237,1981,-2'gt,100,Single,DCFX,553,141,Schiffswerft Julius Diedrich GmbH & Company KG,Oldersum,46.77,42.40,9.50,9.50,2.95,1.31,1.64,Deutz MWM AG,Deutz MWM AG,Nordseebad Spiekeroog GmbH,Germany,Spiekeroog,—,Nordseebad Spiekeroog GmbH,Germany,Nordseebad Spiekeroog GmbH,Germany,Nordseebad Spiekeroog GmbH,Germany,Nordseebad Spiekeroog GmbH,Germany,—,—,—,—,—,—,—,—,—,—,8016897,211283830,274,367,TBD604-6
passenger (cruise),331623,Spiekeroog II,Live,Germany,188,1981,-2'gt,116,Single,DDCB,495,166,Martin Jansen GmbH & Company KG Schiffswerft und Maschinenfabrik,Leer,47.89,43.00,8.50,8.50,2.00,1.44,0.56,Dorman Diesels Limited,Ruston Paxman Diesels Limited,Nordseebad Spiekeroog GmbH,Germany,Spiekeroog,—,Nordseebad Spiekeroog GmbH,Germany,Nordseebad Spiekeroog GmbH,Germany,Nordseebad Spiekeroog GmbH,Germany,Nordseebad Spiekeroog GmbH,Germany,—,—,—,—,—,—,—,—,—,—,8024143,211217990,906,1215,12SETCRM
passenger (cruise),331650,Spiekeroog III,Live,Germany,57,1967,-2'gt,54,Single,DCUH,153,1244,Husumer Shipbuilding (Dock & Repair) GmbH,Husum(DEU),33.61,29.50,6.80,6.80,2.25,1.45,0.80,Deutz AG,Deutz AG,Michael Elges,Germany,Spiekeroog,—,Michael Elges,Germany,Michael Elges,Germany,Michael Elges,Germany,Michael Elges,Germany,—,—,—,—,—,—,—,—,—,—,6715102,211218770,313,420,SBA8M816
passenger (cruise),331749,Rumm Hart I,Live,Germany,—,1970,-2'gt,77,Single,DJPG,380,1280,Husumer Shipbuilding (Dock & Repair) GmbH,Husum(DEU),41.00,—,8.50,8.50,3.20,2.11,1.09,Deutz AG,Deutz AG,Sund-Reederei Heiligenhafen Hansen & Company - Dream Shipping Line KG,Germany,Ueckermunde,—,Sund-Reederei Heiligenhafen Hansen & Company - Dream Shipping Line KG,Germany,Sund-Reederei Heiligenhafen Hansen & Company - Dream Shipping Line KG,Germany,Sund-Reederei Heiligenhafen Hansen & Company - Dream Shipping Line KG,Germany,Sund-Reederei Heiligenhafen Hansen & Company - Dream Shipping Line KG,Germany,—,—,—,—,—,—,—,—,—,—,7028403,—,418,560,12M716
passenger (cruise),331756,Wappen von Norderney,Dead,Germany,64,1967,-2'gt,—,Single,—,154,84,Cassens Schiffswerft und Maschinenfabrik GmbH,Emden,31.12,28.45,7.00,7.00,1.66,1.00,0.66,Volvo Penta AB,Volvo Penta AB,Norden-F.,—,Norderney,—,—,—,—,—,—,—,—,—,—,—,—,—,—,—,—,—,—,—,7935395,—,268,360,TAMD122A
passenger (cruise),331774,Feodora II,Live,Germany,112,1972,-2'gt,51,Single,DJSL,174,1379,Kroeger Werft GmbH & Company KG,Rendsburg,37.44,34.00,6.80,6.80,2.30,1.64,0.66,Deutz MWM AG,Volvo Penta AB,Juergen Johannsen,Germany,Langballig,—,Juergen Johannsen,Germany,Juergen Johannsen,Germany,Walter Johannsen,Germany,Nordische Ausflug Schifffahrts GmbH,Germany,—,—,—,—,Nordische Ausflug Schifffahrts GmbH,Germany,—,—,—,—,7229186,211226990,220,295,D12D-C
passenger (cruise),331779,Seeadler,Live,Germany,72,1969,-2'gt,32,Single,DHRK,137,175,Mutzelfeldtwerft GmbH & Co. KG,Cuxhaven,30.00,—,6.30,6.30,2.10,1.27,0.83,Daimler Benz AG,Daimler Benz AG,Suedleasing Berlin GmbH,Germany,—,—,Suedleasing Berlin GmbH,Germany,Suedleasing Berlin GmbH,Germany,Suedleasing Berlin GmbH,Germany,Suedleasing Berlin GmbH,Germany,—,—,—,—,—,—,—,—,—,—,6917229,—,224,300,MB846AB
passenger (cruise),331792,Seebad Wustrow,Live,Germany,140,1963,-2'gt,76,Single,Y3WM,328,6,Edgar Andre VEB Schiffswerft,Magdeburg,38.00,—,7.90,7.50,3.20,1.90,1.30,SKL Motoren-und Systemtechnik GmbH,SKL Motoren-und Systemtechnik GmbH,Hiddensee Insuljugend E.V.,Germany,Stralsund,—,Hiddensee Insuljugend E.V.,Germany,Hiddensee Insuljugend E.V.,Germany,Hiddensee Insuljugend E.V.,Germany,Hiddensee Insuljugend E.V.,Germany,—,—,—,—,—,—,—,—,—,—,6501147,—,224,300,6NVD36
passenger (cruise),331803,Stadt Kiel,Live,Germany,144,1934,-2'gt,77,Single,DJUY,253,532,Friedrich Krupp Germaniawerft AG,Lubeck,28.13,—,7.30,7.30,3.00,2.70,0.30,Mak Motoren GmbH & Company KG,Mak Motoren GmbH & Company KG,Forderverein ms Stadt Kiel E.V.,Germany,Kiel,—,Forderverein ms Stadt Kiel E.V.,Germany,Forderverein ms Stadt Kiel E.V.,Germany,Forderverein ms Stadt Kiel E.V.,Germany,Forderverein ms Stadt Kiel E.V.,Germany,—,—,—,—,—,—,—,—,—,—,5337771,211240870,388,520,MAU423
passenger (cruise),331953,Europa II,Live,Malta,63,1987,-2'gt,75,Single,9H6226,209,62,Cantiere Navale A. Bugari,Fano,34.00,29.46,7.84,7.84,2.98,1.49,1.49,Isotta Fraschini Motori S.p.A.,VM Motori (SPA),Captain Morgan Leisure Limited,Malta,Valletta,—,Captain Morgan Leisure Limited,Malta,Captain Morgan Leisure Limited,Malta,Captain Morgan Leisure Limited,Malta,Captain Morgan Leisure Limited,Malta,—,—,—,—,—,—,—,—,—,—,8800717,256000115,297,398,1312MHI
passenger (cruise),331966,Ekspres Bahagia II,Live,Malaysia,76,1997,-2'gt,47,Single,9MCM7,202,2795,Yong Choo Kui Shipyard Sendirian Berhad,Sibu,45.12,40.40,5.33,5.33,2.17,1.45,0.72,Mitsubishi Heavy Industries Limited,Mitsubishi Heavy Industries Limited,Ekspres Bahagia (Langkawi) Sendirian Berhad,Malaysia,Port Klang,—,Ekspres Bahagia (Langkawi) Sendirian Berhad,Malaysia,Ekspres Bahagia (Langkawi) Sendirian Berhad,Malaysia,Ekspres Bahagia (Langkawi) Sendirian Berhad,Malaysia,Ekspres Bahagia (Langkawi) Sendirian Berhad,Malaysia,—,—,—,—,Ekspres Bahagia (Langkawi) Sendirian Berhad,Malaysia,—,—,—,—,9202417,533000396,1676,2247,S16R-MPTK
passenger (cruise),331972,Ekspres Bahagia III,Live,Malaysia,54,1999,-2'gt,32,Single,9MEA3,135,6597,Yong Choo Kui Shipyard Sendirian Berhad,Sibu,40.00,33.22,4.58,4.58,2.00,1.35,0.66,Mitsubishi Heavy Industries Limited,Mitsubishi Heavy Industries Limited,Ekspres Bahagia (Langkawi) Sendirian Berhad,Malaysia,Port Klang,—,Ekspres Bahagia (Langkawi) Sendirian Berhad,Malaysia,Ekspres Bahagia (Langkawi) Sendirian Berhad,Malaysia,Ekspres Bahagia (Langkawi) Sendirian Berhad,Malaysia,Ekspres Bahagia (Langkawi) Sendirian Berhad,Malaysia,—,—,—,—,Ekspres Bahagia (Langkawi) Sendirian Berhad,Malaysia,—,—,—,—,8949161,533000320,1156,1550,S12R-MPTK
passenger (cruise),332046,Vavau,Live,France,—,1998,-2'gt,20,Single,—,290,202,NQEA Australia Proprietary Limited,Cairns,—,27.55,7.00,7.00,2.09,1.27,0.78,Caterpillar Incorporated,Caterpillar Incorporated,Bora Bora Navettes,France,Borabora Is.,—,Bora Bora Navettes,France,Bora Bora Navettes,France,Bora Bora Navettes,France,Bora Bora Navettes,France,—,—,—,—,Bora Bora Navettes,France,—,—,—,—,9206815,—,315,428,3196DITA
passenger (cruise),332394,Sandunguera,Live,Colombia,—,2001,Unknown size,—,Single,—,,—,—,"",—,—,—,—,—,—,—,—,Unknown Engine Designer,Unknown Owners,—,—,—,Unknown Owners,—,Unknown Owners,—,Unknown Owners,—,Unknown Owners,—,—,—,—,—,—,—,—,—,—,—,2650940,—,—,—,UNKNOWN
passenger (cruise),332398,Villa Karla,Live,Colombia,—,2001,Unknown size,—,Single,—,,—,—,"",—,—,—,—,—,—,—,—,Unknown Engine Designer,Unknown Owners,—,—,—,Unknown Owners,—,Unknown Owners,—,Unknown Owners,—,Unknown Owners,—,—,—,—,—,—,—,—,—,—,—,2650976,—,—,—,UNKNOWN
passenger (cruise),333094,Singapore Heritage,Live,Singapore,2865,1994,2'-10'gt,8036,Single,—,9551,263,Siong Huat Shipyard (Private) Limited,Singapore,123.00,—,24.00,24.00,10.80,6.00,4.80,—,—,Soon Kim Cheong,Republic of Singapore,Singapore,—,Soon Kim Cheong,Republic of Singapore,Soon Kim Cheong,Republic of Singapore,Soon Kim Cheong,Republic of Singapore,Soon Kim Cheong,Republic of Singapore,—,—,—,—,—,—,—,—,—,—,9035606,—,1193,1600,14-26MTBF-40V
passenger (cruise),333797,Ermis-Thalassa,Dead,Greece,214,1966,-2'gt,—,Single,—,362,362,Vas. Homatas Salonica Shipyards,Thessaloniki,44.00,—,10.40,—,—,1.30,—,—,Unknown Engine Designer,Greek Breakers,—,—,—,—,—,—,—,—,—,—,—,—,—,—,—,—,—,—,—,—,—,6728458,—,298,400,UNKNOWN
passenger (cruise),334427,Stadt,Live,Norway,164,1962,-2'gt,—,Single,LCNT,398,16,Kleven Vaerft AS,Leirvik,40.69,—,9.50,9.25,5.53,2.88,2.65,—,Unknown Engine Designer,Britt Janne AS,Norway,Floro,—,Britt Janne AS,Norway,Britt Janne AS,Norway,Britt Janne AS,Norway,Britt Janne AS,Norway,—,—,—,—,—,—,—,—,—,—,8879940,—,447,600,MD1081
passenger (cruise),335327,Tiber II,Live,Italy,—,1988,-2'gt,176,Single,—,289,—,Rossato,Venice,36.63,33.38,8.00,7.99,1.80,1.00,0.80,Iveco Motors,Fiat Avio SpA,Tourvisa Italia Travel S.r.l,Italy,Rome,—,Tourvisa Italia Travel S.r.l,Italy,Tourvisa Italia Travel S.r.l,Italy,Tourvisa Italia Travel S.r.l,Italy,Tourvisa Italia Travel S.r.l,Italy,—,—,—,—,—,—,—,—,—,—,8959427,—,328,440,8281SRM
passenger (cruise),335350,Venezia,Live,Luxembourg,479,1984,-2'gt,—,Single,—,1352,—,Van Eijk Scheepsbouw B.V.,Sliedrecht,88.25,85.88,10.00,10.00,3.85,0.00,3.85,Caterpillar Incorporated,Caterpillar Incorporated,Scylla AG,Switzerland,Luxembourg,—,Scylla AG,Switzerland,Scylla AG,Switzerland,Scylla AG,Switzerland,Scylla AG,Switzerland,—,—,—,—,—,—,—,—,—,—,8959544,—,586,786,3508
passenger (cruise),335365,Delfin IV,Live,Colombia,—,2001,-2'gt,—,Single,—,3,—,—,"",—,—,—,—,—,—,—,—,Unknown Engine Designer,Unknown Owners,—,—,—,Unknown Owners,—,Unknown Owners,—,Unknown Owners,—,Unknown Owners,—,—,—,—,—,—,—,—,—,—,—,2688765,—,—,—,UNKNOWN
passenger (cruise),335560,Burja,Live,Croatia,60,1954,-2'gt,—,Single,9A2558,179,—,White & Company,Cowes,32.60,30.48,6.55,6.04,3.68,1.73,1.95,Volvo Penta AB,Volvo Penta AB,Sangulin Miro,Republic of Croatia,—,—,Sangulin Miro,Republic of Croatia,Sangulin Miro,Republic of Croatia,Sangulin Miro,Republic of Croatia,Sangulin Miro,Republic of Croatia,—,—,—,—,Zele Franjo S.P.,Republic of Slovenia,—,—,—,—,7437850,238050240,350,470,TAMD162A
passenger (cruise),335589,Motor Temper,Dead,Unknown,—,1951,Unknown size,—,Single,—,,—,—,"",—,—,—,—,—,—,—,—,Unknown Engine Designer,Unknown Owners,—,—,—,—,—,—,—,—,—,—,—,—,—,—,—,—,—,—,—,—,—,3533230,—,—,—,UNKNOWN
passenger (cruise),33670,Royal Pacific,Dead,Panama,3540,1967,2'-10'gt,1568,Single,—,9805,94,Union Naval de Levante S.A.,Valencia,130.00,117.50,19.20,19.20,11.10,5.42,5.68,"Maquinas Electrcias e Hidraulicas Indar, SL (INDAR)",B&W Diesel A/S,China Sea C.,—,Panama,—,—,—,—,—,—,—,—,—,—,—,—,—,—,—,—,—,—,—,6700602,—,5966,8000,7-62VT2BF-90
passenger (cruise),33715,Latvia,Dead,Latvia,2232,1960,2'-10'gt,1376,Single,—,5035,—,—,East Germany,122.00,—,16.00,—,7.60,5.20,2.40,—,MAN Energy Solutions SE,Unknown Owners,—,—,—,—,—,—,—,—,—,—,—,—,—,—,—,—,—,—,—,—,—,5203920,—,3095,4150,K6Z57/80C
passenger (cruise),337186,La Merusita,Live,Colombia,—,2002,-2'gt,—,Single,—,2,—,—,"",—,—,—,—,—,—,—,—,Unknown Engine Designer,Unknown Owners,—,—,—,Unknown Owners,—,Unknown Owners,—,Unknown Owners,—,Unknown Owners,—,—,—,—,—,—,—,—,—,—,—,2694295,—,—,—,UNKNOWN
passenger (cruise),337294,Modavia,Dead,Russia,—,1951,-2'gt,—,Single,—,1414,—,—,"",—,—,—,—,—,—,—,—,Unknown Engine Designer,Unknown Owners,—,—,—,—,—,—,—,—,—,—,—,—,—,—,—,—,—,—,—,—,—,3509186,—,—,—,UNKNOWN
passenger (cruise),337966,Seaspan III,Live,India,230,1990,-2'gt,595,Single,ATVU,661,—,Tsakalis Bros Limited,Piraeus,50.00,46.35,9.40,9.40,3.65,2.46,1.19,SKL Motoren-und Systemtechnik GmbH,SKL Motoren-und Systemtechnik GmbH,Seaspan Shipping Limited,India,—,—,Seaspan Shipping Limited,India,Seaspan Shipping Limited,India,Seaspan Shipping Limited,India,Seaspan Shipping Limited,India,—,—,—,—,—,—,—,—,—,—,8881541,—,746,1000,6NVD48A-2U
passenger (cruise),338013,Saranda Express,Live,Albania,73,1983,-2'gt,100,Single,ZADO3,202,18,JSC Kherson Shipbuilding,Kherson,32.67,27.41,6.80,6.80,3.70,2.07,2.13,Iveco Motors,Fiat Avio SpA,Cantiere Navale Parrinello Antonino,Italy,—,—,Cantiere Navale Parrinello Antonino,Italy,Cantiere Navale Parrinello Antonino,Italy,Cantiere Navale Parrinello Antonino,Italy,Palace Cruises Shipping Company,Greece,—,—,—,—,Palace Cruises Shipping Company,Greece,—,—,—,—,8327703,201100186,287,385,8280M
passenger (cruise),338112,Europa Tre,Live,Italy,42,1978,-2'gt,—,Single,ITCU,100,—,—,"",36.20,36.20,5.72,5.70,3.32,0.00,3.32,Iveco Motors,Fiat Avio SpA,Adriatica Lines di Boschi Rosambra,Italy,Termini Imerese,—,Adriatica Lines di Boschi Rosambra,Italy,Adriatica Lines di Boschi Rosambra,Italy,Adriatica Lines di Boschi Rosambra,Italy,Adriatica Lines di Boschi Rosambra,Italy,—,—,—,—,—,—,—,—,—,—,8836912,—,231,310,821SM
passenger (cruise),338127,Stradivari,Live,Italy,—,1976,-2'gt,—,Single,—,511,8,Navalcantieri S.p.A.,Cremona,61.80,60.00,9.51,9.50,2.15,1.00,1.15,Iveco Motors,Fiat Avio SpA,Ge.Ri.Bar. H. di Vulcano Stefano & C. S.n.c.,Italy,Venice,—,Ge.Ri.Bar. H. di Vulcano Stefano & C. S.n.c.,Italy,Ge.Ri.Bar. H. di Vulcano Stefano & C. S.n.c.,Italy,Ge.Ri.Bar. H. di Vulcano Stefano & C. S.n.c.,Italy,Ge.Ri.Bar. H. di Vulcano Stefano & C. S.n.c.,Italy,—,—,—,—,—,—,—,—,—,—,—,—,456,612,821SM
passenger (cruise),338172,S.Valentino,Live,Italy,55,1939,-2'gt,—,Single,IQXH,96,1,F. Schichau AG,Bremerhaven,31.95,29.51,6.62,6.58,2.69,0.00,2.69,MAN Energy Solutions SE,Unknown Engine Designer,Alilauro S.p.A.,Italy,Castellammare di Stabia,—,Alilauro S.p.A.,Italy,Alilauro S.p.A.,Italy,Alilauro Gru.So.N.  S.p.A.,Italy,Alilauro S.p.A.,Italy,—,—,—,—,—,—,—,—,—,—,7945302,247065100,145,195,UNKNOWN
passenger (cruise),338212,Clodia,Live,Italy,95,1988,-2'gt,100,Single,IWUJ,155,230,Cantieri Navali Vittoria S.P.A.,Adria,32.80,28.54,6.52,6.50,2.50,1.79,0.71,Iveco Aifo Spa,Fiat Avio SpA,Amat S.p.A.,Italy,Venice,—,Amat S.p.A.,Italy,Amat S.p.A.,Italy,Amat S.p.A.,Italy,Amat S.p.A.,Italy,—,—,—,—,—,—,—,—,—,—,8967785,247091400,147,394,821M
passenger (cruise),338935,Belle Epoque,Live,Egypt,—,1994,-2'gt,400,Single,—,1000,706,Arab Contractors Marine Workshops,Helwan,72.00,—,13.50,13.00,3.60,1.30,2.30,Caterpillar Incorporated,Caterpillar Incorporated,Eugeni for Tourism Investment,Arab Republic of Egypt,—,—,Eugeni for Tourism Investment,Arab Republic of Egypt,Eugeni for Tourism Investment,Arab Republic of Egypt,Eugeni for Tourism Investment,Arab Republic of Egypt,Eugeni for Tourism Investment,Arab Republic of Egypt,—,—,—,—,—,—,—,—,—,—,9064621,—,355,476,3406
passenger (cruise),339072,Rembrandt van Rijn,Live,Vanuatu,123,1924,-2'gt,—,Single,YJRJ3,307,—,Scheepswerf Boot-Leiden B.V.,Netherlands,44.00,—,6.70,—,3.50,2.80,0.70,—,Unknown Engine Designer,Oceanwide Houston Incorporated,United States of America,Port Vila,—,Oceanwide Ship Management B.V.,Netherlands,Oceanwide Houston Incorporated,United States of America,Balder Nieuwland B.V.,Netherlands,Oceanwide Marine Services B.V.,Netherlands,Oceanwide Expeditions B.V.,Netherlands,—,—,Oceanwide Marine Services B.V.,Netherlands,—,—,—,—,8941808,576988000,276,370,3ACA
passenger (cruise),339908,Ocean Club,Live,U.S.A.,—,2002,Unknown size,—,Single,—,,—,—,Fort Lauderdale,43.00,—,—,—,—,—,—,—,Unknown Engine Designer,Atlantic Casino Cruises Incorporated,United States of America,—,—,Atlantic Casino Cruises Incorporated,United States of America,Atlantic Casino Cruises Incorporated,United States of America,Atlantic Casino Cruises Incorporated,United States of America,Atlantic Casino Cruises Incorporated,United States of America,—,—,—,—,—,—,—,—,—,—,—,—,2000,2681,16V2000M70
passenger (cruise),340284,Northern Cross,Live,Finland,99,1991,-2'gt,100,Single,OJHL,330,B80,Marinteknik Verkstads A/B,Oregrund,43.25,34.10,7.95,7.90,3.70,3.70,0.00,Caterpillar Incorporated,Caterpillar Incorporated,Kristiina Lillbacka,Finland,Maxmo,—,Kristiina Lillbacka,Finland,Kristiina Lillbacka,Finland,Lillbacka Powerco OY,Finland,DW Ship Management AB,Aland Islands,—,—,—,—,—,—,—,—,—,—,9017367,230364000,1323,1774,3512DITA
passenger (cruise),340358,Ocean Spirit,Live,Australia,62,1988,-2'gt,—,Single,VNQ8219,118,4,Warren Yachts (Shipworks Group of Brisbane),Kincumber South,31.90,28.73,13.10,13.00,3.83,1.80,2.03,Deutz MWM AG,Deutz MWM AG,Ocean Spirit Cruises Proprietary Limited,Australia,Cairns,—,Ocean Spirit Cruises Proprietary Limited,Australia,Ocean Spirit Cruises Proprietary Limited,Australia,Ocean Spirit Cruises Proprietary Limited,Australia,Ocean Spirit Cruises Proprietary Limited,Australia,—,—,—,—,—,—,—,—,—,—,8835061,—,310,416,TBD234V6
passenger (cruise),341066,National Geographic Orion,Live,Bahamas,1114,2003,2'-10'gt,668,Single,C6TE3,3984,236,Cassens Schiffswerft und Maschinenfabrik GmbH,Emden,102.70,92.20,14.25,14.00,5.85,4.00,2.13,—,Mak Motoren GmbH & Company KG,Lindblad Expeditions LLC,United States of America,Nassau,—,Lindblad Expeditions Holdings Incorporated,United States of America,Lindblad Expeditions LLC,United States of America,Lindblad Expeditions LLC,United States of America,Lindblad Expeditions LLC,United States of America,—,—,—,—,Lindblad Expeditions LLC,United States of America,—,—,—,—,9273076,311603000,2433,3263,8M25
passenger (cruise),3414692,Mojo Rising,Live,U.S.A.,7,1990,-2'gt,—,Single,—,9,CDRF5529G091,—,"",—,—,—,—,—,—,—,—,—,Unknown Owners,—,Port Lavaca,—,Unknown Owners,—,Unknown Owners,—,Unknown Owners,—,Unknown Owners,—,—,—,—,—,—,—,—,—,—,—,—,—,—,—,—
passenger (cruise),341855,Witte Zeehond,Dead,Netherlands,—,1951,Unknown size,—,Single,—,,—,—,"",31.00,—,—,—,—,—,—,—,Unknown Engine Designer,Hutjes A.,—,—,—,—,—,—,—,—,—,—,—,—,—,—,—,—,—,—,—,—,—,—,—,—,—,UNKNOWN
passenger (cruise),342012,Fjordland,Live,U.S.A.,—,2001,-2'gt,—,Single,WDA4084,36,—,—,"",—,—,—,5.79,2.59,—,—,—,Unknown Engine Designer,Unknown Owners,—,—,—,Unknown Owners,—,Unknown Owners,—,Unknown Owners,—,Unknown Owners,—,—,—,—,—,—,—,—,—,—,—,—,—,—,—,UNKNOWN
passenger (cruise),34212,Leonid Sobinov,Dead,Malta,8815,1954,10'-60'gt,8836,Single,—,22260,—,—,U.K.,185.00,173.74,24.39,24.39,14.15,8.56,5.59,—,Unknown Engine Designer,Transorient,—,Valletta,—,—,—,—,—,—,—,—,—,—,—,—,—,—,—,—,—,—,—,5064324,—,18270,24500,UNKNOWN
passenger (cruise),342504,Ran ar Lyeskil,Live,Sweden,—,1945,-2'gt,19,Single,SFRU,63,—,—,"",—,—,—,—,—,—,—,—,Unknown Engine Designer,Unknown Owners,—,—,—,Unknown Owners,—,Unknown Owners,—,Unknown Owners,—,Unknown Owners,—,—,—,—,—,—,—,—,—,—,—,—,265528270,—,—,UNKNOWN
passenger (cruise),342524,Acuario II,Live,Colombia,—,2002,-2'gt,—,Single,—,5,—,—,"",—,—,—,—,—,—,—,—,Unknown Engine Designer,Unknown Owners,—,—,—,Unknown Owners,—,Unknown Owners,—,Unknown Owners,—,Unknown Owners,—,—,—,—,—,—,—,—,—,—,—,2698992,—,—,—,UNKNOWN
passenger (cruise),342560,Tres Mares,Live,Colombia,—,2002,-2'gt,—,Single,—,5,—,—,"",—,—,—,—,—,—,—,—,Unknown Engine Designer,Unknown Owners,—,—,—,Unknown Owners,—,Unknown Owners,—,Unknown Owners,—,Unknown Owners,—,—,—,—,—,—,—,—,—,—,—,2699219,—,—,—,UNKNOWN
passenger (cruise),342605,Dona Tina,Live,Colombia,—,2002,-2'gt,—,Single,—,1,—,—,"",—,—,—,—,—,—,—,—,Unknown Engine Designer,Unknown Owners,—,—,—,Unknown Owners,—,Unknown Owners,—,Unknown Owners,—,Unknown Owners,—,—,—,—,—,—,—,—,—,—,—,2699257,—,—,—,UNKNOWN
passenger (cruise),342613,Miss Daisy,Live,Colombia,—,2002,-2'gt,—,Single,—,1,—,—,"",—,—,—,—,—,—,—,—,Unknown Engine Designer,Unknown Owners,—,—,—,Unknown Owners,—,Unknown Owners,—,Unknown Owners,—,Unknown Owners,—,—,—,—,—,—,—,—,—,—,—,2699336,—,—,—,UNKNOWN
passenger (cruise),342614,Miss Keny,Live,Colombia,—,2002,-2'gt,—,Single,—,1,—,—,"",—,—,—,—,—,—,—,—,Unknown Engine Designer,Unknown Owners,—,—,—,Unknown Owners,—,Unknown Owners,—,Unknown Owners,—,Unknown Owners,—,—,—,—,—,—,—,—,—,—,—,2699348,—,—,—,UNKNOWN
passenger (cruise),342828,Prins Willem-Alexander,Live,Netherlands,—,2004,-2'gt,100,Single,PBAA,854,539202,Damen Shipyards (Gorinchem) B.V.,Vlissingen,37.40,33.92,—,17.00,7.40,4.50,2.90,MTU Friedrichshafen GmbH,MTU Friedrichshafen GmbH,Veolia Transport Fast Ferries,Netherlands,Flushing,—,Veolia Transport Fast Ferries,Netherlands,Veolia Transport Fast Ferries,Netherlands,Veolia Transport Fast Ferries,Netherlands,Veolia Transport Fast Ferries,Netherlands,—,—,—,—,Veolia Transport Fast Ferries,Netherlands,—,—,—,—,9275945,244574000,1399,1876,12V4000M50B
passenger (cruise),342829,Prinses Maxima,Live,Netherlands,—,2004,-2'gt,100,Single,PBCE,854,539201,Damen Shipyards (Gorinchem) B.V.,Vlissingen,37.40,33.92,17.31,17.00,7.40,4.50,2.90,—,MTU Friedrichshafen GmbH,Veolia Transport Fast Ferries,Netherlands,Flushing,—,Veolia Transport Fast Ferries,Netherlands,Veolia Transport Fast Ferries,Netherlands,Veolia Transport Fast Ferries,Netherlands,Veolia Transport Fast Ferries,Netherlands,—,—,—,—,Veolia Transport Fast Ferries,Netherlands,—,—,—,—,9275933,244169000,1399,1876,12V4000M70
passenger (cruise),342881,Safari Quest,Live,U.S.A.,66,1991,-2'gt,—,Single,WDH4957,345,—,—,Ocean Springs,103.00,—,28.00,8.53,7.70,—,—,—,Unknown Engine Designer,Alaska Charters LLC,United States of America,—,—,Alaska Charters LLC,United States of America,Alaska Charters LLC,United States of America,Alaska Charters LLC,United States of America,Alaska Charters LLC,United States of America,—,—,—,—,—,—,—,—,—,—,8669711,338891000,—,—,12V-71-TI
passenger (cruise),343317,True North II,Live,Indonesia,107,1999,-2'gt,86,Single,YB4785,285,151,Image Marine,Kwinana,34.00,31.20,9.11,9.00,3.30,1.15,2.15,—,MTU Friedrichshafen GmbH,North Star Cruises Australia Proprietary Limited,Australia,—,—,North Star Cruises Australia Proprietary Limited,Australia,North Star Cruises Australia Proprietary Limited,Australia,North Star Cruises Australia Proprietary Limited,Australia,North Star Cruises Australia Proprietary Limited,Australia,—,—,—,—,—,—,—,—,—,—,9192105,525015787,1064,1427,16V2000M70
passenger (cruise),343340,Xin Ji Mei,Live,China,—,2002,-2'gt,88,Single,BVIF,575,449,Wuhan Nanhua High Speed Ship Engineering Company Limited,Wuhan,49.98,43.50,—,9.00,3.60,1.95,1.65,MTU Friedrichshafen GmbH,MTU Friedrichshafen GmbH,COSCO Shipping (Xiamen) Company Limited,People's Republic of China,Xiamen,—,China COSCO Shipping Corporation Limited (China Cosco Shipping Group) (COSCO Shipping) (COSCOCS),People's Republic of China,COSCO Shipping (Xiamen) Company Limited,People's Republic of China,Xiamen United Shipping & Enterprises Limited,People's Republic of China,COSCO Shipping (Xiamen) Company Limited,People's Republic of China,—,—,—,—,—,—,—,—,—,—,9277113,412443620,206,276,12V2000
passenger (cruise),343591,Wega II,Live,Germany,44,1986,-2'gt,16,Single,DDFX,106,9875,Neptun-Werft Theodor Bartels & Company,Bremen,20.27,16.75,6.00,6.00,1.60,1.10,0.50,MAN Energy Solutions SE,MAN Energy Solutions SE,Aktien-Gesellschaft Ems,Germany,Fedderwardersiel,—,Aktien-Gesellschaft Ems,Germany,Aktien-Gesellschaft Ems,Germany,Aktien-Gesellschaft Ems,Germany,Aktien-Gesellschaft Ems,Germany,—,—,—,—,—,—,—,—,—,—,8892411,211232640,75,101,D0266ME
passenger (cruise),343633,Segwun,Live,Canada,168,1887,-2'gt,—,Single,—,308,—,—,"",36.00,—,6.40,6.40,2.30,—,—,—,Unknown Engine Designer,Muskoka Steamship & Historical Society,Canada,Toronto,—,Muskoka Steamship & Historical Society,Canada,Muskoka Steamship & Historical Society,Canada,Muskoka Steamship & Historical Society,Canada,Muskoka Steamship & Historical Society,Canada,—,—,—,—,—,—,—,—,—,—,—,—,172,231,8V-71-N
passenger (cruise),343635,Wenonah II,Live,Canada,138,2000,-2'gt,50,Single,—,447,-,McNally Marine Incorporated,Belleville,36.00,—,8.55,8.53,3.35,—,—,—,Unknown Engine Designer,Muskoka Steamship & Historical Society,Canada,Toronto,—,Muskoka Steamship & Historical Society,Canada,Muskoka Steamship & Historical Society,Canada,Muskoka Steamship & Historical Society,Canada,Muskoka Steamship & Historical Society,Canada,—,—,—,—,—,—,—,—,—,—,9271212,—,566,770,12V2000M70
passenger (cruise),343817,Suncruz VII,Live,U.S.A.,67,1985,-2'gt,30,Single,—,99,—,Offshore Shipbuilding Incorporated,Palatka,183.00,—,46.00,—,9.50,—,—,—,Unknown Engine Designer,Jab America Incorporated,United States of America,—,—,Jab America Incorporated,United States of America,Jab America Incorporated,United States of America,Jab America Incorporated,United States of America,Jab America Incorporated,United States of America,—,—,—,—,—,—,—,—,—,—,—,—,—,—,UNKNOWN
passenger (cruise),344062,Dubai Magic,Live,United Arab Emirates,—,2004,-2'gt,—,Single,A6E3119,388,24,—,Turkey,—,—,—,—,—,—,—,Caterpillar Incorporated,Caterpillar Incorporated,Aegean Yacht Services,Turkiye,—,—,Aegean Yacht Services,Turkiye,Aegean Yacht Services,Turkiye,Aegean Yacht Services,Turkiye,Aegean Yacht Services,Turkiye,—,—,—,—,—,—,—,—,—,—,9277864,470961000,358,480,3406
passenger (cruise),344066,Kenangan,Dead,Unknown,—,1951,Unknown size,—,Single,—,,—,—,"",—,—,—,—,—,—,—,—,Unknown Engine Designer,Unknown Owners,—,—,—,—,—,—,—,—,—,—,—,—,—,—,—,—,—,—,—,—,—,3538204,—,—,—,UNKNOWN
passenger (cruise),344122,Baruna Explorer,Live,Indonesia,87,1960,-2'gt,53,Single,YB5089,290,98,Hashihama Shipbuilding Company Limited - SEE NOW AS Tsuneishi Shipbuilding Company Limited,Imabari,—,36.82,—,7.00,3.20,2.05,1.15,—,Unknown Engine Designer,P.T. Wisata Tirta Baruna,Indonesia,Benoa,—,P.T. Wisata Tirta Baruna,Indonesia,P.T. Wisata Tirta Baruna,Indonesia,P.T. Wisata Tirta Baruna,Indonesia,P.T. Wisata Tirta Baruna,Indonesia,—,—,—,—,—,—,—,—,—,—,5375113,—,559,750,6LU26G
passenger (cruise),344388,Green Ocean 1,Live,India,139,1988,-2'gt,82,Single,AWHJ,374,—,Kawamoto Zosensho K.K.,Higashi-Harima,47.35,42.00,8.20,8.20,3.20,2.22,0.98,The Hanshin Diesel Works Limited,The Hanshin Diesel Works Limited,Meenakshi Fishing & Trading Company,India,Kolkata,—,Meenakshi Fishing & Trading Company,India,Meenakshi Fishing & Trading Company,India,Meenakshi Fishing & Trading Company,India,Meenakshi Fishing & Trading Company,India,—,—,—,—,—,—,—,—,—,—,8631697,419000915,1230,1650,6LU26G
passenger (cruise),344432,Abotonate II,Live,Colombia,—,2002,-2'gt,—,Single,—,4,—,—,"",—,—,—,—,—,—,—,—,Unknown Engine Designer,Unknown Owners,—,—,—,Unknown Owners,—,Unknown Owners,—,Unknown Owners,—,Unknown Owners,—,—,—,—,—,—,—,—,—,—,—,2700123,—,—,—,UNKNOWN
passenger (cruise),344584,Corona Borealis,Live,Canada,25,1986,-2'gt,—,Single,—,66,—,—,"",—,—,—,4.40,2.88,—,—,—,Unknown Engine Designer,Akula Cruise Lines Limited,Canada,Montreal,—,Akula Cruise Lines Limited,Canada,Akula Cruise Lines Limited,Canada,Akula Cruise Lines Limited,Canada,Akula Cruise Lines Limited,Canada,—,—,—,—,—,—,—,—,—,—,—,—,—,—,UNKNOWN
passenger (cruise),34460,Explorer,Dead,Liberia,773,1969,2'-10'gt,559,Single,—,2398,260,Uudenkaupungin Tyovene Oy (UKI Workboat Limited),Uusikaupunki,72.90,64.00,14.03,14.00,8.01,4.20,3.81,Atlas-Mak Maschinenbau GmbH,Mak Motoren GmbH & Company KG,GAP Shipping,—,Monrovia,—,—,—,—,—,—,—,—,—,—,—,—,—,—,—,—,—,—,—,6924959,—,1417,1900,8M452AK
passenger (cruise),344656,Admiralty Dream,Live,U.S.A.,—,1979,-2'gt,—,Single,WDF7628,514,NS-225,Blount Marine Corporation,Warren(USA),37.00,—,—,8.53,2.94,1.90,1.04,—,Unknown Engine Designer,Allen Marine Tours Incorporated,United States of America,Portland,—,Allen Marine Tours Incorporated,United States of America,Allen Marine Tours Incorporated,United States of America,Allen Marine Tours Incorporated,United States of America,Allen Marine Tours Incorporated,United States of America,—,—,—,—,—,—,—,—,—,—,8963727,367486470,507,680,16V-149
passenger (cruise),344657,Safari Endeavour,Live,U.S.A.,511,1983,-2'gt,1467,Single,WDG2742,1425,82-2542,Jeffboat LLC,Jeffersonville,56.17,56.17,11.27,11.27,3.50,2.56,0.94,Caterpillar Incorporated,Caterpillar Incorporated,Innersea Discoveries LLC,United States of America,Seattle,—,Innersea Discoveries LLC,United States of America,Innersea Discoveries LLC,United States of America,Sea Lodge IV LLC,United States of America,Innersea Discoveries LLC,United States of America,—,—,—,—,—,—,—,—,—,—,8963698,338423000,1119,1500,3512BDITA
passenger (cruise),344735,Lady Esme,Live,Seychelles,47,1961,-2'gt,—,Single,S7IA,159,1321,Philip Limited,Dartmouth,31.00,—,6.56,6.41,2.90,1.65,1.25,—,Unknown Engine Designer,Government of The Republic of Seychelles,Seychelles,Port Victoria,—,Government of The Republic of Seychelles,Seychelles,Government of The Republic of Seychelles,Seychelles,Government of The Republic of Seychelles,Seychelles,Government of The Republic of Seychelles,Seychelles,—,—,—,—,—,—,—,—,—,—,5201623,—,—,—,8LXB
passenger (cruise),344738,Lady Genevieve,Live,Seychelles,71,1989,-2'gt,—,Single,S7IZ,176,—,—,Trieste,—,—,—,7.40,3.80,3.64,0.16,—,Unknown Engine Designer,I.D.C. Limited,Seychelles,Port Victoria,—,I.D.C. Limited,Seychelles,I.D.C. Limited,Seychelles,I.D.C. Limited,Seychelles,I.D.C. Limited,Seychelles,—,—,—,—,—,—,—,—,—,—,8835736,—,164,220,821M
passenger (cruise),344878,Andretti Jose,Live,Peru,—,2002,Unknown size,—,Single,—,,—,—,"",—,—,—,—,—,—,—,—,Unknown Engine Designer,Unknown Owners,—,—,—,Unknown Owners,—,Unknown Owners,—,Unknown Owners,—,Unknown Owners,—,—,—,—,—,—,—,—,—,—,—,2700771,—,—,—,UNKNOWN
passenger (cruise),344879,Andria Neressa,Live,Brazil,—,2002,Unknown size,—,Single,—,,—,—,"",—,—,—,—,—,—,—,—,Unknown Engine Designer,Unknown Owners,—,—,—,Unknown Owners,—,Unknown Owners,—,Unknown Owners,—,Unknown Owners,—,—,—,—,—,—,—,—,—,—,—,2700783,—,—,—,UNKNOWN
passenger (cruise),344880,Baraozinho de BC,Live,Brazil,—,2002,Unknown size,—,Single,—,,—,—,"",—,—,—,—,—,—,—,—,Unknown Engine Designer,Unknown Owners,—,—,—,Unknown Owners,—,Unknown Owners,—,Unknown Owners,—,Unknown Owners,—,—,—,—,—,—,—,—,—,—,—,2700795,—,—,—,UNKNOWN
passenger (cruise),344882,Chalana,Live,Brazil,—,2002,Unknown size,—,Single,—,,—,—,"",—,—,—,—,—,—,—,—,Unknown Engine Designer,Unknown Owners,—,—,—,Unknown Owners,—,Unknown Owners,—,Unknown Owners,—,Unknown Owners,—,—,—,—,—,—,—,—,—,—,—,2700812,—,—,—,UNKNOWN
passenger (cruise),344883,Comandante Calebes,Live,Brazil,—,2002,Unknown size,—,Single,—,,—,—,"",—,—,—,—,—,—,—,—,Unknown Engine Designer,Unknown Owners,—,—,—,Unknown Owners,—,Unknown Owners,—,Unknown Owners,—,Unknown Owners,—,—,—,—,—,—,—,—,—,—,—,2700824,—,—,—,UNKNOWN
passenger (cruise),344885,Comandante Edmilson,Live,Brazil,—,2002,Unknown size,—,Single,—,,—,—,"",—,—,—,—,—,—,—,—,Unknown Engine Designer,Unknown Owners,—,—,—,Unknown Owners,—,Unknown Owners,—,Unknown Owners,—,Unknown Owners,—,—,—,—,—,—,—,—,—,—,—,2700836,—,—,—,UNKNOWN
passenger (cruise),344886,Comandante Gabriel II,Live,Colombia,—,2002,Unknown size,—,Single,—,,—,—,"",—,—,—,—,—,—,—,—,Unknown Engine Designer,Unknown Owners,—,—,—,Unknown Owners,—,Unknown Owners,—,Unknown Owners,—,Unknown Owners,—,—,—,—,—,—,—,—,—,—,—,2700848,—,—,—,UNKNOWN
passenger (cruise),344887,Comandante Kleber,Live,Brazil,—,2002,Unknown size,—,Single,—,,—,—,"",—,—,—,—,—,—,—,—,Unknown Engine Designer,Unknown Owners,—,—,—,Unknown Owners,—,Unknown Owners,—,Unknown Owners,—,Unknown Owners,—,—,—,—,—,—,—,—,—,—,—,2700850,—,—,—,UNKNOWN
passenger (cruise),344888,Comandante Laina II,Live,Brazil,—,2002,Unknown size,—,Single,—,,—,—,"",—,—,—,—,—,—,—,—,Unknown Engine Designer,Unknown Owners,—,—,—,Unknown Owners,—,Unknown Owners,—,Unknown Owners,—,Unknown Owners,—,—,—,—,—,—,—,—,—,—,—,2700862,—,—,—,UNKNOWN
passenger (cruise),344889,Comandante Marcos,Live,Brazil,—,2002,Unknown size,—,Single,—,,—,—,"",—,—,—,—,—,—,—,—,Unknown Engine Designer,Unknown Owners,—,—,—,Unknown Owners,—,Unknown Owners,—,Unknown Owners,—,Unknown Owners,—,—,—,—,—,—,—,—,—,—,—,2700874,—,—,—,UNKNOWN
passenger (cruise),344890,Comandante Paulo Braga,Live,Brazil,—,2002,Unknown size,—,Single,—,,—,—,"",—,—,—,—,—,—,—,—,Unknown Engine Designer,Unknown Owners,—,—,—,Unknown Owners,—,Unknown Owners,—,Unknown Owners,—,Unknown Owners,—,—,—,—,—,—,—,—,—,—,—,2700886,—,—,—,UNKNOWN
passenger (cruise),344891,Comandante Plinio,Live,Brazil,—,2002,Unknown size,—,Single,—,,—,—,"",—,—,—,—,—,—,—,—,Unknown Engine Designer,Unknown Owners,—,—,—,Unknown Owners,—,Unknown Owners,—,Unknown Owners,—,Unknown Owners,—,—,—,—,—,—,—,—,—,—,—,2700898,—,—,—,UNKNOWN
passenger (cruise),344892,Danielle,Live,Brazil,—,2002,Unknown size,—,Single,—,,—,—,"",—,—,—,—,—,—,—,—,Unknown Engine Designer,Unknown Owners,—,—,—,Unknown Owners,—,Unknown Owners,—,Unknown Owners,—,Unknown Owners,—,—,—,—,—,—,—,—,—,—,—,2700903,—,—,—,UNKNOWN
passenger (cruise),344893,Danielle II,Live,Brazil,—,2002,Unknown size,—,Single,—,,—,—,"",—,—,—,—,—,—,—,—,Unknown Engine Designer,Unknown Owners,—,—,—,Unknown Owners,—,Unknown Owners,—,Unknown Owners,—,Unknown Owners,—,—,—,—,—,—,—,—,—,—,—,2700915,—,—,—,UNKNOWN
passenger (cruise),344896,La Merusa,Live,Colombia,—,2002,Unknown size,—,Single,—,,—,—,"",—,—,—,—,—,—,—,—,Unknown Engine Designer,Unknown Owners,—,—,—,Unknown Owners,—,Unknown Owners,—,Unknown Owners,—,Unknown Owners,—,—,—,—,—,—,—,—,—,—,—,2700941,—,—,—,UNKNOWN
passenger (cruise),344900,Not Mercy,Live,Colombia,—,2002,Unknown size,—,Single,—,,—,—,"",—,—,—,—,—,—,—,—,Unknown Engine Designer,Unknown Owners,—,—,—,Unknown Owners,—,Unknown Owners,—,Unknown Owners,—,Unknown Owners,—,—,—,—,—,—,—,—,—,—,—,2700989,—,—,—,UNKNOWN
passenger (cruise),344911,Dona Delia,Live,Brazil,—,2002,Unknown size,—,Single,—,,—,—,"",—,—,—,—,—,—,—,—,Unknown Engine Designer,Unknown Owners,—,—,—,Unknown Owners,—,Unknown Owners,—,Unknown Owners,—,Unknown Owners,—,—,—,—,—,—,—,—,—,—,—,2701074,—,—,—,UNKNOWN
passenger (cruise),344913,Dondinha,Live,Brazil,—,2002,Unknown size,—,Single,—,,—,—,"",—,—,—,—,—,—,—,—,Unknown Engine Designer,Unknown Owners,—,—,—,Unknown Owners,—,Unknown Owners,—,Unknown Owners,—,Unknown Owners,—,—,—,—,—,—,—,—,—,—,—,2701086,—,—,—,UNKNOWN
passenger (cruise),344914,Firmino II,Live,Brazil,—,2002,Unknown size,—,Single,—,,—,—,"",—,—,—,—,—,—,—,—,Unknown Engine Designer,Unknown Owners,—,—,—,Unknown Owners,—,Unknown Owners,—,Unknown Owners,—,Unknown Owners,—,—,—,—,—,—,—,—,—,—,—,2701098,—,—,—,UNKNOWN
passenger (cruise),344915,Izaias de Paula,Live,Brazil,—,2002,Unknown size,—,Single,—,,—,—,"",—,—,—,—,—,—,—,—,Unknown Engine Designer,Unknown Owners,—,—,—,Unknown Owners,—,Unknown Owners,—,Unknown Owners,—,Unknown Owners,—,—,—,—,—,—,—,—,—,—,—,2701103,—,—,—,UNKNOWN
passenger (cruise),344917,Katuana II,Live,Brazil,—,2002,Unknown size,—,Single,—,,—,—,"",—,—,—,—,—,—,—,—,Unknown Engine Designer,Unknown Owners,—,—,—,Unknown Owners,—,Unknown Owners,—,Unknown Owners,—,Unknown Owners,—,—,—,—,—,—,—,—,—,—,—,2701127,—,—,—,UNKNOWN
passenger (cruise),344923,Rafaela,Live,Brazil,—,2002,Unknown size,—,Single,—,,—,—,"",—,—,—,—,—,—,—,—,Unknown Engine Designer,Unknown Owners,—,—,—,Unknown Owners,—,Unknown Owners,—,Unknown Owners,—,Unknown Owners,—,—,—,—,—,—,—,—,—,—,—,2701177,—,—,—,UNKNOWN
passenger (cruise),344927,Ronnie,Live,Brazil,—,2002,Unknown size,—,Single,—,,—,—,"",—,—,—,—,—,—,—,—,Unknown Engine Designer,Unknown Owners,—,—,—,Unknown Owners,—,Unknown Owners,—,Unknown Owners,—,Unknown Owners,—,—,—,—,—,—,—,—,—,—,—,2701206,—,—,—,UNKNOWN
passenger (cruise),344928,Sao Francisco,Live,Brazil,—,2002,Unknown size,—,Single,—,,—,—,"",—,—,—,—,—,—,—,—,Unknown Engine Designer,Unknown Owners,—,—,—,Unknown Owners,—,Unknown Owners,—,Unknown Owners,—,Unknown Owners,—,—,—,—,—,—,—,—,—,—,—,2701218,—,—,—,UNKNOWN
passenger (cruise),344929,Selva,Live,Brazil,—,2002,Unknown size,—,Single,—,,—,—,"",—,—,—,—,—,—,—,—,Unknown Engine Designer,Unknown Owners,—,—,—,Unknown Owners,—,Unknown Owners,—,Unknown Owners,—,Unknown Owners,—,—,—,—,—,—,—,—,—,—,—,2701220,—,—,—,UNKNOWN
passenger (cruise),344930,Selva II,Live,Brazil,—,2002,Unknown size,—,Single,—,,—,—,"",—,—,—,—,—,—,—,—,Unknown Engine Designer,Unknown Owners,—,—,—,Unknown Owners,—,Unknown Owners,—,Unknown Owners,—,Unknown Owners,—,—,—,—,—,—,—,—,—,—,—,2701232,—,—,—,UNKNOWN
passenger (cruise),344965,Adler Jet,Live,Germany,162,2003,-2'gt,165,Single,DKSK2,539,242,Image Marine,Fremantle,41.30,36.10,11.60,11.60,4.50,1.54,2.96,MTU Friedrichshafen GmbH,MTU Friedrichshafen GmbH,German Fast Ferry GmbH & Company KG,Germany,Hornum,—,German Fast Ferry GmbH & Company KG,Germany,German Fast Ferry GmbH & Company KG,Germany,German Fast Ferry GmbH & Company KG,Germany,North Frisian Offshore GmbH,Germany,—,—,—,—,North Frisian Offshore GmbH,Germany,—,—,—,—,9281061,211835870,2330,3125,16V4000M70
passenger (cruise),344973,Steigtind,Live,Norway,162,2003,-2'gt,45,Single,LMFJ,375,243,Image Marine,Fremantle,41.30,36.10,11.60,11.60,4.50,1.54,2.96,MTU Friedrichshafen GmbH,MTU Friedrichshafen GmbH,Nam Hae Express Corporation,Republic of Korea,Narvik,—,Nam Hae Express Corporation,Republic of Korea,Nam Hae Express Corporation,Republic of Korea,Nam Hae Express Corporation,Republic of Korea,Nam Hae Express Corporation,Republic of Korea,—,—,—,—,Nam Hae Express Corporation,Republic of Korea,—,—,—,—,9281073,259310000,2330,3125,16V4000M70
passenger (cruise),345785,Birka Gotland,Live,Sweden,18839,2004,10'-60'gt,4022,Single,SIJW,34924,442,STX Finland OY - SEE NOW AS Arctech Helsinki Shipyard Incorporated,Rauma,177.00,154.80,—,28.00,9.40,6.62,2.90,Wartsila Deutschland GmbH,Wartsila Corporation,SF Line Ab (Viking Line Abp),Aland Islands,Stockholm,—,Nils-Erik Eklund,Aland Islands,SF Line Ab (Viking Line Abp),Aland Islands,Gotland Cruises AB (50% Owner) and Viking Line Abp (50% Owner),Sweden,Destination Gotland AB,Sweden,—,—,—,—,Destination Gotland AB,Sweden,—,—,—,—,9273727,266314000,5928,7950,6L46B
passenger (cruise),345979,Changyun 1,Dead,China,—,1953,-2'gt,—,Single,—,127,—,—,"",—,—,—,—,—,—,—,—,Unknown Engine Designer,China G.,—,—,—,—,—,—,—,—,—,—,—,—,—,—,—,—,—,—,—,—,—,3537987,—,—,—,UNKNOWN
passenger (cruise),346008,The King,Live,Colombia,—,2002,-2'gt,—,Single,—,6,—,—,"",—,—,—,—,—,—,—,—,Unknown Engine Designer,Unknown Owners,—,—,—,Unknown Owners,—,Unknown Owners,—,Unknown Owners,—,Unknown Owners,—,—,—,—,—,—,—,—,—,—,—,2702418,—,—,—,UNKNOWN
passenger (cruise),34627,Green Coast,Dead,Panama,1922,1960,2'-10'gt,1069,Single,—,4992,107,Wadan Yards MTW GmbH,Wismar,122.00,—,16.10,—,7.60,5.30,2.30,Dieselmotorenwerk Rostock GMBH,MAN Energy Solutions SE,FUSCO,—,Panama,—,—,—,—,—,—,—,—,—,—,—,—,—,—,—,—,—,—,—,5209780,—,3095,4150,K6Z57/80C
passenger (cruise),346397,National Geographic Sea Lion,Live,U.S.A.,189,1982,-2'gt,—,Single,WUR9646,630,63,Nichols Bros. Boat Builders Incorporated,Freeland,45.72,45.72,9.44,9.00,3.27,2.60,0.67,—,Unknown Engine Designer,Lindblad Expeditions LLC,United States of America,Seattle,—,Lindblad Expeditions Holdings Incorporated,United States of America,Lindblad Expeditions LLC,United States of America,SPEX Sea Lion Limited,United States of America,Lindblad Expeditions LLC,United States of America,—,—,—,—,—,—,—,—,—,—,8966456,366396000,—,—,16V-149
passenger (cruise),346661,Gianluca M.,Live,Italy,84,2003,-2'gt,253,Single,IKDB,243,208,Wavemaster International Proprietary Limited,Fremantle,37.60,31.60,8.00,7.00,2.50,2.26,0.24,Caterpillar Incorporated,Caterpillar Incorporated,Liberty Lines S.p.A.,Italy,Trapani,—,Liberty Lines S.p.A.,Italy,Liberty Lines S.p.A.,Italy,Liberty Lines S.p.A.,Italy,Liberty Lines S.p.A.,Italy,—,—,—,—,Liberty Lines S.p.A.,Italy,—,—,—,—,9287546,247090600,832,1116,3412
passenger (cruise),347001,Bay Cruiser,Live,Philippines,46,1986,-2'gt,28,Single,DUA2600,92,121,Miho Shipbuilding Company Limited,"",28.62,—,6.00,6.00,2.75,—,—,MTU Friedrichshafen GmbH,MTU Friedrichshafen GmbH,Magic Leaf Marine Logistic Corporation,Philippines,Manila,—,Magic Leaf Marine Logistic Corporation,Philippines,Magic Leaf Marine Logistic Corporation,Philippines,Magic Leaf Marine Logistic Corporation,Philippines,Starlite Ferries Incorporated,Philippines,—,—,—,—,Starlite Ferries Incorporated,Philippines,—,—,—,—,—,—,788,1401,MTU DIESEL
passenger (cruise),3472,Regina Maris,Dead,Panama,1304,1929,2'-10'gt,339,Single,—,3999,—,Friedrich Krupp Germaniawerft AG,Kiel,93.00,—,14.20,—,—,5.60,—,—,Unknown Engine Designer,Turkish Breakers,—,Panama,—,—,—,—,—,—,—,—,—,—,—,—,—,—,—,—,—,—,—,5265069,—,1342,1800,UNKNOWN
passenger (cruise),347240,Sri Labuan Tiga,Live,Malaysia,46,1991,-2'gt,20,Single,9WAK9,121,9001,Yong Choo Kui Shipyard Sendirian Berhad,Sibu,37.50,—,4.40,4.40,2.15,1.10,1.05,—,Yanmar Diesel Engine Company Limited,Trans-Link Sendirian Berhad,Malaysia,Kota Kinabalu,—,Trans-Link Sendirian Berhad,Malaysia,Trans-Link Sendirian Berhad,Malaysia,Trans-Link Sendirian Berhad,Malaysia,Trans-Link Sendirian Berhad,Malaysia,—,—,—,—,—,—,—,—,—,—,9051882,533810000,467,327,YANMAR DIESEL
passenger (cruise),347284,Ekspres Bahagia,Live,Malaysia,69,1991,-2'gt,33,Single,9MBH4,180,9008,Yong Choo Kui Shipyard Sendirian Berhad,Sibu,40.19,—,5.20,5.20,2.35,1.52,0.83,Cummins Incorporated,General Motors Corporation,Ekspres Bahagia (Langkawi) Sendirian Berhad,Malaysia,Port Klang,—,Ekspres Bahagia (Langkawi) Sendirian Berhad,Malaysia,Ekspres Bahagia (Langkawi) Sendirian Berhad,Malaysia,Ekspres Bahagia (Langkawi) Sendirian Berhad,Malaysia,Ekspres Bahagia (Langkawi) Sendirian Berhad,Malaysia,—,—,—,—,—,—,—,—,—,—,9055735,533583000,1268,1850,16V-149
passenger (cruise),347402,Utama Lawas,Live,Malaysia,35,1992,-2'gt,13,Single,—,81,9111,Yong Choo Kui Shipyard Sendirian Berhad,Sibu,31.73,—,3.80,3.80,1.93,1.10,0.83,Yanmar Diesel Engine Company Limited,Yanmar Diesel Engine Company Limited,Yong Kah Sing & Tan Cheng Choo & Liaw Yong Kiat & Fong Sau,Malaysia,Kuching,—,Yong Kah Sing & Tan Cheng Choo & Liaw Yong Kiat & Fong Sau,Malaysia,Yong Kah Sing & Tan Cheng Choo & Liaw Yong Kiat & Fong Sau,Malaysia,Yong Kah Sing & Tan Cheng Choo & Liaw Yong Kiat & Fong Sau,Malaysia,Yong Kah Sing & Tan Cheng Choo & Liaw Yong Kiat & Fong Sau,Malaysia,—,—,—,—,—,—,—,—,—,—,—,—,255,347,YANMAR DIESEL
passenger (cruise),347491,Ming Hai,Live,Malaysia,61,1993,-2'gt,36,Single,9WGA4,156,493,Yong Choo Kui Shipyard Sendirian Berhad,Sibu,39.77,—,—,4.70,2.45,1.34,1.11,Cummins Incorporated,Dorman Diesels Limited,Trans-Link Sendirian Berhad,Malaysia,Kuching,—,Trans-Link Sendirian Berhad,Malaysia,Trans-Link Sendirian Berhad,Malaysia,Trans-Link Sendirian Berhad,Malaysia,Trans-Link Sendirian Berhad,Malaysia,—,—,—,—,—,—,—,—,—,—,9103726,—,878,1450,SEAKING-16
passenger (cruise),347645,Suria,Live,Brunei,47,1993,-2'gt,20,Single,V8V2041,128,192,Yong Choo Kui Shipyard Sendirian Berhad,Sibu,37.50,—,4.40,4.40,2.30,1.30,1.00,General Motors Corporation,Detroit Diesel Corporation,Seri Mutiara Express,Brunei Darussalam,Muara,—,Seri Mutiara Express,Brunei Darussalam,Seri Mutiara Express,Brunei Darussalam,Seri Mutiara Express,Brunei Darussalam,Seri Mutiara Express,Brunei Darussalam,—,—,—,—,—,—,—,—,—,—,9086992,—,388,528,12V92TA
passenger (cruise),347656,Hoover Marine,Live,Malaysia,29,1995,-2'gt,—,Single,9WFL9,99,132,Chiong Brothers Shipyard Company,Sibu,42.22,—,4.10,4.10,2.10,1.10,1.00,Mitsubishi Heavy Industries Limited Shipbuilding,Unknown Engine Designer,Sehati Shipping Sendirian Berhad,Malaysia,Kuching,—,Sehati Shipping Sendirian Berhad,Malaysia,Sehati Shipping Sendirian Berhad,Malaysia,Sehati Shipping Sendirian Berhad,Malaysia,Sehati Shipping Sendirian Berhad,Malaysia,—,—,—,—,—,—,—,—,—,—,—,—,1148,1562,UNKNOWN
passenger (cruise),3479349,Aviatur I,Live,Colombia,—,2008,-2'gt,—,Single,—,4,—,—,"",—,—,—,—,—,—,—,—,—,Unknown Owners,—,—,—,Unknown Owners,—,Unknown Owners,—,Unknown Owners,—,Unknown Owners,—,—,—,—,—,—,—,—,—,—,—,—,—,—,—,—
passenger (cruise),3479353,Dona Luly,Live,Colombia,—,2008,-2'gt,—,Single,—,6,—,—,"",—,—,—,—,—,—,—,—,—,Unknown Owners,—,—,—,Unknown Owners,—,Unknown Owners,—,Unknown Owners,—,Unknown Owners,—,—,—,—,—,—,—,—,—,—,—,2977661,—,—,—,—
passenger (cruise),3479354,El Abbe,Live,Colombia,—,2008,-2'gt,—,Single,—,7,—,—,"",—,—,—,—,—,—,—,—,—,Unknown Owners,—,—,—,Unknown Owners,—,Unknown Owners,—,Unknown Owners,—,Unknown Owners,—,—,—,—,—,—,—,—,—,—,—,2978433,—,—,—,—
passenger (cruise),3479603,Flamingo Mar,Live,Colombia,—,2008,-2'gt,—,Single,—,10,—,—,"",—,—,—,—,—,—,—,—,—,Unknown Owners,—,—,—,Unknown Owners,—,Unknown Owners,—,Unknown Owners,—,Unknown Owners,—,—,—,—,—,—,—,—,—,—,—,2982769,—,—,—,—
passenger (cruise),3479605,Joaquin,Live,Colombia,—,2008,-2'gt,—,Single,—,2,—,—,"",—,—,—,—,—,—,—,—,—,Unknown Owners,—,—,—,Unknown Owners,—,Unknown Owners,—,Unknown Owners,—,Unknown Owners,—,—,—,—,—,—,—,—,—,—,—,—,—,—,—,—
passenger (cruise),3479907,Ketty I,Live,Colombia,—,2008,-2'gt,—,Single,—,5,—,—,"",—,—,—,—,—,—,—,—,—,Unknown Owners,—,—,—,Unknown Owners,—,Unknown Owners,—,Unknown Owners,—,Unknown Owners,—,—,—,—,—,—,—,—,—,—,—,2990376,—,—,—,—
passenger (cruise),3479908,La Mano de Dios,Live,Colombia,—,2008,-2'gt,—,Single,—,4,—,—,"",—,—,—,—,—,—,—,—,—,Unknown Owners,—,—,—,Unknown Owners,—,Unknown Owners,—,Unknown Owners,—,Unknown Owners,—,—,—,—,—,—,—,—,—,—,—,2994504,—,—,—,—
passenger (cruise),3479912,Los Juanes I,Live,Colombia,—,2008,-2'gt,—,Single,—,5,—,—,"",—,—,—,—,—,—,—,—,—,Unknown Owners,—,—,—,Unknown Owners,—,Unknown Owners,—,Unknown Owners,—,Unknown Owners,—,—,—,—,—,—,—,—,—,—,—,—,—,—,—,—
passenger (cruise),3479914,Prestigiosa,Live,Colombia,—,2008,Unknown size,—,Single,—,,—,—,"",—,—,—,—,—,—,—,—,—,Unknown Owners,—,—,—,Unknown Owners,—,Unknown Owners,—,Unknown Owners,—,Unknown Owners,—,—,—,—,—,—,—,—,—,—,—,—,—,—,—,—
passenger (cruise),348134,Carlos David,Live,Colombia,—,2003,-2'gt,—,Single,—,39,—,—,"",—,—,—,—,—,—,—,—,Unknown Engine Designer,Unknown Owners,—,—,—,Unknown Owners,—,Unknown Owners,—,Unknown Owners,—,Unknown Owners,—,—,—,—,—,—,—,—,—,—,—,2704777,—,—,—,UNKNOWN
passenger (cruise),348170,Madeleyne,Live,Colombia,—,2003,-2'gt,—,Single,—,7,—,—,"",—,—,—,—,—,—,—,—,Unknown Engine Designer,Unknown Owners,—,—,—,Unknown Owners,—,Unknown Owners,—,Unknown Owners,—,Unknown Owners,—,—,—,—,—,—,—,—,—,—,—,2705094,—,—,—,UNKNOWN
passenger (cruise),348434,Eleanor Rose,Live,U.K.,—,1971,-2'gt,19,Single,MBPH5,62,—,—,"",—,—,—,—,—,—,—,—,Unknown Engine Designer,Unknown Owners,—,—,—,Unknown Owners,—,Unknown Owners,—,Unknown Owners,—,Unknown Owners,—,—,—,—,—,—,—,—,—,—,—,—,235052137,—,—,UNKNOWN
passenger (cruise),349394,Riskafjord II,Live,Norway,48,1968,-2'gt,27,Single,LERR,88,—,—,"",—,—,—,—,—,—,—,—,Unknown Engine Designer,Unknown Owners,—,—,—,Unknown Owners,—,Unknown Owners,—,Unknown Owners,—,Unknown Owners,—,—,—,—,—,—,—,—,—,—,—,—,257149700,—,—,UNKNOWN
passenger (cruise),349601,Jacaf,Live,Chile,—,2002,-2'gt,—,Single,CBJF,978,—,S. Makroglu & E. Tselmis,Perama,76.00,66.24,—,14.00,3.45,2.52,0.93,—,Unknown Engine Designer,Naviera Austral S.A.,Chile,—,—,Naviera Austral S.A.,Chile,Naviera Austral S.A.,Chile,Naviera Austral S.A.,Chile,Naviera Austral S.A.,Chile,—,—,—,—,Redwise Maritime Services B.V.,Netherlands,—,—,—,—,8969331,725001026,—,—,16V4000M70
passenger (cruise),349629,Unije,Live,Croatia,439,2003,-2'gt,75,Single,9A8467,520,119,Medyilmaz Shipyard,Eregli,46.96,40.76,9.00,9.00,3.20,1.75,1.26,Caterpillar Incorporated,Caterpillar Incorporated,Jadrolinija Rijeka,Republic of Croatia,—,—,Jadrolinija Rijeka,Republic of Croatia,Jadrolinija Rijeka,Republic of Croatia,Jadrolinija Rijeka,Republic of Croatia,Jadrolinija Rijeka,Republic of Croatia,—,—,—,—,—,—,—,—,—,—,9289879,238639740,634,862,3412
passenger (cruise),349672,Dona Cleo,Live,Colombia,—,2003,-2'gt,—,Single,—,5,—,—,"",—,—,—,—,—,—,—,—,Unknown Engine Designer,Unknown Owners,—,—,—,Unknown Owners,—,Unknown Owners,—,Unknown Owners,—,Unknown Owners,—,—,—,—,—,—,—,—,—,—,—,2706581,—,—,—,UNKNOWN
passenger (cruise),349676,Marlin II,Live,Colombia,—,2003,-2'gt,—,Single,—,5,—,—,"",—,—,—,—,—,—,—,—,Unknown Engine Designer,Unknown Owners,—,—,—,Unknown Owners,—,Unknown Owners,—,Unknown Owners,—,Unknown Owners,—,—,—,—,—,—,—,—,—,—,—,2706622,—,—,—,UNKNOWN
passenger (cruise),349713,Mekong Express,Live,Unknown,—,2002,-2'gt,—,Single,—,66,83,—,Japan,29.50,—,6.40,—,1.50,—,—,—,Unknown Engine Designer,Srin Yong,Japan,—,—,Srin Yong,Japan,Srin Yong,Japan,New Shou Lee Transport Company Limited,Cambodia,Srin Yong,Japan,—,—,—,—,—,—,—,—,—,—,—,—,755,1027,UNKNOWN
passenger (cruise),349749,Nouvelle France,Live,Canada,71,1973,-2'gt,—,Single,—,81,—,—,Erie,18.00,—,—,5.00,1.86,—,—,—,Unknown Engine Designer,Les Croisiere Du Fjord Saguenay Incorporated,Canada,Quebec,—,Les Croisiere Du Fjord Saguenay Incorporated,Canada,Les Croisiere Du Fjord Saguenay Incorporated,Canada,Les Croisiere Du Fjord Saguenay Incorporated,Canada,Les Croisiere Du Fjord Saguenay Incorporated,Canada,—,—,—,—,—,—,—,—,—,—,—,—,—,—,UNKNOWN
passenger (cruise),349929,A'rosa Bella,Live,Germany,—,2003,2'-10'gt,260,Single,—,3600,-,Neptun Werft GmbH,Rostock,125.50,—,—,14.40,—,—,—,—,Unknown Engine Designer,Arkona AG,Germany,—,—,Arkona AG,Germany,Arkona AG,Germany,A-ROSA Flussschiff GmbH,Germany,Arkona AG,Germany,—,—,—,—,—,—,—,—,—,—,9271482,—,1825,2447,6M25
passenger (cruise),349932,A'rosa Donna,Live,Germany,—,2003,2'-10'gt,260,Single,DC8431,3600,-,Neptun Werft GmbH,Rostock,124.50,—,—,14.40,—,—,—,—,Unknown Engine Designer,Arkona AG,Germany,—,—,Arkona AG,Germany,Arkona AG,Germany,A-ROSA Flussschiff GmbH,Germany,Arkona AG,Germany,—,—,—,—,—,—,—,—,—,—,9271470,211160680,—,—,6M25
passenger (cruise),349987,Carnival Liberty,Live,Panama,87309,2005,100'-150'gt,13294,Single,HPYE,110428,6111,Fincantieri-Cantieri Navali Italiani S.p.A. Monfalcone,Monfalcone,290.23,247.70,35.54,35.50,19.77,8.32,11.45,Wartsila Deutschland GmbH,Wartsila Corporation,Carnival Corporation (Carnival Cruise Line),United States of America,Panama,—,Carnival Corporation,United States of America,Carnival Corporation (Carnival Cruise Line),United States of America,Carnival Corporation (Carnival Cruise Line),United States of America,Carnival Corporation,United States of America,—,—,—,—,Carnival Corporation (Carnival Cruise Line),United States of America,Unknown,Unknown,Unknown Scrubber Manufacturer,—,9278181,371083000,12590,16884,12V46
passenger (cruise),350050,Jorge de Sena,Live,Portugal,213,2003,-2'gt,48,Single,CSKH,713,58,Damen Shipyards Singapore Private Limited,Singapore,49.20,47.12,—,11.99,3.28,1.55,1.73,MTU Friedrichshafen GmbH,MTU Friedrichshafen GmbH,Sociedade Fluvial de Transportes S.A. (SOFLUSA),Portugal,Lisbon,—,Sociedade Fluvial de Transportes S.A. (SOFLUSA),Portugal,Sociedade Fluvial de Transportes S.A. (SOFLUSA),Portugal,Sociedade Fluvial de Transportes S.A. (SOFLUSA),Portugal,Sociedade Fluvial de Transportes S.A. (SOFLUSA),Portugal,Sociedade de Consultores Maritimos Lda SCMA,Portugal,—,—,Sociedade de Consultores Maritimos Lda SCMA,Portugal,—,—,—,—,9283409,263701440,1740,2366,12V4000M70
passenger (cruise),350092,Bom Pagador,Live,Brazil,—,2003,-2'gt,—,Single,—,47,—,—,"",—,—,—,—,—,—,—,—,Unknown Engine Designer,Unknown Owners,—,—,—,Unknown Owners,—,Unknown Owners,—,Unknown Owners,—,Unknown Owners,—,—,—,—,—,—,—,—,—,—,—,2727016,—,—,—,UNKNOWN
passenger (cruise),350616,Galeb,Live,St. Vincent & Grenadines,1203,1938,2'-10'gt,—,Single,J8B2078,4010,—,—,Genoa,—,—,—,—,—,—,—,Unknown Engine Builder,Unknown Engine Designer,Titan Brokerage Corporation,Greece,Kingstown,—,Titan Brokerage Corporation,Greece,Titan Brokerage Corporation,Greece,Placid Sea S.A.,Liberia,Titan Brokerage Corporation,Greece,—,—,—,—,—,—,—,—,—,—,8961248,375486000,2051,2750,7TAD48
passenger (cruise),350709,Schamonchi,Live,U.S.A.,31,1978,-2'gt,28,Single,WSL8362,91,—,Gamage Shipbuilding Incorporated,Boothbay,129.80,—,29.00,—,7.00,—,—,—,Unknown Engine Designer,Woods Hole Martha's Vineyard & Nantucket Steamship Authority,United States of America,—,—,Woods Hole Martha's Vineyard & Nantucket Steamship Authority,United States of America,Woods Hole Martha's Vineyard & Nantucket Steamship Authority,United States of America,Woods Hole Martha's Vineyard & Nantucket Steamship Authority,United States of America,Woods Hole Martha's Vineyard & Nantucket Steamship Authority,United States of America,—,—,—,—,—,—,—,—,—,—,—,—,—,—,UNKNOWN
passenger (cruise),350870,Tivano,Live,Italy,12949,2003,-2'gt,190,Single,—,190,94,Cantiere Navale di Pesaro,Pesaro,27.70,24.10,6.00,5.99,2.92,—,—,MTU Friedrichshafen GmbH,MTU Friedrichshafen GmbH,Government of Italy,Italy,Como,—,Government of Italy,Italy,Government of Italy,Italy,Ministero delle Infrastrutture e dei Trasporti,Italy,Government of Italy,Italy,—,—,—,—,—,—,—,—,—,—,—,—,2100,2816,16V2000M70
passenger (cruise),350900,Jolly Roger I,Live,Italy,15,2001,-2'gt,—,Single,—,24,24,Cantieri Navali Navalmeccanica S.p.A.,Venice,23.50,20.90,—,5.89,1.55,0.00,1.55,Iveco Motors,Iveco Motors,Essegi S.p.A.,Italy,Venice,—,Essegi S.p.A.,Italy,Essegi S.p.A.,Italy,Essegi S.p.A.,Italy,Essegi S.p.A.,Italy,—,—,—,—,—,—,—,—,—,—,—,—,220,295,8210SRM45
passenger (cruise),350901,Citta di Como,Live,Italy,129,2002,-2'gt,70,Single,—,190,85,Cantiere Navale di Pesaro,Pesaro,27.70,24.13,6.00,5.99,2.92,0.00,2.92,MTU Friedrichshafen GmbH,MTU Friedrichshafen GmbH,Government of Italy,Italy,Como,—,Government of Italy,Italy,Government of Italy,Italy,Ministero delle Infrastrutture e dei Trasporti,Italy,Government of Italy,Italy,—,—,—,—,—,—,—,—,—,—,—,—,1050,2816,16V2000M70
passenger (cruise),350905,Citta di Lecco,Live,Italy,129,2002,-2'gt,70,Single,—,190,86,Cantiere Navale di Pesaro,Pesaro,27.70,24.13,6.00,5.99,2.92,0.00,2.92,MTU Friedrichshafen GmbH,MTU Friedrichshafen GmbH,Government of Italy,Italy,Como,—,Government of Italy,Italy,Government of Italy,Italy,Ministero delle Infrastrutture e dei Trasporti,Italy,Government of Italy,Italy,—,—,—,—,—,—,—,—,—,—,—,—,1160,2816,16V2000M70
passenger (cruise),350906,Freccia del Garda,Live,Italy,129,2002,-2'gt,70,Single,—,190,87,Cantiere Navale di Pesaro,Pesaro,27.70,24.13,6.00,5.99,2.92,0.00,2.92,—,B&W Diesel A/S,Government of Italy,Italy,Brescia,—,Government of Italy,Italy,Government of Italy,Italy,Ministero delle Infrastrutture e dei Trasporti,Italy,Government of Italy,Italy,—,—,—,—,—,—,—,—,—,—,—,—,7788,10444,6S50MC-C
passenger (cruise),350954,Costa Volpino,Live,Italy,30,1999,-2'gt,—,Single,—,45,407,Cantiere Navalmeccanico E.Stanisci S.r.l.,Taranto,27.00,24.70,—,5.30,2.29,0.00,2.29,Iveco Motors,Fiat Avio SpA,Regione Lombardia Gestione Navigazione Lago D'Iseo,Italy,—,—,Regione Lombardia Gestione Navigazione Lago D'Iseo,Italy,Regione Lombardia Gestione Navigazione Lago D'Iseo,Italy,Regione Lombardia Gestione Navigazione Lago D'Iseo,Italy,Regione Lombardia Gestione Navigazione Lago D'Iseo,Italy,—,—,—,—,—,—,—,—,—,—,—,—,324,434,8281SRM44
passenger (cruise),351403,Gembira II,Live,Indonesia,—,1994,-2'gt,31,Single,YB3183,100,—,—,Unknown,—,—,—,—,—,—,—,—,Unknown Engine Designer,Unknown Owners,—,—,—,Unknown Owners,—,Unknown Owners,—,Unknown Owners,—,Unknown Owners,—,—,—,—,—,—,—,—,—,—,—,8434491,—,1015,1361,3196DITA
passenger (cruise),351479,Mr Alex,Live,St. Vincent & Grenadines,141,2003,-2'gt,377,Single,J8QU7,472,165-5,Neuville Boat Works,Louisiana,50.29,47.38,—,10.36,3.92,1.83,2.09,Cummins Incorporated,Cummins Incorporated,Inter-Continental Shipping Limited,Switzerland,Kingstown,—,Inter-Continental Shipping Limited,Switzerland,Inter-Continental Shipping Limited,Switzerland,Inter-Continental Shipping Limited,Switzerland,Inter-Continental Shipping Limited,Switzerland,—,—,—,—,—,—,—,—,—,—,9297395,377901075,1361,1825,KTA-50
passenger (cruise),351768,Mekong Pandaw,Live,Unknown,249,2003,-2'gt,50,Single,—,831,-,Amyothar Gon Yaung Dockyard,Myanmar,57.91,53.17,—,10.97,2.90,1.60,1.30,Isuzu Engine Works,Isuzu Engine Works,Royal Voyage,Union of Myanmar,—,—,Royal Voyage,Union of Myanmar,Royal Voyage,Union of Myanmar,Royal Voyage,Union of Myanmar,Royal Voyage,Union of Myanmar,—,—,—,—,—,—,—,—,—,—,9297943,—,441,592,10TDI
passenger (cruise),351821,Min Kuk Ho,Live,South Korea,—,2003,-2'gt,215,Single,—,388,03-15,Moonchang Shipbuilding Dockyard Limited,Mokpo,64.55,52.00,11.20,11.20,2.60,1.86,0.76,Caterpillar Incorporated,Caterpillar Incorporated,Soan Agricultural Cooperative Association,Republic of Korea,Wando,—,Soan Agricultural Cooperative Association,Republic of Korea,Soan Agricultural Cooperative Association,Republic of Korea,Soan Agricultural Cooperative Association,Republic of Korea,Soan Agricultural Cooperative Association,Republic of Korea,—,—,—,—,—,—,—,—,—,—,9300336,440304410,793,1078,3512DITA
passenger (cruise),351909,Farala,Live,Colombia,—,2003,-2'gt,—,Single,—,5,—,—,"",—,—,—,—,—,—,—,—,Unknown Engine Designer,Unknown Owners,—,—,—,Unknown Owners,—,Unknown Owners,—,Unknown Owners,—,Unknown Owners,—,—,—,—,—,—,—,—,—,—,—,2763149,—,—,—,UNKNOWN
passenger (cruise),351917,Queen Mary,Live,U.K.,380,1933,-2'gt,284,Single,—,1014,1262,William Denny & Bros. Limited,Dumbarton,80.27,76.97,11.28,10.70,3.23,2.27,0.96,—,Unknown Engine Designer,Bass Holdings Limited,United Kingdom,Glasgow,—,Bass Holdings Limited,United Kingdom,Bass Holdings Limited,United Kingdom,Bass Holdings Limited,United Kingdom,Bass Holdings Limited,United Kingdom,—,—,—,—,—,—,—,—,—,—,5287952,—,—,—,ESL8
passenger (cruise),351931,Turbaduana II,Live,Colombia,—,2003,-2'gt,—,Single,—,1,—,—,"",—,—,—,—,—,—,—,—,Unknown Engine Designer,Unknown Owners,—,—,—,Unknown Owners,—,Unknown Owners,—,Unknown Owners,—,Unknown Owners,—,—,—,—,—,—,—,—,—,—,—,2763319,—,—,—,UNKNOWN
passenger (cruise),351969,Noa's Ark,Live,St. Vincent & Grenadines,—,2003,Unknown size,—,Single,—,,—,—,"",—,—,—,—,—,—,—,Unknown Engine Builder,Unknown Engine Designer,Unknown Owners,—,Kingstown,—,Unknown Owners,—,Unknown Owners,—,Unknown Owners,—,Unknown Owners,—,—,—,—,—,—,—,—,—,—,—,—,—,—,—,UNKNOWN
passenger (cruise),352045,Taka,Live,Australia,—,2003,-2'gt,—,Single,—,150,315,Adelaide Ship Construction International Proprietary Limited,Adelaide,—,—,—,—,—,—,—,—,Unknown Engine Designer,Reefcam Proprietary Limited,Australia,Cairns,—,Reefcam Proprietary Limited,Australia,Reefcam Proprietary Limited,Australia,Reefcam Proprietary Limited,Australia,Reefcam Proprietary Limited,Australia,—,—,—,—,—,—,—,—,—,—,9303613,—,426,571,8V2000M70
passenger (cruise),352098,Rousse Prestige,Live,Bulgaria,1259,2004,-2'gt,320,Single,LZMN,1945,701,"B.V. Scheepswerf en Machinefabriek ""De Merwede"" v/h Van Vliet & Company - NO LONGER BUILDERS, NOW SEE IHC MERWEDE SHIPYARD B.V.",Hardinxveld,110.00,106.57,—,11.00,2.75,1.55,1.20,Caterpillar Incorporated,Caterpillar Incorporated,Dunav Tours AD,Bulgaria,Rousse,—,Dunav Tours AD,Bulgaria,Dunav Tours AD,Bulgaria,Dunav Tours AD,Bulgaria,Dunav Tours AD,Bulgaria,—,—,—,—,—,—,—,—,—,—,9294939,207261314,783,1050,3508
passenger (cruise),352273,Acadia Clipper,Live,U.S.A.,63,1981,-2'gt,—,Single,WDA6181,93,109,—,"",—,—,—,—,—,—,—,—,Unknown Engine Designer,Bar Harbor Whale Watch Company,United States of America,—,—,Bar Harbor Whale Watch Company,United States of America,Bar Harbor Whale Watch Company,United States of America,Bar Harbor Whale Watch Company,United States of America,Bar Harbor Whale Watch Company,United States of America,—,—,—,—,—,—,—,—,—,—,—,366829540,—,—,UNKNOWN
passenger (cruise),352279,Cheonghaejin Car Ferry No.1,Live,South Korea,—,1995,-2'gt,168,Single,—,224,94-098,Mokpo Shipbuilding & Engineering Company Limited,Mokpo,58.50,50.00,8.60,8.60,2.50,1.54,0.98,—,Unknown Engine Designer,Soan Agricultural Co-Operative Company Limited,Republic of Korea,Wando,—,Soan Agricultural Co-Operative Company Limited,Republic of Korea,Soan Agricultural Co-Operative Company Limited,Republic of Korea,Soan Agricultural Co-Operative Company Limited,Republic of Korea,Soan Agricultural Co-Operative Company Limited,Republic of Korea,—,—,—,—,—,—,—,—,—,—,9133991,—,500,671,8LAA-UTE
passenger (cruise),352284,Virgen De Penafrancia II,Live,Philippines,—,1997,-2'gt,44,Single,DUE222,104,MS96-122,Paekchon Shipbuilding & Engineering Company Limited,Mokpo,49.90,40.90,7.00,7.00,2.10,1.40,0.75,Volvo Penta AB,Unknown Engine Designer,Development Bank of the Philippines,Philippines,—,—,Government of The Republic of The Philippines,Philippines,Development Bank of the Philippines,Philippines,DBP Leasing Corporation,Philippines,Development Bank of the Philippines,Philippines,—,—,—,—,—,—,—,—,—,—,9233715,—,380,510,8LAA-UTE
passenger (cruise),352409,SNAV Orion,Live,Italy,233,2005,-2'gt,50,Single,IRBQ,585,188,Marinteknik Shipbuilders (S) Private Limited,Singapore,49.86,44.86,9.00,9.00,3.31,1.34,1.97,MTU Friedrichshafen GmbH,MTU Friedrichshafen GmbH,Snav SpA,Italy,Naples,—,Mediterranean Shipping Company S.A. (MSC),Switzerland,Snav SpA,Italy,Snav SpA,Italy,Snav SpA,Italy,—,—,—,—,Snav SpA,Italy,—,—,—,—,9305922,247128500,1998,2680,16V396TE74L
passenger (cruise),352444,Milford Monarch,Live,New Zealand,149,1994,-2'gt,—,Single,—,375,—,—,"",—,—,—,—,—,—,—,—,Unknown Engine Designer,Real Journeys Limited,New Zealand,—,—,Real Journeys Limited,New Zealand,Real Journeys Limited,New Zealand,Real Journeys Limited,New Zealand,Real Journeys Limited,New Zealand,—,—,—,—,—,—,—,—,—,—,8888795,—,195,261,TBD604BV12
passenger (cruise),352496,Cecelia Ann,Live,U.S.A.,—,2004,-2'gt,45,Single,WDK2579,600,-,Austal USA LLC,Mobile,43.50,—,11.50,—,3.50,1.40,2.10,Cummins Incorporated,Cummins Incorporated,Block Island Ferry Services LLC,United States of America,—,—,Block Island Ferry Services LLC,United States of America,Block Island Ferry Services LLC,United States of America,Block Island Ferry Services LLC,United States of America,Block Island Ferry Services LLC,United States of America,—,—,—,—,—,—,—,—,—,—,9283045,368036870,908,1217,KTA-38
passenger (cruise),352529,Crown Princess,Live,Bermuda,83977,2006,100'-150'gt,13294,Single,ZCDM6,113561,6100,Fincantieri-Cantieri Navali Italiani S.p.A. Monfalcone,Monfalcone,288.63,242.36,50.00,39.99,11.39,8.50,2.89,Fincantieri-Cantieri Navali Italiani S.p.A.,Sulzer Turbomachinery Services,Princess Cruise Lines Limited,United States of America,Hamilton,—,Carnival Corporation,United States of America,Princess Cruise Lines Limited,United States of America,Princess Cruise Lines Limited,United States of America,Princess Cruise Lines Limited,United States of America,—,—,—,—,Princess Cruise Lines Limited,United States of America,Unknown,Unknown,kpPlast,—,9293399,310500000,21000,20729,16ZAV40S
passenger (cruise),352552,Jockey Club Huan,Live,"Hong Kong, S.A.R., China",81,2006,-2'gt,35,Single,VRCA,270,62,Zhuhai Shipyard,Zhuhai,34.50,28.50,—,8.50,—,3.90,—,Cummins Incorporated,Cummins Incorporated,Adventure Ship Limited,"Hong Kong, S.A.R., China",Hong Kong,—,Adventure Ship Limited,"Hong Kong, S.A.R., China",Adventure Ship Limited,"Hong Kong, S.A.R., China",Adventure Ship Limited,"Hong Kong, S.A.R., China",Adventure Ship Limited,"Hong Kong, S.A.R., China",—,—,—,—,—,—,—,—,—,—,9291755,477105900,192,258,6CTA8.3-M3
passenger (cruise),352687,Twin City Queen,Dead,U.S.A.,75,1958,-2'gt,—,Single,—,91,—,—,"",—,—,—,—,—,—,—,—,Unknown Engine Designer,Monroe C.,—,—,—,—,—,—,—,—,—,—,—,—,—,—,—,—,—,—,—,—,—,—,—,—,—,UNKNOWN
passenger (cruise),352750,Pride of Milford,Live,New Zealand,200,2003,-2'gt,66,Single,—,582,129,Wavemaster International Proprietary Limited,Fremantle,34.70,30.85,13.30,13.00,3.50,1.79,1.71,Cummins Incorporated,Cummins Incorporated,Tourism Holdings Limited,New Zealand,—,—,Tourism Holdings Limited,New Zealand,Tourism Holdings Limited,New Zealand,Tourism Holdings Limited,New Zealand,Tourism Holdings Limited,New Zealand,—,—,—,—,—,—,—,—,—,—,9306031,—,394,529,KTA-19
passenger (cruise),352865,Tattershall Castle,Live,U.K.,325,1934,-2'gt,92,Single,GVWU,556,—,—,Hartlepool,63.89,60.97,17.38,10.09,2.75,1.37,1.38,—,Unknown Engine Designer,Unknown Owners,—,Grimsby,—,Unknown Owners,—,Unknown Owners,—,Unknown Owners,—,Unknown Owners,—,—,—,—,—,—,—,—,—,—,—,5353804,—,917,1230,MN16S
passenger (cruise),353066,Feliciana,Live,U.S.A.,66,1981,-2'gt,—,Single,—,98,1506,Breaux Brothers Enterprises Incorporated,Loreauville,—,—,—,—,—,—,—,—,Unknown Engine Designer,Unknown Owners,—,—,—,Unknown Owners,—,Unknown Owners,—,Unknown Owners,—,Unknown Owners,—,—,—,—,—,—,—,—,—,—,—,—,366911370,—,—,UNKNOWN
passenger (cruise),353071,Camayal V,Live,Colombia,—,2003,-2'gt,—,Single,—,6,—,—,"",—,—,—,—,—,—,—,—,Unknown Engine Designer,Unknown Owners,—,—,—,Unknown Owners,—,Unknown Owners,—,Unknown Owners,—,Unknown Owners,—,—,—,—,—,—,—,—,—,—,—,2788333,—,—,—,UNKNOWN
passenger (cruise),353092,La Merusa III,Live,Colombia,—,2003,-2'gt,—,Single,—,5,—,—,"",—,—,—,—,—,—,—,—,Unknown Engine Designer,Unknown Owners,—,—,—,Unknown Owners,—,Unknown Owners,—,Unknown Owners,—,Unknown Owners,—,—,—,—,—,—,—,—,—,—,—,2788503,—,—,—,UNKNOWN
passenger (cruise),353109,Four Seasons Explorer,Live,Palau,177,2002,-2'gt,50,Single,T8BB,592,167,Image Marine,Fremantle,39.00,35.50,12.00,12.00,3.75,1.69,2.06,MTU Friedrichshafen GmbH,MTU Friedrichshafen GmbH,HPL Resorts (Maldives) Private Limited,Republic of Maldives,—,—,HPL Resorts (Maldives) Private Limited,Republic of Maldives,HPL Resorts (Maldives) Private Limited,Republic of Maldives,HPL Resorts (Maldives) Private Limited,Republic of Maldives,HPL Resorts (Maldives) Private Limited,Republic of Maldives,—,—,—,—,—,—,—,—,—,—,9253624,511000820,799,1071,12V2000M70
passenger (cruise),353140,Neraida,Live,Greece,237,1939,-2'gt,—,Single,SVA5400,462,211,—,Italy,55.12,50.70,8.77,7.04,3.51,2.64,0.87,MAN Energy Solutions SE,Unknown Engine Designer,Neraida Floating Museum,Greece,—,—,Neraida Floating Museum,Greece,Neraida Floating Museum,Greece,Neraida Floating Museum,Greece,Neraida Floating Museum,Greece,—,—,—,—,—,—,—,—,—,—,5249285,239805500,272,365,821M
passenger (cruise),353155,Queen Mary,Live,U.K.,33073,1936,60'-100'gt,16156,Single,—,81237,534,John Brown & Company (Clydebank) Limited,Clyde,310.74,294.13,36.14,35.96,22.73,11.99,10.74,—,Unknown Engine Designer,Port of Long Beach,United States of America,Liverpool,—,Port of Long Beach,United States of America,Port of Long Beach,United States of America,Port of Long Beach,United States of America,Port of Long Beach,United States of America,—,—,—,—,—,—,—,—,—,—,5287938,—,135491,181696,9L58/64
passenger (cruise),353278,Belmopan,Live,Belize,49,2003,-2'gt,26,Single,—,84,10054,Island Boats,Jeanerette,—,20.61,—,6.22,2.44,1.22,1.22,Caterpillar Incorporated,Caterpillar Incorporated,Royal Caribbean Cruises Limited (RCL),United States of America,Belize City,—,Royal Caribbean Cruises Limited (RCL),United States of America,Royal Caribbean Cruises Limited (RCL),United States of America,Labadee Investments Limited,British Virgin Islands,Royal Caribbean Cruises Limited (RCL),United States of America,—,—,—,—,—,—,—,—,—,—,9308340,—,522,700,3406E-TA
passenger (cruise),353325,Eraclide,Live,Italy,78,2005,-2'gt,194,Single,IYTF,194,327,Rodriquez Cantieri Navale S.p.A.,Messina,31.20,26.25,—,6.78,3.89,1.69,2.20,MTU Friedrichshafen GmbH,MTU Friedrichshafen GmbH,Liberty Lines S.p.A.,Italy,Palermo,—,Liberty Lines S.p.A.,Italy,Liberty Lines S.p.A.,Italy,Liberty Lines S.p.A.,Italy,Liberty Lines S.p.A.,Italy,—,—,—,—,Liberty Lines S.p.A.,Italy,—,—,—,—,9309875,247151800,2000,2719,16V396TE74L
passenger (cruise),353326,Calypso,Live,Italy,78,2005,-2'gt,194,Single,IYQT,194,328,Rodriquez Cantieri Navale S.p.A.,Messina,31.20,26.25,14.00,6.78,3.89,1.69,2.20,MTU Friedrichshafen GmbH,MTU Friedrichshafen GmbH,Liberty Lines S.p.A.,Italy,Palermo,—,Liberty Lines S.p.A.,Italy,Liberty Lines S.p.A.,Italy,Liberty Lines S.p.A.,Italy,Liberty Lines S.p.A.,Italy,—,—,—,—,Liberty Lines S.p.A.,Italy,—,—,—,—,9309887,247143200,2000,2682,16V396TE74L
passenger (cruise),353327,Eschilo,Live,Italy,79,2006,-2'gt,194,Single,IYRY,194,330,Rodriquez Cantieri Navale S.p.A.,Messina,31.20,26.24,—,6.78,3.89,1.69,2.20,MTU Friedrichshafen GmbH,MTU Friedrichshafen GmbH,Liberty Lines S.p.A.,Italy,Palermo,—,Liberty Lines S.p.A.,Italy,Liberty Lines S.p.A.,Italy,Liberty Lines S.p.A.,Italy,Liberty Lines S.p.A.,Italy,—,—,—,—,Liberty Lines S.p.A.,Italy,—,—,—,—,9309899,247154300,2000,5438,16V396TE74L
passenger (cruise),353328,Atanis,Live,Italy,78,2006,-2'gt,194,Single,IYSQ,194,331,Rodriquez Cantieri Navale S.p.A.,Messina,31.20,26.25,—,6.78,3.89,1.69,2.20,MTU Friedrichshafen GmbH,MTU Friedrichshafen GmbH,Liberty Lines S.p.A.,Italy,Palermo,—,Liberty Lines S.p.A.,Italy,Liberty Lines S.p.A.,Italy,Societa Navigazione Siciliana S.p.A.,Italy,Societa Navigazione Siciliana S.p.A.,Italy,—,—,—,—,—,—,—,—,—,—,9309904,247165800,2028,2719,16V396TE74L
passenger (cruise),353568,True North,Live,Australia,242,2006,-2'gt,80,Single,VZWP,730,287,Image Marine,Fremantle,49.90,44.50,10.30,10.00,4.05,1.85,2.20,Caterpillar Incorporated,Caterpillar Incorporated,North Star Cruises Australia Proprietary Limited,Australia,Fremantle,—,North Star Cruises Australia Proprietary Limited,Australia,North Star Cruises Australia Proprietary Limited,Australia,North Star Cruises Australia Proprietary Limited,Australia,North Star Cruises Australia Proprietary Limited,Australia,—,—,—,—,North Star Cruises Australia Proprietary Limited,Australia,—,—,—,—,9308651,503486000,794,1065,3508
passenger (cruise),353642,Freedom of the Seas,Live,Bahamas,144961,2006,150'+ gt,10500,Single,C6UZ7,156271,1352,STX Finland OY - SEE NOW AS Arctech Helsinki Shipyard Incorporated,Turku,338.77,303.21,39.03,38.59,11.72,9.03,2.69,Wartsila Deutschland GmbH,Wartsila Corporation,Royal Caribbean Cruises Limited (RCL),United States of America,Nassau,—,Royal Caribbean Cruises Limited (RCL),United States of America,Royal Caribbean Cruises Limited (RCL),United States of America,Freedom of the Seas Incorporated,Liberia,Royal Caribbean Cruises Limited (RCL),United States of America,—,—,—,—,Royal Caribbean Cruises Limited (RCL),United States of America,Wet,Hybrid,Alfa Laval Aalborg A/S,Retrofit,9304033,309906000,12778,17136,12V46
passenger (cruise),354034,Norwegian Jewel,Live,Bahamas,62188,2005,60'-100'gt,7500,Single,C6TX6,93502,667,Meyer Werft GmbH (Dormant),Papenburg,294.13,264.80,37.88,32.20,11.50,8.60,2.90,MAN Diesel AS,MAN Energy Solutions SE,NCL (Bahamas) Limited,United States of America,Nassau,—,Norwegian Cruise Line Holdings Limited,United States of America,NCL (Bahamas) Limited,United States of America,Norwegian Jewel Limited,Isle of Man,NCL (Bahamas) Limited,United States of America,—,—,—,—,NCL (Bahamas) Limited,United States of America,Wet,Hybrid,Yara International ASA,—,9304045,311827000,14616,19600,12V48/60B
passenger (cruise),354035,Norwegian Jade,Live,Bahamas,63906,2006,60'-100'gt,7500,Single,C6WK7,93558,668,Meyer Werft GmbH (Dormant),Papenburg,294.14,264.80,37.88,32.20,11.50,8.63,2.87,MAN Diesel AS,MAN Energy Solutions SE,NCL (Bahamas) Limited,United States of America,Nassau,—,Norwegian Cruise Line Holdings Limited,United States of America,NCL (Bahamas) Limited,United States of America,Pride of Hawaii LLC,United States of America,NCL (Bahamas) Limited,United States of America,—,—,—,—,NCL (Bahamas) Limited,United States of America,Wet,Hybrid,Yara International ASA,Retrofit,9304057,308416000,14914,20000,12V48/60B
passenger (cruise),354640,Aprigio Mota,Live,Unknown,—,2003,-2'gt,—,Single,—,43,—,—,"",—,—,—,—,—,—,—,—,Unknown Engine Designer,Unknown Owners,—,—,—,Unknown Owners,—,Unknown Owners,—,Unknown Owners,—,Unknown Owners,—,—,—,—,—,—,—,—,—,—,—,2801317,—,—,—,UNKNOWN
passenger (cruise),35477,Lyubov Orlova,Live,Unknown,1439,1976,2'-10'gt,1465,Double Bottom,E5U2246,4251,413,Brodogradiliste Tito,Mitrovica,100.02,90.00,16.24,—,7.00,4.65,2.35,Uljanik Brodogradiliste d.d.,B&W Diesel A/S,Unknown Owners,—,Avatiu,—,Unknown Owners,—,Unknown Owners,—,Unknown Owners,—,Unknown Owners,—,—,—,—,—,—,—,—,—,—,—,7391434,518296000,1969,2640,8M35BF-62
passenger (cruise),354787,Sovata,Live,Unknown,—,1961,Unknown size,—,Single,—,,—,—,"",24.00,—,—,—,—,—,—,—,Unknown Engine Designer,Unknown Owners,—,—,—,Unknown Owners,—,Unknown Owners,—,Itaca S.r.l.,Romania,Unknown Owners,—,—,—,—,—,—,—,—,—,—,—,—,—,—,—,UNKNOWN
passenger (cruise),354796,Grande Mariner,Live,U.S.A.,—,1998,-2'gt,409,Single,WCY6594,829,—,Blount Marine Corporation,"",56.64,44.71,45.00,11.89,—,15.50,—,—,Unknown Engine Designer,American Canadian Caribbean Line Incorporated,United States of America,Falling Waters,—,American Canadian Caribbean Line Incorporated,United States of America,American Canadian Caribbean Line Incorporated,United States of America,American Canadian Caribbean Line Incorporated,United States of America,American Canadian Caribbean Line Incorporated,United States of America,—,—,M.P. Leasing,United States of America,—,—,—,—,—,—,8978643,369024000,896,1202,3406TA
passenger (cruise),354890,El Gran Baron,Live,Colombia,—,2004,-2'gt,—,Single,—,7,—,—,"",—,—,—,—,—,—,—,—,Unknown Engine Designer,Unknown Owners,—,—,—,Unknown Owners,—,Unknown Owners,—,Unknown Owners,—,Unknown Owners,—,—,—,—,—,—,—,—,—,—,—,2802012,—,—,—,UNKNOWN
passenger (cruise),355092,Glenn Supply,Live,Honduras,53,1968,-2'gt,88,Single,—,154,130,Kanbara Zosen K.K.,Onomichi,30.00,28.00,9.02,9.00,2.21,1.37,0.84,Mitsubishi Heavy Industries Limited Shipbuilding,Unknown Engine Designer,PT Glenn Nusa Marine,Indonesia,San Lorenzo,—,PT Glenn Nusa Marine,Indonesia,PT Glenn Nusa Marine,Indonesia,PT Glenn Nusa Marine,Indonesia,PT Glenn Nusa Marine,Indonesia,—,—,—,—,—,—,—,—,—,—,6902224,—,224,300,6LU26G
passenger (cruise),355106,Atlantic Ocean,Live,Malta,182,1943,-2'gt,—,Single,9HBC,388,106,AS Moss Vaerft & Dokk,Moss,39.93,—,7.57,7.52,—,3.89,—,—,British Polar Engines Limited,SM & D. Company,Malta,Valletta,—,SM & D. Company,Malta,SM & D. Company,Malta,SM & D. Company,Malta,SM & D. Company,Malta,—,—,—,—,—,—,—,—,—,—,5091418,—,746,1000,M45M
passenger (cruise),35515,M.Uritskiy,Dead,Russia,2061,1959,2'-10'gt,1372,Single,—,4871,—,—,Wismar,122.00,—,16.00,—,10.30,5.20,5.10,—,Unknown Engine Designer,FESCO,—,—,—,—,—,—,—,—,—,—,—,—,—,—,—,—,—,—,—,—,—,5215997,—,3095,4150,UNKNOWN
passenger (cruise),355175,Swastik Vijaya,Live,India,26,2004,-2'gt,12,Single,—,40,-,Marman Engineering & Shipbuilding Private Limited,Mormugao,—,16.00,5.00,5.00,1.50,0.60,0.90,—,Unknown Engine Designer,Swastik Cruises,India,—,—,Swastik Cruises,India,Swastik Cruises,India,Swastik Cruises,India,Swastik Cruises,India,—,—,—,—,—,—,—,—,—,—,—,—,78,106,UNKNOWN
passenger (cruise),355248,Glory of Rome,Live,U.S.A.,7136,1998,10'-60'gt,14916,Single,WCY7890,20442,185,Service Marine Industries Incorporated,Morgan City,—,—,—,26.82,4.57,—,—,—,Unknown Engine Designer,RDI,United States of America,Bridgeport,—,RDI,United States of America,RDI,United States of America,Roman Holding Corporation of Indiana,United States of America,RDI,United States of America,Caesars Riverboat Casino,United States of America,—,—,—,—,—,—,—,—,—,—,5235,7020,12PC2-6V-400
passenger (cruise),355368,Seti The Great,Live,Egypt,—,1991,-2'gt,—,Single,—,867,503,Arab Contractors Marine Workshops,Helwan,—,—,—,—,—,—,—,—,Unknown Engine Designer,Seti First Atom Travel SAE,Arab Republic of Egypt,Cairo,—,Seti First Atom Travel SAE,Arab Republic of Egypt,Seti First Atom Travel SAE,Arab Republic of Egypt,Seti First Atom Travel SAE,Arab Republic of Egypt,Seti First Atom Travel SAE,Arab Republic of Egypt,—,—,—,—,—,—,—,—,—,—,—,—,224,300,3406TA
passenger (cruise),355371,Sonesta Nile Goddess,Live,Egypt,574,1990,-2'gt,251,Single,—,820,506,Arab Contractors Marine Workshops,Helwan,72.00,67.50,—,13.50,3.50,—,—,Volvo Penta AB,Volvo Penta AB,Sakkara Hotels Company,Arab Republic of Egypt,Cairo,—,Sakkara Hotels Company,Arab Republic of Egypt,Sakkara Hotels Company,Arab Republic of Egypt,Sakkara Hotels Company,Arab Republic of Egypt,Sakkara Hotels Company,Arab Republic of Egypt,—,—,—,—,—,—,—,—,—,—,—,—,283,380,TAMD122A
passenger (cruise),355374,Nile Maxim,Live,Egypt,—,1995,-2'gt,—,Single,—,810,831,United Engineers for Shipbuilding and Metallic Works Company,Giza,—,—,—,14.00,2.10,—,—,Caterpillar Incorporated,Caterpillar Incorporated,International Company for Tourist Projects,Arab Republic of Egypt,Cairo,—,International Company for Tourist Projects,Arab Republic of Egypt,International Company for Tourist Projects,Arab Republic of Egypt,International Company for Tourist Projects,Arab Republic of Egypt,International Company for Tourist Projects,Arab Republic of Egypt,—,—,—,—,—,—,—,—,—,—,—,—,294,394,3408
passenger (cruise),355375,Cheops III,Live,Egypt,—,1992,-2'gt,—,Single,—,808,510,Arab Contractors Marine Workshops,Helwan,—,—,—,13.40,3.60,—,—,Caterpillar Incorporated,Caterpillar Incorporated,Nile Company for Hotels & Nile Cruises,Arab Republic of Egypt,Cairo,—,Nile Company for Hotels & Nile Cruises,Arab Republic of Egypt,Nile Company for Hotels & Nile Cruises,Arab Republic of Egypt,Nile Company for Hotels & Nile Cruises,Arab Republic of Egypt,Nile Company for Hotels & Nile Cruises,Arab Republic of Egypt,—,—,—,—,—,—,—,—,—,—,—,—,351,471,3408
passenger (cruise),355424,Gurgen III,Dead,St. Vincent & Grenadines,69,1990,-2'gt,33,Single,—,230,25,"Ilyichyovskiy Sudoremontnyy Zavod im. ""50-letiya SSSR""",Chornomorsk,37.60,34.01,7.21,—,2.90,1.69,1.21,Zvezda JSC,Zvezda JSC,Gurgen T.,—,Kingstown,—,—,—,—,—,—,—,—,—,—,—,—,—,—,—,—,—,—,—,8835944,—,960,1306,M412
passenger (cruise),355520,Nile Commodore,Live,Egypt,—,1993,-2'gt,—,Single,—,774,603,—,"",—,—,—,—,—,—,—,—,Unknown Engine Designer,Presidential Nile Cruises,Arab Republic of Egypt,Cairo,—,Presidential Nile Cruises,Arab Republic of Egypt,Presidential Nile Cruises,Arab Republic of Egypt,Presidential Nile Cruises,Arab Republic of Egypt,Presidential Nile Cruises,Arab Republic of Egypt,—,—,—,—,—,—,—,—,—,—,—,—,224,300,3406TA
passenger (cruise),355528,Princess Amira,Live,Egypt,—,1989,-2'gt,—,Single,—,727,811,United Engineers for Shipbuilding and Metallic Works Company,Giza,—,—,—,12.00,3.60,—,—,Caterpillar Incorporated,Caterpillar Incorporated,Cataract Nile Cruises Company,Arab Republic of Egypt,Cairo,—,Cataract Nile Cruises Company,Arab Republic of Egypt,Cataract Nile Cruises Company,Arab Republic of Egypt,Cataract Nile Cruises Company,Arab Republic of Egypt,Cataract Nile Cruises Company,Arab Republic of Egypt,—,—,—,—,—,—,—,—,—,—,—,—,300,402,3408
passenger (cruise),355577,American Glory,Dead,U.S.A.,—,2002,-2'gt,—,Single,WDA8860,1148,—,Chesapeake Shipbuilding Incorporated,Salisbury MD (USA),51.20,—,—,13.10,3.04,—,—,—,Unknown Engine Designer,American C.,—,Wilmington,—,—,—,—,—,—,—,—,—,—,—,—,—,—,—,—,—,—,—,8972338,366858820,—,—,UNKNOWN
passenger (cruise),355580,American Eagle,Live,U.S.A.,—,2000,-2'gt,—,Single,WCZ9020,1148,—,Chesapeake Shipbuilding Incorporated,Salisbury MD (USA),50.30,—,—,12.20,3.04,—,—,—,Unknown Engine Designer,American Cruise Lines Incorporated,United States of America,—,—,American Cruise Lines Incorporated,United States of America,American Cruise Lines Incorporated,United States of America,American Cruise Lines Incorporated,United States of America,American Cruise Lines Incorporated,United States of America,—,—,—,—,—,—,—,—,—,—,8972340,—,588,789,10V2000M72
passenger (cruise),355617,Inguri,Live,Georgia,62,1988,-2'gt,31,Single,—,205,16,"Ilyichyovskiy Sudoremontnyy Zavod im. ""50-letiya SSSR""",Chornomorsk,38.10,32.64,7.21,6.90,2.90,1.69,1.21,Barnaultransmash Joint Stock Company,Barnaultransmash Joint Stock Company,Valeriy Dutselovych,Ukraine,Sukhumi,—,Valeriy Dutselovych,Ukraine,Valeriy Dutselovych,Ukraine,Valeriy Dutselovych,Ukraine,Paata Kopaleishvili,Republic of Georgia,—,—,—,—,—,—,—,—,—,—,8936803,—,324,435,3D6C
passenger (cruise),355647,Alice Austen,Live,U.S.A.,321,1986,-2'gt,—,Single,WTZ3864,500,N207A,Derecktor Shipyards,New York,59.99,59.99,—,12.27,4.88,—,—,—,Caterpillar Incorporated,City of New York,United States of America,New York,—,City of New York,United States of America,City of New York,United States of America,New York City Department of Transportation,United States of America,City of New York,United States of America,—,—,—,—,—,—,—,—,—,—,8643028,367000120,1156,1550,3516
passenger (cruise),355676,Nile Romance,Live,Egypt,—,1989,-2'gt,—,Single,—,715,702,Egyptian Shiprepairs & Building Company,Alexandria(EGY),—,—,—,12.00,3.50,—,—,Caterpillar Incorporated,Caterpillar Incorporated,Egyptian Company for Floating Hotels,Arab Republic of Egypt,Cairo,—,Egyptian Company for Floating Hotels,Arab Republic of Egypt,Egyptian Company for Floating Hotels,Arab Republic of Egypt,Egyptian Company for Floating Hotels,Arab Republic of Egypt,Egyptian Company for Floating Hotels,Arab Republic of Egypt,—,—,—,—,—,—,—,—,—,—,—,—,300,402,3408DITA
passenger (cruise),355677,Nephtis,Live,Egypt,487,1990,-2'gt,—,Single,—,697,504,Arab Contractors Marine Workshops,Helwan,71.15,66.20,—,12.40,3.35,—,—,Cummins Incorporated,Cummins Incorporated,MISR Travel Company,Germany,Cairo,—,MISR Travel Company,Germany,MISR Travel Company,Germany,MISR Travel Company,Germany,MISR Travel Company,Germany,—,—,—,—,—,—,—,—,—,—,—,—,257,345,NTA-855-M
passenger (cruise),355697,Captain Matthew Flinders,Live,Canada,523,1985,-2'gt,228,Single,CFA5889,746,9,North Arm Slipway Proprietary Limited,Adelaide,42.28,—,—,10.67,4.66,—,—,Crossley Marine Engines,Crossley Marine Engines,Unknown Owners,—,Toronto,—,Unknown Owners,—,Unknown Owners,—,2589200 Ontario Incorporated,Canada,Unknown Owners,—,—,—,—,—,—,—,—,—,—,—,8883355,—,328,440,HRN6
passenger (cruise),355716,Salacia,Live,Egypt,—,1990,-2'gt,—,Single,—,645,701,Egyptian Shiprepairs & Building Company,Alexandria(EGY),—,—,—,11.00,3.50,—,—,Kelvin Diesels PLC,Kelvin Diesels PLC,Trans Egypt Travel,Arab Republic of Egypt,Cairo,—,Trans Egypt Travel,Arab Republic of Egypt,Trans Egypt Travel,Arab Republic of Egypt,Trans Egypt Travel,Arab Republic of Egypt,Trans Egypt Travel,Arab Republic of Egypt,—,—,—,—,—,—,—,—,—,—,—,—,373,500,TBSC8
passenger (cruise),355989,Argosy VI,Live,U.S.A.,1200,1997,-2'gt,—,Single,WDD6105,1597,180,Service Marine Industries Incorporated,Amelia,—,—,—,26.82,4.57,—,—,—,Unknown Engine Designer,Argosy Casino & Hotel,United States of America,Louisville,—,Argosy Casino & Hotel,United States of America,Argosy Casino & Hotel,United States of America,Argosy Casino & Hotel,United States of America,Argosy Casino & Hotel,United States of America,—,—,—,—,—,—,—,—,—,—,—,—,224,300,3406TA
passenger (cruise),355991,Topaz,Live,Egypt,—,1992,-2'gt,—,Single,—,378,470,Canal Naval Constructions Company,Port Said,68.73,—,—,11.00,2.00,—,—,Iveco Motors,Unknown Engine Designer,MISR Travel Company,Germany,Cairo,—,MISR Travel Company,Germany,MISR Travel Company,Germany,MISR Travel Company,Germany,MISR Travel Company,Germany,—,—,—,—,—,—,—,—,—,—,—,—,246,330,NT-855-M
passenger (cruise),356013,Rita,Live,Papua New Guinea,106,1989,-2'gt,—,Single,—,356,255,Siong Huat Shipyard (Private) Limited,Singapore,33.93,—,—,8.04,3.05,—,—,—,Unknown Engine Designer,Lutheran Shipping Proprietary Limited,Papua New Guinea,Madang,—,Kambang Holding Proprietary Limited,Papua New Guinea,Lutheran Shipping Proprietary Limited,Papua New Guinea,Lutheran Shipping Proprietary Limited,Papua New Guinea,Lutheran Shipping Proprietary Limited,Papua New Guinea,—,—,—,—,—,—,—,—,—,—,8849517,—,186,250,16V-92-TA
passenger (cruise),356122,Skorpios II,Live,Chile,379,1989,-2'gt,286,Single,CBKP,1264,1,Astilleros Skorpios,Puerto Montt,70.00,64.80,—,10.00,4.20,2.90,1.30,—,Deutz AG,Naviera y Turismo Skorpios S.A.,Chile,Valparaiso,—,Naviera y Turismo Skorpios S.A.,Chile,Naviera y Turismo Skorpios S.A.,Chile,Naviera y Turismo Skorpios S.A.,Chile,Naviera y Turismo Skorpios S.A.,Chile,—,—,—,—,—,—,—,—,—,—,8006397,725002200,1079,1447,SBV6M628
passenger (cruise),356142,A'rosa Mia,Live,Germany,—,2003,2'-10'gt,260,Single,—,3600,-,Neptun Werft GmbH,Rostock,124.50,—,—,14.40,—,—,—,—,Unknown Engine Designer,Arkona AG,Germany,—,—,Arkona AG,Germany,Arkona AG,Germany,A-ROSA Flussschiff GmbH,Germany,Arkona AG,Germany,—,—,—,—,—,—,—,—,—,—,8979283,—,1825,2447,6M25
passenger (cruise),356143,A'rosa Riva,Live,Germany,—,2004,2'-10'gt,260,Single,—,3600,-,Neptun Werft GmbH,Rostock,124.50,—,—,14.40,—,—,—,—,Unknown Engine Designer,Arkona AG,Germany,—,—,Arkona AG,Germany,Arkona AG,Germany,A-ROSA Flussschiff GmbH,Germany,Arkona AG,Germany,—,—,—,—,—,—,—,—,—,—,8979295,—,1825,2447,6M25
passenger (cruise),356184,Suomenlinna II,Live,Finland,127,2004,-2'gt,381,Single,OJLE,329,ns301,Stocznia Marynarki Wojennej Shipbuilding,Gdynia,33.80,31.22,—,8.50,—,3.20,—,Volvo Penta AB,Volvo Penta AB,Suomenlinnan Liikenne OY,Finland,—,—,Suomenlinnan Liikenne OY,Finland,Suomenlinnan Liikenne OY,Finland,Suomenlinnan Liikenne OY,Finland,Suomenlinnan Liikenne OY,Finland,—,—,—,—,—,—,—,—,—,—,9315408,230985490,365,489,TAMD165A
passenger (cruise),356221,Sonesta Sun Goddess,Live,Egypt,—,1993,-2'gt,—,Single,—,985,521,Arab Contractors Marine Workshops,Helwan,—,—,—,13.80,3.75,—,—,Volvo Penta AB,Volvo Penta AB,Sakkara Hotels Company,Arab Republic of Egypt,Cairo,—,Sakkara Hotels Company,Arab Republic of Egypt,Sakkara Hotels Company,Arab Republic of Egypt,Sakkara Hotels Company,Arab Republic of Egypt,Sakkara Hotels Company,Arab Republic of Egypt,—,—,—,—,—,—,—,—,—,—,—,—,283,380,TAMD122A
passenger (cruise),356303,Opal,Live,Egypt,—,1994,-2'gt,—,Single,—,240,907,Egyptian Shiprepairs & Building Company,Alexandria(EGY),60.00,—,—,9.50,1.60,—,—,Cummins Incorporated,Cummins Incorporated,Egyptian Italian Company for Hotels & Touristic Establishments S.A.E.,Arab Republic of Egypt,Cairo,—,Egyptian Italian Company for Hotels & Touristic Establishments S.A.E.,Arab Republic of Egypt,Egyptian Italian Company for Hotels & Touristic Establishments S.A.E.,Arab Republic of Egypt,Egyptian Italian Company for Hotels & Touristic Establishments S.A.E.,Arab Republic of Egypt,Egyptian Italian Company for Hotels & Touristic Establishments S.A.E.,Arab Republic of Egypt,—,—,—,—,—,—,—,—,—,—,—,—,224,300,NT-855-M
passenger (cruise),356304,Turquoise,Live,Egypt,—,1994,-2'gt,—,Single,—,240,473,Canal Naval Constructions Company,Port Said,60.00,—,—,9.50,1.60,—,—,Cummins Incorporated,Cummins Incorporated,Egyptian Italian Company for Hotels & Touristic Establishments S.A.E.,Arab Republic of Egypt,Cairo,—,Egyptian Italian Company for Hotels & Touristic Establishments S.A.E.,Arab Republic of Egypt,Egyptian Italian Company for Hotels & Touristic Establishments S.A.E.,Arab Republic of Egypt,Egyptian Italian Company for Hotels & Touristic Establishments S.A.E.,Arab Republic of Egypt,Egyptian Italian Company for Hotels & Touristic Establishments S.A.E.,Arab Republic of Egypt,—,—,—,—,—,—,—,—,—,—,—,—,224,300,NT-855-M
passenger (cruise),356561,Ramona,Live,Egypt,—,1992,-2'gt,—,Single,—,416,817,United Engineers for Shipbuilding and Metallic Works Company,Giza,—,—,—,9.50,3.50,—,—,Caterpillar Incorporated,Unknown Engine Designer,Riad Floating Hotels,Arab Republic of Egypt,Cairo,—,Riad Floating Hotels,Arab Republic of Egypt,Riad Floating Hotels,Arab Republic of Egypt,Riad Floating Hotels,Arab Republic of Egypt,Riad Floating Hotels,Arab Republic of Egypt,—,—,—,—,—,—,—,—,—,—,—,—,187,251,NT-855-M
passenger (cruise),356779,Guan Zhong 3,Live,China,—,1950,Unknown size,—,Single,—,,—,—,"",—,—,—,—,—,—,—,—,Unknown Engine Designer,Unknown Owners,—,—,—,Unknown Owners,—,Unknown Owners,—,Unknown Owners,—,Unknown Owners,—,—,—,—,—,—,—,—,—,—,—,—,—,—,—,UNKNOWN
passenger (cruise),356837,Wilderness Adventurer,Live,U.S.A.,60,1983,-2'gt,—,Single,WDF6885,369,LB-250,Blount Marine Corporation,Warren(USA),39.88,39.88,—,10.52,2.95,—,—,—,Unknown Engine Designer,Innersea Discoveries LLC,United States of America,Falling Waters,—,Innersea Discoveries LLC,United States of America,Innersea Discoveries LLC,United States of America,Innersea Discoveries LLC,United States of America,Innersea Discoveries LLC,United States of America,—,—,—,—,—,—,—,—,—,—,8978667,367478830,—,—,3306PCTA
passenger (cruise),356898,River Empress,Live,Switzerland,—,2002,-2'gt,—,Single,—,403,—,—,"",110.00,—,11.40,—,—,1.20,—,—,Unknown Engine Designer,Uniworld River Cruises Incorporated,United States of America,—,—,Uniworld River Cruises Incorporated,United States of America,Uniworld River Cruises Incorporated,United States of America,River Empress GmbH,Germany,Uniworld River Cruises Incorporated,United States of America,—,—,—,—,—,—,—,—,—,—,8338207,—,—,—,4BT3.9
passenger (cruise),356900,SunCruz V,Live,U.S.A.,—,1996,-2'gt,—,Single,WDA9050,98,70,Chesapeake Shipbuilding Incorporated,"",48.76,—,—,—,—,—,—,—,Unknown Engine Designer,SunCruz Casinos,United States of America,—,—,SunCruz Casinos,United States of America,SunCruz Casinos,United States of America,SunCruz Casinos,United States of America,SunCruz Casinos,United States of America,—,—,—,—,—,—,—,—,—,—,—,366860890,—,—,UNKNOWN
passenger (cruise),356945,Bi Hai 3,Live,China,191,2004,-2'gt,33,Single,BKTG5,383,468,Wuhan Nanhua High Speed Ship Engineering Company Limited,Wuhan,48.30,43.00,7.20,7.20,3.30,1.48,1.82,Caterpillar Incorporated,Caterpillar Incorporated,Shengsi Tongzhou Passenger Shipping Company Limited,People's Republic of China,Zhoushan,—,Shengsi Tongzhou Passenger Shipping Company Limited,People's Republic of China,Shengsi Tongzhou Passenger Shipping Company Limited,People's Republic of China,Shengsi Tongzhou Passenger Shipping Company Limited,People's Republic of China,Shengsi Tongzhou Passenger Shipping Company Limited,People's Republic of China,—,—,—,—,—,—,—,—,—,—,9319935,412419370,3592,4817,3516B-HDDITA
passenger (cruise),357005,Brisas del Mar,Live,Colombia,—,2004,-2'gt,—,Single,—,5,—,—,"",—,—,—,—,—,—,—,—,Unknown Engine Designer,Unknown Owners,—,—,—,Unknown Owners,—,Unknown Owners,—,Unknown Owners,—,Unknown Owners,—,—,—,—,—,—,—,—,—,—,—,2803535,—,—,—,UNKNOWN
passenger (cruise),357013,Mary II,Live,Colombia,—,2004,-2'gt,—,Single,—,7,—,—,"",—,—,—,—,—,—,—,—,Unknown Engine Designer,Unknown Owners,—,—,—,Unknown Owners,—,Unknown Owners,—,Unknown Owners,—,Unknown Owners,—,—,—,—,—,—,—,—,—,—,—,2803602,—,—,—,UNKNOWN
passenger (cruise),357118,Tempest,Live,Bermuda,119,2004,-2'gt,167,Single,ZFU5868,174,7,North West Bay Ships Proprietary Limited,Margate(AUS),23.56,20.18,7.80,7.66,—,0.94,—,MTU Friedrichshafen GmbH,MTU Friedrichshafen GmbH,Department of Marine & Ports Services,Bermuda,Hamilton,—,Government of Bermuda,Bermuda,Department of Marine & Ports Services,Bermuda,Department of Marine & Ports Services,Bermuda,Department of Marine & Ports Services,Bermuda,—,—,—,—,—,—,—,—,—,—,9320271,310995868,532,714,8V2000M70
passenger (cruise),357119,Venturilla,Live,Bermuda,—,2004,-2'gt,167,Single,—,174,8,North West Bay Ships Proprietary Limited,Margate(AUS),23.30,20.18,7.80,7.66,—,0.94,—,MTU Friedrichshafen GmbH,MTU Friedrichshafen GmbH,Department of Marine & Ports Services,Bermuda,Hamilton,—,Government of Bermuda,Bermuda,Department of Marine & Ports Services,Bermuda,Department of Marine & Ports Services,Bermuda,Department of Marine & Ports Services,Bermuda,—,—,—,—,—,—,—,—,—,—,9320283,310995869,532,714,8V2000M70
passenger (cruise),357142,Douce France,Live,Belgium,65,1998,-2'gt,—,Single,ONAD,218,-,Alu Marine,France,42.20,37.75,16.00,15.40,3.15,—,2.07,Cummins Incorporated,Cummins Incorporated,Exmar N.V.,Belgium,Antwerp,—,Exmar N.V.,Belgium,Exmar N.V.,Belgium,Saverex N.V.,Belgium,Exmar Shipmanagement BV,Belgium,—,—,—,—,Exmar Shipmanagement BV,Belgium,—,—,—,—,8977285,205388000,224,304,QSB6.7-M
passenger (cruise),357201,Queen Victoria,Live,Bermuda,50618,2007,60'-100'gt,7685,Single,ZCEF3,90746,6127,Fincantieri-Cantieri Navali Italiani S.p.A. Venice,Venice,293.93,265.27,32.26,32.26,10.80,7.90,2.90,Fincantieri-Cantieri Navali Italiani S.p.A. Ancona,Sulzer Turbomachinery Services,Carnival plc,United Kingdom,Hamilton,—,Carnival Corporation,United States of America,Carnival plc,United Kingdom,Carnival plc,United Kingdom,Carnival plc,United Kingdom,—,—,—,—,Carnival plc,United Kingdom,Wet,Open Loop,Ecospray Technologies S.r.l.,Retrofit,9320556,310624000,16060,21537,16ZAV40S
passenger (cruise),357305,MSC Orchestra,Live,Panama,64360,2007,60'-100'gt,10096,Single,3EJF3,92409,R32,Chantiers de l'Atlantique,St. Nazaire,293.80,269.14,32.20,32.20,10.60,7.85,2.75,—,Unknown Engine Designer,MSC Crociere (Mediterranean Shipping Cruises) S.p.A.,Italy,Panama,—,Mediterranean Shipping Company S.A. (MSC),Switzerland,MSC Crociere (Mediterranean Shipping Cruises) S.p.A.,Italy,Orchestra Cruise Limited,Italy,MSC Cruise Management (UK) Limited,United Kingdom,—,—,—,—,MSC Cruise Management (UK) Limited,United Kingdom,Unknown,Unknown,Unknown Scrubber Manufacturer,—,9320099,372497000,17500,23468,LM2500+
passenger (cruise),357343,Costa Concordia,Dead,Italy,87196,2006,100'-150'gt,8900,Single,—,114147,6122,Sestri Cantieri Nav S.p.A.,Genoa,289.59,247.40,35.50,35.50,14.18,8.30,2.91,Fincantieri-Cantieri Navali Italiani S.p.A.,Wartsila Corporation,Costa Crociere,—,Genoa,—,—,—,—,—,—,—,—,—,—,—,—,—,—,—,—,—,—,—,9320544,—,12600,17131,12V46
passenger (cruise),357440,Poseidon,Live,Sweden,125,1961,-2'gt,120,Single,SKGV,346,—,—,Frederikshavn,40.49,35.51,8.82,8.51,3.10,2.30,0.80,—,Alpha Diesels A/S,Rederi AB Bohus Line,Sweden,Gothenburg,—,Rederi AB Bohus Line,Sweden,Rederi AB Bohus Line,Sweden,Rederi AB Bohus Line,Sweden,Rederi AB Bohus Line,Sweden,—,—,—,—,—,—,—,—,—,—,5201934,—,470,630,495R
passenger (cruise),357524,MSC Musica,Live,Panama,34360,2006,60'-100'gt,10012,Single,3EFK6,92409,Q32,Chantiers de l'Atlantique,St. Nazaire,293.80,269.14,32.20,32.20,10.60,7.85,2.75,Wartsila Italia S.p.A.,Wartsila Corporation,MSC Crociere (Mediterranean Shipping Cruises) S.p.A.,Italy,Panama,—,Mediterranean Shipping Company S.A. (MSC),Switzerland,MSC Crociere (Mediterranean Shipping Cruises) S.p.A.,Italy,Musica Cruise Limited,United Kingdom,MSC Cruise Management (UK) Limited,United Kingdom,—,—,—,—,MSC Cruise Management (UK) Limited,United Kingdom,Unknown,Unknown,Unknown Scrubber Manufacturer,—,9320087,352003000,17500,23468,16V38B
passenger (cruise),357601,Glacier Explorer,Live,U.S.A.,—,1996,-2'gt,29,Single,WCW6554,95,—,—,"",—,—,—,—,—,—,—,—,Unknown Engine Designer,Unknown Owners,—,—,—,Unknown Owners,—,Unknown Owners,—,Unknown Owners,—,Unknown Owners,—,—,—,—,—,—,—,—,—,—,—,—,—,—,—,UNKNOWN
passenger (cruise),357647,Rio Las Casas,Live,Cuba,95,2005,-2'gt,25,Single,CL2507,260,538301,Damex Shipbuilding & Engineering,Santiago(CUB),30.00,27.50,—,9.00,3.30,1.60,1.70,Caterpillar Incorporated,Caterpillar Incorporated,Intermar Clarion Shipping Company Limited,Cuba,—,—,Intermar Clarion Shipping Company Limited,Cuba,Intermar Clarion Shipping Company Limited,Cuba,Intermar Clarion Shipping Company Limited,Cuba,Intermar Clarion Shipping Company Limited,Cuba,—,—,—,—,—,—,—,—,—,—,9313981,323107110,831,1115,3412
passenger (cruise),357648,Rio Jucaro,Live,Cuba,95,2006,-2'gt,90,Single,CL2509,260,538302,Damex Shipbuilding & Engineering,Santiago(CUB),30.00,27.50,—,9.00,3.30,1.50,1.80,Caterpillar Incorporated,Unknown Engine Designer,Intermar Clarion Shipping Company Limited,Cuba,—,—,Intermar Clarion Shipping Company Limited,Cuba,Intermar Clarion Shipping Company Limited,Cuba,Intermar Clarion Shipping Company Limited,Cuba,Intermar Clarion Shipping Company Limited,Cuba,—,—,—,—,Intermar Clarion Shipping Company Limited,Cuba,—,—,—,—,9313993,—,820,1114,3412E-TA
passenger (cruise),3576918,River Princess,Live,Netherlands,—,2001,-2'gt,—,Single,PC 5495,35,—,—,"",110.00,—,—,11.40,—,1.20,—,—,—,Filia Rheni BV,Netherlands,—,—,Filia Rheni BV,Netherlands,Filia Rheni BV,Netherlands,Filia Rheni BV,Netherlands,Filia Rheni BV,Netherlands,—,—,—,—,—,—,—,—,—,—,—,244070801,—,—,—
passenger (cruise),357700,Viking Europe,Live,Germany,—,2001,Unknown size,—,Single,—,,—,—,"",—,—,—,—,—,—,—,—,Unknown Engine Designer,Viking Holding Limited,Bermuda,—,—,Viking Holding Limited,Bermuda,Viking Holding Limited,Bermuda,Viking Holding Limited,Bermuda,Viking Holding Limited,Bermuda,—,—,—,—,—,—,—,—,—,—,8643418,—,—,—,UNKNOWN
passenger (cruise),35772,Maxim M.,Dead,Bahamas,9426,1969,10'-60'gt,4759,Double Bottom,—,24220,997,Howaldtswerke-Deutsche Werft GmbH (HDW),Hamburg,194.72,169.91,26.62,26.57,11.20,8.27,2.93,AEG Aktiengesellschaft Fachbereich Schiffbau,Unknown Engine Designer,Indian Breakers,—,Nassau,—,—,—,—,—,—,—,—,—,—,—,—,—,—,—,—,—,—,—,6810627,—,8455,22659,UNKNOWN
passenger (cruise),357723,Zeus 1,Live,Brazil,—,2004,-2'gt,125,Single,—,900,-,Rodriquez Cantieri Brazil,Rio de Janeiro,—,—,—,—,—,—,—,—,Unknown Engine Designer,Barcas S/A Transportes Maritimos,Brazil,—,—,Barcas S/A Transportes Maritimos,Brazil,Barcas S/A Transportes Maritimos,Brazil,Barcas S/A Transportes Maritimos,Brazil,Barcas S/A Transportes Maritimos,Brazil,—,—,—,—,—,—,—,—,—,—,9271793,—,1065,1428,16V4000M70
passenger (cruise),357879,American Spirit,Live,U.S.A.,—,2004,-2'gt,—,Single,WDC4371,1200,82,Chesapeake Shipbuilding Incorporated,Salisbury MD (USA),65.22,—,13.87,—,3.25,—,—,—,Unknown Engine Designer,American Cruise Lines Incorporated,United States of America,Wilmington,—,American Cruise Lines Incorporated,United States of America,American Cruise Lines Incorporated,United States of America,American Cruise Lines Incorporated,United States of America,American Cruise Lines Incorporated,United States of America,—,—,—,—,—,—,—,—,—,—,9283124,367023690,—,—,10V2000M72
passenger (cruise),357919,Sea World,Live,Spain,257,2004,-2'gt,37,Single,ECHJ,444,272,Metalships & Docks SA,Vigo,33.37,—,—,10.00,4.00,—,—,MTU Friedrichshafen GmbH,MTU Friedrichshafen GmbH,Excursiones Maritimas Benidorm S.L.,Spain,—,—,Excursiones Maritimas Benidorm S.L.,Spain,Excursiones Maritimas Benidorm S.L.,Spain,Excursiones Maritimas Benidorm S.L.,Spain,Excursiones Maritimas Benidorm S.L.,Spain,—,—,—,—,—,—,—,—,—,—,9323273,224133620,1764,2366,12V4000M70
passenger (cruise),357964,Kinswell II,Live,Belize,123,2004,-2'gt,278,Single,V3YM8,294,-,—,China,51.50,45.00,—,5.60,—,1.25,—,Cummins Incorporated,Cummins Incorporated,Kinswell Shipping Lines Incorporated,Philippines,Belize City,—,Kinswell Marine Limited,"Hong Kong, S.A.R., China",Kinswell Shipping Lines Incorporated,Philippines,Greenbrier Company Limited,"Hong Kong, S.A.R., China",Kinswell Shipping Lines Incorporated,Philippines,—,—,—,—,—,—,—,—,—,—,9321835,—,221,296,NT-855-M
passenger (cruise),358299,Dalaro,Live,Sweden,118,2005,-2'gt,50,Single,SGER,686,61,Riga Shipyard,Riga,39.90,—,10.30,—,2.75,1.50,1.25,Mitsubishi Heavy Industries Limited Shipbuilding,Mitsubishi Heavy Industries Limited,Waxholms Angfartygs AB,Sweden,—,—,Waxholms Angfartygs AB,Sweden,Waxholms Angfartygs AB,Sweden,Waxholms Angfartygs AB,Sweden,Waxholms Angfartygs AB,Sweden,Viking Supply Ships AB,Sweden,—,—,—,—,—,—,—,—,9309174,265547840,336,450,S6R2-MPTA
passenger (cruise),358739,Princess Wakasa,Live,Japan,—,2005,-2'gt,589,Single,JD2026,1864,1033,Yamanishi Shipbuilding & Iron Works Incorporated,Ishinomaki,88.93,—,—,15.00,9.10,4.21,4.89,Daihatsu Diesel Manufacturing Company Limited,Daihatsu Diesel Manufacturing Company Limited,YK Nihon Kanko,Japan,Kagoshima,—,YK Nihon Kanko,Japan,YK Nihon Kanko,Japan,YK Nihon Kanko,Japan,YK Nihon Kanko,Japan,—,—,—,—,—,—,—,—,—,—,9326287,431602284,6618,4499,6DKM-36
passenger (cruise),358752,Saffari Djema,Live,Mayotte,—,2004,-2'gt,200,Single,FGD5243,335,2007,Societe D'Exploitation des Etablissements Merre (S.E.E.M.),Nort-sur-Erdre,49.00,38.00,—,12.00,3.00,1.61,1.38,ABB OY,ABB Azipod Oy,Service des Transports Maritimes de Mayotte (STM) (Collectivite Departementale De Mayotte),Mayotte,Dzaoudzi,—,Service des Transports Maritimes de Mayotte (STM) (Collectivite Departementale De Mayotte),Mayotte,Service des Transports Maritimes de Mayotte (STM) (Collectivite Departementale De Mayotte),Mayotte,Mayotte - Conseil General,Mayotte,Service des Transports Maritimes de Mayotte (STM) (Collectivite Departementale De Mayotte),Mayotte,—,—,—,—,Service des Transports Maritimes de Mayotte (STM) (Collectivite Departementale De Mayotte),Mayotte,—,—,—,—,9324887,660000420,166,904,M2CA
passenger (cruise),358783,Lesvos,Live,Turkiye,132,2004,-2'gt,180,Single,TCA2324,332,29,Surmene,Trabzon,41.80,36.65,—,9.00,2.98,2.25,0.73,—,Unknown Engine Designer,Turyol Deniz Ulasim Hizmetleri Sanayi ve Ticaret Anonim Sirketi,Turkiye,Istanbul,—,Turyol Deniz Ulasim Hizmetleri Sanayi ve Ticaret Anonim Sirketi,Turkiye,Turyol Deniz Ulasim Hizmetleri Sanayi ve Ticaret Anonim Sirketi,Turkiye,Turyol Deniz Ulasim Hizmetleri Sanayi ve Ticaret Anonim Sirketi,Turkiye,Turyol Deniz Ulasim Hizmetleri Sanayi ve Ticaret Anonim Sirketi,Turkiye,—,—,—,—,—,—,—,—,—,—,9323924,271010055,360,483,3406C-TA
passenger (cruise),359045,Pan Orama II,Live,Greece,126,2004,-2'gt,185,Single,SY4419,498,-,Koutalis-Kostergias O.E.,Perama,49.98,41.54,10.80,10.80,6.20,4.32,1.88,Caterpillar Incorporated,Caterpillar Incorporated,Pleasure Yachts Naftiliaki,Greece,Piraeus,—,Pleasure Yachts Naftiliaki,Greece,Pleasure Yachts Naftiliaki,Greece,Pantheon N.E.P.A,Greece,Pleasure Yachts Naftiliaki,Greece,—,—,—,—,Pleasure Yachts Naftiliaki,Greece,—,—,—,—,9325453,240201000,358,487,3408
passenger (cruise),359300,Asim Kaptan,Live,Turkiye,53,2004,-2'gt,54,Single,TCPZ4,175,411,Basaran Gemi Sanayi,Trabzon,—,28.53,—,7.20,3.00,2.82,0.18,Daewoo Heavy Industries & Machinery Limited,Daewoo Heavy Industries & Machinery Limited,Bodrum Express Lines,Turkiye,Izmir,—,Bodrum Express Lines,Turkiye,Bodrum Express Lines,Turkiye,Bodrum Express Lines,Turkiye,Bodrum Express Lines,Turkiye,—,—,—,—,—,—,—,—,—,—,9325867,271044079,149,200,L126TIM
passenger (cruise),3595244,Star of Palm Beach,Live,U.S.A.,66,1976,-2'gt,—,Single,WCZ4328,96,R-1,—,"",30.00,—,10.00,—,—,24.80,—,—,Unknown Engine Designer,Unknown Owners,—,Singer Island,—,Unknown Owners,—,Unknown Owners,—,Unknown Owners,—,Unknown Owners,—,—,—,—,—,—,—,—,—,—,—,—,367055930,—,—,UNKNOWN
passenger (cruise),360585,Niagara Prince,Live,U.S.A.,283,1994,-2'gt,340,Single,WCP6159,687,287,Blount Marine Corporation,Warren(USA),53.04,42.00,12.20,12.19,2.74,2.06,0.68,—,Unknown Engine Designer,American Canadian Caribbean Line Incorporated,United States of America,Boston,—,American Canadian Caribbean Line Incorporated,United States of America,American Canadian Caribbean Line Incorporated,United States of America,AC Leasing Corporation,United States of America,American Canadian Caribbean Line Incorporated,United States of America,—,—,—,—,—,—,—,—,—,—,8978629,369022000,224,300,3406TA
passenger (cruise),360694,Martha's Vineyard Express,Live,U.S.A.,233,2005,-2'gt,20,Single,WDC5128,233,-,Derecktor Shipyards,New York,—,—,—,8.53,3.35,—,—,MTU Friedrichshafen GmbH,MTU Friedrichshafen GmbH,New England Fast Ferry,United States of America,—,—,New England Fast Ferry,United States of America,New England Fast Ferry,United States of America,Interlake Leasing IV inc.,United States of America,New England Fast Ferry,United States of America,—,—,—,—,—,—,—,—,—,—,9329382,367036190,1065,1428,16V2000M70
passenger (cruise),360723,Douro Queen,Live,Portugal,584,2005,-2'gt,90,Single,CSXU6,1587,235,Estaleiros Navais de Viana do Castelo S.A.,Viana do Castelo,78.11,75.60,11.40,11.40,3.30,1.80,1.45,Deutz AG,Deutz MWM AG,Douro Azul S.A.,Portugal,Douro,—,Douro Azul S.A.,Portugal,Douro Azul S.A.,Portugal,Douro Azul S.A.,Portugal,Douro Azul S.A.,Portugal,—,—,—,—,Douro Azul S.A.,Portugal,—,—,—,—,9329356,263751340,618,829,TBD616V12
passenger (cruise),360724,Douro Cruiser,Live,Madeira,584,2005,-2'gt,126,Single,CSXU7,1587,234,Estaleiros Navais de Viana do Castelo S.A.,Viana do Castelo,78.11,75.60,11.40,11.40,3.30,1.80,1.50,Deutz AG,Deutz MWM AG,Douro Cruiser Schifffahrtsgesellschaft mbH & Co KG,Germany,Funchal,—,Douro Cruiser Schifffahrtsgesellschaft mbH & Co KG,Germany,Douro Cruiser Schifffahrtsgesellschaft mbH & Co KG,Germany,Douro Cruiser Schifffahrtsgesellschaft mbH & Co KG,Germany,Douro Azul S.A.,Portugal,—,—,—,—,Douro Azul S.A.,Portugal,—,—,—,—,9329344,255804680,610,829,TBD616V12
passenger (cruise),360761,Klondike Express,Live,U.S.A.,—,1999,-2'gt,25,Single,WCZ3282,81,—,—,"",—,—,—,10.36,3.05,—,—,—,Unknown Engine Designer,Unknown Owners,—,—,—,Unknown Owners,—,Unknown Owners,—,Unknown Owners,—,Unknown Owners,—,—,—,—,—,—,—,—,—,—,—,8642983,367020870,—,—,UNKNOWN
passenger (cruise),360791,Liberty of the Seas,Live,Bahamas,135083,2007,150'+ gt,14271,Single,C6VQ8,155889,1353,STX Finland OY - SEE NOW AS Arctech Helsinki Shipyard Incorporated,Turku,338.92,303.28,39.03,38.71,11.69,9.03,2.66,Wartsila Deutschland GmbH,Wartsila Corporation,Royal Caribbean Cruises Limited (RCL),United States of America,Nassau,—,Royal Caribbean Cruises Limited (RCL),United States of America,Royal Caribbean Cruises Limited (RCL),United States of America,Liberty of the Seas Incorporated,Liberia,Royal Caribbean Cruises Limited (RCL),United States of America,—,—,—,—,Royal Caribbean Cruises Limited (RCL),United States of America,Wet,Hybrid,Alfa Laval Aalborg A/S,Retrofit,9330032,309436000,12778,17136,12V46
passenger (cruise),360822,Candy Cotton,Live,U.S.A.,67,1997,-2'gt,—,Single,WDB5896,99,474,Swiftship Shipbuilders LLC,Morgan City,39.74,—,—,7.92,3.38,—,—,—,Unknown Engine Designer,Candy Cotton LLC,United States of America,New Orleans,—,Candy Cotton LLC,United States of America,Candy Cotton LLC,United States of America,Candy Cotton LLC,United States of America,Candy Cotton LLC,United States of America,—,—,—,—,—,—,—,—,—,—,—,—,—,—,UNKNOWN
passenger (cruise),360901,Piboy,Live,Colombia,—,2004,-2'gt,—,Single,—,6,—,—,"",—,—,—,—,—,—,—,—,Unknown Engine Designer,Unknown Owners,—,—,—,Unknown Owners,—,Unknown Owners,—,Unknown Owners,—,Unknown Owners,—,—,—,—,—,—,—,—,—,—,—,2866642,—,—,—,UNKNOWN
passenger (cruise),361441,Whaling City Express,Live,U.S.A.,232,2004,-2'gt,71,Single,WDH9965,232,4400,Derecktor Shipyards,New York,29.00,24.70,—,8.50,3.35,1.40,1.95,MTU Friedrichshafen GmbH,MTU Friedrichshafen GmbH,New England Fast Ferry,United States of America,New Bedford,—,New England Fast Ferry,United States of America,New England Fast Ferry,United States of America,Interlake Leasing IV inc.,United States of America,New England Fast Ferry,United States of America,—,—,—,—,—,—,—,—,—,—,9329370,367673370,1065,1428,16V2000M70
passenger (cruise),361468,Galactica 001,Live,Canada,163,1957,-2'gt,21,Single,—,67,—,—,"",—,—,—,6.04,1.92,—,—,—,Unknown Engine Designer,Unknown Owners,—,Toronto,—,Unknown Owners,—,Unknown Owners,—,Unknown Owners,—,Unknown Owners,—,—,—,—,—,—,—,—,—,—,—,—,—,—,—,UNKNOWN
passenger (cruise),3615798,Sjobris,Live,Sweden,—,1987,-2'gt,—,Single,SLXP,231,B63,Marinteknik Verkstads A/B,Oregrund,38.00,—,7.00,—,—,—,—,—,Unknown Engine Designer,Blidosundsbolaget,Sweden,—,—,Blidosundsbolaget,Sweden,Blidosundsbolaget,Sweden,Blidosundsbolaget,Sweden,Blidosundsbolaget,Sweden,—,—,—,—,—,—,—,—,—,—,8614443,265522700,—,—,DSI11
passenger (cruise),361603,Balea Subcat,Live,Spain,36,2004,-2'gt,—,Single,EA7401,42,202,—,Marin,19.50,—,6.00,6.00,1.50,—,—,—,Volvo Penta AB,Gran Azul Fuerteventura S.L.,Spain,Marin,—,Gran Azul Fuerteventura S.L.,Spain,Gran Azul Fuerteventura S.L.,Spain,Gran Azul Fuerteventura S.L.,Spain,Gran Azul Fuerteventura S.L.,Spain,—,—,—,—,—,—,—,—,—,—,—,—,268,360,TAMD41BK3
passenger (cruise),361738,Carnival Splendor,Live,Panama,85892,2008,100'-150'gt,11928,Single,3EUS,113573,6135,Sestri Cantieri Nav S.p.A.,Genoa,290.20,247.70,35.54,35.48,19.77,8.30,11.47,Fincantieri-Cantieri Navali Italiani S.p.A.,Wartsila Corporation,Carnival Corporation (Carnival Cruise Line),United States of America,Panama,—,Carnival Corporation,United States of America,Carnival Corporation (Carnival Cruise Line),United States of America,Carnival Corporation (Carnival Cruise Line),United States of America,Carnival Corporation (Carnival Cruise Line),United States of America,—,—,—,—,Carnival Corporation (Carnival Cruise Line),United States of America,—,—,—,—,9333163,372808000,12774,17130,12V46
passenger (cruise),361739,Carnival Freedom,Live,Panama,89152,2007,100'-150'gt,12870,Single,3EBL5,110556,6129,Sestri Cantieri Nav S.p.A.,Genoa,289.75,247.70,35.48,35.48,20.00,8.32,11.68,Fincantieri-Cantieri Navali Italiani S.p.A.,Sulzer Turbomachinery Services,Carnival Corporation (Carnival Cruise Line),United States of America,Panama,—,Carnival Corporation,United States of America,Carnival Corporation (Carnival Cruise Line),United States of America,Carnival Corporation (Carnival Cruise Line),United States of America,Carnival Corporation (Carnival Cruise Line),United States of America,—,—,—,—,Carnival Corporation (Carnival Cruise Line),United States of America,Unknown,Unknown,Unknown Scrubber Manufacturer,Retrofit,9333149,371154000,12166,16315,16ZAV40S
passenger (cruise),361740,Ventura,Live,Bermuda,85676,2007,100'-150'gt,8400,Single,ZCDT2,116017,6132,Fincantieri-Cantieri Navali Italiani S.p.A. Monfalcone,Monfalcone,289.61,242.28,50.50,36.03,36.00,8.45,27.55,Fincantieri-Cantieri Navali Italiani S.p.A.,Sulzer Turbomachinery Services,Carnival plc,United Kingdom,Hamilton,—,Carnival Corporation,United States of America,Carnival plc,United Kingdom,Carnival plc,United Kingdom,Carnival plc,United Kingdom,—,—,—,—,Carnival plc,United Kingdom,Unknown,Unknown,Damen Green Solutions,—,9333175,310562000,17038,22848,12ZAV40S
passenger (cruise),361741,Emerald Princess,Live,Bermuda,83575,2007,100'-150'gt,8400,Single,ZCDP8,113561,6131,Fincantieri-Cantieri Navali Italiani S.p.A. Monfalcone,Monfalcone,288.61,242.38,36.00,36.00,11.40,8.50,2.90,Fincantieri-Cantieri Navali Italiani S.p.A.,Sulzer Turbomachinery Services,Princess Cruise Lines Limited,United States of America,Hamilton,—,Carnival Corporation,United States of America,Princess Cruise Lines Limited,United States of America,Princess Cruise Lines Limited,United States of America,Princess Cruise Lines Limited,United States of America,—,—,—,—,Princess Cruise Lines Limited,United States of America,Unknown,Unknown,kpPlast,—,9333151,310531000,21000,19415,12ZAV40S
passenger (cruise),361894,Wasa Lejon,Live,Sweden,—,1946,-2'gt,—,Single,—,120,181,Kristiansands Mek. Verksted & Batbyggeri AS,Kristiansand,29.62,—,5.62,5.59,2.19,—,—,—,Unknown Engine Designer,Royal Stockholm Cruise Line AB,Sweden,Norrkoping,—,Royal Stockholm Cruise Line AB,Sweden,Royal Stockholm Cruise Line AB,Sweden,Royal Stockholm Cruise Line AB,Sweden,Royal Stockholm Cruise Line AB,Sweden,—,—,—,—,—,—,—,—,—,—,5148601,—,172,230,MD1081
passenger (cruise),362156,Mavi Karadeniz,Live,Turkiye,79,1988,-2'gt,100,Single,TC5876,307,62,Turkiye Gemi Sanayii A.S. Shipbuilding,Istanbul,49.13,44.62,—,8.97,3.15,—,—,—,Sulzer Turbomachinery Services,Trabzon Belediye Baskanligi,Turkiye,Istanbul,—,Trabzon Belediye Baskanligi,Turkiye,Trabzon Belediye Baskanligi,Turkiye,Trabzon Belediye Baskanligi,Turkiye,Trabzon Belediye Baskanligi,Turkiye,—,—,—,—,—,—,—,—,—,—,8615368,271002532,582,780,6AL20/24
passenger (cruise),362206,AIDAdiva,Live,Italy,42705,2007,60'-100'gt,8811,Single,ICDH,69203,S659,Meyer Werft GmbH (Dormant),Papenburg,251.89,226.55,—,32.20,9.60,7.30,2.30,Caterpillar Motoren GmbH & Company KG,Mak Motoren GmbH & Company KG,Costa Crociere S.p.A.,Italy,Genoa,—,Carnival Corporation,United States of America,Costa Crociere S.p.A.,Italy,Costa Crociere S.p.A.,Italy,Carnival Maritime GmbH,Germany,Aida Cruises German Branch of Costa Crociere SpA,Germany,—,—,Carnival Maritime GmbH,Germany,Unknown,Unknown,Ecospray Technologies S.r.l.,Retrofit,9334856,247187700,36000,12236,9M43
passenger (cruise),362207,Rossiya,Live,Russia,82,1958,-2'gt,—,Single,UBAS3,258,1439,Scheepswerf Boot-Leiden B.V.,Leiden,40.34,35.01,7.60,7.59,3.81,3.00,0.81,—,Unknown Engine Designer,Wind is our Friend C.V.,Netherlands,St. Petersburg,—,Wind is our Friend C.V.,Netherlands,Wind is our Friend C.V.,Netherlands,Wind is our Friend C.V.,Netherlands,Wind is our Friend C.V.,Netherlands,—,—,—,—,Rood Boven Groen,Netherlands,—,—,—,—,5156658,273444460,1119,1500,3ACA
passenger (cruise),362208,AIDAluna,Live,Italy,42705,2009,60'-100'gt,8654,Single,ICLP,69203,S660,Meyer Werft GmbH (Dormant),Papenburg,251.89,226.55,32.20,32.20,9.60,7.30,2.30,Caterpillar Motoren GmbH & Company KG,Unknown Engine Designer,Costa Crociere S.p.A.,Italy,Genoa,—,Carnival Corporation,United States of America,Costa Crociere S.p.A.,Italy,Costa Crociere S.p.A.,Italy,Carnival Maritime GmbH,Germany,Aida Cruises German Branch of Costa Crociere SpA,Germany,—,—,Carnival Maritime GmbH,Germany,Unknown,Unknown,Ecospray Technologies S.r.l.,Retrofit,9334868,247255400,36000,12236,9M43C
passenger (cruise),3623537,Vibero,Live,Sweden,—,2008,Unknown size,—,Single,—,,—,—,"",38.00,—,7.00,—,—,1.80,—,—,Unknown Engine Designer,Unknown Owners,—,—,—,Unknown Owners,—,Unknown Owners,—,Unknown Owners,—,Unknown Owners,—,—,—,—,—,—,—,—,—,—,—,—,—,2000,2681,8210M
passenger (cruise),362372,National Geographic Endeavour II,Live,Ecuador,838,2005,2'-10'gt,3996,Single,HC6113,2695,145,Astilleros y Servicios Navales S.A. (ASENAV),Valdivia,72.30,61.45,13.65,13.40,4.50,3.30,1.20,Cummins Incorporated,Cummins Incorporated,Lindblad Expeditions LLC,United States of America,Guayaquil,—,Lindblad Expeditions Holdings Incorporated,United States of America,Lindblad Expeditions LLC,United States of America,Metrohotel Compania Limitada,Ecuador,Lindblad Expeditions LLC,United States of America,—,—,—,—,Lindblad Expeditions LLC,United States of America,—,—,—,—,9334088,735059655,634,850,KTA-38
passenger (cruise),362402,Hydrofoil 1,Live,Italy,—,2014,-2'gt,136,Single,—,250,325,Rodriquez Cantieri Navale S.p.A.,Messina,37.25,33.30,—,8.00,3.50,—,—,MTU Friedrichshafen GmbH,MTU Friedrichshafen GmbH,Rodriquez Cantieri Navale S.p.A.,Italy,—,—,Rodriquez Cantieri Navale S.p.A.,Italy,Rodriquez Cantieri Navale S.p.A.,Italy,Rodriquez Cantieri Navale S.p.A.,Italy,Rodriquez Cantieri Navale S.p.A.,Italy,—,—,—,—,—,—,—,—,—,—,9332121,—,2320,3154,16V4000M70
passenger (cruise),362487,Aguirre,Live,Switzerland,—,2004,-2'gt,—,Single,—,15,—,—,"",—,—,—,—,—,—,—,—,Unknown Engine Designer,Unknown Owners,—,—,—,Unknown Owners,—,Unknown Owners,—,Unknown Owners,—,Unknown Owners,—,—,—,—,—,—,—,—,—,—,—,2867658,—,—,—,UNKNOWN
passenger (cruise),362497,Crysmi,Live,Colombia,—,2004,-2'gt,—,Single,—,4,—,—,"",—,—,—,—,—,—,—,—,Unknown Engine Designer,Unknown Owners,—,—,—,Unknown Owners,—,Unknown Owners,—,Unknown Owners,—,Unknown Owners,—,—,—,—,—,—,—,—,—,—,—,2867737,—,—,—,UNKNOWN
passenger (cruise),362503,Fotona,Live,Colombia,—,2004,-2'gt,—,Single,—,4,—,—,"",—,—,—,—,—,—,—,—,Unknown Engine Designer,Unknown Owners,—,—,—,Unknown Owners,—,Unknown Owners,—,Unknown Owners,—,Unknown Owners,—,—,—,—,—,—,—,—,—,—,—,2867799,—,—,—,UNKNOWN
passenger (cruise),362505,Insistencia,Live,Colombia,—,2004,-2'gt,—,Single,—,6,—,—,"",—,—,—,—,—,—,—,—,Unknown Engine Designer,Unknown Owners,—,—,—,Unknown Owners,—,Unknown Owners,—,Unknown Owners,—,Unknown Owners,—,—,—,—,—,—,—,—,—,—,—,2867804,—,—,—,UNKNOWN
passenger (cruise),362525,Miss Tata Dos,Live,Colombia,—,2004,-2'gt,—,Single,—,72,—,—,"",—,—,—,—,—,—,—,—,Unknown Engine Designer,Unknown Owners,—,—,—,Unknown Owners,—,Unknown Owners,—,Unknown Owners,—,Unknown Owners,—,—,—,—,—,—,—,—,—,—,—,2867878,—,—,—,UNKNOWN
passenger (cruise),362526,Nina Paula,Live,Colombia,—,2004,-2'gt,—,Single,—,7,—,—,"",—,—,—,—,—,—,—,—,Unknown Engine Designer,Unknown Owners,—,—,—,Unknown Owners,—,Unknown Owners,—,Unknown Owners,—,Unknown Owners,—,—,—,—,—,—,—,—,—,—,—,2867880,—,—,—,UNKNOWN
passenger (cruise),363068,Raw Faith,Dead,U.S.A.,—,2003,Unknown size,—,Single,—,,—,—,"",27.00,—,—,—,—,—,—,—,Unknown Engine Designer,McKay G.,—,—,—,—,—,—,—,—,—,—,—,—,—,—,—,—,—,—,—,—,—,—,—,—,—,UNKNOWN
passenger (cruise),363286,Texas Star,Live,U.S.A.,242,1977,-2'gt,450,Single,WDD3455,808,655,VT Halter Marine,Lockport,50.60,47.33,11.89,11.60,3.97,3.35,0.62,Detroit Diesel Corporation,General Motors Corporation,MPH Entertainment,United States of America,—,—,MPH Entertainment,United States of America,MPH Entertainment,United States of America,MPH Entertainment,United States of America,MPH Entertainment,United States of America,—,—,—,—,—,—,—,—,—,—,7722047,367131590,694,930,16V-149
passenger (cruise),363315,Baely,Live,Colombia,—,2004,-2'gt,—,Single,—,2,—,—,"",—,—,—,—,—,—,—,—,Unknown Engine Designer,Unknown Owners,—,—,—,Unknown Owners,—,Unknown Owners,—,Unknown Owners,—,Unknown Owners,—,—,—,—,—,—,—,—,—,—,—,2873097,—,—,—,UNKNOWN
passenger (cruise),363327,La Viviana,Live,Colombia,—,2004,-2'gt,—,Single,—,4,—,—,"",—,—,—,—,—,—,—,—,Unknown Engine Designer,Unknown Owners,—,—,—,Unknown Owners,—,Unknown Owners,—,Unknown Owners,—,Unknown Owners,—,—,—,—,—,—,—,—,—,—,—,2873164,—,—,—,UNKNOWN
passenger (cruise),363328,Laura Carolina II,Live,Colombia,—,2004,-2'gt,—,Single,—,2,—,—,"",—,—,—,—,—,—,—,—,Unknown Engine Designer,Unknown Owners,—,—,—,Unknown Owners,—,Unknown Owners,—,Unknown Owners,—,Unknown Owners,—,—,—,—,—,—,—,—,—,—,—,2873176,—,—,—,UNKNOWN
passenger (cruise),363345,Yeison,Live,Colombia,—,2004,-2'gt,—,Single,—,5,—,—,"",—,—,—,—,—,—,—,—,Unknown Engine Designer,Unknown Owners,—,—,—,Unknown Owners,—,Unknown Owners,—,Unknown Owners,—,Unknown Owners,—,—,—,—,—,—,—,—,—,—,—,2873308,—,—,—,UNKNOWN
passenger (cruise),36356,Lucky,Dead,Tuvalu,3612,1962,2'-10'gt,3300,Single,—,9821,104,Izar (Bilbao),Bilbao,145.60,132.01,18.60,18.60,8.31,5.54,2.77,B&W Diesel A/S,B&W Diesel A/S,Indian Breakers,—,Funafuti,—,—,—,—,—,—,—,—,—,—,—,—,—,—,—,—,—,—,—,5284780,—,3430,4600,8-50VTBF-110
passenger (cruise),363686,Tiger III,Dead,New Zealand,—,1985,-2'gt,—,Single,—,181,—,Hitachi Shipbuilding Corporation (Kawasaki),Kawasaki,—,—,—,—,—,—,—,—,Unknown Engine Designer,Unknown,—,Whangarei,—,—,—,—,—,—,—,—,—,—,—,—,—,—,—,—,—,—,—,9063330,—,1864,2500,UNKNOWN
passenger (cruise),363796,Rasa Rindu 1,Live,Malaysia,54,2004,-2'gt,—,Single,9MG16,142,142,P.T.Palindo,Tanjung Pinang,32.15,27.77,6.10,5.90,1.60,1.18,0.42,MAN Energy Solutions SE,MAN Energy Solutions SE,FD Premier Sendirian Berhad,Malaysia,Port Klang,—,FD Premier Sendirian Berhad,Malaysia,FD Premier Sendirian Berhad,Malaysia,FD Premier Sendirian Berhad,Malaysia,FD Premier Sendirian Berhad,Malaysia,—,—,—,—,—,—,—,—,—,—,9337999,533000115,761,1020,D2842LE
passenger (cruise),363797,Sejahtera 3,Live,Malaysia,73,2004,-2'gt,—,Single,9WFW9,161,0305,Jana Seribu Sendirian Berhad,Sibu,42.06,37.70,4.72,4.62,1.50,1.33,0.17,—,Unknown Engine Designer,Jetacorp Sendirian Berhad,Malaysia,Kuching,—,Jetacorp Sendirian Berhad,Malaysia,Jetacorp Sendirian Berhad,Malaysia,Jetacorp Sendirian Berhad,Malaysia,Jetacorp Sendirian Berhad,Malaysia,—,—,—,—,—,—,—,—,—,—,9338008,—,858,1150,6AYM-ETE
passenger (cruise),363992,Covadonga,Live,U.S.A.,—,1989,-2'gt,—,Single,WAH5646,87,—,—,"",—,—,—,8.93,1.80,—,—,—,Unknown Engine Designer,Unknown Owners,—,—,—,Unknown Owners,—,Unknown Owners,—,Unknown Owners,—,Unknown Owners,—,—,—,—,—,—,—,—,—,—,—,—,—,—,—,UNKNOWN
passenger (cruise),36406,Apollo,Dead,St. Vincent & Grenadines,13221,1961,10'-60'gt,9551,Single,—,28574,171,Vickers Shipbuilding & Engineering Limited,Barrow-in-Furness,198.13,182.89,26.50,26.37,14.64,8.84,5.80,—,Stork-Werkspoor Diesel B.V.,Indian Breakers,—,Kingstown,—,—,—,—,—,—,—,—,—,—,—,—,—,—,—,—,—,—,—,5103936,—,—,—,PAMETRADA TURBINE
passenger (cruise),364951,Sandhamn,Live,Sweden,218,2005,-2'gt,68,Single,SGEF,686,60,Riga Shipyard,Riga,39.80,37.20,10.46,—,4.40,2.85,1.55,Volvo Penta AB,Volvo Penta AB,Waxholms Angfartygs AB,Sweden,Vaxholm,—,Waxholms Angfartygs AB,Sweden,Waxholms Angfartygs AB,Sweden,Waxholms Angfartygs AB,Sweden,Waxholms Angfartygs AB,Sweden,Viking Supply Ships AB,Sweden,—,—,—,—,—,—,—,—,9309186,265547830,336,450,D12
passenger (cruise),3656447,Sonnie C.,Live,U.S.A.,64,1970,-2'gt,—,Single,WDD8527,95,—,Universal Iron Works Incorporated,"",—,—,—,—,—,—,—,—,Unknown Engine Designer,Unknown Owners,—,Morgan City,—,Unknown Owners,—,Unknown Owners,—,Unknown Owners,—,Unknown Owners,—,—,—,—,—,—,—,—,—,—,—,—,366682000,—,—,UNKNOWN
passenger (cruise),365659,Norwegian Pearl,Live,Bahamas,63887,2006,60'-100'gt,10000,Single,C6VG7,93530,669,Meyer Werft GmbH (Dormant),Papenburg,294.13,264.80,32.30,32.20,11.50,8.63,2.87,MAN Diesel AS,MAN Energy Solutions SE,NCL (Bahamas) Limited,United States of America,Nassau,—,Norwegian Cruise Line Holdings Limited,United States of America,NCL (Bahamas) Limited,United States of America,Norwegian Pearl Limited,Bahamas,NCL (Bahamas) Limited,United States of America,—,—,—,—,NCL (Bahamas) Limited,United States of America,Wet,Hybrid,Yara International ASA,Retrofit,9342281,309653000,14616,19600,12V48/60
passenger (cruise),365666,Costa Serena,Live,Italy,87196,2007,100'-150'gt,8900,Single,ICAZ,114261,6130,Fincantieri-Cantieri Navali Italiani S.p.A. Genoa,Genoa,289.59,247.40,35.50,35.50,14.18,8.30,2.91,—,Wartsila Corporation,Costa Crociere S.p.A.,Italy,Genoa,—,Carnival Corporation,United States of America,Costa Crociere S.p.A.,Italy,Costa Crociere S.p.A.,Italy,Carnival Maritime GmbH,Germany,—,—,—,—,Carnival Maritime GmbH,Germany,—,—,—,—,9343132,247187600,21000,14561,12V46
passenger (cruise),3657,Arm,Dead,Ukraine,2323,1963,2'-10'gt,1008,Single,—,5169,—,—,East Germany,122.00,—,16.00,—,7.60,5.30,2.30,—,MAN Energy Solutions SE,Black Sea S.,—,—,—,—,—,—,—,—,—,—,—,—,—,—,—,—,—,—,—,—,—,5024752,—,3095,4150,K6Z57/80C
passenger (cruise),365719,Coral Island 2,Live,Malaysia,55,2004,-2'gt,—,Single,9WFO4,134,32,Hung Seng Shipbuilding Sendirian Berhad,Sibu,41.42,36.76,—,4.28,1.50,1.37,0.13,Yanmar Diesel Engine Company Limited,Yanmar Diesel Engine Company Limited,Ekspres Bahagia (Langkawi) Sendirian Berhad,Malaysia,Kuching,—,Ekspres Bahagia (Langkawi) Sendirian Berhad,Malaysia,Ekspres Bahagia (Langkawi) Sendirian Berhad,Malaysia,Ekspres Bahagia (Langkawi) Sendirian Berhad,Malaysia,Ekspres Bahagia (Langkawi) Sendirian Berhad,Malaysia,—,—,—,—,—,—,—,—,—,—,9343039,—,618,829,6AYM-ETE
passenger (cruise),365909,Ismail Hakki Durusu,Live,Turkiye,208,1985,-2'gt,150,Single,TC4895,456,—,Halicioglu Tersanesi,"",58.20,55.93,—,10.60,3.60,2.40,1.20,—,Unknown Engine Designer,Istanbul Buyuksehir Belediye Baskanligi (Istanbul Metropolitan Municipality),Turkiye,Istanbul,—,Government of the Republic of Turkiye (Turkey),Turkiye,Istanbul Buyuksehir Belediye Baskanligi (Istanbul Metropolitan Municipality),Turkiye,Istanbul Buyuksehir Belediye Baskanligi (Istanbul Metropolitan Municipality),Turkiye,Istanbul Buyuksehir Belediye Baskanligi (Istanbul Metropolitan Municipality),Turkiye,Turkiye Denizcilik Isletmelari (Turkish Maritime Lines),Turkiye,—,—,Istanbul Sehir Hatlari Turizm Sanayi ve Ticaret Anonim Sirketi,Turkiye,—,—,—,—,7922922,271002517,582,780,6AL20/24
passenger (cruise),365919,Boqueron,Live,Colombia,—,2004,-2'gt,—,Single,—,4,—,—,"",—,—,—,—,—,—,—,—,Unknown Engine Designer,Unknown Owners,—,—,—,Unknown Owners,—,Unknown Owners,—,Unknown Owners,—,Unknown Owners,—,—,—,—,—,—,—,—,—,—,—,2877897,—,—,—,UNKNOWN
passenger (cruise),365931,Egeo,Live,Colombia,—,2004,-2'gt,—,Single,—,6,—,—,"",—,—,—,—,—,—,—,—,Unknown Engine Designer,Unknown Owners,—,—,—,Unknown Owners,—,Unknown Owners,—,Unknown Owners,—,Unknown Owners,—,—,—,—,—,—,—,—,—,—,—,2877964,—,—,—,UNKNOWN
passenger (cruise),365936,Eliana III,Live,Colombia,—,2005,-2'gt,—,Single,—,6,—,—,"",—,—,—,—,—,—,—,—,Unknown Engine Designer,Unknown Owners,—,—,—,Unknown Owners,—,Unknown Owners,—,Unknown Owners,—,Unknown Owners,—,—,—,—,—,—,—,—,—,—,—,2877990,—,—,—,UNKNOWN
passenger (cruise),365957,Maru,Live,Colombia,—,2004,-2'gt,—,Single,—,2,—,—,"",—,—,—,—,—,—,—,—,Unknown Engine Designer,Unknown Owners,—,—,—,Unknown Owners,—,Unknown Owners,—,Unknown Owners,—,Unknown Owners,—,—,—,—,—,—,—,—,—,—,—,2878140,—,—,—,UNKNOWN
passenger (cruise),36663,Marianna VI,Dead,Panama,7689,1951,10'-60'gt,6827,Single,—,14083,—,—,U.K.,163.00,146.31,21.34,21.34,11.16,7.65,3.51,Doxford Engines Limited,Doxford Engines Limited,Consolidated M.,—,Panama,144,—,—,—,—,—,—,—,—,—,—,—,—,—,—,—,—,—,—,5030878,—,3505,4700,DOXFORD DIESEL
passenger (cruise),366706,Chichagof Dream,Live,U.S.A.,511,1984,-2'gt,—,Single,WDH7126,1471,—,Jeffboat LLC,Jeffersonville,52.58,52.58,—,11.27,3.51,—,—,—,Unknown Engine Designer,Alaska Catamaran LLC,United States of America,Juneau,—,Alaska Catamaran LLC,United States of America,Alaska Catamaran LLC,United States of America,Alaska Catamaran LLC,United States of America,Alaska Catamaran LLC,United States of America,—,—,—,—,—,—,—,—,—,—,8883563,367645050,397,533,16V-149
passenger (cruise),366720,Regina Australe,Live,Argentina,—,2005,-2'gt,197,Single,LW5472,463,90,Astillero Naval Federico Contessi & Cia. S.A.,Mar del Plata,—,34.50,10.50,—,6.25,2.30,3.95,Caterpillar Incorporated,Caterpillar Incorporated,Astillero Naval Federico Contessi & Cia. S.A.,Argentina,—,—,Astillero Naval Federico Contessi & Cia. S.A.,Argentina,Astillero Naval Federico Contessi & Cia. S.A.,Argentina,Astillero Naval Federico Contessi & Cia. S.A.,Argentina,Astillero Naval Federico Contessi & Cia. S.A.,Argentina,—,—,—,—,—,—,—,—,—,—,9348314,701000575,756,1014,3412
passenger (cruise),366852,Fantasialmar,Live,Colombia,—,2005,-2'gt,—,Single,—,12,—,—,"",—,—,—,—,—,—,—,—,Unknown Engine Designer,Unknown Owners,—,—,—,Unknown Owners,—,Unknown Owners,—,Unknown Owners,—,Unknown Owners,—,—,—,—,—,—,—,—,—,—,—,2878607,—,—,—,UNKNOWN
passenger (cruise),366874,Skorpio II,Live,Colombia,—,2005,-2'gt,—,Single,—,4,—,—,"",—,—,—,—,—,—,—,—,Unknown Engine Designer,Unknown Owners,—,—,—,Unknown Owners,—,Unknown Owners,—,Unknown Owners,—,Unknown Owners,—,—,—,—,—,—,—,—,—,—,—,2878803,—,—,—,UNKNOWN
passenger (cruise),367026,Sta.Elena,Live,Philippines,—,1950,-2'gt,—,Single,—,200,—,—,"",—,—,—,—,—,—,—,—,Unknown Engine Designer,Unknown Owners,—,—,—,Unknown Owners,—,Unknown Owners,—,Unknown Owners,—,Unknown Owners,—,—,—,—,—,—,—,—,—,—,—,—,—,172,231,8V-71-N
passenger (cruise),367166,River Duchess,Live,Switzerland,—,2003,-2'gt,—,Single,—,1053,-,—,Netherlands,—,—,—,—,—,—,—,—,Unknown Engine Designer,Uniworld River Cruises Incorporated,United States of America,—,—,Uniworld River Cruises Incorporated,United States of America,Uniworld River Cruises Incorporated,United States of America,Global River Cruises,Switzerland,Uniworld River Cruises Incorporated,United States of America,—,—,—,—,—,—,—,—,—,—,8338984,—,—,—,KTA-38-M1
passenger (cruise),367344,Independence of the Seas,Live,Bahamas,135083,2008,150'+ gt,10500,Single,C6WW4,155889,1354,STX Finland OY - SEE NOW AS Arctech Helsinki Shipyard Incorporated,Turku,338.72,303.17,39.03,38.60,11.69,8.80,2.89,Wartsila Deutschland GmbH,Wartsila Corporation,Royal Caribbean Cruises Limited (RCL),United States of America,Nassau,—,Royal Caribbean Cruises Limited (RCL),United States of America,Royal Caribbean Cruises Limited (RCL),United States of America,Independence of The Seas Incorporated,Bahamas,Royal Caribbean Cruises Limited (RCL),United States of America,—,—,—,—,Royal Caribbean Cruises Limited (RCL),United States of America,Wet,Hybrid,Alfa Laval Aalborg A/S,Retrofit,9349681,309374000,12778,17136,12V46
passenger (cruise),367397,Nathaniel Bowditch,Live,U.S.A.,67,1994,-2'gt,—,Single,WDD7716,99,—,Gladding-Hearn SB. Duclos Corporation,"",28.10,—,—,9.11,2.95,1.31,1.64,—,Unknown Engine Designer,Unknown Owners,—,Salem,—,Unknown Owners,—,Unknown Owners,—,Unknown Owners,—,Unknown Owners,—,—,—,—,—,—,—,—,—,—,—,—,—,—,—,UNKNOWN
passenger (cruise),367628,Yong Gang Huan Zhi,Live,China,41,1998,-2'gt,15,Single,—,137,—,—,Zhoushan,33.40,31.00,—,6.24,3.15,1.54,1.61,Cummins Incorporated,Cummins Incorporated,Ningbo Port Administration Bureau - Ministry of Communications,People's Republic of China,Ningbo,—,"Government of China, (The People's Republic of)",People's Republic of China,Ningbo Port Administration Bureau - Ministry of Communications,People's Republic of China,Ningbo Port Administration Bureau - Ministry of Communications,People's Republic of China,Ningbo Port Administration Bureau - Ministry of Communications,People's Republic of China,—,—,—,—,—,—,—,—,—,—,8955354,—,882,882,KTA-38
passenger (cruise),368386,Rene'I,Dead,U.S.A.,66,1980,-2'gt,—,Single,—,98,—,—,"",31.20,—,7.38,—,—,—,—,—,Unknown Engine Designer,Unknown Owners,—,—,—,—,—,—,—,—,—,—,—,—,—,—,—,—,—,—,—,—,—,—,—,—,—,UNKNOWN
passenger (cruise),369226,Spirit of Kingston,Live,U.S.A.,47,2005,-2'gt,21,Single,WDG9181,70,-,All American Marine,Bellingham,22.00,—,—,7.80,—,0.90,—,Detroit Chile S.A.,B&W Diesel A/S,Four Seasons Marine Services Corporation,United States of America,Juneau,—,Four Seasons Marine Services Corporation,United States of America,Four Seasons Marine Services Corporation,United States of America,Four Seasons Marine Services Corporation,United States of America,Four Seasons Marine Services Corporation,United States of America,—,—,—,—,—,—,—,—,—,—,9351397,338754000,559,750,60I4L
passenger (cruise),369247,Sea Quest,Live,Australia,—,2004,-2'gt,—,Single,—,120,-,New Wave Catamarans Proprietary Limited,Brisbane,23.50,21.65,—,7.50,—,1.75,—,MTU Friedrichshafen GmbH,MTU Friedrichshafen GmbH,Deep Sea Divers Den,Australia,Cairns,—,Deep Sea Divers Den,Australia,Deep Sea Divers Den,Australia,Deep Sea Divers Den,Australia,Deep Sea Divers Den,Australia,—,—,—,—,—,—,—,—,—,—,9351402,—,745,999,12V183TE72
passenger (cruise),369633,Condor Express,Live,U.S.A.,44,2002,-2'gt,—,Single,WDA7094,56,-,All American Marine,Bellingham,21.67,—,8.11,7.80,2.19,0.90,1.29,—,Unknown Engine Designer,H.& M. Landing Incorporated,United States of America,—,—,H.& M. Landing Incorporated,United States of America,H.& M. Landing Incorporated,United States of America,H.& M. Landing Incorporated,United States of America,H.& M. Landing Incorporated,United States of America,—,—,—,—,—,—,—,—,—,—,9351385,—,559,750,UNKNOWN
passenger (cruise),369766,Wyandot,Live,U.S.A.,56,1979,-2'gt,—,Single,WCY2616,83,28,—,U.S.A.,23.00,—,—,6.10,2.35,—,—,—,Unknown Engine Designer,Shepler's Incorporated,United States of America,—,—,Shepler's Incorporated,United States of America,Shepler's Incorporated,United States of America,Shepler's Incorporated,United States of America,Shepler's Incorporated,United States of America,—,—,—,—,—,—,—,—,—,—,—,—,—,—,UNKNOWN
passenger (cruise),369767,Prince of Patuakhali,Dead,Bangladesh,—,1982,Unknown size,—,Single,—,,—,—,"",—,—,—,—,—,—,—,—,Unknown Engine Designer,Khan Shahjahan,—,—,—,—,—,—,—,—,—,—,—,—,—,—,—,—,—,—,—,—,—,—,—,—,—,UNKNOWN
passenger (cruise),369913,Norwegian Gem,Live,Bahamas,63887,2007,60'-100'gt,10000,Single,C6VG8,93530,670,Meyer Werft GmbH (Dormant),Papenburg,294.13,263.50,37.50,32.20,11.50,8.63,2.87,MAN Diesel AS,MAN Energy Solutions SE,NCL (Bahamas) Limited,United States of America,Nassau,—,Norwegian Cruise Line Holdings Limited,United States of America,NCL (Bahamas) Limited,United States of America,Norwegian Gem Limited,Bermuda,NCL (Bahamas) Limited,United States of America,—,—,—,—,NCL (Bahamas) Limited,United States of America,Wet,Hybrid,Yara International ASA,—,9355733,309951000,14616,19600,12V48/60
passenger (cruise),369992,Granville,Live,France,213,2006,-2'gt,26,Single,FAC8696,322,82,Damen Shipyards Singapore Private Limited,Singapore,41.00,35.95,8.30,7.99,3.00,1.09,1.90,Caterpillar Incorporated,Caterpillar Incorporated,Departement de la Manche,France,Marseilles,—,Departement de la Manche,France,Departement de la Manche,France,Departement de la Manche,France,Departement de la Manche,France,—,—,—,—,Departement de la Manche,France,—,—,—,—,9356476,227289650,903,1227,C32
passenger (cruise),370027,Catalina de Indias III,Live,Colombia,—,2005,-2'gt,—,Single,—,7,—,—,"",—,—,—,—,—,—,—,—,Unknown Engine Designer,Unknown Owners,—,—,—,Unknown Owners,—,Unknown Owners,—,Unknown Owners,—,Unknown Owners,—,—,—,—,—,—,—,—,—,—,—,—,—,—,—,UNKNOWN
passenger (cruise),370098,El Gran Cagua,Live,Colombia,—,2005,-2'gt,—,Single,—,5,—,—,"",—,—,—,—,—,—,—,—,Unknown Engine Designer,Unknown Owners,—,—,—,Unknown Owners,—,Unknown Owners,—,Unknown Owners,—,Unknown Owners,—,—,—,—,—,—,—,—,—,—,—,—,—,—,—,UNKNOWN
passenger (cruise),370105,Lord of the Lord,Live,Colombia,—,2005,-2'gt,—,Single,—,8,—,—,"",—,—,—,—,—,—,—,—,Unknown Engine Designer,Unknown Owners,—,—,—,Unknown Owners,—,Unknown Owners,—,Unknown Owners,—,Unknown Owners,—,—,—,—,—,—,—,—,—,—,—,—,—,—,—,UNKNOWN
passenger (cruise),370109,Nina Yuliza,Live,Colombia,—,2005,-2'gt,—,Single,—,2,—,—,"",—,—,—,—,—,—,—,—,Unknown Engine Designer,Unknown Owners,—,—,—,Unknown Owners,—,Unknown Owners,—,Unknown Owners,—,Unknown Owners,—,—,—,—,—,—,—,—,—,—,—,—,—,—,—,UNKNOWN
passenger (cruise),37050,Heng Li,Dead,St. Vincent & Grenadines,7284,1953,10'-60'gt,6500,Single,—,16653,—,—,U.S.A.,171.00,—,23.30,—,17.20,8.90,8.30,—,Semt Pielstick SA,Beihai H.,—,Kingstown,—,—,—,—,—,—,—,—,—,—,—,—,—,—,—,—,—,—,—,5225370,—,5369,7200,16PC2-2V-400
passenger (cruise),370581,Haleluya,Live,Belgium,—,2005,-2'gt,—,Single,—,80,—,—,"",—,—,—,—,—,—,—,—,Unknown Engine Designer,Unknown Owners,—,—,—,Unknown Owners,—,Unknown Owners,—,Unknown Owners,—,Unknown Owners,—,—,—,—,—,—,—,—,—,—,—,—,—,—,—,UNKNOWN
passenger (cruise),370630,Triton Alfa,Live,Colombia,—,2005,-2'gt,—,Single,—,13,—,—,"",—,—,—,—,—,—,—,—,Unknown Engine Designer,Unknown Owners,—,—,—,Unknown Owners,—,Unknown Owners,—,Unknown Owners,—,Unknown Owners,—,—,—,—,—,—,—,—,—,—,—,—,—,—,—,UNKNOWN
passenger (cruise),370830,S.Lunardo,Live,Italy,—,1977,-2'gt,—,Single,—,89,—,—,"",30.15,27.90,—,1.81,5.50,—,—,—,Unknown Engine Designer,Unknown Owners,—,Venice,—,Unknown Owners,—,Unknown Owners,—,Blu Verderame Sas di Trevisan Marzia & C.,Italy,Unknown Owners,—,—,—,—,—,—,—,—,—,—,—,—,—,140,188,UNKNOWN
passenger (cruise),370842,Alilaguna 9,Live,Italy,17,1986,-2'gt,—,Single,—,25,—,Studioplast S.r.l.,Venice,21.50,19.90,3.40,—,2.00,—,—,Iveco Motors,Unknown Engine Designer,Unknown Owners,—,Venice,—,Unknown Owners,—,Unknown Owners,—,Alivenezia Motoscafi Soc. Coop. Arl,Italy,Unknown Owners,—,—,—,—,—,—,—,—,—,—,—,—,—,324,434,UNKNOWN
passenger (cruise),371140,MSC Fantasia,Live,Panama,107916,2008,100'-150'gt,12681,Single,3ETR7,137936,A33,Chantiers de l'Atlantique,St. Nazaire,333.33,296.00,—,37.92,—,8.65,3.46,Converteam Limited,Alstom Sao Paulo,MSC Crociere (Mediterranean Shipping Cruises) S.p.A.,Italy,Panama,—,Mediterranean Shipping Company S.A. (MSC),Switzerland,MSC Crociere (Mediterranean Shipping Cruises) S.p.A.,Italy,Fantasia Cruise Limited,United Kingdom,MSC Cruise Management (UK) Limited,United Kingdom,—,—,—,—,MSC Cruise Management (UK) Limited,United Kingdom,Unknown,Unknown,Yara International ASA,—,9359791,370648000,20200,27089,M3HXD300-160-14
passenger (cruise),371141,MSC Splendida,Live,Panama,107916,2009,100'-150'gt,12429,Single,3FZI8,137936,B33,Chantiers de l'Atlantique,St. Nazaire,333.33,296.00,50.00,37.92,—,8.65,3.48,Wartsila Corporation,Wartsila Corporation,MSC Crociere (Mediterranean Shipping Cruises) S.p.A.,Italy,Panama,—,Mediterranean Shipping Company S.A. (MSC),Switzerland,MSC Crociere (Mediterranean Shipping Cruises) S.p.A.,Italy,Splendida Cruise Limited,United Kingdom,MSC Cruise Management (UK) Limited,United Kingdom,—,—,—,—,MSC Cruise Management (UK) Limited,United Kingdom,Unknown,Unknown,Yara International ASA,—,9359806,357698000,20200,27446,16V46C
passenger (cruise),37125,Sampaguita Ferry 2,Live,Philippines,1439,1975,2'-10'gt,1465,Single,DUJA8,4251,407,Brodogradiliste Tito,Mitrovica,100.00,—,16.20,—,7.00,4.70,2.30,Uljanik Brodogradiliste d.d.,B&W Diesel A/S,Sampaguita Shipping Corporation,Philippines,—,—,Sampaguita Shipping Corporation,Philippines,Sampaguita Shipping Corporation,Philippines,Sampaguita Shipping Corporation,Philippines,Sampaguita Shipping Corporation,Philippines,—,—,—,—,—,—,—,—,—,—,7391410,—,1969,2640,8-35VF-62
passenger (cruise),37130,Mariya Yermolova,Live,Russia,1480,1974,2'-10'gt,1465,Single,UDET,4364,406,Brodogradiliste Tito,Mitrovica,100.02,90.00,16.24,16.20,7.00,4.65,2.35,Uljanik Brodogradiliste d.d.,B&W Diesel A/S,Caspian Cruise Lines Shipping Company,Russian Federation,Astrakhan,—,Caspian Cruise Lines Shipping Company,Russian Federation,Caspian Cruise Lines Shipping Company,Russian Federation,Caspian Cruise Lines Shipping Company,Russian Federation,Caspian Cruise Lines Shipping Company,Russian Federation,—,—,—,—,—,—,—,—,—,—,7367524,273157600,1969,2640,8M35BF-62
passenger (cruise),371713,Kosterbris,Live,Sweden,81,2005,-2'gt,22,Single,SDYZ,232,521,Oma Baatbyggeri A/S,Stord,25.75,—,—,9.00,3.40,—,—,SAAB-Scania A/B,SAAB-Scania A/B,Unknown Owners,—,Koster,—,Unknown Owners,—,Unknown Owners,—,Unknown Owners,—,Unknown Owners,—,—,—,—,—,—,—,—,—,—,—,9358747,265760610,558,748,DI16M
passenger (cruise),371899,Antarctic Dream,Live,St. Kitts-Nevis,656,1959,2'-10'gt,2785,Single,V4OT4,2180,552,Haarlemsche Scheepsbouw Mij. N.V.,Haarlem,82.00,73.78,11.90,11.00,7.40,4.40,3.00,—,Unknown Engine Designer,The Sinbad Navigation Company DMCC,United Arab Emirates,—,—,The Sinbad Navigation Company DMCC,United Arab Emirates,The Sinbad Navigation Company DMCC,United Arab Emirates,Antarctic Dream Shipping Private Limited,Republic of Singapore,The Sinbad Navigation Company DMCC,United Arab Emirates,—,—,—,—,The Sinbad Navigation Company DMCC,United Arab Emirates,—,—,—,—,5278432,341331000,—,—,7-42VT2BF-90
passenger (cruise),372029,Guan Guang,Dead,Unknown,—,1951,Unknown size,—,Single,—,,—,—,"",—,—,—,—,—,—,—,—,Unknown Engine Designer,Chien-kun,—,—,—,—,—,—,—,—,—,—,—,—,—,—,—,—,—,—,—,—,—,—,—,—,—,UNKNOWN
passenger (cruise),372166,Alcor,Live,Italy,20,2004,-2'gt,11,Single,—,30,—,—,Italy,14.98,14.98,4.22,—,—,—,—,—,Unknown Engine Designer,Mizar S.r.l.,Italy,—,—,Mizar S.r.l.,Italy,Mizar S.r.l.,Italy,Mizar S.r.l.,Italy,Mizar S.r.l.,Italy,—,—,—,—,—,—,—,—,—,—,—,—,—,—,UNKNOWN
passenger (cruise),372174,La Fenice III,Live,Italy,11,1976,-2'gt,—,Single,—,24,—,—,Italy,18.35,15.38,4.66,4.66,1.79,—,—,—,Unknown Engine Designer,Alilaguna Srl,Italy,Venice,—,Alilaguna Srl,Italy,Alilaguna Srl,Italy,Alilaguna Srl,Italy,Alilaguna Srl,Italy,—,—,—,—,—,—,—,—,—,—,—,—,—,—,UNKNOWN
passenger (cruise),372291,Leisure Lady,Live,U.S.A.,—,1984,-2'gt,—,Single,WDB5757,88,—,—,"",—,—,—,—,—,—,—,—,Unknown Engine Designer,Unknown Owners,—,—,—,Unknown Owners,—,Unknown Owners,—,Unknown Owners,—,Unknown Owners,—,—,—,—,—,—,—,—,—,—,—,—,—,—,—,UNKNOWN
passenger (cruise),372418,Celebrity Solstice,Live,Malta,82363,2008,100'-150'gt,9500,Single,9HRJ9,121878,675,Meyer Werft GmbH (Dormant),Papenburg,317.19,293.58,36.90,36.79,11.30,8.30,3.00,Wartsila Finland oy,Wartsila Corporation,Celebrity Cruises Incorporated,United States of America,Valletta,—,Royal Caribbean Cruises Limited (RCL),United States of America,Celebrity Cruises Incorporated,United States of America,Celebrity Solstice Incorporated,Malta,RCL Cruises Limited,United Kingdom,—,—,—,—,RCL Cruises Limited,United Kingdom,Unknown,Unknown,Unknown Scrubber Manufacturer,Retrofit,9362530,249409000,14478,19415,16V46
passenger (cruise),372420,AIDAbella,Live,Italy,42705,2008,60'-100'gt,8765,Single,ICGS,69203,S666,Meyer Werft GmbH (Dormant),Papenburg,251.89,225.00,35.00,32.20,9.60,7.30,2.30,Caterpillar Motoren GmbH & Company KG,Mak Motoren GmbH & Company KG,Costa Crociere S.p.A.,Italy,Genoa,—,Carnival Corporation,United States of America,Costa Crociere S.p.A.,Italy,Costa Crociere S.p.A.,Italy,Carnival Maritime GmbH,Germany,—,—,—,—,Carnival Maritime GmbH,Germany,Unknown,Unknown,Unknown Scrubber Manufacturer,Retrofit,9362542,247229700,12500,12236,9M43
passenger (cruise),372472,Solemar II,Live,Italy,169,1980,-2'gt,—,Single,—,249,—,—,Venice,19.38,19.20,—,3.90,1.33,—,—,Iveco Motors,Fiat Avio SpA,Alilaguna Srl,Italy,Venice,—,Alilaguna Srl,Italy,Alilaguna Srl,Italy,Alilaguna Srl,Italy,Alilaguna Srl,Italy,—,—,—,—,—,—,—,—,—,—,—,—,324,434,821M
passenger (cruise),373425,La Katty II,Live,Colombia,—,2005,-2'gt,—,Single,—,5,—,—,"",—,—,—,—,—,—,—,—,Unknown Engine Designer,Unknown Owners,—,—,—,Unknown Owners,—,Unknown Owners,—,Unknown Owners,—,Unknown Owners,—,—,—,—,—,—,—,—,—,—,—,—,—,—,—,UNKNOWN
passenger (cruise),373428,Mi Sebas,Live,Colombia,—,2005,-2'gt,—,Single,—,5,—,—,"",—,—,—,—,—,—,—,—,Unknown Engine Designer,Unknown Owners,—,—,—,Unknown Owners,—,Unknown Owners,—,Unknown Owners,—,Unknown Owners,—,—,—,—,—,—,—,—,—,—,—,—,—,—,—,UNKNOWN
passenger (cruise),373490,Viking Sun,Live,Germany,—,2005,-2'gt,—,Single,DB2281,192,700,IHC Merwede Shipyard B.V.,Hardinxveld,131.80,124.80,11.40,—,—,2.00,—,Caterpillar Incorporated,Caterpillar Incorporated,Viking Holding Limited,Bermuda,—,—,Viking Holding Limited,Bermuda,Viking Holding Limited,Bermuda,Viking Holding Limited,Bermuda,Viking Holding Limited,Bermuda,—,—,—,—,—,—,—,—,—,—,9365180,211539220,794,1065,3508
passenger (cruise),373973,Oltenita,Dead,Romania,—,1951,Unknown size,—,Single,—,,—,—,"",—,—,—,—,—,—,—,—,Unknown Engine Designer,Unknown Owners,—,—,—,—,—,—,—,—,—,—,—,—,—,—,—,—,—,—,—,—,—,—,—,—,—,UNKNOWN
passenger (cruise),374040,Atmosphere,Live,Chile,211,2006,-2'gt,147,Single,CBTM,695,147,Astilleros y Servicios Navales S.A. (ASENAV),Valdivia,45.40,39.91,—,10.00,4.40,2.80,1.60,Cummins Incorporated,Cummins Incorporated,Transporte y Turismo Austral Limitada,Chile,Valparaiso,—,Transporte y Turismo Austral Limitada,Chile,Transporte y Turismo Austral Limitada,Chile,Transporte y Turismo Austral Limitada,Chile,Transporte y Turismo Austral Limitada,Chile,—,—,—,—,—,—,—,—,—,—,9401001,725015400,634,850,KTA-38
passenger (cruise),374107,Molokai Princess,Live,U.S.A.,67,1971,-2'gt,—,Single,WDA3539,99,—,—,"",—,—,—,—,—,—,—,—,Unknown Engine Designer,Unknown Owners,—,—,—,Unknown Owners,—,Unknown Owners,—,Unknown Owners,—,Unknown Owners,—,—,—,—,—,—,—,—,—,—,—,—,—,—,—,UNKNOWN
passenger (cruise),374186,Magic Charm,Live,Canada,76,1995,-2'gt,—,Single,—,192,—,—,"",29.92,—,5.95,5.95,1.65,—,—,—,Unknown Engine Designer,Unknown Owners,—,Vancouver,—,Unknown Owners,—,Unknown Owners,—,Unknown Owners,—,Unknown Owners,—,—,—,Royal Bank of Canada,Canada,—,—,—,—,—,—,8993382,—,306,410,3196DITA
passenger (cruise),374475,Ella,Live,U.K.,—,1960,-2'gt,—,Single,—,136,1379,—,"",30.31,27.00,7.60,7.55,4.25,3.47,0.78,—,Unknown Engine Designer,Thingsnautical,United Kingdom,—,—,Thingsnautical,United Kingdom,Thingsnautical,United Kingdom,Thingsnautical,United Kingdom,Thingsnautical,United Kingdom,—,—,—,—,—,—,—,—,—,—,5428087,—,746,1000,8V-71-N
passenger (cruise),375210,K-Marine IV,Live,U.S.A.,65,1990,-2'gt,—,Single,WDG8858,217,—,—,Loreauville,40.00,36.00,9.00,7.92,3.20,—,—,—,Detroit Diesel Corporation,International Offshore Services LLC,United States of America,—,—,International Offshore Services LLC,United States of America,International Offshore Services LLC,United States of America,Atel Maritime Investors IV LP,United States of America,International Offshore Services LLC,United States of America,—,—,—,—,—,—,—,—,—,—,8977687,367581780,1500,2012,12V-71-TI
passenger (cruise),375220,Spirit of Seattle,Live,U.S.A.,59,1987,-2'gt,27,Single,WTK6831,88,17,Freeport Shipbuilding & Marine Repair Incorporated,Freeport(Texas),36.00,—,—,20.00,2.00,—,—,—,Unknown Engine Designer,Argosy LP,United States of America,Seattle,—,Argosy LP,United States of America,Argosy LP,United States of America,Argosy LP,United States of America,Argosy LP,United States of America,—,—,—,—,—,—,—,—,—,—,—,367013020,—,—,UNKNOWN
passenger (cruise),375251,Goodtime II,Live,U.S.A.,67,1976,-2'gt,30,Single,WCW5448,99,S-30,Nichols Bros. Boat Builders Incorporated,Freeland,25.00,—,8.00,—,—,—,—,—,Unknown Engine Designer,Unknown Owners,—,—,—,Unknown Owners,—,Unknown Owners,—,Unknown Owners,—,Unknown Owners,—,—,—,—,—,—,—,—,—,—,—,—,367013040,—,—,UNKNOWN
passenger (cruise),375299,Island Spirit,Live,U.S.A.,66,1978,-2'gt,—,Single,WCL9064,98,163,Camcraft Incorporated,Crown Point(USA),40.00,—,9.00,8.02,3.38,2.00,1.38,—,Unknown Engine Designer,New Dimensions Cruises Incorporated,United States of America,Seattle,—,New Dimensions Cruises Incorporated,United States of America,New Dimensions Cruises Incorporated,United States of America,New Dimensions Cruises Incorporated,United States of America,New Dimensions Cruises Incorporated,United States of America,—,—,—,—,—,—,—,—,—,—,—,366971140,—,—,UNKNOWN
passenger (cruise),375318,Thames River,Live,U.S.A.,15,1980,-2'gt,—,Single,WCJ4617,22,245,Neuville Boat Works,Louisiana,38.00,—,14.00,—,—,25.50,—,—,Unknown Engine Designer,Unknown Owners,—,New York,—,Unknown Owners,—,Unknown Owners,—,Unknown Owners,—,Unknown Owners,—,—,—,—,—,—,—,—,—,—,—,—,366956190,—,—,UNKNOWN
passenger (cruise),37533,Mazowsze,Dead,Poland,463,1955,-2'gt,212,Single,—,1013,—,—,"",—,—,—,—,—,—,—,—,Lang Gepyar,—,—,—,—,—,—,—,—,—,—,—,—,—,—,—,—,—,—,—,—,—,—,6916031,—,597,800,8LD315RF
passenger (cruise),375331,Bounty,Dead,U.S.A.,181,1960,-2'gt,—,Single,—,266,960956,Smith & Rhuland,Lunenburg,36.58,33.53,—,9.14,3.81,—,—,—,Unknown Engine Designer,AIS,—,Falling Waters,—,—,—,—,—,—,—,—,—,—,—,—,—,—,—,—,—,—,—,—,—,—,—,UNKNOWN
passenger (cruise),375353,Endless Dreams,Live,U.S.A.,65,2002,-2'gt,—,Single,WDB2165,96,148,—,Palatka,31.00,—,10.00,—,—,2.50,—,—,Unknown Engine Designer,Unknown Owners,—,—,—,Unknown Owners,—,Unknown Owners,—,Unknown Owners,—,Unknown Owners,—,—,—,—,—,—,—,—,—,—,—,8975677,366872980,—,—,UNKNOWN
passenger (cruise),375358,Fume Blanc Commodore,Live,U.S.A.,64,1991,-2'gt,29,Single,WDD5259,95,30,Freeport Shipbuilding & Marine Repair Incorporated,Freeport(Texas),22.00,—,8.00,—,—,2.50,—,—,Unknown Engine Designer,Fume Blanc Commodore LLC,United States of America,Alameda,—,Fume Blanc Commodore LLC,United States of America,Fume Blanc Commodore LLC,United States of America,Fume Blanc Commodore LLC,United States of America,Fume Blanc Commodore LLC,United States of America,—,—,—,—,—,—,—,—,—,—,—,367155780,—,—,UNKNOWN
passenger (cruise),3754507,Adventure Hornblower,Live,U.S.A.,64,1994,-2'gt,29,Single,WDA3017,94,44,Washburn & Doughty Associates Incorporated,"",320.00,—,80.00,10.06,3.20,—,—,—,Unknown Engine Designer,Hornblower Marine Assets L. P.,United States of America,San Diego,—,Hornblower Marine Assets L. P.,United States of America,Hornblower Marine Assets L. P.,United States of America,Hornblower Marine Assets L. P.,United States of America,Hornblower Marine Assets L. P.,United States of America,—,—,—,—,—,—,—,—,—,—,—,366793760,—,—,UNKNOWN
passenger (cruise),375472,Dylan John,Live,U.S.A.,65,1995,-2'gt,—,Single,WDF9465,96,4,—,Patterson,—,—,—,8.53,3.35,—,—,—,Unknown Engine Designer,R & R Boats Incorporated,United States of America,—,—,R & R Boats Incorporated,United States of America,R & R Boats Incorporated,United States of America,R & R Boats Incorporated,United States of America,R & R Boats Incorporated,United States of America,—,—,—,—,—,—,—,—,—,—,8977390,366748650,—,—,UNKNOWN
passenger (cruise),375562,Miss Diane,Live,U.S.A.,62,1988,-2'gt,—,Single,WDC3095,91,1622,—,Loreauville,44.00,—,9.00,—,—,12.00,—,—,Unknown Engine Designer,Unknown Owners,—,New Orleans,—,Unknown Owners,—,Unknown Owners,—,Unknown Owners,—,Unknown Owners,—,—,—,—,—,—,—,—,—,—,—,—,—,—,—,UNKNOWN
passenger (cruise),375612,McNeil,Live,U.S.A.,46,1984,-2'gt,21,Single,WDF8573,67,S-76,Nichols Bros. Boat Builders Incorporated,Freeland,—,—,—,—,—,—,—,—,Unknown Engine Designer,Unknown Owners,—,Seattle,—,Unknown Owners,—,Unknown Owners,—,Unknown Owners,—,Unknown Owners,—,—,—,—,—,—,—,—,—,—,—,—,366988930,—,—,UNKNOWN
passenger (cruise),375623,Del Norte,Live,U.S.A.,67,1997,-2'gt,30,Single,WDC2280,99,31,Dakota Creek Industries Incorporated,Anacortes,30.00,—,70.00,11.89,4.00,2.00,2.00,—,Unknown Engine Designer,Unknown Owners,—,—,—,Unknown Owners,—,Unknown Owners,—,Unknown Owners,—,Unknown Owners,—,—,—,—,—,—,—,—,—,—,—,8967838,366990520,—,—,UNKNOWN
passenger (cruise),375627,Inez McCall,Live,U.S.A.,63,1982,-2'gt,—,Single,WTE4817,92,58,—,Biloxi,19.00,—,8.00,—,—,3.00,—,—,Unknown Engine Designer,Unknown Owners,—,Cameron,—,Unknown Owners,—,Unknown Owners,—,Unknown Owners,—,Unknown Owners,—,—,—,—,—,—,—,—,—,—,—,—,367325380,—,—,UNKNOWN
passenger (cruise),375645,Emerald Island,Live,U.S.A.,51,1990,-2'gt,—,Single,WAI9846,118,464,Marine Construction & Design & Company (MARCO),Seattle,—,—,—,—,—,3.00,—,—,Unknown Engine Designer,Unknown Owners,—,—,—,Unknown Owners,—,Unknown Owners,—,Unknown Owners,—,Unknown Owners,—,—,—,—,—,—,—,—,—,—,—,9007465,367014540,—,—,12V-71-TI
passenger (cruise),375646,Glacier Express,Live,U.S.A.,—,1985,-2'gt,—,Single,WDD2356,243,—,Nichols Bros. Boat Builders Incorporated,Freeland,26.00,—,10.00,9.51,3.00,3.00,0.00,—,Unknown Engine Designer,Four Seasons Marine Services Corporation,United States of America,Seward,—,Four Seasons Marine Services Corporation,United States of America,Four Seasons Marine Services Corporation,United States of America,Four Seasons Marine Services Corporation,United States of America,Four Seasons Marine Services Corporation,United States of America,—,—,—,—,—,—,—,—,—,—,8645272,367114270,158,212,3306PCTA
passenger (cruise),375737,Statue of Liberty V,Live,U.S.A.,66,1977,-2'gt,30,Single,WDE7741,97,77-1,—,Stockton,39.00,—,12.00,—,—,5.50,—,—,Unknown Engine Designer,Statue of Liberty V LLC,United States of America,—,—,Statue of Liberty V LLC,United States of America,Statue of Liberty V LLC,United States of America,Statue of Liberty V LLC,United States of America,Statue of Liberty V LLC,United States of America,—,—,—,—,—,—,—,—,—,—,—,367397040,—,—,UNKNOWN
passenger (cruise),375751,Miss Leigh Anne,Live,U.S.A.,59,1981,-2'gt,27,Single,WDD3503,87,0266,Swiftship Shipbuilders LLC,"",—,—,—,—,—,—,—,—,Unknown Engine Designer,Unknown Owners,—,New Orleans,—,Unknown Owners,—,Unknown Owners,—,Unknown Owners,—,Unknown Owners,—,—,—,—,—,—,—,—,—,—,—,—,367132340,—,—,UNKNOWN
passenger (cruise),375756,Elsa,Live,U.S.A.,27,1955,-2'gt,13,Single,WDB7862,41,1,—,"",18.00,—,5.00,—,—,2.00,—,—,Unknown Engine Designer,Unknown Owners,—,Los Angeles,—,Unknown Owners,—,Unknown Owners,—,Maxum Enterprises LLC,United States of America,Unknown Owners,—,—,—,—,—,—,—,—,—,—,—,—,366949020,—,—,UNKNOWN
passenger (cruise),375812,Catalina King,Live,U.S.A.,66,1973,-2'gt,30,Single,WDC3343,98,73-2,—,Stockton,39.00,—,11.00,—,—,—,—,—,Unknown Engine Designer,Unknown Owners,—,—,—,Unknown Owners,—,Unknown Owners,—,Unknown Owners,—,Unknown Owners,—,—,—,—,—,—,—,—,—,—,—,—,367006280,—,—,UNKNOWN
passenger (cruise),375818,Catalina Flyer,Live,U.S.A.,63,1988,-2'gt,28,Single,WTD8887,93,S-88,Nichols Bros. Boat Builders Incorporated,Freeland,—,—,—,—,—,2.00,—,—,Unknown Engine Designer,Unknown Owners,—,—,—,Unknown Owners,—,Unknown Owners,—,Unknown Owners,—,Unknown Owners,—,—,—,—,—,—,—,—,—,—,—,—,367001740,—,—,UNKNOWN
passenger (cruise),375830,Goodtime III,Live,U.S.A.,66,1978,-2'gt,30,Single,WSX5383,97,S-39,Nichols Bros. Boat Builders Incorporated,Freeland,27.00,—,8.00,—,—,2.00,—,—,Unknown Engine Designer,Unknown Owners,—,—,—,Unknown Owners,—,Unknown Owners,—,Unknown Owners,—,Unknown Owners,—,—,—,—,—,—,—,—,—,—,—,—,367013050,—,—,UNKNOWN
passenger (cruise),375848,Bay Clipper,Live,U.S.A.,66,1974,-2'gt,—,Single,WCY6428,97,—,—,Stockton,42.00,—,11.00,—,—,7.00,—,—,Unknown Engine Designer,Unknown Owners,—,San Francisco,—,Unknown Owners,—,Unknown Owners,—,Unknown Owners,—,Unknown Owners,—,—,—,—,—,—,—,—,—,—,—,—,366985260,—,—,UNKNOWN
passenger (cruise),375874,Lady Mary,Live,U.S.A.,44,1994,-2'gt,22,Single,WCY4834,73,39,—,"",26.00,—,8.00,7.92,2.74,—,—,—,Unknown Engine Designer,Unknown Owners,—,Seattle,—,Unknown Owners,—,Unknown Owners,—,Unknown Owners,—,Unknown Owners,—,—,—,—,—,—,—,—,—,—,—,—,367013060,—,—,UNKNOWN
passenger (cruise),375879,Harbor Queen,Live,U.S.A.,67,1954,-2'gt,30,Single,WCX8035,98,—,—,Oakland,27.00,—,10.00,—,—,2.10,—,—,Unknown Engine Designer,Golden Gate Scenic Steamship Corporation,United States of America,San Francisco,—,Golden Gate Scenic Steamship Corporation,United States of America,Golden Gate Scenic Steamship Corporation,United States of America,Golden Gate Scenic Steamship Corporation,United States of America,Golden Gate Scenic Steamship Corporation,United States of America,—,—,—,—,—,—,—,—,—,—,—,366975740,—,—,UNKNOWN
passenger (cruise),375880,Bay Monarch,Live,U.S.A.,66,1976,-2'gt,30,Single,WCZ9381,97,76-1,—,"",43.00,—,11.00,—,—,7.00,—,—,Unknown Engine Designer,Blue & Gold Fleet LP,United States of America,—,—,Blue & Gold Fleet LP,United States of America,Blue & Gold Fleet LP,United States of America,Blue & Gold Fleet LP,United States of America,Blue & Gold Fleet LP,United States of America,—,—,—,—,—,—,—,—,—,—,—,366985310,—,—,UNKNOWN
passenger (cruise),375904,Intintoli,Live,U.S.A.,65,1997,-2'gt,29,Single,WCX2709,96,—,Dakota Creek Industries Incorporated,Anacortes,41.00,—,12.00,11.49,3.84,2.00,1.84,—,Unknown Engine Designer,Unknown Owners,—,—,—,Unknown Owners,—,Unknown Owners,—,Unknown Owners,—,Unknown Owners,—,—,—,—,—,—,—,—,—,—,—,9144653,366989360,—,—,UNKNOWN
passenger (cruise),375908,Harbor Bay Express 2,Live,U.S.A.,42,1993,-2'gt,—,Single,WCD9636,52,101,—,U.S.A.,30.00,—,70.00,—,—,4.00,—,—,Unknown Engine Designer,City of Alameda,United States of America,—,—,City of Alameda,United States of America,City of Alameda,United States of America,City of Alameda,United States of America,City of Alameda,United States of America,—,—,—,—,—,—,—,—,—,—,—,366969320,—,—,UNKNOWN
passenger (cruise),376077,Miss Colette,Live,U.S.A.,65,1995,-2'gt,—,Single,WDI9137,96,404,Gulf Craft LLC,Patterson,31.00,—,—,—,—,—,—,—,Unknown Engine Designer,Unknown Owners,—,Cameron,—,Unknown Owners,—,Unknown Owners,—,Unknown Owners,—,Unknown Owners,—,—,—,—,—,—,—,—,—,—,—,8977780,367745620,—,—,UNKNOWN
passenger (cruise),376239,San Francisco Spirit,Live,U.S.A.,67,1991,-2'gt,30,Single,WAZ3708,942,S-99,Nichols Bros. Boat Builders Incorporated,Freeland,46.00,—,14.00,12.19,3.66,—,—,—,Unknown Engine Designer,Unknown Owners,—,San Francisco,—,Unknown Owners,—,Unknown Owners,—,Unknown Owners,—,Unknown Owners,—,—,—,—,—,—,—,—,—,—,—,—,367008060,—,—,UNKNOWN
passenger (cruise),3762453,Marine Shuttle,Live,Japan,—,1985,-2'gt,150,Single,JG4603,764,272,Kanagawa Zosen K.K.,Kobe,49.90,45.01,11.00,10.20,3.80,2.80,1.00,Yanmar Diesel Engine Company Limited,Yanmar Diesel Engine Company Limited,KK Port Service,Japan,Yokohama,—,KK Port Service,Japan,KK Port Service,Japan,KK Port Service,Japan,KK Port Service,Japan,—,—,—,—,—,—,—,—,—,—,8421327,431000517,588,1600,M200-ST
passenger (cruise),376256,Respect,Live,U.S.A.,73,1985,-2'gt,—,Single,WBV2656,99,258,Blount Marine Corporation,Warren(USA),35.00,—,10.00,—,—,2.00,—,—,Unknown Engine Designer,Unknown Owners,—,—,—,Unknown Owners,—,Unknown Owners,—,Unknown Owners,—,Unknown Owners,—,—,—,—,—,—,—,—,—,—,—,—,367006950,—,—,UNKNOWN
passenger (cruise),376409,Golden Bear,Live,U.S.A.,60,1979,-2'gt,27,Single,WQZ5884,88,S-45,Nichols Bros. Boat Builders Incorporated,Freeland,29.00,—,9.00,7.32,—,7.00,—,—,Unknown Engine Designer,Blue & Gold Fleet LP,United States of America,San Francisco,—,Blue & Gold Fleet LP,United States of America,Blue & Gold Fleet LP,United States of America,Blue & Gold Fleet LP,United States of America,Blue & Gold Fleet LP,United States of America,—,—,—,—,—,—,—,—,—,—,—,366976780,—,—,UNKNOWN
passenger (cruise),376494,Bay Flyer,Live,U.S.A.,66,1971,-2'gt,—,Single,WCY6191,97,71-1,—,Stockton,36.00,—,11.00,—,—,2.00,—,—,Unknown Engine Designer,Unknown Owners,—,San Francisco,—,Unknown Owners,—,Unknown Owners,—,Unknown Owners,—,Unknown Owners,—,—,—,—,—,—,—,—,—,—,—,—,366985230,—,—,UNKNOWN
passenger (cruise),376526,Angel Island,Live,U.S.A.,67,1975,-2'gt,—,Single,WZB4244,98,—,—,Stockton,—,—,—,—,—,—,—,—,Unknown Engine Designer,Angel Island Tiburon Ferry Incorporated,United States of America,—,—,Angel Island Tiburon Ferry Incorporated,United States of America,Angel Island Tiburon Ferry Incorporated,United States of America,Angel Island Tiburon Ferry Incorporated,United States of America,Angel Island Tiburon Ferry Incorporated,United States of America,—,—,—,—,—,—,—,—,—,—,—,367002980,—,—,UNKNOWN
passenger (cruise),376534,Empress Hornblower,Live,U.S.A.,60,1989,-2'gt,27,Single,WDA2499,89,22,Freeport Shipbuilding & Marine Repair Incorporated,U.S.A.,—,—,—,18.35,3.96,—,—,—,Unknown Engine Designer,Unknown Owners,—,—,—,Unknown Owners,—,Unknown Owners,—,Unknown Owners,—,Unknown Owners,—,—,—,—,—,—,—,—,—,—,—,—,366988170,—,—,UNKNOWN
passenger (cruise),376549,Excel,Live,U.S.A.,66,1990,-2'gt,—,Single,WAI6503,98,1155,Gulf Coast Marine Builders,Houma,36.58,36.58,10.00,9.45,4.11,3.50,0.61,—,Unknown Engine Designer,Excel Sportfishing Corporation,United States of America,San Diego,—,Excel Sportfishing Corporation,United States of America,Excel Sportfishing Corporation,United States of America,Excel Sportfishing Corporation,United States of America,Excel Sportfishing Corporation,United States of America,—,—,—,—,—,—,—,—,—,—,—,366547000,—,—,UNKNOWN
passenger (cruise),376614,Red Rooster III,Live,U.S.A.,55,1982,-2'gt,—,Single,WCY3865,185,—,—,Chula Vista,31.39,—,7.00,—,3.35,2.00,1.35,—,Unknown Engine Designer,Unknown Owners,—,San Diego,—,Unknown Owners,—,Unknown Owners,—,Unknown Owners,—,Unknown Owners,—,—,—,—,—,—,—,—,—,—,—,8744327,366749490,158,212,3306PCTA
passenger (cruise),376616,Entertainer,Live,U.S.A.,69,1985,-2'gt,29,Single,WCQ6000,96,LB256,Blount Marine Corporation,Warren(USA),44.00,—,10.00,—,—,3.00,—,—,Unknown Engine Designer,Unknown Owners,—,Long Beach,—,Unknown Owners,—,Unknown Owners,—,Unknown Owners,—,Unknown Owners,—,—,—,—,—,—,—,—,—,—,—,—,367015530,—,—,UNKNOWN
passenger (cruise),376659,Diamond Edge,Live,U.S.A.,42,1995,-2'gt,—,Single,WCV5696,142,1226,Breaux Brothers Enterprises Incorporated,Loreauville,39.62,39.62,11.00,8.00,3.60,2.00,1.60,Cummins Incorporated,Cummins Incorporated,Jewel Marine Incorporated,United States of America,New Orleans,—,Jewel Marine Incorporated,United States of America,Jewel Marine Incorporated,United States of America,Jewel Marine Incorporated,United States of America,Jewel Marine Incorporated,United States of America,—,—,—,—,—,—,—,—,—,—,8977663,366743240,377,506,KTA-19
passenger (cruise),376662,Royal Polaris,Live,U.S.A.,71,1975,-2'gt,—,Single,WYM7156,241,—,—,Chula Vista,30.63,30.63,14.00,8.53,3.66,—,—,—,Unknown Engine Designer,Unknown Owners,—,San Diego,—,Unknown Owners,—,Unknown Owners,—,Unknown Owners,—,Unknown Owners,—,—,—,—,—,—,—,—,—,—,—,8655382,367050490,—,—,3306PCTA
passenger (cruise),3766639,La Plaga,Live,Colombia,—,2008,-2'gt,—,Single,—,4,—,—,"",—,—,—,—,—,—,—,—,—,Unknown Owners,—,—,—,Unknown Owners,—,Unknown Owners,—,Unknown Owners,—,Unknown Owners,—,—,—,—,—,—,—,—,—,—,—,2996825,—,—,—,—
passenger (cruise),3766645,Natalia V,Live,Colombia,—,2008,-2'gt,—,Single,—,7,—,—,"",—,—,—,—,—,—,—,—,—,Unknown Owners,—,—,—,Unknown Owners,—,Unknown Owners,—,Unknown Owners,—,Unknown Owners,—,—,—,—,—,—,—,—,—,—,—,—,—,—,—,—
passenger (cruise),376686,Madison Hunter,Live,U.S.A.,—,1977,Unknown size,—,Single,WDC4675,,519,Burton Shipyard Incorporated,Port Arthur,33.00,—,8.00,—,—,24.80,—,—,Unknown Engine Designer,Matt Fleming,United States of America,—,—,Matt Fleming,United States of America,Matt Fleming,United States of America,Matt Fleming,United States of America,Matt Fleming,United States of America,—,—,—,—,—,—,—,—,—,—,—,367028490,2000,2681,3D6C
passenger (cruise),376791,Paradise,Live,Turkiye,70,1938,-2'gt,—,Single,TC4567,157,—,—,Istanbul,32.97,—,6.61,—,2.47,2.40,0.07,—,Unknown Engine Designer,Care Turizm ve Ticaret AS,Turkiye,Bandirma,—,Care Turizm ve Ticaret AS,Turkiye,Care Turizm ve Ticaret AS,Turkiye,Care Turizm ve Ticaret AS,Turkiye,Care Turizm ve Ticaret AS,Turkiye,—,—,—,—,—,—,—,—,—,—,5314195,271010846,243,330,6AL20/24
passenger (cruise),3769615,Solent Scene,Live,U.K.,76,1974,-2'gt,40,Single,GUKV,131,Y55,Bideford Shipyard (1973) Limited,Bideford,27.44,25.91,6.99,—,2.29,1.44,0.85,J.& A. Gardner & Company Limited,L. Gardner & Sons Limited,Blue Line Cruises Limited,United Kingdom,Poole,—,Blue Line Cruises Limited,United Kingdom,Blue Line Cruises Limited,United Kingdom,Blue Line Cruises Limited,United Kingdom,Blue Line Cruises Limited,United Kingdom,—,—,—,—,—,—,—,—,—,—,7340344,235003665,113,152,8LXB
passenger (cruise),377781,Costa Del Sole,Live,Italy,11,2004,-2'gt,8,Single,—,25,20/2003,Boschetti Elviro,Italy,—,—,—,—,—,—,—,—,Unknown Engine Designer,Unknown Owners,—,Rimini,—,Unknown Owners,—,Unknown Owners,—,Astemar di Andrea Marielli & C.S.N.C.,Italy,Unknown Owners,—,—,—,—,—,—,—,—,—,—,—,—,—,146,196,UNKNOWN
passenger (cruise),378065,Steadfast,Live,U.S.A.,48,1992,-2'gt,—,Single,WDB2957,160,—,—,Wilmington(CA USA),32.00,—,8.00,—,—,2.00,—,—,Unknown Engine Designer,Steadfast Quest LLC,United States of America,—,—,Steadfast Quest LLC,United States of America,Steadfast Quest LLC,United States of America,Steadfast Quest LLC,United States of America,Steadfast Quest LLC,United States of America,—,—,—,—,—,—,—,—,—,—,—,366881780,1500,2012,12V-71-TI
passenger (cruise),378106,Aqua Regia,Live,U.S.A.,—,2004,Unknown size,—,Single,WDC2215,,—,—,Kalama,30.00,—,70.00,—,—,2.00,—,—,Unknown Engine Designer,Unknown Owners,—,—,—,Unknown Owners,—,Unknown Owners,—,Unknown Owners,—,Unknown Owners,—,—,—,—,—,—,—,—,—,—,—,—,366989620,2000,2681,16V2000M70
passenger (cruise),378197,N.266,Live,Italy,17,2005,-2'gt,—,Single,—,25,230,Cantiere Navale de Poli S.p.A.,Pellestrina,—,—,—,—,—,—,—,—,Unknown Engine Designer,Azienda del Consorzio Trasporti Veneziano (A.C.T.V.) SpA,Italy,—,—,Azienda del Consorzio Trasporti Veneziano (A.C.T.V.) SpA,Italy,Azienda del Consorzio Trasporti Veneziano (A.C.T.V.) SpA,Italy,Azienda del Consorzio Trasporti Veneziano (A.C.T.V.) SpA,Italy,Azienda del Consorzio Trasporti Veneziano (A.C.T.V.) SpA,Italy,—,—,—,—,—,—,—,—,—,—,—,—,—,—,UNKNOWN
passenger (cruise),3782849,MS Nancy,Live,U.S.A.,66,2004,-2'gt,30,Single,—,97,—,Breaux Brothers Enterprises Incorporated,"",46.04,46.04,—,9.15,3.66,2.50,1.16,—,Unknown Engine Designer,Unknown Owners,—,New Orleans,—,Unknown Owners,—,Unknown Owners,—,Unknown Owners,—,Unknown Owners,—,—,—,—,—,—,—,—,—,—,—,—,366921460,—,—,UNKNOWN
passenger (cruise),378333,Masco VI,Live,U.S.A.,64,1985,-2'gt,—,Single,WDJ2234,95,68,Master Boat Builders Incorporated,Coden,—,—,—,—,—,—,—,—,Unknown Engine Designer,Masco Operators Incorporated,United States of America,Freeport,—,Masco Operators Incorporated,United States of America,Masco Operators Incorporated,United States of America,Masco Operators Incorporated,United States of America,Masco Operators Incorporated,United States of America,—,—,—,—,—,—,—,—,—,—,—,367058490,—,—,UNKNOWN
passenger (cruise),378439,Celebrity Equinox,Live,Malta,82363,2009,100'-150'gt,9500,Single,9HXD9,121878,676,Meyer Werft GmbH (Dormant),Papenburg,317.20,293.58,36.90,36.80,11.30,8.62,3.00,Wartsila Finland oy,Wartsila Corporation,Celebrity Cruises Incorporated,United States of America,Valletta,—,Royal Caribbean Cruises Limited (RCL),United States of America,Celebrity Cruises Incorporated,United States of America,Celebrity Equinox Incorporated,Liberia,Celebrity Cruises Incorporated,United States of America,—,—,—,—,Celebrity Cruises Incorporated,United States of America,Unknown,Unknown,Unknown Scrubber Manufacturer,Retrofit,9372456,249667000,14478,19415,16V46
passenger (cruise),378477,Vincent Secondo,Live,Italy,—,2000,-2'gt,—,Single,—,24,—,Cantiere Navale di Trapani S.p.A.,Fano,—,—,—,—,—,—,—,—,Unknown Engine Designer,Unknown Owners,—,Ravenna,—,Unknown Owners,—,Unknown Owners,—,Carli Angelo,Italy,Unknown Owners,—,—,—,—,—,—,—,—,—,—,—,—,—,—,—,UNKNOWN
passenger (cruise),378834,Cabernet Sauvignon Commodore,Live,U.S.A.,87,2000,-2'gt,30,Single,WDB3227,97,—,—,Palatka,33.00,—,11.00,10.06,—,24.80,—,—,Unknown Engine Designer,Cabernet Sauvignon Commodore LLC,United States of America,—,—,Cabernet Sauvignon Commodore LLC,United States of America,Cabernet Sauvignon Commodore LLC,United States of America,Cabernet Sauvignon Commodore LLC,United States of America,Cabernet Sauvignon Commodore LLC,United States of America,—,—,—,—,—,—,—,—,—,—,—,366884810,—,—,UNKNOWN
passenger (cruise),379353,Chocorita,Live,Colombia,—,2005,-2'gt,—,Single,—,2,—,—,"",—,—,—,—,—,—,—,—,Unknown Engine Designer,Unknown Owners,—,—,—,Unknown Owners,—,Unknown Owners,—,Unknown Owners,—,Unknown Owners,—,—,—,—,—,—,—,—,—,—,—,—,—,—,—,UNKNOWN
passenger (cruise),379414,Lady Florence,Live,U.S.A.,59,1982,-2'gt,—,Single,WDD3504,87,262,Swiftship Shipbuilders LLC,Morgan City,—,—,—,—,—,1.60,—,—,Unknown Engine Designer,Genesis Offshore LLC,United States of America,—,—,Genesis Offshore LLC,United States of America,Genesis Offshore LLC,United States of America,Genesis Offshore LLC,United States of America,Genesis Offshore LLC,United States of America,—,—,—,—,—,—,—,—,—,—,—,367132350,—,—,UNKNOWN
passenger (cruise),379471,Miss Carissa,Live,U.S.A.,63,1989,-2'gt,—,Single,—,211,141,Breaux Brothers Enterprises Incorporated,Loreauville,—,—,—,—,—,—,—,—,Unknown Engine Designer,International Offshore Services LLC,United States of America,New Orleans,—,International Offshore Services LLC,United States of America,International Offshore Services LLC,United States of America,Atel Maritime Investors IV LP,United States of America,International Offshore Services LLC,United States of America,—,—,—,—,—,—,—,—,—,—,—,—,158,212,3306PCTA
passenger (cruise),379931,Think Good Thoughts,Live,U.S.A.,59,1988,-2'gt,—,Single,WDH5289,87,301,Gulf Craft LLC,Patterson,130.00,—,30.00,—,—,3.00,—,—,Unknown Engine Designer,McCall Boat Rentals L.L.C.,United States of America,—,—,McCall Boat Rentals L.L.C.,United States of America,McCall Boat Rentals L.L.C.,United States of America,McCall Boat Rentals L.L.C.,United States of America,McCall Boat Rentals L.L.C.,United States of America,—,—,General Electric Capital Structured Finance Group,United States of America,—,—,—,—,—,—,8977132,338028000,—,—,UNKNOWN
passenger (cruise),380239,Stimson,Live,U.S.A.,281,1991,-2'gt,—,Single,WCY2270,413,1119,Homeport Marine Services,Moss Point,47.00,—,11.00,—,—,4.90,—,—,Unknown Engine Designer,Unknown Owners,—,—,—,Unknown Owners,—,Unknown Owners,—,Unknown Owners,—,Unknown Owners,—,—,—,—,—,—,—,—,—,—,—,—,338030236,375,503,12V-71-TI
passenger (cruise),380306,Capt. JP II,Live,U.S.A.,67,1987,-2'gt,—,Single,WDC6279,99,270,Blount Marine Corporation,Warren(USA),—,—,22.00,—,—,10.60,—,—,Unknown Engine Designer,Unknown Owners,—,—,—,Unknown Owners,—,Unknown Owners,—,Unknown Owners,—,Unknown Owners,—,—,—,—,—,—,—,—,—,—,—,—,367053950,—,—,UNKNOWN
passenger (cruise),380395,Plaquemines Pride,Live,U.S.A.,310,2004,-2'gt,—,Single,WDC3373,932,—,—,Houma,—,—,—,20.42,3.96,—,—,—,Unknown Engine Designer,Unknown Owners,—,—,—,Unknown Owners,—,Unknown Owners,—,Unknown Owners,—,Unknown Owners,—,—,—,—,—,—,—,—,—,—,—,8990524,367006890,—,—,12V4000M50B
passenger (cruise),380467,General Roy S.Kelley,Live,U.S.A.,57,1994,-2'gt,—,Single,WCD4702,190,1057,Bender Shipbuilding & Repair Company Incorporated,Mobile,—,—,—,—,—,—,—,—,Unknown Engine Designer,Unknown Owners,—,—,—,Unknown Owners,—,Unknown Owners,—,Unknown Owners,—,Unknown Owners,—,—,—,—,—,—,—,—,—,—,—,—,366553750,1500,2012,12V-71-TI
passenger (cruise),380550,Jade Explorer,Live,U.S.A.,46,2004,-2'gt,—,Single,WDC7397,58,—,—,Xiamen,—,—,—,—,—,2.00,—,—,Unknown Engine Designer,Unknown Owners,—,—,—,Unknown Owners,—,Unknown Owners,—,Unknown Owners,—,Unknown Owners,—,—,—,—,—,—,—,—,—,—,—,—,367070760,—,—,UNKNOWN
passenger (cruise),381322,Flamingo,Live,Poland,—,1992,-2'gt,—,Single,SPS2497,196,—,—,Russia,36.15,33.02,7.00,6.50,2.60,1.40,1.20,—,Unknown Engine Designer,Arkona Spolka z.o.o.,Poland,—,—,Arkona Spolka z.o.o.,Poland,Arkona Spolka z.o.o.,Poland,Arkona Spolka z.o.o.,Poland,Arkona Spolka z.o.o.,Poland,—,—,—,—,—,—,—,—,—,—,8984757,261006760,304,408,3196DITA
passenger (cruise),381490,Miss Liberty,Live,U.S.A.,66,1954,-2'gt,30,Single,WDH4556,98,—,—,"",42.00,—,10.00,—,—,—,—,—,Unknown Engine Designer,Unknown Owners,—,—,—,Unknown Owners,—,Unknown Owners,—,Unknown Owners,—,Unknown Owners,—,—,—,—,—,—,—,—,—,—,—,—,367618970,—,—,UNKNOWN
passenger (cruise),381495,Miss New York,Live,U.S.A.,63,1993,-2'gt,29,Single,WBW8480,94,CL-290,Blount Marine Corporation,Warren(USA),41.00,—,10.00,9.91,4.00,—,—,—,Unknown Engine Designer,Unknown Owners,—,—,—,Unknown Owners,—,Unknown Owners,—,Unknown Owners,—,Unknown Owners,—,—,—,—,—,—,—,—,—,—,—,—,367059260,—,—,UNKNOWN
passenger (cruise),381499,LT Samuel S. Coursen,Live,U.S.A.,518,1956,-2'gt,—,Single,WDB3537,761,CG 021428,—,"",55.00,—,23.00,—,—,7.00,—,—,Unknown Engine Designer,Unknown Owners,—,New York,—,Unknown Owners,—,Unknown Owners,—,Unknown Owners,—,Unknown Owners,—,—,—,—,—,—,—,—,—,—,—,—,367051230,—,—,16V-149
passenger (cruise),381508,Circle Line XVII,Live,U.S.A.,202,1934,-2'gt,—,Single,WDH8669,298,—,—,"",—,—,—,—,—,3.00,—,—,Unknown Engine Designer,Circle Line-Sightseeing Yachts Incorporated,United States of America,—,—,Circle Line-Sightseeing Yachts Incorporated,United States of America,Circle Line-Sightseeing Yachts Incorporated,United States of America,Circle Line-Sightseeing Yachts Incorporated,United States of America,Circle Line-Sightseeing Yachts Incorporated,United States of America,—,—,—,—,—,—,—,—,—,—,—,366957240,—,—,3306PCTA
passenger (cruise),381527,Skyline Princess,Live,U.S.A.,50,1988,-2'gt,22,Single,WDB7684,73,19,Freeport Shipbuilding & Marine Repair Incorporated,Freeport(Texas),—,—,—,—,—,—,—,—,Unknown Engine Designer,Skyline Cruise Lines Inc,United States of America,—,—,Skyline Cruise Lines Inc,United States of America,Skyline Cruise Lines Inc,United States of America,Skyline Cruise Lines Inc,United States of America,Skyline Cruise Lines Inc,United States of America,—,—,—,—,—,—,—,—,—,—,—,366946170,—,—,UNKNOWN
passenger (cruise),381548,Henry Hudson,Live,U.S.A.,65,1992,-2'gt,29,Single,WBP8761,95,—,—,"",29.00,—,—,7.32,2.83,2.00,0.83,—,Unknown Engine Designer,Port Imperial Ferry Corporation,United States of America,—,—,Port Imperial Ferry Corporation,United States of America,Port Imperial Ferry Corporation,United States of America,New York Waterway,United States of America,Port Imperial Ferry Corporation,United States of America,—,—,—,—,—,—,—,—,—,—,—,366651000,—,—,UNKNOWN
passenger (cruise),381564,American Princess,Live,U.S.A.,52,1988,-2'gt,23,Single,WDB6512,76,133,Breaux Brothers Enterprises Incorporated,Loreauville,27.00,—,9.00,—,—,4.50,—,—,Unknown Engine Designer,TWFM Ferry Incorporated,United States of America,—,—,TWFM Ferry Incorporated,United States of America,TWFM Ferry Incorporated,United States of America,TWFM Ferry Incorporated,United States of America,TWFM Ferry Incorporated,United States of America,—,—,—,—,—,—,—,—,—,—,—,366854860,—,—,UNKNOWN
passenger (cruise),381573,Robert Fulton,Live,U.S.A.,65,1993,-2'gt,29,Single,WBS7886,93,286,Gladding-Hearn SB. Duclos Corporation,Somerset(Mass),27.00,—,7.00,—,3.00,3.00,0.00,—,Unknown Engine Designer,Port Imperial Ferry Corporation,United States of America,—,—,Port Imperial Ferry Corporation,United States of America,Port Imperial Ferry Corporation,United States of America,New York Waterway,United States of America,Port Imperial Ferry Corporation,United States of America,—,—,—,—,—,—,—,—,—,—,—,366702000,—,—,UNKNOWN
passenger (cruise),381604,Spirit of New York,Live,U.S.A.,64,1969,-2'gt,29,Single,WCW9332,94,HC-276,Blount Marine Corporation,Warren(USA),61.00,—,14.00,—,—,6.40,—,—,Unknown Engine Designer,Unknown Owners,—,—,—,Unknown Owners,—,Unknown Owners,—,Unknown Owners,—,Unknown Owners,—,—,—,—,—,—,—,—,—,—,—,—,338897000,—,—,UNKNOWN
passenger (cruise),381605,Spirit of New Jersey,Live,U.S.A.,56,1989,-2'gt,25,Single,WCX9137,82,156,Service Marine Industries Incorporated,Amelia,—,—,40.00,—,—,6.00,—,—,Unknown Engine Designer,Unknown Owners,—,Norfolk,—,Unknown Owners,—,Unknown Owners,—,Unknown Owners,—,Unknown Owners,—,—,—,—,—,—,—,—,—,—,—,—,367016470,—,—,UNKNOWN
passenger (cruise),381607,Celestial,Live,U.S.A.,64,1999,-2'gt,29,Single,WDE5068,95,230,Tidewater Equipment Corporation,Chesapeake,—,—,—,11.19,3.02,—,—,—,Unknown Engine Designer,Unknown Owners,—,New York,—,Unknown Owners,—,Unknown Owners,—,Unknown Owners,—,Unknown Owners,—,—,—,—,—,—,—,—,—,—,—,—,367361620,—,—,UNKNOWN
passenger (cruise),381612,Lexington,Live,U.S.A.,59,2000,-2'gt,26,Single,WDA7472,86,CQFSCARAD000,—,Albany(USA),30.00,—,10.00,7.28,2.38,2.00,0.38,—,Unknown Engine Designer,Unknown Owners,—,New York,—,Unknown Owners,—,Unknown Owners,—,Unknown Owners,—,Unknown Owners,—,—,—,—,—,—,—,—,—,—,—,—,366843690,—,—,UNKNOWN
passenger (cruise),381617,Cornucopia Princess,Live,U.S.A.,80,1978,-2'gt,30,Single,WBQ4974,99,—,Blount Marine Corporation,Warren(USA),30.00,—,13.00,12.47,2.77,2.00,0.77,—,Unknown Engine Designer,Unknown Owners,—,New York,—,Unknown Owners,—,Unknown Owners,—,Unknown Owners,—,Unknown Owners,—,—,—,—,—,—,—,—,—,—,—,—,367009930,—,—,UNKNOWN
passenger (cruise),381620,Half Moon,Live,U.S.A.,64,1963,-2'gt,—,Single,WCV4791,80,—,Blount Marine Corporation,Warren(USA),23.00,—,9.00,—,—,1.50,—,—,Unknown Engine Designer,Unknown Owners,—,New York,—,Unknown Owners,—,Unknown Owners,—,Unknown Owners,—,Unknown Owners,—,—,—,—,—,—,—,—,—,—,—,—,366993040,—,—,UNKNOWN
passenger (cruise),381729,Observer,Live,U.S.A.,65,1949,-2'gt,29,Single,WDC5191,96,898,Nashville Bridge Shipbuilding Company,Nashville,32.00,—,9.00,—,—,3.30,—,—,Unknown Engine Designer,Unknown Owners,—,—,—,Unknown Owners,—,Unknown Owners,—,Unknown Owners,—,Unknown Owners,—,—,—,—,—,—,—,—,—,—,—,—,367037280,—,—,UNKNOWN
passenger (cruise),381762,Bravest,Live,U.S.A.,63,1996,-2'gt,28,Single,WCW8374,93,—,Derecktor Shipyards,Mamaroneck,38.00,—,32.00,10.00,—,6.60,—,—,Unknown Engine Designer,Port Imperial Ferry Corporation,United States of America,—,—,Port Imperial Ferry Corporation,United States of America,Port Imperial Ferry Corporation,United States of America,New York Waterway,United States of America,Port Imperial Ferry Corporation,United States of America,—,—,—,—,—,—,—,—,—,—,—,366990590,—,—,UNKNOWN
passenger (cruise),381775,Queen Of Hearts,Live,U.S.A.,64,1983,-2'gt,—,Single,WDD3673,91,01,—,"",30.00,—,7.00,—,—,3.00,—,—,Unknown Engine Designer,Unknown Owners,—,Portsmouth,—,Unknown Owners,—,Unknown Owners,—,Unknown Owners,—,Unknown Owners,—,—,—,—,—,—,—,—,—,—,—,—,366715730,—,—,UNKNOWN
passenger (cruise),381780,Spirit of Hudson,Live,U.S.A.,66,1984,-2'gt,—,Single,WCF3327,93,—,Blount Marine Corporation,Warren(USA),46.00,—,7.00,—,—,3.00,—,—,Unknown Engine Designer,Unknown Owners,—,Norfolk,—,Unknown Owners,—,Unknown Owners,—,Unknown Owners,—,Unknown Owners,—,—,—,—,—,—,—,—,—,—,—,—,366926020,—,—,UNKNOWN
passenger (cruise),381842,Miss Freedom,Live,U.S.A.,74,1977,-2'gt,30,Single,WYF7443,98,CL-207,Blount Marine Corporation,Warren(USA),40.00,—,10.00,—,—,—,—,—,Unknown Engine Designer,Unknown Owners,—,—,—,Unknown Owners,—,Unknown Owners,—,Unknown Owners,—,Unknown Owners,—,—,—,—,—,—,—,—,—,—,—,—,367059290,—,—,UNKNOWN
passenger (cruise),381847,Circle Line XVI,Live,U.S.A.,203,1934,-2'gt,—,Single,WY4524,298,—,—,"",—,—,4.00,—,—,4.50,—,—,Unknown Engine Designer,Circle Line-Sightseeing Yachts Incorporated,United States of America,New York,—,Circle Line-Sightseeing Yachts Incorporated,United States of America,Circle Line-Sightseeing Yachts Incorporated,United States of America,Circle Line-Sightseeing Yachts Incorporated,United States of America,Circle Line-Sightseeing Yachts Incorporated,United States of America,—,—,—,—,—,—,—,—,—,—,—,367032310,—,—,3306PCTA
passenger (cruise),381895,San Francisco Belle,Live,U.S.A.,1396,1994,2'-10'gt,—,Single,—,4600,—,—,"",89.00,—,23.00,—,—,2.00,—,—,Unknown Engine Designer,Alaska Marine Lines Incorporated,United States of America,—,—,Lynden Incorporated,United States of America,Alaska Marine Lines Incorporated,United States of America,Dongbo Shipping Company Limited,United States of America,Alaska Marine Lines Incorporated,United States of America,—,—,—,—,—,—,—,—,—,—,—,367006980,—,—,12V28/32
passenger (cruise),381896,Majestic Star,Live,U.S.A.,587,2000,-2'gt,—,Single,WDA5578,97,215,Marine Builders Inc,"",40.00,—,16.00,10.06,3.00,3.00,0.00,—,Unknown Engine Designer,Unknown Owners,—,New York,—,Unknown Owners,—,Unknown Owners,—,Unknown Owners,—,Unknown Owners,—,—,—,—,—,—,—,—,—,—,—,—,366821590,—,—,UNKNOWN
passenger (cruise),382025,Empire State,Live,U.S.A.,65,1993,-2'gt,—,Single,WCD6211,95,P-289,—,"",27.00,—,7.00,—,3.00,3.00,0.00,—,Unknown Engine Designer,Port Imperial Ferry Corporation,United States of America,—,—,Port Imperial Ferry Corporation,United States of America,Port Imperial Ferry Corporation,United States of America,New York Waterway,United States of America,Port Imperial Ferry Corporation,United States of America,—,—,—,—,—,—,—,—,—,—,—,—,—,—,UNKNOWN
passenger (cruise),382114,Jubilation,Live,U.S.A.,15,1979,-2'gt,5,Single,WQZ9630,17,—,—,Long Beach,12.04,—,3.78,—,2.13,—,—,—,Unknown Engine Designer,Gerald Brownell,United States of America,Los Angeles,—,Gerald Brownell,United States of America,Gerald Brownell,United States of America,Gerald Brownell,United States of America,Gerald Brownell,United States of America,—,—,—,—,—,—,—,—,—,—,—,—,—,—,UNKNOWN
passenger (cruise),382337,Alexander Hamilton,Live,U.S.A.,65,1989,-2'gt,29,Single,WDC2088,95,341,Gulf Craft LLC,Patterson,26.60,—,—,7.31,2.65,—,—,—,Unknown Engine Designer,Port Imperial Ferry Corporation,United States of America,New York,—,Port Imperial Ferry Corporation,United States of America,Port Imperial Ferry Corporation,United States of America,New York Waterway,United States of America,Port Imperial Ferry Corporation,United States of America,—,—,—,—,—,—,—,—,—,—,—,366987610,—,—,UNKNOWN
passenger (cruise),382388,Harbor King,Live,U.S.A.,51,1958,-2'gt,—,Single,WCY3492,77,—,—,Stockton,20.00,—,10.00,7.53,2.44,—,—,—,Unknown Engine Designer,Unknown Owners,—,San Francisco,—,Unknown Owners,—,Unknown Owners,—,Unknown Owners,—,Unknown Owners,—,—,—,—,—,—,—,—,—,—,—,—,366975770,—,—,UNKNOWN
passenger (cruise),382441,Atlantis,Live,U.S.A.,64,2004,-2'gt,29,Single,WDC3559,94,KBDYMI651204,—,"",220.00,—,43.00,9.60,—,24.80,—,—,Unknown Engine Designer,Unknown Owners,—,New York,—,Unknown Owners,—,Unknown Owners,—,Unknown Owners,—,Unknown Owners,—,—,—,—,—,—,—,—,—,—,—,8990990,367010190,—,—,UNKNOWN
passenger (cruise),382574,Destiny,Live,U.S.A.,78,1997,-2'gt,28,Single,WDD8746,98,205,—,"",26.00,—,10.00,4.57,2.41,2.00,0.41,—,Unknown Engine Designer,Circle Line-Sightseeing Yachts Incorporated,United States of America,New York,—,Circle Line-Sightseeing Yachts Incorporated,United States of America,Circle Line-Sightseeing Yachts Incorporated,United States of America,Circle Line-Sightseeing Yachts Incorporated,United States of America,Circle Line-Sightseeing Yachts Incorporated,United States of America,—,—,—,—,—,—,—,—,—,—,—,367302270,—,—,UNKNOWN
passenger (cruise),382587,John James Audubon,Live,U.S.A.,65,1982,-2'gt,30,Single,WDE8037,98,WD 243,Blount Marine Corporation,Warren(USA),35.00,—,7.00,—,—,8.70,—,—,Unknown Engine Designer,Unknown Owners,—,New York,—,Unknown Owners,—,Unknown Owners,—,Unknown Owners,—,Unknown Owners,—,—,—,—,—,—,—,—,—,—,—,—,367400770,—,—,UNKNOWN
passenger (cruise),382718,Miss Dana,Live,U.S.A.,48,1989,-2'gt,18,Single,WAD8305,60,—,—,Jeanerette,20.00,—,7.00,—,—,2.00,—,—,Unknown Engine Designer,Unknown Owners,—,—,—,Unknown Owners,—,Unknown Owners,—,Unknown Owners,—,Unknown Owners,—,—,—,—,—,—,—,—,—,—,—,—,366964110,—,—,UNKNOWN
passenger (cruise),382902,Aman Dua,Live,Malaysia,67,1995,-2'gt,—,Single,9MBZ6,222,-,Yong Choo Kui Shipyard Sendirian Berhad,Sibu,41.00,—,6.00,5.50,2.75,1.90,0.85,—,Unknown Engine Designer,Madai Shipping,Malaysia,Port Klang,—,Madai Shipping,Malaysia,Madai Shipping,Malaysia,Madai Shipping,Malaysia,Madai Shipping,Malaysia,—,—,—,—,—,—,—,—,—,—,8888501,533933000,1491,2000,YANMAR DIESEL
passenger (cruise),382913,Ocean Star II,Live,Indonesia,—,1995,-2'gt,—,Single,YB4541,109,—,Chiong Brothers Shipyard Company,Sibu,98.00,—,16.00,5.20,—,1.60,—,—,Unknown Engine Designer,Unknown Owners,—,Samarinda,—,Unknown Owners,—,Unknown Owners,—,Unknown Owners,—,Unknown Owners,—,—,—,—,—,—,—,—,—,—,—,8999817,525019306,232,311,YANMAR DIESEL
passenger (cruise),382916,Malaysia Express 1,Live,Malaysia,59,2001,-2'gt,35,Single,9MER2,194,34,P.T.Palindo,Tanjung Pinang,32.00,—,7.00,7.00,3.50,—,—,—,Unknown Engine Designer,Tunas Rupat Utama Express,Malaysia,Port Klang,—,Tunas Rupat Utama Express,Malaysia,Tunas Rupat Utama Express,Malaysia,Tunas Rupat Utama Express,Malaysia,Tunas Rupat Utama Express,Malaysia,—,—,—,—,Tunas Rupat Utama Express,Malaysia,—,—,—,—,8980074,533711000,1050,1408,D2842LE
passenger (cruise),382949,Abraham Lincoln,Live,U.S.A.,65,1989,-2'gt,29,Single,WDC2286,95,342,Gulf Craft LLC,Patterson,26.00,—,8.00,—,—,24.80,—,—,Unknown Engine Designer,Port Imperial Ferry Corporation,United States of America,New York,—,Port Imperial Ferry Corporation,United States of America,Port Imperial Ferry Corporation,United States of America,New York Waterway,United States of America,Port Imperial Ferry Corporation,United States of America,—,—,—,—,—,—,—,—,—,—,—,366990620,—,—,UNKNOWN
passenger (cruise),383578,Miss Venus,Live,U.S.A.,67,2004,-2'gt,—,Single,WDD3506,99,107,—,Larose,52.00,—,8.00,—,—,2.50,—,—,Unknown Engine Designer,Unknown Owners,—,—,—,Unknown Owners,—,Unknown Owners,—,Unknown Owners,—,Unknown Owners,—,—,—,—,—,—,—,—,—,—,—,—,367132370,—,—,UNKNOWN
passenger (cruise),383690,Chantece G.,Live,U.S.A.,64,1977,-2'gt,—,Single,WCX8574,95,77-06-0168,Swiftship Shipbuilders LLC,Morgan City,—,—,—,—,—,—,—,—,Unknown Engine Designer,Unknown Owners,—,New Orleans,—,Unknown Owners,—,Unknown Owners,—,Unknown Owners,—,Unknown Owners,—,—,—,—,—,—,—,—,—,—,—,—,366984710,—,—,UNKNOWN
passenger (cruise),383697,Gari Ellen,Live,U.S.A.,64,1979,-2'gt,29,Single,WAH7419,94,—,—,"",30.00,—,8.00,—,—,2.50,—,—,Unknown Engine Designer,Unknown Owners,—,—,—,Unknown Owners,—,Unknown Owners,—,Unknown Owners,—,Unknown Owners,—,—,—,—,—,—,—,—,—,—,—,—,366968420,—,—,UNKNOWN
passenger (cruise),383745,C. Radiant,Live,Nigeria,67,2001,-2'gt,—,Single,5NIU5,99,1264,Breaux Brothers Enterprises Incorporated,Loreauville,50.29,44.55,10.00,9.66,—,8.50,—,—,Unknown Engine Designer,Rangk Limited,Nigeria,—,—,Rangk Limited,Nigeria,Rangk Limited,Nigeria,Rangk Limited,Nigeria,Rangk Limited,Nigeria,—,—,—,—,—,—,—,—,—,—,8968349,657937000,—,—,UNKNOWN
passenger (cruise),383819,Delfin Junior,Live,Norway,—,1977,-2'gt,—,Single,LFII,44,—,—,"",5.00,—,17.00,—,—,0.10,—,—,Unknown Engine Designer,Unknown Owners,—,—,—,Unknown Owners,—,Unknown Owners,—,Unknown Owners,—,Unknown Owners,—,—,—,—,—,—,—,—,—,—,—,—,257198600,—,—,UNKNOWN
passenger (cruise),383935,Kalama,Live,U.S.A.,65,2009,-2'gt,29,Single,WAA6310,94,1157,VT Halter Marine,New Orleans,35.00,—,16.00,—,—,2.50,—,—,Unknown Engine Designer,Unknown Owners,—,Seattle,—,Unknown Owners,—,Unknown Owners,—,Unknown Owners,—,Unknown Owners,—,—,—,—,—,—,—,—,—,—,—,—,366773010,—,—,UNKNOWN
passenger (cruise),384021,Madeline B,Live,U.S.A.,64,1978,-2'gt,29,Single,WAG7789,94,—,Orange Shipbuilding Company Incorporated,Orange,45.00,—,5.00,—,—,2.50,—,—,Unknown Engine Designer,Unknown Owners,—,—,—,Unknown Owners,—,Unknown Owners,—,Unknown Owners,—,Unknown Owners,—,—,—,—,—,—,—,—,—,—,—,—,366983900,—,—,UNKNOWN
passenger (cruise),384066,Circle Line XI,Live,U.S.A.,192,1932,-2'gt,—,Single,WK2178,283,—,—,Bath(USA),—,—,—,—,—,3.00,—,—,Unknown Engine Designer,Unknown Owners,—,New York,—,Unknown Owners,—,Unknown Owners,—,Unknown Owners,—,Unknown Owners,—,—,—,—,—,—,—,—,—,—,—,—,367032190,158,212,3306PCTA
passenger (cruise),384072,Cornucopia Majesty,Live,U.S.A.,646,1993,-2'gt,—,Single,WDB7679,951,166,Service Marine Industries Incorporated,Morgan City,53.00,—,21.00,19.81,4.11,2.50,1.61,—,Unknown Engine Designer,Unknown Owners,—,—,—,Unknown Owners,—,Unknown Owners,—,Unknown Owners,—,Unknown Owners,—,—,—,—,—,—,—,—,—,—,—,—,366946090,896,1202,3406TA
passenger (cruise),384142,Samuel P.,Live,U.S.A.,65,1995,-2'gt,—,Single,WDA6049,219,1652,Breaux Brothers Enterprises Incorporated,Loreauville,—,—,—,7.98,3.35,—,—,—,Unknown Engine Designer,R & R Boats Incorporated,United States of America,Chalmette,—,R & R Boats Incorporated,United States of America,R & R Boats Incorporated,United States of America,R & R Boats Incorporated,United States of America,R & R Boats Incorporated,United States of America,—,—,—,—,—,—,—,—,—,—,8982589,366827130,375,503,12V-71-TI
passenger (cruise),384334,Gwaihir,Live,Italy,—,2005,-2'gt,25,Single,IVMO,24,01,Cantieri Navale Boschetti,Cesenatico,28.70,24.00,—,7.15,—,—,—,—,Unknown Engine Designer,SOC. Mizar s.r.l,Italy,Trapani,—,SOC. Mizar s.r.l,Italy,SOC. Mizar s.r.l,Italy,SOC. Mizar s.r.l,Italy,SOC. Mizar s.r.l,Italy,—,—,—,—,Genship Management & Naval Services S.r.l.,Italy,—,—,—,—,—,247142800,146,198,UNKNOWN
passenger (cruise),384436,Audrey C.,Live,U.S.A.,67,1974,-2'gt,—,Single,WDB9463,99,123,Universal Iron Works Incorporated,Houma,35.00,—,8.00,—,—,—,—,—,Unknown Engine Designer,James Cheramie Boat Rental Incorporated,United States of America,New Orleans,—,James Cheramie Boat Rental Incorporated,United States of America,James Cheramie Boat Rental Incorporated,United States of America,James Cheramie Boat Rental Incorporated,United States of America,James Cheramie Boat Rental Incorporated,United States of America,—,—,—,—,—,—,—,—,—,—,—,366976150,—,—,UNKNOWN
passenger (cruise),384468,Freedom IV,Live,Australia,—,2005,-2'gt,33,Single,VMQ9912,290,-,—,Australia,35.44,—,10.00,—,—,1.40,—,Cummins Incorporated,Cummins Incorporated,Unknown Owners,—,Gladstone,—,Unknown Owners,—,Unknown Owners,—,Unknown Owners,—,Unknown Owners,—,—,—,—,—,—,—,—,—,—,—,9374105,503538700,1285,1723,KTA-50
passenger (cruise),384636,Darina - Si,Live,U.S.A.,68,1994,-2'gt,—,Single,WDH9268,89,395,Gulf Craft LLC,Patterson,—,—,—,—,—,—,—,—,Unknown Engine Designer,General Electric Capital Corporation,United States of America,Cameron,—,General Electric Capital Corporation,United States of America,General Electric Capital Corporation,United States of America,General Electric Capital Corporation,United States of America,General Electric Capital Corporation,United States of America,—,—,—,—,—,—,—,—,—,—,—,338027000,—,—,UNKNOWN
passenger (cruise),384648,Miss Anne,Live,U.S.A.,48,1987,-2'gt,18,Single,WTN4465,60,L-10,—,"",—,—,—,6.10,1.83,—,—,—,Unknown Engine Designer,Unknown Owners,—,New Orleans,—,Unknown Owners,—,Unknown Owners,—,Unknown Owners,—,Unknown Owners,—,—,—,—,—,—,—,—,—,—,—,—,367001540,—,—,UNKNOWN
passenger (cruise),384852,N.267,Live,Italy,17,2005,-2'gt,—,Single,—,25,231,Cantiere Navale de Poli S.p.A.,Pellestrina,21.85,20.63,—,3.60,1.50,0.97,0.53,—,Unknown Engine Designer,Azienda del Consorzio Trasporti Veneziano (A.C.T.V.) SpA,Italy,Venice,—,Azienda del Consorzio Trasporti Veneziano (A.C.T.V.) SpA,Italy,Azienda del Consorzio Trasporti Veneziano (A.C.T.V.) SpA,Italy,Azienda del Consorzio Trasporti Veneziano (A.C.T.V.) SpA,Italy,Azienda del Consorzio Trasporti Veneziano (A.C.T.V.) SpA,Italy,—,—,—,—,—,—,—,—,—,—,—,—,—,—,UNKNOWN
passenger (cruise),385225,Ice Dancer II,Live,U.S.A.,30,,-2'gt,12,Single,WDC8090,38,—,—,"",10.00,—,6.00,—,—,—,—,—,Unknown Engine Designer,Unknown Owners,—,—,—,Unknown Owners,—,Unknown Owners,—,Unknown Owners,—,Unknown Owners,—,—,—,—,—,—,—,—,—,—,—,—,367081520,—,—,UNKNOWN
passenger (cruise),385492,Tornado Express,Live,U.S.A.,67,1980,-2'gt,30,Single,WQZ7029,98,0934,VT Halter Marine,Chalmette,32.00,—,6.00,—,—,0.20,—,—,Unknown Engine Designer,Offshore Express Incorporated,United States of America,New Orleans,—,Offshore Express Incorporated,United States of America,Offshore Express Incorporated,United States of America,Offshore Express Incorporated,United States of America,Offshore Express Incorporated,United States of America,—,—,—,—,—,—,—,—,—,—,—,366976820,—,—,UNKNOWN
passenger (cruise),385516,Beethoven,Live,France,—,2004,-2'gt,—,Single,FM3546,176,—,—,"",115.00,—,—,11.40,—,—,—,—,Unknown Engine Designer,Croisi Europe,France,Strasbourg,—,Croisi Europe,France,Croisi Europe,France,Croisi Europe,France,Croisi Europe,France,—,—,—,—,—,—,—,—,—,—,—,227720480,—,—,4BT3.9
passenger (cruise),385538,Capt. Jordan,Live,U.S.A.,38,1974,-2'gt,—,Single,WDE3615,55,7,—,Amelia,—,—,—,—,—,2.00,—,—,Unknown Engine Designer,Dac Marine LLC,United States of America,Lafitte,—,Dac Marine LLC,United States of America,Dac Marine LLC,United States of America,Dac Marine LLC,United States of America,Dac Marine LLC,United States of America,—,—,—,—,—,—,—,—,—,—,—,367341630,—,—,UNKNOWN
passenger (cruise),385589,Rapid Runner,Live,U.S.A.,68,1997,-2'gt,—,Single,—,98,—,—,Chalmette,—,—,—,—,—,—,—,—,Unknown Engine Designer,Laborde Marine LLC,United States of America,—,—,Laborde Marine LLC,United States of America,Laborde Marine LLC,United States of America,Laborde Marine LLC,United States of America,Laborde Marine LLC,United States of America,—,—,—,—,—,—,—,—,—,—,—,366827190,—,—,UNKNOWN
passenger (cruise),385602,Manana,Live,U.S.A.,20,1993,-2'gt,—,Single,—,25,LHR38082B393,—,St. Augustine,21.00,—,6.00,—,—,24.80,—,—,Unknown Engine Designer,Unknown Owners,—,Miami,—,Unknown Owners,—,Unknown Owners,—,Unknown Owners,—,Unknown Owners,—,—,—,—,—,—,—,—,—,—,—,—,—,—,—,UNKNOWN
passenger (cruise),385639,GIS Pearl,Live,U.S.A.,75,1993,-2'gt,—,Single,WDG6846,99,—,Breaux Brothers Enterprises Incorporated,Loreauville,40.01,40.01,—,8.23,12.00,7.00,5.00,—,Unknown Engine Designer,GIS Marine LLC,United States of America,New Orleans,—,GIS Marine LLC,United States of America,GIS Marine LLC,United States of America,GIS Marine LLC,United States of America,GIS Marine LLC,United States of America,—,—,—,—,—,—,—,—,—,—,8977742,367561290,—,3160,UNKNOWN
passenger (cruise),385656,Parinas,Live,Panama,—,1989,-2'gt,—,Single,HP5008,211,—,Breaux Brothers Enterprises Incorporated,Loreauville,—,—,—,—,—,—,—,—,Unknown Engine Designer,IMI Del Peru SAC,Peru,Panama,—,IMI Del Peru SAC,Peru,IMI Del Peru SAC,Peru,IMI Del Peru SAC,Peru,IMI Del Peru SAC,Peru,—,—,General Electric Capital Structured Finance Group,United States of America,—,—,—,—,—,—,8976920,—,—,—,3306PCTA
passenger (cruise),3857946,Admiral,Live,Poland,—,1967,-2'gt,—,Single,—,45,M-600,Stocznia Marynarki Wojennej Shipbuilding,Gdynia,19.04,—,—,—,—,—,—,—,Unknown Engine Designer,ADMIR Firma Handlowo Uslugowa S.C.,Unknown,Wladyslawowo,—,ADMIR Firma Handlowo Uslugowa S.C.,Unknown,ADMIR Firma Handlowo Uslugowa S.C.,Unknown,ADMIR Firma Handlowo Uslugowa S.C.,Unknown,ADMIR Firma Handlowo Uslugowa S.C.,Unknown,—,—,—,—,—,—,—,—,—,—,—,—,—,—,UNKNOWN
passenger (cruise),385894,San Juan Clipper,Live,U.S.A.,60,1990,-2'gt,—,Single,WDH9703,235,P-272,—,"",—,—,—,8.69,2.29,—,—,—,Unknown Engine Designer,Clipper Navigation Incorporated,United States of America,Seattle,—,FRS GmbH & Company KG,Germany,Clipper Navigation Incorporated,United States of America,Clipper Navigation Incorporated,United States of America,Clipper Navigation Incorporated,United States of America,—,—,—,—,—,—,—,—,—,—,8745096,366902890,—,—,12V-71-TI
passenger (cruise),386011,Punta Faro,Live,Colombia,—,2005,-2'gt,—,Single,—,3,—,—,"",—,—,—,—,—,—,—,—,Unknown Engine Designer,Unknown Owners,—,—,—,Unknown Owners,—,Unknown Owners,—,Unknown Owners,—,Unknown Owners,—,—,—,—,—,—,—,—,—,—,—,—,—,—,—,UNKNOWN
passenger (cruise),386388,Diamond Mine,Live,U.S.A.,—,1994,-2'gt,—,Single,WDP4445,98,1215,Breaux Brothers Enterprises Incorporated,Loreauville,135.00,—,—,8.23,12.00,7.00,5.00,—,Unknown Engine Designer,Enesel S.A.,Greece,—,—,Enesel Group,Greece,Enesel S.A.,Greece,Jewel Marine Incorporated,Marshall Islands,Enesel S.A.,Greece,—,—,—,—,—,—,—,—,—,—,9111254,367590950,—,—,UNKNOWN
passenger (cruise),386512,Dimond I,Live,Anguilla,43,2005,-2'gt,—,Single,ZGNDIOMOND,53,308,Midship Marine Incorporated,New Orleans,—,15.49,—,5.49,2.13,—,—,—,Unknown Engine Designer,Midship Marine Incorporated,United States of America,—,—,Midship Marine Incorporated,United States of America,Midship Marine Incorporated,United States of America,Early Bird II,United States of America,Midship Marine Incorporated,United States of America,—,—,—,—,—,—,—,—,—,—,—,—,—,—,UNKNOWN
passenger (cruise),386525,Valdez Spirit,Live,U.S.A.,59,2005,-2'gt,66,Single,WDC5717,87,820995D05,All American Marine,Bellingham,25.29,—,—,8.89,2.38,0.96,1.42,—,Wartsila Corporation,Stephens Cruises,United States of America,Valdez,—,Stephens Cruises,United States of America,Stephens Cruises,United States of America,Stephens Cruises,United States of America,Stephens Cruises,United States of America,—,—,—,—,—,—,—,—,—,—,9370020,367045440,597,800,L6170A
passenger (cruise),386548,Charlott,Live,Colombia,—,2005,-2'gt,—,Single,—,6,—,—,"",—,—,—,—,—,—,—,—,Unknown Engine Designer,Unknown Owners,—,—,—,Unknown Owners,—,Unknown Owners,—,Unknown Owners,—,Unknown Owners,—,—,—,—,—,—,—,—,—,—,—,—,—,—,—,UNKNOWN
passenger (cruise),386560,Evolution,Live,Colombia,—,2005,-2'gt,—,Single,—,7,—,—,"",—,—,—,—,—,—,—,—,Unknown Engine Designer,Unknown Owners,—,—,—,Unknown Owners,—,Unknown Owners,—,Unknown Owners,—,Unknown Owners,—,—,—,—,—,—,—,—,—,—,—,—,—,—,—,UNKNOWN
passenger (cruise),386640,Grand Romance,Live,U.S.A.,70,1991,-2'gt,—,Single,WDC3436,99,976443/01,—,"",41.00,—,12.00,—,—,1.00,—,—,Unknown Engine Designer,Western Marine Charters Incorporated,United States of America,Napa,—,Western Marine Charters Incorporated,United States of America,Western Marine Charters Incorporated,United States of America,Western Marine Charters Incorporated,United States of America,Western Marine Charters Incorporated,United States of America,—,—,—,—,—,—,—,—,—,—,—,367007830,—,—,UNKNOWN
passenger (cruise),386958,Fou de Bassan,Live,France,—,2005,-2'gt,20,Single,FGA2376,125,248,Estaleiros Navais do Mondego S.A.,Figueira da Foz,22.35,—,—,6.50,2.27,1.02,1.25,—,Unknown Engine Designer,Marine Concept Sarl,France,—,—,Marine Concept Sarl,France,Marine Concept Sarl,France,Marine Concept Sarl,France,Marine Concept Sarl,France,—,—,—,—,—,—,—,—,—,—,9375484,—,268,359,3406E-TA
passenger (cruise),386965,Lovund Express,Live,Norway,44,2006,-2'gt,30,Single,LNYQ,111,12,AS Maaloy Verft,Deknepoll,22.10,—,—,7.60,2.70,—,—,SAAB-Scania A/B,SAAB-Scania A/B,SpareBank 1 Finans Nord-Norge AS,Norway,Aalesund,—,Sparebank 1 SMN,Norway,SpareBank 1 Finans Nord-Norge AS,Norway,SpareBank 1 Finans Nord-Norge AS,Norway,SpareBank 1 Finans Nord-Norge AS,Norway,—,—,—,—,—,—,—,—,—,—,9375472,259664000,506,678,DI16-43M
passenger (cruise),387033,Melissa Ann,Live,U.S.A.,39,1988,-2'gt,18,Single,WDC507,60,-,Nichols Bros. Boat Builders Incorporated,Freeland,22.00,—,10.00,—,—,1.50,—,—,Unknown Engine Designer,Unknown Owners,—,Seward,—,Unknown Owners,—,Unknown Owners,—,Unknown Owners,—,Unknown Owners,—,—,—,—,—,—,—,—,—,—,—,—,367715000,—,—,UNKNOWN
passenger (cruise),387218,Jin Ping,Live,China,1009,1980,2'-10'gt,1561,Single,BLRC,2574,—,Hudong-Zhonghua Shipbuilding (Group) Company Limited,Shanghai,104.21,93.00,—,13.74,7.80,4.90,2.90,—,B&W Diesel A/S,Zhejiang Shipping Group Company Limited,People's Republic of China,Zhoushan,—,Zhejiang Communications Investment Group Company Limited,People's Republic of China,Zhejiang Shipping Group Company Limited,People's Republic of China,Zhejiang Shipping Group Company Limited,People's Republic of China,Zhejiang Shipping Group Company Limited,People's Republic of China,—,—,—,—,—,—,—,—,—,—,8426755,412402820,3952,5300,6K45GF
passenger (cruise),387219,Acob Express 1,Live,Malaysia,64,2005,-2'gt,40,Single,9MG02,212,1422,P.T.Palindo,Tanjung Pinang,35.80,31.85,7.10,6.80,2.43,1.25,1.18,Caterpillar Incorporated,Unknown Engine Designer,PD Marine Services Sendirian Berhad,Malaysia,Port Klang,—,PD Marine Services Sendirian Berhad,Malaysia,PD Marine Services Sendirian Berhad,Malaysia,PD Marine Services Sendirian Berhad,Malaysia,PD Marine Services Sendirian Berhad,Malaysia,—,—,—,—,—,—,—,—,—,—,9373125,533002600,809,1100,D2842LE
passenger (cruise),387459,Sea Hawk,Live,U.S.A.,74,2005,-2'gt,—,Single,WDC4870,310,—,—,"",—,—,—,5.30,2.80,—,—,—,Unknown Engine Designer,Unknown Owners,—,—,—,Unknown Owners,—,Unknown Owners,—,Unknown Owners,—,Unknown Owners,—,—,—,—,—,—,—,—,—,—,—,—,303612000,—,—,12V2000M70
passenger (cruise),387475,Eurodam,Live,Netherlands,53711,2008,60'-100'gt,9125,Single,PHOS,86273,6149,Fincantieri-Cantieri Navali Italiani S.p.A. Venice,Venice,285.43,254.12,32.26,32.25,36.98,8.00,28.98,—,Mak Motoren GmbH & Company KG,HAL Antillen N.V.,Curacao,Rotterdam,—,Carnival Corporation,United States of America,HAL Antillen N.V.,Curacao,HAL Antillen N.V.,Curacao,Holland America Line N.V.,United States of America,—,—,—,—,Holland America Line N.V.,United States of America,Unknown,Unknown,Unknown Scrubber Manufacturer,—,9378448,245206000,13788,18490,12M43C
passenger (cruise),387480,Nieuw Amsterdam,Live,Netherlands,53711,2010,60'-100'gt,8754,Single,PBWQ,86273,6181,Fincantieri-Cantieri Navali Italiani S.p.A. Venice,Venice,285.22,254.00,—,32.24,10.80,8.02,2.78,Caterpillar Motoren Rostock GmbH,Mak Motoren GmbH & Company KG,HAL Antillen N.V.,Curacao,Rotterdam,—,Carnival Corporation,United States of America,HAL Antillen N.V.,Curacao,HAL Antillen N.V.,Curacao,Carnival Corporation,United States of America,—,—,—,—,Holland America Line N.V.,United States of America,Unknown,Unknown,Unknown Scrubber Manufacturer,—,9378450,246648000,17600,18491,12M43C
passenger (cruise),387491,Ruby Princess,Live,Bermuda,85676,2008,100'-150'gt,8400,Single,ZCDY2,113561,6150,Fincantieri-Cantieri Navali Italiani S.p.A. Monfalcone,Monfalcone,289.61,242.28,50.50,36.00,20.55,8.45,12.10,Fincantieri-Cantieri Navali Italiani S.p.A.,Wartsila Corporation,Princess Cruise Lines Limited,United States of America,Hamilton,—,Carnival Corporation,United States of America,Princess Cruise Lines Limited,United States of America,Princess Cruise Lines Limited,United States of America,Princess Cruise Lines Limited,United States of America,—,—,—,—,Princess Cruise Lines Limited,United States of America,Unknown,Unknown,kpPlast,—,9378462,310567000,67065,89936,12V46
passenger (cruise),387495,Carnival Dream,Live,Panama,112127,2009,100'-150'gt,13815,Single,3ETA7,128251,6151,Fincantieri-Cantieri Navali Italiani S.p.A. Monfalcone,Monfalcone,305.47,—,—,37.20,11.21,11.21,0.00,—,Unknown Engine Designer,Carnival Corporation (Carnival Cruise Line),United States of America,Panama,—,Carnival Corporation,United States of America,Carnival Corporation (Carnival Cruise Line),United States of America,Carnival Corporation (Carnival Cruise Line),United States of America,Carnival Corporation (Carnival Cruise Line),United States of America,—,—,—,—,Carnival Corporation (Carnival Cruise Line),United States of America,Unknown,Unknown,Unknown Scrubber Manufacturer,—,9378474,370490000,—,—,12V46
passenger (cruise),387501,Carnival Magic,Live,Panama,62789,2011,100'-150'gt,13800,Single,3ETA8,128048,6167,Fincantieri-Cantieri Navali Italiani S.p.A. Monfalcone,Monfalcone,305.45,266.30,—,37.00,11.21,8.19,3.02,Fincantieri-Cantieri Navali Italiani S.p.A.,Wartsila Corporation,Carnival Corporation (Carnival Cruise Line),United States of America,Panama,—,Carnival Corporation,United States of America,Carnival Corporation (Carnival Cruise Line),United States of America,Carnival Corporation (Carnival Cruise Line),United States of America,Carnival Corporation (Carnival Cruise Line),United States of America,—,—,—,—,Carnival Corporation (Carnival Cruise Line),United States of America,Unknown,Unknown,Unknown Scrubber Manufacturer,—,9378486,370491000,12600,17131,12V46
passenger (cruise),387705,Mr Row,Live,U.S.A.,309,2001,-2'gt,—,Single,WDF8500,309,1715,Breaux Brothers Enterprises Incorporated,Loreauville,—,—,—,9.14,3.66,—,—,—,Unknown Engine Designer,Mr Row LLC,United States of America,—,—,Mr Row LLC,United States of America,Mr Row LLC,United States of America,Mr Row LLC,United States of America,Mr Row LLC,United States of America,—,—,—,—,—,—,—,—,—,—,8967539,367495520,—,—,12V2000M70
passenger (cruise),387755,Lady Madi,Live,U.S.A.,52,1994,-2'gt,—,Single,WDF9483,77,392,Gulf Craft LLC,Patterson,—,—,—,7.80,2.99,2.00,0.99,—,Unknown Engine Designer,Lady Madi LLC,United States of America,New Orleans,—,Lady Madi LLC,United States of America,Lady Madi LLC,United States of America,Lady Madi LLC,United States of America,Lady Madi LLC,United States of America,—,—,—,—,—,—,—,—,—,—,8977429,367505620,—,—,UNKNOWN
passenger (cruise),387839,Miss Ashley,Live,U.S.A.,66,1981,-2'gt,30,Single,WDA5809,98,115,—,Bayou La Batre,33.00,—,9.00,—,—,3.00,—,—,Unknown Engine Designer,Offshore Express Incorporated,United States of America,New Orleans,—,Offshore Express Incorporated,United States of America,Offshore Express Incorporated,United States of America,Offshore Express Incorporated,United States of America,Offshore Express Incorporated,United States of America,—,—,—,—,—,—,—,—,—,—,—,366824040,—,—,UNKNOWN
passenger (cruise),387841,Int'l Spirit,Live,U.S.A.,66,1979,-2'gt,30,Single,WDD5536,98,—,Offshore Trawlers Incorporated,Bayou La Batre,33.00,—,8.00,—,—,2.50,—,—,Unknown Engine Designer,International Offshore Services LLC,United States of America,Patterson,—,International Offshore Services LLC,United States of America,International Offshore Services LLC,United States of America,International Marine LLC,United States of America,International Offshore Services LLC,United States of America,—,—,—,—,—,—,—,—,—,—,—,367159780,—,—,UNKNOWN
passenger (cruise),387999,Maritime Instructor,Live,U.S.A.,22,1961,-2'gt,23,Single,WCW8625,75,CGC82337,—,"",30.00,—,8.00,5.27,—,3.30,—,—,Unknown Engine Designer,Washington State of Seattle Maritime Academy,United States of America,Seattle,—,Washington State of Seattle Maritime Academy,United States of America,Washington State of Seattle Maritime Academy,United States of America,Washington State of Seattle Maritime Academy,United States of America,Washington State of Seattle Maritime Academy,United States of America,—,—,—,—,—,—,—,—,—,—,—,303556000,—,—,UNKNOWN
passenger (cruise),388187,Catalina Spirit,Live,U.S.A.,60,1984,-2'gt,27,Single,WDJ3865,88,8011,Westport Shipyard Incorporated (WSY),Westport(WA USA),25.00,—,7.00,—,—,1.80,—,—,Unknown Engine Designer,Unknown Owners,—,Valdez,—,Unknown Owners,—,Unknown Owners,—,Unknown Owners,—,Unknown Owners,—,—,—,—,—,—,—,—,—,—,—,—,366889830,—,—,UNKNOWN
passenger (cruise),388600,Costa Pacifica,Live,Italy,87300,2009,100'-150'gt,10000,Single,ICJA,114425,6148,Fincantieri-Cantieri Navali Italiani S.p.A. Genoa,Genoa,289.59,247.70,35.50,35.50,14.18,8.30,5.88,—,Wartsila Corporation,Costa Crociere S.p.A.,Italy,Genoa,—,Carnival Corporation,United States of America,Costa Crociere S.p.A.,Italy,Costa Crociere S.p.A.,Italy,Carnival Maritime GmbH,Germany,—,—,—,—,Carnival Maritime GmbH,Germany,Unknown,Unknown,kpPlast,—,9378498,247258100,21000,28161,12V46
passenger (cruise),389308,Let it Ride,Live,U.S.A.,76,2005,-2'gt,—,Single,WDC8584,96,—,—,"",23.00,—,6.00,5.79,3.35,2.00,1.35,—,Unknown Engine Designer,Arthur Kontos,United States of America,—,—,Arthur Kontos,United States of America,Arthur Kontos,United States of America,Arthur Kontos,United States of America,Arthur Kontos,United States of America,—,—,—,—,—,—,—,—,—,—,—,367089620,—,—,UNKNOWN
passenger (cruise),389806,Silver Sturgeon,Live,U.K.,—,1997,-2'gt,—,Single,—,1003,—,—,"",—,—,—,—,—,—,—,—,Unknown Engine Designer,Silver Fleet - Woods River Cruises Limited,United Kingdom,—,—,Silver Fleet - Woods River Cruises Limited,United Kingdom,Silver Fleet - Woods River Cruises Limited,United Kingdom,Silver Fleet - Woods River Cruises Limited,United Kingdom,Silver Fleet - Woods River Cruises Limited,United Kingdom,—,—,—,—,—,—,—,—,—,—,8643377,—,224,300,3406TA
passenger (cruise),390311,Bjornsholm,Live,Denmark,63,1916,-2'gt,—,Single,OXXM,169,—,—,"",30.00,—,6.00,—,—,2.50,—,—,Unknown Engine Designer,Spar Shipping ApS,Denmark,Copenhagen,—,Spar Shipping ApS,Denmark,Spar Shipping ApS,Denmark,Spar Shipping ApS,Denmark,Spar Shipping ApS,Denmark,—,—,—,—,—,—,—,—,—,—,5161158,219385000,296,397,1312MHI
passenger (cruise),3907369,Arabella,Live,U.S.A.,114,1983,-2'gt,—,Single,WDG8486,208,186,Palmer Johnson Yachts,Sturgeon Bay,36.82,36.82,—,7.37,5.41,3.87,1.54,Caterpillar Incorporated,Caterpillar Incorporated,Atlantic Star Lines LLC,United States of America,Newport,—,Atlantic Star Lines LLC,United States of America,Atlantic Star Lines LLC,United States of America,Atlantic Star Lines LLC,United States of America,Atlantic Star Lines LLC,United States of America,—,—,—,—,—,—,—,—,—,—,8201272,367578020,158,215,3306
passenger (cruise),390753,Katie Lynn,Live,U.S.A.,60,1981,-2'gt,—,Single,WDC8864,89,—,—,"",30.00,—,18.00,—,—,3.00,—,—,Unknown Engine Designer,KMJ Services Incorporated,United States of America,—,—,KMJ Services Incorporated,United States of America,KMJ Services Incorporated,United States of America,KMJ Services Incorporated,United States of America,KMJ Services Incorporated,United States of America,—,—,—,—,—,—,—,—,—,—,—,367094220,—,—,UNKNOWN
passenger (cruise),390794,Shoreline IX,Live,U.S.A.,39,1981,-2'gt,17,Single,WTL7598,57,—,Breaux Brothers Enterprises Incorporated,Loreauville,20.00,—,5.00,—,—,24.80,—,—,Unknown Engine Designer,Amak Towing Company Incorporated,United States of America,—,—,Amak Towing Company Incorporated,United States of America,Amak Towing Company Incorporated,United States of America,Amak Towing Company Incorporated,United States of America,Amak Towing Company Incorporated,United States of America,—,—,—,—,—,—,—,—,—,—,—,367190130,—,—,UNKNOWN
passenger (cruise),390920,Sea Friend Ho,Live,South Korea,—,1995,-2'gt,24,Single,—,136,TH1626,Mitsui Engineering & Shipbuilding Company Limited,Tamano,30.30,28.31,8.30,8.30,3.15,1.35,1.81,—,Unknown Engine Designer,Aquamarine Incorporated,Republic of Korea,Mokpo,—,Aquamarine Incorporated,Republic of Korea,Aquamarine Incorporated,Republic of Korea,Aquamarine Incorporated,Republic of Korea,Aquamarine Incorporated,Republic of Korea,—,—,IBK Capital Corporation,Republic of Korea,—,—,—,—,—,—,9113393,440302060,1141,1530,S16R-MTK-S
passenger (cruise),390934,Dona Samy,Live,Colombia,—,2006,-2'gt,—,Single,—,5,—,—,"",—,—,—,—,—,—,—,—,Unknown Engine Designer,Unknown Owners,—,—,—,Unknown Owners,—,Unknown Owners,—,Unknown Owners,—,Unknown Owners,—,—,—,—,—,—,—,—,—,—,—,2941375,—,—,—,UNKNOWN
passenger (cruise),390948,Romario,Live,Colombia,—,2006,-2'gt,—,Single,—,5,—,—,"",—,—,—,—,—,—,—,—,Unknown Engine Designer,Unknown Owners,—,—,—,Unknown Owners,—,Unknown Owners,—,Unknown Owners,—,Unknown Owners,—,—,—,—,—,—,—,—,—,—,—,2941507,—,—,—,UNKNOWN
passenger (cruise),390999,Tyson B.,Live,U.S.A.,67,1964,-2'gt,30,Single,WAP9747,99,—,—,New Orleans,77.00,—,—,33.00,10.20,—,—,—,Unknown Engine Designer,Ships Services Incorporated,United States of America,—,—,Ships Services Incorporated,United States of America,Ships Services Incorporated,United States of America,Ships Services Incorporated,United States of America,Ships Services Incorporated,United States of America,—,—,—,—,—,—,—,—,—,—,7100859,367079040,395,530,UNKNOWN
passenger (cruise),392091,Waverider,Live,U.S.A.,49,1997,-2'gt,—,Single,WDC3398,72,—,Westport Shipyard Incorporated (WSY),Westport(WA USA),—,—,—,—,—,—,—,—,Unknown Engine Designer,Unknown Owners,—,Honolulu,—,Unknown Owners,—,Unknown Owners,—,Unknown Owners,—,Unknown Owners,—,—,—,—,—,—,—,—,—,—,—,—,367007260,—,—,UNKNOWN
passenger (cruise),392094,U.T.M.1,Live,Nigeria,60,1990,-2'gt,502,Single,5NJV,201,4,—,Patterson,36.34,15.15,—,10.80,2.60,1.85,0.75,—,Unknown Engine Designer,UTM Dredging Limited,Nigeria,—,—,UTM Dredging Limited,Nigeria,UTM Dredging Limited,Nigeria,UTM Dredging Limited,Nigeria,UTM Dredging Limited,Nigeria,—,—,—,—,—,—,—,—,—,—,8978227,—,375,503,12V-71-TI
passenger (cruise),392223,W.L.Callahan,Live,U.S.A.,29,1991,-2'gt,22,Single,WDC2166,72,90M,—,Anacortes,9.00,—,8.00,—,—,2.50,—,—,Unknown Engine Designer,Unknown Owners,—,—,—,Unknown Owners,—,Unknown Owners,—,Unknown Owners,—,Unknown Owners,—,—,—,—,—,—,—,—,—,—,—,—,366988880,—,—,UNKNOWN
passenger (cruise),392291,Jimmie G.,Live,U.S.A.,60,1982,-2'gt,—,Single,WDC4709,89,138,Offshore Trawlers Incorporated,Bayou La Batre,32.00,—,8.00,—,—,3.00,—,—,Unknown Engine Designer,Unknown Owners,—,Mobile,—,Unknown Owners,—,Unknown Owners,—,Unknown Owners,—,Unknown Owners,—,—,—,—,—,—,—,—,—,—,—,—,366901470,—,—,UNKNOWN
passenger (cruise),392767,Oasis of the Seas,Live,Bahamas,257429,2009,150'+ gt,15000,Single,C6XS7,226838,1363,STX Finland OY - SEE NOW AS Arctech Helsinki Shipyard Incorporated,Turku,360.00,329.89,60.50,47.00,22.55,9.32,13.25,Wartsila SACM,Wartsila Corporation,Royal Caribbean Cruises Limited (RCL),United States of America,Nassau,—,Royal Caribbean Cruises Limited (RCL),United States of America,Royal Caribbean Cruises Limited (RCL),United States of America,Oasis of the Seas Incorporated,Bahamas,Royal Caribbean Cruises Limited (RCL),United States of America,—,—,—,—,Royal Caribbean Cruises Limited (RCL),United States of America,Unknown,Unknown,kpPlast,Retrofit,9383936,311020600,28140,38259,16V46
passenger (cruise),392768,Allure of the Seas,Live,Bahamas,242999,2010,150'+ gt,19750,Single,C6XS8,225282,1364,Meyer Turku OY,Turku,360.00,329.95,60.50,47.00,22.50,9.32,13.18,—,Wartsila Corporation,Royal Caribbean Cruises Limited (RCL),United States of America,Nassau,—,Royal Caribbean Cruises Limited (RCL),United States of America,Royal Caribbean Cruises Limited (RCL),United States of America,Allure of the Seas Incorporated,Bahamas,Royal Caribbean Cruises Limited (RCL),United States of America,—,—,—,—,Royal Caribbean Cruises Limited (RCL),United States of America,Unknown,Unknown,kpPlast,Retrofit,9383948,311020700,24990,33976,16V46
passenger (cruise),393232,Mary J.,Live,U.S.A.,122,1979,-2'gt,—,Single,WDC4235,180,—,—,"",8.00,—,8.00,—,—,—,—,—,Unknown Engine Designer,Unknown Owners,—,—,—,Unknown Owners,—,Unknown Owners,—,Unknown Owners,—,Unknown Owners,—,—,—,—,—,—,—,—,—,—,—,—,367021330,172,231,8V-71-N
passenger (cruise),393267,Weesam Express 8,Live,Malaysia,—,2006,-2'gt,85,Single,9WGM9,900,2489,Yong Choo Kui Shipyard Sendirian Berhad,Sibu,43.47,39.83,4.72,—,2.13,1.40,0.73,Cummins Incorporated,Cummins Incorporated,SRN Fast Seacrafts Incorporated,Philippines,Kuching,—,SRN Fast Seacrafts Incorporated,Philippines,SRN Fast Seacrafts Incorporated,Philippines,SRN Fast Seacrafts Incorporated,Philippines,SRN Fast Seacrafts Incorporated,Philippines,—,—,—,—,—,—,—,—,—,—,9385465,—,1268,1700,KTA-50
passenger (cruise),394362,Cooper River,Live,U.S.A.,22,1990,-2'gt,8,Single,WAQ9841,27,—,—,"",16.00,—,5.00,—,—,1.30,—,—,Unknown Engine Designer,Unknown Owners,—,—,—,Unknown Owners,—,Unknown Owners,—,Unknown Owners,—,Unknown Owners,—,—,—,—,—,—,—,—,—,—,—,—,366867370,—,—,UNKNOWN
passenger (cruise),394763,Steilacoom,Live,U.S.A.,285,1936,-2'gt,—,Single,WYL6353,420,—,—,"",—,—,—,—,—,—,—,—,Unknown Engine Designer,Unknown Owners,—,—,—,Unknown Owners,—,Unknown Owners,—,Unknown Owners,—,Unknown Owners,—,—,—,—,—,—,—,—,—,—,—,—,—,172,231,8V-71-N
passenger (cruise),394811,Tanja,Live,Germany,—,,Unknown size,1,Single,DKOA,3,—,—,"",24.00,—,7.00,—,—,—,—,—,Unknown Engine Designer,Unknown Owners,—,—,—,Unknown Owners,—,Unknown Owners,—,Unknown Owners,—,Unknown Owners,—,—,—,—,—,—,—,—,—,—,—,—,211224970,—,—,UNKNOWN
passenger (cruise),394812,Monika,Live,Germany,—,1922,Unknown size,1,Single,DIUN,2,—,—,Kiel,6.00,—,24.00,—,—,0.20,—,—,Unknown Engine Designer,Reederei Jens Lietzow,Germany,—,—,Reederei Jens Lietzow,Germany,Reederei Jens Lietzow,Germany,Reederei Jens Lietzow,Germany,Reederei Jens Lietzow,Germany,—,—,—,—,—,—,—,—,—,—,—,211226220,—,—,UNKNOWN
passenger (cruise),395238,Typhoon Express,Live,U.S.A.,67,1980,-2'gt,30,Single,WQZ7385,98,0935,VT Halter Marine,Chalmette,32.00,—,6.00,—,—,0.50,—,—,Unknown Engine Designer,Offshore Express Incorporated,United States of America,New Orleans,—,Offshore Express Incorporated,United States of America,Offshore Express Incorporated,United States of America,Offshore Express Incorporated,United States of America,Offshore Express Incorporated,United States of America,—,—,—,—,—,—,—,—,—,—,—,366976830,—,—,UNKNOWN
passenger (cruise),395265,Endeavour,Live,U.S.A.,17,2000,-2'gt,—,Single,WCZ7695,21,EW138PSH30,—,"",—,—,—,4.27,1.83,—,—,—,Unknown Engine Designer,Unknown Owners,—,—,—,Unknown Owners,—,Unknown Owners,—,Unknown Owners,—,Unknown Owners,—,—,—,—,—,—,—,—,—,—,—,—,338041601,—,—,UNKNOWN
passenger (cruise),395459,Hollie Marie,Live,U.S.A.,—,1950,-2'gt,29,Single,WDC2042,95,—,—,"",—,—,—,—,—,—,—,—,Unknown Engine Designer,Unknown Owners,—,—,—,Unknown Owners,—,Unknown Owners,—,Unknown Owners,—,Unknown Owners,—,—,—,—,—,—,—,—,—,—,—,—,366986880,—,—,UNKNOWN
passenger (cruise),395615,Corsaro I,Live,Italy,32,1960,-2'gt,—,Single,IWSH,47,—,—,"",—,26.96,—,6.76,1.83,—,—,Iveco Aifo Spa,Iveco Motors,Mareogliastra Lines Srl,Italy,Porto Torres,—,Mareogliastra Lines Srl,Italy,Mareogliastra Lines Srl,Italy,Mareogliastra Lines Srl,Italy,Mareogliastra Lines Srl,Italy,—,—,—,—,Mareogliastra Lines Srl,Italy,—,—,—,—,—,247238800,147,200,8281SRM50.11
passenger (cruise),395630,I Tre Fratelli,Live,Italy,11,1968,-2'gt,—,Single,—,32,—,—,Torre del Greco,—,19.68,—,4.47,—,—,—,Volvo Penta AB,Volvo Penta AB,Starpesca S.M.C.,Italy,Porto Torres,—,Starpesca S.M.C.,Italy,Starpesca S.M.C.,Italy,Starpesca S.M.C.,Italy,Starpesca S.M.C.,Italy,—,—,—,—,Starpesca S.M.C.,Italy,—,—,—,—,—,—,220,299,TMD121C
passenger (cruise),395638,Marco Polo II,Live,Italy,16,1968,-2'gt,—,Single,—,23,—,Cantieri Navali Baglietto S.p.A.,Italy,19.85,19.15,—,4.20,1.47,—,—,Iveco Motors,Fiat Avio SpA,Marina Shipping SNC,Italy,Arbatax,—,Marina Shipping SNC,Italy,Marina Shipping SNC,Italy,Marina Shipping SNC,Italy,Marina Shipping SNC,Italy,—,—,—,—,—,—,—,—,—,—,—,—,294,400,821M
passenger (cruise),395846,Turcali,Live,Italy,11,2003,-2'gt,7,Single,IJAI,24,40,—,Italy,21.05,17.40,—,5.44,1.97,1.01,0.96,Volvo Penta AB,Volvo Penta AB,Timon Sarda S.n.c.,Italy,Cala Gonone,—,Timon Sarda S.n.c.,Italy,Timon Sarda S.n.c.,Italy,Timon Sarda S.n.c.,Italy,Timon Sarda S.n.c.,Italy,—,—,—,—,Timon Sarda S.n.c.,Italy,—,—,—,—,—,247209100,292,396,TMA100C
passenger (cruise),396041,Sealark,Dead,Unknown,—,1951,Unknown size,—,Single,—,,—,—,"",—,—,—,—,—,—,—,—,Unknown Engine Designer,Unknown Owners,—,—,—,—,—,—,—,—,—,—,—,—,—,—,—,—,—,—,—,—,—,—,—,—,—,UNKNOWN
passenger (cruise),396168,Alv-Snabben 4,Live,Sweden,—,1994,-2'gt,—,Single,SHOU,231,—,Batservice Mandal Verft AS,Mandal,8.00,—,32.00,—,—,0.20,—,—,Unknown Engine Designer,A/B Goteborg-Styrso Skargardstrafik,Sweden,—,—,A/B Goteborg-Styrso Skargardstrafik,Sweden,A/B Goteborg-Styrso Skargardstrafik,Sweden,A/B Goteborg-Styrso Skargardstrafik,Sweden,A/B Goteborg-Styrso Skargardstrafik,Sweden,—,—,—,—,—,—,—,—,—,—,9107069,265514130,283,380,12V183TE72
passenger (cruise),396254,New Atlantic,Live,U.S.A.,39,2002,-2'gt,—,Single,—,128,—,—,Tacoma,28.00,—,6.00,—,—,—,—,—,Unknown Engine Designer,Unknown Owners,—,—,—,Unknown Owners,—,Unknown Owners,—,Unknown Owners,—,Unknown Owners,—,—,—,—,—,—,—,—,—,—,—,—,367105860,245,329,12V2000M70
passenger (cruise),396719,MSC Poesia,Live,Panama,64502,2008,60'-100'gt,10201,Single,3EPL4,92627,S32,Chantiers de l'Atlantique,St. Nazaire,293.80,269.14,—,32.20,10.60,7.85,2.75,Converteam Limited,Alstom Sao Paulo,MSC Crociere (Mediterranean Shipping Cruises) S.p.A.,Italy,Panama,—,Mediterranean Shipping Company S.A. (MSC),Switzerland,MSC Crociere (Mediterranean Shipping Cruises) S.p.A.,Italy,Poesia Cruise Limited,United Kingdom,MSC Cruise Management (UK) Limited,United Kingdom,—,—,S32 Leasing Company Limited,United Kingdom,MSC Cruise Management (UK) Limited,United Kingdom,Unknown,Unknown,Unknown Scrubber Manufacturer,—,9387073,355931000,18025,24172,M3HXD300-160-14
passenger (cruise),396720,MSC Magnifica,Live,Panama,66135,2010,60'-100'gt,9429,Single,3FLO4,95213,T32,Chantiers de l'Atlantique,St. Nazaire,293.80,269.14,—,32.30,18.29,7.85,10.44,Wartsila Finland oy,Wartsila Corporation,Mediterranean Shipping Company S.A. (MSC),Switzerland,Panama,—,Mediterranean Shipping Company S.A. (MSC),Switzerland,Mediterranean Shipping Company S.A. (MSC),Switzerland,Newco Magnifica SA,Panama,MSC Cruise Management (UK) Limited,United Kingdom,—,—,—,—,MSC Cruise Management (UK) Limited,United Kingdom,Unknown,Unknown,Unknown Scrubber Manufacturer,Retrofit,9387085,352594000,9860,13406,16V38B
passenger (cruise),396911,Orka,Live,Germany,—,2006,Unknown size,1,Single,DK 2248,2,—,—,"",6.00,—,18.00,—,—,0.10,—,—,Unknown Engine Designer,Unknown Owners,—,—,—,Unknown Owners,—,Unknown Owners,—,Unknown Owners,—,Unknown Owners,—,—,—,—,—,—,—,—,—,—,—,—,211158050,—,—,UNKNOWN
passenger (cruise),396915,Einigkeit,Live,Germany,—,,-2'gt,18,Single,DJUP,59,—,—,"",6.00,—,18.00,—,—,—,—,—,Unknown Engine Designer,Unknown Owners,—,—,—,Unknown Owners,—,Unknown Owners,—,Unknown Owners,—,Unknown Owners,—,—,—,—,—,—,—,—,—,—,—,—,211224750,—,—,UNKNOWN
passenger (cruise),396916,Christa,Live,Germany,—,,Unknown size,1,Single,DJYI,2,—,—,"",6.00,—,23.00,—,—,0.30,—,—,Unknown Engine Designer,Unknown Owners,—,—,—,Unknown Owners,—,Unknown Owners,—,Unknown Owners,—,Unknown Owners,—,—,—,—,—,—,—,—,—,—,—,—,211224810,—,—,UNKNOWN
passenger (cruise),396917,Hauke,Live,Germany,—,2006,-2'gt,1,Single,DJHU,43,—,—,Unknown,6.00,—,18.00,6.00,—,—,—,—,Unknown Engine Designer,Unknown Owners,—,—,—,Unknown Owners,—,Unknown Owners,—,Unknown Owners,—,Unknown Owners,—,—,—,—,—,—,—,—,—,—,—,—,211225350,—,—,UNKNOWN
passenger (cruise),396919,Nordwind,Live,Germany,37,1968,-2'gt,—,Single,Y3GE,89,—,—,"",22.00,—,6.00,—,—,0.20,—,—,Unknown Engine Designer,Unknown Owners,—,—,—,Unknown Owners,—,Unknown Owners,—,Unknown Owners,—,Unknown Owners,—,—,—,—,—,—,—,—,—,—,—,—,211225800,—,—,UNKNOWN
passenger (cruise),396920,Hanseat 2,Live,Germany,—,2006,Unknown size,—,Single,DKAJ,1,—,—,"",5.00,—,28.00,—,—,—,—,—,Unknown Engine Designer,Unknown Owners,—,—,—,Unknown Owners,—,Unknown Owners,—,Unknown Owners,—,Unknown Owners,—,—,—,—,—,—,—,—,—,—,—,—,211226680,—,—,UNKNOWN
passenger (cruise),396923,Antje D.,Live,Germany,—,,Unknown size,—,Single,DJZD,,—,—,"",6.00,—,21.00,—,—,0.40,—,—,Unknown Engine Designer,Unknown Owners,—,—,—,Unknown Owners,—,Unknown Owners,—,Unknown Owners,—,Unknown Owners,—,—,—,—,—,—,—,—,—,—,—,—,211226920,—,—,UNKNOWN
passenger (cruise),396926,Dana,Live,Germany,54,1968,-2'gt,24,Single,DJNZ,116,1364,Kroeger Werft GmbH & Company KG,Rendsburg,24.53,21.30,22.00,6.70,2.35,1.41,0.94,Deutz MWM AG,Deutz MWM AG,Frank Moller GmbH,Germany,Timmendorfer Strand,—,Frank Moller GmbH,Germany,Frank Moller GmbH,Germany,Frank Moller GmbH,Germany,Frank Moller GmbH,Germany,—,—,—,—,—,—,—,—,—,—,8745890,211304260,487,653,RHS518S
passenger (cruise),396927,Boltenhagen,Live,Germany,47,2001,-2'gt,34,Single,DBRK,130,1299,Ustaoglu Yat & Gemi Sanayi Ticaret Limited Sirketi,Eregli,25.13,23.00,23.00,5.98,3.21,2.00,1.21,—,MAN Energy Solutions SE,Marco Weisse,Germany,Tarnewitz,—,Marco Weisse,Germany,Marco Weisse,Germany,Marco Weisse,Germany,Marco Weisse,Germany,—,—,—,—,—,—,—,—,—,—,—,211314840,250,335,D2866E
passenger (cruise),396928,Insel Rugen,Live,Germany,45,2001,-2'gt,—,Single,DBRI,134,1301,Ustaoglu Yat & Gemi Sanayi Ticaret Limited Sirketi,Eregli,25.22,23.00,25.00,5.98,3.21,2.08,1.13,—,Unknown Engine Designer,Fred Lojewski Reederei Lojewski,Germany,Sassnitz,—,Fred Lojewski Reederei Lojewski,Germany,Fred Lojewski Reederei Lojewski,Germany,Fred Lojewski Reederei Lojewski,Germany,Fred Lojewski Reederei Lojewski,Germany,—,—,—,—,—,—,—,—,—,—,8745929,211314850,250,—,UNKNOWN
passenger (cruise),396974,Freya,Live,Germany,—,1905,-2'gt,—,Single,DJHK,200,—,—,Unknown,11.00,—,51.00,—,—,0.20,—,—,Unknown Engine Designer,Unknown Owners,—,—,—,Unknown Owners,—,Unknown Owners,—,Unknown Owners,—,Unknown Owners,—,—,—,—,—,—,—,—,—,—,—,8657031,211324790,—,—,SBF12M716
passenger (cruise),396993,Harle Sand,Dead,Germany,53,1972,-2'gt,62,Single,—,113,116,Schiffswerft Julius Diedrich GmbH & Company KG,Oldersum,29.54,26.00,—,5.20,1.50,1.00,0.50,—,Unknown Engine Designer,Warrings,—,Carolinensiel,—,—,—,—,—,—,—,—,—,—,—,—,—,—,—,—,—,—,—,—,—,—,—,UNKNOWN
passenger (cruise),397005,King Arthur,Live,U.S.A.,63,1980,-2'gt,28,Single,WDD5554,92,0240,Swiftship Shipbuilders LLC,"",32.00,—,8.00,—,—,2.00,—,—,Unknown Engine Designer,Unknown Owners,—,Galveston,—,Unknown Owners,—,Unknown Owners,—,Unknown Owners,—,Unknown Owners,—,—,—,The Frost National Bank,United States of America,—,—,—,—,—,—,—,367160030,—,—,UNKNOWN
passenger (cruise),397213,Navark Archipel,Live,Canada,75,1972,-2'gt,—,Single,—,110,—,—,"",20.00,—,—,7.13,—,1.50,—,—,Unknown Engine Designer,Croisieres Navark Incorporated,Canada,Montreal,—,Croisieres Navark Incorporated,Canada,Croisieres Navark Incorporated,Canada,Croisieres Navark Incorporated,Canada,Croisieres Navark Incorporated,Canada,—,—,—,—,—,—,—,—,—,—,8229896,316002495,344,368,8V-71-N
passenger (cruise),397237,Colonel,Live,U.S.A.,245,1985,-2'gt,—,Single,WCU3258,360,—,—,"",220.00,—,43.00,11.58,2.50,2.00,0.50,—,Unknown Engine Designer,Unknown Owners,—,—,—,Unknown Owners,—,Unknown Owners,—,Unknown Owners,—,Unknown Owners,—,—,—,—,—,—,—,—,—,—,—,—,366686185,—,—,3306PCTA
passenger (cruise),397369,Circle Line XV,Live,U.S.A.,198,1932,-2'gt,—,Single,WSA8664,291,—,—,Bath(USA),53.00,—,8.00,—,—,8.00,—,—,Unknown Engine Designer,Circle Line-Sightseeing Yachts Incorporated,United States of America,New York,—,Circle Line-Sightseeing Yachts Incorporated,United States of America,Circle Line-Sightseeing Yachts Incorporated,United States of America,Circle Line-Sightseeing Yachts Incorporated,United States of America,Circle Line-Sightseeing Yachts Incorporated,United States of America,—,—,—,—,—,—,—,—,—,—,—,367032280,—,—,3306PCTA
passenger (cruise),397529,Le Bateau Mouche,Live,Canada,75,1992,-2'gt,—,Single,CFB6732,198,—,—,"",37.00,—,7.00,6.55,1.69,0.70,0.99,—,Unknown Engine Designer,Le Bateau Mouche Au Vieux Port Incorporated,Canada,Montreal,—,Le Bateau Mouche Au Vieux Port Incorporated,Canada,Le Bateau Mouche Au Vieux Port Incorporated,Canada,Le Bateau Mouche Au Vieux Port Incorporated,Canada,Le Bateau Mouche Au Vieux Port Incorporated,Canada,—,—,—,—,—,—,—,—,—,—,—,316002655,746,1000,3196DITA
passenger (cruise),397540,Cabaret,Live,U.S.A.,82,1973,-2'gt,—,Single,WTQ3470,98,—,—,Warren(USA),—,—,—,—,—,—,—,—,Unknown Engine Designer,Unknown Owners,—,New York,—,Unknown Owners,—,Unknown Owners,—,Unknown Owners,—,Unknown Owners,—,—,—,—,—,—,—,—,—,—,—,—,366929740,—,—,UNKNOWN
passenger (cruise),397564,Seay Goddess,Live,U.S.A.,55,2004,-2'gt,—,Single,—,69,—,—,"",54.00,—,—,16.00,12.00,—,—,—,Unknown Engine Designer,Seay Goddess Fishing Adventures LLC,United States of America,Rockport,—,Seay Goddess Fishing Adventures LLC,United States of America,Seay Goddess Fishing Adventures LLC,United States of America,Seay Goddess Fishing Adventures LLC,United States of America,Seay Goddess Fishing Adventures LLC,United States of America,—,—,—,—,—,—,—,—,—,—,2943828,—,—,—,UNKNOWN
passenger (cruise),397843,Lorianna,Live,U.S.A.,65,1984,-2'gt,—,Single,WST3634,92,WY252,Blount Marine Corporation,Warren(USA),—,—,—,—,—,—,—,—,Unknown Engine Designer,Unknown Owners,—,New York,—,Unknown Owners,—,Unknown Owners,—,Unknown Owners,—,Unknown Owners,—,—,—,—,—,—,—,—,—,—,—,—,366929760,—,—,UNKNOWN
passenger (cruise),397859,Clasina,Live,Netherlands,—,2006,Unknown size,—,Single,—,,—,—,"",—,—,—,—,—,—,—,—,Unknown Engine Designer,Unknown Owners,—,—,—,Unknown Owners,—,Unknown Owners,—,Unknown Owners,—,Unknown Owners,—,—,—,—,—,—,—,—,—,—,—,—,—,—,—,UNKNOWN
passenger (cruise),397908,Lucky Seven,Live,U.S.A.,7,2000,-2'gt,—,Single,—,7,—,—,Alachua,37.00,—,8.00,—,—,2.30,—,—,Unknown Engine Designer,Larry W. Caudle Jr.,United States of America,—,—,Larry W. Caudle Jr.,United States of America,Larry W. Caudle Jr.,United States of America,Larry W. Caudle Jr.,United States of America,Larry W. Caudle Jr.,United States of America,—,—,—,—,—,—,—,—,—,—,—,367043510,—,—,UNKNOWN
passenger (cruise),397911,Big E,Live,U.S.A.,67,2005,-2'gt,—,Single,WDC3882,98,457,—,Patterson,—,—,—,—,—,2.00,—,—,Unknown Engine Designer,Unknown Owners,—,Freeport,—,Unknown Owners,—,Unknown Owners,—,Unknown Owners,—,Unknown Owners,—,—,—,—,—,—,—,—,—,—,—,—,367015730,—,—,UNKNOWN
passenger (cruise),397960,Billy McCall,Live,U.S.A.,66,1990,-2'gt,—,Single,WDB7807,98,343,Gulf Craft LLC,Patterson,—,—,—,—,—,7.50,—,—,Unknown Engine Designer,Unknown Owners,—,—,—,Unknown Owners,—,Unknown Owners,—,Unknown Owners,—,Unknown Owners,—,—,—,—,—,—,—,—,—,—,—,—,366748630,—,—,UNKNOWN
passenger (cruise),397972,Coastal Runner,Live,U.S.A.,60,1981,-2'gt,—,Single,WDG9985,89,—,Offshore Trawlers Incorporated,Bayou La Batre,—,—,—,—,—,—,—,—,Unknown Engine Designer,Coastal Towing LLC,United States of America,—,—,Coastal Towing LLC,United States of America,Coastal Towing LLC,United States of America,Coastal Towing LLC,United States of America,Coastal Towing LLC,United States of America,—,—,—,—,—,—,—,—,—,—,—,367593220,—,—,UNKNOWN
passenger (cruise),398032,Big Banana,Live,Colombia,—,2006,-2'gt,—,Single,—,7,—,—,"",—,—,—,—,—,—,—,—,Unknown Engine Designer,Unknown Owners,—,—,—,Unknown Owners,—,Unknown Owners,—,Unknown Owners,—,Unknown Owners,—,—,—,—,—,—,—,—,—,—,—,2943206,—,—,—,UNKNOWN
passenger (cruise),398042,Caguamo,Live,Colombia,—,2006,-2'gt,—,Single,—,3,—,—,"",—,—,—,—,—,—,—,—,Unknown Engine Designer,Unknown Owners,—,—,—,Unknown Owners,—,Unknown Owners,—,Unknown Owners,—,Unknown Owners,—,—,—,—,—,—,—,—,—,—,—,2943244,—,—,—,UNKNOWN
passenger (cruise),398056,La Nina Yasi,Live,Colombia,—,2006,-2'gt,—,Single,—,3,—,—,"",—,—,—,—,—,—,—,—,Unknown Engine Designer,Unknown Owners,—,—,—,Unknown Owners,—,Unknown Owners,—,Unknown Owners,—,Unknown Owners,—,—,—,—,—,—,—,—,—,—,—,2943361,—,—,—,UNKNOWN
passenger (cruise),398065,Nina Paola I,Live,Colombia,—,2006,-2'gt,—,Single,—,5,—,—,"",—,—,—,—,—,—,—,—,Unknown Engine Designer,Unknown Owners,—,—,—,Unknown Owners,—,Unknown Owners,—,Unknown Owners,—,Unknown Owners,—,—,—,—,—,—,—,—,—,—,—,2943440,—,—,—,UNKNOWN
passenger (cruise),398100,Yamyen,Live,Colombia,—,2006,-2'gt,—,Single,—,2,—,—,"",—,—,—,—,—,—,—,—,Unknown Engine Designer,Unknown Owners,—,—,—,Unknown Owners,—,Unknown Owners,—,Unknown Owners,—,Unknown Owners,—,—,—,—,—,—,—,—,—,—,—,2943658,—,—,—,UNKNOWN
passenger (cruise),398199,Catalina Duchess,Live,U.S.A.,66,1991,-2'gt,30,Single,WDD2049,98,AP-5,Steiner Shipbuilding,Bayou La Batre,99.00,—,—,7.32,2.68,2.50,0.18,—,Unknown Engine Designer,ABC Barge & Equipment Incorporated,United States of America,Long Beach,—,ABC Barge & Equipment Incorporated,United States of America,ABC Barge & Equipment Incorporated,United States of America,ABC Barge & Equipment Incorporated,United States of America,ABC Barge & Equipment Incorporated,United States of America,—,—,—,—,—,—,—,—,—,—,—,367110260,—,—,UNKNOWN
passenger (cruise),398207,Circle Line VIII,Live,U.S.A.,187,1942,-2'gt,—,Single,WBN2067,275,—,—,"",50.00,—,8.00,—,—,—,—,—,Unknown Engine Designer,Unknown Owners,—,New York,—,Unknown Owners,—,Unknown Owners,—,Unknown Owners,—,Unknown Owners,—,—,—,—,—,—,—,—,—,—,—,—,367032218,172,231,8V-71-N
passenger (cruise),398371,Sis W,Live,U.S.A.,224,2003,-2'gt,—,Single,—,291,—,—,Manitowoc,39.00,—,8.00,—,—,2.00,—,—,Unknown Engine Designer,Charkes Rudolph Walgreen Jr.,United States of America,—,—,Charkes Rudolph Walgreen Jr.,United States of America,Charkes Rudolph Walgreen Jr.,United States of America,Charkes Rudolph Walgreen Jr.,United States of America,Charkes Rudolph Walgreen Jr.,United States of America,—,—,—,—,—,—,—,—,—,—,—,366905990,245,329,12V2000M70
passenger (cruise),398381,Ostpreussen 1,Live,Germany,—,1950,Unknown size,—,Single,DKLV,,—,—,"",6.00,—,23.00,—,—,2.40,—,—,Unknown Engine Designer,Unknown Owners,—,—,—,Unknown Owners,—,Unknown Owners,—,Unknown Owners,—,Unknown Owners,—,—,—,—,—,—,—,—,—,—,—,—,211223790,—,—,UNKNOWN
passenger (cruise),398415,Inspiration Hornblow,Live,U.S.A.,66,1982,-2'gt,30,Single,WDC6807,98,—,—,"",29.00,—,6.00,—,—,24.80,—,—,Unknown Engine Designer,Unknown Owners,—,—,—,Unknown Owners,—,Unknown Owners,—,Unknown Owners,—,Unknown Owners,—,—,—,—,—,—,—,—,—,—,—,—,367061580,—,—,UNKNOWN
passenger (cruise),398522,Catalina Duke,Live,U.S.A.,54,2003,-2'gt,—,Single,WDI2784,83,—,Yank Boatworks Incorporated,Anacortes,27.00,—,8.00,7.86,2.74,—,—,—,Unknown Engine Designer,ABC Barge & Equipment Incorporated,United States of America,—,—,ABC Barge & Equipment Incorporated,United States of America,ABC Barge & Equipment Incorporated,United States of America,ABC Barge & Equipment Incorporated,United States of America,ABC Barge & Equipment Incorporated,United States of America,—,—,—,—,—,—,—,—,—,—,8986133,367681720,—,—,UNKNOWN
passenger (cruise),398541,John B.,Live,U.S.A.,66,1981,-2'gt,30,Single,WDD2075,98,109,Offshore Trawlers Incorporated,Bayou La Batre,—,—,—,—,—,3.00,—,—,Unknown Engine Designer,Blanchard Offshore Boats Incorporated,United States of America,Houma,—,Blanchard Offshore Boats Incorporated,United States of America,Blanchard Offshore Boats Incorporated,United States of America,Blanchard Offshore Boats Incorporated,United States of America,Blanchard Offshore Boats Incorporated,United States of America,—,—,—,—,—,—,—,—,—,—,—,367110550,—,—,UNKNOWN
passenger (cruise),398659,Royal Evolution,Live,Egypt,301,2006,-2'gt,250,Single,6AEQ,476,112,Suez Shipyard Company,Suez,39.35,35.60,9.00,8.60,3.60,1.80,1.68,Cummins Incorporated,Cummins Incorporated,Red Sea Paradise for Cruises,Arab Republic of Egypt,Suez,—,Red Sea Paradise for Cruises,Arab Republic of Egypt,Red Sea Paradise for Cruises,Arab Republic of Egypt,International Company for Tourism and Diving Limited,Arab Republic of Egypt,Red Sea Paradise for Cruises,Arab Republic of Egypt,—,—,—,—,Red Sea Paradise for Cruises,Arab Republic of Egypt,—,—,—,—,9391191,622170401,820,1114,KTA-38
passenger (cruise),398885,Southern Actor,Live,Norway,128,1950,-2'gt,—,Single,LGYC,428,1202,Smith's Dock Limited,Middlesbrough,47.88,43.97,—,8.38,4.72,—,—,—,Unknown Engine Designer,Sandefjord Kommune,Norway,Sandefjord,—,Sandefjord Kommune,Norway,Sandefjord Kommune,Norway,Sandefjord Kommune,Norway,Sandefjord Kommune,Norway,—,—,—,—,—,—,—,—,—,—,5335228,257015900,—,—,8LXB
passenger (cruise),399121,Samar,Dead,Philippines,—,1950,Unknown size,—,Single,—,,—,—,"",—,—,—,—,—,—,—,—,Unknown Engine Designer,—,—,—,—,—,—,—,—,—,—,—,—,—,—,—,—,—,—,—,—,—,—,—,—,—,—,UNKNOWN
passenger (cruise),399358,Transit,Live,Canada,102,1992,-2'gt,37,Single,CFB7214,120,—,—,Ile aux Coudres,20.42,—,7.00,6.71,1.37,1.00,0.37,—,Unknown Engine Designer,Investissements Navimex Incorporated,Canada,Quebec,—,Investissements Navimex Incorporated,Canada,Investissements Navimex Incorporated,Canada,Croisieres AML Incorporated,Canada,Investissements Navimex Incorporated,Canada,—,—,—,—,—,—,—,—,—,—,—,316002657,608,740,3196DITA
passenger (cruise),399800,Pao Pao 1,Live,Colombia,—,2006,-2'gt,—,Single,—,10,—,—,"",—,—,—,—,—,—,—,—,Unknown Engine Designer,Unknown Owners,—,—,—,Unknown Owners,—,Unknown Owners,—,Unknown Owners,—,Unknown Owners,—,—,—,—,—,—,—,—,—,—,—,2943921,—,—,—,UNKNOWN
passenger (cruise),399806,Vovli,Live,Colombia,—,2006,-2'gt,—,Single,—,5,—,—,"",—,—,—,—,—,—,—,—,Unknown Engine Designer,Unknown Owners,—,—,—,Unknown Owners,—,Unknown Owners,—,Unknown Owners,—,Unknown Owners,—,—,—,—,—,—,—,—,—,—,—,2943983,—,—,—,UNKNOWN
passenger (cruise),399807,Big Easy,Live,U.S.A.,1613,1993,2'-10'gt,388,Single,WDC3752,5379,226,Atlantic Marine Incorporated,Jacksonville,75.00,—,23.00,20.12,—,3.30,—,Caterpillar Incorporated,Unknown Engine Designer,Cruise Holdings II LLC,United States of America,—,—,Cruise Holdings II LLC,United States of America,Cruise Holdings II LLC,United States of America,Cruise Holdings II LLC,United States of America,FleetPro Ocean Incorporated,United States of America,—,—,—,—,—,—,—,—,—,—,8986262,369785000,500,2175,3412TA
passenger (cruise),400150,Seomsarang No.7,Live,South Korea,—,2006,-2'gt,83,Single,—,151,MS05-180,Paekchon Shipbuilding & Engineering Company Limited,Mokpo,44.50,35.50,9.00,9.00,2.10,1.61,0.51,Caterpillar Incorporated,Caterpillar Incorporated,Mokpo Regional Maritime Affairs & Port Office,Republic of Korea,Mokpo,—,Mokpo Regional Maritime Affairs & Port Office,Republic of Korea,Mokpo Regional Maritime Affairs & Port Office,Republic of Korea,Mokpo Regional Maritime Affairs & Port Office,Republic of Korea,Cheongsan Agricultural Cooperative Association,Republic of Korea,—,—,—,—,—,—,—,—,—,—,9380702,440304270,403,540,3412
passenger (cruise),40062,Serena,Dead,Georgia,5574,1957,10'-60'gt,6284,Double Bottom,—,14173,D17,Chantiers de l'Atlantique,St. Nazaire,154.65,—,19.78,19.78,13.17,4.20,4.20,Chantiers de l'Atlantique,B&W Diesel A/S,Indian Breakers,—,—,—,—,—,—,—,—,—,—,—,—,—,—,—,—,—,—,—,—,—,5171115,—,3960,5311,7-62VTF-115
passenger (cruise),400951,MS Toot,Live,U.S.A.,67,1980,-2'gt,—,Single,WDC9819,99,239,Gulf Craft LLC,Patterson,35.00,—,9.00,—,—,24.80,—,—,Unknown Engine Designer,Phil Guilbeau Offshore Incorporated,United States of America,—,—,Phil Guilbeau Offshore Incorporated,United States of America,Phil Guilbeau Offshore Incorporated,United States of America,Phil Guilbeau Offshore Incorporated,United States of America,Phil Guilbeau Offshore Incorporated,United States of America,—,—,—,—,—,—,—,—,—,—,8977156,367107080,—,—,UNKNOWN
passenger (cruise),400978,St.Nicholas,Live,U.S.A.,71,1999,-2'gt,—,Single,WCY9871,89,19,Allen Marine Ways Incorporated,Sitka,78.50,—,28.40,8.66,8.00,—,—,—,Unknown Engine Designer,Allen Marine Tours Incorporated,United States of America,Sitka,—,Allen Marine Tours Incorporated,United States of America,Allen Marine Tours Incorporated,United States of America,Allen Marine Tours Incorporated,United States of America,Allen Marine Tours Incorporated,United States of America,—,—,—,—,—,—,—,—,—,—,—,—,—,—,UNKNOWN
passenger (cruise),401812,Kalmar Nyckel,Live,U.S.A.,50,1998,-2'gt,—,Single,WCY3589,168,ACR13001J598,—,Wilmington(DE USA),46.00,—,18.00,7.32,4.33,3.10,1.23,—,Unknown Engine Designer,Unknown Owners,—,Wilmington,—,Unknown Owners,—,Unknown Owners,—,Unknown Owners,—,Unknown Owners,—,—,—,—,—,—,—,—,—,—,—,—,367004000,1500,2012,12V-71-TI
passenger (cruise),402775,Jacques Cartier,Live,Canada,200,1924,-2'gt,—,Single,VC3920,589,—,Davie Yards Inc,Lauzon,45.00,—,10.68,10.67,3.05,2.20,0.85,—,Unknown Engine Designer,Unknown Owners,—,Quebec,—,Unknown Owners,—,Unknown Owners,—,11169874 Canada Incorporated,Canada,Unknown Owners,—,—,—,—,—,—,—,—,—,—,—,—,316005213,1292,1733,R8V22/30ATL
passenger (cruise),40323,Mikhail Kalinin,Dead,Russia,2315,1958,2'-10'gt,1358,Single,—,5243,—,—,East Germany,122.00,—,16.00,—,7.60,5.30,2.30,—,MAN Energy Solutions SE,Baltic Shipping C.,—,—,—,—,—,—,—,—,—,—,—,—,—,—,—,—,—,—,—,—,—,5234917,—,3095,4150,K6Z57/80C
passenger (cruise),40330,Mikhail Lermontov,Dead,U.S.S.R.,10953,1972,10'-60'gt,4956,Single,—,20352,—,—,East Germany,175.00,—,24.00,—,16.20,8.20,8.00,—,Sulzer Turbomachinery Services,—,—,—,—,—,—,—,—,—,—,—,—,—,—,—,—,—,—,—,—,—,—,7042318,—,7830,10500,7RD76
passenger (cruise),403721,Legend,Live,U.S.A.,75,1966,-2'gt,—,Single,WC14448,98,—,—,"",—,71.40,—,22.30,8.00,—,—,—,Unknown Engine Designer,Shawn Trowbridge,United States of America,San Diego,—,Shawn Trowbridge,United States of America,Shawn Trowbridge,United States of America,Shawn Trowbridge,United States of America,Shawn Trowbridge,United States of America,—,—,—,—,—,—,—,—,—,—,—,—,—,—,UNKNOWN
passenger (cruise),404016,Big Stone Express,Live,U.S.A.,53,1972,-2'gt,24,Single,WCX9178,78,—,—,"",23.00,—,5.00,—,—,1.50,—,—,Unknown Engine Designer,Unknown Owners,—,—,—,Unknown Owners,—,Unknown Owners,—,Unknown Owners,—,Unknown Owners,—,—,—,—,—,—,—,—,—,—,—,—,367068110,—,—,UNKNOWN
passenger (cruise),404586,Cape Aialik,Live,U.S.A.,73,1999,-2'gt,28,Single,WCZ4476,91,20,—,Sitka,13.00,—,8.00,—,2.53,—,—,—,Unknown Engine Designer,Unknown Owners,—,Sitka,—,Unknown Owners,—,Unknown Owners,—,Unknown Owners,—,Unknown Owners,—,—,—,—,—,—,—,—,—,—,—,—,367117510,—,—,UNKNOWN
passenger (cruise),4049826,Revelation,Live,U.S.A.,67,1982,-2'gt,—,Single,WTE5438,98,1516,Breaux Bay Craft Incorporated,Loreauville,36.00,—,8.00,—,—,—,—,—,Unknown Engine Designer,Jade Marine Incorporated,United States of America,New Orleans,—,Jade Marine Incorporated,United States of America,Jade Marine Incorporated,United States of America,Jade Marine Incorporated,United States of America,Jade Marine Incorporated,United States of America,—,—,—,—,—,—,—,—,—,—,—,367132790,—,—,UNKNOWN
passenger (cruise),40505,Sea World,Dead,Unknown,7731,1962,10'-60'gt,3037,Single,—,14324,—,—,"",—,—,—,—,—,—,—,—,Unknown Engine Designer,—,—,—,—,—,—,—,—,—,—,—,—,—,—,—,—,—,—,—,—,—,—,5015957,—,8948,12000,UNKNOWN
passenger (cruise),405535,Sheryll Princess,Live,U.S.A.,61,1972,-2'gt,—,Single,WDC5562,90,—,—,Warren(USA),29.00,—,9.00,—,—,2.00,—,—,Unknown Engine Designer,Unknown Owners,—,—,—,Unknown Owners,—,Unknown Owners,—,Unknown Owners,—,Unknown Owners,—,—,—,—,—,—,—,—,—,—,—,—,367042980,—,—,UNKNOWN
passenger (cruise),405993,Ryan T,Live,U.S.A.,66,1981,-2'gt,30,Single,WDC9570,98,0282,Swiftship Shipbuilders LLC,Morgan City,31.00,—,8.00,—,—,1.20,—,—,Unknown Engine Designer,SCPS LLC,United States of America,Los Angeles,—,SCPS LLC,United States of America,SCPS LLC,United States of America,SCPS LLC,United States of America,SCPS LLC,United States of America,—,—,—,—,—,—,—,—,—,—,8982591,367104050,—,—,UNKNOWN
passenger (cruise),406405,Volvi,Live,Colombia,—,2006,-2'gt,—,Single,—,5,—,—,"",—,—,—,—,—,—,—,—,Unknown Engine Designer,Unknown Owners,—,—,—,Unknown Owners,—,Unknown Owners,—,Unknown Owners,—,Unknown Owners,—,—,—,—,—,—,—,—,—,—,—,2944389,—,—,—,UNKNOWN
passenger (cruise),406990,Mister B,Live,U.S.A.,57,2006,-2'gt,26,Single,WDJ3981,84,-,Chiasson Welding Service,Cut Off,45.00,—,14.00,13.11,3.05,—,—,—,Unknown Engine Designer,Boyson Incorporated,American Virgin Islands,—,—,Boyson Incorporated,American Virgin Islands,Boyson Incorporated,American Virgin Islands,Boyson Incorporated,American Virgin Islands,Boyson Incorporated,American Virgin Islands,—,—,—,—,—,—,—,—,—,—,—,367111590,—,—,UNKNOWN
passenger (cruise),407627,Kalinin Express,Live,U.S.A.,22,1993,-2'gt,8,Single,WBR2333,27,8,Allen Marine Ways Incorporated,Sitka,64.00,—,—,13.00,5.00,—,—,—,Unknown Engine Designer,Allen Marine Tours Incorporated,United States of America,—,—,Allen Marine Tours Incorporated,United States of America,Allen Marine Tours Incorporated,United States of America,Allen Marine Tours Incorporated,United States of America,Allen Marine Tours Incorporated,United States of America,—,—,—,—,—,—,—,—,—,—,—,367329050,—,—,UNKNOWN
passenger (cruise),409018,Little Belle Party Boat,Live,U.S.A.,—,1950,Unknown size,—,Single,—,,—,—,"",—,—,—,—,—,—,—,—,Unknown Engine Designer,Unknown Owners,—,—,—,Unknown Owners,—,Unknown Owners,—,Unknown Owners,—,Unknown Owners,—,—,—,—,—,—,—,—,—,—,—,—,366825050,—,—,UNKNOWN
passenger (cruise),4091319,Bayou State,Live,U.S.A.,19,1985,-2'gt,9,Single,WCZ7836,28,300,Aluminium Boats Incorporated,"",60.00,—,10.00,—,—,—,—,—,Unknown Engine Designer,Unknown Owners,—,—,—,Unknown Owners,—,Unknown Owners,—,Unknown Owners,—,Unknown Owners,—,—,—,—,—,—,—,—,—,—,—,—,367165890,—,—,UNKNOWN
passenger (cruise),409967,Alexandra,Live,Germany,—,1950,Unknown size,—,Single,DJAB,,—,—,"",—,—,—,—,—,—,—,—,Unknown Engine Designer,Unknown Owners,—,—,—,Unknown Owners,—,Unknown Owners,—,Unknown Owners,—,Unknown Owners,—,—,—,—,—,—,—,—,—,—,—,—,211263680,—,—,UNKNOWN
passenger (cruise),41121,Universe,Dead,North Korea,6648,1958,10'-60'gt,8706,Double Bottom,—,13861,467,Ingalls Shipbuilding Corporation,Pascagoula,188.00,173.74,26.90,25.60,13.94,8.40,5.54,General Electric Company,General Electric Company,Indian Breakers,—,Wonsan,—,—,—,—,—,—,—,—,—,—,—,—,—,—,—,—,—,—,—,5050567,—,—,—,GENERAL ELECTRIC TURBINE
passenger (cruise),4121725,Suncruz IX,Live,U.S.A.,77,1995,-2'gt,—,Single,WCX7691,91,—,Marine Builders Inc,Mobile,—,—,—,—,—,—,—,—,—,Vessel Casinos Incorporated,United States of America,Crystal River,—,Vessel Casinos Incorporated,United States of America,Vessel Casinos Incorporated,United States of America,Vessel Casinos Incorporated,United States of America,Vessel Casinos Incorporated,United States of America,—,—,—,—,—,—,—,—,—,—,—,—,—,—,—
passenger (cruise),41231,Mat,Dead,Unknown,7411,1952,10'-60'gt,6558,Double Bottom,—,20046,4507,Massachusetts Heavy Industries,Baltimore,171.81,161.09,23.30,23.17,13.57,8.95,4.62,Bethlehem SB. Corporation,Unknown Engine Designer,Indian Breakers,—,—,—,—,—,—,—,—,—,—,—,—,—,—,—,—,—,—,—,—,—,5240904,—,14159,—,UNKNOWN TURBINE
passenger (cruise),4127179,Altamar I,Live,Colombia,—,2008,-2'gt,—,Single,—,3,—,—,"",—,—,—,—,—,—,—,—,—,Unknown Owners,—,—,—,Unknown Owners,—,Unknown Owners,—,Unknown Owners,—,Unknown Owners,—,—,—,—,—,—,—,—,—,—,—,2962965,—,—,—,—
passenger (cruise),4127398,Eva,Live,Colombia,—,2008,-2'gt,—,Single,—,3,—,—,"",—,—,—,—,—,—,—,—,—,Unknown Owners,—,—,—,Unknown Owners,—,Unknown Owners,—,Unknown Owners,—,Unknown Owners,—,—,—,—,—,—,—,—,—,—,—,2981791,—,—,—,—
passenger (cruise),4127401,J.M.,Live,Colombia,—,2008,-2'gt,—,Single,—,3,—,—,"",—,—,—,—,—,—,—,—,—,Unknown Owners,—,—,—,Unknown Owners,—,Unknown Owners,—,Unknown Owners,—,Unknown Owners,—,—,—,—,—,—,—,—,—,—,—,2987812,—,—,—,—
passenger (cruise),4130808,Capt. Herbert,Live,U.S.A.,78,1982,-2'gt,30,Single,WRG8848,97,5,—,"",22.00,—,9.00,7.71,2.59,2.10,0.49,—,Unknown Engine Designer,Unknown Owners,—,New Orleans,—,Unknown Owners,—,Unknown Owners,—,Unknown Owners,—,Unknown Owners,—,—,—,—,—,—,—,—,—,—,—,—,367008450,—,—,UNKNOWN
passenger (cruise),413311,Imperatrice,Live,Italy,57,2006,-2'gt,30,Single,IFLS2,98,01/2001,—,Sicily,30.70,23.32,7.13,7.13,2.44,—,—,—,Unknown Engine Designer,Nuovo Consorzio Trasporti Marittimi,Italy,Olbia,—,Nuovo Consorzio Trasporti Marittimi,Italy,Nuovo Consorzio Trasporti Marittimi,Italy,Nuovo Consorzio Trasporti Marittimi,Italy,Nuovo Consorzio Trasporti Marittimi,Italy,—,—,—,—,Nuovo Consorzio Trasporti Marittimi,Italy,—,—,—,—,—,247164800,588,799,UNKNOWN
passenger (cruise),413692,Stikine,Live,U.S.A.,1083,2006,2'-10'gt,—,Single,WDC8583,2334,48,Dakota Creek Industries Incorporated,Anacortes,60.35,—,—,16.20,5.30,3.40,1.90,Caterpillar Incorporated,Caterpillar Incorporated,Inter-Island Ferry Authority,United States of America,—,—,Inter-Island Ferry Authority,United States of America,Inter-Island Ferry Authority,United States of America,Inter-Island Ferry Authority,United States of America,Inter-Island Ferry Authority,United States of America,—,—,—,—,—,—,—,—,—,—,9388431,367089610,1103,1500,3512
passenger (cruise),418020,Gulfstream II,Live,Canada,91,1943,-2'gt,—,Single,—,163,—,—,"",—,—,—,5.46,2.10,—,—,—,Unknown Engine Designer,Unknown Owners,—,Vancouver,—,Unknown Owners,—,Unknown Owners,—,Unknown Owners,—,Unknown Owners,—,—,—,—,—,—,—,—,—,—,—,—,—,172,450,8V-71-N
passenger (cruise),419421,Uto Express,Live,Sweden,—,1981,-2'gt,—,Single,SJYC,188,—,—,"",—,—,—,—,—,—,—,—,Unknown Engine Designer,Unknown Owners,—,—,—,Unknown Owners,—,Unknown Owners,—,Unknown Owners,—,Unknown Owners,—,—,—,—,—,—,—,—,—,—,—,8030350,265530460,—,—,DSI11
passenger (cruise),42145,Aegean Odyssey,Live,Panama,4183,1973,10'-60'gt,4174,Double Bottom,HOBW,12094,617,Damen Shipyards Galatz S.A.,Galatz,140.50,111.50,20.80,20.80,9.80,6.57,3.22,Pielstick (Blohm & Voss) Semt,Semt Pielstick SA,Aegean Odyssey Maritime Company SA,Greece,Panama,—,Aegean Odyssey Maritime Company SA,Greece,Aegean Odyssey Maritime Company SA,Greece,Aegean Odyssey Maritime Company SA,Greece,Aegean Experience Maritime Company Limited,Greece,—,—,—,—,Aegean Experience Maritime Company Limited,Greece,—,—,—,—,7225910,374757000,5220,7000,14PC2-2V-400
passenger (cruise),42200,Carib Vacationer,Live,Unknown,2056,1971,2'-10'gt,1680,Single,—,2431,601,"N.V. Scheepswerf en Machinefabriek ""De Merwede"" v/h Van Vliet & Company - NO LONGER BUILDERS, NOW SEE IHC MERWEDE SHIPYARD B.V.",Hardinxveld,76.82,66.53,13.01,13.01,7.50,3.65,3.85,Deutz MWM AG,Deutz MWM AG,Cariva Incorporated N.V.,Curacao,—,—,Cariva Incorporated N.V.,Curacao,Cariva Incorporated N.V.,Curacao,Cariva Incorporated N.V.,Curacao,Cariva Incorporated N.V.,Curacao,—,—,—,—,—,—,—,—,—,—,7038214,—,1342,1800,RHS345SU
passenger (cruise),42246,Sea,Dead,Bahamas,9019,1957,10'-60'gt,3885,Single,—,23292,—,—,Italy,192.00,167.85,24.90,24.90,15.37,8.50,6.87,Gotaverken Cityvarvet AB,Gotaverken Cityvarvet AB,Unknown Owners,—,Nassau,—,—,—,—,—,—,—,—,—,—,—,—,—,—,—,—,—,—,—,5136361,—,6040,8100,GOTAVERKEN DIESEL
passenger (cruise),424029,La Tuya,Live,Colombia,—,2006,-2'gt,—,Single,—,7,—,—,"",—,—,—,—,—,—,—,—,Unknown Engine Designer,Unknown Owners,—,—,—,Unknown Owners,—,Unknown Owners,—,Unknown Owners,—,Unknown Owners,—,—,—,—,—,—,—,—,—,—,—,2945503,—,—,—,UNKNOWN
passenger (cruise),424047,Silva,Live,Colombia,—,2006,-2'gt,—,Single,—,23,—,—,"",—,—,—,—,—,—,—,—,Unknown Engine Designer,Unknown Owners,—,—,—,Unknown Owners,—,Unknown Owners,—,Unknown Owners,—,Unknown Owners,—,—,—,—,—,—,—,—,—,—,—,2945553,—,—,—,UNKNOWN
passenger (cruise),42443,Neptune,Dead,Greece,1077,1955,2'-10'gt,642,Single,—,2972,104,Aalborg Vaerft,Aalborg,90.00,83.83,13.72,13.72,7.47,5.40,2.07,B&W Diesel A/S,B&W Diesel A/S,Epirotiki C.,—,—,—,—,—,—,—,—,—,—,—,—,—,—,—,—,—,—,—,—,—,5233535,—,3729,5000,B&W DIESEL
passenger (cruise),426922,Lyna,Live,Norway,—,2006,Unknown size,—,Single,LK5397,,—,—,"",—,—,—,—,—,—,—,—,Unknown Engine Designer,Vinnes Skyssbatservice A/S,Norway,—,—,Vinnes Skyssbatservice A/S,Norway,Vinnes Skyssbatservice A/S,Norway,Vinnes Skyssbatservice A/S,Norway,Vinnes Skyssbatservice A/S,Norway,—,—,—,—,—,—,—,—,—,—,—,257269600,—,—,UNKNOWN
passenger (cruise),427533,Atlantica,Live,U.S.A.,66,2003,-2'gt,30,Single,WDB4209,98,265,—,"",35.00,—,—,10.36,3.20,—,—,—,Unknown Engine Designer,Unknown Owners,—,New York,—,Unknown Owners,—,Unknown Owners,—,Unknown Owners,—,Unknown Owners,—,—,—,—,—,—,—,—,—,—,—,—,366895970,—,—,UNKNOWN
passenger (cruise),4278568,Jewel,Live,U.S.A.,65,1985,-2'gt,29,Single,WDE3274,95,9,Freeport Shipbuilding & Marine Repair Incorporated,"",33.00,—,8.00,—,—,—,—,—,Unknown Engine Designer,Unknown Owners,—,New York,—,Unknown Owners,—,Unknown Owners,—,Unknown Owners,—,Unknown Owners,—,—,—,—,—,—,—,—,—,—,—,—,367336720,—,—,UNKNOWN
passenger (cruise),428245,Patriot,Live,U.S.A.,57,2002,-2'gt,26,Single,WDB5675,85,—,Austal USA LLC,Mobile,3.00,—,7.00,5.33,2.47,—,—,—,Unknown Engine Designer,Circle Line-Sightseeing Yachts Incorporated,United States of America,New York,—,Circle Line-Sightseeing Yachts Incorporated,United States of America,Circle Line-Sightseeing Yachts Incorporated,United States of America,Circle Line Statue of Liberty Ferry Incorporated,United States of America,Circle Line-Sightseeing Yachts Incorporated,United States of America,—,—,—,—,—,—,—,—,—,—,—,366912260,—,—,UNKNOWN
passenger (cruise),4291105,John Michael E,Live,U.S.A.,65,1978,-2'gt,29,Single,WDC6346,96,—,—,"",32.00,—,7.00,—,—,2.00,—,—,Unknown Engine Designer,Eveready Marine Incorporated,United States of America,—,—,Eveready Marine Incorporated,United States of America,Eveready Marine Incorporated,United States of America,Eveready Marine Incorporated,United States of America,Eveready Marine Incorporated,United States of America,—,—,—,—,—,—,—,—,—,—,—,367055010,—,—,UNKNOWN
passenger (cruise),43027,Nikolaevsk,Dead,Russia,2165,1962,2'-10'gt,1357,Single,—,5236,—,—,East Germany,122.00,—,16.10,—,10.30,5.20,5.10,—,MAN Energy Solutions SE,Murmansk,—,—,—,—,—,—,—,—,—,—,—,—,—,—,—,—,—,—,—,—,—,5252359,—,3095,4150,K6Z57/80C
passenger (cruise),431086,Marjolaine II,Live,Canada,315,1904,-2'gt,—,Single,—,399,—,John McDougall & Company,Montreal,—,28.29,8.38,—,4.72,—,—,—,Unknown Engine Designer,Croisiere Marjolaine Incorporated,Canada,Chicoutimi,—,Croisiere Marjolaine Incorporated,Canada,Croisiere Marjolaine Incorporated,Canada,Croisiere Marjolaine Incorporated,Canada,Croisiere Marjolaine Incorporated,Canada,—,—,—,—,—,—,—,—,—,—,—,—,130,174,12V396TB63
passenger (cruise),431975,William H.Johnson,Live,U.S.A.,34,2004,-2'gt,13,Single,WDB8368,42,—,Gladding-Hearn SB. Duclos Corporation,Somerset(Mass),17.00,—,5.00,—,2.23,—,—,—,Unknown Engine Designer,Delta Launch Services LLC,United States of America,New Orleans,—,Delta Launch Services LLC,United States of America,Delta Launch Services LLC,United States of America,Delta Launch Services LLC,United States of America,Delta Launch Services LLC,United States of America,—,—,—,—,—,—,—,—,—,—,—,366957490,—,—,UNKNOWN
passenger (cruise),432409,Havengore,Live,U.K.,—,,-2'gt,28,Single,MHQK,90,—,—,"",—,—,—,—,—,—,—,—,Unknown Engine Designer,Unknown Owners,—,—,—,Unknown Owners,—,Unknown Owners,—,Unknown Owners,—,Unknown Owners,—,—,—,—,—,—,—,—,—,—,—,—,235035759,—,—,UNKNOWN
passenger (cruise),43247,Nivaga 1,Dead,New Zealand,113,1962,-2'gt,—,Single,—,369,—,—,Hong Kong,41.00,—,8.70,—,3.10,2.50,0.60,—,L. Gardner & Sons Limited,Carter & Wright,—,—,—,—,—,—,—,—,—,—,—,—,—,—,—,—,—,—,—,—,—,5254084,—,142,190,8L3B
passenger (cruise),43430,Pacific,Dead,St. Kitts-Nevis,11049,1971,10'-60'gt,3700,Single,—,23149,393,STX Finland OY - SEE NOW AS Arctech Helsinki Shipyard Incorporated,Helsinki,194.32,163.16,24.02,24.00,14.20,6.72,7.48,Wartsila Finland oy,Sulzer Turbomachinery Services,Indian Breakers,—,—,—,—,—,—,—,—,—,—,—,—,—,—,—,—,—,—,—,—,—,7027411,—,3356,4500,9ZH40/48
passenger (cruise),4366975,Silver Spirit,Live,Bahamas,—,2009,10'-60'gt,3882,Single,C6XU6,39444,6178,Fincantieri-Cantieri Navali Italiani S.p.A. Ancona,Ancona,210.70,167.50,—,26.50,11.50,6.60,4.90,—,Wartsila Corporation,Silversea Cruises Limited,United States of America,Nassau,—,Lefebvre family,Monaco,Silversea Cruises Limited,United States of America,Silversea Cruises Limited,United States of America,Silversea S.A.M.,Monaco,—,—,—,—,Silversea S.A.M.,Monaco,—,—,—,—,9437866,311022500,8500,11399,9L38
passenger (cruise),4410162,Azuki Maru,Live,Japan,—,1990,-2'gt,252,Single,JL5830,965,117,Fujiwara Zoshensho Shipbuilding,Omishima,65.00,59.15,—,14.00,3.74,2.94,0.80,Niigata Shipbuilding & Repair Incorporated,Niigata Shipbuilding & Repair Incorporated,Shikoku Ferry K.K.,Japan,Takamatsu,—,Shikoku Ferry K.K.,Japan,Shikoku Ferry K.K.,Japan,Shodoshima Kososuken K.K.,Japan,Shikoku Ferry K.K.,Japan,—,—,—,—,—,—,—,—,—,—,8848604,431000381,1618,2200,6MG28HX
passenger (cruise),44175,The Oceanic,Dead,Tuvalu,20666,1965,10'-60'gt,8378,Single,—,38772,1876,Cantieri Riuniti Dell'Adriatico,Monfalcone,238.45,206.00,29.40,29.40,14.70,8.78,6.13,Cantieri Riuniti Dell'Adriatico,AB De Lavals Angturbin,Seahawk N.A.,—,Funafuti,—,—,—,—,—,—,—,—,—,—,—,—,—,—,—,—,—,—,—,5260679,—,22000,53367,DE LAVAL TURBINE
passenger (cruise),44205,Constitution,Dead,U.S.A.,8747,1951,10'-60'gt,7222,Single,—,29638,1619,Massachusetts Heavy Industries,Boston(USA),208.00,192.95,27.18,27.18,16.13,9.20,6.93,—,Unknown Engine Designer,American Classic,—,—,—,—,—,—,—,—,—,—,—,—,—,—,—,—,—,—,—,—,—,5078882,—,41014,55000,UNKNOWN
passenger (cruise),44214,Platinum II,Dead,Unknown,9016,1950,10'-60'gt,7250,Single,—,20220,1618,Bethlehem Steel Corporation,Baltimore,208.00,—,27.20,27.13,16.14,9.20,6.94,Bethlehem SB. Corporation,Unknown Engine Designer,Indian Breakers,—,—,—,—,—,—,—,—,—,—,—,—,—,—,—,—,—,—,—,—,—,5160180,—,—,—,UNKNOWN TURBINE
passenger (cruise),44252,Sydney,Dead,Comoros,4405,1974,10'-60'gt,2142,Single,—,11889,1085,Vickers Shipbuilding & Engineering Limited,Barrow-in-Furness,136.00,—,21.50,—,12.90,5.80,7.10,Crossley Marine Engines,Semt Pielstick SA,Indian Breakers,—,Moroni,—,—,—,—,—,—,—,—,—,—,—,—,—,—,—,—,—,—,—,7301221,—,5966,8000,16PC2-2V-400
passenger (cruise),44403,Okean,Dead,Russia,990,1969,2'-10'gt,1170,Single,—,3284,B88/06,Stocznia Szczecinska Nowa Sp. z o.o.,Szczecin,96.35,88.76,13.83,13.78,8.77,5.30,3.47,Zaklady Przemyslu Metalowego H. Cegielski S.A.,Sulzer Turbomachinery Services,Hydrometeorology,—,Vladivostok,—,—,—,—,—,—,—,—,—,—,—,—,—,—,—,—,—,—,—,7016503,—,1790,2400,8TD48
passenger (cruise),44505,Regal Empress,Dead,St. Kitts-Nevis,11236,1953,10'-60'gt,7860,Single,—,21909,636,Alexander Stephen & Sons Limited,Glasgow,173.04,170.69,24.08,24.08,14.33,8.53,5.80,Deutz AG,Deutz AG,Indian Breakers,—,—,—,—,—,—,—,—,—,—,—,—,—,—,—,—,—,—,—,—,—,5262835,—,5369,7200,RBV12M540
passenger (cruise),447769,Sunset Queen,Live,U.S.A.,67,1973,-2'gt,—,Single,WCZ7292,98,107,—,Panama City(USA),—,—,—,—,—,—,—,—,Unknown Engine Designer,Unknown Owners,—,New York,—,Unknown Owners,—,Unknown Owners,—,Unknown Owners,—,Unknown Owners,—,—,—,—,—,—,—,—,—,—,—,—,367005720,—,—,UNKNOWN
passenger (cruise),45104,Sun,Dead,St. Kitts-Nevis,2792,1953,2'-10'gt,1599,Single,—,5119,1475,Ansaldo S.p.A.,Genoa,126.00,—,16.80,—,9.00,5.40,3.60,Nordberg Manufacturing Company,Nordberg Manufacturing Company,Turkish Breakers,—,—,—,—,—,—,—,—,—,—,—,—,—,—,—,—,—,—,—,—,—,5001889,—,2319,3110,TSM-219
passenger (cruise),45133,Orpheus,Dead,Greece,1751,1948,2'-10'gt,942,Single,—,4890,1349,Harland & Wolff Heavy Industries Limited,Belfast,114.00,105.39,15.24,15.24,5.80,4.88,0.92,—,Unknown Engine Designer,Epirotiki C.,—,—,—,—,—,—,—,—,—,—,—,—,—,—,—,—,—,—,—,—,—,5243762,—,2088,2800,UNKNOWN DIESEL
passenger (cruise),45173,Osetiya,Dead,Ukraine,1322,1963,2'-10'gt,682,Single,—,3219,—,—,U.S.S.R.,101.00,—,14.60,—,5.70,3.90,1.80,—,"Skodaexport, a.s.",Ukrainian Danube,—,—,—,—,—,—,—,—,—,—,—,—,—,—,—,—,—,—,—,—,—,6421490,—,1491,2000,8DR43/61-V1
passenger (cruise),451888,Sightseer XII,Live,U.S.A.,197,1933,-2'gt,—,Single,WM8392,290,—,John H. Mathis Company,Camden(NJ USA),—,—,—,—,—,9.20,—,—,Unknown Engine Designer,Circle Line-Sightseeing Yachts Incorporated,United States of America,New York,—,Circle Line-Sightseeing Yachts Incorporated,United States of America,Circle Line-Sightseeing Yachts Incorporated,United States of America,Circle Line-Sightseeing Yachts Incorporated,United States of America,Circle Line-Sightseeing Yachts Incorporated,United States of America,—,—,—,—,—,—,—,—,—,—,—,367032250,—,—,3306PCTA
passenger (cruise),452554,Bali Hai II,Live,Indonesia,120,1994,-2'gt,48,Single,YGKZ,399,15,Austal Ships Proprietary Limited,Fremantle,33.60,30.83,10.81,10.50,3.50,1.20,2.30,—,MTU Friedrichshafen GmbH,P.T. Bali Cruises Nusantara,Indonesia,Benoa,—,P.T. Bali Cruises Nusantara,Indonesia,P.T. Bali Cruises Nusantara,Indonesia,P.T. Bali Cruises Nusantara,Indonesia,P.T. Bali Cruises Nusantara,Indonesia,—,—,—,—,—,—,—,—,—,—,9034884,525010109,1490,1999,12V396TE74
passenger (cruise),453516,Laura,Live,Italy,13,1974,-2'gt,—,Single,ISRA,56,91,—,Ancona,—,17.00,5.60,5.30,2.96,—,—,Caterpillar Incorporated,Caterpillar Incorporated,Servizi Ecologici Porto di Genova S.p.A.,Italy,Genoa,—,Servizi Ecologici Porto di Genova S.p.A.,Italy,Servizi Ecologici Porto di Genova S.p.A.,Italy,Servizi Ecologici Porto di Genova S.p.A.,Italy,Servizi Ecologici Porto di Genova S.p.A.,Italy,—,—,—,—,—,—,—,—,—,—,—,—,423,567,D379
passenger (cruise),45507,Acif,Dead,Togo,7856,1971,10'-60'gt,2936,Single,—,20186,411,Emder Werft und Dockbetriebe GmbH (EWD),Emden,168.00,144.30,24.59,24.59,15.14,7.70,7.44,Fiat Avio SpA,Fiat Avio SpA,Pullmantur,—,—,—,—,—,—,—,—,—,—,—,—,—,—,—,—,—,—,—,—,—,7018563,—,3356,4500,C420.10SS
passenger (cruise),462005,Amadeus Royal,Live,Germany,—,,Unknown size,—,Single,DB2416,83607,—,—,"",—,—,—,—,—,—,—,—,Unknown Engine Designer,Unknown Owners,—,—,—,Unknown Owners,—,Unknown Owners,—,Unknown Owners,—,Unknown Owners,—,—,—,—,—,—,—,—,—,—,—,—,211171550,—,—,UNKNOWN
passenger (cruise),4635,Copa Casino,Dead,Bahamas,4590,1951,2'-10'gt,7068,Single,—,9114,—,—,Netherlands,153.00,—,21.10,—,12.80,8.80,4.00,—,Unknown Engine Designer,Indian Breakers,—,Nassau,—,—,—,—,—,—,—,—,—,—,—,—,—,—,—,—,—,—,—,5302776,—,—,—,UNKNOWN
passenger (cruise),4642673,Big Thunder,Live,U.S.A.,63,1981,-2'gt,—,Single,WDC7083,93,100-8,Neuville Boat Works,"",—,—,—,—,—,—,—,—,Unknown Engine Designer,Unknown Owners,—,Houston,—,Unknown Owners,—,Unknown Owners,—,Unknown Owners,—,Unknown Owners,—,—,—,—,—,—,—,—,—,—,—,—,367065920,—,—,UNKNOWN
passenger (cruise),46666,Petropavlovsk,Dead,Russia,1499,1960,2'-10'gt,1357,Single,—,4999,—,—,East Germany,122.00,—,16.10,—,10.30,5.20,5.10,—,MAN Energy Solutions SE,Unknown Owners,—,—,—,—,—,—,—,—,—,—,—,—,—,—,—,—,—,—,—,—,—,5276563,—,3095,4150,K6Z57/80C
passenger (cruise),4669246,Phillip D.,Live,U.S.A.,67,1981,-2'gt,30,Single,WDE3690,99,261,Camcraft Incorporated,U.S.A.,—,—,—,—,—,—,—,—,Unknown Engine Designer,Unknown Owners,—,New Orleans,—,Unknown Owners,—,Unknown Owners,—,Unknown Owners,—,Unknown Owners,—,—,—,—,—,—,—,—,—,—,—,—,367342810,—,—,UNKNOWN
passenger (cruise),469889,Nordstern 2,Live,Unknown,—,1902,Unknown size,—,Single,—,,—,—,"",—,—,—,—,—,—,—,—,Unknown Engine Designer,Unknown Owners,—,—,—,Unknown Owners,—,Unknown Owners,—,Unknown Owners,—,Unknown Owners,—,—,—,—,—,—,—,—,—,—,—,—,—,—,—,UNKNOWN
passenger (cruise),4713313,Blue Sea V,Live,U.S.A.,67,1971,-2'gt,—,Single,WDD7016,99,H-3-710025,Swiftship Shipbuilders LLC,"",—,—,—,—,—,—,—,—,Unknown Engine Designer,Unknown Owners,—,New York,—,Unknown Owners,—,Unknown Owners,—,Unknown Owners,—,Unknown Owners,—,—,—,—,—,—,—,—,—,—,—,—,367018020,—,—,UNKNOWN
passenger (cruise),4722,Philippines,Dead,St. Kitts-Nevis,14608,1952,10'-60'gt,8852,Single,—,27090,1757,Cantieri Riuniti Dell'Adriatico,Monfalcone,207.00,188.45,26.60,26.60,15.02,8.54,6.48,Fiat Avio SpA,Fiat Avio SpA,Manila F.,—,—,—,—,—,—,—,—,—,—,—,—,—,—,—,—,—,—,—,—,—,5030684,—,9321,12500,FIAT DIESEL
passenger (cruise),472510,AIDAblu,Live,Italy,45123,2010,60'-100'gt,7889,Single,IBWX,71304,S680,Meyer Werft GmbH (Dormant),Papenburg,253.33,225.00,—,32.20,9.60,7.30,2.30,Caterpillar Motoren Rostock GmbH,Mak Motoren GmbH & Company KG,Costa Crociere S.p.A.,Italy,Genoa,—,Carnival Corporation,United States of America,Costa Crociere S.p.A.,Italy,Costa Crociere S.p.A.,Italy,Carnival Maritime GmbH,Germany,Aida Cruises German Branch of Costa Crociere SpA,Germany,—,—,Carnival Maritime GmbH,Germany,Unknown,Unknown,Unknown Scrubber Manufacturer,—,9398888,247282500,12500,10400,9M43
passenger (cruise),472530,Carnival Luminosa,Live,Bahamas,59465,2009,60'-100'gt,10528,Single,C6GB6,92720,6155,Fincantieri-Cantieri Navali Italiani S.p.A. Venice,Venice,294.00,265.36,36.00,32.25,14.00,8.10,5.90,—,Unknown Engine Designer,Carnival Corporation (Carnival Cruise Line),United States of America,Nassau,—,Carnival Corporation,United States of America,Carnival Corporation (Carnival Cruise Line),United States of America,Carnival Corporation (Carnival Cruise Line),United States of America,Carnival Corporation (Carnival Cruise Line),United States of America,—,—,—,—,Carnival Corporation (Carnival Cruise Line),United States of America,Unknown,Unknown,Ecospray Technologies S.r.l.,Retrofit,9398905,311001201,—,—,UNKNOWN
passenger (cruise),472531,Costa Deliziosa,Live,Italy,59465,2010,60'-100'gt,7500,Single,IBJD,92720,6164,Fincantieri-Cantieri Navali Italiani S.p.A. Venice,Venice,294.00,265.30,—,32.25,13.69,8.10,5.59,—,Mak Motoren GmbH & Company KG,Costa Crociere S.p.A.,Italy,Genoa,—,Carnival Corporation,United States of America,Costa Crociere S.p.A.,Italy,Costa Crociere S.p.A.,Italy,Carnival Maritime GmbH,Germany,—,—,—,—,Carnival Maritime GmbH,Germany,Unknown,Unknown,Unknown Scrubber Manufacturer,—,9398917,247282900,13600,18490,12M43C
passenger (cruise),4727672,Caribena,Live,Puerto Rico,—,2004,-2'gt,—,Single,WDB7391,191,1954,VT Halter Marine,Pascagoula,28.95,—,—,7.31,3.04,—,—,—,—,Puerto Rico Ports Authority,Puerto Rico,Fajardo,—,Puerto Rico Ports Authority,Puerto Rico,Puerto Rico Ports Authority,Puerto Rico,Puerto Rico Ports Authority,Puerto Rico,Puerto Rico Ports Authority,Puerto Rico,—,—,—,—,—,—,—,—,—,—,8990988,—,245,329,12V2000M70
passenger (cruise),4727868,Canadian II,Live,Canada,52,1961,-2'gt,—,Single,CY8723,104,—,Paasch Marine Services,Erie,22.80,—,5.34,—,—,—,—,Cummins Incorporated,Cummins Incorporated,H Orleans Holdings Incorporated,Canada,Vancouver,—,H Orleans Holdings Incorporated,Canada,H Orleans Holdings Incorporated,Canada,H Orleans Holdings Incorporated,Canada,H Orleans Holdings Incorporated,Canada,—,—,—,—,—,—,—,—,—,—,6815873,—,393,535,V12-525-M
passenger (cruise),4728207,Fajardo II,Live,Puerto Rico,—,1996,-2'gt,—,Single,WCW9905,186,1658,VT Halter Marine,Lockport,28.95,—,—,7.30,3.05,—,—,—,—,Puerto Rico Ports Authority,Puerto Rico,San Juan,—,Puerto Rico Ports Authority,Puerto Rico,Puerto Rico Ports Authority,Puerto Rico,Puerto Rico Ports Authority,Puerto Rico,Puerto Rico Ports Authority,Puerto Rico,—,—,—,—,—,—,—,—,—,—,9068926,—,375,503,12V-71-TI
passenger (cruise),473508,Hog Wild,Live,Italy,64,2002,-2'gt,—,Single,—,80,JDL68030F002,—,Beaufort,68.00,—,—,19.70,9.00,—,—,—,Unknown Engine Designer,Decoy LLC,United States of America,Capri,—,Decoy LLC,United States of America,Decoy LLC,United States of America,Decoy LLC,United States of America,Decoy LLC,United States of America,—,—,—,—,—,—,—,—,—,—,2959827,—,—,—,UNKNOWN
passenger (cruise),473513,Kenangan 3,Live,Malaysia,47,1999,-2'gt,24,Single,9MAN9,156,-,P.T.Palindo,Tanjung Pinang,30.00,—,6.00,—,1.65,1.30,0.35,—,Unknown Engine Designer,Langkawi Ferry Services Sendirian Berhad,Malaysia,Penang,—,Langkawi Ferry Services Sendirian Berhad,Malaysia,Langkawi Ferry Services Sendirian Berhad,Malaysia,Langkawi Ferry Services Sendirian Berhad,Malaysia,Langkawi Ferry Services Sendirian Berhad,Malaysia,—,—,—,—,—,—,—,—,—,—,8958784,533615000,984,1319,3196DITA
passenger (cruise),473693,Soltara,Live,U.S.A.,14,2006,-2'gt,—,Single,—,15,—,—,"",37.00,—,—,11.50,10.00,—,—,—,Unknown Engine Designer,Waldemar Bruj,United States of America,Seattle,—,Waldemar Bruj,United States of America,Waldemar Bruj,United States of America,Waldemar Bruj,United States of America,Waldemar Bruj,United States of America,—,—,—,—,—,—,—,—,—,—,2959803,—,—,—,UNKNOWN
passenger (cruise),4751308,Vieques II,Live,Puerto Rico,—,1996,-2'gt,—,Single,WCW7097,493,1695,Breaux Bay Craft Incorporated,Loreauville,—,—,—,9.00,3.65,—,—,—,—,Puerto Rico Ports Authority,Puerto Rico,San Juan,—,Puerto Rico Ports Authority,Puerto Rico,Puerto Rico Ports Authority,Puerto Rico,Puerto Rico Ports Authority,Puerto Rico,Puerto Rico Ports Authority,Puerto Rico,—,—,—,—,—,—,—,—,—,—,9068902,—,375,503,12V-71-TI
passenger (cruise),475436,Miss Suzanne,Live,U.S.A.,66,2002,-2'gt,—,Single,WDD3505,98,106,—,Cut Off,—,—,—,—,—,2.00,—,—,Unknown Engine Designer,Unknown Owners,—,—,—,Unknown Owners,—,Unknown Owners,—,Unknown Owners,—,Unknown Owners,—,—,—,—,—,—,—,—,—,—,—,—,367132360,—,—,UNKNOWN
passenger (cruise),4757,Winner 5,Dead,St. Kitts-Nevis,5102,1957,10'-60'gt,3542,Single,—,12609,1821,Cantieri Riuniti Dell'Adriatico,Monfalcone,159.20,140.30,21.20,21.20,11.62,0.00,4.81,Cantieri Riuniti Dell'Adriatico,Unknown Engine Designer,Indian Breakers,—,—,—,—,—,—,—,—,—,—,—,—,—,—,—,—,—,—,—,—,—,5031078,—,12944,17400,UNKNOWN TURBINE
passenger (cruise),47752,Priamurye,Dead,Antigua & Barbuda,2061,1960,2'-10'gt,1332,Single,—,4871,—,—,East Germany,122.00,—,16.10,—,10.30,5.30,5.00,—,Unknown Engine Designer,FESCO,—,St. John's,—,—,—,—,—,—,—,—,—,—,—,—,—,—,—,—,—,—,—,5383029,—,3095,4150,UNKNOWN
passenger (cruise),47753,Priboy,Live,Russia,980,1969,2'-10'gt,1140,Single,UHIP,3269,5,Stocznia Szczecinska Nowa Sp. z o.o.,Szczecin,96.35,88.40,13.83,13.80,8.76,5.30,3.46,Zaklady Przemyslu Metalowego H. Cegielski S.A.,Sulzer Turbomachinery Services,Russian Federal Service for Hydrometeorology & Environmental Monitoring 'HYDROMETFLOT',Russian Federation,Vladivostok,—,Russian Federal Service for Hydrometeorology & Environmental Monitoring 'HYDROMETFLOT',Russian Federation,Russian Federal Service for Hydrometeorology & Environmental Monitoring 'HYDROMETFLOT',Russian Federation,Far Eastern Region Hydrometeorological Institute (Dalnevostochnyy Gidromet. NII),Russian Federation,Russian Federal Service for Hydrometeorology & Environmental Monitoring 'HYDROMETFLOT',Russian Federation,—,—,—,—,—,—,—,—,—,—,6916586,273439900,1790,2400,8TD48
passenger (cruise),477560,Drottning Silvia,Live,Sweden,—,,Unknown size,1,Single,SJNV,2,—,—,"",6.00,—,24.00,—,—,0.20,—,—,Unknown Engine Designer,Unknown Owners,—,—,—,Unknown Owners,—,Unknown Owners,—,Unknown Owners,—,Unknown Owners,—,—,—,—,—,—,—,—,—,—,—,—,265524770,—,—,UNKNOWN
passenger (cruise),47760,Priliv,Live,Russia,969,1969,2'-10'gt,1050,Single,UHIR,3283,4,Stocznia Szczecinska Nowa Sp. z o.o.,Szczecin,97.10,86.00,13.83,13.80,8.75,5.20,3.55,Zaklady Przemyslu Metalowego H. Cegielski S.A.,Sulzer Turbomachinery Services,Russian Federal Service for Hydrometeorology & Environmental Monitoring 'HYDROMETFLOT',Russian Federation,Vladivostok,—,Russian Federal Service for Hydrometeorology & Environmental Monitoring 'HYDROMETFLOT',Russian Federation,Russian Federal Service for Hydrometeorology & Environmental Monitoring 'HYDROMETFLOT',Russian Federation,Far Eastern Region Hydrometeorological Institute (Dalnevostochnyy Gidromet. NII),Russian Federation,Russian Federal Service for Hydrometeorology & Environmental Monitoring 'HYDROMETFLOT',Russian Federation,—,—,—,—,—,—,—,—,—,—,6916574,273437900,1790,2400,8TD48
passenger (cruise),481928,Int'l Star,Live,U.S.A.,66,1980,-2'gt,30,Single,WDD5897,98,108,Offshore Trawlers Incorporated,Bayou La Batre,—,—,—,—,—,3.00,—,—,Unknown Engine Designer,International Offshore Services LLC,United States of America,New Orleans,—,International Offshore Services LLC,United States of America,International Offshore Services LLC,United States of America,International Marine LLC,United States of America,International Offshore Services LLC,United States of America,—,—,—,—,—,—,—,—,—,—,—,367165460,—,—,UNKNOWN
passenger (cruise),4819948,Avontuur IV,Live,U.K.,—,2006,Unknown size,—,Single,MLCK7,,—,—,"",35.00,—,5.00,—,—,1.10,—,—,Unknown Engine Designer,Viscount Cruises Limited,United Kingdom,—,—,Viscount Cruises Limited,United Kingdom,Viscount Cruises Limited,United Kingdom,Viscount Cruises Limited,United Kingdom,Viscount Cruises Limited,United Kingdom,—,—,—,—,—,—,—,—,—,—,—,235054304,2000,2681,8210M
passenger (cruise),482756,St. Tatiana,Live,U.S.A.,22,1995,-2'gt,8,Single,WDD2610,27,9,—,Sitka,—,—,—,7.01,1.83,—,—,—,Unknown Engine Designer,Unknown Owners,—,Sitka,—,Unknown Owners,—,Unknown Owners,—,Unknown Owners,—,Unknown Owners,—,—,—,—,—,—,—,—,—,—,—,—,367117540,—,—,UNKNOWN
passenger (cruise),483230,Ms Jane,Live,U.S.A.,66,1977,-2'gt,30,Single,WDE9656,98,23,Offshore Trawlers Incorporated,Bayou La Batre,31.00,—,11.00,—,—,2.60,—,—,Unknown Engine Designer,REC Marine Logistics LLC,United States of America,Houma,—,Gulf Offshore Logistics LLC,United States of America,REC Marine Logistics LLC,United States of America,REC Boats LLC,United States of America,REC Marine Logistics LLC,United States of America,—,—,—,—,—,—,—,—,—,—,8978150,367419770,—,—,UNKNOWN
passenger (cruise),483390,Lorraine G.,Live,U.S.A.,64,1978,-2'gt,—,Single,WCW8615,94,0169,Swiftship Shipbuilders LLC,Morgan City,109.00,—,22.00,—,—,24.80,—,—,Unknown Engine Designer,Unknown Owners,—,New Orleans,—,Unknown Owners,—,Unknown Owners,—,Unknown Owners,—,Unknown Owners,—,—,—,—,—,—,—,—,—,—,—,—,367126070,—,—,UNKNOWN
passenger (cruise),489389,Princess,Live,Netherlands,—,1981,Unknown size,—,Single,—,,—,Husumer Shipbuilding (Dock & Repair) GmbH,Husum(DEU),—,—,—,—,—,—,—,—,Unknown Engine Designer,Exploitatie Maatschappij Princess B.V.,Netherlands,—,—,Exploitatie Maatschappij Princess B.V.,Netherlands,Exploitatie Maatschappij Princess B.V.,Netherlands,Exploitatie Maatschappij Princess B.V.,Netherlands,Exploitatie Maatschappij Princess B.V.,Netherlands,—,—,—,—,—,—,—,—,—,—,—,—,—,—,UNKNOWN
passenger (cruise),491240,Suncruz VIII,Live,U.S.A.,65,1991,-2'gt,—,Single,WDA5098,96,—,Nichols Bros. Boat Builders Incorporated,Freeland,—,—,—,—,—,—,—,—,Unknown Engine Designer,Vessel Casinos Incorporated,United States of America,Cape Canaveral,—,Vessel Casinos Incorporated,United States of America,Vessel Casinos Incorporated,United States of America,Vessel Casinos Incorporated,United States of America,Vessel Casinos Incorporated,United States of America,—,—,—,—,—,—,—,—,—,—,—,—,—,—,UNKNOWN
passenger (cruise),492177,El Suavecito,Live,Colombia,—,2006,-2'gt,—,Single,—,10,—,—,"",—,—,—,—,—,—,—,—,Unknown Engine Designer,Unknown Owners,—,—,—,Unknown Owners,—,Unknown Owners,—,Unknown Owners,—,Unknown Owners,—,—,—,—,—,—,—,—,—,—,—,2959516,—,—,—,UNKNOWN
passenger (cruise),492316,Lavelina,Live,Colombia,—,2006,-2'gt,—,Single,—,2,—,—,"",—,—,—,—,—,—,—,—,Unknown Engine Designer,Unknown Owners,—,—,—,Unknown Owners,—,Unknown Owners,—,Unknown Owners,—,Unknown Owners,—,—,—,—,—,—,—,—,—,—,—,2959607,—,—,—,UNKNOWN
passenger (cruise),492321,Nina Wen,Live,Colombia,—,2006,-2'gt,—,Single,—,7,—,—,"",—,—,—,—,—,—,—,—,Unknown Engine Designer,Unknown Owners,—,—,—,Unknown Owners,—,Unknown Owners,—,Unknown Owners,—,Unknown Owners,—,—,—,—,—,—,—,—,—,—,—,2959645,—,—,—,UNKNOWN
passenger (cruise),4943688,Svea,Live,Sweden,—,1979,-2'gt,200,Single,SFEB,241,123,Asi Verkstads AB,Amal,41.00,38.99,12.00,9.61,4.02,3.30,0.72,—,Unknown Engine Designer,Government of The Kingdom of Sweden,Sweden,Vaxholm,—,Government of The Kingdom of Sweden,Sweden,Government of The Kingdom of Sweden,Sweden,Produktion Vast Vagverket,Sweden,Government of The Kingdom of Sweden,Sweden,—,—,—,—,—,—,—,—,—,—,7723596,265604520,209,280,DSI11
passenger (cruise),496581,Golden Image,Live,Indonesia,—,1976,-2'gt,—,Single,YB3443,115,—,—,Kinoe,23.00,—,—,5.40,2.50,—,—,—,Unknown Engine Designer,Batamfast Private Limited,Republic of Singapore,—,—,Batamfast Private Limited,Republic of Singapore,Batamfast Private Limited,Republic of Singapore,Batam Fast Ferry Private Limited,Republic of Singapore,Batamfast Private Limited,Republic of Singapore,—,—,—,—,Batam Fast Ferry Private Limited,Republic of Singapore,—,—,—,—,8883408,525023092,—,—,6LU26G
passenger (cruise),498116,Opah,Live,U.S.A.,—,1997,Unknown size,—,Single,WBJ5308,,—,—,"",—,—,—,—,—,—,—,—,Unknown Engine Designer,Frank P. Porembski,United States of America,—,—,Frank P. Porembski,United States of America,Frank P. Porembski,United States of America,Frank P. Porembski,United States of America,Frank P. Porembski,United States of America,—,—,—,—,—,—,—,—,—,—,—,366318260,—,—,UNKNOWN
passenger (cruise),498357,Donny Jr,Live,U.S.A.,59,1980,-2'gt,—,Single,WDD3803,88,275,Swiftship Shipbuilders LLC,Morgan City,—,—,—,—,—,2.00,—,—,Unknown Engine Designer,Unknown Owners,—,Galveston,—,Unknown Owners,—,Unknown Owners,—,Unknown Owners,—,Unknown Owners,—,—,—,—,—,—,—,—,—,—,—,—,367136380,—,—,UNKNOWN
passenger (cruise),498364,Jody Ray,Live,U.S.A.,66,1964,-2'gt,—,Single,WDD3802,97,—,—,Loreauville,—,—,—,—,—,—,—,—,Unknown Engine Designer,Unknown Owners,—,Galveston,—,Unknown Owners,—,Unknown Owners,—,Unknown Owners,—,Unknown Owners,—,—,—,—,—,—,—,—,—,—,—,7307366,367136370,—,—,UNKNOWN
passenger (cruise),50033,Marianna 9,Dead,Greece,11230,1961,10'-60'gt,8738,Single,—,19769,—,—,U.K.,190.00,—,24.00,—,13.60,7.80,5.80,—,Unknown Engine Designer,Consolidated M.,—,—,—,—,—,—,—,—,—,—,—,—,—,—,—,—,—,—,—,—,—,5285045,—,—,—,UNKNOWN
passenger (cruise),50037,Prinsendam,Dead,Netherlands Antilles,4937,1973,2'-10'gt,2344,Single,—,8566,—,—,"",—,—,—,—,—,—,—,—,Stork-Werkspoor Diesel B.V.,—,—,—,—,—,—,—,—,—,—,—,—,—,—,—,—,—,—,—,—,—,—,7224734,—,3281,4400,8TM410
passenger (cruise),5015,American Star,Dead,Panama,14773,1940,10'-60'gt,14331,Single,—,26353,—,—,U.S.A.,220.00,201.99,28.43,28.43,16.95,9.98,6.97,—,Unknown Engine Designer,Chaophraya,—,Panama,—,—,—,—,—,—,—,—,—,—,—,—,—,—,—,—,—,—,—,5014123,—,—,—,UNKNOWN
passenger (cruise),502691,Resolute,Live,Bermuda,72,2002,-2'gt,26,Single,—,163,P332,Gladding-Hearn SB. Duclos Corporation,Somerset(Mass),25.72,23.11,9.45,9.20,3.34,1.60,1.74,—,Unknown Engine Designer,Department of Marine & Ports Services,Bermuda,Hamilton,—,Government of Bermuda,Bermuda,Department of Marine & Ports Services,Bermuda,Department of Marine & Ports Services,Bermuda,Department of Marine & Ports Services,Bermuda,—,—,—,—,—,—,—,—,—,—,9240029,310369000,730,979,12V2000M70
passenger (cruise),50334,Queen Elizabeth 2,Live,Vanuatu,37182,1969,60'-100'gt,15521,Single,YJVW6,70327,736,Upper Clyde Shipbuilders Limited,Glasgow,293.52,270.38,32.00,32.00,17.07,9.95,7.12,MAN Energy Solutions SE,MAN Energy Solutions SE,PCFC Hotels (PCFCH),United Arab Emirates,Port Vila,—,"Dubai Ports, Customs & Free Zone Corporation (PCFC)",United Arab Emirates,PCFC Hotels (PCFCH),United Arab Emirates,QE2 Shipping L.L.C.,United Arab Emirates,PCFC Hotels (PCFCH),United Arab Emirates,—,—,—,—,—,—,—,—,—,—,6725418,576059000,10772,14445,9L58/64
passenger (cruise),505189,Scandinavia,Dead,Sweden,2613,1927,2'-10'gt,—,Single,—,5105,—,Gotaverken Cityvarvet AB,Gothenburg,—,—,—,—,—,—,—,—,Unknown Engine Designer,Petro-Fast,—,—,—,—,—,—,—,—,—,—,—,—,—,—,—,—,—,—,—,—,—,—,—,—,—,UNKNOWN
passenger (cruise),5054635,Vineyard Lady,Live,U.S.A.,52,2007,-2'gt,—,Single,WDI6483,76,KBD-YMI-77-0906,Yank Marine Incorporated,New Jersey,—,—,—,9.54,3.47,—,—,—,—,Bill & Joe's Fishery Incorporated,United States of America,Brooklyn,—,Bill & Joe's Fishery Incorporated,United States of America,Bill & Joe's Fishery Incorporated,United States of America,Bill & Joe's Fishery Incorporated,United States of America,Bill & Joe's Fishery Incorporated,United States of America,—,—,—,—,—,—,—,—,—,—,1195943,367301790,—,—,—
passenger (cruise),50567,Rasa Sayang,Dead,Greece,9931,1956,10'-60'gt,4521,Single,—,18595,—,—,"",—,—,—,—,—,—,—,—,Unknown Engine Designer,—,—,—,—,—,—,—,—,—,—,—,—,—,—,—,—,—,—,—,—,—,—,5042120,—,—,—,UNKNOWN
passenger (cruise),50746,Regina Prima,Dead,Panama,6735,1939,10'-60'gt,6921,Single,—,10972,—,—,"",—,—,—,—,—,—,—,—,Unknown Engine Designer,—,—,Panama,—,—,—,—,—,—,—,—,—,—,—,—,—,—,—,—,—,—,—,5283891,—,—,—,UNKNOWN
passenger (cruise),508484,Wildcat,Live,U.S.A.,68,1992,-2'gt,—,Single,WCZ6035,98,1655,Breaux Bay Craft Incorporated,"",49.00,—,10.00,—,—,1.80,—,—,Unknown Engine Designer,Unknown Owners,—,Lafayette,—,Unknown Owners,—,Unknown Owners,—,Unknown Owners,—,Unknown Owners,—,—,—,—,—,—,—,—,—,—,—,—,367134330,—,—,UNKNOWN
passenger (cruise),51004,Maestro,Dead,Sierra Leone,4429,1966,10'-60'gt,2931,Single,—,11429,D23,Chantiers de l'Atlantique,St. Nazaire,150.00,132.42,21.06,21.06,11.41,6.20,5.21,Chantiers de l'Atlantique,B&W Diesel A/S,Indian Breakers,—,Freetown,—,—,—,—,—,—,—,—,—,—,—,—,—,—,—,—,—,—,—,6604834,—,5101,6840,6-62VT2BF-90
passenger (cruise),510356,Alcatraz Ranger,Live,U.S.A.,71,1971,-2'gt,—,Single,WDD3855,99,—,—,"",34.00,—,9.00,—,—,24.80,—,—,Unknown Engine Designer,Unknown Owners,—,—,—,Unknown Owners,—,Unknown Owners,—,Unknown Owners,—,Unknown Owners,—,—,—,—,—,—,—,—,—,—,—,—,367137150,—,—,UNKNOWN
passenger (cruise),5107,Harmony 1,Dead,Unknown,10834,1969,10'-60'gt,6064,Double Bottom,—,25558,1169,STX Finland OY - SEE NOW AS Arctech Helsinki Shipyard Incorporated,Turku,173.81,157.20,25.75,25.75,13.15,8.22,4.95,Wartsila Finland oy,Semt Pielstick SA,Indian Breakers,—,—,—,—,—,—,—,—,—,—,—,—,—,—,—,—,—,—,—,—,—,6910544,—,6599,8850,16PC2-2V-400
passenger (cruise),51536,Romantica,Dead,Cyprus,4256,1939,2'-10'gt,4810,Single,—,9511,518,Blohm + Voss GmbH,Hamburg,148.00,—,18.40,—,11.60,6.70,4.90,—,Unknown Engine Designer,Paradise,—,—,—,—,—,—,—,—,—,—,—,—,—,—,—,—,—,—,—,—,—,5030854,—,2013,2700,UNKNOWN
passenger (cruise),515423,Flying Dutchman,Live,Netherlands,57,1903,-2'gt,—,Single,PIAK,120,—,—,"",39.55,—,—,6.50,—,2.50,—,—,Unknown Engine Designer,Frisian Sailing Company,Netherlands,—,—,Frisian Sailing Company,Netherlands,Frisian Sailing Company,Netherlands,Twillert K.,Netherlands,Frisian Sailing Company,Netherlands,—,—,—,—,—,—,—,—,—,—,8434312,246277000,—,—,3ACA
passenger (cruise),51673,Aniva,Dead,U.S.S.R.,9578,1938,10'-60'gt,7710,Single,—,17870,—,—,West Germany,182.00,—,22.50,—,12.40,7.80,4.60,—,Unknown Engine Designer,—,—,—,—,—,—,—,—,—,—,—,—,—,—,—,—,—,—,—,—,—,—,6421713,—,—,—,UNKNOWN
passenger (cruise),51710,Rotterdam,Live,Bahamas,17692,1959,10'-60'gt,7801,Single,C6PI4,39674,300,De Rotterdamsche Droogdok Mij. B.V.,Rotterdam,228.18,198.13,28.71,28.66,16.69,9.04,7.65,Schelde Marine Services,Parsons Engineering Company Limited,City of Rotterdam,Netherlands,Nassau,—,City of Rotterdam,Netherlands,City of Rotterdam,Netherlands,City of Rotterdam,Netherlands,City of Rotterdam,Netherlands,—,—,—,—,—,—,—,—,—,—,5301019,309744000,28317,38500,PARSONS TURBINE
passenger (cruise),51735,Tros,Dead,Gabon,11944,1973,10'-60'gt,5936,Single,—,28518,397,STX Finland OY - SEE NOW AS Arctech Helsinki Shipyard Incorporated,Helsinki,205.46,169.72,25.22,25.20,16.20,7.55,8.65,Sulzer Mitsubishi,Sulzer Turbomachinery Services,Indian Breakers,—,—,—,—,—,—,—,—,—,—,—,—,—,—,—,—,—,—,—,—,—,7304314,—,3356,4500,9ZH40/48
passenger (cruise),51736,Boudicca,Dead,Bahamas,11714,1973,10'-60'gt,5956,Single,—,28551,396,STX Finland OY - SEE NOW AS Arctech Helsinki Shipyard Incorporated,Helsinki,206.96,169.73,25.22,25.19,13.67,7.55,6.12,Sulzer Mitsubishi,Sulzer Turbomachinery Services,Olsen Fred,—,Nassau,—,—,—,—,—,—,—,—,—,—,—,—,—,—,—,—,—,—,—,7218395,—,3356,4500,9ZH40/48
passenger (cruise),51737,Odin,Dead,Palau,11854,1972,10'-60'gt,5656,Single,—,28613,395,STX Finland OY - SEE NOW AS Arctech Helsinki Shipyard Incorporated,Helsinki,205.46,169.73,25.22,25.20,13.67,7.55,6.12,Wartsila Finland oy,Sulzer Turbomachinery Services,Olivia Navigation,—,—,—,—,—,—,—,—,—,—,—,—,—,—,—,—,—,—,—,—,—,7108930,—,3356,4500,9ZH40/48
passenger (cruise),52174,The Big Boat,Dead,St. Vincent & Grenadines,14865,1961,10'-60'gt,16604,Single,—,31793,720,John Brown & Company (Clydebank) Limited,Clyde,231.00,213.37,27.50,27.44,15.20,9.80,5.40,John Brown & Company (Clydebank) Limited,Stork-Werkspoor Diesel B.V.,Indian Breakers,—,Kingstown,—,—,—,—,—,—,—,—,—,—,—,—,—,—,—,—,—,—,—,5367623,—,—,—,PAMETRADA TURBINE
passenger (cruise),5227390,Wight Scene,Live,U.K.,134,1992,-2'gt,150,Single,MPQA7,279,22191,F. L. Steelcraft,Borth,26.40,25.98,—,10.00,3.61,2.00,1.61,—,Cummins Incorporated,Solent & Wightline Cruises Limited,United Kingdom,Cowes,—,Solent & Wightline Cruises Limited,United Kingdom,Solent & Wightline Cruises Limited,United Kingdom,Solent & Wightline Cruises Limited,United Kingdom,Solent & Wightline Cruises Limited,United Kingdom,—,—,—,—,—,—,—,—,—,—,9056997,235031588,514,700,NTA-855-M
passenger (cruise),52301,Safina-E-Arab,Dead,Pakistan,—,1961,2'-10'gt,2932,Single,—,6857,—,—,Spain,140.00,—,18.40,—,11.00,7.00,4.00,—,Unknown Engine Designer,Pan I.,—,—,—,—,—,—,—,—,—,—,—,—,—,—,—,—,—,—,—,—,—,5304877,—,4847,6500,UNKNOWN
passenger (cruise),52321,Saga Rose,Dead,Bahamas,9110,1965,10'-60'gt,6353,Single,—,24528,1366,—,Le Havre,188.90,168.06,24.49,24.47,16.90,8.26,8.64,—,Sulzer Turbomachinery Services,Chinese Breakers,—,Nassau,—,—,—,—,—,—,—,—,—,—,—,—,—,—,—,—,—,—,—,6416043,—,8948,12000,9RD68
passenger (cruise),523740,Mary C.,Live,U.S.A.,62,1981,-2'gt,—,Single,WDD8141,91,0246,—,"",—,—,—,—,—,—,—,—,Unknown Engine Designer,Unknown Owners,—,Morgan City,—,Unknown Owners,—,Unknown Owners,—,Unknown Owners,—,Unknown Owners,—,—,—,—,—,—,—,—,—,—,—,—,367195650,—,—,UNKNOWN
passenger (cruise),525649,Athena,Live,Malta,374,2007,-2'gt,289,Single,9HUA8,1206,507,Brodogradiliste Brodosplit Shipbuilding,Split,58.80,52.20,10.68,10.68,3.00,3.00,0.00,Cummins Incorporated,Cummins Incorporated,Grand Circle Corporation,United States of America,Valletta,—,Grand Circle Corporation,United States of America,Grand Circle Corporation,United States of America,GCCL (Malta) Fleet 1 Limited,Malta,Grand Circle Dubrovnik Doo,Republic of Croatia,—,—,—,—,Grand Circle Dubrovnik Doo,Republic of Croatia,—,—,—,—,9398008,256424000,821,1115,KTA-38
passenger (cruise),525660,Artemis,Live,Malta,374,2007,-2'gt,289,Single,9HUL8,1206,508,Brodogradiliste Brodosplit Shipbuilding,Split,59.60,52.60,10.68,10.68,4.50,4.50,0.00,Cummins Limited,Cummins Incorporated,Grand Circle Corporation,United States of America,Valletta,—,Grand Circle Corporation,United States of America,Grand Circle Corporation,United States of America,GCCL (Malta) Fleet 1 Limited,Malta,Grand Circle Dubrovnik Doo,Republic of Croatia,—,—,—,—,Grand Circle Dubrovnik Doo,Republic of Croatia,—,—,—,—,9398010,256436000,821,1115,KTA-38
passenger (cruise),525661,Arethusa,Live,Malta,374,2008,-2'gt,289,Single,9HJR9,1206,509,Brodogradiliste Brodosplit Shipbuilding,Split,58.80,52.20,10.68,10.68,3.00,3.00,0.00,Cummins Incorporated,Cummins Incorporated,Grand Circle Corporation,United States of America,Valletta,—,Grand Circle Corporation,United States of America,Grand Circle Corporation,United States of America,GCCL (Malta) Fleet 1 Limited,Malta,Grand Circle Dubrovnik Doo,Republic of Croatia,—,—,—,—,Grand Circle Dubrovnik Doo,Republic of Croatia,—,—,—,—,9398022,249069000,821,1115,KTA-38
passenger (cruise),52643,Samsun,Dead,Turkiye,3558,1951,2'-10'gt,2875,Single,—,6543,—,—,"",—,—,—,—,—,—,—,—,Unknown Engine Designer,—,—,—,—,—,—,—,—,—,—,—,—,—,—,—,—,—,—,—,—,—,—,5309047,—,—,—,UNKNOWN
passenger (cruise),526832,Papa's Toy Too,Live,U.S.A.,20,1997,-2'gt,—,Single,—,25,Serf6474k798,Sea Ray Boats Inc,Florida,40.70,—,13.70,—,7.00,—,—,—,Unknown Engine Designer,William R. Schmidt,United States of America,Newport Beach,—,William R. Schmidt,United States of America,William R. Schmidt,United States of America,William R. Schmidt,United States of America,William R. Schmidt,United States of America,—,—,—,—,—,—,—,—,—,—,—,—,—,—,UNKNOWN
passenger (cruise),531724,Viking Danube,Live,Germany,—,1999,Unknown size,—,Single,DC5077,,—,—,"",110.00,—,11.00,—,—,1.60,—,—,Unknown Engine Designer,Viking River Cruises UK Limited,United Kingdom,—,—,Viking Holding Limited,Bermuda,Viking River Cruises UK Limited,United Kingdom,Viking River Cruises Bermuda Limited,Bermuda,Viking River Cruises UK Limited,United Kingdom,—,—,—,—,—,—,—,—,—,—,8643391,211162260,2000,2681,6MU453C
passenger (cruise),535950,River Countess,Live,Switzerland,—,2003,-2'gt,—,Single,HE7164,403,—,—,"",110.00,—,11.00,—,—,1.50,—,—,Unknown Engine Designer,Schiffshaltergesellschaft Albia 1 GmbH,Switzerland,—,—,Schiffshaltergesellschaft Albia 1 GmbH,Switzerland,Schiffshaltergesellschaft Albia 1 GmbH,Switzerland,Schiffshaltergesellschaft Albia 1 GmbH,Switzerland,Schiffshaltergesellschaft Albia 1 GmbH,Switzerland,—,—,—,—,—,—,—,—,—,—,—,269057164,78,105,4BT3.9
passenger (cruise),5366,Baltika,Dead,U.S.S.R.,3452,1940,2'-10'gt,2463,Single,—,7494,1939,Nederlandse Scheepsbouw Mij. B.V.,Netherlands,135.00,—,18.40,—,9.70,6.30,3.40,—,Unknown Engine Designer,—,—,—,—,—,—,—,—,—,—,—,—,—,—,—,—,—,—,—,—,—,—,5035294,—,—,—,UNKNOWN
passenger (cruise),538999,Genesis,Live,U.S.A.,68,1997,-2'gt,30,Single,WCX8407,98,1706,—,Loreauville,—,—,—,—,—,—,—,—,Unknown Engine Designer,Unknown Owners,—,New Orleans,—,Unknown Owners,—,Unknown Owners,—,Unknown Owners,—,Unknown Owners,—,—,—,—,—,—,—,—,—,—,—,—,367132770,—,—,UNKNOWN
passenger (cruise),539526,Catalina II,Live,Colombia,—,2006,-2'gt,—,Single,—,1,—,—,"",—,—,—,—,—,—,—,—,Unknown Engine Designer,Unknown Owners,—,—,—,Unknown Owners,—,Unknown Owners,—,Unknown Owners,—,Unknown Owners,—,—,—,—,—,—,—,—,—,—,—,2970998,—,—,—,UNKNOWN
passenger (cruise),539540,Costamotor II,Live,Colombia,—,2006,-2'gt,—,Single,—,13,—,—,"",—,—,—,—,—,—,—,—,Unknown Engine Designer,Unknown Owners,—,—,—,Unknown Owners,—,Unknown Owners,—,Unknown Owners,—,Unknown Owners,—,—,—,—,—,—,—,—,—,—,—,2974073,—,—,—,UNKNOWN
passenger (cruise),539542,Guajiro,Live,Colombia,—,2006,-2'gt,—,Single,—,97,—,—,"",—,—,—,—,—,—,—,—,Unknown Engine Designer,Unknown Owners,—,—,—,Unknown Owners,—,Unknown Owners,—,Unknown Owners,—,Unknown Owners,—,—,—,—,—,—,—,—,—,—,—,2523678,—,—,—,UNKNOWN
passenger (cruise),539557,Nina Haidyth,Live,Colombia,—,2006,-2'gt,—,Single,—,3,—,—,"",—,—,—,—,—,—,—,—,Unknown Engine Designer,Unknown Owners,—,—,—,Unknown Owners,—,Unknown Owners,—,Unknown Owners,—,Unknown Owners,—,—,—,—,—,—,—,—,—,—,—,1610319,—,—,—,UNKNOWN
passenger (cruise),541554,Swiss Emerald,Live,Switzerland,—,2006,Unknown size,1799,Single,HE7212,5370,—,—,"",110.00,—,11.00,—,—,1.60,—,—,Unknown Engine Designer,Unknown Owners,—,—,—,Unknown Owners,—,Unknown Owners,—,Unknown Owners,—,Unknown Owners,—,—,—,—,—,—,—,—,—,—,—,—,269057212,2000,2681,12V32
passenger (cruise),541825,River Concerto,Live,Switzerland,—,2006,Unknown size,—,Single,HE7126,,—,—,"",110.00,—,12.00,—,—,1.50,—,—,Unknown Engine Designer,Grand Circle Corporation,United States of America,—,—,Grand Circle Corporation,United States of America,Grand Circle Corporation,United States of America,GCCL (Malta) Fleet 1 Limited,Malta,Grand Circle Corporation,United States of America,—,—,—,—,—,—,—,—,—,—,—,269057126,2000,2681,12V32
passenger (cruise),54352,Athirah,Dead,Indonesia,6066,1962,2'-10'gt,2911,Single,—,9702,—,—,Serbia,150.00,135.01,19.00,19.00,10.01,5.62,4.39,B&W Diesel A/S,B&W Diesel A/S,Bumi N.,—,—,—,—,—,—,—,—,—,—,—,—,—,—,—,—,—,—,—,—,—,5299589,—,3020,4050,B&W DIESEL
passenger (cruise),5441984,J.L. Cecil Smith,Live,Bermuda,124,2007,-2'gt,30,Single,ZFU6202,317,86220,Derecktor Shipyards,Bridgeport,37.80,35.80,10.00,9.30,2.81,1.40,1.41,MTU Friedrichshafen GmbH,MTU Friedrichshafen GmbH,Department of Marine & Ports Services,Bermuda,Hamilton,—,Government of Bermuda,Bermuda,Department of Marine & Ports Services,Bermuda,Department of Marine & Ports Services,Bermuda,Department of Marine & Ports Services,Bermuda,—,—,—,—,—,—,—,—,—,—,9422093,310996202,788,1071,12V2000M70
passenger (cruise),5447805,Mystic Wind,Live,U.S.A.,40,1951,-2'gt,—,Single,—,50,NLJHHEL75LAN,—,"",—,—,—,—,—,—,—,—,—,Mystic Wind Sailing LLC,United States of America,Seattle,—,Mystic Wind Sailing LLC,United States of America,Mystic Wind Sailing LLC,United States of America,Mystic Wind Sailing LLC,United States of America,Mystic Wind Sailing LLC,United States of America,—,—,—,—,—,—,—,—,—,—,1739969,—,—,—,—
passenger (cruise),5448031,Swingin On A Star,Live,U.S.A.,36,2006,-2'gt,—,Single,—,45,XGF50003L506,St Francis Marine,U.S.A.,50.00,—,26.30,—,10.50,—,—,—,—,William Randolph Abernethy II,United States of America,Las Vegas,—,William Randolph Abernethy II,United States of America,William Randolph Abernethy II,United States of America,William Randolph Abernethy II,United States of America,William Randolph Abernethy II,United States of America,—,—,—,—,—,—,—,—,—,—,1739995,—,—,—,—
passenger (cruise),54514,Shin Sakura Maru,Dead,Japan,7031,1972,10'-60'gt,4222,Single,—,19811,1033,Mitsubishi Heavy Industries Limited Shipbuilding,Kobe,175.00,160.00,24.59,24.59,14.80,7.93,6.87,Mitsubishi Heavy Industries Limited,Mitsubishi Heavy Industries Limited,MOL T.M.,—,Osaka,—,—,—,—,—,—,—,—,—,—,—,—,—,—,—,—,—,—,—,7129087,—,16107,21600,MITSUBISHI DIESEL
passenger (cruise),54737,Assedo,Dead,Ukraine,7859,1968,10'-60'gt,5696,Single,—,21275,128,Wadan Yards MTW GmbH,Wismar,175.00,—,25.00,—,13.50,8.10,5.40,Zaklady Przemyslu Metalowego H. Cegielski S.A.,Sulzer Turbomachinery Services,Indian Breakers,—,—,—,—,—,—,—,—,—,—,—,—,—,—,—,—,—,—,—,—,—,6707753,—,7830,10500,7RND76
passenger (cruise),547882,Brabant,Live,Germany,—,2006,Unknown size,—,Single,DG4264,,—,—,"",110.00,—,11.00,—,—,1.30,—,—,Unknown Engine Designer,Unknown Owners,—,—,—,Unknown Owners,—,Unknown Owners,—,Unknown Owners,—,Unknown Owners,—,—,—,—,—,—,—,—,—,—,—,—,211171530,—,—,UNKNOWN
passenger (cruise),5499482,Nayla,Live,United Arab Emirates,—,1976,-2'gt,10,Single,—,33,—,—,"",—,—,—,—,—,—,—,—,Unknown Engine Designer,Akron Trade & Transport FZE,United Arab Emirates,—,—,Akron Trade & Transport FZE,United Arab Emirates,Akron Trade & Transport FZE,United Arab Emirates,Akron Trade & Transport FZE,United Arab Emirates,Akron Trade & Transport FZE,United Arab Emirates,—,—,—,—,—,—,—,—,—,—,—,—,—,—,UNKNOWN
passenger (cruise),5499747,Azura,Live,Bermuda,85194,2010,100'-150'gt,8044,Single,ZCEE2,115055,6166,Fincantieri-Cantieri Navali Italiani S.p.A. Monfalcone,Monfalcone,289.61,242.28,36.00,36.00,20.55,8.38,12.17,Fincantieri-Cantieri Navali Italiani S.p.A.,Wartsila Corporation,Carnival plc,United Kingdom,Hamilton,—,Carnival Corporation,United States of America,Carnival plc,United Kingdom,Carnival plc,United Kingdom,Carnival plc,United Kingdom,—,—,—,—,Carnival plc,United Kingdom,Unknown,Unknown,Unknown Scrubber Manufacturer,—,9424883,310610000,12600,17131,12V46
passenger (cruise),55155,Thor Heyerdahl,Live,Germany,117,1931,-2'gt,315,Single,DKQH,229,—,E.J. Smit & Zoons Scheepswerven B.V.,Hoogezand,—,—,6.50,—,2.80,2.20,0.60,—,Unknown Engine Designer,Thor Heyerdahl,Germany,—,—,Thor Heyerdahl,Germany,Thor Heyerdahl,Germany,Thor Heyerdahl,Germany,Thor Heyerdahl,Germany,—,—,—,—,—,—,—,—,—,—,5221491,211232340,160,215,3ACA
passenger (cruise),55166,Silva of Halifax,Live,Canada,61,1939,-2'gt,297,Single,—,167,113,Karlstadsverken AB,Karlstad,33.00,—,7.40,7.32,3.40,3.30,0.10,—,Unknown Engine Designer,Murphy Sailing Tours Limited,Canada,Halifax,—,Murphy Sailing Tours Limited,Canada,Murphy Sailing Tours Limited,Canada,Murphy Sailing Tours Limited,Canada,Murphy Sailing Tours Limited,Canada,—,—,—,—,—,—,—,—,—,—,5327996,—,216,290,DSI11
passenger (cruise),5524672,Snow Dragon II,Live,U.S.A.,27,1997,-2'gt,—,Single,—,30,-,Frances Brann,Juneau,—,16.00,4.60,—,3.00,—,—,—,—,Frances Brann,United States of America,—,—,Frances Brann,United States of America,Frances Brann,United States of America,Frances Brann,United States of America,Frances Brann,United States of America,—,—,—,—,—,—,—,—,—,—,1740401,—,—,—,—
passenger (cruise),5551995,Delfin Bravo,Live,Colombia,—,2008,-2'gt,—,Single,—,7,—,—,"",—,—,—,—,—,—,—,—,—,Unknown Owners,—,—,—,Unknown Owners,—,Unknown Owners,—,Unknown Owners,—,Unknown Owners,—,—,—,—,—,—,—,—,—,—,—,2975443,—,—,—,—
passenger (cruise),5552253,La Negra Ely,Live,Colombia,—,2008,-2'gt,—,Single,—,12,—,—,"",—,—,—,—,—,—,—,—,—,Unknown Owners,—,—,—,Unknown Owners,—,Unknown Owners,—,Unknown Owners,—,Unknown Owners,—,—,—,—,—,—,—,—,—,—,—,2995209,—,—,—,—
passenger (cruise),5558715,La Pelu,Live,Colombia,—,2008,-2'gt,—,Single,—,9,—,—,"",—,—,—,—,—,—,—,—,—,Unknown Owners,—,—,—,Unknown Owners,—,Unknown Owners,—,Unknown Owners,—,Unknown Owners,—,—,—,—,—,—,—,—,—,—,—,1740097,—,—,—,—
passenger (cruise),5558719,Nina Paula II,Live,Colombia,—,2008,-2'gt,—,Single,—,7,—,—,"",—,—,—,—,—,—,—,—,—,Unknown Owners,—,—,—,Unknown Owners,—,Unknown Owners,—,Unknown Owners,—,Unknown Owners,—,—,—,—,—,—,—,—,—,—,—,1740126,—,—,—,—
passenger (cruise),5559085,Samanta,Live,Colombia,—,2008,-2'gt,—,Single,—,3,—,—,"",—,—,—,—,—,—,—,—,—,Unknown Owners,—,—,—,Unknown Owners,—,Unknown Owners,—,Unknown Owners,—,Unknown Owners,—,—,—,—,—,—,—,—,—,—,—,1740152,—,—,—,—
passenger (cruise),5559414,Trigana,Live,Colombia,—,2008,-2'gt,—,Single,—,3,—,—,"",—,—,—,—,—,—,—,—,—,Unknown Owners,—,—,—,Unknown Owners,—,Unknown Owners,—,Unknown Owners,—,Unknown Owners,—,—,—,—,—,—,—,—,—,—,—,1740176,—,—,—,—
passenger (cruise),5559417,Yileana,Live,Colombia,—,2008,-2'gt,—,Single,—,2,—,—,"",—,—,—,—,—,—,—,—,—,Unknown Owners,—,—,—,Unknown Owners,—,Unknown Owners,—,Unknown Owners,—,Unknown Owners,—,—,—,—,—,—,—,—,—,—,—,1740190,—,—,—,—
passenger (cruise),55604,Leisure World,Dead,Panama,6882,1969,10'-60'gt,2227,Single,—,15653,942,Weser AG,Bremerhaven,160.30,137.00,22.82,22.80,8.60,6.69,1.91,MAN Energy Solutions SE,MAN Energy Solutions SE,Indian Breakers,—,Panama,—,—,—,—,—,—,—,—,—,—,—,—,—,—,—,—,—,—,—,6921828,—,6391,8690,V8V40/54
passenger (cruise),559330,Indomal Express 8,Live,Indonesia,45,1995,-2'gt,50,Single,YB4265,148,943,P.T. SBF Shipbuilders,Fremantle,31.00,26.74,7.00,6.50,1.75,1.70,0.05,—,Unknown Engine Designer,Awaludin,Indonesia,Jakarta,—,Awaludin,Indonesia,Awaludin,Indonesia,Awaludin,Indonesia,Awaludin,Indonesia,—,—,—,—,P.T. Lestari Indoma Bahari,Indonesia,—,—,—,—,9123257,525015097,618,829,3196DITA
passenger (cruise),559995,Big Stone Pride,Live,U.S.A.,39,1979,-2'gt,17,Single,WDB4762,57,—,Breaux Brothers Enterprises Incorporated,Loreauville,20.00,—,5.00,—,—,1.50,—,—,Unknown Engine Designer,Unknown Owners,—,—,—,Unknown Owners,—,Unknown Owners,—,Unknown Owners,—,Unknown Owners,—,—,—,—,—,—,—,—,—,—,—,—,366902060,—,—,UNKNOWN
passenger (cruise),56071,Formosa Queen,Dead,Panama,10558,1970,10'-60'gt,4525,Single,—,22945,392,Oy Wartsila AB,Helsinki,194.32,168.35,24.02,24.00,16.80,6.70,2.31,Wartsila Finland oy,Sulzer Turbomachinery Services,Asia Star C.,—,Panama,—,—,—,—,—,—,—,—,—,—,—,—,—,—,—,—,—,—,—,7005190,—,3356,4500,9ZH40/48
passenger (cruise),5607814,Vivi,Live,Sweden,—,1978,-2'gt,—,Single,SFIA,400,122,Asi Verkstads AB,Amal,64.01,54.01,14.00,9.01,—,3.40,—,—,Unknown Engine Designer,Government of The Kingdom of Sweden,Sweden,Gothenburg,—,Government of The Kingdom of Sweden,Sweden,Government of The Kingdom of Sweden,Sweden,Vagverket Produktion,Sweden,Government of The Kingdom of Sweden,Sweden,—,—,—,—,—,—,—,—,—,—,7723584,265577470,—,—,DSI11
passenger (cruise),56255,Venus,Dead,Malta,7241,1971,10'-60'gt,2388,Single,—,16710,288,Fincantieri-Cantieri Navali Italiani S.p.A. Riva Trigoso,Riva Trigoso,163.37,137.01,22.82,22.76,13.70,6.70,7.00,Fiat Avio SpA,Fiat Avio SpA,Unknown Turkish,—,Valletta,—,—,—,—,—,—,—,—,—,—,—,—,—,—,—,—,—,—,—,7111078,—,3356,4500,C420.10L
passenger (cruise),564294,Celebrity Eclipse,Live,Malta,82363,2010,100'-150'gt,9500,Single,9HXC9,121878,677,Meyer Werft GmbH (Dormant),Papenburg,317.14,293.58,36.80,36.80,11.30,8.62,3.00,Wartsila Finland oy,Wartsila Corporation,Celebrity Cruises Incorporated,United States of America,Valletta,—,Royal Caribbean Cruises Limited (RCL),United States of America,Celebrity Cruises Incorporated,United States of America,Celebrity Eclipse Incorporated,United States of America,Celebrity Cruises Incorporated,United States of America,—,—,—,—,Celebrity Cruises Incorporated,United States of America,Unknown,Unknown,Unknown Scrubber Manufacturer,Retrofit,9404314,249666000,14280,19415,16V46
passenger (cruise),565670,Ms Pat,Live,U.S.A.,65,1981,-2'gt,—,Single,WDD3527,95,0252,Swiftship Shipbuilders LLC,Morgan City,—,—,—,—,—,—,—,—,Unknown Engine Designer,Unknown Owners,—,Morgan City,—,Unknown Owners,—,Unknown Owners,—,Unknown Owners,—,Unknown Owners,—,—,—,—,—,—,—,—,—,—,—,—,367132660,—,—,UNKNOWN
passenger (cruise),56575,Aegean,Dead,Palau,6916,1968,10'-60'gt,2516,Double Bottom,—,15781,935,Seebeckwerft AG,Bremerhaven,160.11,137.00,22.84,22.80,8.60,6.70,1.90,MAN Energy Solutions SE,MAN Energy Solutions SE,Indian Breakers,—,—,—,—,—,—,—,—,—,—,—,—,—,—,—,—,—,—,—,—,—,6821080,—,6480,8690,16V40/54
passenger (cruise),56623,Harmony 1,Dead,St. Vincent & Grenadines,10174,1957,10'-60'gt,6385,Single,—,24254,753,Rotterdam United Shipyards B.V.,Schiedam,195.00,—,24.70,—,15.80,8.00,7.80,—,Semt Pielstick SA,Indian Breakers,—,Kingstown,—,—,—,—,—,—,—,—,—,—,—,—,—,—,—,—,—,—,—,5339212,—,4100,5498,16PC2V-400
passenger (cruise),56630,Rogaland,Live,Norway,478,1929,-2'gt,508,Single,LESB,851,90,Stavanger Stoperi & Dok,Stavanger,57.21,—,—,9.51,6.33,5.00,1.33,—,Unknown Engine Designer,Jan Welde,Norway,Stavanger,—,Jan Welde,Norway,Jan Welde,Norway,Stiftelsen Veteranskipslaget Rogaland,Norway,Jan Welde,Norway,—,—,—,—,—,—,—,—,—,—,5298652,257256500,895,1200,LSMC-5
passenger (cruise),56661,Stefan,Dead,Bahamas,5637,1952,10'-60'gt,6489,Single,—,11693,—,—,Netherlands,153.00,145.01,21.01,21.01,12.81,8.76,4.05,—,Unknown Engine Designer,Tony T.,—,Nassau,—,—,—,—,—,—,—,—,—,—,—,—,—,—,—,—,—,—,—,5216147,—,6338,8500,UNKNOWN
passenger (cruise),56722,Madagascar,Dead,St. Kitts-Nevis,1077,1960,2'-10'gt,622,Single,—,3008,19,Stephani Werft,Bremen,88.00,76.99,13.40,13.40,7.40,4.40,3.00,Deutz AG,Deutz AG,Indian Breakers,—,—,—,—,—,—,—,—,—,—,—,—,—,—,—,—,—,—,—,—,—,5051365,—,1603,2150,DEUTZ DIESEL
passenger (cruise),56723,S. Ocean,Dead,St. Vincent & Grenadines,1864,1966,2'-10'gt,740,Single,—,4840,1880,Cantieri Riuniti Dell'Adriatico,Monfalcone,105.00,87.00,16.01,16.01,8.06,4.56,3.50,Sulzer Mitsubishi,Sulzer Turbomachinery Services,Indian Breakers,—,Kingstown,—,—,—,—,—,—,—,—,—,—,—,—,—,—,—,—,—,—,—,6413170,—,2051,2750,7TAD48
passenger (cruise),56734,S Solar,Dead,St. Vincent & Grenadines,6777,1953,10'-60'gt,3400,Single,—,17490,208,Societe Industrielle France-Dunkirk,Dunkirk,166.15,149.36,22.10,22.00,13.37,7.87,5.50,—,Unknown Engine Designer,Indian Breakers,—,Kingstown,—,—,—,—,—,—,—,—,—,—,—,—,—,—,—,—,—,—,—,5059006,—,—,—,UNKNOWN TURBINE
passenger (cruise),5678476,Statue of Liberty IV,Live,U.S.A.,55,1987,-2'gt,25,Single,WDB8904,81,54,Chesapeake Shipbuilding Incorporated,Salisbury MD (USA),39.10,—,—,11.00,2.13,—,—,—,Unknown Engine Designer,Statue of Liberty IV,United States of America,Daytona Beach,—,Statue of Liberty IV,United States of America,Statue of Liberty IV,United States of America,Statue of Liberty IV,United States of America,Statue of Liberty IV,United States of America,—,—,—,—,—,—,—,—,—,—,—,367124900,—,—,UNKNOWN
passenger (cruise),5682524,Limtas 1,Live,Turkiye,134,1972,-2'gt,184,Single,TCTM2,447,—,Proteus Z. Vassiliadis Bros. Nafpigiki Limited,Ambelaki,59.20,—,—,11.80,2.20,—,—,—,Unknown Engine Designer,Saykon Konut Insaat Turizm Sanayi ve Ticaret Anonim Sti,Turkiye,Istanbul,—,Saykon Konut Insaat Turizm Sanayi ve Ticaret Anonim Sti,Turkiye,Saykon Konut Insaat Turizm Sanayi ve Ticaret Anonim Sti,Turkiye,Saykon Konut Insaat Turizm Sanayi ve Ticaret Anonim Sti,Turkiye,Saykon Konut Insaat Turizm Sanayi ve Ticaret Anonim Sti,Turkiye,—,—,—,—,—,—,—,—,—,—,7229825,271042599,331,900,12P15.2SR
passenger (cruise),5683605,Heblec-I,Live,Panama,—,1976,-2'gt,—,Single,HO5040,377,26,Proteus Z. Vassiliadis Bros. Nafpigiki Limited,Ambelaki,42.63,38.03,—,12.01,2.52,—,—,—,Unknown Engine Designer,Heblec Maritime S.A.,Portugal,Panama,—,Heblec Maritime S.A.,Portugal,Heblec Maritime S.A.,Portugal,Heblec Maritime S.A.,Portugal,Heblec Maritime S.A.,Portugal,—,—,—,—,—,—,—,—,—,—,7516101,351826000,442,600,12P15.2SR
passenger (cruise),5705,Siritara Ocean Queen,Dead,Thailand,2363,1964,2'-10'gt,1355,Single,—,6092,190,Wadan Yards MTW GmbH,Wismar,122.00,115.00,16.10,16.07,10.32,5.60,4.72,Dieselmotorenwerk Rostock GMBH,MAN Energy Solutions SE,Siritara,—,—,—,—,—,—,—,—,—,—,—,—,—,—,—,—,—,—,—,—,—,5414971,—,3095,4150,K6Z57/80C
passenger (cruise),573230,Rossia,Live,Russia,—,1978,2'-10'gt,—,Single,UBJC5,5640,—,Elbewerften Rosslauer Schiffswerft GmbH (RSW),Rosslau,125.00,—,16.00,—,—,—,—,—,Unknown Engine Designer,Unknown Owners,—,—,—,Unknown Owners,—,Unknown Owners,—,Unknown Owners,—,Unknown Owners,—,—,—,—,—,—,—,—,—,—,—,7638155,273436890,—,—,K6Z57/80C
passenger (cruise),57501,Ocean Dream,Dead,Togo,7674,1972,10'-60'gt,2497,Single,5VBW6,17042,290,Fincantieri-Cantieri Navali Italiani S.p.A. Riva Trigoso,Riva Trigoso,163.00,137.00,22.80,22.80,16.57,6.52,10.05,Fiat Avio SpA,Fiat Avio SpA,Shanghai Sail,—,—,—,—,—,—,—,—,—,—,—,—,—,—,—,—,—,—,—,—,—,7211517,671326000,3356,4500,C420.10L
passenger (cruise),57513,Oriental Dragon,Dead,Panama,7750,1972,10'-60'gt,3202,Single,—,18455,394,STX Finland OY - SEE NOW AS Arctech Helsinki Shipyard Incorporated,Helsinki,171.68,136.88,24.01,23.98,14.20,6.70,7.50,Wartsila Finland oy,Sulzer Turbomachinery Services,Hopewin S.M.,—,Panama,—,—,—,—,—,—,—,—,—,—,—,—,—,—,—,—,—,—,—,7125861,—,3356,4500,9ZH40/48
passenger (cruise),57770,Reyna Filipina,Dead,Philippines,3043,1956,2'-10'gt,1140,Single,—,5486,—,—,"",—,—,—,—,—,—,—,—,Unknown Engine Designer,—,—,—,—,—,—,—,—,—,—,—,—,—,—,—,—,—,—,—,—,—,—,5063112,—,1566,2100,UNKNOWN
passenger (cruise),5824296,Viking Akun,Live,Russia,—,1988,2'-10'gt,480,Single,—,5475,393,Elbewerft Boizenburg GmbH (EWB),Boizenburg,129.11,122.46,17.00,16.00,4.53,2.90,1.63,—,Unknown Engine Designer,Viking Holding Limited,Bermuda,—,—,Viking Holding Limited,Bermuda,Viking Holding Limited,Bermuda,Viking Holding Limited,Bermuda,Viking Holding Limited,Bermuda,—,—,—,—,—,—,—,—,—,—,8707707,—,3615,4848,K6Z57/80C
passenger (cruise),588478,Borka,Dead,Sweden,—,1951,-2'gt,—,Single,—,95,—,—,"",—,—,—,—,—,—,—,—,Unknown Engine Designer,Unknown Owners,—,—,—,—,—,—,—,—,—,—,—,—,—,—,—,—,—,—,—,—,—,—,—,—,—,UNKNOWN
passenger (cruise),5904750,Pacific Yacht,Live,Canada,93,1989,-2'gt,8000,Single,—,221,Y8686197,Kimoli Ventures Limited,British Columbia,28.80,—,—,6.28,1.49,1.49,0.00,—,Unknown Engine Designer,Pacific Yacht Charters Gp Incorporated,Canada,Vancouver,—,Pacific Yacht Charters Gp Incorporated,Canada,Pacific Yacht Charters Gp Incorporated,Canada,Pacific Yacht Charters Gp Incorporated,Canada,Pacific Yacht Charters Gp Incorporated,Canada,—,—,—,—,—,—,—,—,—,—,8686197,—,130,300,12V396TB63
passenger (cruise),5910317,Drummond Islander IV,Live,U.S.A.,65,2000,-2'gt,30,Single,WDE4153,97,—,Basic Marine Incorporated,Escanaba,155.00,—,16.00,12.19,3.66,2.50,1.16,—,Unknown Engine Designer,Eastern Upper Peninsula Transportation Authority,United States of America,—,—,Eastern Upper Peninsula Transportation Authority,United States of America,Eastern Upper Peninsula Transportation Authority,United States of America,Eastern Upper Peninsula Transportation Authority,United States of America,Eastern Upper Peninsula Transportation Authority,United States of America,—,—,—,—,—,—,—,—,—,—,—,367349450,—,—,UNKNOWN
passenger (cruise),595592,Faro I,Live,Colombia,—,2006,-2'gt,—,Single,—,11,—,—,"",—,—,—,—,—,—,—,—,Unknown Engine Designer,Unknown Owners,—,—,—,Unknown Owners,—,Unknown Owners,—,Unknown Owners,—,Unknown Owners,—,—,—,—,—,—,—,—,—,—,—,2982329,—,—,—,UNKNOWN
passenger (cruise),5973680,Disney Dream,Live,Bahamas,77000,2010,100'-150'gt,9800,Single,C6YR6,129690,687,Meyer Werft GmbH (Dormant),Papenburg,339.80,297.00,—,40.50,11.55,8.32,3.23,—,MAN Energy Solutions SE,Magical Cruise Company Limited (Disney Cruise Line),United States of America,Nassau,—,Walt Disney World Company,United States of America,Magical Cruise Company Limited (Disney Cruise Line),United States of America,Magical Cruise Company Limited (Disney Cruise Line),United States of America,Magical Cruise Company Limited (Disney Cruise Line),United States of America,—,—,—,—,Magical Cruise Company Limited (Disney Cruise Line),United States of America,—,—,—,—,9434254,311042900,32640,44378,14V48/60B
passenger (cruise),597475,Chantenay,Live,France,—,2006,-2'gt,—,Single,—,49,AT0346,Chantiers Naval Glehen Pierre et Fils,Guilvinec,—,18.35,—,5.81,—,—,—,—,Unknown Engine Designer,Finist'mer,France,—,—,Finist'mer,France,Finist'mer,France,Finist'mer,France,Finist'mer,France,—,—,—,—,Finist'mer,France,—,—,—,—,—,—,676,918,UNKNOWN
passenger (cruise),5974904,Marina,Live,Marshall Islands,28485,2010,60'-100'gt,8676,Single,V7SK2,66084,6194,Fincantieri-Cantieri Navali Italiani S.p.A. Genoa,Genoa,239.30,213.36,—,32.19,37.07,7.60,29.47,—,Unknown Engine Designer,Oceania Cruises S de RL,United States of America,Majuro,—,Norwegian Cruise Line Holdings Limited,United States of America,Oceania Cruises S de RL,United States of America,Marina New Build LLC,Marshall Islands,NCL (Bahamas) Limited,United States of America,—,—,—,—,NCL (Bahamas) Limited,United States of America,—,—,—,—,9438066,538003668,12000,16304,9M43C
passenger (cruise),600153,Wateree,Live,U.S.A.,—,1991,-2'gt,—,Single,WDF4766,285,357,Gulf Craft LLC,Patterson,—,—,—,9.14,3.20,—,—,—,Unknown Engine Designer,SEACOR Marine LLC,United States of America,New Orleans,—,SEACOR Marine Holdings Incorporated,United States of America,SEACOR Marine LLC,United States of America,SEACOR Marine LLC,United States of America,SEACOR Marine LLC,United States of America,—,—,General Electric Capital Corporation,United States of America,—,—,—,—,—,—,8977807,367455610,—,—,12V-71-TI
passenger (cruise),600308,Miss Jessica Faye,Live,U.S.A.,63,1987,-2'gt,—,Single,WDC8845,93,1605,—,Loreauville,—,—,—,—,—,—,—,—,Unknown Engine Designer,Unknown Owners,—,New Orleans,—,Unknown Owners,—,Unknown Owners,—,Unknown Owners,—,Unknown Owners,—,—,—,—,—,—,—,—,—,—,—,—,367093960,—,—,UNKNOWN
passenger (cruise),600492,Mr.Jacob,Live,U.S.A.,66,2001,-2'gt,—,Single,WDA5500,98,1261,Breaux Brothers Enterprises Incorporated,Loreauville,47.24,41.76,—,9.14,4.11,—,—,—,Unknown Engine Designer,Unknown Owners,—,Bayou la Batre,—,Unknown Owners,—,Unknown Owners,—,Unknown Owners,—,Unknown Owners,—,—,—,—,—,—,—,—,—,—,—,—,366820770,—,—,UNKNOWN
passenger (cruise),6011957,Maria Angela,Live,Philippines,—,2008,-2'gt,—,Single,—,372,—,—,"",—,—,—,—,—,—,—,—,—,Unknown Owners,—,—,—,Unknown Owners,—,Unknown Owners,—,Unknown Owners,—,Unknown Owners,—,—,—,—,—,—,—,—,—,—,—,—,—,78,105,4BT3.9
passenger (cruise),6034,Diamond XI,Dead,Portugal,2676,1974,2'-10'gt,1575,Single,—,8282,220,Kristiansands Mek. Verksted & Batbyggeri AS,Kristiansand,124.19,114.61,16.03,16.00,8.30,4.80,3.50,Wartsila Norway AS,Wartsila Norway AS,Bridgemans Group,—,Porto Santo,—,—,—,—,—,—,—,—,—,—,—,—,—,—,—,—,—,—,—,7325629,—,2789,3740,WX28V10
passenger (cruise),60530,Tara,Dead,Comoros,8602,1966,10'-60'gt,6000,Single,—,21100,127,Wadan Yards MTW GmbH,Wismar,175.00,155.00,25.00,23.53,13.50,8.20,5.30,Zaklady Przemyslu Metalowego H. Cegielski S.A.,Sulzer Turbomachinery Services,Indian Breakers,—,Moroni,—,—,—,—,—,—,—,—,—,—,—,—,—,—,—,—,—,—,—,6508195,—,7830,10500,7RND76
passenger (cruise),60621,Tataria,Dead,Malta,1281,1963,2'-10'gt,683,Single,—,3338,—,—,U.S.S.R.,101.00,94.01,14.55,14.55,5.69,3.85,1.84,—,"Skodaexport, a.s.",Firm A.,—,Valletta,—,—,—,—,—,—,—,—,—,—,—,—,—,—,—,—,—,—,—,6421531,—,1491,2000,8DR43/61-V1
passenger (cruise),612949,Cesme Ekspress,Live,Turkiye,36,1992,-2'gt,37,Single,TC6368,120,569,Ustaoglu Yat & Gemi Sanayi Ticaret Limited Sirketi,Eregli,30.00,26.44,—,7.60,2.80,—,—,Caterpillar Incorporated,Unknown Engine Designer,Diana Deniz Tasimaciligi Turizm Ticaret ve Sanayi A.S.,Turkiye,Kusadasi,—,Diana Deniz Tasimaciligi Turizm Ticaret ve Sanayi A.S.,Turkiye,Diana Deniz Tasimaciligi Turizm Ticaret ve Sanayi A.S.,Turkiye,Diana Deniz Tasimaciligi Turizm Ticaret ve Sanayi A.S.,Turkiye,Diana Deniz Tasimaciligi Turizm Ticaret ve Sanayi A.S.,Turkiye,—,—,—,—,—,—,—,—,—,—,8982694,271015006,397,540,3196DITA
passenger (cruise),6157,Delphin,Dead,Bahamas,5865,1975,10'-60'gt,2851,Single,—,16214,1212,Oy Wartsila AB,Turku,157.00,134.00,21.80,21.80,13.70,6.20,7.50,Wartsila Finland oy,Semt Pielstick SA,Vishal,—,Nassau,—,—,—,—,—,—,—,—,—,—,—,—,—,—,—,—,—,—,—,7347536,—,6717,9007,18PC2-2V-400
passenger (cruise),6191040,General Vatutin,Live,Belize,1928,1986,2'-10'gt,480,Single,V3TD7,5475,388,Elbewerft Boizenburg GmbH (EWB),Boizenburg,129.11,122.46,—,16.01,4.53,2.90,1.63,—,Unknown Engine Designer,Chervona Ruta Cruise Company,Ukraine,Belize City,—,Chervona Ruta Cruise Company,Ukraine,Chervona Ruta Cruise Company,Ukraine,Chervona Ruta Cruise Company,Ukraine,Chervona Ruta Cruise Company,Ukraine,—,—,—,—,—,—,—,—,—,—,8620088,312353000,2424,3251,K6Z57/80C
passenger (cruise),621211,Swiss Gloria,Live,Switzerland,—,2005,Unknown size,—,Single,HE7189,,—,Scheepswerf en Machinefabriek Hardinxveld B.V.,"",110.00,—,11.00,—,—,1.50,—,—,Unknown Engine Designer,Unknown Owners,—,—,—,Unknown Owners,—,Unknown Owners,—,Unknown Owners,—,Unknown Owners,—,—,—,—,—,—,—,—,—,—,—,—,269057189,—,—,UNKNOWN
passenger (cruise),621535,Crystal Galene,Live,Singapore,11,2002,-2'gt,—,Single,9V2517,25,1019,JS Marine Technology Private Limited,Singapore,15.00,13.72,—,4.26,1.58,0.60,0.98,Cummins Incorporated,Cummins Incorporated,Crystal Offshore Private Limited,Republic of Singapore,Singapore,—,Crystal Offshore Private Limited,Republic of Singapore,Crystal Offshore Private Limited,Republic of Singapore,Crystal Offshore Private Limited,Republic of Singapore,Crystal Offshore Private Limited,Republic of Singapore,—,—,—,—,Crystal Offshore Private Limited,Republic of Singapore,—,—,—,—,—,—,134,182,6BT5.9-M
passenger (cruise),625024,Pearl Mist,Live,Marshall Islands,1681,2014,2'-10'gt,700,Single,V7RM9,5109,6092,Halifax Shipyard Limited (Part of Irving Shipbuilding Incorporated ),Halifax,99.05,86.91,—,16.80,4.75,3.47,1.28,—,Caterpillar Incorporated,Pearl Seas Cruises LLC,United States of America,Majuro,—,Pearl Seas Cruises LLC,United States of America,Pearl Seas Cruises LLC,United States of America,Pearl Seas Cruises LLC,United States of America,V. Ships USA (Boston) LLC,United States of America,—,—,—,—,V. Ships Leisure SAM,Monaco,—,—,—,—,9412701,538003543,2660,3650,3516C-DITA
passenger (cruise),625379,Mitsui Ocean Fuji,Live,Bahamas,10657,2009,10'-60'gt,5000,Single,C6XC6,32477,62,CI.MAR Construzioni Navali S.p.A.,Porto Nogaro,198.19,—,—,26.00,11.85,6.40,5.45,—,Unknown Engine Designer,MOL Cruises Limited,Japan,Nassau,—,Mitsui O.S.K. Lines Limited (MOL),Japan,MOL Cruises Limited,Japan,MOLC Cruise Line Fuji S.A.,Panama,V. Ships Leisure SAM,Monaco,—,—,—,—,V. Ships Leisure SAM,Monaco,—,—,—,—,9417086,309416000,7500,10058,12V32
passenger (cruise),625380,Seabourn Sojourn,Live,Bahamas,10532,2010,10'-60'gt,5000,Single,C6YA5,32477,63,CI.MAR Construzioni Navali S.p.A.,Genoa,198.15,—,—,26.00,11.85,6.40,5.45,Wartsila Finland oy,MAN Diesel AS,Seabourn Cruise Line A/S,Norway,Nassau,—,Carnival Corporation,United States of America,Seabourn Cruise Line A/S,Norway,Seabourn Cruise Line Limited,United States of America,Holland America Line N.V.,United States of America,—,—,—,—,Holland America Line N.V.,United States of America,—,—,—,—,9417098,311027100,5100,6934,12V32
passenger (cruise),627684,Norwegian Epic,Live,Bahamas,146495,2010,150'+ gt,10850,Single,C6XP7,155873,C33,Chantiers de l'Atlantique,St. Nazaire,329.45,288.80,42.50,40.64,21.60,9.03,12.57,Caterpillar Motoren GmbH & Company KG,Mak Motoren GmbH & Company KG,NCL (Bahamas) Limited,United States of America,Nassau,—,Norwegian Cruise Line Holdings Limited,United States of America,NCL (Bahamas) Limited,United States of America,Norwegian Epic Limited,Bahamas,NCL (Bahamas) Limited,United States of America,—,—,—,—,NCL (Bahamas) Limited,United States of America,Unknown,Unknown,Unknown Scrubber Manufacturer,—,9410569,311018500,26800,36438,16M43C
passenger (cruise),628830,White Eagle,Live,U.S.A.,67,1982,-2'gt,—,Single,WBZ7970,99,268,—,"",—,—,—,—,—,—,—,—,Unknown Engine Designer,Unknown Owners,—,New Orleans,—,Unknown Owners,—,Unknown Owners,—,Unknown Owners,—,Unknown Owners,—,—,—,—,—,—,—,—,—,—,—,—,367000970,—,—,UNKNOWN
passenger (cruise),629938,Sempre Avanti T II,Live,Italy,—,1975,-2'gt,—,Single,ISAH,121,—,—,Italy,—,—,—,—,—,9.00,—,—,Unknown Engine Designer,Tudisco G.,Italy,—,—,Tudisco G.,Italy,Tudisco G.,Italy,Tudisco G.,Italy,Tudisco G.,Italy,—,—,—,—,—,—,—,—,—,—,7945106,—,125,168,821M
passenger (cruise),63021,Turkmeniya,Dead,U.S.S.R.,2239,1961,2'-10'gt,1357,Single,—,5127,—,—,East Germany,122.00,—,16.10,—,7.60,5.20,2.40,—,Unknown Engine Designer,—,—,—,—,—,—,—,—,—,—,—,—,—,—,—,—,—,—,—,—,—,—,5371131,—,3095,4150,UNKNOWN
passenger (cruise),63111,Triton,Dead,St. Vincent & Grenadines,8827,1952,10'-60'gt,5705,Single,—,16907,—,—,U.K.,164.00,—,21.80,—,11.70,7.70,4.00,—,Unknown Engine Designer,Triton Ship,—,Kingstown,—,—,—,—,—,—,—,—,—,—,—,—,—,—,—,—,—,—,—,5372094,—,—,—,UNKNOWN
passenger (cruise),6328578,Riviera,Live,Marshall Islands,29187,2012,60'-100'gt,7662,Single,V7WO5,66172,6195,Fincantieri-Cantieri Navali Italiani S.p.A. Genoa,Genoa,238.00,213.33,32.20,32.20,37.07,7.60,29.47,—,Unknown Engine Designer,Oceania Cruises S de RL,United States of America,Majuro,—,Norwegian Cruise Line Holdings Limited,United States of America,Oceania Cruises S de RL,United States of America,Riviera New Build LLC,Marshall Islands,Oceania Cruises S de RL,United States of America,—,—,—,—,NCL (Bahamas) Limited,United States of America,—,—,—,—,9438078,538004353,—,—,9M43C
passenger (cruise),63365,Universe,Dead,Liberia,7270,1953,10'-60'gt,5182,Single,—,13950,—,—,U.S.A.,171.00,—,23.30,—,13.60,8.70,4.90,—,Unknown Engine Designer,Island N.C.I.,—,Monrovia,—,—,—,—,—,—,—,—,—,—,—,—,—,—,—,—,—,—,—,5028837,—,—,—,UNKNOWN
passenger (cruise),63670,Riviera,Dead,Greece,7041,1951,10'-60'gt,4984,Single,—,13581,—,—,"",—,—,—,—,—,—,—,—,Unknown Engine Designer,—,—,—,—,—,—,—,—,—,—,—,—,—,—,—,—,—,—,—,—,—,—,5260447,—,—,—,UNKNOWN
passenger (cruise),63776,New Orleans,Dead,St. Vincent & Grenadines,9568,1958,10'-60'gt,8706,Double Bottom,—,23875,468,Ingalls Shipbuilding Corporation,Pascagoula,188.00,—,26.90,—,13.80,8.30,5.50,General Electric Company,General Electric Company,Global Marketing,—,Kingstown,—,—,—,—,—,—,—,—,—,—,—,—,—,—,—,—,—,—,—,5023162,—,—,—,GENERAL ELECTRIC TURBINE
passenger (cruise),639058,Minke,Live,U.S.A.,10,1978,-2'gt,—,Single,WQZ2817,11,—,—,Turku,37.60,—,11.50,—,5.00,—,—,—,Unknown Engine Designer,John J. Kettlewell,United States of America,—,—,John J. Kettlewell,United States of America,John J. Kettlewell,United States of America,John J. Kettlewell,United States of America,John J. Kettlewell,United States of America,—,—,—,—,—,—,—,—,—,—,—,—,—,—,UNKNOWN
passenger (cruise),640092,Two Masters,Live,Unknown,18,1993,-2'gt,—,Single,—,22,HQZ00297G393,—,"",39.30,—,19.70,—,8.00,—,—,—,—,Brent T. Schneider,United States of America,—,—,Brent T. Schneider,United States of America,Brent T. Schneider,United States of America,Brent T. Schneider,United States of America,Brent T. Schneider,United States of America,—,—,—,—,—,—,—,—,—,—,—,—,—,—,—
passenger (cruise),64210,7107 Islands Cruise,Live,Philippines,1945,1968,2'-10'gt,1871,Double Bottom,4DEE2,5113,101,Union Naval de Levante S.A.,Valencia,106.00,98.00,16.30,16.26,7.19,4.98,2.21,"Maquinas Electrcias e Hidraulicas Indar, SL (INDAR)",B&W Diesel A/S,7107 Islands Cruise Corporation,Philippines,Manila,—,7107 Islands Cruise Corporation,Philippines,7107 Islands Cruise Corporation,Philippines,7107 Islands Cruise Corporation,Philippines,7107 Islands Cruise Corporation,Philippines,—,—,—,—,—,—,—,—,—,—,6816970,548334100,2327,3120,10-35VBF-62
passenger (cruise),64225,Victoria 1,Dead,North Korea,4374,1936,10'-60'gt,6489,Single,—,14583,959,Harland & Wolff Heavy Industries Limited,Belfast,174.53,161.40,21.92,21.80,13.26,8.00,5.26,—,Unknown Engine Designer,Indian Breakers,—,Wonsan,—,—,—,—,—,—,—,—,—,—,—,—,—,—,—,—,—,—,—,5379717,—,5220,7000,UNKNOWN
passenger (cruise),64603,Oasis,Dead,St. Kitts-Nevis,9356,1973,10'-60'gt,5954,Single,—,24492,39,Swan Hunter Shipbuilders,Tyne,191.08,169.05,25.05,25.00,11.58,8.26,3.32,—,Sulzer Turbomachinery Services,Indian Breakers,—,Basseterre,—,—,—,—,—,—,—,—,—,—,—,—,—,—,—,—,—,—,—,7214715,—,8945,11996,9RD68
passenger (cruise),6468058,Loth Lorien,Live,Netherlands,80,1907,-2'gt,—,Single,PFPF,137,—,—,"",—,—,—,—,—,—,—,—,—,Van der Rest JCA,Germany,—,—,Van der Rest JCA,Germany,Van der Rest JCA,Germany,Van der Rest JCA,Germany,Van der Rest JCA,Germany,—,—,—,—,BBZ-ISM Stichting,Netherlands,—,—,—,—,5254151,245994000,—,—,3ACA
passenger (cruise),65024,Astoria,Live,Madeira,5931,1948,10'-60'gt,2153,Single,CQRV,16144,611,Gotaverken Arendal A/B,Gothenburg,160.07,146.47,21.00,21.00,11.73,7.60,4.13,Wartsila Finland oy,MAN Diesel AS,"Islands Cruises - Transportes Maritimos, Unipessoal Limitada",Portugal,Funchal,—,"Islands Cruises - Transportes Maritimos, Unipessoal Limitada",Portugal,"Islands Cruises - Transportes Maritimos, Unipessoal Limitada",Portugal,"Islands Cruises - Transportes Maritimos, Unipessoal Limitada",Portugal,Sociedade de Consultores Maritimos Lda SCMA,Portugal,—,—,—,—,Sociedade de Consultores Maritimos Lda SCMA,Portugal,—,—,—,—,5383304,255801380,5354,7275,16V32
passenger (cruise),6526203,Goodtime I,Live,U.S.A.,64,1971,-2'gt,—,Single,WZN4438,94,—,Blount Marine Corporation,Warren(USA),—,—,—,—,—,—,—,—,Unknown Engine Designer,Lake Erie Island Cruises LLC,United States of America,Sandusky,—,Lake Erie Island Cruises LLC,United States of America,Lake Erie Island Cruises LLC,United States of America,Lake Erie Island Cruises LLC,United States of America,Lake Erie Island Cruises LLC,United States of America,—,—,—,—,—,—,—,—,—,—,—,367107120,—,—,UNKNOWN
passenger (cruise),654591,Spirit of Lahaina,Live,U.S.A.,39,2002,-2'gt,—,Single,WDC3326,49,GS0171B202,—,Iberia(USA),65.00,—,—,27.00,9.40,—,—,—,Unknown Engine Designer,Paradise Cruise Limited,United States of America,Lahaina,—,Paradise Cruise Limited,United States of America,Paradise Cruise Limited,United States of America,Paradise Cruise Limited,United States of America,Paradise Cruise Limited,United States of America,—,—,—,—,—,—,—,—,—,—,—,366867870,—,—,UNKNOWN
passenger (cruise),65714,Rita,Dead,St. Vincent & Grenadines,14746,1960,10'-60'gt,16252,Single,—,38376,1287,Cammell Laird Holdings Plc,Liverpool(GBR),238.00,222.51,28.05,28.05,15.24,9.79,5.45,—,Stork-Werkspoor Diesel B.V.,Indian Breakers,—,Kingstown,—,—,—,—,—,—,—,—,—,—,—,—,—,—,—,—,—,—,—,5391923,—,36334,49400,PAMETRADA TURBINE
passenger (cruise),66071,World Discoverer,Dead,Liberia,1188,1974,2'-10'gt,732,Single,—,3724,2250,Schichau Unterweser AG,Bremerhaven,87.00,—,15.10,—,8.70,4.50,4.20,—,Mak Motoren GmbH & Company KG,Discoverer R.,—,Monrovia,—,—,—,—,—,—,—,—,—,—,—,—,—,—,—,—,—,—,—,7349053,—,1790,2400,8M452AK
passenger (cruise),661679,Apache,Live,U.S.A.,67,1989,-2'gt,30,Single,WDD4597,95,38,—,Biloxi,—,—,—,—,—,—,—,—,Unknown Engine Designer,Unknown Owners,—,—,—,Unknown Owners,—,Unknown Owners,—,Maxum Enterprises LLC,United States of America,Unknown Owners,—,—,—,—,—,—,—,—,—,—,—,—,368393000,—,—,UNKNOWN
passenger (cruise),662178,Fling,Live,U.S.A.,66,1974,-2'gt,30,Single,WDA7435,97,H-74-8-009,Swiftship Shipbuilders LLC,Morgan City,33.00,—,7.00,—,—,—,—,—,Unknown Engine Designer,Unknown Owners,—,Houston,—,Unknown Owners,—,Unknown Owners,—,Unknown Owners,—,Unknown Owners,—,—,—,—,—,—,—,—,—,—,—,—,366843280,—,—,UNKNOWN
passenger (cruise),66221,Faithful,Live,U.S.A.,2138,1955,2'-10'gt,428,Single,—,2563,786,—,Hamburg,89.52,77.35,13.24,13.20,5.11,3.77,1.34,—,Unknown Engine Designer,Al Boraq Aviation,United States of America,—,—,Al Boraq Aviation,United States of America,Al Boraq Aviation,United States of America,Al Boraq Aviation,United States of America,Al Boraq Aviation,United States of America,—,—,—,—,—,—,—,—,—,—,5088227,366192090,522,700,12V251E
passenger (cruise),662224,Thunderisland,Live,U.S.A.,66,1990,-2'gt,—,Single,WDA9925,98,167,Breaux Brothers Enterprises Incorporated,Loreauville,40.00,—,8.00,—,—,1.40,—,—,Unknown Engine Designer,Unknown Owners,—,New Orleans,—,Unknown Owners,—,Unknown Owners,—,Unknown Owners,—,Unknown Owners,—,—,—,—,—,—,—,—,—,—,—,—,366870440,—,—,UNKNOWN
passenger (cruise),663907,Mr.Henry,Live,U.S.A.,95,2003,-2'gt,—,Single,WDB2323,318,1275,Breaux Brothers Enterprises Incorporated,Loreauville,47.24,41.76,10.00,9.14,3.66,—,—,—,Unknown Engine Designer,Unknown Owners,—,Bayou la Batre,—,Unknown Owners,—,Unknown Owners,—,Unknown Owners,—,Unknown Owners,—,—,—,—,—,—,—,—,—,—,—,—,366874650,—,—,12V2000M70
passenger (cruise),66401,Orient Princess,Live,China,3383,1967,10'-60'gt,3909,Single,—,10298,N23,Chantiers de l'Atlantique,St. Nazaire,150.00,132.01,21.01,21.01,13.42,6.62,6.80,CCM Sulzer,Sulzer Turbomachinery Services,Tanggu State Property Investment Operation Company Limited,People's Republic of China,—,—,Tanggu State Property Investment Operation Company Limited,People's Republic of China,Tanggu State Property Investment Operation Company Limited,People's Republic of China,Tanggu State Property Investment Operation Company Limited,People's Republic of China,Bernhard Schulte Shipmanagement (Hong Kong) Limited Partnership,"Hong Kong, S.A.R., China",—,—,—,—,—,—,—,—,—,—,6708109,—,5593,7500,9RD56
passenger (cruise),6644,Ola Esmeralda,Dead,Panama,4072,1966,10'-60'gt,3043,Single,—,11209,561,Flender Werft AG,Lubeck,141.62,129.29,20.27,20.02,8.80,6.42,2.38,Ottensener-Eisenwerk GmbH,Semt Pielstick SA,Dominican Republic B,—,—,—,—,—,—,—,—,—,—,—,—,—,—,—,—,—,—,—,—,—,6613328,—,6242,8370,18PC2V-400
passenger (cruise),6666,Discovery I,Dead,Panama,6873,1970,10'-60'gt,3791,Single,—,12244,—,—,U.K.,149.00,—,20.00,—,8.80,6.70,2.10,—,Semt Pielstick SA,Discovery C.,—,Panama,—,—,—,—,—,—,—,—,—,—,—,—,—,—,—,—,—,—,—,7008001,—,6711,9000,18PC2V-400
passenger (cruise),6686963,Hinase Maru No. 3,Live,Japan,—,1990,-2'gt,100,Single,JK4997,936,168,K.K. Saidaiji Zosensho,Okayama,64.70,61.00,—,13.80,3.75,2.80,0.95,—,Niigata Shipbuilding & Repair Incorporated,Setouchi Kanko Kisen K.K.,Japan,—,—,Setouchi Kanko Kisen K.K.,Japan,Setouchi Kanko Kisen K.K.,Japan,Setouchi Kanko Kisen K.K.,Japan,Setouchi Kanko Kisen K.K.,Japan,—,—,—,—,—,—,—,—,—,—,8911011,431000536,1030,1400,6M28BGT
passenger (cruise),671877,Tropic Diver,Live,U.S.A.,5,1979,-2'gt,—,Single,WCF5887,6,LYT06166079,—,"",—,—,—,—,—,—,—,—,Unknown Engine Designer,Unknown Owners,—,Miami,—,Unknown Owners,—,Unknown Owners,—,Unknown Owners,—,Unknown Owners,—,—,—,—,—,—,—,—,—,—,—,—,366937670,—,—,UNKNOWN
passenger (cruise),67223,Adventure,Dead,Tanzania,6400,1976,10'-60'gt,3004,Single,—,15409,1222,STX Finland OY - SEE NOW AS Arctech Helsinki Shipyard Incorporated,Turku,157.00,135.59,21.80,21.80,8.35,6.21,2.16,Wartsila Finland oy,Semt Pielstick SA,Meridian S.M.,—,—,—,—,—,—,—,—,—,—,—,—,—,—,—,—,—,—,—,—,—,7359486,—,6711,9000,18PC2-2V-400
passenger (cruise),672440,Ecce Homo,Live,Colombia,—,2006,-2'gt,—,Single,—,2,—,—,"",—,—,—,—,—,—,—,—,—,Unknown Owners,—,—,—,Unknown Owners,—,Unknown Owners,—,Unknown Owners,—,Unknown Owners,—,—,—,—,—,—,—,—,—,—,—,2978275,—,—,—,—
passenger (cruise),67432,Enchanted Capri,Dead,Mexico,6401,1975,10'-60'gt,3000,Double Bottom,XCJP7,15410,1221,STX Finland OY - SEE NOW AS Arctech Helsinki Shipyard Incorporated,Turku,157.00,134.00,22.05,21.80,16.30,6.20,2.16,Wartsila Finland oy,Semt Pielstick SA,Demar I.,—,Ciudad del Carmen,—,—,—,—,—,—,—,—,—,—,—,—,—,—,—,—,—,—,—,7359474,345070213,6711,9000,18PC2-2V-400
passenger (cruise),67446,Ocean Adventurer,Live,Portugal,1443,1975,2'-10'gt,1465,Double Bottom,CQEJ7,4614,408,—,"",100.01,90.00,16.24,16.20,6.99,4.65,2.31,Uljanik Brodogradiliste d.d.,B&W Diesel A/S,SunStone Ships Incorporated,United States of America,Madeira,—,SunStone Maritime Group A/S,Denmark,SunStone Ships Incorporated,United States of America,Adventurer Partners Unipessoal Lda,Portugal,Anglo-Eastern Cruise Management Incorporated,United States of America,Quark Expeditions Incorporated,United States of America,—,—,Anglo-Eastern Cruise Management Incorporated,United States of America,—,—,—,—,7391422,255806402,1969,2640,8-35VF-62
passenger (cruise),6774,Freewinds,Live,Panama,3699,1968,2'-10'gt,7500,Single,H9CK,9780,1161,STX Finland OY - SEE NOW AS Arctech Helsinki Shipyard Incorporated,Turku,134.32,118.80,21.04,20.04,7.30,5.75,1.55,Wartsila Finland oy,Sulzer Turbomachinery Services,Church of Scientology International,United States of America,Panama,—,Church of Scientology International,United States of America,Church of Scientology International,United States of America,San Donato Properties Corporation,Panama,Anglo-Eastern Cruise Management Incorporated,United States of America,—,—,—,—,Anglo-Eastern Cruise Management Incorporated,United States of America,—,—,—,—,6810811,354993000,5220,7000,8RD56
passenger (cruise),6806022,Duta Muhibbah Dua,Live,Malaysia,43,1992,-2'gt,—,Single,9WBE8,98,—,—,"",36.00,—,—,4.60,2.30,1.00,1.30,—,Unknown Engine Designer,Unknown Owners,—,Kota Kinabalu,—,Unknown Owners,—,Unknown Owners,—,Unknown Owners,—,Unknown Owners,—,—,—,—,—,—,—,—,—,—,—,8982371,533556000,—,—,UNKNOWN
passenger (cruise),6806244,Duta Muhibbah 3,Live,Malaysia,44,1977,-2'gt,—,Single,9WTV,67,—,—,"",28.00,—,5.30,5.30,2.13,1.00,1.13,—,Unknown Engine Designer,Unknown Owners,—,Kota Kinabalu,—,Unknown Owners,—,Unknown Owners,—,Unknown Owners,—,Unknown Owners,—,—,—,—,—,—,—,—,—,—,—,8979439,533811000,—,—,UNKNOWN
passenger (cruise),6813467,Meis Express,Live,Turkiye,—,2008,-2'gt,30,Single,TC8828,99,—,—,"",—,—,—,—,—,—,—,—,Unknown Engine Designer,Unknown Owners,—,—,—,Unknown Owners,—,Unknown Owners,—,Unknown Owners,—,Unknown Owners,—,—,—,—,—,—,—,—,—,—,—,—,271019002,—,—,UNKNOWN
passenger (cruise),6818835,Disney Fantasy,Live,Bahamas,76000,2012,100'-150'gt,9500,Single,C6ZL6,129750,688,Meyer Werft GmbH (Dormant),Papenburg,339.80,297.00,—,40.50,11.55,8.32,3.23,—,MAN Energy Solutions SE,Magical Cruise Company Limited (Disney Cruise Line),United States of America,Nassau,—,Walt Disney World Company,United States of America,Magical Cruise Company Limited (Disney Cruise Line),United States of America,Magical Cruise Company Limited (Disney Cruise Line),United States of America,Magical Cruise Company Limited (Disney Cruise Line),United States of America,—,—,—,—,Magical Cruise Company Limited (Disney Cruise Line),United States of America,—,—,—,—,9445590,311058700,15438,20990,12V48/60B
passenger (cruise),6820344,Connecticut,Live,U.S.A.,64,1998,-2'gt,29,Single,WCY4995,94,61,Washburn & Doughty Associates Incorporated,"",—,—,—,—,—,—,—,—,Unknown Engine Designer,University of Connecticut,United States of America,Groton,—,University of Connecticut,United States of America,University of Connecticut,United States of America,University of Connecticut,United States of America,University of Connecticut,United States of America,—,—,—,—,—,—,—,—,—,—,—,367359940,—,—,UNKNOWN
passenger (cruise),7006,Mirage I,Dead,Sierra Leone,6325,1973,10'-60'gt,1829,Single,—,14264,133A,Chantiers Dubigeon S.A.,Nantes,141.46,135.30,21.93,21.93,13.10,5.67,7.43,Chantiers de l'Atlantique,Semt Pielstick SA,Lance Shipping,—,Freetown,—,—,—,—,—,—,—,—,—,—,—,—,—,—,—,—,—,—,—,7221433,—,7606,10200,12PC3V-480
passenger (cruise),703,Akademik Korolyov,Dead,Russia,1350,1967,2'-10'gt,2059,Single,—,5491,183,Wadan Yards MTW GmbH,Wismar,123.00,—,17.10,—,8.20,6.00,2.20,Dieselmotorenwerk Rostock GMBH,MAN Energy Solutions SE,Vietnam Breakers,—,Vladivostok,—,—,—,—,—,—,—,—,—,—,—,—,—,—,—,—,—,—,—,6707301,—,2983,4000,K6Z57/80C
passenger (cruise),7032,Empress Katerina,Dead,Panama,3188,1951,2'-10'gt,1146,Double Bottom,—,6542,—,—,U.K.,138.00,—,17.70,—,9.70,5.80,3.90,—,Unknown Engine Designer,Regent Fortune,—,Panama,—,—,—,—,—,—,—,—,—,—,—,—,—,—,—,—,—,—,—,5023629,—,—,—,UNKNOWN
passenger (cruise),705705,Steilacoom II,Live,U.S.A.,66,2005,-2'gt,30,Single,WDD5515,97,S-146,Nichols Bros. Boat Builders Incorporated,Freeland,5.00,—,3.00,—,4.88,—,—,—,Unknown Engine Designer,Washington State of Pierce County Public Works & Utilities,United States of America,—,—,Washington State of Pierce County Public Works & Utilities,United States of America,Washington State of Pierce County Public Works & Utilities,United States of America,Washington State of Pierce County Public Works & Utilities,United States of America,Washington State of Pierce County Public Works & Utilities,United States of America,—,—,—,—,—,—,—,—,—,—,—,367153930,—,—,UNKNOWN
passenger (cruise),7058462,Belanak,Live,Indonesia,349,2003,-2'gt,—,Single,YHSU,1163,—,PT Ben Sentosa,Surabaya,—,47.25,15.00,14.00,3.40,2.45,0.95,Yanmar Diesel Engine Company Limited,Unknown Engine Designer,PT ASDP Indonesia Ferry (Persero) - Angkutan Sungai Danau & Penyeberangan,Indonesia,Jakarta,—,Government of The Republic of Indonesia,Indonesia,PT ASDP Indonesia Ferry (Persero) - Angkutan Sungai Danau & Penyeberangan,Indonesia,PT ASDP Indonesia Ferry (Persero) - Angkutan Sungai Danau & Penyeberangan,Indonesia,PT ASDP Indonesia Ferry (Persero) - Angkutan Sungai Danau & Penyeberangan,Indonesia,—,—,—,—,PT ASDP Indonesia Ferry (Persero) - Angkutan Sungai Danau & Penyeberangan,Indonesia,—,—,—,—,9068213,525019319,746,1000,KTA-38-M1
passenger (cruise),706,Akado,Dead,St. Vincent & Grenadines,1723,1965,2'-10'gt,1999,Single,—,5683,181,Wadan Yards MTW GmbH,Wismar,123.00,—,17.10,—,8.20,6.10,2.10,—,MAN Energy Solutions SE,Unknown,—,Kingstown,—,—,—,—,—,—,—,—,—,—,—,—,—,—,—,—,—,—,—,6610924,—,2983,4000,K6Z57/80C
passenger (cruise),706028,Dawn Fraser,Live,Australia,—,1992,-2'gt,—,Single,VZN9977,41,—,—,"",—,—,—,—,—,—,—,—,—,State Transit Authority - Sydney Ferries,Australia,—,—,Government of the State of New South Wales,Australia,State Transit Authority - Sydney Ferries,Australia,State Transit Authority - Sydney Ferries,Australia,State Transit Authority - Sydney Ferries,Australia,Harbour City Ferries Proprietary Limited,Australia,—,—,—,—,—,—,—,—,9038610,503376200,—,—,—
passenger (cruise),706705,Rasa Rindu 2,Live,Malaysia,31,2005,-2'gt,—,Single,9MGL9,77,—,—,"",22.56,—,—,4.70,1.80,—,—,—,Unknown Engine Designer,Unknown Owners,—,Port Klang,—,Unknown Owners,—,Unknown Owners,—,Unknown Owners,—,Unknown Owners,—,—,—,—,—,—,—,—,—,—,—,—,533000201,—,—,UNKNOWN
passenger (cruise),706756,Marina Lines,Live,Indonesia,79,1985,-2'gt,—,Single,YB3326,132,—,International Catamarans Proprietary Limited (Incat),Tasmania,110.00,18.50,18.00,8.20,2.30,1.45,0.85,—,Unknown Engine Designer,PT Pintas Samudra,Indonesia,Tanjung Pinang,—,PT Pintas Samudra,Indonesia,PT Pintas Samudra,Indonesia,PT Pintas Samudra,Indonesia,PT Pintas Samudra,Indonesia,—,—,—,—,P.T. Pelayaran Nasional Cuaca Marina Servicatama,Indonesia,—,—,—,—,8898439,525019001,611,820,TBD234V6
passenger (cruise),707296,Jia,Dead,Palau,3235,1986,2'-10'gt,2500,Single,—,7717,—,Xingang Shipbuilding,Tianjin,120.00,108.00,—,18.80,9.60,—,—,—,Unknown Engine Designer,Indian Breakers,—,—,—,—,—,—,—,—,—,—,—,—,—,—,—,—,—,—,—,—,—,9028029,—,—,—,UNKNOWN DIESEL
passenger (cruise),707471,Laho,Live,Slovenia,—,1903,-2'gt,100,Single,S5AR2,179,1,—,Vlissingen,36.20,33.70,—,6.12,3.26,2.40,0.86,—,Mercedes-Benz,Adriatic Safari d.o.o.,Republic of Slovenia,Koper,—,Adriatic Safari d.o.o.,Republic of Slovenia,Adriatic Safari d.o.o.,Republic of Slovenia,Adriatic Safari d.o.o.,Republic of Slovenia,Adriatic Safari d.o.o.,Republic of Slovenia,—,—,—,—,—,—,—,—,—,—,8138102,278320000,272,365,OM404
passenger (cruise),707477,Gennaro Cantiello,Live,Italy,—,1977,-2'gt,10,Single,IRLG,183,44,Cantiere Navale Fratelli Giacalone,Mazara del Vallo,40.50,35.05,7.00,6.98,3.29,—,1.26,Deutz AG,Deutz AG,Peccato di Gola in Mare - Societa Cooperativa,Italy,Cagliari,—,Peccato di Gola in Mare - Societa Cooperativa,Italy,Peccato di Gola in Mare - Societa Cooperativa,Italy,Peccato di Gola in Mare - Societa Cooperativa,Italy,Peccato di Gola in Mare - Societa Cooperativa,Italy,—,—,—,—,—,—,—,—,—,—,8137940,—,447,599,SBA6M528
passenger (cruise),707479,N.273,Live,Italy,17,2006,-2'gt,—,Single,—,25,246,Cantiere Navale de Poli S.p.A.,Pellestrina,21.85,20.63,—,3.60,1.50,0.97,0.53,—,Unknown Engine Designer,Azienda del Consorzio Trasporti Veneziano (A.C.T.V.) SpA,Italy,—,—,Azienda del Consorzio Trasporti Veneziano (A.C.T.V.) SpA,Italy,Azienda del Consorzio Trasporti Veneziano (A.C.T.V.) SpA,Italy,Azienda del Consorzio Trasporti Veneziano (A.C.T.V.) SpA,Italy,Azienda del Consorzio Trasporti Veneziano (A.C.T.V.) SpA,Italy,—,—,—,—,—,—,—,—,—,—,—,—,123,165,UNKNOWN
passenger (cruise),707480,N.275,Live,Italy,17,2006,-2'gt,—,Single,—,24,117,Cantiere Navale di Pesaro,Pesaro,21.90,20.40,3.48,—,1.50,1.00,0.50,Deutz AG,Unknown Engine Designer,Azienda del Consorzio Trasporti Veneziano (A.C.T.V.) SpA,Italy,Venice,—,Azienda del Consorzio Trasporti Veneziano (A.C.T.V.) SpA,Italy,Azienda del Consorzio Trasporti Veneziano (A.C.T.V.) SpA,Italy,Azienda del Consorzio Trasporti Veneziano (A.C.T.V.) SpA,Italy,Azienda del Consorzio Trasporti Veneziano (A.C.T.V.) SpA,Italy,—,—,—,—,—,—,—,—,—,—,—,—,123,165,UNKNOWN
passenger (cruise),707481,N.283,Live,Italy,17,2006,-2'gt,—,Single,—,24,116,Cantiere Navale di Pesaro,Pesaro,21.90,20.40,3.48,—,1.50,—,—,—,Unknown Engine Designer,Azienda del Consorzio Trasporti Veneziano (A.C.T.V.) SpA,Italy,Venice,—,Azienda del Consorzio Trasporti Veneziano (A.C.T.V.) SpA,Italy,Azienda del Consorzio Trasporti Veneziano (A.C.T.V.) SpA,Italy,Azienda del Consorzio Trasporti Veneziano (A.C.T.V.) SpA,Italy,Azienda del Consorzio Trasporti Veneziano (A.C.T.V.) SpA,Italy,—,—,—,—,—,—,—,—,—,—,—,—,123,165,UNKNOWN
passenger (cruise),709090,Helios Primo,Live,Italy,—,1991,-2'gt,7,Single,IRVV,24,07,Cantiere Navali Diano Srl,Riva Trigoso,20.21,17.85,6.00,5.26,1.20,0.75,0.45,Detroit Diesel Corporation,Detroit Diesel Corporation,Colorado Srl,Italy,La Maddalena,—,Colorado Srl,Italy,Colorado Srl,Italy,Colorado Srl,Italy,Colorado Srl,Italy,—,—,—,—,Colorado Srl,Italy,—,—,—,—,—,—,1000,1358,12V92TA
passenger (cruise),71216,Omega,Dead,Unknown,1215,1961,2'-10'gt,682,Single,—,3696,—,—,U.S.S.R.,101.00,94.01,14.56,14.56,5.74,3.85,1.89,"Skodaexport, a.s.","Skodaexport, a.s.",CTC,—,—,—,—,—,—,—,—,—,—,—,—,—,—,—,—,—,—,—,—,—,6421543,—,1491,2000,8DR43/61-V1
passenger (cruise),715,Akademik Shirshov,Dead,Russia,1726,1967,2'-10'gt,2059,Single,—,5754,—,—,Wismar,124.00,—,17.10,—,8.20,6.00,2.20,—,MAN Energy Solutions SE,Hydrometeorology,—,—,—,—,—,—,—,—,—,—,—,—,—,—,—,—,—,—,—,—,—,6712552,—,2983,4000,K6Z57/80C
passenger (cruise),718789,Sen. Alvin T. Stumpf,Live,U.S.A.,583,1978,-2'gt,600,Single,WXZ3279,858,76-2014,Jeffboat LLC,"",65.00,58.47,26.00,22.25,—,3.50,—,—,Unknown Engine Designer,Transdev North America Incorporated,United States of America,New Orleans,—,Transdev North America Incorporated,United States of America,Transdev North America Incorporated,United States of America,Transdev North America Incorporated,United States of America,Transdev North America Incorporated,United States of America,—,—,—,—,—,—,—,—,—,—,—,367122440,—,—,16V-149
passenger (cruise),718825,Capt. Neville Levy,Live,U.S.A.,583,1977,-2'gt,—,Single,WDI6540,858,—,Jeffboat LLC,"",58.00,—,20.00,—,—,3.50,—,—,Unknown Engine Designer,Transdev North America Incorporated,United States of America,New Orleans,—,Transdev North America Incorporated,United States of America,Transdev North America Incorporated,United States of America,Transdev North America Incorporated,United States of America,Transdev North America Incorporated,United States of America,—,—,—,—,—,—,—,—,—,—,—,367122420,—,—,16V-149
passenger (cruise),719072,Col. Frank X. Arminger,Live,U.S.A.,182,1978,-2'gt,—,Single,WDI6539,268,—,—,"",27.00,—,10.00,—,—,3.10,—,—,Unknown Engine Designer,Unknown Owners,—,New Orleans,—,Unknown Owners,—,Unknown Owners,—,Unknown Owners,—,Unknown Owners,—,—,—,—,—,—,—,—,—,—,—,—,367719730,344,461,8V-71-N
passenger (cruise),719149,Thomas Jefferson,Live,U.S.A.,398,1942,-2'gt,—,Single,WDD2993,477,—,Canulette Shipbuilding Company,"",44.00,—,30.00,—,—,25.50,—,—,Unknown Engine Designer,Transdev North America Incorporated,United States of America,New Orleans,—,Transdev North America Incorporated,United States of America,Transdev North America Incorporated,United States of America,Transdev North America Incorporated,United States of America,Transdev North America Incorporated,United States of America,—,—,—,—,—,—,—,—,—,—,—,367122450,158,212,3306PCTA
passenger (cruise),72224,Kentavros,Dead,Greece,1227,1941,2'-10'gt,3356,Single,—,2497,—,—,U.S.A.,95.00,—,12.60,—,—,—,—,—,Unknown Engine Designer,—,—,—,—,—,—,—,—,—,—,—,—,—,—,—,—,—,—,—,—,—,—,5185336,—,1193,1600,UNKNOWN
passenger (cruise),72235,Palm Beach Princess,Dead,Bolivia,2499,1964,2'-10'gt,843,Single,—,6659,375,STX Finland OY - SEE NOW AS Arctech Helsinki Shipyard Incorporated,Helsinki,128.31,116.58,16.40,16.40,7.01,4.42,2.59,Nohab Polar,Sulzer Turbomachinery Services,Dominican Republic B,—,La Paz,—,—,—,—,—,—,—,—,—,—,—,—,—,—,—,—,—,—,—,6402937,—,2511,3367,12MH51
passenger (cruise),725772,Choiba,Live,Colombia,—,2006,-2'gt,—,Single,—,1,—,—,"",—,—,—,—,—,—,—,—,—,Unknown Owners,—,—,—,Unknown Owners,—,Unknown Owners,—,Unknown Owners,—,Unknown Owners,—,—,—,—,—,—,—,—,—,—,—,2972130,—,—,—,—
passenger (cruise),725782,Elizabeth,Live,Colombia,—,2006,-2'gt,—,Single,—,2,—,—,"",—,—,—,—,—,—,—,—,—,Unknown Owners,—,—,—,Unknown Owners,—,Unknown Owners,—,Unknown Owners,—,Unknown Owners,—,—,—,—,—,—,—,—,—,—,—,2980826,—,—,—,—
passenger (cruise),725790,Lenny Andrea,Live,Colombia,—,2006,-2'gt,—,Single,—,2,—,—,"",—,—,—,—,—,—,—,—,—,Unknown Owners,—,—,—,Unknown Owners,—,Unknown Owners,—,Unknown Owners,—,Unknown Owners,—,—,—,—,—,—,—,—,—,—,—,2999097,—,—,—,—
passenger (cruise),725933,Spirit of Jefferson,Live,U.S.A.,59,1963,-2'gt,—,Single,WCW2245,87,—,Dubuque Boat & Boiler Company,U.S.A.,—,—,—,—,—,—,—,—,—,Louisville Jefferson Company Metro Government,United States of America,—,—,Louisville Jefferson Company Metro Government,United States of America,Louisville Jefferson Company Metro Government,United States of America,Louisville Jefferson Company Metro Government,United States of America,Louisville Jefferson Company Metro Government,United States of America,—,—,—,—,—,—,—,—,—,—,—,367100620,—,—,—
passenger (cruise),726778,Blue Blue,Live,Colombia,—,2006,-2'gt,—,Single,—,8,—,—,"",—,—,—,—,—,—,—,—,—,Unknown Owners,—,—,—,Unknown Owners,—,Unknown Owners,—,Unknown Owners,—,Unknown Owners,—,—,—,—,—,—,—,—,—,—,—,—,—,—,—,—
passenger (cruise),726782,Catalina 3,Live,Colombia,—,2007,-2'gt,—,Single,—,4,—,—,"",—,—,—,—,—,—,—,—,—,Unknown Owners,—,—,—,Unknown Owners,—,Unknown Owners,—,Unknown Owners,—,Unknown Owners,—,—,—,—,—,—,—,—,—,—,—,2970936,—,—,—,—
passenger (cruise),726785,La Mary,Live,Colombia,—,2006,-2'gt,—,Single,—,3,—,—,"",—,—,—,—,—,—,—,—,—,Unknown Owners,—,—,—,Unknown Owners,—,Unknown Owners,—,Unknown Owners,—,Unknown Owners,—,—,—,—,—,—,—,—,—,—,—,—,—,—,—,—
passenger (cruise),727511,Margret,Live,Germany,—,1993,Unknown size,—,Single,—,—,—,—,"",—,—,—,—,—,—,—,—,—,Unknown Owners,—,—,—,Unknown Owners,—,Unknown Owners,—,Unknown Owners,—,Unknown Owners,—,—,—,—,—,—,—,—,—,—,—,—,—,—,—,—
passenger (cruise),727697,Dresden,Live,Germany,—,1991,Unknown size,—,Single,—,—,—,—,"",97.00,—,—,—,—,—,—,—,—,Peter Deilmann Reederei GmbH & Company,Germany,Neustadt,—,Peter Deilmann Reederei GmbH & Company,Germany,Peter Deilmann Reederei GmbH & Company,Germany,Peter Deilmann Reederei GmbH & Company,Germany,Peter Deilmann Reederei GmbH & Company,Germany,—,—,—,—,—,—,—,—,—,—,—,—,1622,2175,6MU453C
passenger (cruise),729239,Tortuga,Live,U.S.A.,28,1973,-2'gt,13,Single,WDC9279,41,—,—,"",—,—,—,—,—,—,—,—,Unknown Engine Designer,Unknown Owners,—,—,—,Unknown Owners,—,Unknown Owners,—,Unknown Owners,—,Unknown Owners,—,—,—,—,—,—,—,—,—,—,—,—,367100040,—,—,UNKNOWN
passenger (cruise),729717,R.E.B.Bordelon,Live,U.S.A.,60,1979,-2'gt,—,Single,WDC9776,89,75,Offshore Trawlers Incorporated,"",27.80,—,8.00,—,2.10,—,—,—,Unknown Engine Designer,Bordelon Marine LLC,United States of America,New Orleans,—,Bordelon Marine LLC,United States of America,Bordelon Marine LLC,United States of America,Bordelon Marine LLC,United States of America,Bordelon Marine LLC,United States of America,—,—,—,—,—,—,—,—,—,—,—,367106570,—,—,UNKNOWN
passenger (cruise),729729,Lisa,Live,U.S.A.,67,1981,-2'gt,—,Single,WDD3043,99,010,Marine Fabricators Incorporated,"",34.00,—,3.20,—,9.26,—,—,—,Unknown Engine Designer,2M Ventures Incorporated,United States of America,—,—,2M Ventures Incorporated,United States of America,2M Ventures Incorporated,United States of America,2M Ventures Incorporated,United States of America,2M Ventures Incorporated,United States of America,—,—,—,—,—,—,—,—,—,—,—,367123080,—,—,UNKNOWN
passenger (cruise),73006,Starry Metropolis,Dead,Jamaica,6494,1976,10'-60'gt,2402,Double Bottom,—,15791,1223,STX Finland OY - SEE NOW AS Arctech Helsinki Shipyard Incorporated,Turku,156.26,135.59,22.05,21.80,16.30,6.20,10.10,Wartsila Finland oy,Semt Pielstick SA,Indian Breakers,—,Montego Bay,36,—,—,—,—,—,—,—,—,—,—,—,—,—,—,—,—,—,—,7359498,—,6711,9000,18PC2-2V-400
passenger (cruise),730813,Gudrun,Live,Germany,—,2007,Unknown size,—,Single,DEUE,—,—,—,"",—,—,—,—,—,—,—,—,Unknown Engine Designer,Unknown Owners,—,—,—,Unknown Owners,—,Unknown Owners,—,Unknown Owners,—,Unknown Owners,—,—,—,—,—,—,—,—,—,—,—,—,211224980,—,—,UNKNOWN
passenger (cruise),73112,Galapagos Explorer,Dead,Ecuador,1195,1962,2'-10'gt,621,Double Bottom,—,2204,—,—,Italy,95.00,—,12.50,—,5.70,4.00,1.70,—,Fiat Avio SpA,Viajes G.,—,—,—,—,—,—,—,—,—,—,—,—,—,—,—,—,—,—,—,—,—,5128326,—,3624,4860,B480.5TS
passenger (cruise),731222,Alayla,Live,Colombia,—,2007,-2'gt,—,Single,—,5,—,—,"",—,—,—,—,—,—,—,—,—,Unknown Owners,—,—,—,Unknown Owners,—,Unknown Owners,—,Unknown Owners,—,Unknown Owners,—,—,—,—,—,—,—,—,—,—,—,—,—,—,—,—
passenger (cruise),731225,Ashly Magaly,Live,Colombia,—,2007,-2'gt,—,Single,—,2,—,—,"",—,—,—,—,—,—,—,—,—,Unknown Owners,—,—,—,Unknown Owners,—,Unknown Owners,—,Unknown Owners,—,Unknown Owners,—,—,—,—,—,—,—,—,—,—,—,—,—,—,—,—
passenger (cruise),731227,Bella del Mar,Live,Colombia,—,2007,-2'gt,—,Single,—,2,—,—,"",—,—,—,—,—,—,—,—,—,Unknown Owners,—,—,—,Unknown Owners,—,Unknown Owners,—,Unknown Owners,—,Unknown Owners,—,—,—,—,—,—,—,—,—,—,—,2966686,—,—,—,—
passenger (cruise),731230,Don Tocayo,Live,Colombia,—,2007,-2'gt,—,Single,—,2,—,—,"",—,—,—,—,—,—,—,—,—,Unknown Owners,—,—,—,Unknown Owners,—,Unknown Owners,—,Unknown Owners,—,Unknown Owners,—,—,—,—,—,—,—,—,—,—,—,2977180,—,—,—,—
passenger (cruise),731232,El Ave Fenix,Live,Colombia,—,2007,-2'gt,—,Single,—,5,—,—,"",—,—,—,—,—,—,—,—,—,Unknown Owners,—,—,—,Unknown Owners,—,Unknown Owners,—,Unknown Owners,—,Unknown Owners,—,—,—,—,—,—,—,—,—,—,—,2978562,—,—,—,—
passenger (cruise),731237,Konga,Live,Colombia,—,2007,-2'gt,—,Single,—,4,—,—,"",—,—,—,—,—,—,—,—,—,Unknown Owners,—,—,—,Unknown Owners,—,Unknown Owners,—,Unknown Owners,—,Unknown Owners,—,—,—,—,—,—,—,—,—,—,—,2990807,—,—,—,—
passenger (cruise),731238,La Atlantida,Live,Colombia,—,2007,-2'gt,—,Single,—,2,—,—,"",—,—,—,—,—,—,—,—,—,Unknown Owners,—,—,—,Unknown Owners,—,Unknown Owners,—,Unknown Owners,—,Unknown Owners,—,—,—,—,—,—,—,—,—,—,—,2991150,—,—,—,—
passenger (cruise),731243,Las Hermanas,Live,Colombia,—,2007,-2'gt,—,Single,—,3,—,—,"",—,—,—,—,—,—,—,—,—,Unknown Owners,—,—,—,Unknown Owners,—,Unknown Owners,—,Unknown Owners,—,Unknown Owners,—,—,—,—,—,—,—,—,—,—,—,2998691,—,—,—,—
passenger (cruise),731253,MTR Edwin,Live,Colombia,—,2007,-2'gt,—,Single,—,2,—,—,"",—,—,—,—,—,—,—,—,—,Unknown Owners,—,—,—,Unknown Owners,—,Unknown Owners,—,Unknown Owners,—,Unknown Owners,—,—,—,—,—,—,—,—,—,—,—,—,—,—,—,—
passenger (cruise),731255,Samana,Live,Colombia,—,2006,-2'gt,—,Single,—,5,—,—,"",—,—,—,—,—,—,—,—,—,Unknown Owners,—,—,—,Unknown Owners,—,Unknown Owners,—,Unknown Owners,—,Unknown Owners,—,—,—,—,—,—,—,—,—,—,—,—,—,—,—,—
passenger (cruise),731257,Sandra Patricia,Live,Colombia,—,2007,-2'gt,—,Single,—,2,—,—,"",—,—,—,—,—,—,—,—,—,Unknown Owners,—,—,—,Unknown Owners,—,Unknown Owners,—,Unknown Owners,—,Unknown Owners,—,—,—,—,—,—,—,—,—,—,—,—,—,—,—,—
passenger (cruise),73127,RD Express,Live,Panama,579,1974,-2'gt,1697,Single,3E3911,1749,61,Vigor Shipyards LLC,Seattle,67.04,64.37,13.40,13.39,5.79,4.90,0.87,General Motors Corporation,General Motors Corporation,Grimston World Incorporated,Dominican Republic,Panama,—,Grimston World Incorporated,Dominican Republic,Grimston World Incorporated,Dominican Republic,Grimston World Incorporated,Dominican Republic,Transport Desgagnes Incorporated,Canada,—,—,—,—,Transport Desgagnes Incorporated,Canada,—,—,—,—,7391290,352986156,2648,7200,20-645-E7
passenger (cruise),731277,Yakaruna,Live,Colombia,—,2007,-2'gt,—,Single,—,8,—,—,"",—,—,—,—,—,—,—,—,—,Unknown Owners,—,—,—,Unknown Owners,—,Unknown Owners,—,Unknown Owners,—,Unknown Owners,—,—,—,—,—,—,—,—,—,—,—,—,—,—,—,—
passenger (cruise),731606,Miss Lynda,Live,U.S.A.,67,1989,-2'gt,—,Single,WDD5193,98,—,Breaux Brothers Enterprises Incorporated,Loreauville,120.00,—,—,—,—,—,—,—,Unknown Engine Designer,Abe's Boat Rentals Incorporated,United States of America,—,—,Abe's Boat Rentals Incorporated,United States of America,Abe's Boat Rentals Incorporated,United States of America,Abe's Boat Rentals Incorporated,United States of America,Abe's Boat Rentals Incorporated,United States of America,—,—,—,—,—,—,—,—,—,—,—,367154920,—,—,UNKNOWN
passenger (cruise),731757,Plancius,Live,Netherlands,1063,1976,2'-10'gt,700,Single,PBQK,3434,612,"B.V. Scheepswerf en Machinefabriek ""De Merwede"" v/h Van Vliet & Company - NO LONGER BUILDERS, NOW SEE IHC MERWEDE SHIPYARD B.V.",Hardinxveld,84.51,81.36,—,14.41,10.01,4.75,5.26,—,—,Oceanwide Expeditions B.V.,Netherlands,s'Gravenhage,—,Oceanwide Expeditions B.V.,Netherlands,Oceanwide Expeditions B.V.,Netherlands,Plancius Scheepsreizen BV,Netherlands,Oceanwide Marine Services B.V.,Netherlands,—,—,—,—,Oceanwide Marine Services B.V.,Netherlands,—,—,—,—,7432044,246573000,—,—,7-42VT2BF-90
passenger (cruise),731959,Grand Luxe,Live,U.S.A.,—,2007,-2'gt,30,Single,WDD6093,99,—,—,"",70.00,—,—,14.02,4.00,—,—,—,Unknown Engine Designer,Unknown Owners,—,—,—,Unknown Owners,—,Unknown Owners,—,Unknown Owners,—,Unknown Owners,—,—,—,—,—,—,—,—,—,—,—,1195668,367168190,—,—,UNKNOWN
passenger (cruise),733065,Imperia,Live,Russia,—,2008,-2'gt,137,Single,UBTF7,650,22036,OAO Khersonskiy Sudnoremontnyy Zavod im Kuybysheva,Kherson,45.05,—,14.00,13.80,5.10,2.30,2.80,Volvo Penta AB,Volvo Penta AB,Fos Shipping Management Limited,Russian Federation,—,—,Fos Shipping Management Limited,Russian Federation,Fos Shipping Management Limited,Russian Federation,Partner Trading & Shipping Incorporated,Panama,Fos Shipping Management Limited,Russian Federation,—,—,—,—,—,—,—,—,—,—,9495600,273335030,375,510,TAMD162A
passenger (cruise),733586,Mr Dino,Live,U.S.A.,64,1979,-2'gt,—,Single,WBC4917,94,187,Aluminium Boats Incorporated,New Orleans,29.06,—,6.50,—,2.03,—,—,—,Unknown Engine Designer,Sons of Neptune LLC,United States of America,New Orleans,—,Sons of Neptune LLC,United States of America,Sons of Neptune LLC,United States of America,Sons of Neptune LLC,United States of America,Sons of Neptune LLC,United States of America,—,—,—,—,—,—,—,—,—,—,—,366998790,—,—,UNKNOWN
passenger (cruise),734212,Kaptan Enabir Can,Live,Turkiye,103,2000,-2'gt,—,Single,TC9368,342,—,—,"",42.00,—,8.00,—,3.00,—,—,—,Unknown Engine Designer,Adatepe Denizcilik Turizm Insaat Sanayi ve Ticaret Limited Sirketi,Turkiye,Istanbul,—,Adatepe Denizcilik Turizm Insaat Sanayi ve Ticaret Limited Sirketi,Turkiye,Adatepe Denizcilik Turizm Insaat Sanayi ve Ticaret Limited Sirketi,Turkiye,Adatepe Denizcilik Turizm Insaat Sanayi ve Ticaret Limited Sirketi,Turkiye,Adatepe Denizcilik Turizm Insaat Sanayi ve Ticaret Limited Sirketi,Turkiye,—,—,—,—,—,—,—,—,—,—,9089164,271010101,224,300,3406C-TA
passenger (cruise),735920,Hellas Tour,Live,Unknown,684,1978,-2'gt,215,Single,—,893,115,Estaleiros Sao Jacinto S.A,Aveiro,52.81,49.92,10.47,9.91,3.26,2.41,0.85,MAN Energy Solutions SE,MAN Energy Solutions SE,Kappa Maritime Company S.A.,Portugal,—,—,Kappa Maritime Company S.A.,Portugal,Kappa Maritime Company S.A.,Portugal,Kappa Maritime Company S.A.,Portugal,Kappa Maritime Company S.A.,Portugal,—,—,—,—,—,—,—,—,—,—,7526106,—,941,1280,R8V22/30ATL
passenger (cruise),736558,Big Cat Express,Live,U.S.A.,63,2004,-2'gt,29,Single,WDB5980,95,—,Gulf Craft LLC,"",—,—,—,10.36,4.05,—,—,—,Unknown Engine Designer,Unknown Owners,—,Fort Myers,—,Unknown Owners,—,Unknown Owners,—,Unknown Owners,—,Unknown Owners,—,—,—,—,—,—,—,—,—,—,—,9316751,366915910,—,—,UNKNOWN
passenger (cruise),736858,Dogwood,Live,U.S.A.,133,1941,-2'gt,—,Single,WDD5284,195,—,Dubuque Boat & Boiler Company,"",—,—,—,—,—,—,—,—,Unknown Engine Designer,Unknown Owners,—,Cut Off,—,Unknown Owners,—,Unknown Owners,—,Unknown Owners,—,Unknown Owners,—,—,—,—,—,—,—,—,—,—,—,—,367156140,—,—,3306PCTA
passenger (cruise),7372511,Kins Cebu,Dead,Philippines,104,2000,-2'gt,—,Single,—,246,—,—,Jiangmen,—,—,—,5.00,2.35,—,—,—,Unknown Engine Designer,Kinswell,—,Cebu,—,—,—,—,—,—,—,—,—,—,—,—,—,—,—,—,—,—,—,9099145,—,1796,2408,3516B-HDDITA
passenger (cruise),737338,La Belle de Cadix,Live,Belgium,780,2005,2'-10'gt,—,Single,ONEK,2038,0024,Chantier Naval Meuse & Sambre S.A.,Beez,103.30,100.00,11.40,10.80,3.95,1.60,2.35,Cummins Incorporated,Cummins Incorporated,Croisi Europe,France,Brussels,—,Croisi Europe,France,Croisi Europe,France,Croisieurope Finances SAS,France,Croisi Europe,France,—,—,—,—,Croisi Europe,France,—,—,—,—,9068938,205480000,440,709,KTA-19
passenger (cruise),738115,Jaxtrader,Live,U.S.A.,172,1953,-2'gt,—,Single,WDD6406,215,1488,—,"",—,—,—,—,—,—,—,—,Unknown Engine Designer,Unknown Owners,—,—,—,Unknown Owners,—,Unknown Owners,—,Unknown Owners,—,Unknown Owners,—,—,—,—,—,—,—,—,—,—,—,—,367172550,172,231,8V-71-N
passenger (cruise),738625,Kama,Live,U.S.A.,66,1989,-2'gt,—,Single,WAJ2537,98,156,Breaux Brothers Enterprises Incorporated,"",—,—,—,—,—,—,—,—,Unknown Engine Designer,Unknown Owners,—,New Orleans,—,Unknown Owners,—,Unknown Owners,—,Unknown Owners,—,Unknown Owners,—,—,—,—,—,—,—,—,—,—,—,—,367019020,—,—,UNKNOWN
passenger (cruise),739224,Procyon,Live,Belize,275,1951,-2'gt,—,Single,—,432,934,Boele's Scheepswerven en Machinefabriek B.V.,Bolnes,46.80,42.85,8.80,8.40,5.86,3.57,2.29,J&K Smit's Scheepswerven N.V.,MAN Energy Solutions SE,Unknown Owners,—,Belize City,—,Unknown Owners,—,Unknown Owners,—,Unknown Owners,—,Unknown Owners,—,—,—,—,—,—,—,—,—,—,—,8946896,—,469,638,R556N11
passenger (cruise),739481,River Explorer,Live,U.S.A.,—,1995,2'-10'gt,—,Single,—,8864,—,—,U.S.A.,—,—,—,—,—,—,—,—,—,RiverBarge Excursion Lines,United States of America,—,—,RiverBarge Excursion Lines,United States of America,RiverBarge Excursion Lines,United States of America,RiverBarge Excursion Lines,United States of America,RiverBarge Excursion Lines,United States of America,—,—,—,—,—,—,—,—,—,—,—,—,1622,2175,6MU453C
passenger (cruise),739766,Chiara,Live,Italy,7,1999,-2'gt,—,Single,—,11,—,Frilvam SPA,Italy,10.34,9.70,—,3.30,1.60,1.13,0.47,Iveco Aifo Spa,Iveco Motors,Navigazione Stoini S.r.l.,Italy,Trieste,—,Navigazione Stoini S.r.l.,Italy,Navigazione Stoini S.r.l.,Italy,Navigazione Stoini S.r.l.,Italy,Navigazione Stoini S.r.l.,Italy,—,—,—,—,Navigazione Stoini S.r.l.,Italy,—,—,—,—,—,—,63,86,8061SRM25.10
passenger (cruise),739898,Rylan Jade,Live,U.S.A.,57,1998,-2'gt,22,Single,WDI4904,71,6557,—,Los Angeles,19.63,—,—,5.58,2.72,—,—,—,Unknown Engine Designer,Marine Express Incorporated,United States of America,Los Angeles,—,Marine Express Incorporated,United States of America,Marine Express Incorporated,United States of America,Marine Express Incorporated,United States of America,Marine Express Incorporated,United States of America,—,—,—,—,—,—,—,—,—,—,—,367703260,—,—,UNKNOWN
passenger (cruise),740004,Kaptan Sevket Iyidere 1,Live,Turkiye,98,2004,-2'gt,—,Single,TCA2362,329,23,—,Eregli,41.62,38.78,—,9.00,2.60,2.00,0.60,—,Unknown Engine Designer,Unknown Owners,—,Istanbul,—,Unknown Owners,—,Unknown Owners,—,Iyidere Turizm Tasimacilik Dayanikli Tuketim Mallari Sanayi ve Ticaret Limited Sirketi,Turkiye,S S Turizm ve Yolcu Deniz Tasiyicilar Kooperatifi (TURYOL),Turkiye,—,—,—,—,S S Turizm ve Yolcu Deniz Tasiyicilar Kooperatifi (TURYOL),Turkiye,—,—,—,—,9089176,271010100,625,850,3406C-TA
passenger (cruise),7417587,Alioht,Live,Colombia,—,2008,-2'gt,—,Single,—,3,—,—,"",—,—,—,—,—,—,—,—,—,Unknown Owners,—,—,—,Unknown Owners,—,Unknown Owners,—,Unknown Owners,—,Unknown Owners,—,—,—,—,—,—,—,—,—,—,—,2962680,—,—,—,—
passenger (cruise),7417878,Gaviota,Live,Colombia,—,2008,-2'gt,—,Single,—,2,—,—,"",—,—,—,—,—,—,—,—,—,Unknown Owners,—,—,—,Unknown Owners,—,Unknown Owners,—,Unknown Owners,—,Unknown Owners,—,—,—,—,—,—,—,—,—,—,—,2983969,—,—,—,—
passenger (cruise),741792,Millennium of London,Live,U.K.,—,1996,-2'gt,—,Single,MWRT5,284,—,—,"",30.00,—,9.00,—,—,2.30,—,—,Unknown Engine Designer,Unknown Owners,—,—,—,Unknown Owners,—,Unknown Owners,—,Unknown Owners,—,Unknown Owners,—,—,—,—,—,—,—,—,—,—,—,—,235052131,—,—,NTA-855-M
passenger (cruise),741798,Chief Shingwauk,Live,Canada,74,1965,-2'gt,—,Single,—,109,—,—,"",—,19.78,7.13,7.13,2.22,1.52,0.70,—,Unknown Engine Designer,Lock Tours Canada Boat Cruises,Canada,Sault Ste. Marie,—,Lock Tours Canada Boat Cruises,Canada,Lock Tours Canada Boat Cruises,Canada,Lock Tours Canada Boat Cruises,Canada,Lock Tours Canada Boat Cruises,Canada,—,—,—,—,—,—,—,—,—,—,—,—,172,410,8V-71-N
passenger (cruise),7418493,La Golondrina,Live,Colombia,—,2008,-2'gt,—,Single,—,1,—,—,"",—,—,—,—,—,—,—,—,—,Unknown Owners,—,—,—,Unknown Owners,—,Unknown Owners,—,Unknown Owners,—,Unknown Owners,—,—,—,—,—,—,—,—,—,—,—,2993744,—,—,—,—
passenger (cruise),742079,JR Tolkien,Live,Netherlands,71,1965,-2'gt,—,Single,PFRB,139,—,VEB Schiffswerft Berlin,Magdeburg,42.00,—,8.00,—,—,3.10,—,—,Unknown Engine Designer,Van der Rest,Germany,Amsterdam,—,Van der Rest,Germany,Van der Rest,Germany,Van der Rest,Germany,Van der Rest,Germany,—,—,—,—,BBZ-ISM Stichting,Netherlands,—,—,—,—,7017064,244496000,434,590,SBF12M716
passenger (cruise),7423783,Maggie Cat II,Live,Australia,—,2006,-2'gt,30,Single,VZSF,250,-,Brisbane Ship Constructions Proprietary Limited,Brisbane,30.37,—,—,8.50,2.80,1.30,1.50,Caterpillar Incorporated,Caterpillar Incorporated,Unknown Owners,—,Sydney,—,Unknown Owners,—,Unknown Owners,—,Unknown Owners,—,Unknown Owners,—,—,—,—,—,—,—,—,—,—,—,9447134,503260900,895,1217,3412
passenger (cruise),7423856,Ocean Rider,Live,Australia,—,2007,-2'gt,30,Single,—,250,-,Brisbane Ship Constructions Proprietary Limited,Brisbane,29.50,—,8.50,—,2.80,1.30,1.50,Caterpillar Incorporated,Caterpillar Incorporated,Sealink Queensland Proprietary Limited,Australia,Sydney,—,Sealink Queensland Proprietary Limited,Australia,Sealink Queensland Proprietary Limited,Australia,Noorton Proprietary Limited,Australia,Sealink Queensland Proprietary Limited,Australia,—,—,—,—,—,—,—,—,—,—,9447146,—,895,1217,3412
passenger (cruise),7424176,Queen of Galapagos,Live,Ecuador,100,2009,-2'gt,190,Single,HC4808,307,1,Varadero El Aguila,Guayaquil,27.24,—,9.50,9.50,3.70,2.40,1.50,—,Unknown Engine Designer,Unknown Owners,—,—,—,Unknown Owners,—,Unknown Owners,—,Galapagos Millenium II S.A.,Ecuador,Unknown Owners,—,—,—,—,—,—,—,—,—,—,—,9447213,735057786,648,880,3412
passenger (cruise),742747,Opera,Live,Portugal,684,1979,-2'gt,212,Single,—,893,116,Estaleiros Sao Jacinto S.A,Aveiro,53.00,46.89,10.47,9.91,3.26,2.40,0.86,MAN Energy Solutions SE,MAN Energy Solutions SE,Unknown Owners,—,Lisbon,—,Unknown Owners,—,Unknown Owners,—,Unknown Owners,—,Unknown Owners,—,—,—,—,—,—,—,—,—,—,—,7526118,—,470,640,R8V22/30ATL
passenger (cruise),74406,Rochdale One,Dead,Togo,2299,1977,2'-10'gt,917,Single,—,7662,144,Chantiers Dubigeon S.A.,Nantes,121.00,108.49,17.48,17.48,9.00,4.50,4.50,Pielstick (Blohm & Voss) Semt,Semt Pielstick SA,Enricest L.,—,—,—,—,—,—,—,—,—,—,—,—,—,—,—,—,—,—,—,—,—,7411959,—,7650,5200,8PC2-5L-400
passenger (cruise),744456,Ms Judy,Live,U.S.A.,61,1990,-2'gt,28,Single,WAP9744,90,1646,Breaux Brothers Enterprises Incorporated,Loreauville,—,—,—,—,—,—,—,—,Unknown Engine Designer,Tobias Incorporated,United States of America,—,—,Tobias Incorporated,United States of America,Tobias Incorporated,United States of America,Tobias Incorporated,United States of America,Tobias Incorporated,United States of America,—,—,—,—,—,—,—,—,—,—,—,367078430,—,—,UNKNOWN
passenger (cruise),744759,Jet Wave 3,Dead,Thailand,—,1951,-2'gt,—,Single,—,86,—,—,"",32.70,—,5.30,—,2.00,—,—,—,Unknown Engine Designer,Andaman Wave,—,—,—,—,—,—,—,—,—,—,—,—,—,—,—,—,—,—,—,—,—,—,—,208,—,UNKNOWN
passenger (cruise),744973,Otter,Live,Germany,—,—,Unknown size,—,Single,DD8156,—,—,—,"",222.00,—,30.00,—,—,1.30,—,—,Unknown Engine Designer,Unknown Owners,—,—,—,Unknown Owners,—,Unknown Owners,—,Unknown Owners,—,Unknown Owners,—,—,—,—,—,—,—,—,—,—,—,—,211194550,2000,2681,12V23HU
passenger (cruise),74641,Ushuaia,Live,Togo,877,1970,2'-10'gt,690,Single,5VHN2,2923,198,The American Ship Building Company (Amship Division),Buffalo,77.72,77.72,15.70,15.55,7.62,5.01,2.61,ALCO Diesel Engines,ALCO Diesel Engines,Unknown Owners,—,Lome,—,Unknown Owners,—,Unknown Owners,—,Amazonia Maritime Corporation,Marshall Islands,Antarpply S.A.,Argentina,Antarpply S.A.,Argentina,—,—,Antarpply S.A.,Argentina,—,—,—,—,6901907,671188100,1223,1640,12V251E
passenger (cruise),746904,Oban,Live,Netherlands,32,1903,-2'gt,—,Single,PDWJ,107,-,Cassens Schiffswerft und Maschinenfabrik GmbH,Emden,39.00,26.34,—,6.54,—,2.90,—,Caterpillar Incorporated,Unknown Engine Designer,Vof de Verandering,Netherlands,Kampen,—,Vof de Verandering,Netherlands,Vof de Verandering,Netherlands,Vof de Verandering,Netherlands,Rood Boven Groen,Netherlands,—,—,—,—,Rood Boven Groen,Netherlands,—,—,—,—,9096650,246085000,177,241,SBF12M716
passenger (cruise),747256,Aires de Formentera,Live,Spain,26,2007,-2'gt,73,Single,EACC,239,207,Strategic Marine Proprietary Limited,Henderson,37.50,31.60,7.30,7.00,2.50,1.03,1.47,MTU Friedrichshafen GmbH,MTU Friedrichshafen GmbH,Mediterranea Pitiusa S.L. (The Shipping of Formentera),Spain,Las Palmas,—,Mediterranea Pitiusa S.L. (The Shipping of Formentera),Spain,Mediterranea Pitiusa S.L. (The Shipping of Formentera),Spain,Mediterranea Pitiusa S.L. (The Shipping of Formentera),Spain,Mediterranea Pitiusa S.L. (The Shipping of Formentera),Spain,—,—,—,—,Mediterranea Pitiusa S.L. (The Shipping of Formentera),Spain,—,—,—,—,9447689,225488000,788,1071,12V2000M70
passenger (cruise),747348,Capt. Bill Brown,Live,U.S.A.,42,1973,-2'gt,—,Single,—,72,114,Camcraft Incorporated,Crown Point(USA),—,77.00,17.90,—,8.40,—,—,—,—,Savannah Bar Pilots Incorporated,United States of America,Savannah,—,Savannah Bar Pilots Incorporated,United States of America,Savannah Bar Pilots Incorporated,United States of America,Savannah Bar Pilots Incorporated,United States of America,Savannah Bar Pilots Incorporated,United States of America,—,—,—,—,—,—,—,—,—,—,—,—,—,—,—
passenger (cruise),747367,Super Shuttle Ferry 1,Live,Philippines,—,1971,-2'gt,94,Single,DUH2429,199,—,—,Japan,—,—,—,—,—,—,—,—,—,Asian Marine Transport Corporation,Philippines,—,—,Asian Marine Transport Corporation,Philippines,Asian Marine Transport Corporation,Philippines,Asian Marine Transport Corporation,Philippines,Asian Marine Transport Corporation,Philippines,—,—,—,—,—,—,—,—,—,—,8151659,—,597,801,6LU26G
passenger (cruise),747523,Merlin,Live,U.S.A.,59,1981,-2'gt,27,Single,WDD6426,87,—,Swiftship Shipbuilders LLC,"",—,—,—,—,—,—,—,—,Unknown Engine Designer,Unknown Owners,—,San Diego,—,Unknown Owners,—,Unknown Owners,—,Unknown Owners,—,Unknown Owners,—,—,—,—,—,—,—,—,—,—,—,—,367409000,—,—,UNKNOWN
passenger (cruise),74763,Buccaneer,Dead,Ecuador,1217,1950,2'-10'gt,950,Single,—,2244,—,—,U.K.,87.00,—,14.10,—,7.70,4.50,3.20,—,British Polar Engines Limited,Galapagos T.C.,—,—,—,—,—,—,—,—,—,—,—,—,—,—,—,—,—,—,—,—,—,5306540,—,977,1310,M48M
passenger (cruise),747944,Circle Line VII,Live,U.S.A.,173,1942,-2'gt,—,Single,WL2000,255,—,—,"",—,—,—,—,—,—,—,—,Unknown Engine Designer,Unknown Owners,—,New York,—,Unknown Owners,—,Unknown Owners,—,Unknown Owners,—,Unknown Owners,—,—,—,—,—,—,—,—,—,—,—,—,367032210,172,231,8V-71-N
passenger (cruise),747947,Iberville,Live,U.S.A.,148,1958,-2'gt,—,Single,WDD4143,223,735,Southern Shipbuilding Corporation,"",74.00,—,11.00,—,—,—,—,—,Unknown Engine Designer,Unknown Owners,—,Baton Rouge,—,Unknown Owners,—,Unknown Owners,—,Unknown Owners,—,Unknown Owners,—,—,—,—,—,—,—,—,—,—,—,—,367140740,158,212,3306PCTA
passenger (cruise),748035,Kingswear Castle,Live,U.K.,—,1924,-2'gt,29,Single,MCGH6,94,-,—,Dartmouth,34.00,—,—,5.00,—,—,—,—,Unknown Engine Designer,Dart Pleasure Craft Limited,United Kingdom,—,—,Dart Pleasure Craft Limited,United Kingdom,Dart Pleasure Craft Limited,United Kingdom,Dart Pleasure Craft Limited,United Kingdom,Dart Pleasure Craft Limited,United Kingdom,—,—,—,—,—,—,—,—,—,—,—,235007618,—,—,UNKNOWN
passenger (cruise),748247,Friendship V,Live,U.S.A.,60,1996,-2'gt,27,Single,WDB9859,89,P-303,Gladding-Hearn SB. Duclos Corporation,Somerset(Mass),29.90,—,—,9.18,3.09,—,—,—,Unknown Engine Designer,Brent Leasing Company Incorporated,United States of America,Wilmington,—,Brent Leasing Company Incorporated,United States of America,Brent Leasing Company Incorporated,United States of America,Brent Leasing Company Incorporated,United States of America,Brent Leasing Company Incorporated,United States of America,—,—,—,—,—,—,—,—,—,—,8994099,366984110,—,—,UNKNOWN
passenger (cruise),748663,Ocean Discovery,Live,U.S.A.,67,2006,-2'gt,—,Single,WDD4259,98,—,—,"",—,—,—,8.20,2.59,—,—,—,—,Unknown Owners,—,Lahaina,—,Unknown Owners,—,Unknown Owners,—,Unknown Owners,—,Unknown Owners,—,—,—,—,—,—,—,—,—,—,—,—,367580000,—,—,—
passenger (cruise),749227,Bellriva,Live,Netherlands,—,1971,Unknown size,—,Single,PE5747,—,688,Scheepswerf Ton Bodewes B.V.,Netherlands,104.00,—,11.00,—,—,1.00,—,—,—,Cruiselines Nijmegen Holding BV,Netherlands,—,—,Cruiselines Nijmegen Holding BV,Netherlands,Cruiselines Nijmegen Holding BV,Netherlands,Cruiselines Nijmegen Holding BV,Netherlands,Cruiselines Nijmegen Holding BV,Netherlands,—,—,—,—,—,—,—,—,—,—,—,244615822,—,—,—
passenger (cruise),749248,Viscountess,Live,U.K.,—,—,-2'gt,—,Single,GCSS,116,—,—,"",32.00,—,4.00,—,—,1.00,—,—,Unknown Engine Designer,Unknown Owners,—,—,—,Unknown Owners,—,Unknown Owners,—,Unknown Owners,—,Unknown Owners,—,—,—,—,—,—,—,—,—,—,—,—,235054657,156,209,4BT3.9
passenger (cruise),749495,Golden Flame,Live,U.K.,—,1980,-2'gt,—,Single,MMQZ7,165,—,—,"",—,—,—,—,—,—,—,—,Unknown Engine Designer,Capital Pleasure Boats,United Kingdom,—,—,Capital Pleasure Boats,United Kingdom,Capital Pleasure Boats,United Kingdom,Capital Pleasure Boats,United Kingdom,Capital Pleasure Boats,United Kingdom,—,—,—,—,—,—,—,—,—,—,—,235053516,280,375,ID36SS12V
passenger (cruise),749765,Kingwood,Live,U.K.,—,2007,-2'gt,—,Single,MGXX2,63,—,—,"",26.00,—,4.00,—,—,1.00,—,—,Unknown Engine Designer,Unknown Owners,—,—,—,Unknown Owners,—,Unknown Owners,—,Unknown Owners,—,Unknown Owners,—,—,—,—,—,—,—,—,—,—,—,—,235055147,—,—,UNKNOWN
passenger (cruise),750116,Guilia,Live,Italy,5,1969,-2'gt,—,Single,ILIY,12,7,Navali Affini C.L.E.M.N.A.- Societa Cooperativa Responsabilita Limitata Lavoratori Edili Meccanici,La Spezia,12.66,10.30,—,3.54,1.57,0.95,0.62,Caterpillar Incorporated,Caterpillar Incorporated,Soc. Cooperative Sant'Andrea Srl,Italy,Amalfi,—,Soc. Cooperative Sant'Andrea Srl,Italy,Soc. Cooperative Sant'Andrea Srl,Italy,Soc. Cooperative Sant'Andrea Srl,Italy,Soc. Cooperative Sant'Andrea Srl,Italy,—,—,—,—,—,—,—,—,—,—,—,—,61,83,3208DTA
passenger (cruise),750667,Island Explorer II,Live,U.S.A.,60,1979,-2'gt,—,Single,WDCS,77,—,Yank Boatworks Incorporated,Anacortes,—,—,—,—,—,—,—,—,—,Shane Aggergaard,United States of America,—,—,Shane Aggergaard,United States of America,Shane Aggergaard,United States of America,Shane Aggergaard,United States of America,Shane Aggergaard,United States of America,—,—,—,—,—,—,—,—,—,—,—,—,—,—,—
passenger (cruise),750785,Kanzam Ekspres 1,Live,Malaysia,—,1993,-2'gt,57,Single,9MWO7,303,N1970,Mitsubishi Heavy Industries Limited Shipbuilding,Kobe,33.24,28.50,—,11.00,4.20,1.92,2.28,Mitsubishi Heavy Industries Limited Shipbuilding,Mitsubishi Heavy Industries Limited,Unknown Owners,—,Port Klang,—,Unknown Owners,—,Unknown Owners,—,Unknown Owners,—,Unknown Owners,—,—,—,—,—,—,—,—,—,—,—,9040845,—,4192,5622,S16R-MTK-S
passenger (cruise),750855,Silver Barracuda,Live,U.K.,—,1977,Unknown size,—,Single,MFRG9,—,—,—,"",39.00,—,7.40,—,—,1.40,—,—,Unknown Engine Designer,Merlin Entertainments Group,United Kingdom,—,—,Merlin Entertainments Group,United Kingdom,Merlin Entertainments Group,United Kingdom,Merlin Entertainments Group,United Kingdom,Merlin Entertainments Group,United Kingdom,—,—,—,—,—,—,—,—,—,—,—,235054674,2000,2681,3D6C
passenger (cruise),75134,Omega G.,Dead,Comoros,596,1965,-2'gt,1055,Single,—,1987,850/06,Stocznia Szczecinska Nowa Sp. z o.o.,Szczecin,89.00,—,13.00,—,6.00,5.00,1.00,Zaklady Urzadzen Technicznych Zgoda,Sulzer Turbomachinery Services,Granada L.,—,Moroni,—,—,—,—,—,—,—,—,—,—,—,—,—,—,—,—,—,—,—,8927735,—,1790,2400,8TD48
passenger (cruise),751376,Jim Bordelon,Live,U.S.A.,60,1980,-2'gt,—,Single,WDD5953,89,93,Offshore Trawlers Incorporated,Bayou La Batre,—,—,—,—,—,—,—,—,Unknown Engine Designer,Bordelon Marine LLC,United States of America,—,—,Bordelon Marine LLC,United States of America,Bordelon Marine LLC,United States of America,Bordelon Marine LLC,United States of America,Bordelon Marine LLC,United States of America,—,—,—,—,—,—,—,—,—,—,—,367166290,—,—,UNKNOWN
passenger (cruise),751452,Sarpedon,Live,U.K.,—,2001,-2'gt,—,Single,MTQN5,308,—,—,Great Yarmouth,35.00,—,9.00,—,—,—,—,—,Unknown Engine Designer,Crown River Cruises Limited,United Kingdom,—,—,Crown River Cruises Limited,United Kingdom,Crown River Cruises Limited,United Kingdom,Crown River Cruises Limited,United Kingdom,Crown River Cruises Limited,United Kingdom,—,—,—,—,—,—,—,—,—,—,—,235056272,156,209,4BT3.9
passenger (cruise),751475,Gothmann,Live,Germany,—,—,Unknown size,—,Single,DB7287,83607,—,—,"",—,—,—,—,—,—,—,—,Unknown Engine Designer,Unknown Owners,—,—,—,Unknown Owners,—,Unknown Owners,—,Unknown Owners,—,Unknown Owners,—,—,—,—,—,—,—,—,—,—,—,—,211195540,—,—,UNKNOWN
passenger (cruise),751644,Pamlico,Live,U.S.A.,516,1965,-2'gt,—,Single,WV5662,734,2,—,"",—,69.20,12.60,—,4.00,—,—,—,—,Unknown Owners,—,—,—,Unknown Owners,—,Unknown Owners,—,Unknown Owners,—,Unknown Owners,—,—,—,—,—,—,—,—,—,—,—,—,366977080,248,333,R8V22/30ATL
passenger (cruise),751888,Royal Nore,Live,U.K.,—,1971,-2'gt,—,Single,2OHV,59,—,—,"",20.00,—,5.00,—,—,—,—,—,Unknown Engine Designer,Silver Fleet - Woods River Cruises Limited,United Kingdom,—,—,Silver Fleet - Woods River Cruises Limited,United Kingdom,Silver Fleet - Woods River Cruises Limited,United Kingdom,Silver Fleet - Woods River Cruises Limited,United Kingdom,Silver Fleet - Woods River Cruises Limited,United Kingdom,—,—,—,—,—,—,—,—,—,—,—,235056766,—,—,UNKNOWN
passenger (cruise),752159,Intrepid,Live,U.S.A.,64,2006,-2'gt,29,Single,WDD6992,95,—,California Sport Fishers,U.S.A.,30.00,—,9.00,8.32,3.50,—,—,—,Unknown Engine Designer,KB International LLC,United States of America,San Diego,—,KB International LLC,United States of America,KB International LLC,United States of America,KB International LLC,United States of America,KB International LLC,United States of America,—,—,—,—,—,—,—,—,—,—,—,367704000,—,—,UNKNOWN
passenger (cruise),752501,Mercia,Live,U.K.,—,—,-2'gt,—,Single,ZNUX3,124,—,—,"",35.00,—,7.00,—,—,1.00,—,—,Unknown Engine Designer,Westminster Party Boats Limited,United Kingdom,—,—,Westminster Party Boats Limited,United Kingdom,Westminster Party Boats Limited,United Kingdom,Westminster Party Boats Limited,United Kingdom,Westminster Party Boats Limited,United Kingdom,—,—,—,—,—,—,—,—,—,—,—,235055003,156,209,4BT3.9
passenger (cruise),752732,Nasuha,Live,Malaysia,6,1992,-2'gt,17,Single,9MEH6,120,—,—,"",17.00,—,4.00,—,2.06,1.20,0.86,—,Unknown Engine Designer,Unknown Owners,—,Lumut,—,Unknown Owners,—,Unknown Owners,—,Unknown Owners,—,Unknown Owners,—,—,—,—,—,—,—,—,—,—,—,9092458,533000558,—,—,YANMAR DIESEL
passenger (cruise),752851,Diplomat,Live,U.S.A.,67,1930,-2'gt,—,Single,KUS2299,99,—,Consolidated Shipbuilding Corporation,New York,38.00,—,6.00,—,—,3.00,—,—,Unknown Engine Designer,JDJ Marine Incorporated,United States of America,—,—,JDJ Marine Incorporated,United States of America,JDJ Marine Incorporated,United States of America,JDJ Marine Incorporated,United States of America,JDJ Marine Incorporated,United States of America,—,—,—,—,—,—,—,—,—,—,—,366934760,—,—,UNKNOWN
passenger (cruise),752996,Golden Salamander,Live,U.K.,—,1977,-2'gt,24,Single,MFMW9,78,—,—,"",22.00,—,5.00,—,—,—,—,—,Unknown Engine Designer,Livett's Group,United Kingdom,—,—,Livett's Group,United Kingdom,Livett's Group,United Kingdom,Livett's Launches Limited,United Kingdom,Livett's Group,United Kingdom,—,—,—,—,—,—,—,—,—,—,—,235055107,—,—,UNKNOWN
passenger (cruise),7530,Belofin I,Dead,Panama,12595,1932,10'-60'gt,4264,Single,—,24346,—,—,U.S.A.,192.00,—,24.08,24.08,13.60,8.61,4.99,—,Unknown Engine Designer,Eastern O.,—,Panama,—,—,—,—,—,—,—,—,—,—,—,—,—,—,—,—,—,—,—,5229223,—,—,—,UNKNOWN
passenger (cruise),753363,Salient,Live,U.K.,—,—,-2'gt,—,Single,MGVP8,185,—,—,"",—,—,—,—,—,—,—,—,Unknown Engine Designer,Crown River Cruises Limited,United Kingdom,—,—,Crown River Cruises Limited,United Kingdom,Crown River Cruises Limited,United Kingdom,Crown River Cruises Limited,United Kingdom,Crown River Cruises Limited,United Kingdom,—,—,—,—,—,—,—,—,—,—,—,235055376,156,209,4BT3.9
passenger (cruise),753507,Millennium City,Live,U.K.,—,1999,-2'gt,—,Single,MSZK6,270,—,—,"",31.00,—,10.00,—,—,2.80,—,—,Unknown Engine Designer,City Cruises PLC,United Kingdom,—,—,City Cruises PLC,United Kingdom,City Cruises PLC,United Kingdom,City Cruises PLC,United Kingdom,City Cruises PLC,United Kingdom,—,—,—,—,—,—,—,—,—,—,—,235052123,—,—,NTA-855-M
passenger (cruise),753581,Nooraanee Queen,Dead,Unknown,—,1999,Unknown size,—,Single,—,—,—,—,"",46.00,—,11.00,—,—,—,—,—,Unknown Engine Designer,—,—,—,—,—,—,—,—,—,—,—,—,—,—,—,—,—,—,—,—,—,—,—,—,—,500,UNKNOWN
passenger (cruise),753593,Mercuria,Live,U.K.,—,—,-2'gt,—,Single,MNJM4,217,—,—,"",—,—,—,—,—,—,—,—,Unknown Engine Designer,Westminster Party Boats Limited,United Kingdom,—,—,Westminster Party Boats Limited,United Kingdom,Westminster Party Boats Limited,United Kingdom,Westminster Party Boats Limited,United Kingdom,Westminster Party Boats Limited,United Kingdom,—,—,—,—,—,—,—,—,—,—,—,235054999,156,209,4BT3.9
passenger (cruise),753803,Thorfinn,Live,Micronesia,249,1952,-2'gt,864,Single,V6CC,599,—,—,Norway,58.00,—,10.00,—,—,5.50,—,—,—,Seaward Holdings Micronesia,Federated States of Micronesia,—,—,Seaward Holdings Micronesia,Federated States of Micronesia,Seaward Holdings Micronesia,Federated States of Micronesia,Seaward Holdings Micronesia,Federated States of Micronesia,Seaward Holdings Micronesia,Federated States of Micronesia,—,—,—,—,—,—,—,—,—,—,5359901,—,485,650,LSMC-5
passenger (cruise),754521,Amistad,Live,U.S.A.,81,2000,-2'gt,28,Single,WCZ9672,90,0001,—,U.S.A.,39.00,—,7.01,7.01,3.05,—,—,—,Unknown Engine Designer,Amistad America Incorporated,United States of America,New Haven,—,Amistad America Incorporated,United States of America,Amistad America Incorporated,United States of America,Amistad America Incorporated,United States of America,Amistad America Incorporated,United States of America,—,—,—,—,—,—,—,—,—,—,—,369547000,—,—,UNKNOWN
passenger (cruise),754593,Suerita,Live,U.K.,—,2007,-2'gt,—,Single,MMSD5,67,—,—,"",—,—,—,—,—,—,—,—,Unknown Engine Designer,Crown River Cruises Limited,United Kingdom,—,—,Crown River Cruises Limited,United Kingdom,Crown River Cruises Limited,United Kingdom,Crown River Cruises Limited,United Kingdom,Crown River Cruises Limited,United Kingdom,—,—,—,—,—,—,—,—,—,—,—,235055328,—,—,UNKNOWN
passenger (cruise),754655,Mercedes,Live,U.K.,—,1960,-2'gt,—,Single,MPDK6,185,—,—,Duisburg,—,—,—,—,—,—,—,—,Unknown Engine Designer,Westminster Party Boats Limited,United Kingdom,—,—,Westminster Party Boats Limited,United Kingdom,Westminster Party Boats Limited,United Kingdom,Westminster Party Boats Limited,United Kingdom,Westminster Party Boats Limited,United Kingdom,—,—,—,—,—,—,—,—,—,—,—,235055001,—,—,SBF12M716
passenger (cruise),754670,Mayflower Garden,Live,U.K.,—,1974,-2'gt,—,Single,GVOW,116,—,—,"",22.00,—,5.00,—,—,1.90,—,—,Unknown Engine Designer,City Cruises PLC,United Kingdom,—,—,City Cruises PLC,United Kingdom,City Cruises PLC,United Kingdom,City Cruises PLC,United Kingdom,City Cruises PLC,United Kingdom,—,—,—,—,—,—,—,—,—,—,—,235052141,—,—,8LXB
passenger (cruise),754850,Paddlewheel Queen,Live,U.S.A.,59,1965,-2'gt,—,Single,WDD8273,87,—,Dubuque Boat & Boiler Company,Dubuque,25.00,—,8.00,—,—,—,—,—,Unknown Engine Designer,Unknown Owners,—,Miami,—,Unknown Owners,—,Unknown Owners,—,Unknown Owners,—,Unknown Owners,—,—,—,—,—,—,—,—,—,—,—,—,366998270,—,—,UNKNOWN
passenger (cruise),755077,Fundy Isles,Live,Canada,—,2007,-2'gt,—,Single,—,12,—,—,"",—,—,—,3.69,1.22,—,—,—,Unknown Engine Designer,Unknown Owners,—,St. Andrews,—,Unknown Owners,—,Unknown Owners,—,Unknown Owners,—,Unknown Owners,—,—,—,—,—,—,—,—,—,—,—,—,316004691,—,—,UNKNOWN
passenger (cruise),755319,Chiado,Live,Portugal,172,1995,-2'gt,59,Single,CSKX,431,228,—,"",45.00,—,11.00,—,—,25.50,—,Deutz MWM AG,Unknown Engine Designer,Unknown Owners,—,—,—,Unknown Owners,—,Unknown Owners,—,Unknown Owners,—,Unknown Owners,—,—,—,—,—,—,—,—,—,—,—,9112612,263700010,960,408,TBD616V
passenger (cruise),756692,Istanbul 9,Live,Turkiye,208,1977,-2'gt,180,Single,TC5429,456,190,Halicioglu Tersanesi,Istanbul,58.20,52.80,11.03,10.60,3.60,2.60,1.00,Stork-Werkspoor Diesel B.V.,Stork-Werkspoor Diesel B.V.,Istanbul Buyuksehir Belediye Baskanligi (Istanbul Metropolitan Municipality),Turkiye,Istanbul,—,Government of Government of the Republic of Turkiye (Turkey ),Turkiye,Istanbul Buyuksehir Belediye Baskanligi (Istanbul Metropolitan Municipality),Turkiye,Istanbul Buyuksehir Belediye Baskanligi (Istanbul Metropolitan Municipality),Turkiye,Istanbul Sehir Hatlari Turizm Sanayi ve Ticaret Anonim Sirketi,Turkiye,—,—,—,—,Istanbul Sehir Hatlari Turizm Sanayi ve Ticaret Anonim Sirketi,Turkiye,—,—,—,—,7389924,271002519,552,750,DRO218K
passenger (cruise),756896,Interceptor,Live,U.K.,—,—,Unknown size,—,Single,MEZZ4,83607,—,—,"",—,—,—,—,—,—,—,—,Unknown Engine Designer,Charles George Newens,United Kingdom,—,—,Charles George Newens,United Kingdom,Charles George Newens,United Kingdom,Charles George Newens,United Kingdom,Charles George Newens,United Kingdom,—,—,—,—,—,—,—,—,—,—,—,235054968,—,—,UNKNOWN
passenger (cruise),756946,Celebrity Silhouette,Live,Malta,88427,2011,100'-150'gt,9500,Single,9HA2583,122210,679,Meyer Werft GmbH (Dormant),Papenburg,315.00,293.70,36.90,36.80,11.30,8.62,2.68,MAN Energy Solutions SE,MAN Energy Solutions SE,Celebrity Cruises Incorporated,United States of America,Valletta,—,Royal Caribbean Cruises Limited (RCL),United States of America,Celebrity Cruises Incorporated,United States of America,Celebrity Silhouette Incorporated,Bahamas,RCL Cruises Limited,United Kingdom,—,—,—,—,RCL Cruises Limited,United Kingdom,Unknown,Unknown,Unknown Scrubber Manufacturer,Retrofit,9451094,248939000,14280,19415,14V48/60CR
passenger (cruise),757081,El Canario,Live,Colombia,—,2007,-2'gt,—,Single,—,3,—,—,"",—,—,—,—,—,—,—,—,—,Unknown Owners,—,—,—,Unknown Owners,—,Unknown Owners,—,Unknown Owners,—,Unknown Owners,—,—,—,—,—,—,—,—,—,—,—,2978782,—,—,—,—
passenger (cruise),757082,Erika del Mar,Live,Colombia,—,2007,-2'gt,—,Single,—,11,—,—,"",—,—,—,—,—,—,—,—,—,Unknown Owners,—,—,—,Unknown Owners,—,Unknown Owners,—,Unknown Owners,—,Unknown Owners,—,—,—,—,—,—,—,—,—,—,—,2981208,—,—,—,—
passenger (cruise),757083,Geminis Star V,Live,Colombia,—,2007,-2'gt,—,Single,—,3,—,—,"",—,—,—,—,—,—,—,—,—,Unknown Owners,—,—,—,Unknown Owners,—,Unknown Owners,—,Unknown Owners,—,Unknown Owners,—,—,—,—,—,—,—,—,—,—,—,2984212,—,—,—,—
passenger (cruise),757085,Hotel Villalica,Live,Colombia,—,2007,-2'gt,—,Single,—,2,—,—,"",—,—,—,—,—,—,—,—,—,Unknown Owners,—,—,—,Unknown Owners,—,Unknown Owners,—,Unknown Owners,—,Unknown Owners,—,—,—,—,—,—,—,—,—,—,—,2986193,—,—,—,—
passenger (cruise),757088,La Castano,Live,Colombia,—,2007,-2'gt,—,Single,—,2,—,—,"",—,—,—,—,—,—,—,—,—,Unknown Owners,—,—,—,Unknown Owners,—,Unknown Owners,—,Unknown Owners,—,Unknown Owners,—,—,—,—,—,—,—,—,—,—,—,2991930,—,—,—,—
passenger (cruise),757091,Libeth,Live,Colombia,—,2007,-2'gt,—,Single,—,2,—,—,"",—,—,—,—,—,—,—,—,—,Unknown Owners,—,—,—,Unknown Owners,—,Unknown Owners,—,Unknown Owners,—,Unknown Owners,—,—,—,—,—,—,—,—,—,—,—,2999310,—,—,—,—
passenger (cruise),757094,Marlyn 3,Live,Colombia,—,2007,-2'gt,—,Single,—,6,—,—,"",—,—,—,—,—,—,—,—,—,Unknown Owners,—,—,—,Unknown Owners,—,Unknown Owners,—,Unknown Owners,—,Unknown Owners,—,—,—,—,—,—,—,—,—,—,—,—,—,—,—,—
passenger (cruise),757099,Nina Martha No.2,Live,Colombia,—,2007,-2'gt,—,Single,—,3,—,—,"",—,—,—,—,—,—,—,—,—,Unknown Owners,—,—,—,Unknown Owners,—,Unknown Owners,—,Unknown Owners,—,Unknown Owners,—,—,—,—,—,—,—,—,—,—,—,—,—,—,—,—
passenger (cruise),757101,Nina Rubi,Live,Colombia,—,2007,-2'gt,—,Single,—,2,—,—,"",—,—,—,—,—,—,—,—,—,Unknown Owners,—,—,—,Unknown Owners,—,Unknown Owners,—,Unknown Owners,—,Unknown Owners,—,—,—,—,—,—,—,—,—,—,—,—,—,—,—,—
passenger (cruise),757103,Oceano,Live,Colombia,—,2007,-2'gt,—,Single,—,6,—,—,"",—,—,—,—,—,—,—,—,—,Unknown Owners,—,—,—,Unknown Owners,—,Unknown Owners,—,Unknown Owners,—,Unknown Owners,—,—,—,—,—,—,—,—,—,—,—,2984781,—,—,—,—
passenger (cruise),757127,Aixa Eliana,Live,Colombia,—,2007,-2'gt,—,Single,—,1,—,—,"",—,—,—,—,—,—,—,—,—,Unknown Owners,—,—,—,Unknown Owners,—,Unknown Owners,—,Unknown Owners,—,Unknown Owners,—,—,—,—,—,—,—,—,—,—,—,2961818,—,—,—,—
passenger (cruise),757131,Angie Fernanda,Live,Colombia,—,2007,-2'gt,—,Single,—,2,—,—,"",—,—,—,—,—,—,—,—,—,Unknown Owners,—,—,—,Unknown Owners,—,Unknown Owners,—,Unknown Owners,—,Unknown Owners,—,—,—,—,—,—,—,—,—,—,—,2964016,—,—,—,—
passenger (cruise),757135,Colombianita del Mar,Live,Colombia,—,2007,-2'gt,—,Single,—,5,—,—,"",—,—,—,—,—,—,—,—,—,Unknown Owners,—,—,—,Unknown Owners,—,Unknown Owners,—,Unknown Owners,—,Unknown Owners,—,—,—,—,—,—,—,—,—,—,—,2973196,—,—,—,—
passenger (cruise),757139,El Chondy I,Live,Colombia,—,2007,-2'gt,—,Single,—,3,—,—,"",—,—,—,—,—,—,—,—,—,Unknown Owners,—,—,—,Unknown Owners,—,Unknown Owners,—,Unknown Owners,—,Unknown Owners,—,—,—,—,—,—,—,—,—,—,—,2978902,—,—,—,—
passenger (cruise),757145,Faro IV,Live,Colombia,—,2007,-2'gt,—,Single,—,9,—,—,"",—,—,—,—,—,—,—,—,—,Unknown Owners,—,—,—,Unknown Owners,—,Unknown Owners,—,Unknown Owners,—,Unknown Owners,—,—,—,—,—,—,—,—,—,—,—,2982343,—,—,—,—
passenger (cruise),757147,Felicidad,Live,Colombia,—,2007,-2'gt,—,Single,—,9,—,—,"",—,—,—,—,—,—,—,—,—,Unknown Owners,—,—,—,Unknown Owners,—,Unknown Owners,—,Unknown Owners,—,Unknown Owners,—,—,—,—,—,—,—,—,—,—,—,2982458,—,—,—,—
passenger (cruise),757149,Flauta,Live,Colombia,—,2007,-2'gt,—,Single,—,2,—,—,"",—,—,—,—,—,—,—,—,—,Unknown Owners,—,—,—,Unknown Owners,—,Unknown Owners,—,Unknown Owners,—,Unknown Owners,—,—,—,—,—,—,—,—,—,—,—,2982848,—,—,—,—
passenger (cruise),757150,Fuego Verde,Live,Colombia,—,2007,-2'gt,—,Single,—,3,—,—,"",—,—,—,—,—,—,—,—,—,Unknown Owners,—,—,—,Unknown Owners,—,Unknown Owners,—,Unknown Owners,—,Unknown Owners,—,—,—,—,—,—,—,—,—,—,—,2983505,—,—,—,—
passenger (cruise),757151,Gloria Ines,Live,Colombia,—,2007,-2'gt,—,Single,—,6,—,—,"",—,—,—,—,—,—,—,—,—,Unknown Owners,—,—,—,Unknown Owners,—,Unknown Owners,—,Unknown Owners,—,Unknown Owners,—,—,—,—,—,—,—,—,—,—,—,2984767,—,—,—,—
passenger (cruise),757154,La Alfa,Live,Colombia,—,2007,-2'gt,—,Single,—,6,—,—,"",—,—,—,—,—,—,—,—,—,Unknown Owners,—,—,—,Unknown Owners,—,Unknown Owners,—,Unknown Owners,—,Unknown Owners,—,—,—,—,—,—,—,—,—,—,—,—,—,—,—,—
passenger (cruise),757158,La Espanola,Live,Colombia,—,2007,-2'gt,—,Single,—,3,—,—,"",—,—,—,—,—,—,—,—,—,Unknown Owners,—,—,—,Unknown Owners,—,Unknown Owners,—,Unknown Owners,—,Unknown Owners,—,—,—,—,—,—,—,—,—,—,—,2993196,—,—,—,—
passenger (cruise),757164,Nino Beybi,Live,Colombia,—,2007,-2'gt,—,Single,—,2,—,—,"",—,—,—,—,—,—,—,—,—,Unknown Owners,—,—,—,Unknown Owners,—,Unknown Owners,—,Unknown Owners,—,Unknown Owners,—,—,—,—,—,—,—,—,—,—,—,—,—,—,—,—
passenger (cruise),757165,Nino Yeisser,Live,Colombia,—,2007,-2'gt,—,Single,—,1,—,—,"",—,—,—,—,—,—,—,—,—,Unknown Owners,—,—,—,Unknown Owners,—,Unknown Owners,—,Unknown Owners,—,Unknown Owners,—,—,—,—,—,—,—,—,—,—,—,—,—,—,—,—
passenger (cruise),757172,Tita Dos,Live,Colombia,—,2007,-2'gt,—,Single,—,2,—,—,"",—,—,—,—,—,—,—,—,—,Unknown Owners,—,—,—,Unknown Owners,—,Unknown Owners,—,Unknown Owners,—,Unknown Owners,—,—,—,—,—,—,—,—,—,—,—,—,—,—,—,—
passenger (cruise),757176,Zamba,Live,Colombia,—,2007,-2'gt,—,Single,—,3,—,—,"",—,—,—,—,—,—,—,—,—,Unknown Owners,—,—,—,Unknown Owners,—,Unknown Owners,—,Unknown Owners,—,Unknown Owners,—,—,—,—,—,—,—,—,—,—,—,—,—,—,—,—
passenger (cruise),757223,Lampsilis,Live,Canada,—,2007,-2'gt,—,Single,—,136,—,—,"",—,—,—,—,—,—,—,—,—,Reformar,Canada,—,—,Reformar,Canada,Reformar,Canada,Universite du Quebec,Canada,Reformar,Canada,—,—,—,—,—,—,—,—,—,—,—,—,982,1317,3412E
passenger (cruise),757535,Travelmarvel Jewel,Live,Malta,1670,2007,2'-10'gt,—,Single,9HUT8,2070,—,—,"",135.00,—,11.00,—,—,—,—,—,Unknown Engine Designer,Avalon Waterways,United States of America,Valletta,—,Avalon Waterways,United States of America,Avalon Waterways,United States of America,Avalon Waterways,United States of America,Avalon Waterways,United States of America,—,—,—,—,—,—,—,—,—,—,—,—,1051,1409,3516TA
passenger (cruise),759872,Ms Judith,Live,U.S.A.,67,1983,-2'gt,—,Single,WDD8438,99,257,Gulf Craft LLC,"",34.00,—,9.00,—,—,2.00,—,—,Unknown Engine Designer,Guilbeau Gulf Incorporated,United States of America,Cut Off,—,Guilbeau Gulf Incorporated,United States of America,Guilbeau Gulf Incorporated,United States of America,Guilbeau Gulf Incorporated,United States of America,Guilbeau Gulf Incorporated,United States of America,—,—,—,—,—,—,—,—,—,—,—,367199160,—,—,UNKNOWN
passenger (cruise),760552,Albany Jose,Live,Colombia,—,2007,-2'gt,—,Single,—,6,—,—,"",—,—,—,—,—,—,—,—,—,Unknown Owners,—,—,—,Unknown Owners,—,Unknown Owners,—,Unknown Owners,—,Unknown Owners,—,—,—,—,—,—,—,—,—,—,—,2961973,—,—,—,—
passenger (cruise),760554,Alcatraz Express II,Live,Colombia,—,2007,-2'gt,—,Single,—,7,—,—,"",—,—,—,—,—,—,—,—,—,Unknown Owners,—,—,—,Unknown Owners,—,Unknown Owners,—,Unknown Owners,—,Unknown Owners,—,—,—,—,—,—,—,—,—,—,—,2962123,—,—,—,—
passenger (cruise),760556,Asturias,Live,Colombia,—,2007,-2'gt,—,Single,—,1,—,—,"",—,—,—,—,—,—,—,—,—,Unknown Owners,—,—,—,Unknown Owners,—,Unknown Owners,—,Unknown Owners,—,Unknown Owners,—,—,—,—,—,—,—,—,—,—,—,2965266,—,—,—,—
passenger (cruise),760558,Ave Fenix,Live,Colombia,—,2007,-2'gt,—,Single,—,3,—,—,"",—,—,—,—,—,—,—,—,—,Unknown Owners,—,—,—,Unknown Owners,—,Unknown Owners,—,Unknown Owners,—,Unknown Owners,—,—,—,—,—,—,—,—,—,—,—,2965450,—,—,—,—
passenger (cruise),760560,Baru Baru IV,Live,Colombia,—,2007,-2'gt,—,Single,—,2,—,—,"",—,—,—,—,—,—,—,—,—,Unknown Owners,—,—,—,Unknown Owners,—,Unknown Owners,—,Unknown Owners,—,Unknown Owners,—,—,—,—,—,—,—,—,—,—,—,2966507,—,—,—,—
passenger (cruise),760562,Beverly 2,Live,Colombia,—,2007,-2'gt,—,Single,—,2,—,—,"",—,—,—,—,—,—,—,—,—,Unknown Owners,—,—,—,Unknown Owners,—,Unknown Owners,—,Unknown Owners,—,Unknown Owners,—,—,—,—,—,—,—,—,—,—,—,2966894,—,—,—,—
passenger (cruise),760573,Bravo-Tax 36,Live,Colombia,—,2007,-2'gt,—,Single,—,6,—,—,"",—,—,—,—,—,—,—,—,—,Unknown Owners,—,—,—,Unknown Owners,—,Unknown Owners,—,Unknown Owners,—,Unknown Owners,—,—,—,—,—,—,—,—,—,—,—,2967965,—,—,—,—
passenger (cruise),760580,Diva,Live,Colombia,—,2007,-2'gt,—,Single,—,2,—,—,"",—,—,—,—,—,—,—,—,—,Unknown Owners,—,—,—,Unknown Owners,—,Unknown Owners,—,Unknown Owners,—,Unknown Owners,—,—,—,—,—,—,—,—,—,—,—,2976253,—,—,—,—
passenger (cruise),760585,El Gran Daniel,Live,Colombia,—,2007,-2'gt,—,Single,—,1,—,—,"",—,—,—,—,—,—,—,—,—,Unknown Owners,—,—,—,Unknown Owners,—,Unknown Owners,—,Unknown Owners,—,Unknown Owners,—,—,—,—,—,—,—,—,—,—,—,—,—,—,—,—
passenger (cruise),760589,El Juanca,Live,Colombia,—,2007,-2'gt,—,Single,—,4,—,—,"",—,—,—,—,—,—,—,—,—,Unknown Owners,—,—,—,Unknown Owners,—,Unknown Owners,—,Unknown Owners,—,Unknown Owners,—,—,—,—,—,—,—,—,—,—,—,—,—,—,—,—
passenger (cruise),760593,Gaviota II,Live,Colombia,—,2007,-2'gt,—,Single,—,2,—,—,"",—,—,—,—,—,—,—,—,—,Unknown Owners,—,—,—,Unknown Owners,—,Unknown Owners,—,Unknown Owners,—,Unknown Owners,—,—,—,—,—,—,—,—,—,—,—,2984107,—,—,—,—
passenger (cruise),760595,Genesis,Live,Colombia,—,2007,-2'gt,—,Single,—,2,—,—,"",—,—,—,—,—,—,—,—,—,Unknown Owners,—,—,—,Unknown Owners,—,Unknown Owners,—,Unknown Owners,—,Unknown Owners,—,—,—,—,—,—,—,—,—,—,—,2984224,—,—,—,—
passenger (cruise),760597,Gerizim,Live,Colombia,—,2007,-2'gt,—,Single,—,3,—,—,"",—,—,—,—,—,—,—,—,—,Unknown Owners,—,—,—,Unknown Owners,—,Unknown Owners,—,Unknown Owners,—,Unknown Owners,—,—,—,—,—,—,—,—,—,—,—,2984298,—,—,—,—
passenger (cruise),760600,Guarumera,Live,Colombia,—,2007,-2'gt,—,Single,—,6,—,—,"",—,—,—,—,—,—,—,—,—,Unknown Owners,—,—,—,Unknown Owners,—,Unknown Owners,—,Unknown Owners,—,Unknown Owners,—,—,—,—,—,—,—,—,—,—,—,—,—,—,—,—
passenger (cruise),760603,Ketty II,Live,Colombia,—,2007,Unknown size,—,Single,—,—,—,—,"",—,—,—,—,—,—,—,—,—,Unknown Owners,—,—,—,Unknown Owners,—,Unknown Owners,—,Unknown Owners,—,Unknown Owners,—,—,—,—,—,—,—,—,—,—,—,2990388,—,—,—,—
passenger (cruise),760604,La Bendicion,Live,Colombia,—,2007,-2'gt,—,Single,—,3,—,—,"",—,—,—,—,—,—,—,—,—,Unknown Owners,—,—,—,Unknown Owners,—,Unknown Owners,—,Unknown Owners,—,Unknown Owners,—,—,—,—,—,—,—,—,—,—,—,2991368,—,—,—,—
passenger (cruise),760629,La Flor del Caribe,Live,Colombia,—,2007,-2'gt,—,Single,—,5,—,—,"",—,—,—,—,—,—,—,—,—,Unknown Owners,—,—,—,Unknown Owners,—,Unknown Owners,—,Unknown Owners,—,Unknown Owners,—,—,—,—,—,—,—,—,—,—,—,2993445,—,—,—,—
passenger (cruise),760630,La Gaviota,Live,Colombia,—,2007,-2'gt,—,Single,—,2,—,—,"",—,—,—,—,—,—,—,—,—,Unknown Owners,—,—,—,Unknown Owners,—,Unknown Owners,—,Unknown Owners,—,Unknown Owners,—,—,—,—,—,—,—,—,—,—,—,2993615,—,—,—,—
passenger (cruise),760632,La Mapara,Live,Colombia,—,2007,-2'gt,—,Single,—,2,—,—,"",—,—,—,—,—,—,—,—,—,Unknown Owners,—,—,—,Unknown Owners,—,Unknown Owners,—,Unknown Owners,—,Unknown Owners,—,—,—,—,—,—,—,—,—,—,—,—,—,—,—,—
passenger (cruise),760634,La Negra Elizabeth,Live,Colombia,—,2007,-2'gt,—,Single,—,11,—,—,"",—,—,—,—,—,—,—,—,—,Unknown Owners,—,—,—,Unknown Owners,—,Unknown Owners,—,Unknown Owners,—,Unknown Owners,—,—,—,—,—,—,—,—,—,—,—,2995194,—,—,—,—
passenger (cruise),760644,Las Mielitas,Live,Colombia,—,2007,-2'gt,—,Single,—,1,—,—,"",—,—,—,—,—,—,—,—,—,Unknown Owners,—,—,—,Unknown Owners,—,Unknown Owners,—,Unknown Owners,—,Unknown Owners,—,—,—,—,—,—,—,—,—,—,—,—,—,—,—,—
passenger (cruise),760676,Mi Monica,Live,Colombia,—,2007,-2'gt,—,Single,—,3,—,—,"",—,—,—,—,—,—,—,—,—,Unknown Owners,—,—,—,Unknown Owners,—,Unknown Owners,—,Unknown Owners,—,Unknown Owners,—,—,—,—,—,—,—,—,—,—,—,—,—,—,—,—
passenger (cruise),760688,Pusa Warra,Live,Colombia,—,2007,-2'gt,—,Single,—,4,—,—,"",—,—,—,—,—,—,—,—,—,Unknown Owners,—,—,—,Unknown Owners,—,Unknown Owners,—,Unknown Owners,—,Unknown Owners,—,—,—,—,—,—,—,—,—,—,—,—,—,—,—,—
passenger (cruise),760691,Splended Dancer,Live,Colombia,—,2007,-2'gt,—,Single,—,3,—,—,"",—,—,—,—,—,—,—,—,—,Unknown Owners,—,—,—,Unknown Owners,—,Unknown Owners,—,Unknown Owners,—,Unknown Owners,—,—,—,—,—,—,—,—,—,—,—,—,—,—,—,—
passenger (cruise),762129,Mallory Grace,Live,U.S.A.,66,1977,-2'gt,30,Single,WDF9232,98,—,Camcraft Incorporated,Crown Point(USA),30.00,—,7.00,—,—,1.50,—,—,Unknown Engine Designer,Eveready Marine Incorporated,United States of America,Grand Isle,—,Eveready Marine Incorporated,United States of America,Eveready Marine Incorporated,United States of America,Eveready Marine Incorporated,United States of America,Eveready Marine Incorporated,United States of America,—,—,—,—,—,—,—,—,—,—,—,366805390,—,—,UNKNOWN
passenger (cruise),762183,Nautical Empress,Live,U.S.A.,61,1989,-2'gt,—,Single,WDD4669,89,157,Service Marine Industries Incorporated,U.S.A.,—,—,—,—,—,—,—,—,—,Empress of Freeport Incorporated,United States of America,New York,—,Empress of Freeport Incorporated,United States of America,Empress of Freeport Incorporated,United States of America,Empress of Freeport Incorporated,United States of America,Empress of Freeport Incorporated,United States of America,—,—,—,—,—,—,—,—,—,—,—,367147820,—,—,—
passenger (cruise),762416,Mozart,Live,Germany,—,1987,2'-10'gt,—,Single,—,6000,—,—,"",120.60,—,22.85,—,1.60,—,—,—,—,Peter Deilmann Reederei GmbH & Company,Germany,—,—,Peter Deilmann Reederei GmbH & Company,Germany,Peter Deilmann Reederei GmbH & Company,Germany,Peter Deilmann Reederei GmbH & Company,Germany,Peter Deilmann Reederei GmbH & Company,Germany,—,—,—,—,—,—,—,—,—,—,—,—,2424,3251,K6Z57/80C
passenger (cruise),762611,Victory 1,Live,U.S.A.,2281,1972,2'-10'gt,197,Single,WCW3559,6514,102,Bellinger Shipyards Incorporated,U.S.A.,85.50,85.50,—,19.51,5.49,—,—,—,—,Tynda Holdings LLC,United States of America,Port Canaveral,—,Tynda Holdings LLC,United States of America,Tynda Holdings LLC,United States of America,Tynda Holdings LLC,United States of America,Tynda Holdings LLC,United States of America,—,—,—,—,—,—,—,—,—,—,—,—,2013,2699,6-75VTF-150/50
passenger (cruise),762632,Summersea,Live,Finland,46,1982,-2'gt,20,Single,OG8046,124,15,"Ilyichyovskiy Sudoremontnyy Zavod im. ""50-letiya SSSR""",Odessa,30.00,—,6.00,—,—,1.80,—,—,Unknown Engine Designer,Unknown Owners,—,Parainen,—,Unknown Owners,—,Unknown Owners,—,Unknown Owners,—,Unknown Owners,—,—,—,—,—,—,—,—,—,—,—,8035025,230980760,—,—,3D6C
passenger (cruise),763071,Silver Bonito,Live,U.K.,—,1983,Unknown size,—,Single,MFRL9,—,—,—,"",—,—,—,—,—,—,—,—,Unknown Engine Designer,Silver Fleet - Woods River Cruises Limited,United Kingdom,—,—,Silver Fleet - Woods River Cruises Limited,United Kingdom,Silver Fleet - Woods River Cruises Limited,United Kingdom,Silver Fleet - Woods River Cruises Limited,United Kingdom,Silver Fleet - Woods River Cruises Limited,United Kingdom,—,—,—,—,—,—,—,—,—,—,—,235054667,—,—,UNKNOWN
passenger (cruise),763144,Catamaran,Live,Spain,249,1967,-2'gt,94,Single,EFCN,344,69,Astilleros Construcciones S.A.,Vigo,30.15,25.02,10.77,10.72,3.71,3.07,0.64,Naval-Stork-Werkspoor S.A. Factoria De San,Unknown Engine Designer,Naviera Gallega Balear S.L.,Spain,Vigo,—,Naviera Gallega Balear S.L.,Spain,Naviera Gallega Balear S.L.,Spain,Naviera Gallega Balear S.L.,Spain,Naviera Gallega Balear S.L.,Spain,—,—,—,—,—,—,—,—,—,—,6721644,—,265,360,DNP12M
passenger (cruise),7657737,Vagabondo,Live,Italy,24,1972,Unknown size,100,Single,ISCN,—,—,—,"",17.00,—,5.00,—,—,—,—,—,Unknown Engine Designer,Albatros Pluriservizi di Cuccu Marco Battista & C. SAS,Italy,—,—,Albatros Pluriservizi di Cuccu Marco Battista & C. SAS,Italy,Albatros Pluriservizi di Cuccu Marco Battista & C. SAS,Italy,Albatros Pluriservizi di Cuccu Marco Battista & C. SAS,Italy,Albatros Pluriservizi di Cuccu Marco Battista & C. SAS,Italy,—,—,—,—,—,—,—,—,—,—,—,247189300,—,—,UNKNOWN
passenger (cruise),76635,Olga Androvskaya,Dead,Russia,1430,1977,2'-10'gt,1273,Single,—,4258,—,—,Serbia,100.00,—,16.20,—,7.00,4.70,2.30,—,B&W Diesel A/S,FESCO,—,—,—,—,—,—,—,—,—,—,—,—,—,—,—,—,—,—,—,—,—,7422908,—,1969,2640,8M35BF-62
passenger (cruise),76636,Olga Sadovskaya,Dead,Russia,1275,1977,2'-10'gt,1414,Single,—,4250,415,Brodogradiliste Tito,Mitrovica,100.00,—,16.20,—,7.00,4.70,2.30,Uljanik Brodogradiliste d.d.,B&W Diesel A/S,Indian Breakers,—,—,—,—,—,—,—,—,—,—,—,—,—,—,—,—,—,—,—,—,—,7422910,—,1969,2640,8M35BF-62
passenger (cruise),766821,Vladimir Goluzenko,Live,Russia,75,1977,-2'gt,36,Single,—,245,6,—,Russia,38.41,33.98,6.70,6.70,2.90,2.18,0.72,—,Unknown Engine Designer,Terneyles Joint Stock Company,Russian Federation,Vladivostok,—,Terneyles Joint Stock Company,Russian Federation,Terneyles Joint Stock Company,Russian Federation,Terneyles Joint Stock Company,Russian Federation,Terneyles Joint Stock Company,Russian Federation,—,—,—,—,—,—,—,—,—,—,7646891,273440950,344,461,8V-71-N
passenger (cruise),766920,Irbis,Live,Russia,49,1975,-2'gt,16,Single,UBVY9,127,6,—,Baku,34.70,30.00,5.71,5.30,2.55,1.55,1.00,Barnaultransmash Joint Stock Company,Barnaultransmash Joint Stock Company,Firm Loger Company Limited,Russian Federation,Tuapse,—,Firm Loger Company Limited,Russian Federation,Firm Loger Company Limited,Russian Federation,Firm Loger Company Limited,Russian Federation,Firm Loger Company Limited,Russian Federation,—,—,—,—,—,—,—,—,—,—,8990354,273420170,220,299,3D12A
passenger (cruise),76741,Discovery Sun,Dead,Bahamas,4005,1968,10'-60'gt,2337,Single,—,11979,658,O & K Anlangen & Systeme,Lubeck,134.00,106.12,21.50,21.50,12.60,5.52,7.08,—,Semt Pielstick SA,Discovery D.,—,Nassau,100,—,—,—,—,—,—,—,—,—,—,—,—,—,—,—,—,—,—,6815158,—,5966,8000,16PC2V-400
passenger (cruise),77306,Lisboa,Dead,Madeira,2935,1955,2'-10'gt,3649,Single,—,9783,1483,Harland & Wolff Heavy Industries Limited,Belfast,162.00,—,21.40,—,12.80,7.70,5.10,Harland & Wolff Heavy Industries Limited,B&W Diesel A/S,Turkish Breakers,—,Madeira,—,—,—,—,—,—,—,—,—,—,—,—,—,—,—,—,—,—,—,5282483,—,4922,6600,6-75VTF-150/50
passenger (cruise),773479,La Belle De L'adriatique,Live,Belgium,1073,2007,2'-10'gt,455,Single,ONEN,2995,29,Chantier Naval Meuse & Sambre S.A.,Beez,110.65,103.00,12.00,11.90,6.55,2.65,3.90,Cummins India Limited,Cummins Incorporated,Croisi Europe,France,Brussels,—,Croisi Europe,France,Croisi Europe,France,Edvima SA,Luxembourg,Croisimer Finance SA,Luxembourg,—,—,—,—,Croisimer Finance SA,Luxembourg,—,—,—,—,9432799,205481000,820,1114,KTA-38
passenger (cruise),77352,Caly,Dead,St. Kitts-Nevis,4361,1967,10'-60'gt,1965,Single,—,11162,645,Fincantieri-Cantieri Navali Italiani S.p.A. Castellammare di Stabia,Castellammare di Stabia,135.00,115.89,19.22,19.22,13.45,5.47,7.98,Wartsila Corporation,MAN Diesel AS,Indian Breakers,—,—,—,—,—,—,—,—,—,—,—,—,—,—,—,—,—,—,—,—,—,6715372,—,4562,6118,12V32D
passenger (cruise),7749552,Ukkopekka,Live,Finland,97,1938,-2'gt,—,Single,OIOU,287,274,—,Helsinki,35.06,32.24,7.35,—,—,3.60,—,—,Unknown Engine Designer,Hoyrylaivaosakeyhtio SS Ukkopekka,Finland,Turku,—,Hoyrylaivaosakeyhtio SS Ukkopekka,Finland,Hoyrylaivaosakeyhtio SS Ukkopekka,Finland,Hoyrylaivaosakeyhtio SS Ukkopekka,Finland,Hoyrylaivaosakeyhtio SS Ukkopekka,Finland,—,—,—,—,—,—,—,—,—,—,6610132,230938590,294,400,8V-71-N
passenger (cruise),77553,Francesco di Paola,Dead,Belize,1555,1964,2'-10'gt,1301,Single,—,4030,272,Fincantieri-Cantieri Navali Italiani S.p.A. Genoa,Genoa,128.00,117.25,17.63,17.63,6.66,4.34,2.32,B&W Diesel A/S,B&W Diesel A/S,Indian Breakers,—,Belize City,—,—,—,—,—,—,—,—,—,—,—,—,—,—,—,—,—,—,—,6418699,—,2386,3200,6-50VBF-90
passenger (cruise),7809588,Aleqa Ittuk,Live,Greenland,—,1983,Unknown size,73,Single,OYDO,—,501,Jeros Marine ApS,Denmark,19.64,17.00,5.83,5.80,3.14,2.00,1.14,—,Unknown Engine Designer,Disko Line A/S,Greenland,Nuuk,—,Disko Line A/S,Greenland,Disko Line A/S,Greenland,Disko Line A/S,Greenland,Disko Line A/S,Greenland,—,—,—,—,—,—,—,—,—,—,—,331011000,—,—,UNKNOWN
passenger (cruise),7897589,Rex Rheni,Live,Netherlands,—,1979,Unknown size,—,Single,—,—,-,—,"",90.00,—,—,—,1.40,—,—,—,Unknown Engine Designer,Rijfers River Cruises Limited,Netherlands,—,—,Rijfers River Cruises Limited,Netherlands,Rijfers River Cruises Limited,Netherlands,Rijfers River Cruises Limited,Netherlands,Rijfers River Cruises Limited,Netherlands,—,—,—,—,—,—,—,—,—,—,—,—,2000,1000,K6Z57/80C
passenger (cruise),7928364,Greco Sea,Live,Greece,181,1995,-2'gt,—,Single,SVA9155,471,—,—,Ambelaki,44.98,—,—,11.20,4.87,2.90,1.97,—,Unknown Engine Designer,Unknown Owners,—,—,—,Unknown Owners,—,Unknown Owners,—,Unknown Owners,—,Unknown Owners,—,—,—,—,—,—,—,—,—,—,—,8989460,240185900,304,408,3196DITA
passenger (cruise),798585,MS Bonnie,Live,U.S.A.,101,2007,-2'gt,428,Single,WDD9085,339,—,Halimar Shipyard LLC,"",48.77,43.59,—,9.15,3.81,—,—,—,Unknown Engine Designer,Unknown Owners,—,Bayou la Batre,—,Unknown Owners,—,Unknown Owners,—,Unknown Owners,—,Unknown Owners,—,—,—,—,—,—,—,—,—,—,—,—,367306610,245,329,12V2000M70
passenger (cruise),8028961,Elena D.,Live,Italy,27,2007,-2'gt,12,Single,IKLU2,40,1/2003,Cantiere Navale Mastro Peppe de Vanto Domenico F.,Scilla,20.21,18.00,5.33,5.20,2.00,1.05,0.95,—,Unknown Engine Designer,Elena De Simai,Italy,La Maddalena,—,Elena De Simai,Italy,Elena De Simai,Italy,Elena De Simai,Italy,Elena De Simai,Italy,—,—,—,—,—,—,—,—,—,—,—,247217900,—,—,UNKNOWN
passenger (cruise),8029411,San Giorgio In Alga,Live,Italy,17,2003,-2'gt,—,Single,—,25,C 349/03,Studioplast S.r.l.,Italy,21.33,19.42,—,3.80,2.00,0.57,1.43,Iveco Motors,Unknown Engine Designer,Terminal Fusina Venezia S.r.l.,Italy,Venice,—,Terminal Fusina Venezia S.r.l.,Italy,Terminal Fusina Venezia S.r.l.,Italy,Terminal Fusina Venezia S.r.l.,Italy,Terminal Fusina Venezia S.r.l.,Italy,—,—,—,—,—,—,—,—,—,—,—,—,—,—,UNKNOWN
passenger (cruise),8029429,Rais del Golfo,Live,Italy,11,2006,-2'gt,—,Single,—,25,—,—,Italy,—,—,—,—,—,—,—,—,Deutz MWM AG,Europa Servizi Eco Rifiuti S.r.l.,Italy,Rimini,—,Europa Servizi Eco Rifiuti S.r.l.,Italy,Europa Servizi Eco Rifiuti S.r.l.,Italy,Europa Servizi Eco Rifiuti S.r.l.,Italy,Europa Servizi Eco Rifiuti S.r.l.,Italy,—,—,—,—,—,—,—,—,—,—,—,—,146,196,TBD616V16
passenger (cruise),8033621,Seabourn Quest,Live,Bahamas,10532,2011,10'-60'gt,5000,Single,C6YZ5,32477,64,T. Mariotti S.p.A.,Genoa,198.19,—,28.00,26.00,11.85,6.40,5.45,—,Unknown Engine Designer,Seabourn Cruise Line A/S,Norway,Nassau,—,Carnival Corporation,United States of America,Seabourn Cruise Line A/S,Norway,Seabourn Cruise Line Limited,United States of America,Holland America Line N.V.,United States of America,—,—,—,—,Holland America Line N.V.,United States of America,—,—,—,—,9483126,311038900,7500,10058,12V32
passenger (cruise),806719,Emerald Princess II,Live,U.S.A.,66,1998,-2'gt,30,Single,WDC6906,97,141,—,"",60.00,—,—,12.19,4.45,—,—,—,Unknown Engine Designer,Golden Isles Cruises Lines,United States of America,Brunswick,—,Golden Isles Cruises Lines,United States of America,Golden Isles Cruises Lines,United States of America,Golden Isles Cruises Lines,United States of America,Golden Isles Cruises Lines,United States of America,—,—,—,—,—,—,—,—,—,—,8993057,367063030,—,—,UNKNOWN
passenger (cruise),810871,Rio Grande,Live,U.S.A.,26,1998,-2'gt,—,Single,WDA9628,33,5,—,"",—,—,—,—,—,—,—,—,Unknown Engine Designer,Unknown Owners,—,New York,—,Unknown Owners,—,Unknown Owners,—,Unknown Owners,—,Unknown Owners,—,—,—,—,—,—,—,—,—,—,—,—,366867250,—,—,UNKNOWN
passenger (cruise),811378,Timmy Danos,Live,U.S.A.,62,1973,-2'gt,28,Single,WYT8020,91,83,Bollinger Shipyards Incorporated,"",35.00,32.00,9.00,7.92,3.56,3.00,0.56,—,Unknown Engine Designer,REC Marine Logistics LLC,United States of America,Houma,—,Gulf Offshore Logistics LLC,United States of America,REC Marine Logistics LLC,United States of America,REC Marine Logistics LLC,United States of America,REC Marine Logistics LLC,United States of America,—,—,—,—,—,—,—,—,—,—,—,367306240,—,—,UNKNOWN
passenger (cruise),8124135,Azul Profundo II,Live,Colombia,—,2008,-2'gt,—,Single,—,3,—,—,"",—,—,—,—,—,—,—,—,—,Unknown Owners,—,—,—,Unknown Owners,—,Unknown Owners,—,Unknown Owners,—,Unknown Owners,—,—,—,—,—,—,—,—,—,—,—,1590052,—,—,—,—
passenger (cruise),8124136,Bello Lopez Tres,Live,Colombia,—,2008,-2'gt,—,Single,—,3,—,—,"",—,—,—,—,—,—,—,—,—,Unknown Owners,—,—,—,Unknown Owners,—,Unknown Owners,—,Unknown Owners,—,Unknown Owners,—,—,—,—,—,—,—,—,—,—,—,1590064,—,—,—,—
passenger (cruise),8124140,Chicui,Live,Colombia,—,2008,-2'gt,—,Single,—,6,—,—,"",—,—,—,—,—,—,—,—,—,Unknown Owners,—,—,—,Unknown Owners,—,Unknown Owners,—,Unknown Owners,—,Unknown Owners,—,—,—,—,—,—,—,—,—,—,—,1590088,—,—,—,—
passenger (cruise),8124141,Dona Ana I,Live,Colombia,—,2008,-2'gt,—,Single,—,3,—,—,"",—,—,—,—,—,—,—,—,—,Unknown Owners,—,—,—,Unknown Owners,—,Unknown Owners,—,Unknown Owners,—,Unknown Owners,—,—,—,—,—,—,—,—,—,—,—,1590090,—,—,—,—
passenger (cruise),8124142,El Gusanito,Live,Colombia,—,2008,-2'gt,—,Single,—,3,—,—,"",—,—,—,—,—,—,—,—,—,Unknown Owners,—,—,—,Unknown Owners,—,Unknown Owners,—,Unknown Owners,—,Unknown Owners,—,—,—,—,—,—,—,—,—,—,—,2979360,—,—,—,—
passenger (cruise),8124143,El Horizonte,Live,Colombia,—,2008,-2'gt,—,Single,—,2,—,—,"",—,—,—,—,—,—,—,—,—,Unknown Owners,—,—,—,Unknown Owners,—,Unknown Owners,—,Unknown Owners,—,Unknown Owners,—,—,—,—,—,—,—,—,—,—,—,2979384,—,—,—,—
passenger (cruise),8124145,Expreso Fiben,Live,Colombia,—,2008,-2'gt,—,Single,—,8,—,—,"",—,—,—,—,—,—,—,—,—,Unknown Owners,—,—,—,Unknown Owners,—,Unknown Owners,—,Unknown Owners,—,Unknown Owners,—,—,—,—,—,—,—,—,—,—,—,1590105,—,—,—,—
passenger (cruise),8124152,La Paloma 3,Live,Colombia,—,2008,-2'gt,—,Single,—,4,—,—,"",—,—,—,—,—,—,—,—,—,Unknown Owners,—,—,—,Unknown Owners,—,Unknown Owners,—,Unknown Owners,—,Unknown Owners,—,—,—,—,—,—,—,—,—,—,—,1590143,—,—,—,—
passenger (cruise),8124159,Zuli Liliana,Live,Colombia,—,2008,-2'gt,—,Single,—,2,—,—,"",—,—,—,—,—,—,—,—,—,Unknown Owners,—,—,—,Unknown Owners,—,Unknown Owners,—,Unknown Owners,—,Unknown Owners,—,—,—,—,—,—,—,—,—,—,—,1629334,—,—,—,—
passenger (cruise),812881,River Rouge,Live,Canada,402,1967,-2'gt,—,Single,—,450,—,Selkirk Machine Works Limited,Canada,37.80,—,9.14,9.14,3.41,—,—,—,Unknown Engine Designer,River Rouge Tours Limited,Canada,Winnipeg,—,River Rouge Tours Limited,Canada,River Rouge Tours Limited,Canada,River Rouge Tours Limited,Canada,River Rouge Tours Limited,Canada,—,—,—,—,—,—,—,—,—,—,—,—,130,200,12V396TB63
passenger (cruise),816656,Froysprint,Live,Norway (Int. Register),—,2007,-2'gt,—,Single,—,49,—,—,"",10.00,—,37.00,—,—,—,—,—,Unknown Engine Designer,Unknown Owners,—,—,—,Unknown Owners,—,Unknown Owners,—,Unknown Owners,—,Unknown Owners,—,—,—,—,—,—,—,—,—,—,—,—,257344700,—,—,UNKNOWN
passenger (cruise),816658,Nidarholm,Live,Norway (Int. Register),—,2007,-2'gt,—,Single,—,39,—,—,"",10.00,—,37.00,—,—,—,—,—,Unknown Engine Designer,Unknown Owners,—,—,—,Unknown Owners,—,Unknown Owners,—,Unknown Owners,—,Unknown Owners,—,—,—,—,—,—,—,—,—,—,—,—,257234800,—,—,UNKNOWN
passenger (cruise),816873,City Gamma,Live,U.K.,—,2007,-2'gt,—,Single,MZGF7,105,—,—,"",—,—,—,—,—,—,—,—,Unknown Engine Designer,City Cruises PLC,United Kingdom,—,—,City Cruises PLC,United Kingdom,City Cruises PLC,United Kingdom,City Cruises PLC,United Kingdom,City Cruises PLC,United Kingdom,—,—,—,—,—,—,—,—,—,—,—,235054917,78,105,4BT3.9
passenger (cruise),8212521,Brazil Maru,Live,China,5946,1954,10'-60'gt,9802,Single,—,10216,858,Mitsubishi Heavy Industries Limited Shipbuilding,Kobe,156.01,144.99,19.59,—,11.89,8.71,3.18,—,Unknown Engine Designer,MOL Cruises Limited,Japan,—,—,Mitsui O.S.K. Lines Limited (MOL),Japan,MOL Cruises Limited,Japan,Mitsui O.S.K. Lines (Passenger) Limited & Mitsui O.S.K. Lines Limited,Japan,MOL Cruises Limited,Japan,—,—,—,—,—,—,—,—,—,—,5050866,—,7308,9800,18V52/55
passenger (cruise),822596,Nautilus,Live,Norway (Int. Register),—,2007,-2'gt,—,Single,—,32,—,—,"",—,—,—,—,—,—,—,—,Unknown Engine Designer,Unknown Owners,—,—,—,Unknown Owners,—,Unknown Owners,—,Unknown Owners,—,Unknown Owners,—,—,—,—,—,—,—,—,—,—,—,—,257303800,—,—,UNKNOWN
passenger (cruise),8292347,Kinswell,Live,Belize,—,2002,-2'gt,—,Single,V3XH,264,—,—,China,51.00,—,—,6.50,—,—,—,—,Unknown Engine Designer,Kinswell Shipping Lines Incorporated,Philippines,Belize City,—,Kinswell Marine Limited,"Hong Kong, S.A.R., China",Kinswell Shipping Lines Incorporated,Philippines,Greenbrier Company Limited,"Hong Kong, S.A.R., China",Kinswell Shipping Lines Incorporated,Philippines,—,—,—,—,—,—,—,—,—,—,8994283,—,1796,2408,3516B-HDDITA
passenger (cruise),8307048,Victory,Live,Nigeria,67,2002,-2'gt,—,Single,5N20900,325,55,C & G Boat Works Incorporated,Bayou La Batre,41.69,—,—,29.00,12.10,—,—,—,Unknown Engine Designer,Unknown Owners,—,Lagos,—,Unknown Owners,—,Unknown Owners,—,United Geophysical Nigeria Limited,Nigeria,Graham Gulf Incorporated,United States of America,—,—,—,—,Graham Gulf Incorporated,United States of America,—,—,—,—,8975811,657265200,—,—,12V2000M70
passenger (cruise),8307185,Mission Tide,Live,U.S.A.,66,2001,-2'gt,—,Single,WDA3738,98,—,—,"",—,—,—,—,—,—,—,—,Unknown Engine Designer,Unknown Owners,—,New Orleans,—,Unknown Owners,—,Unknown Owners,—,Unknown Owners,—,Unknown Owners,—,—,—,—,—,—,—,—,—,—,—,—,366801710,—,—,UNKNOWN
passenger (cruise),8307214,Aialik Voyager,Live,U.S.A.,—,2007,-2'gt,20,Single,WDD6598,173,-,All American Marine,Bellingham,25.00,—,—,8.80,2.40,1.00,1.40,—,Caterpillar Incorporated,Kenai Fjords Tours,United States of America,Seward,—,Kenai Fjords Tours,United States of America,Kenai Fjords Tours,United States of America,Kenai Fjords Tours,United States of America,Kenai Fjords Tours,United States of America,—,—,—,—,—,—,—,—,—,—,9456525,367175070,1045,1421,C32
passenger (cruise),8307538,Tower I,Live,Egypt,600,2003,-2'gt,—,Single,—,982,852,United Engineers for Shipbuilding and Metallic Works Company,Giza,72.00,68.55,—,14.20,3.65,—,—,Caterpillar Incorporated,Caterpillar Incorporated,Tower Nile Cruise,Arab Republic of Egypt,Cairo,—,Tower Nile Cruise,Arab Republic of Egypt,Tower Nile Cruise,Arab Republic of Egypt,Tower Nile Cruise,Arab Republic of Egypt,Tower Nile Cruise,Arab Republic of Egypt,—,—,—,—,—,—,—,—,—,—,—,—,358,480,3408DITA
passenger (cruise),830794,Dona Esther Dos,Live,Colombia,—,2007,-2'gt,—,Single,—,4,—,—,"",—,—,—,—,—,—,—,—,—,Unknown Owners,—,—,—,Unknown Owners,—,Unknown Owners,—,Unknown Owners,—,Unknown Owners,—,—,—,—,—,—,—,—,—,—,—,2977489,—,—,—,—
passenger (cruise),8308085,Miss Linda,Live,Mexico,66,2008,-2'gt,—,Single,XCCF6,325,273,Freeport Shipbuilding & Marine Repair Incorporated,"",15.00,—,71.00,8.84,3.96,—,1.58,Cummins Limited,Unknown Engine Designer,Cornelius Offshore S de RL de CV,Mexico,Ciudad del Carmen,—,Cornelius Offshore S de RL de CV,Mexico,Cornelius Offshore S de RL de CV,Mexico,Cornelius Offshore S de RL de CV,Mexico,Cornelius Offshore S de RL de CV,Mexico,—,—,—,—,—,—,—,—,—,—,9556222,345070423,1007,1350,KTA38M2
passenger (cruise),830836,Ganimedes II,Live,Colombia,—,2007,-2'gt,—,Single,—,3,—,—,"",—,—,—,—,—,—,—,—,—,Unknown Owners,—,—,—,Unknown Owners,—,Unknown Owners,—,Unknown Owners,—,Unknown Owners,—,—,—,—,—,—,—,—,—,—,—,2983878,—,—,—,—
passenger (cruise),830936,Murano,Live,Colombia,—,2007,-2'gt,—,Single,—,5,—,—,"",—,—,—,—,—,—,—,—,—,Unknown Owners,—,—,—,Unknown Owners,—,Unknown Owners,—,Unknown Owners,—,Unknown Owners,—,—,—,—,—,—,—,—,—,—,—,—,—,—,—,—
passenger (cruise),830951,Nina Yuly,Live,Colombia,—,2007,-2'gt,—,Single,—,2,—,—,"",—,—,—,—,—,—,—,—,—,Unknown Owners,—,—,—,Unknown Owners,—,Unknown Owners,—,Unknown Owners,—,Unknown Owners,—,—,—,—,—,—,—,—,—,—,—,—,—,—,—,—
passenger (cruise),830988,Rosa Julia,Live,Colombia,—,2007,-2'gt,—,Single,—,2,—,—,"",—,—,—,—,—,—,—,—,—,Unknown Owners,—,—,—,Unknown Owners,—,Unknown Owners,—,Unknown Owners,—,Unknown Owners,—,—,—,—,—,—,—,—,—,—,—,—,—,—,—,—
passenger (cruise),830993,Rosalba,Live,Colombia,—,2007,-2'gt,—,Single,—,2,—,—,"",—,—,—,—,—,—,—,—,—,Unknown Owners,—,—,—,Unknown Owners,—,Unknown Owners,—,Unknown Owners,—,Unknown Owners,—,—,—,—,—,—,—,—,—,—,—,—,—,—,—,—
passenger (cruise),831015,Sura,Live,Colombia,—,2007,-2'gt,—,Single,—,3,—,—,"",—,—,—,—,—,—,—,—,—,Unknown Owners,—,—,—,Unknown Owners,—,Unknown Owners,—,Unknown Owners,—,Unknown Owners,—,—,—,—,—,—,—,—,—,—,—,—,—,—,—,—
passenger (cruise),8343077,Ranger,Live,U.S.A.,55,2006,-2'gt,25,Single,WDC9335,80,10064,Island Boats,"",26.00,—,8.00,4.18,2.80,—,—,—,Unknown Engine Designer,Unknown Owners,—,—,—,Unknown Owners,—,Unknown Owners,—,Unknown Owners,—,Unknown Owners,—,—,—,—,—,—,—,—,—,—,—,—,367100870,—,—,UNKNOWN
passenger (cruise),8343086,Sans Souci,Live,U.S.A.,63,1976,-2'gt,—,Single,WBB5017,93,1270,—,"",—,—,—,4.94,1.00,—,—,—,Unknown Engine Designer,Unknown Owners,—,—,—,Unknown Owners,—,Unknown Owners,—,Unknown Owners,—,Unknown Owners,—,—,—,—,—,—,—,—,—,—,—,—,367144530,—,—,UNKNOWN
passenger (cruise),835378,Arandu I,Live,Colombia,—,2007,-2'gt,—,Single,—,3,—,—,"",—,—,—,—,—,—,—,—,—,Unknown Owners,—,—,—,Unknown Owners,—,Unknown Owners,—,Unknown Owners,—,Unknown Owners,—,—,—,—,—,—,—,—,—,—,—,2964810,—,—,—,—
passenger (cruise),835605,Carmenita,Live,Colombia,—,2007,-2'gt,—,Single,—,2,—,—,"",—,—,—,—,—,—,—,—,—,Unknown Owners,—,—,—,Unknown Owners,—,Unknown Owners,—,Unknown Owners,—,Unknown Owners,—,—,—,—,—,—,—,—,—,—,—,—,—,—,—,—
passenger (cruise),835704,Dona Martha,Live,Colombia,—,2007,-2'gt,—,Single,—,3,—,—,"",—,—,—,—,—,—,—,—,—,Unknown Owners,—,—,—,Unknown Owners,—,Unknown Owners,—,Unknown Owners,—,Unknown Owners,—,—,—,—,—,—,—,—,—,—,—,2977714,—,—,—,—
passenger (cruise),835805,El Nino Cristian,Live,Colombia,—,2007,-2'gt,—,Single,—,3,—,—,"",—,—,—,—,—,—,—,—,—,Unknown Owners,—,—,—,Unknown Owners,—,Unknown Owners,—,Unknown Owners,—,Unknown Owners,—,—,—,—,—,—,—,—,—,—,—,2979736,—,—,—,—
passenger (cruise),835819,Enoc y Noe,Live,Colombia,—,2007,-2'gt,—,Single,—,2,—,—,"",—,—,—,—,—,—,—,—,—,Unknown Owners,—,—,—,Unknown Owners,—,Unknown Owners,—,Unknown Owners,—,Unknown Owners,—,—,—,—,—,—,—,—,—,—,—,2981131,—,—,—,—
passenger (cruise),835853,Islas del Rosario,Live,Colombia,—,2007,-2'gt,—,Single,—,115,—,—,"",—,—,—,—,—,—,—,—,—,Unknown Owners,—,—,—,Unknown Owners,—,Unknown Owners,—,Unknown Owners,—,Unknown Owners,—,—,—,—,—,—,—,—,—,—,—,2525585,—,78,105,4BT3.9
passenger (cruise),835945,Kapitan Anderson,Live,Colombia,—,2007,-2'gt,—,Single,—,4,—,—,"",—,—,—,—,—,—,—,—,—,Unknown Owners,—,—,—,Unknown Owners,—,Unknown Owners,—,Unknown Owners,—,Unknown Owners,—,—,—,—,—,—,—,—,—,—,—,2989822,—,—,—,—
passenger (cruise),836091,La Linda II,Live,Colombia,—,2007,-2'gt,—,Single,—,5,—,—,"",—,—,—,—,—,—,—,—,—,Unknown Owners,—,—,—,Unknown Owners,—,Unknown Owners,—,Unknown Owners,—,Unknown Owners,—,—,—,—,—,—,—,—,—,—,—,—,—,—,—,—
passenger (cruise),836092,La Paisa,Live,Colombia,—,2007,-2'gt,—,Single,—,2,—,—,"",—,—,—,—,—,—,—,—,—,Unknown Owners,—,—,—,Unknown Owners,—,Unknown Owners,—,Unknown Owners,—,Unknown Owners,—,—,—,—,—,—,—,—,—,—,—,2996162,—,—,—,—
passenger (cruise),836104,La Patrona,Live,Colombia,—,2007,-2'gt,—,Single,—,2,—,—,"",—,—,—,—,—,—,—,—,—,Unknown Owners,—,—,—,Unknown Owners,—,Unknown Owners,—,Unknown Owners,—,Unknown Owners,—,—,—,—,—,—,—,—,—,—,—,2996370,—,—,—,—
passenger (cruise),836140,Schwentine,Live,Germany,—,—,Unknown size,15,Single,DJNN,48,—,—,"",20.00,—,5.00,—,—,1.50,—,—,Unknown Engine Designer,Unknown Owners,—,—,—,Unknown Owners,—,Unknown Owners,—,Unknown Owners,—,Unknown Owners,—,—,—,—,—,—,—,—,—,—,—,—,211458210,—,—,UNKNOWN
passenger (cruise),836157,Marinera III,Live,Colombia,—,2007,-2'gt,—,Single,—,1,—,—,"",—,—,—,—,—,—,—,—,—,Unknown Owners,—,—,—,Unknown Owners,—,Unknown Owners,—,Unknown Owners,—,Unknown Owners,—,—,—,—,—,—,—,—,—,—,—,1604621,—,—,—,—
passenger (cruise),836172,Nena del Paraiso,Live,Colombia,—,2007,-2'gt,—,Single,—,2,—,—,"",—,—,—,—,—,—,—,—,—,Unknown Owners,—,—,—,Unknown Owners,—,Unknown Owners,—,Unknown Owners,—,Unknown Owners,—,—,—,—,—,—,—,—,—,—,—,1609889,—,—,—,—
passenger (cruise),836895,Alcatraz Express,Live,Colombia,—,2007,-2'gt,—,Single,—,7,—,—,"",—,—,—,—,—,—,—,—,—,Unknown Owners,—,—,—,Unknown Owners,—,Unknown Owners,—,Unknown Owners,—,Unknown Owners,—,—,—,—,—,—,—,—,—,—,—,2962111,—,—,—,—
passenger (cruise),836902,Altamar II,Live,Colombia,—,2007,-2'gt,—,Single,—,14,—,—,"",—,—,—,—,—,—,—,—,—,Unknown Owners,—,—,—,Unknown Owners,—,Unknown Owners,—,Unknown Owners,—,Unknown Owners,—,—,—,—,—,—,—,—,—,—,—,—,—,—,—,—
passenger (cruise),836924,Catalina de Indias,Live,Colombia,—,2007,-2'gt,—,Single,—,7,—,—,"",—,—,—,—,—,—,—,—,—,Unknown Owners,—,—,—,Unknown Owners,—,Unknown Owners,—,Unknown Owners,—,Unknown Owners,—,—,—,—,—,—,—,—,—,—,—,2970948,—,—,—,—
passenger (cruise),836936,Calena I,Live,Colombia,—,2007,-2'gt,—,Single,—,10,—,—,"",—,—,—,—,—,—,—,—,—,Unknown Owners,—,—,—,Unknown Owners,—,Unknown Owners,—,Unknown Owners,—,Unknown Owners,—,—,—,—,—,—,—,—,—,—,—,2968892,—,—,—,—
passenger (cruise),836990,Fantasia Caliente,Live,Colombia,—,2007,-2'gt,—,Single,—,7,—,—,"",—,—,—,—,—,—,—,—,—,Unknown Owners,—,—,—,Unknown Owners,—,Unknown Owners,—,Unknown Owners,—,Unknown Owners,—,—,—,—,—,—,—,—,—,—,—,2982240,—,—,—,—
passenger (cruise),837018,La Negra Eliza,Live,Colombia,—,2007,-2'gt,—,Single,—,3,—,—,"",—,—,—,—,—,—,—,—,—,Unknown Owners,—,—,—,Unknown Owners,—,Unknown Owners,—,Unknown Owners,—,Unknown Owners,—,—,—,—,—,—,—,—,—,—,—,2995182,—,—,—,—
passenger (cruise),837042,La Vivi,Live,Colombia,—,2007,-2'gt,—,Single,—,3,—,—,"",—,—,—,—,—,—,—,—,—,Unknown Owners,—,—,—,Unknown Owners,—,Unknown Owners,—,Unknown Owners,—,Unknown Owners,—,—,—,—,—,—,—,—,—,—,—,—,—,—,—,—
passenger (cruise),837107,Nemo,Live,Colombia,—,2007,-2'gt,—,Single,—,3,—,—,"",—,—,—,—,—,—,—,—,—,Unknown Owners,—,—,—,Unknown Owners,—,Unknown Owners,—,Unknown Owners,—,Unknown Owners,—,—,—,—,—,—,—,—,—,—,—,—,—,—,—,—
passenger (cruise),837120,Sensacion Ardiente,Live,Colombia,—,2007,-2'gt,—,Single,—,12,—,—,"",—,—,—,—,—,—,—,—,—,Unknown Owners,—,—,—,Unknown Owners,—,Unknown Owners,—,Unknown Owners,—,Unknown Owners,—,—,—,—,—,—,—,—,—,—,—,—,—,—,—,—
passenger (cruise),837155,Turquesa,Live,Colombia,—,2007,-2'gt,—,Single,—,8,—,—,"",—,—,—,—,—,—,—,—,—,Unknown Owners,—,—,—,Unknown Owners,—,Unknown Owners,—,Unknown Owners,—,Unknown Owners,—,—,—,—,—,—,—,—,—,—,—,—,—,—,—,—
passenger (cruise),837171,Yeiris Paola,Live,Colombia,—,2007,-2'gt,—,Single,—,3,—,—,"",—,—,—,—,—,—,—,—,—,Unknown Owners,—,—,—,Unknown Owners,—,Unknown Owners,—,Unknown Owners,—,Unknown Owners,—,—,—,—,—,—,—,—,—,—,—,—,—,—,—,—
passenger (cruise),837174,Yenasliana,Live,Colombia,—,2007,-2'gt,—,Single,—,1,—,—,"",—,—,—,—,—,—,—,—,—,Unknown Owners,—,—,—,Unknown Owners,—,Unknown Owners,—,Unknown Owners,—,Unknown Owners,—,—,—,—,—,—,—,—,—,—,—,—,—,—,—,—
passenger (cruise),849729,Whatcom Chief,Live,U.S.A.,47,1962,-2'gt,—,Single,WT4561,69,—,—,"",—,—,—,—,—,—,—,—,—,Whatcom County Public Works Department,United States of America,Seattle,—,Whatcom County Public Works Department,United States of America,Whatcom County Public Works Department,United States of America,Whatcom County Public Works Department,United States of America,Whatcom County Public Works Department,United States of America,—,—,—,—,—,—,—,—,—,—,—,—,—,—,—
passenger (cruise),8551664,Bay Mist,Live,U.S.A.,64,1985,-2'gt,—,Single,WSL8988,95,—,Blount Marine Corporation,Warren(USA),—,—,—,—,—,—,—,—,—,Casco Bay Lines,United States of America,Portland,—,Casco Bay Lines,United States of America,Casco Bay Lines,United States of America,Casco Bay Lines,United States of America,Casco Bay Lines,United States of America,—,—,—,—,—,—,—,—,—,—,—,—,—,—,—
passenger (cruise),8576122,Safari Escape,Live,U.S.A.,45,1983,-2'gt,—,Single,—,151,—,—,"",—,—,—,—,—,—,—,—,—,Safari Escape Charters LLC,United States of America,Petersburg,—,Safari Escape Charters LLC,United States of America,Safari Escape Charters LLC,United States of America,Safari Escape Charters LLC,United States of America,Safari Escape Charters LLC,United States of America,—,—,—,—,—,—,—,—,—,—,—,—,158,212,3306PCTA
passenger (cruise),8618186,El Dorado,Live,Liberia,175,2008,-2'gt,—,Single,A8PO9,584,—,—,"",—,—,—,21.94,2.44,—,—,—,Unknown Engine Designer,Hururu Marine Limited,Liberia,Monrovia,—,Hururu Marine Limited,Liberia,Hururu Marine Limited,Liberia,Hururu Marine Limited,Liberia,Hururu Marine Limited,Liberia,—,—,—,—,—,—,—,—,—,—,—,636013804,—,—,16V4000M70
passenger (cruise),8865337,Krila Braca,Dead,Croatia,45,1982,-2'gt,—,Single,—,121,—,Zavod im. Ordzhonikidze,Poti,35.18,—,—,6.00,—,3.68,—,—,Unknown Engine Designer,—,—,Dubrovnik,—,—,—,—,—,—,—,—,—,—,—,—,—,—,—,—,—,—,—,8332681,—,772,1050,ID36SS12V
passenger (cruise),8865585,Krila Hvara,Dead,Croatia,45,1982,-2'gt,—,Single,—,121,—,Zavod im. Ordzhonikidze,Poti,35.18,—,—,6.00,—,3.68,—,—,Unknown Engine Designer,—,—,Dubrovnik,—,—,—,—,—,—,—,—,—,—,—,—,—,—,—,—,—,—,—,8332667,—,1970,2676,ID36SS12V
passenger (cruise),8889076,Spiaggia Rosa,Live,Italy,11,1976,-2'gt,7,Single,ITDM,24,—,Cantiere Navale di Foschi S.p.A,Cesenatico,—,21.45,—,4.85,1.94,0.86,1.08,Iveco Motors,Iveco Motors,Unknown Owners,—,La Maddalena,—,Unknown Owners,—,Unknown Owners,—,Unknown Owners,—,Unknown Owners,—,—,—,—,—,—,—,—,—,—,—,—,247246200,64,86,8361SM21
passenger (cruise),8920041,Regina Calixta 2,Live,Philippines,—,1981,-2'gt,—,Single,—,289,466,Nakatani Shipbuilding Company Limited,Nomi,42.55,37.50,10.49,9.11,3.10,2.32,0.78,Daihatsu Diesel Manufacturing Company Limited,Daihatsu Diesel Manufacturing Company Limited,Regina Shipping Lines,Philippines,Legaspi,—,Regina Shipping Lines,Philippines,Regina Shipping Lines,Philippines,Regina Shipping Lines,Philippines,Regina Shipping Lines,Philippines,—,—,—,—,—,—,—,—,—,—,8014576,—,699,950,6PSHTCM-26E
passenger (cruise),8934301,Agios Athanasios,Live,Greece,198,1979,-2'gt,50,Single,SVA7872,659,34,Proteus Z. Vassiliadis Bros. Nafpigiki Limited,Ambelaki,51.01,—,—,12.11,3.71,—,—,—,Unknown Engine Designer,Agios Nikolaos - Salamina Shipping Company,Greece,Piraeus,—,Agios Nikolaos - Salamina Shipping Company,Greece,Agios Nikolaos - Salamina Shipping Company,Greece,Osios David Coastal Maritime Company,Greece,Agios Nikolaos - Salamina Shipping Company,Greece,—,—,—,—,—,—,—,—,—,—,7813652,240061100,309,840,3406PCTA
passenger (cruise),8970484,VD Pena Francia III,Live,Philippines,—,1997,-2'gt,—,Single,DUE2913,196,9724,Dongyang Shipbuilding Company Limited,Mokpo,54.00,—,11.00,—,—,2.30,—,—,Unknown Engine Designer,Viva Shipping Lines Incorporated,Philippines,—,—,Viva Shipping Lines Incorporated,Philippines,Viva Shipping Lines Incorporated,Philippines,Viva Shipping Lines Incorporated,Philippines,Viva Shipping Lines Incorporated,Philippines,—,—,—,—,—,—,—,—,—,—,9177210,—,380,510,8LAA-UTE
passenger (cruise),8970891,Atlantis II,Dead,Panama,—,1956,-2'gt,92,Single,—,407,43,Jadewerft Wilhelmshaven GmbH,Wilhelmshaven,52.86,47.20,7.42,7.40,2.75,2.08,0.67,—,Deutz MWM AG,Deckmann,—,Panama,—,—,—,—,—,—,—,—,—,—,—,—,—,—,—,—,—,—,—,5029740,—,883,1200,TB16RS18/22
passenger (cruise),8991141,Galaxy,Live,Ecuador,84,2007,-2'gt,—,Single,HC4854,255,-,Star Service SA,Guayaquil,35.40,—,7.60,7.40,3.42,2.30,1.12,Caterpillar Incorporated,Unknown Engine Designer,Unknown Owners,—,—,—,Unknown Owners,—,Unknown Owners,—,Galapagos Maritime Agents,Ecuador,Unknown Owners,—,—,—,—,—,—,—,—,—,—,—,9465148,735057983,324,440,3412
passenger (cruise),8997552,Lovis,Live,Germany,—,2008,Unknown size,—,Single,DMMF,—,—,—,"",—,—,—,—,—,—,—,—,—,Unknown Owners,—,—,—,Unknown Owners,—,Unknown Owners,—,Unknown Owners,—,Unknown Owners,—,—,—,—,—,—,—,—,—,—,—,—,211748000,—,—,—
passenger (cruise),9002065,Queen Elizabeth,Live,Bermuda,47263,2010,60'-100'gt,7685,Single,ZCEF2,90901,6187,Fincantieri-Cantieri Navali Italiani S.p.A. Monfalcone,Monfalcone,293.83,265.30,—,32.20,10.80,10.80,0.00,—,Mak Motoren GmbH & Company KG,Carnival plc,United Kingdom,Hamilton,—,Carnival Corporation,United States of America,Carnival plc,United Kingdom,Carnival plc,United Kingdom,Carnival plc,United Kingdom,—,—,—,—,Carnival plc,United Kingdom,Unknown,Unknown,Unknown Scrubber Manufacturer,—,9477438,310625000,15076,20217,12M43C
passenger (cruise),9071633,Neil Henly,Live,U.S.A.,74,1967,-2'gt,30,Single,WDH5106,99,-,Blount Marine Corporation,Warren(USA),21.58,—,—,8.23,2.68,—,—,—,Unknown Engine Designer,Washington State Department of Corrections,United States of America,Steilacoom,—,Washington State Department of Corrections,United States of America,Washington State Department of Corrections,United States of America,McNeil Island Corrections Center,United States of America,Washington State Department of Corrections,United States of America,—,—,—,—,—,—,—,—,—,—,—,366988940,—,—,UNKNOWN
passenger (cruise),9085982,Costa Favolosa,Live,Italy,—,2011,100'-150'gt,10000,Single,ICPK,113307,6188,Fincantieri-Cantieri Navali Italiani S.p.A. Venice,Venice,289.65,247.70,35.50,35.50,14.18,8.30,5.88,—,Wartsila Corporation,Costa Crociere S.p.A.,Italy,Genoa,—,Carnival Corporation,United States of America,Costa Crociere S.p.A.,Italy,Costa Crociere S.p.A.,Italy,Carnival Maritime GmbH,Germany,—,—,—,—,Carnival Maritime GmbH,Germany,Unknown,Unknown,Unknown Scrubber Manufacturer,—,9479852,247311100,12599,17130,12V26
passenger (cruise),9086196,Costa Fascinosa,Live,Italy,—,2012,100'-150'gt,10000,Single,ICPO,113321,C6189,Fincantieri-Cantieri Navali Italiani S.p.A. Venice,Venice,289.58,—,—,35.50,14.18,8.30,5.88,Wartsila Corporation,Wartsila Corporation,Costa Crociere S.p.A.,Italy,Genoa,—,Carnival Corporation,United States of America,Costa Crociere S.p.A.,Italy,Costa Crociere S.p.A.,Italy,Carnival Maritime GmbH,Germany,—,—,—,—,Carnival Maritime GmbH,Germany,Unknown,Unknown,kpPlast,—,9479864,247313500,21000,21000,12V46
passenger (cruise),9095858,Nekton Rorqual,Live,U.S.A.,64,2001,-2'gt,—,Single,WDB6289,94,-,Gulf County Shipbuilding Incorporated,Port St. Joe,22.83,—,—,12.19,5.67,—,—,—,Unknown Engine Designer,Nekton Diving Cruises LLC,United States of America,Fort Lauderdale,—,Nekton Diving Cruises LLC,United States of America,Nekton Diving Cruises LLC,United States of America,Nekton Diving Cruises LLC,United States of America,Nekton Diving Cruises LLC,United States of America,—,—,—,—,—,—,—,—,—,—,—,367713000,—,—,UNKNOWN
passenger (cruise),9101235,Kongen,Live,Norway,364,2009,-2'gt,150,Single,LCDE,1125,834,STX France Lorient SAS,St. Nazaire,49.80,48.60,12.60,12.10,5.25,3.50,1.75,—,Unknown Engine Designer,Norled AS,Norway,Stavanger,—,Nanoq Newco AS,Norway,Norled AS,Norway,Norled AS,Norway,Norled AS,Norway,—,—,—,—,Norled AS,Norway,—,—,—,—,9481166,258509000,1656,2252,KTA-38-M1
passenger (cruise),9101469,Dronningen,Live,Norway,364,2009,-2'gt,150,Single,LCDF,1125,835,STX France Lorient SAS,Lorient,49.80,48.60,12.60,12.10,5.25,3.50,1.75,—,Unknown Engine Designer,Norled AS,Norway,Stavanger,—,Nanoq Newco AS,Norway,Norled AS,Norway,Norled AS,Norway,Norled AS,Norway,—,—,—,—,Norled AS,Norway,—,—,—,—,9481192,257249000,414,563,KTA-38-M1
passenger (cruise),9133521,Talesap,Live,Thailand,77,2006,-2'gt,—,Single,—,148,-,PSP Marine Company Limited,Samut Sakhon,39.50,—,11.00,—,3.00,—,—,—,Unknown Engine Designer,Imperial Grand Transport Company Limited,Thailand,Bangkok,—,Imperial Grand Transport Company Limited,Thailand,Imperial Grand Transport Company Limited,Thailand,Imperial Grand Transport Company Limited,Thailand,Imperial Grand Transport Company Limited,Thailand,—,—,—,—,—,—,—,—,—,—,9482976,—,470,640,4BT3.9
passenger (cruise),9133935,Andaman Princess Resort,Live,Thailand,114,2006,-2'gt,—,Single,—,280,-,Mits Decisions Company Limited,Samut Sakhon,36.60,35.00,6.80,—,3.20,—,—,—,Unknown Engine Designer,Korkhokao Golden Resort Company Limited,Thailand,Bangkok,—,Korkhokao Golden Resort Company Limited,Thailand,Korkhokao Golden Resort Company Limited,Thailand,Korkhokao Golden Resort Company Limited,Thailand,Korkhokao Golden Resort Company Limited,Thailand,—,—,—,—,—,—,—,—,—,—,9482988,—,1119,1521,4BT3.9
passenger (cruise),9163993,New Florida Girl,Live,U.S.A.,67,1970,-2'gt,—,Single,WBT2356,99,37,A.W. Covacevich Shipyard Incorporated,Biloxi,—,26.50,7.80,—,2.00,—,—,—,—,James T. Westbrook,United States of America,—,—,James T. Westbrook,United States of America,James T. Westbrook,United States of America,James T. Westbrook,United States of America,James T. Westbrook,United States of America,—,—,—,—,—,—,—,—,—,—,—,—,—,—,—
passenger (cruise),9194987,MSC Divina,Live,Panama,115732,2012,100'-150'gt,12199,Single,3FFA5,139072,U32,Chantiers de l'Atlantique,St. Nazaire,333.33,296.00,—,37.92,66.81,8.65,58.16,Wartsila Corporation,Wartsila Corporation,MSC Crociere (Mediterranean Shipping Cruises) S.p.A.,Italy,Panama,—,Mediterranean Shipping Company S.A. (MSC),Switzerland,MSC Crociere (Mediterranean Shipping Cruises) S.p.A.,Italy,Compania Naviera Meraviglia S.A.,Panama,MSC Cruise Management (UK) Limited,United Kingdom,—,—,—,—,MSC Cruise Management (UK) Limited,United Kingdom,—,—,—,—,9585285,373178000,16800,22529,16V46CR
passenger (cruise),9199795,Sapele,Live,U.K.,—,2006,-2'gt,—,Single,MNGH8,208,—,—,Netherlands,34.00,—,—,7.25,—,—,—,—,Unknown Engine Designer,Crown River Cruises Limited,United Kingdom,—,—,Crown River Cruises Limited,United Kingdom,Crown River Cruises Limited,United Kingdom,Crown River Cruises Limited,United Kingdom,Crown River Cruises Limited,United Kingdom,—,—,—,—,—,—,—,—,—,—,8664412,235054851,373,500,3508DITA
passenger (cruise),9199796,Sarah Kathleen,Live,U.K.,—,—,-2'gt,12,Single,MMED7,39,—,—,"",—,—,—,—,—,—,—,—,Unknown Engine Designer,Crown River Cruises Limited,United Kingdom,—,—,Crown River Cruises Limited,United Kingdom,Crown River Cruises Limited,United Kingdom,Crown River Cruises Limited,United Kingdom,Crown River Cruises Limited,United Kingdom,—,—,—,—,—,—,—,—,—,—,—,235055651,—,—,UNKNOWN
passenger (cruise),9239724,London Belle,Live,U.K.,—,—,-2'gt,—,Single,MFCF9,56,—,—,"",21.00,—,6.00,—,—,1.00,—,—,Unknown Engine Designer,London Party Boats Limited,United Kingdom,—,—,London Party Boats Limited,United Kingdom,London Party Boats Limited,United Kingdom,London Party Boats Limited,United Kingdom,London Party Boats Limited,United Kingdom,—,—,—,—,—,—,—,—,—,—,—,235058488,—,—,UNKNOWN
passenger (cruise),925697,Helena Elisabeth,Live,Sweden,—,1983,-2'gt,—,Single,SFEH,113,—,—,"",23.00,—,6.00,—,—,—,—,—,Unknown Engine Designer,Government of The Kingdom of Sweden,Sweden,—,—,Government of The Kingdom of Sweden,Sweden,Government of The Kingdom of Sweden,Sweden,Government of The Kingdom of Sweden,Sweden,Government of The Kingdom of Sweden,Sweden,—,—,—,—,—,—,—,—,—,—,8314110,265528060,280,375,ID36SS12V
passenger (cruise),9284242,Lady Anne,Live,Netherlands,—,1903,-2'gt,—,Single,PF4408,99,—,—,"",—,—,—,—,—,—,—,—,—,Unknown Owners,—,—,—,Unknown Owners,—,Unknown Owners,—,Unknown Owners,—,Unknown Owners,—,The River Cruise Line,United Kingdom,—,—,—,—,—,—,—,—,—,244700841,—,—,—
passenger (cruise),9289733,Theodoros-Maria Z.,Dead,Belize,144,1976,-2'gt,—,Single,—,479,-,Th. Zervas & Sons,Perama,61.50,61.50,—,15.10,2.60,1.95,0.65,—,"Baudouin, Societe des Moteurs",THMS,—,Belize City,—,—,—,—,—,—,—,—,—,—,—,—,—,—,—,—,—,—,—,8969082,—,1059,1440,12P15.2SR
passenger (cruise),9325533,Satun 1,Live,Thailand,—,2008,Unknown size,—,Single,—,—,—,—,"",—,—,—,—,—,—,—,—,—,Unknown Owners,—,—,—,Unknown Owners,—,Unknown Owners,—,Unknown Owners,—,Unknown Owners,—,—,—,—,—,—,—,—,—,—,—,—,—,—,—,—
passenger (cruise),9339013,Ofararen,Live,Sweden,—,1979,Unknown size,—,Single,SGBH,—,—,Fjellstrand Aluminium,Omastrand,16.50,—,5.45,—,—,1.35,—,—,Unknown Engine Designer,Dalaro Sjotransporter,Sweden,—,—,Dalaro Sjotransporter,Sweden,Dalaro Sjotransporter,Sweden,Dalaro Sjotransporter,Sweden,Dalaro Sjotransporter,Sweden,—,—,—,—,—,—,—,—,—,—,—,265521240,—,—,UNKNOWN
passenger (cruise),9345204,Cruzeiro das Ilhas,Live,Azores,131,1987,-2'gt,45,Single,CSVK,223,168,Estaleiros Sao Jacinto S.A,Aveiro,32.60,28.50,7.74,—,3.30,2.20,1.10,Cummins Incorporated,Cummins Incorporated,Unknown Owners,—,Horta,—,Unknown Owners,—,Unknown Owners,—,Government of The Azores (Regiao Autonoma dos Acores) (Direccao Regional dos Transportes),Azores,Unknown Owners,—,—,—,—,—,—,—,—,—,—,—,8616001,204701240,368,500,KTA-19
passenger (cruise),9346927,Millennium of Peace,Live,U.K.,—,1999,-2'gt,—,Single,MZSJ6,270,—,—,"",29.00,—,10.00,—,—,2.80,—,—,Unknown Engine Designer,City Cruises PLC,United Kingdom,—,—,City Cruises PLC,United Kingdom,City Cruises PLC,United Kingdom,City Cruises PLC,United Kingdom,City Cruises PLC,United Kingdom,—,—,—,—,—,—,—,—,—,—,—,235052119,—,—,NTA-855-M
passenger (cruise),9354322,Madam,Live,Sweden,34,1996,-2'gt,40,Single,SDUZ,130,1155,Boghammar International AB,Sweden,29.00,—,6.40,—,1.20,—,—,Scania (Sweden),SAAB-Scania A/B,Madam Rederi AB,Sweden,—,—,Madam Rederi AB,Sweden,Madam Rederi AB,Sweden,Madam Rederi AB,Sweden,Madam Rederi AB,Sweden,—,—,—,—,—,—,—,—,—,—,9038581,265502100,272,370,DSI11
passenger (cruise),9374865,SANTAMARIA,Live,Japan,—,—,-2'gt,103,Single,JI3409,566,—,—,"",49.59,—,12.00,—,5.30,2.60,2.70,—,Niigata Shipbuilding & Repair Incorporated,Unknown Owners,—,—,—,Unknown Owners,—,Unknown Owners,—,Unknown Owners,—,Unknown Owners,—,—,—,—,—,—,—,—,—,—,—,9004011,431000619,—,—,6L22HX
passenger (cruise),9404745,William Pitt F90,Live,Canada,62,1986,-2'gt,—,Single,—,208,—,Custom Fabricators & Machinists,Saint John(CAN),34.93,—,—,14.00,2.30,—,—,—,—,Government of Canada,Canada,Saint John,—,Government of Canada,Canada,Government of Canada,Canada,Ministry of Transport for the Province of New Brunswick,Canada,Government of Canada,Canada,—,—,—,—,—,—,—,—,—,—,—,—,130,174,12V396TB63
passenger (cruise),9416145,Kanaris,Live,Greece,299,1979,-2'gt,250,Single,SV5121,733,718,Hellenic General Enterprises Company Limited,Perama,46.61,35.01,11.51,11.51,2.72,1.80,0.92,Caterpillar Incorporated,Caterpillar Incorporated,Daeira I Shipping Company Antiriou,Greece,Piraeus,—,Daeira I Shipping Company Antiriou,Greece,Daeira I Shipping Company Antiriou,Greece,Daeira I Shipping Company Antiriou,Greece,Daeira I Shipping Company Antiriou,Greece,—,—,—,—,—,—,—,—,—,—,7824493,237081400,404,550,3406PCTA
passenger (cruise),9423061,Mystic Sea,Live,U.S.A.,61,1967,-2'gt,28,Single,WDJ5720,90,—,Breaux Bay Craft Incorporated,Homer,85.00,—,25.00,—,—,3.30,—,—,Unknown Engine Designer,Alaskan Pacific Fisheries Corporation,United States of America,—,—,Alaskan Pacific Fisheries Corporation,United States of America,Alaskan Pacific Fisheries Corporation,United States of America,Alaskan Pacific Fisheries Corporation,United States of America,Alaskan Pacific Fisheries Corporation,United States of America,—,—,—,—,—,—,—,—,—,—,—,367114690,—,—,UNKNOWN
passenger (cruise),9433056,Creole Queen,Live,U.S.A.,275,1983,-2'gt,—,Single,WRC5373,397,1103,VT Halter Marine,"",—,—,—,—,—,5.90,—,—,Unknown Engine Designer,Unknown Owners,—,New Orleans,—,Unknown Owners,—,Unknown Owners,—,Unknown Owners,—,Unknown Owners,—,—,—,—,—,—,—,—,—,—,—,—,367309210,—,—,3306PCTA
passenger (cruise),9471196,Cumberland,Live,U.S.A.,68,2000,-2'gt,—,Single,WXG6562A,94,703,Eastern Shipbuilding Group Incorporated,Panama City(USA),63.61,—,—,12.95,3.81,—,—,—,Unknown Engine Designer,Lake Champlain Transportation Company,United States of America,Burlington,—,Lake Champlain Transportation Company,United States of America,Lake Champlain Transportation Company,United States of America,Lake Champlain Transportation Company,United States of America,Lake Champlain Transportation Company,United States of America,—,—,—,—,—,—,—,—,—,—,—,—,—,—,UNKNOWN
passenger (cruise),9573140,Viva Ruby,Live,Switzerland,—,2002,Unknown size,—,Single,HE7146,—,—,"Verolme Scheepswerf Heusden B.V. - NO LONGER BUILDERS, NOW SEE SCHEEPSWERF DE HOOP HEUSDEN B.V.",Netherlands,80.00,—,19.00,—,—,22.00,—,—,Unknown Engine Designer,Unknown Owners,—,—,—,Unknown Owners,—,Unknown Owners,—,Unknown Owners,—,Unknown Owners,—,—,—,—,—,—,—,—,—,—,—,8665557,269057146,—,—,UNKNOWN
passenger (cruise),9579667,Westward,Live,U.S.A.,58,1924,-2'gt,—,Single,WDD4133,112,-,J.A. Maetinolich Shipbuilding,U.S.A.,—,—,—,—,—,—,—,—,Unknown Engine Designer,Pacific Catalyst Expeditions LLC,United States of America,Seattle,—,Pacific Catalyst Expeditions LLC,United States of America,Pacific Catalyst Expeditions LLC,United States of America,Pacific Catalyst Expeditions LLC,United States of America,Pacific Catalyst Expeditions LLC,United States of America,—,—,—,—,—,—,—,—,—,—,—,367583000,—,—,3306PCTA
passenger (cruise),9595223,Verdi,Live,Germany,—,2001,-2'gt,—,Single,DC5388,170,—,—,Hardinxveld,114.00,—,11.00,—,—,1.70,—,—,Unknown Engine Designer,SijFa Cruises B.V.,Netherlands,—,—,SijFa Cruises B.V.,Netherlands,SijFa Cruises B.V.,Netherlands,SijFa Cruises B.V.,Netherlands,SijFa Cruises B.V.,Netherlands,—,—,—,—,—,—,—,—,—,—,—,211162220,78,105,4BT3.9
passenger (cruise),9604236,Rosa Paluka,Live,Germany,—,1964,-2'gt,6,Single,DDAN,20,—,—,Unknown,15.18,—,—,4.55,—,1.50,—,—,Unknown Engine Designer,Unknown Owners,—,—,—,Unknown Owners,—,Unknown Owners,—,Unknown Owners,—,Unknown Owners,—,—,—,—,—,—,—,—,—,—,—,—,211224820,—,—,UNKNOWN
passenger (cruise),9610359,Scenic Ruby,Live,Switzerland,—,2009,2'-10'gt,—,Single,HA2278,2721,—,—,"",12.00,—,7.00,—,—,1.70,—,—,Unknown Engine Designer,Scenic Tours Europe AG,Switzerland,—,—,Scenic Tours Proprietary Limited,Australia,Scenic Tours Europe AG,Switzerland,MS Scenic Ruby AG,Switzerland,Scenic Tours Europe AG,Switzerland,—,—,—,—,—,—,—,—,—,—,8338506,269057294,2102,2819,3516TA
passenger (cruise),9636589,Rheinenergie,Live,Malta,989,2004,-2'gt,—,Single,9HXT9,1316,—,Scheepswerf de Hoop Lobith B.V.,Lobith,90.00,—,—,20.00,1.65,—,—,—,Unknown Engine Designer,Unknown Owners,—,Valletta,—,Unknown Owners,—,Unknown Owners,—,Unknown Owners,—,Unknown Owners,—,—,—,—,—,—,—,—,—,—,—,8338673,249795000,697,935,KTA-38-M1
passenger (cruise),9638841,Godesburg,Live,Malta,608,1994,-2'gt,—,Single,9HXM9,912,—,Handel Industrie en Scheepvaartmaatschappij 'de Hoop' BV,Lobith,66.00,—,—,11.40,—,—,—,—,Unknown Engine Designer,Unknown Owners,—,Valletta,—,Unknown Owners,—,Unknown Owners,—,Unknown Owners,—,Unknown Owners,—,—,—,—,—,—,—,—,—,—,—,8338661,249786000,266,357,S6R2-MPTA
passenger (cruise),9638842,Asbach,Live,Malta,604,1996,-2'gt,—,Single,9HXP9,906,—,—,Lobith,68.00,—,—,11.40,1.15,—,—,—,Unknown Engine Designer,Unknown Owners,—,Valletta,—,Unknown Owners,—,Unknown Owners,—,Unknown Owners,—,Unknown Owners,—,—,—,—,—,—,—,—,—,—,—,—,249790000,224,300,3406TA
passenger (cruise),9638843,Jan Von Werth,Live,Malta,327,1992,-2'gt,—,Single,9HXN9,491,—,Handel Industrie en Scheepvaartmaatschappij 'de Hoop' BV,Lobith,40.00,—,—,7.80,—,—,—,—,Unknown Engine Designer,Unknown Owners,—,Valletta,—,Unknown Owners,—,Unknown Owners,—,Unknown Owners,—,Unknown Owners,—,—,—,—,—,—,—,—,—,—,—,—,249787000,304,408,3196DITA
passenger (cruise),9638947,Heinrich Heine,Live,Malta,172,1969,-2'gt,—,Single,9HX09,258,—,—,Unknown,37.00,—,—,6.50,—,—,—,—,Unknown Engine Designer,Unknown Owners,—,Valletta,—,Unknown Owners,—,Unknown Owners,—,Unknown Owners,—,Unknown Owners,—,—,—,—,—,—,—,—,—,—,—,—,249788000,78,105,4BT3.9
passenger (cruise),9641782,Aidasol,Live,Italy,45123,2011,60'-100'gt,7892,Single,ICPE,71304,S689,Meyer Werft GmbH (Dormant),Papenburg,253.33,225.00,—,32.20,9.30,7.30,2.00,Caterpillar Incorporated,Mak Motoren GmbH & Company KG,Costa Crociere S.p.A.,Italy,Genoa,—,Carnival Corporation,United States of America,Costa Crociere S.p.A.,Italy,Costa Crociere S.p.A.,Italy,Carnival Maritime GmbH,Germany,Aida Cruises German Branch of Costa Crociere SpA,Germany,—,—,Carnival Maritime GmbH,Germany,—,—,—,—,9490040,247302900,7650,10401,9M43
passenger (cruise),9641784,AIDAmar,Live,Italy,45123,2012,60'-100'gt,7758,Single,ICSJ,71304,S690,Meyer Werft GmbH (Dormant),Papenburg,253.22,225.00,—,32.20,9.30,7.30,2.00,Caterpillar Motoren GmbH & Company KG,Mak Motoren GmbH & Company KG,Costa Crociere S.p.A.,Italy,Genoa,—,Carnival Corporation,United States of America,Costa Crociere S.p.A.,Italy,Costa Crociere S.p.A.,Italy,Carnival Maritime GmbH,Germany,Aida Cruises German Branch of Costa Crociere SpA,Germany,—,—,Carnival Maritime GmbH,Germany,Unknown,Unknown,Ecospray Technologies S.r.l.,Retrofit,9490052,247312900,7650,10401,9M43
passenger (cruise),9644516,King,Live,Finland,43,1983,-2'gt,20,Single,OG8391,124,20,"Ilyichyovskiy Sudoremontnyy Zavod im. ""50-letiya SSSR""",Chornomorsk,28.71,27.00,—,6.35,2.49,1.48,1.01,Barnaultransmash Holding Company Joint Stock Company,Barnaultransmash Holding Company Joint Stock Company,Royal Line O/Y,Finland,Helsinki,—,Royal Line O/Y,Finland,Royal Line O/Y,Finland,Royal Line O/Y,Finland,Royal Line O/Y,Finland,—,—,—,—,—,—,—,—,—,—,8134998,230112360,110,150,3D6C
passenger (cruise),9657323,St Pauli,Live,Germany,—,1959,Unknown size,—,Single,DH2500,—,—,—,"",—,—,—,—,—,—,—,—,Unknown Engine Designer,Unknown Owners,—,—,—,Unknown Owners,—,Unknown Owners,—,Unknown Owners,—,Unknown Owners,—,—,—,—,—,—,—,—,—,—,—,—,211257820,—,—,UNKNOWN
passenger (cruise),9665499,Ile d'Anjouan,Dead,Unknown,—,—,Unknown size,—,Single,—,—,—,—,"",—,—,—,—,—,—,—,—,—,—,—,—,—,—,—,—,—,—,—,—,—,—,—,—,—,—,—,—,—,—,—,—,—,—,—,—
passenger (cruise),9709198,Carnival Breeze,Live,Panama,128052,2012,100'-150'gt,10250,Single,3FZO8,128052,6201,Fincantieri-Cantieri Navali Italiani S.p.A. Monfalcone,Monfalcone,306.00,—,—,37.20,—,8.20,—,Fincantieri-Cantieri Navali Italiani S.p.A.,Wartsila Corporation,Carnival Corporation (Carnival Cruise Line),United States of America,Panama,—,Carnival Corporation,United States of America,Carnival Corporation (Carnival Cruise Line),United States of America,Carnival Corporation (Carnival Cruise Line),United States of America,Carnival Corporation (Carnival Cruise Line),United States of America,—,—,—,—,Carnival Corporation (Carnival Cruise Line),United States of America,Unknown,Unknown,Unknown Scrubber Manufacturer,—,9555723,354842000,10710,14561,12V46
passenger (cruise),9713249,Celebrity Reflection,Live,Malta,92408,2012,100'-150'gt,9500,Double Bottom,9HA3047,125366,691,Meyer Werft GmbH (Dormant),Papenburg,319.00,293.70,—,37.40,11.30,8.60,2.70,MAN Energy Solutions SE,MAN Energy Solutions SE,Celebrity Cruises Incorporated,United States of America,Valletta,—,Royal Caribbean Cruises Limited (RCL),United States of America,Celebrity Cruises Incorporated,United States of America,Celebrity Reflection Incorporated,Liberia,Celebrity Cruises Incorporated,United States of America,—,—,—,—,Celebrity Cruises Incorporated,United States of America,Unknown,Unknown,Unknown Scrubber Manufacturer,Retrofit,9506459,229074000,14280,19415,14V48/60CR
passenger (cruise),9718942,Valerian Kuybyshev,Live,Russia,—,1975,Unknown size,3935,Single,—,—,—,Slovenske Lodenice Komarno A.S.,Komarno,135.75,126.45,16.80,16.00,—,—,—,—,Unknown Engine Designer,Volga-Don Joint Stock Shipping Company,Russian Federation,—,—,Volga-Don Joint Stock Shipping Company,Russian Federation,Volga-Don Joint Stock Shipping Company,Russian Federation,Volga-Don Joint Stock Shipping Company,Russian Federation,Volga-Don Joint Stock Shipping Company,Russian Federation,—,—,—,—,—,—,—,—,—,—,—,—,2000,2681,K6Z57/80C
passenger (cruise),9729172,Islas Ficas,Dead,Spain,182,1968,-2'gt,—,Single,—,213,76,Maritima del Musel S.A.,Gijon,33.86,30.00,—,7.60,3.65,2.68,0.97,"Baudouin, Societe des Moteurs",Unknown Engine Designer,—,—,Vigo,—,—,—,—,—,—,—,—,—,—,—,—,—,—,—,—,—,—,—,6618598,—,294,400,UNKNOWN
passenger (cruise),9731817,River Rhapsody,Live,Malta,—,1999,Unknown size,—,Single,9HEY9,—,—,—,"",110.00,—,11.00,—,—,1.60,—,—,Unknown Engine Designer,Unknown Owners,—,Valletta,—,Unknown Owners,—,Unknown Owners,—,Unknown Owners,—,Unknown Owners,—,—,—,—,—,—,—,—,—,—,—,—,256894000,—,—,UNKNOWN
passenger (cruise),9733422,Diana,Live,Sweden,—,1931,-2'gt,—,Single,—,289,—,AB Finnboda,Stockholm,31.56,—,—,6.79,2.82,—,—,—,SAAB-Scania A/B,Stromma Turism & Sjofart AB,Sweden,—,—,Stromma Turism & Sjofart AB,Sweden,Stromma Turism & Sjofart AB,Sweden,Stromma Turism & Sjofart AB,Sweden,Stromma Turism & Sjofart AB,Sweden,—,—,—,—,—,—,—,—,—,—,8634120,—,338,453,DSI11
passenger (cruise),9748166,Roaz Corvineiro,Live,Portugal,159,2008,-2'gt,47,Single,CSLA,454,C-45,Estaleiros Navais de Peniche SA (ENP),Peniche,40.45,37.97,10.84,10.72,3.10,1.74,1.36,—,Unknown Engine Designer,"Atlantic Ferries - Trafego Local, Fluvial e Maritimo S.A.",Portugal,Setubal,—,"Atlantic Ferries - Trafego Local, Fluvial e Maritimo S.A.",Portugal,"Atlantic Ferries - Trafego Local, Fluvial e Maritimo S.A.",Portugal,"Atlantic Ferries - Trafego Local, Fluvial e Maritimo S.A.",Portugal,"Atlantic Ferries - Trafego Local, Fluvial e Maritimo S.A.",Portugal,—,—,—,—,"Atlantic Ferries - Trafego Local, Fluvial e Maritimo S.A.",Portugal,—,—,—,—,9428231,263701950,—,—,3406E-TA
passenger (cruise),9748174,Garca Branca,Live,Portugal,159,2008,-2'gt,47,Single,CSGV,454,C-46,Estaleiros Navais de Peniche SA (ENP),Peniche,40.45,37.97,10.84,10.72,3.10,1.74,1.36,—,Unknown Engine Designer,"Atlantic Ferries - Trafego Local, Fluvial e Maritimo S.A.",Portugal,Setubal,—,"Atlantic Ferries - Trafego Local, Fluvial e Maritimo S.A.",Portugal,"Atlantic Ferries - Trafego Local, Fluvial e Maritimo S.A.",Portugal,"Atlantic Ferries - Trafego Local, Fluvial e Maritimo S.A.",Portugal,"Atlantic Ferries - Trafego Local, Fluvial e Maritimo S.A.",Portugal,—,—,—,—,—,—,—,—,—,—,9428243,263701960,536,719,3406E-TA
passenger (cruise),9755337,Avalon Affinity,Live,Germany,—,2009,Unknown size,—,Single,DJ3487,—,—,—,"",110.00,—,11.00,—,—,2.00,—,—,Unknown Engine Designer,Avalon Waterways,United States of America,—,—,Avalon Waterways,United States of America,Avalon Waterways,United States of America,Avalon Waterways,United States of America,Avalon Waterways,United States of America,—,—,—,—,—,—,—,—,—,—,—,211457570,—,—,UNKNOWN
passenger (cruise),9763034,Cornucopia Destiny,Live,U.S.A.,—,1999,Unknown size,—,Single,WDE6386,—,211,Marine Builders Inc,Mobile,70.00,—,—,10.06,2.99,—,—,—,Unknown Engine Designer,Sultan Wholesale LLC,United States of America,—,—,Sultan Wholesale LLC,United States of America,Sultan Wholesale LLC,United States of America,Sultan Wholesale LLC,United States of America,Sultan Wholesale LLC,United States of America,—,—,—,—,—,—,—,—,—,—,—,367379570,—,—,UNKNOWN
passenger (cruise),9775429,Emerald Isle,Live,U.S.A.,65,1997,-2'gt,29,Single,WCX7834,95,56,Washburn & Doughty Associates Incorporated,East Boothbay,35.63,—,—,11.58,3.65,—,—,—,Unknown Engine Designer,Beaver Island Transport Authority,United States of America,Beaver Island,—,Beaver Island Transport Authority,United States of America,Beaver Island Transport Authority,United States of America,Beaver Island Transport Authority,United States of America,Beaver Island Transport Authority,United States of America,—,—,—,—,—,—,—,—,—,—,8967840,367139210,—,—,UNKNOWN
passenger (cruise),9781397,L'Austral,Live,France,3427,2010,10'-60'gt,1441,Single,FLTU,10944,6193,Fincantieri-Cantieri Navali Italiani S.p.A. Ancona,Ancona,142.10,126.20,—,18.00,20.40,4.80,15.60,"Maquinas Electrcias e Hidraulicas Indar, SL (INDAR)","Maquinas Electrcias e Hidraulicas Indar, SL (INDAR)",Compagnie du Ponant (PONANT),France,Matautu,—,Compagnie du Ponant (PONANT),France,Compagnie du Ponant (PONANT),France,Compagnie du Ponant (PONANT),France,Compagnie du Ponant (PONANT),France,AdventureSmith Explorations,United States of America,—,—,Compagnie du Ponant (PONANT),France,—,—,—,—,9502518,—,2300,3084,ACP-900-X/14
passenger (cruise),9781398,Le Boreal,Live,Wallis & Futuna,3427,2010,10'-60'gt,1400,Single,FLSY,10944,6192,Fincantieri-Cantieri Navali Italiani S.p.A. Ancona,Ancona,142.10,126.20,—,18.00,20.40,4.80,1.80,"Maquinas Electrcias e Hidraulicas Indar, SL (INDAR)","Maquinas Electrcias e Hidraulicas Indar, SL (INDAR)",Compagnie du Ponant (PONANT),France,Matautu,—,Compagnie du Ponant (PONANT),France,Compagnie du Ponant (PONANT),France,SAS Caroline 50,France,Compagnie du Ponant (PONANT),France,—,—,—,—,Compagnie du Ponant (PONANT),France,—,—,—,—,9502506,578000500,2300,3084,ACP-900-X/14
passenger (cruise),9808976,Coral I,Live,Ecuador,132,1980,-2'gt,—,Single,HC2070,359,—,Norderwerft GmbH & Company KG,Hamburg,39.70,—,8.40,8.40,4.12,2.00,2.12,—,Unknown Engine Designer,Kleintours Y Representaciones Compania Limitada,Ecuador,Guayaquil,—,Kleintours Y Representaciones Compania Limitada,Ecuador,Kleintours Y Representaciones Compania Limitada,Ecuador,Kleintours Y Representaciones Compania Limitada,Ecuador,Kleintours Y Representaciones Compania Limitada,Ecuador,—,—,—,—,—,—,—,—,—,—,8978875,735023470,268,730,3306PCTA
passenger (cruise),9809586,Rodi Jet,Live,Italy,—,1995,-2'gt,7,Single,IMRQ,24,—,—,"",28.00,—,4.00,—,—,1.50,—,—,Unknown Engine Designer,Navigazione Libera del Golfo S.r.L.,Italy,Genoa,—,Navigazione Libera del Golfo S.r.L.,Italy,Navigazione Libera del Golfo S.r.L.,Italy,Alimar S.r.l.,Italy,Navigazione Libera del Golfo S.r.L.,Italy,—,—,—,—,—,—,—,—,—,—,—,247209800,—,—,UNKNOWN
passenger (cruise),9812227,Sunborn Barcelona,Live,Netherlands,4934,2013,10'-60'gt,1620,Single,PCQM,16448,103,Boustead Naval Shipyard Sdn Bhd,Lumut(Malaysia),141.20,122.96,23.00,21.00,4.00,3.80,0.20,—,Unknown Engine Designer,Sunborn International,Finland,—,—,Sunborn International,Finland,Sunborn International,Finland,Sunborn Marine OU,Republic of Estonia,Sunborn International,Finland,—,—,—,—,—,—,—,—,—,—,9475272,246879000,1840,2502,6EY26W
passenger (cruise),9835947,Wappen von Juist,Live,Germany,26,1968,-2'gt,8,Single,DCCF,54,18,Schiffs-und Bootswerft Lubbe Voss,Germany,22.45,19.80,—,4.60,1.40,1.00,0.40,—,Unknown Engine Designer,Gerhard Eilers,Germany,Juist,—,Gerhard Eilers,Germany,Gerhard Eilers,Germany,Gerhard Eilers,Germany,Gerhard Eilers,Germany,—,—,—,—,—,—,—,—,—,—,—,211226850,—,—,UNKNOWN
passenger (cruise),9836019,Menorca Express,Live,Spain,—,1992,Unknown size,125,Single,EART,—,—,—,Spain,24.00,—,6.00,—,—,1.80,—,—,Unknown Engine Designer,Mediterranea Pitiusa S.L. (The Shipping of Formentera),Spain,—,—,Mediterranea Pitiusa S.L. (The Shipping of Formentera),Spain,Mediterranea Pitiusa S.L. (The Shipping of Formentera),Spain,Sa Xalana de Migjorn S.L.,Spain,Mediterranea Pitiusa S.L. (The Shipping of Formentera),Spain,—,—,—,—,—,—,—,—,—,—,—,224009730,—,—,UNKNOWN
passenger (cruise),9856270,Akademik Viktor Glushkov,Live,Ukraine,1928,1983,2'-10'gt,480,Single,USQE,5475,379,Elbewerft Boizenburg GmbH (EWB),Boizenburg,129.11,122.41,—,16.01,4.53,2.90,1.63,Zavod Dvigatel Revolyutsii,Russkiy Diesel Firm,Ukrrichflot Joint Stock Shipping Company,Ukraine,Kiev,—,Ukrrichflot Joint Stock Shipping Company,Ukraine,Ukrrichflot Joint Stock Shipping Company,Ukraine,Ukrrichflot Joint Stock Shipping Company,Ukraine,Ukrrichflot Joint Stock Shipping Company,Ukraine,—,—,—,—,—,—,—,—,—,—,8326008,—,735,1000,6CHRN36/45
passenger (cruise),9885323,Carteret,Live,U.S.A.,467,1988,-2'gt,—,Single,WTA7882,687,1140,Moss Point Marine Incorporated Shipbuilding,Escatawpa,63.24,—,—,15.24,3.81,—,—,—,Unknown Engine Designer,Government of The United States of America,United States of America,Morehead City,—,Government of The United States of America,United States of America,Government of The United States of America,United States of America,North Carolina State Ports Authority,United States of America,Government of The United States of America,United States of America,—,—,—,—,—,—,—,—,—,—,8643145,366977040,570,764,16V-149
passenger (cruise),9941356,Artistry,Live,Malta,—,2009,Unknown size,—,Single,9HTU8,—,—,—,"",128.00,—,12.00,—,—,1.60,—,—,Unknown Engine Designer,Unknown Owners,—,Valletta,—,Unknown Owners,—,Unknown Owners,—,Unknown Owners,—,Unknown Owners,—,—,—,—,—,—,—,—,—,—,—,—,—,2000,2681,12V32
passenger (cruise),9950441,Culebra II,Live,Puerto Rico,—,1996,-2'gt,—,Single,WCW8264,493,1695,Breaux Brothers Enterprises Incorporated,Loreauville,—,—,—,9.00,3.65,—,—,—,Unknown Engine Designer,Puerto Rico Ports Authority,Puerto Rico,Fajardo,—,Puerto Rico Ports Authority,Puerto Rico,Puerto Rico Ports Authority,Puerto Rico,Puerto Rico Ports Authority,Puerto Rico,Puerto Rico Ports Authority,Puerto Rico,—,—,—,—,—,—,—,—,—,—,9068914,—,375,503,12V-71-TI
passenger (cruise),9954298,Ausonia,Live,Italy,—,1973,-2'gt,—,Single,ITGC,23,—,—,"",20.00,—,5.00,—,—,2.50,—,—,Unknown Engine Designer,Societa Mediterranea Sas di Giuseppe Onorato & C.,Italy,—,—,Societa Mediterranea Sas di Giuseppe Onorato & C.,Italy,Societa Mediterranea Sas di Giuseppe Onorato & C.,Italy,Societa Mediterranea Sas di Giuseppe Onorato & C.,Italy,Societa Mediterranea Sas di Giuseppe Onorato & C.,Italy,—,—,—,—,—,—,—,—,—,—,—,247190200,—,—,UNKNOWN
passenger (cruise),9960398,A'rosa Aqua,Live,Germany,—,2009,2'-10'gt,260,Single,—,3600,S514,Neptun Werft GmbH,Rostock,135.00,—,—,11.40,—,1.60,—,Volvo Penta AB,Volvo Penta AB,Arkona AG,Germany,—,—,Arkona AG,Germany,Arkona AG,Germany,A-ROSA Flussschiff GmbH,Germany,Arkona AG,Germany,—,—,—,—,—,—,—,—,—,—,9524176,—,344,468,D12MH
passenger (cruise),9969809,A'rosa Viva,Live,Germany,—,2010,2'-10'gt,260,Single,—,3600,S515,Neptun Werft GmbH,Rostock,135.00,—,—,11.40,—,1.60,—,Volvo Penta AB,Volvo Penta AB,Arkona AG,Germany,—,—,Arkona AG,Germany,Arkona AG,Germany,A-ROSA Flussschiff GmbH,Germany,Arkona AG,Germany,—,—,—,—,—,—,—,—,—,—,9524188,—,344,468,D12MH
passenger (cruise),9972752,Stella Australis,Live,Chile,1508,2010,2'-10'gt,2000,Single,CBST,4508,159,Astilleros y Servicios Navales S.A. (ASENAV),Valdivia,89.00,82.70,—,14.60,4.70,3.45,1.25,—,Cummins Incorporated,Cruceros Australis S.A.,Chile,Punta Arenas,—,Nisa Navegacion S.A.,Chile,Cruceros Australis S.A.,Chile,Transportes Maritimos Geo Australis SA,Chile,Navarino Administradora de Naves S.A.,Chile,—,—,—,—,Navarino Administradora de Naves S.A.,Chile,—,—,—,—,9534676,725017800,2060,2800,KTA-50
passenger (cruise),9977141,Andrea Doria,Live,Italy,10,1971,-2'gt,—,Single,—,23,—,Cantieri Rinaldi Terzo,Italy,17.54,15.30,—,4.34,1.55,—,—,Iveco Aifo Spa,Iveco Motors,Doria snc di Fogli Paolo e Fogil Lea,Italy,Porto Garibaldi,—,Doria snc di Fogli Paolo e Fogil Lea,Italy,Doria snc di Fogli Paolo e Fogil Lea,Italy,Doria snc di Fogli Paolo e Fogil Lea,Italy,Doria snc di Fogli Paolo e Fogil Lea,Italy,—,—,—,—,Agenzia Navigare,Italy,—,—,—,—,—,—,125,170,8361SM21
passenger (cruise),9977274,Hached,Live,Tunisia,249,1994,-2'gt,—,Single,—,629,—,Nafpiguio Ponoitak,Piraeus,55.50,47.50,—,14.00,3.40,2.65,1.02,"Baudouin, Societe des Moteurs",Unknown Engine Designer,Societe Nouvelle de Transport Kerkennah,Tunisia,Sfax,—,Societe Nouvelle de Transport Kerkennah,Tunisia,Societe Nouvelle de Transport Kerkennah,Tunisia,Societe Nouvelle de Transport Kerkennah,Tunisia,Societe Nouvelle de Transport Kerkennah,Tunisia,—,—,—,—,Societe Nouvelle de Transport Kerkennah,Tunisia,—,—,—,—,9028378,—,264,358,6NVD48A-2U
passenger (cruise),9985432,Knight Time II,Live,Canada,98,1944,-2'gt,—,Single,—,136,—,Star Shipyards Limited,Canada,32.80,—,5.46,5.46,2.10,—,—,—,Unknown Engine Designer,0908312 B.C. Limited,Canada,Victoria,—,0908312 B.C. Limited,Canada,0908312 B.C. Limited,Canada,0908312 B.C. Limited,Canada,0908312 B.C. Limited,Canada,—,—,—,—,—,—,—,—,—,—,5257646,—,328,440,12V396TB63
